# TrackBridge. Unreal-oriented centimetres: X=AC X, Y=AC Z, Z=AC Y.
mtllib model.mtl
o gr_rolexclock_0
usemtl material_0
v 12294.439697 -17649.403381 670.007896
v 12248.477936 -17695.36438 670.007896
v 12272.16568 -17719.052124 670.007896
v 12318.127441 -17673.091125 670.007896
v 12260.144806 -17736.730957 470.007896
v 12260.144806 -17736.730957 23.291588
v 12318.127441 -17678.747559 470.007896
v 12318.127441 -17678.747559 23.291588
v 12318.127441 -17673.091125 470.007896
v 12318.127441 -17673.091125 23.291588
v 12294.439697 -17649.403381 470.007896
v 12294.439697 -17649.403381 23.291588
v 12260.144806 -17736.730957 644.786358
v 12742.391968 -17248.826599 645.007896
v 12742.391968 -17248.826599 495.007896
v 12718.703461 -17225.138855 645.007896
v 12718.703461 -17225.138855 495.007896
v 12294.439697 -17649.403381 470.007896
v 12497.732544 -17446.109009 470.007896
v 12318.127441 -17673.091125 470.007896
v 12521.421051 -17469.798279 470.007896
v 12741.684723 -17249.534607 486.007881
v 12717.996216 -17225.845337 486.007881
v 12742.391968 -17248.826599 495.007896
v 12718.703461 -17225.138855 495.007896
v 12739.562988 -17251.655579 479.007912
v 12715.875244 -17227.967834 479.007912
v 12736.027527 -17255.19104 474.007893
v 12712.339783 -17231.503296 474.007893
v 12731.078339 -17260.140991 471.007919
v 12707.389832 -17236.451721 471.007919
v 12736.027527 -17255.19104 474.007893
v 12712.339783 -17231.503296 474.007893
v 12701.026154 -17242.816162 470.007896
v 12724.713898 -17266.503906 470.007896
v 12318.127441 -17673.091125 470.007896
v 12320.956421 -17675.918579 474.007893
v 12318.127441 -17678.747559 470.007896
v 12318.127441 -17678.747559 470.007896
v 12318.127441 -17678.747559 23.291588
v 12318.127441 -17673.091125 470.007896
v 12318.127441 -17673.091125 23.291588
v 12254.488373 -17736.730957 23.291588
v 12260.144806 -17736.730957 470.007896
v 12254.488373 -17736.730957 470.007896
v 12260.144806 -17736.730957 23.291588
v 12275.151062 -17721.723938 666.0079
v 12318.127441 -17673.091125 670.007896
v 12272.16568 -17719.052124 670.007896
v 12320.956421 -17675.918579 666.0079
v 12254.488373 -17736.730957 645.007896
v 12260.144806 -17736.730957 644.786358
v 12742.391968 -17254.483032 495.229435
v 12742.391968 -17248.826599 645.007896
v 12742.391968 -17254.483032 644.786358
v 12742.391968 -17248.826599 495.007896
v 12318.127441 -17673.091125 470.007896
v 12524.170685 -17472.705078 474.007893
v 12320.956421 -17675.918579 474.007893
v 12521.421051 -17469.798279 470.007896
v 12320.956421 -17675.918579 666.0079
v 12524.170685 -17472.705078 666.0079
v 12318.127441 -17673.091125 670.007896
v 12521.421051 -17469.798279 670.007896
v 12254.488373 -17736.730957 645.007896
v 12260.788727 -17736.087036 652.977037
v 12255.194855 -17736.022949 654.007912
v 12260.144806 -17736.730957 644.786358
v 12742.391968 -17254.483032 495.229435
v 12741.748047 -17255.126953 487.038755
v 12742.391968 -17248.826599 495.007896
v 12741.684723 -17249.534607 486.007881
v 12731.078339 -17260.140991 669.007874
v 12724.713898 -17266.503906 670.007896
v 12733.177185 -17263.697815 665.097809
v 12727.385712 -17269.490051 666.0079
v 12269.358826 -17727.516174 665.097809
v 12265.802002 -17725.416565 669.007874
v 12265.29541 -17731.57959 662.634754
v 12260.852051 -17730.366516 666.0079
v 12257.316589 -17733.901978 661.007881
v 12262.529755 -17734.346008 658.724165
v 12724.713898 -17266.503906 470.007896
v 12733.177185 -17263.697815 474.917984
v 12727.385712 -17269.490051 474.007893
v 12731.078339 -17260.140991 471.007919
v 12737.241364 -17259.634399 477.381039
v 12736.027527 -17255.19104 474.007893
v 12739.562988 -17251.655579 479.007912
v 12740.006256 -17256.869507 481.291628
v 12741.748047 -17255.126953 652.977037
v 12742.391968 -17248.826599 645.007896
v 12741.684723 -17249.534607 654.007912
v 12742.391968 -17254.483032 644.786358
v 12740.006256 -17256.869507 658.724165
v 12739.562988 -17251.655579 661.007881
v 12736.027527 -17255.19104 666.0079
v 12737.241364 -17259.634399 662.634754
v 12701.026154 -17242.816162 670.007896
v 12497.732544 -17446.109009 670.007896
v 12521.421051 -17469.798279 670.007896
v 12724.713898 -17266.503906 670.007896
v 12727.385712 -17269.490051 474.007893
v 12724.713898 -17266.503906 470.007896
v 12230.799866 -17713.041687 470.007896
v 12230.799866 -17713.041687 23.291588
v 12254.488373 -17736.730957 470.007896
v 12254.488373 -17736.730957 23.291588
v 12230.799866 -17713.041687 645.007896
v 12254.488373 -17736.730957 645.007896
v 12318.127441 -17673.091125 670.007896
v 12294.439697 -17649.403381 670.007896
v 12242.113495 -17701.728821 669.007874
v 12265.802002 -17725.416565 669.007874
v 12717.996216 -17225.845337 654.007912
v 12741.684723 -17249.534607 654.007912
v 12742.391968 -17248.826599 645.007896
v 12718.703461 -17225.138855 645.007896
v 12237.164307 -17706.678772 666.0079
v 12260.852051 -17730.366516 666.0079
v 12260.852051 -17730.366516 666.0079
v 12237.164307 -17706.678772 666.0079
v 12233.628082 -17710.214233 661.007881
v 12257.316589 -17733.901978 661.007881
v 12231.507111 -17712.335205 654.007912
v 12255.194855 -17736.022949 654.007912
v 12715.875244 -17227.967834 661.007881
v 12739.562988 -17251.655579 661.007881
v 12712.339783 -17231.503296 666.0079
v 12736.027527 -17255.19104 666.0079
v 12736.027527 -17255.19104 666.0079
v 12712.339783 -17231.503296 666.0079
v 12707.389832 -17236.451721 669.007874
v 12731.078339 -17260.140991 669.007874
v 12701.026154 -17242.816162 470.007896
v 12724.713898 -17266.503906 470.007896
v 12329.727173 -17667.147827 482.917881
v 12524.170685 -17472.705078 474.007893
v 12524.170685 -17472.705078 482.917881
v 12320.956421 -17675.918579 474.007893
v 12727.385712 -17269.490051 474.007893
v 12718.635559 -17278.239441 482.917881
v 12516.920471 -17465.454102 482.917881
v 12322.476196 -17659.896851 482.917881
v 12329.727173 -17667.147827 482.917881
v 12524.170685 -17472.705078 482.917881
v 12711.385345 -17270.988464 482.917881
v 12718.635559 -17278.239441 482.917881
v 12322.476196 -17659.896851 482.917881
v 12322.476196 -17659.896851 512.9179
v 12329.727173 -17667.147827 512.9179
v 12329.727173 -17667.147827 482.917881
v 12322.476196 -17659.896851 512.9179
v 12524.170685 -17472.705078 512.9179
v 12329.727173 -17667.147827 512.9179
v 12516.920471 -17465.454102 512.9179
v 12718.635559 -17278.239441 512.9179
v 12711.385345 -17270.988464 512.9179
v 12711.385345 -17270.988464 512.9179
v 12718.635559 -17278.239441 482.917881
v 12718.635559 -17278.239441 512.9179
v 12711.385345 -17270.988464 482.917881
v 12733.177185 -17263.697815 474.917984
v 12737.241364 -17259.634399 477.381039
v 12718.635559 -17278.239441 482.917881
v 12727.385712 -17269.490051 474.007893
v 12740.006256 -17256.869507 481.291628
v 12741.748047 -17255.126953 487.038755
v 12742.391968 -17254.483032 495.229435
v 12742.391968 -17254.483032 644.786358
v 12718.635559 -17278.239441 512.9179
v 12718.635559 -17278.239441 512.9179
v 12742.391968 -17254.483032 495.229435
v 12524.170685 -17472.705078 666.0079
v 12727.385712 -17269.490051 666.0079
v 12524.170685 -17472.705078 512.9179
v 12733.177185 -17263.697815 665.097809
v 12737.241364 -17259.634399 662.634754
v 12740.006256 -17256.869507 658.724165
v 12741.748047 -17255.126953 652.977037
v 12320.956421 -17675.918579 666.0079
v 12329.727173 -17667.147827 512.9179
v 12320.956421 -17675.918579 666.0079
v 12320.956421 -17675.918579 474.007893
v 12329.727173 -17667.147827 512.9179
v 12329.727173 -17667.147827 482.917881
v 12260.788727 -17736.087036 652.977037
v 12262.529755 -17734.346008 658.724165
v 12320.956421 -17675.918579 474.007893
v 12265.29541 -17731.57959 662.634754
v 12269.358826 -17727.516174 665.097809
v 12275.151062 -17721.723938 666.0079
v 12320.956421 -17675.918579 666.0079
v 12569.582367 -17433.262634 590.191746
v 12567.460632 -17442.454529 590.191746
v 12569.166565 -17433.677673 582.369995
v 12567.100525 -17442.814636 583.412886
v 12566.303253 -17436.541748 567.25955
v 12568.136597 -17434.707642 574.66259
v 12566.207886 -17443.707275 576.73316
v 12564.619446 -17445.297241 570.317173
v 12560.772705 -17442.071533 553.711891
v 12563.897705 -17438.946533 560.191727
v 12562.534332 -17447.381592 564.191723
v 12559.825897 -17450.090027 558.575869
v 12556.690979 -17453.224182 553.422213
v 12552.95105 -17449.893188 542.65027
v 12557.155609 -17445.689392 547.76535
v 12553.04718 -17456.867981 548.989153
v 12543.370819 -17459.474182 534.82852
v 12549.07608 -17460.839844 545.158434
v 12544.744873 -17465.170288 542.210293
v 12548.368835 -17454.475403 538.230228
v 12532.686615 -17470.158386 530.779696
v 12540.207672 -17469.708252 539.963627
v 12535.484314 -17474.430847 538.701296
v 12538.136292 -17464.707947 532.236195
v 12525.89798 -17484.017944 538.701296
v 12521.624756 -17481.219482 530.779696
v 12530.690765 -17479.225159 538.191748
v 12527.155304 -17475.689697 530.191755
v 12521.174622 -17488.74054 539.963627
v 12516.637421 -17493.278503 542.210293
v 12510.939789 -17491.905212 534.82852
v 12516.175079 -17486.669922 532.236195
v 12505.942535 -17496.902466 538.230228
v 12512.306213 -17497.608948 545.158434
v 12501.360321 -17501.48468 542.65027
v 12508.335114 -17501.580811 548.989153
v 12493.538666 -17509.306335 553.711891
v 12497.155762 -17505.688477 547.76535
v 12504.691315 -17505.224609 553.422165
v 12501.556396 -17508.358765 558.575869
v 12488.008118 -17514.836121 567.25955
v 12490.412903 -17512.431335 560.191727
v 12498.847961 -17511.0672 564.191723
v 12496.762848 -17513.153076 570.317173
v 12495.174408 -17514.741516 576.73316
v 12485.144806 -17517.700195 582.369995
v 12486.174774 -17516.670227 574.66259
v 12494.281769 -17515.634155 583.412886
v 12485.144806 -17517.700195 598.013449
v 12493.921661 -17515.994263 590.191746
v 12494.281769 -17515.634155 596.970558
v 12484.729004 -17518.115234 590.191746
v 12488.008118 -17514.836121 613.123894
v 12495.174408 -17514.741516 603.650331
v 12496.762848 -17513.153076 610.066271
v 12486.174774 -17516.670227 605.720854
v 12501.556396 -17508.358765 621.807575
v 12493.538666 -17509.306335 626.671553
v 12498.847961 -17511.0672 616.191721
v 12490.412903 -17512.431335 620.191717
v 12504.691315 -17505.224609 626.961279
v 12508.335114 -17501.580811 631.394339
v 12501.360321 -17501.48468 637.733173
v 12497.155762 -17505.688477 632.618141
v 12505.942535 -17496.902466 642.153263
v 12512.306213 -17497.608948 635.225058
v 12510.939789 -17491.905212 645.554924
v 12516.637421 -17493.278503 638.173199
v 12521.624756 -17481.219482 649.603796
v 12516.175079 -17486.669922 648.147297
v 12521.174622 -17488.74054 640.419865
v 12525.89798 -17484.017944 641.682196
v 12532.686615 -17470.158386 649.603796
v 12527.155304 -17475.689697 650.191736
v 12530.690765 -17479.225159 642.191744
v 12535.484314 -17474.430847 641.682196
v 12540.207672 -17469.708252 640.419912
v 12543.370819 -17459.474182 645.554972
v 12538.136292 -17464.707947 648.147297
v 12544.744873 -17465.171814 638.173199
v 12552.95105 -17449.893188 637.733221
v 12549.07608 -17460.839844 635.225058
v 12553.04718 -17456.867981 631.394386
v 12548.368835 -17454.475403 642.153263
v 12560.772705 -17442.071533 626.671648
v 12556.690979 -17453.224182 626.961327
v 12559.825897 -17450.090027 621.807623
v 12557.155609 -17445.689392 632.618189
v 12564.619446 -17445.297241 610.066366
v 12566.303253 -17436.541748 613.123989
v 12562.534332 -17447.381592 616.191769
v 12563.897705 -17438.946533 620.191765
v 12566.207886 -17443.707275 603.650379
v 12567.100525 -17442.814636 596.970606
v 12569.166565 -17433.677673 598.013496
v 12568.136597 -17434.707642 605.720949
v 12556.494141 -17432.208252 583.412886
v 12566.207886 -17443.707275 576.73316
v 12567.100525 -17442.814636 583.412886
v 12555.601501 -17433.100891 576.73316
v 12556.494141 -17432.208252 596.970606
v 12567.460632 -17442.454529 590.191746
v 12567.100525 -17442.814636 596.970606
v 12556.854248 -17431.848145 590.191746
v 12554.012299 -17434.689331 610.066366
v 12566.207886 -17443.707275 603.650379
v 12564.619446 -17445.297241 610.066366
v 12555.601501 -17433.100891 603.650379
v 12549.219513 -17439.483643 621.807623
v 12562.534332 -17447.381592 616.191769
v 12559.825897 -17450.090027 621.807623
v 12551.927948 -17436.775208 616.191769
v 12553.04718 -17456.867981 631.394386
v 12542.440033 -17446.261597 631.394386
v 12556.690979 -17453.224182 626.961327
v 12546.084595 -17442.617798 626.961327
v 12544.744873 -17465.171814 638.173199
v 12534.137726 -17454.563904 638.173199
v 12549.07608 -17460.839844 635.225058
v 12538.468933 -17450.233459 635.225058
v 12535.484314 -17474.430847 641.682196
v 12524.87793 -17463.824463 641.682196
v 12540.207672 -17469.708252 640.419912
v 12529.601288 -17459.101868 640.419912
v 12525.89798 -17484.017944 641.682196
v 12515.290833 -17473.41156 641.682196
v 12530.690765 -17479.225159 642.191744
v 12520.084381 -17468.617249 642.191744
v 12516.637421 -17493.278503 638.173199
v 12506.031036 -17482.670593 638.173199
v 12521.174622 -17488.74054 640.419865
v 12510.568237 -17478.134155 640.419865
v 12497.728729 -17490.974426 631.394339
v 12512.306213 -17497.608948 635.225058
v 12508.335114 -17501.580811 631.394339
v 12501.699829 -17487.002563 635.225058
v 12501.556396 -17508.358765 621.807575
v 12494.084167 -17494.618225 626.961279
v 12504.691315 -17505.224609 626.961279
v 12490.950012 -17497.75238 621.807575
v 12496.762848 -17513.153076 610.066271
v 12486.156464 -17502.545166 610.066271
v 12498.847961 -17511.0672 616.191721
v 12488.240814 -17500.460815 616.191721
v 12494.281769 -17515.634155 596.970558
v 12483.675385 -17505.027771 596.970558
v 12495.174408 -17514.741516 603.650331
v 12484.568024 -17504.135132 603.650331
v 12494.281769 -17515.634155 583.412886
v 12483.675385 -17505.027771 583.412886
v 12493.921661 -17515.994263 590.191746
v 12483.315277 -17505.387878 590.191746
v 12496.762848 -17513.153076 570.317173
v 12484.568024 -17504.135132 576.73316
v 12495.174408 -17514.741516 576.73316
v 12486.156464 -17502.545166 570.317173
v 12501.556396 -17508.358765 558.575869
v 12490.950012 -17497.75238 558.575869
v 12498.847961 -17511.0672 564.191723
v 12488.240814 -17500.460815 564.191723
v 12494.084167 -17494.618225 553.422165
v 12504.691315 -17505.224609 553.422165
v 12497.728729 -17490.974426 548.989153
v 12508.335114 -17501.580811 548.989153
v 12501.699829 -17487.002563 545.158434
v 12512.306213 -17497.608948 545.158434
v 12506.031036 -17482.670593 542.210293
v 12516.637421 -17493.278503 542.210293
v 12510.568237 -17478.134155 539.963627
v 12521.174622 -17488.74054 539.963627
v 12515.290833 -17473.41156 538.701296
v 12525.89798 -17484.017944 538.701296
v 12520.084381 -17468.617249 538.191748
v 12530.690765 -17479.225159 538.191748
v 12524.87793 -17463.824463 538.701296
v 12535.484314 -17474.430847 538.701296
v 12529.601288 -17459.101868 539.963627
v 12540.207672 -17469.708252 539.963627
v 12534.137726 -17454.563904 542.210293
v 12544.744873 -17465.170288 542.210293
v 12538.468933 -17450.233459 545.158434
v 12549.07608 -17460.839844 545.158434
v 12542.440033 -17446.261597 548.989153
v 12553.04718 -17456.867981 548.989153
v 12549.219513 -17439.483643 558.575869
v 12556.690979 -17453.224182 553.422213
v 12559.825897 -17450.090027 558.575869
v 12546.084595 -17442.617798 553.422213
v 12564.619446 -17445.297241 570.317173
v 12551.927948 -17436.775208 564.191723
v 12562.534332 -17447.381592 564.191723
v 12554.012299 -17434.689331 570.317173
v 12564.748383 -17428.42865 590.191746
v 12569.582367 -17433.262634 590.191746
v 12564.332581 -17428.845215 582.369995
v 12569.166565 -17433.677673 582.369995
v 12563.302612 -17429.875183 574.66259
v 12568.136597 -17434.707642 574.66259
v 12561.469269 -17431.707764 567.25955
v 12566.303253 -17436.541748 567.25955
v 12559.064484 -17434.112549 560.191727
v 12563.897705 -17438.946533 560.191727
v 12555.938721 -17437.239075 553.711891
v 12560.772705 -17442.071533 553.711891
v 12552.95105 -17449.893188 542.65027
v 12548.117065 -17445.06073 542.65027
v 12557.155609 -17445.689392 547.76535
v 12552.321625 -17440.855408 547.76535
v 12543.370819 -17459.474182 534.82852
v 12538.537598 -17454.640198 534.82852
v 12548.368835 -17454.475403 538.230228
v 12543.534851 -17449.641418 538.230228
v 12527.852631 -17465.324402 530.779696
v 12538.136292 -17464.707947 532.236195
v 12532.686615 -17470.158386 530.779696
v 12533.302307 -17459.873962 532.236195
v 12521.624756 -17481.219482 530.779696
v 12516.790771 -17476.385498 530.779696
v 12527.155304 -17475.689697 530.191755
v 12522.322083 -17470.855713 530.191755
v 12510.939789 -17491.905212 534.82852
v 12506.106567 -17487.071228 534.82852
v 12516.175079 -17486.669922 532.236195
v 12511.341095 -17481.835938 532.236195
v 12496.5271 -17496.650696 542.65027
v 12505.942535 -17496.902466 538.230228
v 12501.360321 -17501.48468 542.65027
v 12501.108551 -17492.068481 538.230228
v 12488.704681 -17504.472351 553.711891
v 12497.155762 -17505.688477 547.76535
v 12493.538666 -17509.306335 553.711891
v 12492.321777 -17500.854492 547.76535
v 12483.174133 -17510.003662 567.25955
v 12490.412903 -17512.431335 560.191727
v 12488.008118 -17514.836121 567.25955
v 12485.579681 -17507.597351 560.191727
v 12480.310822 -17512.866211 582.369995
v 12486.174774 -17516.670227 574.66259
v 12485.144806 -17517.700195 582.369995
v 12481.34079 -17511.836243 574.66259
v 12480.310822 -17512.866211 598.013449
v 12484.729004 -17518.115234 590.191746
v 12485.144806 -17517.700195 598.013449
v 12479.895782 -17513.28125 590.191746
v 12483.174133 -17510.003662 613.123894
v 12486.174774 -17516.670227 605.720854
v 12488.008118 -17514.836121 613.123894
v 12481.34079 -17511.836243 605.720854
v 12488.704681 -17504.472351 626.671553
v 12490.412903 -17512.431335 620.191717
v 12493.538666 -17509.306335 626.671553
v 12485.579681 -17507.597351 620.191717
v 12496.526337 -17496.650696 637.733173
v 12492.321777 -17500.854492 632.618141
v 12497.155762 -17505.688477 632.618141
v 12501.360321 -17501.48468 637.733173
v 12506.106567 -17487.071228 645.554924
v 12501.108551 -17492.068481 642.153263
v 12505.942535 -17496.902466 642.153263
v 12510.939789 -17491.905212 645.554924
v 12516.790771 -17476.385498 649.603796
v 12511.341095 -17481.835938 648.147297
v 12516.175079 -17486.669922 648.147297
v 12521.624756 -17481.219482 649.603796
v 12522.322083 -17470.855713 650.191736
v 12532.686615 -17470.158386 649.603796
v 12527.852631 -17465.324402 649.603796
v 12527.155304 -17475.689697 650.191736
v 12538.537598 -17454.640198 645.554972
v 12533.302307 -17459.873962 648.147297
v 12538.136292 -17464.707947 648.147297
v 12543.370819 -17459.474182 645.554972
v 12548.117065 -17445.06073 637.733221
v 12543.534851 -17449.641418 642.153263
v 12548.368835 -17454.475403 642.153263
v 12552.95105 -17449.893188 637.733221
v 12552.321625 -17440.855408 632.618189
v 12557.155609 -17445.689392 632.618189
v 12555.938721 -17437.239075 626.671648
v 12560.772705 -17442.071533 626.671648
v 12559.064484 -17434.112549 620.191765
v 12563.897705 -17438.946533 620.191765
v 12561.469269 -17431.707764 613.123989
v 12566.303253 -17436.541748 613.123989
v 12563.302612 -17429.875183 605.720949
v 12569.166565 -17433.677673 598.013496
v 12564.332581 -17428.845215 598.013496
v 12568.136597 -17434.707642 605.720949
v 12556.494141 -17432.208252 583.412886
v 12556.854248 -17431.848145 590.191746
v 12556.494141 -17432.208252 596.970606
v 12554.012299 -17434.689331 570.317173
v 12555.601501 -17433.100891 576.73316
v 12556.494141 -17432.208252 583.412886
v 12549.219513 -17439.483643 558.575869
v 12551.927948 -17436.775208 564.191723
v 12554.012299 -17434.689331 570.317173
v 12542.440033 -17446.261597 548.989153
v 12546.084595 -17442.617798 553.422213
v 12549.219513 -17439.483643 558.575869
v 12534.137726 -17454.563904 542.210293
v 12538.468933 -17450.233459 545.158434
v 12542.440033 -17446.261597 548.989153
v 12524.87793 -17463.824463 538.701296
v 12529.601288 -17459.101868 539.963627
v 12534.137726 -17454.563904 542.210293
v 12515.290833 -17473.41156 538.701296
v 12520.084381 -17468.617249 538.191748
v 12524.87793 -17463.824463 538.701296
v 12506.031036 -17482.670593 542.210293
v 12510.568237 -17478.134155 539.963627
v 12515.290833 -17473.41156 538.701296
v 12497.728729 -17490.974426 548.989153
v 12501.699829 -17487.002563 545.158434
v 12506.031036 -17482.670593 542.210293
v 12490.950012 -17497.75238 558.575869
v 12494.084167 -17494.618225 553.422165
v 12497.728729 -17490.974426 548.989153
v 12486.156464 -17502.545166 570.317173
v 12488.240814 -17500.460815 564.191723
v 12490.950012 -17497.75238 558.575869
v 12483.675385 -17505.027771 583.412886
v 12484.568024 -17504.135132 576.73316
v 12486.156464 -17502.545166 570.317173
v 12483.675385 -17505.027771 596.970558
v 12483.315277 -17505.387878 590.191746
v 12483.675385 -17505.027771 583.412886
v 12486.156464 -17502.545166 610.066271
v 12484.568024 -17504.135132 603.650331
v 12490.950012 -17497.75238 621.807575
v 12488.240814 -17500.460815 616.191721
v 12497.728729 -17490.974426 631.394339
v 12494.084167 -17494.618225 626.961279
v 12506.031036 -17482.670593 638.173199
v 12501.699829 -17487.002563 635.225058
v 12515.290833 -17473.41156 641.682196
v 12510.568237 -17478.134155 640.419865
v 12524.87793 -17463.824463 641.682196
v 12520.084381 -17468.617249 642.191744
v 12534.137726 -17454.563904 638.173199
v 12529.601288 -17459.101868 640.419912
v 12542.440033 -17446.261597 631.394386
v 12538.468933 -17450.233459 635.225058
v 12549.219513 -17439.483643 621.807623
v 12546.084595 -17442.617798 626.961327
v 12554.012299 -17434.689331 610.066366
v 12551.927948 -17436.775208 616.191769
v 12555.601501 -17433.100891 603.650379
v 12566.207886 -17443.707275 576.73316
v 12568.136597 -17434.707642 574.66259
v 12562.534332 -17447.381592 564.191723
v 12563.897705 -17438.946533 560.191727
v 12556.690979 -17453.224182 553.422213
v 12557.155609 -17445.689392 547.76535
v 12549.07608 -17460.839844 545.158434
v 12548.368835 -17454.475403 538.230228
v 12540.207672 -17469.708252 539.963627
v 12538.136292 -17464.707947 532.236195
v 12530.690765 -17479.225159 538.191748
v 12527.155304 -17475.689697 530.191755
v 12521.174622 -17488.74054 539.963627
v 12516.175079 -17486.669922 532.236195
v 12512.306213 -17497.608948 545.158434
v 12505.942535 -17496.902466 538.230228
v 12504.691315 -17505.224609 553.422165
v 12497.155762 -17505.688477 547.76535
v 12498.847961 -17511.0672 564.191723
v 12490.412903 -17512.431335 560.191727
v 12495.174408 -17514.741516 576.73316
v 12486.174774 -17516.670227 574.66259
v 12493.921661 -17515.994263 590.191746
v 12484.729004 -17518.115234 590.191746
v 12495.174408 -17514.741516 603.650331
v 12486.174774 -17516.670227 605.720854
v 12498.847961 -17511.0672 616.191721
v 12490.412903 -17512.431335 620.191717
v 12504.691315 -17505.224609 626.961279
v 12497.155762 -17505.688477 632.618141
v 12512.306213 -17497.608948 635.225058
v 12505.942535 -17496.902466 642.153263
v 12521.174622 -17488.74054 640.419865
v 12516.175079 -17486.669922 648.147297
v 12530.690765 -17479.225159 642.191744
v 12527.155304 -17475.689697 650.191736
v 12540.207672 -17469.708252 640.419912
v 12538.136292 -17464.707947 648.147297
v 12549.07608 -17460.839844 635.225058
v 12548.368835 -17454.475403 642.153263
v 12556.690979 -17453.224182 626.961327
v 12557.155609 -17445.689392 632.618189
v 12562.534332 -17447.381592 616.191769
v 12563.897705 -17438.946533 620.191765
v 12566.207886 -17443.707275 603.650379
v 12568.136597 -17434.707642 605.720949
v 12567.460632 -17442.454529 590.191746
v 12569.582367 -17433.262634 590.191746
v 12556.854248 -17431.848145 590.191746
v 12567.100525 -17442.814636 583.412886
v 12567.460632 -17442.454529 590.191746
v 12556.494141 -17432.208252 583.412886
v 12555.601501 -17433.100891 603.650379
v 12567.100525 -17442.814636 596.970606
v 12566.207886 -17443.707275 603.650379
v 12556.494141 -17432.208252 596.970606
v 12551.927948 -17436.775208 616.191769
v 12564.619446 -17445.297241 610.066366
v 12562.534332 -17447.381592 616.191769
v 12554.012299 -17434.689331 610.066366
v 12546.084595 -17442.617798 626.961327
v 12559.825897 -17450.090027 621.807623
v 12556.690979 -17453.224182 626.961327
v 12549.219513 -17439.483643 621.807623
v 12538.468933 -17450.233459 635.225058
v 12553.04718 -17456.867981 631.394386
v 12549.07608 -17460.839844 635.225058
v 12542.440033 -17446.261597 631.394386
v 12540.207672 -17469.708252 640.419912
v 12529.601288 -17459.101868 640.419912
v 12544.744873 -17465.171814 638.173199
v 12534.137726 -17454.563904 638.173199
v 12530.690765 -17479.225159 642.191744
v 12520.084381 -17468.617249 642.191744
v 12535.484314 -17474.430847 641.682196
v 12524.87793 -17463.824463 641.682196
v 12521.174622 -17488.74054 640.419865
v 12510.568237 -17478.134155 640.419865
v 12525.89798 -17484.017944 641.682196
v 12515.290833 -17473.41156 641.682196
v 12512.306213 -17497.608948 635.225058
v 12501.699829 -17487.002563 635.225058
v 12516.637421 -17493.278503 638.173199
v 12506.031036 -17482.670593 638.173199
v 12504.691315 -17505.224609 626.961279
v 12494.084167 -17494.618225 626.961279
v 12508.335114 -17501.580811 631.394339
v 12497.728729 -17490.974426 631.394339
v 12498.847961 -17511.0672 616.191721
v 12488.240814 -17500.460815 616.191721
v 12501.556396 -17508.358765 621.807575
v 12490.950012 -17497.75238 621.807575
v 12495.174408 -17514.741516 603.650331
v 12484.568024 -17504.135132 603.650331
v 12496.762848 -17513.153076 610.066271
v 12486.156464 -17502.545166 610.066271
v 12493.921661 -17515.994263 590.191746
v 12483.315277 -17505.387878 590.191746
v 12494.281769 -17515.634155 596.970558
v 12483.675385 -17505.027771 596.970558
v 12495.174408 -17514.741516 576.73316
v 12484.568024 -17504.135132 576.73316
v 12494.281769 -17515.634155 583.412886
v 12483.675385 -17505.027771 583.412886
v 12498.847961 -17511.0672 564.191723
v 12488.240814 -17500.460815 564.191723
v 12496.762848 -17513.153076 570.317173
v 12486.156464 -17502.545166 570.317173
v 12504.691315 -17505.224609 553.422165
v 12490.950012 -17497.75238 558.575869
v 12501.556396 -17508.358765 558.575869
v 12494.084167 -17494.618225 553.422165
v 12497.728729 -17490.974426 548.989153
v 12508.335114 -17501.580811 548.989153
v 12501.699829 -17487.002563 545.158434
v 12512.306213 -17497.608948 545.158434
v 12506.031036 -17482.670593 542.210293
v 12521.174622 -17488.74054 539.963627
v 12510.568237 -17478.134155 539.963627
v 12516.637421 -17493.278503 542.210293
v 12515.290833 -17473.41156 538.701296
v 12530.690765 -17479.225159 538.191748
v 12520.084381 -17468.617249 538.191748
v 12525.89798 -17484.017944 538.701296
v 12524.87793 -17463.824463 538.701296
v 12535.484314 -17474.430847 538.701296
v 12529.601288 -17459.101868 539.963627
v 12540.207672 -17469.708252 539.963627
v 12534.137726 -17454.563904 542.210293
v 12549.07608 -17460.839844 545.158434
v 12538.468933 -17450.233459 545.158434
v 12544.744873 -17465.170288 542.210293
v 12542.440033 -17446.261597 548.989153
v 12553.04718 -17456.867981 548.989153
v 12546.084595 -17442.617798 553.422213
v 12556.690979 -17453.224182 553.422213
v 12551.927948 -17436.775208 564.191723
v 12559.825897 -17450.090027 558.575869
v 12562.534332 -17447.381592 564.191723
v 12549.219513 -17439.483643 558.575869
v 12555.601501 -17433.100891 576.73316
v 12564.619446 -17445.297241 570.317173
v 12566.207886 -17443.707275 576.73316
v 12554.012299 -17434.689331 570.317173
v 12564.332581 -17428.845215 582.369995
v 12569.166565 -17433.677673 582.369995
v 12563.302612 -17429.875183 574.66259
v 12568.136597 -17434.707642 574.66259
v 12561.469269 -17431.707764 567.25955
v 12566.303253 -17436.541748 567.25955
v 12559.064484 -17434.112549 560.191727
v 12563.897705 -17438.946533 560.191727
v 12555.938721 -17437.239075 553.711891
v 12560.772705 -17442.071533 553.711891
v 12552.321625 -17440.855408 547.76535
v 12557.155609 -17445.689392 547.76535
v 12548.368835 -17454.475403 538.230228
v 12543.534851 -17449.641418 538.230228
v 12552.95105 -17449.893188 542.65027
v 12548.117065 -17445.06073 542.65027
v 12538.136292 -17464.707947 532.236195
v 12533.302307 -17459.873962 532.236195
v 12543.370819 -17459.474182 534.82852
v 12538.537598 -17454.640198 534.82852
v 12527.155304 -17475.689697 530.191755
v 12522.322083 -17470.855713 530.191755
v 12532.686615 -17470.158386 530.779696
v 12527.852631 -17465.324402 530.779696
v 12511.341095 -17481.835938 532.236195
v 12521.624756 -17481.219482 530.779696
v 12516.175079 -17486.669922 532.236195
v 12516.790771 -17476.385498 530.779696
v 12505.942535 -17496.902466 538.230228
v 12501.108551 -17492.068481 538.230228
v 12510.939789 -17491.905212 534.82852
v 12506.106567 -17487.071228 534.82852
v 12492.321777 -17500.854492 547.76535
v 12501.360321 -17501.48468 542.65027
v 12497.155762 -17505.688477 547.76535
v 12496.5271 -17496.650696 542.65027
v 12485.579681 -17507.597351 560.191727
v 12493.538666 -17509.306335 553.711891
v 12490.412903 -17512.431335 560.191727
v 12488.704681 -17504.472351 553.711891
v 12481.34079 -17511.836243 574.66259
v 12488.008118 -17514.836121 567.25955
v 12486.174774 -17516.670227 574.66259
v 12483.174133 -17510.003662 567.25955
v 12479.895782 -17513.28125 590.191746
v 12485.144806 -17517.700195 582.369995
v 12484.729004 -17518.115234 590.191746
v 12480.310822 -17512.866211 582.369995
v 12481.34079 -17511.836243 605.720854
v 12485.144806 -17517.700195 598.013449
v 12486.174774 -17516.670227 605.720854
v 12480.310822 -17512.866211 598.013449
v 12485.579681 -17507.597351 620.191717
v 12488.008118 -17514.836121 613.123894
v 12490.412903 -17512.431335 620.191717
v 12483.174133 -17510.003662 613.123894
v 12492.321777 -17500.854492 632.618141
v 12493.538666 -17509.306335 626.671553
v 12497.155762 -17505.688477 632.618141
v 12488.704681 -17504.472351 626.671553
v 12501.108551 -17492.068481 642.153263
v 12496.526337 -17496.650696 637.733173
v 12501.360321 -17501.48468 637.733173
v 12505.942535 -17496.902466 642.153263
v 12511.341095 -17481.835938 648.147297
v 12506.106567 -17487.071228 645.554924
v 12510.939789 -17491.905212 645.554924
v 12516.175079 -17486.669922 648.147297
v 12522.322083 -17470.855713 650.191736
v 12516.790771 -17476.385498 649.603796
v 12521.624756 -17481.219482 649.603796
v 12527.155304 -17475.689697 650.191736
v 12533.302307 -17459.873962 648.147297
v 12527.852631 -17465.324402 649.603796
v 12532.686615 -17470.158386 649.603796
v 12538.136292 -17464.707947 648.147297
v 12543.534851 -17449.641418 642.153263
v 12538.537598 -17454.640198 645.554972
v 12543.370819 -17459.474182 645.554972
v 12548.368835 -17454.475403 642.153263
v 12552.321625 -17440.855408 632.618189
v 12548.117065 -17445.06073 637.733221
v 12552.95105 -17449.893188 637.733221
v 12557.155609 -17445.689392 632.618189
v 12555.938721 -17437.239075 626.671648
v 12560.772705 -17442.071533 626.671648
v 12559.064484 -17434.112549 620.191765
v 12563.897705 -17438.946533 620.191765
v 12561.469269 -17431.707764 613.123989
v 12566.303253 -17436.541748 613.123989
v 12563.302612 -17429.875183 605.720949
v 12568.136597 -17434.707642 605.720949
v 12564.332581 -17428.845215 598.013496
v 12569.166565 -17433.677673 598.013496
v 12564.748383 -17428.42865 590.191746
v 12569.582367 -17433.262634 590.191746
v 12224.789429 -17671.676636 670.007896
v 12270.75119 -17625.714111 670.007896
v 12265.094757 -17625.714111 470.007896
v 12207.112122 -17683.69751 23.291588
v 12207.112122 -17683.69751 470.007896
v 12265.094757 -17625.714111 23.291588
v 12270.75119 -17625.714111 23.291588
v 12270.75119 -17625.714111 470.007896
v 12207.112122 -17683.69751 644.786358
v 12695.015717 -17201.451111 495.007896
v 12695.015717 -17201.451111 645.007896
v 12270.75119 -17625.714111 470.007896
v 12474.0448 -17422.421265 470.007896
v 12695.015717 -17201.451111 495.007896
v 12694.308472 -17202.157593 486.007881
v 12692.1875 -17204.278564 479.007912
v 12688.651276 -17207.814026 474.007893
v 12688.651276 -17207.814026 474.007893
v 12683.702087 -17212.763977 471.007919
v 12677.337646 -17219.128418 470.007896
v 12270.75119 -17625.714111 470.007896
v 12265.094757 -17625.714111 470.007896
v 12267.922974 -17622.886658 474.007893
v 12270.75119 -17625.714111 470.007896
v 12265.094757 -17625.714111 23.291588
v 12265.094757 -17625.714111 470.007896
v 12270.75119 -17625.714111 23.291588
v 12207.112122 -17689.353943 23.291588
v 12207.112122 -17689.353943 470.007896
v 12207.112122 -17683.69751 470.007896
v 12207.112122 -17683.69751 23.291588
v 12222.117615 -17668.692017 666.0079
v 12270.75119 -17625.714111 670.007896
v 12267.922974 -17622.886658 666.0079
v 12224.789429 -17671.676636 670.007896
v 12207.112122 -17683.69751 644.786358
v 12207.112122 -17689.353943 645.007896
v 12689.358521 -17201.451111 495.229435
v 12689.358521 -17201.451111 644.786358
v 12695.015717 -17201.451111 645.007896
v 12695.015717 -17201.451111 495.007896
v 12270.75119 -17625.714111 470.007896
v 12471.138 -17419.671631 474.007893
v 12474.0448 -17422.421265 470.007896
v 12267.922974 -17622.886658 474.007893
v 12471.138 -17419.671631 666.0079
v 12267.922974 -17622.886658 666.0079
v 12270.75119 -17625.714111 670.007896
v 12474.0448 -17422.421265 670.007896
v 12207.112122 -17689.353943 645.007896
v 12207.75528 -17683.053589 652.977037
v 12207.112122 -17683.69751 644.786358
v 12207.819366 -17688.647461 654.007912
v 12695.015717 -17201.451111 495.007896
v 12694.308472 -17202.157593 486.007881
v 12688.715363 -17202.093506 487.038755
v 12689.358521 -17201.451111 495.229435
v 12680.144501 -17210.664368 665.097809
v 12677.337646 -17219.128418 670.007896
v 12683.702087 -17212.763977 669.007874
v 12674.353027 -17216.456604 666.0079
v 12216.326141 -17674.482727 665.097809
v 12218.425751 -17678.041077 669.007874
v 12212.261963 -17678.547668 662.634754
v 12213.4758 -17682.991028 666.0079
v 12209.49707 -17681.312561 658.724165
v 12209.940338 -17686.526489 661.007881
v 12680.144501 -17210.664368 474.917984
v 12677.337646 -17219.128418 470.007896
v 12674.353027 -17216.456604 474.007893
v 12683.702087 -17212.763977 471.007919
v 12684.208679 -17206.600952 477.381039
v 12688.651276 -17207.814026 474.007893
v 12692.1875 -17204.278564 479.007912
v 12686.973572 -17203.83606 481.291628
v 12688.715363 -17202.093506 652.977037
v 12695.015717 -17201.451111 645.007896
v 12689.358521 -17201.451111 644.786358
v 12694.308472 -17202.157593 654.007912
v 12686.973572 -17203.83606 658.724165
v 12692.1875 -17204.278564 661.007881
v 12688.651276 -17207.814026 666.0079
v 12684.208679 -17206.600952 662.634754
v 12474.0448 -17422.421265 670.007896
v 12677.337646 -17219.128418 670.007896
v 12674.353027 -17216.456604 474.007893
v 12677.337646 -17219.128418 470.007896
v 12207.112122 -17689.353943 470.007896
v 12207.112122 -17689.353943 23.291588
v 12207.112122 -17689.353943 645.007896
v 12270.75119 -17625.714111 670.007896
v 12218.425751 -17678.041077 669.007874
v 12695.015717 -17201.451111 645.007896
v 12694.308472 -17202.157593 654.007912
v 12213.4758 -17682.991028 666.0079
v 12213.4758 -17682.991028 666.0079
v 12209.940338 -17686.526489 661.007881
v 12207.819366 -17688.647461 654.007912
v 12692.1875 -17204.278564 661.007881
v 12688.651276 -17207.814026 666.0079
v 12683.702087 -17212.763977 669.007874
v 12688.651276 -17207.814026 666.0079
v 12677.337646 -17219.128418 470.007896
v 12471.138 -17419.671631 474.007893
v 12276.694489 -17614.115906 482.917881
v 12471.138 -17419.671631 482.917881
v 12267.922974 -17622.886658 474.007893
v 12674.353027 -17216.456604 474.007893
v 12665.602875 -17225.205994 482.917881
v 12283.944702 -17621.365356 482.917881
v 12478.388214 -17426.922607 482.917881
v 12276.694489 -17614.115906 482.917881
v 12471.138 -17419.671631 482.917881
v 12672.853088 -17232.45697 482.917881
v 12665.602875 -17225.205994 482.917881
v 12283.944702 -17621.365356 482.917881
v 12276.694489 -17614.115906 512.9179
v 12283.944702 -17621.365356 512.9179
v 12276.694489 -17614.115906 482.917881
v 12283.944702 -17621.365356 512.9179
v 12471.138 -17419.671631 512.9179
v 12478.388214 -17426.922607 512.9179
v 12276.694489 -17614.115906 512.9179
v 12665.602875 -17225.205994 512.9179
v 12672.853088 -17232.45697 512.9179
v 12665.602875 -17225.205994 512.9179
v 12665.602875 -17225.205994 482.917881
v 12672.853088 -17232.45697 512.9179
v 12672.853088 -17232.45697 482.917881
v 12680.144501 -17210.664368 474.917984
v 12665.602875 -17225.205994 482.917881
v 12684.208679 -17206.600952 477.381039
v 12674.353027 -17216.456604 474.007893
v 12686.973572 -17203.83606 481.291628
v 12688.715363 -17202.093506 487.038755
v 12689.358521 -17201.451111 495.229435
v 12665.602875 -17225.205994 512.9179
v 12689.358521 -17201.451111 644.786358
v 12665.602875 -17225.205994 512.9179
v 12689.358521 -17201.451111 495.229435
v 12471.138 -17419.671631 666.0079
v 12674.353027 -17216.456604 666.0079
v 12471.138 -17419.671631 512.9179
v 12680.144501 -17210.664368 665.097809
v 12684.208679 -17206.600952 662.634754
v 12686.973572 -17203.83606 658.724165
v 12688.715363 -17202.093506 652.977037
v 12276.694489 -17614.115906 512.9179
v 12267.922974 -17622.886658 666.0079
v 12267.922974 -17622.886658 474.007893
v 12276.694489 -17614.115906 512.9179
v 12276.694489 -17614.115906 482.917881
v 12267.922974 -17622.886658 666.0079
v 12207.75528 -17683.053589 652.977037
v 12209.49707 -17681.312561 658.724165
v 12267.922974 -17622.886658 474.007893
v 12212.261963 -17678.547668 662.634754
v 12216.326141 -17674.482727 665.097809
v 12222.117615 -17668.692017 666.0079
v 12267.922974 -17622.886658 666.0079
v 12510.579681 -17374.259949 590.191746
v 12510.163879 -17374.676514 582.369995
v 12501.387024 -17376.38092 590.191746
v 12501.026917 -17376.742554 583.412886
v 12507.301331 -17377.539063 567.25955
v 12500.134277 -17377.635193 576.73316
v 12509.133911 -17375.706482 574.66259
v 12498.545837 -17379.223633 570.317173
v 12501.77002 -17383.070374 553.711891
v 12496.461487 -17381.307983 564.191723
v 12504.895782 -17379.943848 560.191727
v 12493.752289 -17384.016418 558.575869
v 12490.618134 -17387.150574 553.422213
v 12493.948364 -17390.892029 542.65027
v 12486.973572 -17390.795898 548.989153
v 12498.153687 -17386.686707 547.76535
v 12484.368896 -17400.471497 534.82852
v 12478.671265 -17399.098206 542.210293
v 12483.002472 -17394.766235 545.158434
v 12489.366913 -17395.474243 538.230228
v 12469.411469 -17408.357239 538.701296
v 12474.134827 -17403.634644 539.963627
v 12473.683929 -17411.155701 530.779696
v 12479.134369 -17405.705261 532.236195
v 12459.824371 -17417.944336 538.701296
v 12464.61792 -17413.15155 538.191748
v 12462.622833 -17422.216797 530.779696
v 12468.153381 -17416.687012 530.191755
v 12457.172394 -17427.667236 532.236195
v 12451.937866 -17432.902527 534.82852
v 12455.101013 -17422.668457 539.963627
v 12450.564575 -17427.204895 542.210293
v 12446.93985 -17437.89978 538.230228
v 12442.358398 -17442.481995 542.65027
v 12446.233368 -17431.535339 545.158434
v 12442.262268 -17435.507202 548.989153
v 12434.536743 -17450.30365 553.711891
v 12438.617706 -17439.151001 553.422165
v 12438.153076 -17446.687317 547.76535
v 12435.483551 -17442.285156 558.575869
v 12429.005432 -17455.834961 567.25955
v 12432.774353 -17444.995117 564.191723
v 12431.41098 -17453.42865 560.191727
v 12430.690002 -17447.079468 570.317173
v 12429.1008 -17448.667908 576.73316
v 12426.142883 -17458.69751 582.369995
v 12428.208923 -17449.560547 583.412886
v 12427.172852 -17457.667542 574.66259
v 12426.142883 -17458.69751 598.013449
v 12428.208923 -17449.560547 596.970558
v 12427.848053 -17449.920654 590.191746
v 12425.727081 -17459.112549 590.191746
v 12430.690002 -17447.079468 610.066271
v 12429.1008 -17448.667908 603.650331
v 12429.005432 -17455.834961 613.123894
v 12427.172852 -17457.667542 605.720854
v 12432.774353 -17444.995117 616.191721
v 12431.41098 -17453.42865 620.191717
v 12434.536743 -17450.30365 626.671553
v 12435.483551 -17442.285156 621.807575
v 12438.153076 -17446.687317 632.618141
v 12442.358398 -17442.481995 637.733173
v 12438.617706 -17439.151001 626.961279
v 12442.262268 -17435.507202 631.394339
v 12446.93985 -17437.89978 642.153263
v 12451.937866 -17432.902527 645.554924
v 12446.233368 -17431.535339 635.225058
v 12450.564575 -17427.204895 638.173199
v 12462.622833 -17422.216797 649.603796
v 12455.101013 -17422.668457 640.419865
v 12457.172394 -17427.667236 648.147297
v 12459.824371 -17417.944336 641.682196
v 12473.683929 -17411.155701 649.603796
v 12464.61792 -17413.15155 642.191744
v 12468.153381 -17416.687012 650.191736
v 12469.411469 -17408.357239 641.682196
v 12474.134827 -17403.634644 640.419912
v 12484.368896 -17400.471497 645.554972
v 12478.671265 -17399.098206 638.173199
v 12479.134369 -17405.705261 648.147297
v 12493.948364 -17390.892029 637.733221
v 12486.973572 -17390.795898 631.394386
v 12483.002472 -17394.766235 635.225058
v 12489.366913 -17395.474243 642.153263
v 12493.752289 -17384.016418 621.807623
v 12490.618134 -17387.150574 626.961327
v 12501.77002 -17383.070374 626.671648
v 12498.153687 -17386.686707 632.618189
v 12498.545837 -17379.223633 610.066366
v 12496.461487 -17381.307983 616.191769
v 12507.301331 -17377.539063 613.123989
v 12504.895782 -17379.943848 620.191765
v 12509.133911 -17375.706482 605.720949
v 12510.163879 -17374.676514 598.013496
v 12500.134277 -17377.635193 603.650379
v 12501.026917 -17376.742554 596.970606
v 12511.633301 -17387.348938 583.412886
v 12501.026917 -17376.742554 583.412886
v 12500.134277 -17377.635193 576.73316
v 12510.741425 -17388.241577 576.73316
v 12511.633301 -17387.348938 596.970606
v 12501.026917 -17376.742554 596.970606
v 12501.387024 -17376.38092 590.191746
v 12511.994171 -17386.988831 590.191746
v 12509.152222 -17389.830017 610.066366
v 12498.545837 -17379.223633 610.066366
v 12500.134277 -17377.635193 603.650379
v 12510.741425 -17388.241577 603.650379
v 12504.358673 -17394.622803 621.807623
v 12493.752289 -17384.016418 621.807623
v 12496.461487 -17381.307983 616.191769
v 12507.067871 -17391.914368 616.191769
v 12497.579956 -17401.402283 631.394386
v 12490.618134 -17387.150574 626.961327
v 12501.224518 -17397.758484 626.961327
v 12486.973572 -17390.795898 631.394386
v 12489.277649 -17409.70459 638.173199
v 12483.002472 -17394.766235 635.225058
v 12493.608856 -17405.37262 635.225058
v 12478.671265 -17399.098206 638.173199
v 12480.017853 -17418.965149 641.682196
v 12474.134827 -17403.634644 640.419912
v 12484.741211 -17414.241028 640.419912
v 12469.411469 -17408.357239 641.682196
v 12470.430756 -17428.55072 641.682196
v 12464.61792 -17413.15155 642.191744
v 12475.224304 -17423.757935 642.191744
v 12459.824371 -17417.944336 641.682196
v 12461.170959 -17437.811279 638.173199
v 12455.101013 -17422.668457 640.419865
v 12465.707397 -17433.274841 640.419865
v 12450.564575 -17427.204895 638.173199
v 12452.868652 -17446.113586 631.394339
v 12446.233368 -17431.535339 635.225058
v 12456.839752 -17442.14325 635.225058
v 12442.262268 -17435.507202 631.394339
v 12449.224091 -17449.757385 626.961279
v 12435.483551 -17442.285156 621.807575
v 12438.617706 -17439.151001 626.961279
v 12446.089935 -17452.893066 621.807575
v 12441.296387 -17457.685852 610.066271
v 12432.774353 -17444.995117 616.191721
v 12443.380737 -17455.601501 616.191721
v 12430.690002 -17447.079468 610.066271
v 12438.815308 -17460.166931 596.970558
v 12429.1008 -17448.667908 603.650331
v 12439.707947 -17459.274292 603.650331
v 12428.208923 -17449.560547 596.970558
v 12427.848053 -17449.920654 590.191746
v 12438.4552 -17460.527039 590.191746
v 12438.815308 -17460.166931 583.412886
v 12428.208923 -17449.560547 583.412886
v 12439.707947 -17459.274292 576.73316
v 12430.690002 -17447.079468 570.317173
v 12429.1008 -17448.667908 576.73316
v 12441.296387 -17457.685852 570.317173
v 12432.774353 -17444.995117 564.191723
v 12443.380737 -17455.601501 564.191723
v 12446.089935 -17452.893066 558.575869
v 12435.483551 -17442.285156 558.575869
v 12452.868652 -17446.113586 548.989153
v 12442.262268 -17435.507202 548.989153
v 12438.617706 -17439.151001 553.422165
v 12449.224091 -17449.757385 553.422165
v 12461.170959 -17437.811279 542.210293
v 12450.564575 -17427.204895 542.210293
v 12446.233368 -17431.535339 545.158434
v 12456.839752 -17442.14325 545.158434
v 12470.430756 -17428.55072 538.701296
v 12459.824371 -17417.944336 538.701296
v 12455.101013 -17422.668457 539.963627
v 12465.707397 -17433.274841 539.963627
v 12480.017853 -17418.965149 538.701296
v 12469.411469 -17408.357239 538.701296
v 12464.61792 -17413.15155 538.191748
v 12475.224304 -17423.757935 538.191748
v 12489.277649 -17409.70459 542.210293
v 12478.671265 -17399.098206 542.210293
v 12474.134827 -17403.634644 539.963627
v 12484.741211 -17414.241028 539.963627
v 12497.579956 -17401.402283 548.989153
v 12486.973572 -17390.795898 548.989153
v 12483.002472 -17394.766235 545.158434
v 12493.608856 -17405.37262 545.158434
v 12504.359436 -17394.622803 558.575869
v 12493.752289 -17384.016418 558.575869
v 12490.618134 -17387.150574 553.422213
v 12501.224518 -17397.758484 553.422213
v 12498.545837 -17379.223633 570.317173
v 12507.067871 -17391.914368 564.191723
v 12509.152222 -17389.830017 570.317173
v 12496.461487 -17381.307983 564.191723
v 12514.997864 -17379.510498 582.369995
v 12510.579681 -17374.259949 590.191746
v 12515.413666 -17379.093933 590.191746
v 12510.163879 -17374.676514 582.369995
v 12513.967896 -17380.53894 574.66259
v 12512.134552 -17382.373047 567.25955
v 12509.133911 -17375.706482 574.66259
v 12507.301331 -17377.539063 567.25955
v 12509.729767 -17384.777832 560.191727
v 12506.604004 -17387.902832 553.711891
v 12504.895782 -17379.943848 560.191727
v 12501.77002 -17383.070374 553.711891
v 12498.782349 -17395.726013 542.65027
v 12498.153687 -17386.686707 547.76535
v 12502.986908 -17391.520691 547.76535
v 12493.948364 -17390.892029 542.65027
v 12489.202881 -17405.305481 534.82852
v 12489.366913 -17395.474243 538.230228
v 12494.200134 -17400.306702 538.230228
v 12484.368896 -17400.471497 534.82852
v 12478.517914 -17415.989685 530.779696
v 12479.134369 -17405.705261 532.236195
v 12483.96759 -17410.539246 532.236195
v 12473.683929 -17411.155701 530.779696
v 12467.456055 -17427.050781 530.779696
v 12468.153381 -17416.687012 530.191755
v 12472.987366 -17421.520996 530.191755
v 12462.622833 -17422.216797 530.779696
v 12456.771851 -17437.736511 534.82852
v 12457.172394 -17427.667236 532.236195
v 12462.006378 -17432.501221 532.236195
v 12451.937866 -17432.902527 534.82852
v 12447.19162 -17447.315979 542.65027
v 12446.93985 -17437.89978 538.230228
v 12451.773834 -17442.733765 538.230228
v 12442.358398 -17442.481995 542.65027
v 12439.369965 -17455.137634 553.711891
v 12434.536743 -17450.30365 553.711891
v 12438.153076 -17446.687317 547.76535
v 12442.987061 -17451.519775 547.76535
v 12433.839417 -17460.667419 567.25955
v 12429.005432 -17455.834961 567.25955
v 12431.41098 -17453.42865 560.191727
v 12436.244965 -17458.262634 560.191727
v 12430.976105 -17463.531494 582.369995
v 12426.142883 -17458.69751 582.369995
v 12427.172852 -17457.667542 574.66259
v 12432.006073 -17462.501526 574.66259
v 12430.976105 -17463.531494 598.013449
v 12426.142883 -17458.69751 598.013449
v 12425.727081 -17459.112549 590.191746
v 12430.561066 -17463.946533 590.191746
v 12433.839417 -17460.667419 613.123894
v 12429.005432 -17455.834961 613.123894
v 12427.172852 -17457.667542 605.720854
v 12432.006073 -17462.501526 605.720854
v 12439.369965 -17455.137634 626.671553
v 12434.536743 -17450.30365 626.671553
v 12431.41098 -17453.42865 620.191717
v 12436.244965 -17458.262634 620.191717
v 12442.358398 -17442.481995 637.733173
v 12438.153076 -17446.687317 632.618141
v 12447.19162 -17447.315979 637.733173
v 12442.987061 -17451.519775 632.618141
v 12451.937866 -17432.902527 645.554924
v 12446.93985 -17437.89978 642.153263
v 12456.771851 -17437.736511 645.554924
v 12451.773834 -17442.733765 642.153263
v 12462.622833 -17422.216797 649.603796
v 12457.172394 -17427.667236 648.147297
v 12467.456055 -17427.050781 649.603796
v 12462.006378 -17432.501221 648.147297
v 12473.683929 -17411.155701 649.603796
v 12472.987366 -17421.520996 650.191736
v 12478.517914 -17415.989685 649.603796
v 12468.153381 -17416.687012 650.191736
v 12484.368896 -17400.471497 645.554972
v 12479.134369 -17405.705261 648.147297
v 12489.202881 -17405.305481 645.554972
v 12483.96759 -17410.539246 648.147297
v 12493.948364 -17390.892029 637.733221
v 12489.366913 -17395.474243 642.153263
v 12498.782349 -17395.726013 637.733221
v 12494.200134 -17400.306702 642.153263
v 12502.986908 -17391.520691 632.618189
v 12506.604004 -17387.902832 626.671648
v 12498.153687 -17386.686707 632.618189
v 12501.77002 -17383.070374 626.671648
v 12512.134552 -17382.373047 613.123989
v 12504.895782 -17379.943848 620.191765
v 12509.729767 -17384.777832 620.191765
v 12507.301331 -17377.539063 613.123989
v 12513.967896 -17380.53894 605.720949
v 12510.163879 -17374.676514 598.013496
v 12509.133911 -17375.706482 605.720949
v 12514.997864 -17379.510498 598.013496
v 12511.633301 -17387.348938 583.412886
v 12511.633301 -17387.348938 596.970606
v 12511.994171 -17386.988831 590.191746
v 12509.152222 -17389.830017 570.317173
v 12511.633301 -17387.348938 583.412886
v 12510.741425 -17388.241577 576.73316
v 12504.359436 -17394.622803 558.575869
v 12509.152222 -17389.830017 570.317173
v 12507.067871 -17391.914368 564.191723
v 12497.579956 -17401.402283 548.989153
v 12504.359436 -17394.622803 558.575869
v 12501.224518 -17397.758484 553.422213
v 12489.277649 -17409.70459 542.210293
v 12497.579956 -17401.402283 548.989153
v 12493.608856 -17405.37262 545.158434
v 12480.017853 -17418.965149 538.701296
v 12489.277649 -17409.70459 542.210293
v 12484.741211 -17414.241028 539.963627
v 12470.430756 -17428.55072 538.701296
v 12480.017853 -17418.965149 538.701296
v 12475.224304 -17423.757935 538.191748
v 12461.170959 -17437.811279 542.210293
v 12470.430756 -17428.55072 538.701296
v 12465.707397 -17433.274841 539.963627
v 12452.868652 -17446.113586 548.989153
v 12461.170959 -17437.811279 542.210293
v 12456.839752 -17442.14325 545.158434
v 12446.089935 -17452.893066 558.575869
v 12452.868652 -17446.113586 548.989153
v 12449.224091 -17449.757385 553.422165
v 12441.296387 -17457.685852 570.317173
v 12446.089935 -17452.893066 558.575869
v 12443.380737 -17455.601501 564.191723
v 12438.815308 -17460.166931 583.412886
v 12441.296387 -17457.685852 570.317173
v 12439.707947 -17459.274292 576.73316
v 12438.815308 -17460.166931 596.970558
v 12438.815308 -17460.166931 583.412886
v 12438.4552 -17460.527039 590.191746
v 12441.296387 -17457.685852 610.066271
v 12439.707947 -17459.274292 603.650331
v 12446.089935 -17452.893066 621.807575
v 12443.380737 -17455.601501 616.191721
v 12452.868652 -17446.113586 631.394339
v 12449.224091 -17449.757385 626.961279
v 12461.170959 -17437.811279 638.173199
v 12456.839752 -17442.14325 635.225058
v 12470.430756 -17428.55072 641.682196
v 12465.707397 -17433.274841 640.419865
v 12480.017853 -17418.965149 641.682196
v 12475.224304 -17423.757935 642.191744
v 12489.277649 -17409.70459 638.173199
v 12484.741211 -17414.241028 640.419912
v 12497.579956 -17401.402283 631.394386
v 12493.608856 -17405.37262 635.225058
v 12504.358673 -17394.622803 621.807623
v 12501.224518 -17397.758484 626.961327
v 12509.152222 -17389.830017 610.066366
v 12507.067871 -17391.914368 616.191769
v 12510.741425 -17388.241577 603.650379
v 12500.134277 -17377.635193 576.73316
v 12509.133911 -17375.706482 574.66259
v 12496.461487 -17381.307983 564.191723
v 12504.895782 -17379.943848 560.191727
v 12490.618134 -17387.150574 553.422213
v 12498.153687 -17386.686707 547.76535
v 12483.002472 -17394.766235 545.158434
v 12489.366913 -17395.474243 538.230228
v 12474.134827 -17403.634644 539.963627
v 12479.134369 -17405.705261 532.236195
v 12464.61792 -17413.15155 538.191748
v 12468.153381 -17416.687012 530.191755
v 12455.101013 -17422.668457 539.963627
v 12457.172394 -17427.667236 532.236195
v 12446.233368 -17431.535339 545.158434
v 12446.93985 -17437.89978 538.230228
v 12438.617706 -17439.151001 553.422165
v 12438.153076 -17446.687317 547.76535
v 12432.774353 -17444.995117 564.191723
v 12431.41098 -17453.42865 560.191727
v 12429.1008 -17448.667908 576.73316
v 12427.172852 -17457.667542 574.66259
v 12427.848053 -17449.920654 590.191746
v 12425.727081 -17459.112549 590.191746
v 12429.1008 -17448.667908 603.650331
v 12427.172852 -17457.667542 605.720854
v 12432.774353 -17444.995117 616.191721
v 12431.41098 -17453.42865 620.191717
v 12438.617706 -17439.151001 626.961279
v 12438.153076 -17446.687317 632.618141
v 12446.233368 -17431.535339 635.225058
v 12446.93985 -17437.89978 642.153263
v 12455.101013 -17422.668457 640.419865
v 12457.172394 -17427.667236 648.147297
v 12464.61792 -17413.15155 642.191744
v 12468.153381 -17416.687012 650.191736
v 12474.134827 -17403.634644 640.419912
v 12479.134369 -17405.705261 648.147297
v 12483.002472 -17394.766235 635.225058
v 12489.366913 -17395.474243 642.153263
v 12490.618134 -17387.150574 626.961327
v 12498.153687 -17386.686707 632.618189
v 12496.461487 -17381.307983 616.191769
v 12504.895782 -17379.943848 620.191765
v 12500.134277 -17377.635193 603.650379
v 12509.133911 -17375.706482 605.720949
v 12501.387024 -17376.38092 590.191746
v 12510.579681 -17374.259949 590.191746
v 12511.994171 -17386.988831 590.191746
v 12501.387024 -17376.38092 590.191746
v 12501.026917 -17376.742554 583.412886
v 12511.633301 -17387.348938 583.412886
v 12510.741425 -17388.241577 603.650379
v 12500.134277 -17377.635193 603.650379
v 12501.026917 -17376.742554 596.970606
v 12511.633301 -17387.348938 596.970606
v 12507.067871 -17391.914368 616.191769
v 12496.461487 -17381.307983 616.191769
v 12498.545837 -17379.223633 610.066366
v 12509.152222 -17389.830017 610.066366
v 12501.224518 -17397.758484 626.961327
v 12490.618134 -17387.150574 626.961327
v 12493.752289 -17384.016418 621.807623
v 12504.358673 -17394.622803 621.807623
v 12493.608856 -17405.37262 635.225058
v 12486.973572 -17390.795898 631.394386
v 12497.579956 -17401.402283 631.394386
v 12483.002472 -17394.766235 635.225058
v 12484.741211 -17414.241028 640.419912
v 12478.671265 -17399.098206 638.173199
v 12489.277649 -17409.70459 638.173199
v 12474.134827 -17403.634644 640.419912
v 12475.224304 -17423.757935 642.191744
v 12469.411469 -17408.357239 641.682196
v 12480.017853 -17418.965149 641.682196
v 12464.61792 -17413.15155 642.191744
v 12465.707397 -17433.274841 640.419865
v 12459.824371 -17417.944336 641.682196
v 12470.430756 -17428.55072 641.682196
v 12455.101013 -17422.668457 640.419865
v 12456.839752 -17442.14325 635.225058
v 12450.564575 -17427.204895 638.173199
v 12461.170959 -17437.811279 638.173199
v 12446.233368 -17431.535339 635.225058
v 12449.224091 -17449.757385 626.961279
v 12442.262268 -17435.507202 631.394339
v 12452.868652 -17446.113586 631.394339
v 12438.617706 -17439.151001 626.961279
v 12443.380737 -17455.601501 616.191721
v 12435.483551 -17442.285156 621.807575
v 12446.089935 -17452.893066 621.807575
v 12432.774353 -17444.995117 616.191721
v 12439.707947 -17459.274292 603.650331
v 12430.690002 -17447.079468 610.066271
v 12441.296387 -17457.685852 610.066271
v 12429.1008 -17448.667908 603.650331
v 12428.208923 -17449.560547 596.970558
v 12438.815308 -17460.166931 596.970558
v 12438.4552 -17460.527039 590.191746
v 12427.848053 -17449.920654 590.191746
v 12428.208923 -17449.560547 583.412886
v 12438.815308 -17460.166931 583.412886
v 12439.707947 -17459.274292 576.73316
v 12429.1008 -17448.667908 576.73316
v 12443.380737 -17455.601501 564.191723
v 12430.690002 -17447.079468 570.317173
v 12441.296387 -17457.685852 570.317173
v 12432.774353 -17444.995117 564.191723
v 12446.089935 -17452.893066 558.575869
v 12438.617706 -17439.151001 553.422165
v 12435.483551 -17442.285156 558.575869
v 12449.224091 -17449.757385 553.422165
v 12456.839752 -17442.14325 545.158434
v 12446.233368 -17431.535339 545.158434
v 12442.262268 -17435.507202 548.989153
v 12452.868652 -17446.113586 548.989153
v 12455.101013 -17422.668457 539.963627
v 12461.170959 -17437.811279 542.210293
v 12465.707397 -17433.274841 539.963627
v 12450.564575 -17427.204895 542.210293
v 12464.61792 -17413.15155 538.191748
v 12470.430756 -17428.55072 538.701296
v 12475.224304 -17423.757935 538.191748
v 12459.824371 -17417.944336 538.701296
v 12484.741211 -17414.241028 539.963627
v 12474.134827 -17403.634644 539.963627
v 12469.411469 -17408.357239 538.701296
v 12480.017853 -17418.965149 538.701296
v 12483.002472 -17394.766235 545.158434
v 12489.277649 -17409.70459 542.210293
v 12493.608856 -17405.37262 545.158434
v 12478.671265 -17399.098206 542.210293
v 12501.224518 -17397.758484 553.422213
v 12490.618134 -17387.150574 553.422213
v 12486.973572 -17390.795898 548.989153
v 12497.579956 -17401.402283 548.989153
v 12507.067871 -17391.914368 564.191723
v 12496.461487 -17381.307983 564.191723
v 12493.752289 -17384.016418 558.575869
v 12504.359436 -17394.622803 558.575869
v 12510.741425 -17388.241577 576.73316
v 12500.134277 -17377.635193 576.73316
v 12498.545837 -17379.223633 570.317173
v 12509.152222 -17389.830017 570.317173
v 12513.967896 -17380.53894 574.66259
v 12510.163879 -17374.676514 582.369995
v 12514.997864 -17379.510498 582.369995
v 12509.133911 -17375.706482 574.66259
v 12509.729767 -17384.777832 560.191727
v 12507.301331 -17377.539063 567.25955
v 12512.134552 -17382.373047 567.25955
v 12504.895782 -17379.943848 560.191727
v 12506.604004 -17387.902832 553.711891
v 12502.986908 -17391.520691 547.76535
v 12501.77002 -17383.070374 553.711891
v 12498.153687 -17386.686707 547.76535
v 12494.200134 -17400.306702 538.230228
v 12493.948364 -17390.892029 542.65027
v 12498.782349 -17395.726013 542.65027
v 12489.366913 -17395.474243 538.230228
v 12483.96759 -17410.539246 532.236195
v 12484.368896 -17400.471497 534.82852
v 12489.202881 -17405.305481 534.82852
v 12479.134369 -17405.705261 532.236195
v 12472.987366 -17421.520996 530.191755
v 12473.683929 -17411.155701 530.779696
v 12478.517914 -17415.989685 530.779696
v 12468.153381 -17416.687012 530.191755
v 12462.006378 -17432.501221 532.236195
v 12462.622833 -17422.216797 530.779696
v 12467.456055 -17427.050781 530.779696
v 12457.172394 -17427.667236 532.236195
v 12451.773834 -17442.733765 538.230228
v 12451.937866 -17432.902527 534.82852
v 12456.771851 -17437.736511 534.82852
v 12446.93985 -17437.89978 538.230228
v 12442.987061 -17451.519775 547.76535
v 12442.358398 -17442.481995 542.65027
v 12447.19162 -17447.315979 542.65027
v 12438.153076 -17446.687317 547.76535
v 12436.244965 -17458.262634 560.191727
v 12431.41098 -17453.42865 560.191727
v 12434.536743 -17450.30365 553.711891
v 12439.369965 -17455.137634 553.711891
v 12432.006073 -17462.501526 574.66259
v 12427.172852 -17457.667542 574.66259
v 12429.005432 -17455.834961 567.25955
v 12433.839417 -17460.667419 567.25955
v 12430.561066 -17463.946533 590.191746
v 12425.727081 -17459.112549 590.191746
v 12426.142883 -17458.69751 582.369995
v 12430.976105 -17463.531494 582.369995
v 12432.006073 -17462.501526 605.720854
v 12427.172852 -17457.667542 605.720854
v 12426.142883 -17458.69751 598.013449
v 12430.976105 -17463.531494 598.013449
v 12436.244965 -17458.262634 620.191717
v 12431.41098 -17453.42865 620.191717
v 12429.005432 -17455.834961 613.123894
v 12433.839417 -17460.667419 613.123894
v 12442.987061 -17451.519775 632.618141
v 12438.153076 -17446.687317 632.618141
v 12434.536743 -17450.30365 626.671553
v 12439.369965 -17455.137634 626.671553
v 12446.93985 -17437.89978 642.153263
v 12442.358398 -17442.481995 637.733173
v 12451.773834 -17442.733765 642.153263
v 12447.19162 -17447.315979 637.733173
v 12457.172394 -17427.667236 648.147297
v 12451.937866 -17432.902527 645.554924
v 12462.006378 -17432.501221 648.147297
v 12456.771851 -17437.736511 645.554924
v 12468.153381 -17416.687012 650.191736
v 12462.622833 -17422.216797 649.603796
v 12472.987366 -17421.520996 650.191736
v 12467.456055 -17427.050781 649.603796
v 12479.134369 -17405.705261 648.147297
v 12473.683929 -17411.155701 649.603796
v 12483.96759 -17410.539246 648.147297
v 12478.517914 -17415.989685 649.603796
v 12489.366913 -17395.474243 642.153263
v 12484.368896 -17400.471497 645.554972
v 12494.200134 -17400.306702 642.153263
v 12489.202881 -17405.305481 645.554972
v 12498.153687 -17386.686707 632.618189
v 12493.948364 -17390.892029 637.733221
v 12502.986908 -17391.520691 632.618189
v 12498.782349 -17395.726013 637.733221
v 12506.604004 -17387.902832 626.671648
v 12509.729767 -17384.777832 620.191765
v 12501.77002 -17383.070374 626.671648
v 12504.895782 -17379.943848 620.191765
v 12512.134552 -17382.373047 613.123989
v 12513.967896 -17380.53894 605.720949
v 12507.301331 -17377.539063 613.123989
v 12509.133911 -17375.706482 605.720949
v 12515.413666 -17379.093933 590.191746
v 12510.163879 -17374.676514 598.013496
v 12514.997864 -17379.510498 598.013496
v 12510.579681 -17374.259949 590.191746
vt -0.382188 2.2325
vt -0.382188 2.07
vt -0.306813 2.07
vt -0.306812 2.2325
vt -0.50875 2.0175
vt -0.006194 2.0175
vt -0.50875 2.2225
vt -0.006194 2.2225
vt -0.50875 2.083125
vt -0.006194 2.083125
vt -0.50875 2.166875
vt -0.006194 2.166875
vt -0.705376 2.0175
vt 0.911562 1.85625
vt 0.911562 1.66875
vt 0.953437 1.85625
vt 0.953437 1.66875
vt 2.004086 1.473437
vt 1.499883 1.473437
vt 2.004086 1.431562
vt 1.499883 1.431562
vt 0.941562 1.5775
vt 0.983437 1.5775
vt 0.941562 1.58875
vt 0.983437 1.58875
vt 0.941562 1.56875
vt 0.983437 1.56875
vt 0.941562 1.5625
vt 0.983437 1.5625
vt 0.54875 1.351562
vt 0.54875 1.393437
vt 0.54 1.351562
vt 0.54 1.393437
vt 0.56 1.393437
vt 0.56 1.351562
vt -0.004368 2.256316
vt -0.004368 2.270351
vt -0.011386 2.256316
vt -0.50875 2.2225
vt -0.006194 2.2225
vt -0.50875 2.2325
vt -0.006194 2.2325
vt -0.006194 2.156875
vt -0.50875 2.166875
vt -0.50875 2.156875
vt -0.006194 2.166875
vt -0.72925 2.070554
vt -0.73375 2.2325
vt -0.73375 2.07
vt -0.72925 2.2325
vt -0.705625 2.156875
vt -0.705376 2.166875
vt 1.011246 2.424813
vt 1.018263 2.950351
vt 1.011246 2.949574
vt 1.018263 2.424035
vt -0.004368 2.406316
vt 0.499823 2.420351
vt -0.004368 2.420351
vt 0.500018 2.406316
vt -0.004368 2.944035
vt 0.499823 2.944035
vt -0.004368 2.95807
vt 0.500018 2.95807
vt -0.705625 2.0075
vt -0.71459 2.019775
vt -0.71575 2.01
vt -0.705376 2.0175
vt 1.041246 2.444813
vt 1.039649 2.416073
vt 1.048263 2.444035
vt 1.046509 2.412456
vt 1.020193 2.954561
vt 1.004403 2.95807
vt 1.018384 2.940842
vt 1.004015 2.944035
vt -0.728226 2.050077
vt -0.732625 2.0475
vt -0.725455 2.035709
vt -0.72925 2.03
vt -0.723625 2.0175
vt -0.721056 2.025933
vt 1.004403 2.356316
vt 1.018384 2.373544
vt 1.004015 2.370351
vt 1.020193 2.359825
vt 1.028467 2.382187
vt 1.032474 2.370351
vt 1.041246 2.387895
vt 1.035328 2.395908
vt 1.039649 2.898313
vt 1.048263 2.870351
vt 1.046509 2.90193
vt 1.041246 2.869574
vt 1.035328 2.918478
vt 1.041246 2.926491
vt 1.032474 2.944035
vt 1.028467 2.9322
vt 1.36 1.393437
vt 1.000625 1.393437
vt 1.000625 1.351562
vt 1.36 1.351562
vt 1.004015 2.420351
vt 1.004403 2.406316
vt -0.50875 2.073125
vt -0.006194 2.073125
vt -0.50875 2.156875
vt -0.006194 2.156875
vt -0.705625 2.073125
vt -0.705625 2.156875
vt 0.64125 1.351563
vt 0.64125 1.393438
vt -0.382188 2.0475
vt -0.306813 2.0475
vt 0.983437 1.7875
vt 0.941562 1.7875
vt 0.941562 1.77625
vt 0.983437 1.77625
vt -0.382188 2.03
vt -0.306813 2.03
vt -0.72925 2.156875
vt -0.72925 2.073125
vt -0.723625 2.073125
vt -0.723625 2.156875
vt -0.71575 2.073125
vt -0.71575 2.156875
vt 0.983437 1.79625
vt 0.941562 1.79625
vt 0.983437 1.8025
vt 0.941562 1.8025
vt 1.38 1.351562
vt 1.38 1.393437
vt 1.37125 1.393437
vt 1.37125 1.351562
vt 0.99568 1.473437
vt 0.99568 1.431562
vt 0.017393 2.461614
vt 0.499823 2.430351
vt 0.499823 2.461614
vt -0.004368 2.430351
vt 1.004015 2.430351
vt 0.982306 2.461614
vt 0.499823 2.461614
vt 0.017393 2.461614
vt 0.017393 2.461614
vt 0.499823 2.461614
vt 0.982306 2.461614
vt 0.982306 2.461614
vt 0.017393 2.351614
vt 0.017393 2.456877
vt 0.017393 2.456877
vt 0.017393 2.351614
vt 0.017393 2.416877
vt 0.499823 2.416877
vt 0.017393 2.416877
vt 0.499823 2.416877
vt 0.982306 2.416877
vt 0.982306 2.416877
vt 0.982306 2.416877
vt 0.982306 2.311614
vt 0.982306 2.416877
vt 0.982306 2.311614
vt 1.018384 2.383544
vt 1.028467 2.392187
vt 0.982306 2.411614
vt 1.004015 2.380351
vt 1.035328 2.405908
vt 1.039649 2.426073
vt 1.041246 2.354813
vt 1.041246 2.879574
vt 0.982306 2.416877
vt 0.982306 2.516877
vt 1.041246 2.454813
vt 0.499823 2.954035
vt 1.004015 2.954035
vt 0.499823 2.416877
vt 1.018384 2.950842
vt 1.028467 2.9422
vt 1.035328 2.928478
vt 1.039649 2.908313
vt -0.004368 2.954035
vt 0.017393 2.416877
vt -0.004368 2.994035
vt -0.004368 2.320351
vt 0.017393 2.456877
vt 0.017393 2.351614
vt -0.71459 2.019775
vt -0.721056 2.025933
vt -0.51325 2.2325
vt -0.725455 2.035709
vt -0.728226 2.050077
vt -0.72925 2.070554
vt -0.72925 2.2325
vt 0 1.19
vt 0 1.03
vt 0.0625 1.19
vt 0.0625 1.03
vt 0.0625 1.19
vt 0 1.19
vt 0 1.03
vt 0.0625 1.03
vt 0.0625 1.19
vt 0 1.19
vt 0 1.03
vt 0.0625 1.03
vt 0 1.03
vt 0.0625 1.19
vt 0 1.19
vt 0.0625 1.03
vt 0.0625 1.19
vt 0 1.03
vt 0.0625 1.03
vt 0 1.19
vt 0.0625 1.19
vt 0 1.03
vt 0.0625 1.03
vt 0 1.19
vt 0.0625 1.03
vt 0.0625 1.19
vt 0 1.03
vt 0 1.19
vt 0 1.03
vt 0.0625 1.03
vt 0.0625 1.19
vt 0 1.19
vt 0 1.19
vt 0 1.03
vt 0.0625 1.19
vt 0.0625 1.03
vt 0.0625 1.19
vt 0 1.19
vt 0 1.03
vt 0.0625 1.03
vt 0.0625 1.19
vt 0 1.19
vt 0 1.03
vt 0.0625 1.03
vt 0 1.03
vt 0.0625 1.19
vt 0 1.19
vt 0.0625 1.03
vt 0.0625 1.19
vt 0 1.03
vt 0.0625 1.03
vt 0 1.19
vt 0.0625 1.19
vt 0 1.03
vt 0.0625 1.03
vt 0 1.19
vt 0.0625 1.03
vt 0.0625 1.19
vt 0 1.03
vt 0 1.19
vt 0 1.03
vt 0.0625 1.03
vt 0.0625 1.19
vt 0 1.19
vt 0 1.19
vt 0 1.03
vt 0.0625 1.19
vt 0.0625 1.03
vt 0.0625 1.19
vt 0 1.19
vt 0 1.03
vt 0.0625 1.03
vt 0.0625 1.19
vt 0 1.19
vt 0 1.03
vt 0.0625 1.03
vt 0 1.03
vt 0.0625 1.19
vt 0 1.19
vt 0.0625 1.03
vt 0.0625 1.19
vt 0 1.03
vt 0.0625 1.03
vt 0 1.19
vt 0.0625 1.19
vt 0 1.03
vt 0.0625 1.03
vt 0 1.19
vt 0.0625 1.03
vt 0.0625 1.19
vt 0 1.03
vt 0 1.19
vt 0 1.03
vt 0.0625 1.03
vt 0.0625 1.19
vt 0 1.19
vt 0.135 1.025
vt 0.01 1.01
vt 0.135 1.01
vt 0.01 1.025
vt 0.135 1.025
vt 0.01 1.01
vt 0.135 1.01
vt 0.01 1.025
vt 0.135 1.025
vt 0.01 1.01
vt 0.135 1.01
vt 0.01 1.025
vt 0.135 1.025
vt 0.01 1.01
vt 0.135 1.01
vt 0.01 1.025
vt 0.135 1.01
vt 0.135 1.025
vt 0.01 1.01
vt 0.01 1.025
vt 0.135 1.01
vt 0.135 1.025
vt 0.01 1.01
vt 0.01 1.025
vt 0.135 1.01
vt 0.135 1.025
vt 0.01 1.01
vt 0.01 1.025
vt 0.135 1.01
vt 0.135 1.025
vt 0.01 1.01
vt 0.01 1.025
vt 0.135 1.01
vt 0.135 1.025
vt 0.01 1.01
vt 0.01 1.025
vt 0.135 1.025
vt 0.01 1.01
vt 0.135 1.01
vt 0.01 1.025
vt 0.135 1.01
vt 0.01 1.025
vt 0.01 1.01
vt 0.135 1.025
vt 0.135 1.01
vt 0.135 1.025
vt 0.01 1.01
vt 0.01 1.025
vt 0.135 1.01
vt 0.135 1.025
vt 0.01 1.01
vt 0.01 1.025
vt 0.135 1.01
vt 0.135 1.025
vt 0.01 1.01
vt 0.01 1.025
vt 0.135 1.01
vt 0.01 1.025
vt 0.01 1.01
vt 0.135 1.025
vt 0.135 1.01
vt 0.135 1.025
vt 0.01 1.01
vt 0.01 1.025
vt 0.01 1.025
vt 0.01 1.01
vt 0.135 1.025
vt 0.135 1.01
vt 0.01 1.025
vt 0.01 1.01
vt 0.135 1.025
vt 0.135 1.01
vt 0.01 1.025
vt 0.01 1.01
vt 0.135 1.025
vt 0.135 1.01
vt 0.01 1.025
vt 0.01 1.01
vt 0.135 1.025
vt 0.135 1.01
vt 0.01 1.025
vt 0.01 1.01
vt 0.135 1.025
vt 0.135 1.01
vt 0.01 1.025
vt 0.01 1.01
vt 0.135 1.025
vt 0.135 1.01
vt 0.135 1.025
vt 0.01 1.01
vt 0.135 1.01
vt 0.01 1.025
vt 0.135 1.01
vt 0.01 1.025
vt 0.01 1.01
vt 0.135 1.025
vt 0 1.025
vt 0 1.01
vt 0.125 1.025
vt 0.125 1.01
vt 0 1.025
vt 0 1.01
vt 0.125 1.025
vt 0.125 1.01
vt 0 1.025
vt 0 1.01
vt 0.125 1.025
vt 0.125 1.01
vt 0.125 1.01
vt 0.125 1.025
vt 0 1.01
vt 0 1.025
vt 0.125 1.01
vt 0.125 1.025
vt 0 1.01
vt 0 1.025
vt 0.125 1.025
vt 0 1.01
vt 0.125 1.01
vt 0 1.025
vt 0.125 1.01
vt 0.125 1.025
vt 0 1.01
vt 0 1.025
vt 0.125 1.01
vt 0.125 1.025
vt 0 1.01
vt 0 1.025
vt 0.125 1.025
vt 0 1.01
vt 0.125 1.01
vt 0 1.025
vt 0.125 1.025
vt 0 1.01
vt 0.125 1.01
vt 0 1.025
vt 0.125 1.025
vt 0 1.01
vt 0.125 1.01
vt 0 1.025
vt 0.125 1.025
vt 0 1.01
vt 0.125 1.01
vt 0 1.025
vt 0.125 1.025
vt 0 1.01
vt 0.125 1.01
vt 0 1.025
vt 0.125 1.025
vt 0 1.01
vt 0.125 1.01
vt 0 1.025
vt 0.125 1.025
vt 0 1.01
vt 0.125 1.01
vt 0 1.025
vt 0.125 1.025
vt 0 1.025
vt 0 1.01
vt 0.125 1.01
vt 0.125 1.025
vt 0 1.025
vt 0 1.01
vt 0.125 1.01
vt 0.125 1.025
vt 0 1.025
vt 0 1.01
vt 0.125 1.01
vt 0 1.025
vt 0.125 1.01
vt 0.125 1.025
vt 0 1.01
vt 0.125 1.025
vt 0 1.025
vt 0 1.01
vt 0.125 1.01
vt 0.125 1.025
vt 0 1.025
vt 0 1.01
vt 0.125 1.01
vt 0 1.025
vt 0 1.01
vt 0.125 1.025
vt 0.125 1.01
vt 0 1.025
vt 0 1.01
vt 0.125 1.025
vt 0.125 1.01
vt 0 1.025
vt 0.125 1.01
vt 0.125 1.025
vt 0 1.01
vt 0.0625 1.19
vt 0 1.19
vt -0.0625 1.184548
vt 0.183241 1.184548
vt 0.125 1.19
vt 0.0625 1.19
vt 0.291494 1.168564
vt 0.241482 1.179096
vt 0.183241 1.184548
vt 0.379883 1.143137
vt 0.341507 1.158032
vt 0.291494 1.168564
vt 0.442383 1.11
vt 0.418259 1.128242
vt 0.379883 1.143137
vt 0.474736 1.071411
vt 0.466507 1.091758
vt 0.442383 1.11
vt 0.474736 1.03
vt 0.482964 1.051064
vt 0.474736 1.071411
vt 0.442384 0.988589
vt 0.466508 1.008935
vt 0.474736 1.03
vt 0.379884 0.95
vt 0.41826 0.968242
vt 0.442384 0.988589
vt 0.291495 0.916863
vt 0.341508 0.931757
vt 0.379884 0.95
vt 0.183242 0.891436
vt 0.241483 0.901968
vt 0.291495 0.916863
vt 0.062501 0.875451
vt 0.125001 0.880903
vt 0.183242 0.891436
vt -0.062499 0.87
vt 0.000001 0.87
vt 0.062501 0.875451
vt -0.183241 0.875451
vt -0.125 0.869999
vt -0.291494 0.891435
vt -0.241482 0.880903
vt -0.379884 0.916862
vt -0.341507 0.901968
vt -0.442384 0.95
vt -0.41826 0.931757
vt -0.474737 0.988589
vt -0.466508 0.968242
vt -0.474737 1.03
vt -0.482965 1.008935
vt -0.442385 1.071411
vt -0.466509 1.051064
vt -0.379884 1.11
vt -0.41826 1.091758
vt -0.291496 1.143137
vt -0.341508 1.128243
vt -0.183242 1.168565
vt -0.241483 1.158032
vt -0.125001 1.179097
vt 0.125 1.03
vt 0.125 1.19
vt 0.125 1.03
vt 0.125 1.19
vt 0.125 1.03
vt 0.125 1.19
vt 0.125 1.03
vt 0.125 1.19
vt 0.125 1.03
vt 0.125 1.19
vt 0.125 1.03
vt 0.125 1.19
vt 0.125 1.03
vt 0.125 1.19
vt 0.125 1.03
vt 0.125 1.19
vt 0.125 1.03
vt 0.125 1.19
vt 0.125 1.03
vt 0.125 1.19
vt 0.125 1.03
vt 0.125 1.19
vt 0.125 1.03
vt 0.125 1.19
vt 0.125 1.03
vt 0.125 1.19
vt 0.125 1.03
vt 0.125 1.19
vt 0.125 1.03
vt 0.125 1.19
vt 0.125 1.03
vt 0.125 1.19
vt 0.125 1.03
vt 0.125 1.19
vt 0.125 1.03
vt 0.125 1.19
vt 0.125 1.03
vt 0.125 1.19
vt 0.125 1.03
vt 0.125 1.19
vt 0.125 1.03
vt 0.125 1.19
vt 0.125 1.03
vt 0.125 1.19
vt 0.125 1.03
vt 0.125 1.19
vt 0.125 1.03
vt 0.125 1.19
vt 0.135 1.025
vt 0.01 1.01
vt 0.135 1.01
vt 0.01 1.025
vt 0.135 1.025
vt 0.01 1.01
vt 0.135 1.01
vt 0.01 1.025
vt 0.135 1.025
vt 0.01 1.01
vt 0.135 1.01
vt 0.01 1.025
vt 0.135 1.025
vt 0.01 1.01
vt 0.135 1.01
vt 0.01 1.025
vt 0.135 1.025
vt 0.01 1.01
vt 0.135 1.01
vt 0.01 1.025
vt 0.135 1.01
vt 0.135 1.025
vt 0.01 1.01
vt 0.01 1.025
vt 0.135 1.01
vt 0.135 1.025
vt 0.01 1.01
vt 0.01 1.025
vt 0.135 1.01
vt 0.135 1.025
vt 0.01 1.01
vt 0.01 1.025
vt 0.135 1.01
vt 0.135 1.025
vt 0.01 1.01
vt 0.01 1.025
vt 0.135 1.01
vt 0.135 1.025
vt 0.01 1.01
vt 0.01 1.025
vt 0.135 1.01
vt 0.135 1.025
vt 0.01 1.01
vt 0.01 1.025
vt 0.135 1.01
vt 0.135 1.025
vt 0.01 1.01
vt 0.01 1.025
vt 0.135 1.01
vt 0.135 1.025
vt 0.01 1.01
vt 0.01 1.025
vt 0.135 1.01
vt 0.135 1.025
vt 0.01 1.01
vt 0.01 1.025
vt 0.135 1.01
vt 0.135 1.025
vt 0.01 1.01
vt 0.01 1.025
vt 0.135 1.01
vt 0.01 1.025
vt 0.01 1.01
vt 0.135 1.025
vt 0.01 1.025
vt 0.01 1.01
vt 0.135 1.025
vt 0.135 1.01
vt 0.01 1.025
vt 0.135 1.01
vt 0.135 1.025
vt 0.01 1.01
vt 0.01 1.025
vt 0.135 1.01
vt 0.135 1.025
vt 0.01 1.01
vt 0.01 1.025
vt 0.01 1.01
vt 0.135 1.025
vt 0.135 1.01
vt 0.01 1.025
vt 0.135 1.01
vt 0.135 1.025
vt 0.01 1.01
vt 0.01 1.025
vt 0.01 1.01
vt 0.135 1.025
vt 0.135 1.01
vt 0.135 1.025
vt 0.01 1.01
vt 0.135 1.01
vt 0.01 1.025
vt 0.135 1.025
vt 0.01 1.01
vt 0.135 1.01
vt 0.01 1.025
vt 0 1.025
vt 0 1.01
vt 0.125 1.025
vt 0.125 1.01
vt 0 1.025
vt 0 1.01
vt 0.125 1.025
vt 0.125 1.01
vt 0 1.025
vt 0 1.01
vt 0.125 1.025
vt 0.125 1.01
vt 0.125 1.01
vt 0.125 1.025
vt 0 1.01
vt 0 1.025
vt 0.125 1.01
vt 0.125 1.025
vt 0 1.01
vt 0 1.025
vt 0.125 1.01
vt 0.125 1.025
vt 0 1.01
vt 0 1.025
vt 0.125 1.025
vt 0 1.01
vt 0.125 1.01
vt 0 1.025
vt 0.125 1.01
vt 0.125 1.025
vt 0 1.01
vt 0 1.025
vt 0.125 1.025
vt 0 1.01
vt 0.125 1.01
vt 0 1.025
vt 0.125 1.025
vt 0 1.01
vt 0.125 1.01
vt 0 1.025
vt 0.125 1.025
vt 0 1.01
vt 0.125 1.01
vt 0 1.025
vt 0.125 1.025
vt 0 1.01
vt 0.125 1.01
vt 0 1.025
vt 0.125 1.025
vt 0 1.01
vt 0.125 1.01
vt 0 1.025
vt 0.125 1.025
vt 0 1.01
vt 0.125 1.01
vt 0 1.025
vt 0.125 1.025
vt 0 1.01
vt 0.125 1.01
vt 0 1.025
vt 0.125 1.025
vt 0 1.025
vt 0 1.01
vt 0.125 1.01
vt 0.125 1.025
vt 0 1.025
vt 0 1.01
vt 0.125 1.01
vt 0.125 1.025
vt 0 1.025
vt 0 1.01
vt 0.125 1.01
vt 0.125 1.025
vt 0 1.025
vt 0 1.01
vt 0.125 1.01
vt 0.125 1.025
vt 0 1.025
vt 0 1.01
vt 0.125 1.01
vt 0.125 1.025
vt 0 1.025
vt 0 1.01
vt 0.125 1.01
vt 0 1.025
vt 0 1.01
vt 0.125 1.025
vt 0.125 1.01
vt 0 1.025
vt 0 1.01
vt 0.125 1.025
vt 0.125 1.01
vt 0 1.025
vt 0 1.01
vt 0.125 1.025
vt 0.125 1.01
vt -0.306813 2.07
vt -0.306812 2.2325
vt -0.50875 2.2225
vt -0.006194 2.0175
vt -0.50875 2.0175
vt -0.006194 2.2225
vt -0.006194 2.083125
vt -0.50875 2.083125
vt -0.705376 2.0175
vt 0.911562 1.66875
vt 0.911562 1.85625
vt 2.004086 1.431562
vt 1.499883 1.431562
vt 0.941562 1.58875
vt 0.941562 1.5775
vt 0.941562 1.56875
vt 0.941562 1.5625
vt 0.54 1.351562
vt 0.54875 1.351562
vt 0.56 1.351562
vt -0.004368 2.256316
vt -0.011386 2.256316
vt -0.004368 2.270351
vt -0.50875 2.2325
vt -0.006194 2.2225
vt -0.50875 2.2225
vt -0.006194 2.2325
vt -0.006194 2.156875
vt -0.50875 2.156875
vt -0.50875 2.166875
vt -0.006194 2.166875
vt -0.72925 2.070554
vt -0.73375 2.2325
vt -0.72925 2.2325
vt -0.73375 2.07
vt -0.705376 2.166875
vt -0.705625 2.156875
vt 1.011246 2.424813
vt 1.011246 2.949574
vt 1.018263 2.950351
vt 1.018263 2.424035
vt -0.004368 2.406316
vt 0.499823 2.420351
vt 0.500018 2.406316
vt -0.004368 2.420351
vt 0.499823 2.944035
vt -0.004368 2.944035
vt -0.004368 2.95807
vt 0.500018 2.95807
vt -0.705625 2.0075
vt -0.71459 2.019775
vt -0.705376 2.0175
vt -0.71575 2.01
vt 1.048263 2.444035
vt 1.046509 2.412456
vt 1.039649 2.416073
vt 1.041246 2.444813
vt 1.018384 2.940842
vt 1.004403 2.95807
vt 1.020193 2.954561
vt 1.004015 2.944035
vt -0.728226 2.050077
vt -0.732625 2.0475
vt -0.725455 2.035709
vt -0.72925 2.03
vt -0.721056 2.025933
vt -0.723625 2.0175
vt 1.018384 2.373544
vt 1.004403 2.356316
vt 1.004015 2.370351
vt 1.020193 2.359825
vt 1.028467 2.382187
vt 1.032474 2.370351
vt 1.041246 2.387895
vt 1.035328 2.395908
vt 1.039649 2.898313
vt 1.048263 2.870351
vt 1.041246 2.869574
vt 1.046509 2.90193
vt 1.035328 2.918478
vt 1.041246 2.926491
vt 1.032474 2.944035
vt 1.028467 2.9322
vt 1.000625 1.351562
vt 1.36 1.351562
vt 1.004015 2.420351
vt 1.004403 2.406316
vt -0.50875 2.156875
vt -0.006194 2.156875
vt -0.705625 2.156875
vt 0.64125 1.351563
vt -0.306813 2.0475
vt 0.941562 1.77625
vt 0.941562 1.7875
vt -0.306813 2.03
vt -0.72925 2.156875
vt -0.723625 2.156875
vt -0.71575 2.156875
vt 0.941562 1.79625
vt 0.941562 1.8025
vt 1.37125 1.351562
vt 1.38 1.351562
vt 0.99568 1.431562
vt -0.499823 2.430351
vt -0.017393 2.461614
vt -0.499823 2.461614
vt 0.004368 2.430351
vt -1.004015 2.430351
vt -0.982306 2.461614
vt 0.017393 2.461614
vt 0.499823 2.461614
vt 0.017393 2.461614
vt 0.499823 2.461614
vt 0.982306 2.461614
vt 0.982306 2.461614
vt 0.017393 2.351614
vt 0.017393 2.456877
vt 0.017393 2.456877
vt 0.017393 2.351614
vt 0.017393 2.416877
vt 0.499823 2.416877
vt 0.499823 2.416877
vt 0.017393 2.416877
vt 0.982306 2.416877
vt 0.982306 2.416877
vt 0.982306 2.416877
vt 0.982306 2.311614
vt 0.982306 2.416877
vt 0.982306 2.311614
vt -1.018384 2.383544
vt -0.982306 2.411614
vt -1.028467 2.392187
vt -1.004015 2.380351
vt -1.035328 2.405908
vt -1.039649 2.426073
vt -1.041246 2.354813
vt -0.982306 2.416877
vt -1.041246 2.879574
vt -0.982306 2.516877
vt -1.041246 2.454813
vt -0.499823 2.954035
vt -1.004015 2.954035
vt -0.499823 2.416877
vt -1.018384 2.950842
vt -1.028467 2.9422
vt -1.035328 2.928478
vt -1.039649 2.908313
vt -0.017393 2.416877
vt 0.004368 2.954035
vt 0.004368 2.320351
vt -0.017393 2.456877
vt -0.017393 2.351614
vt 0.004368 2.994035
vt -0.71459 2.019775
vt -0.721056 2.025933
vt -0.51325 2.2325
vt -0.725455 2.035709
vt -0.728226 2.050077
vt -0.72925 2.070554
vt -0.72925 2.2325
vt 0 1.19
vt 0.0625 1.19
vt 0 1.03
vt 0.0625 1.03
vt 0.0625 1.19
vt 0 1.03
vt 0 1.19
vt 0.0625 1.03
vt 0.0625 1.19
vt 0 1.03
vt 0 1.19
vt 0.0625 1.03
vt 0 1.03
vt 0.0625 1.19
vt 0.0625 1.03
vt 0 1.19
vt 0.0625 1.19
vt 0.0625 1.03
vt 0 1.03
vt 0 1.19
vt 0.0625 1.03
vt 0 1.03
vt 0.0625 1.19
vt 0 1.19
vt 0.0625 1.03
vt 0 1.03
vt 0.0625 1.19
vt 0 1.19
vt 0 1.19
vt 0.0625 1.19
vt 0 1.03
vt 0.0625 1.03
vt 0 1.19
vt 0.0625 1.19
vt 0 1.03
vt 0.0625 1.03
vt 0.0625 1.19
vt 0 1.03
vt 0 1.19
vt 0.0625 1.03
vt 0.0625 1.19
vt 0 1.03
vt 0 1.19
vt 0.0625 1.03
vt 0 1.03
vt 0.0625 1.19
vt 0.0625 1.03
vt 0 1.19
vt 0.0625 1.19
vt 0.0625 1.03
vt 0 1.03
vt 0 1.19
vt 0.0625 1.03
vt 0 1.03
vt 0.0625 1.19
vt 0 1.19
vt 0 1.03
vt 0 1.19
vt 0.0625 1.19
vt 0.0625 1.03
vt 0 1.19
vt 0.0625 1.19
vt 0 1.03
vt 0.0625 1.03
vt 0 1.19
vt 0.0625 1.19
vt 0 1.03
vt 0.0625 1.03
vt 0.0625 1.19
vt 0 1.03
vt 0 1.19
vt 0.0625 1.03
vt 0.0625 1.19
vt 0 1.03
vt 0 1.19
vt 0.0625 1.03
vt 0 1.03
vt 0.0625 1.19
vt 0.0625 1.03
vt 0 1.19
vt 0.0625 1.19
vt 0.0625 1.03
vt 0 1.03
vt 0 1.19
vt 0.0625 1.03
vt 0 1.03
vt 0.0625 1.19
vt 0 1.19
vt 0.0625 1.03
vt 0 1.03
vt 0.0625 1.19
vt 0 1.19
vt 0 1.19
vt 0.0625 1.19
vt 0 1.03
vt 0.0625 1.03
vt 0.135 1.025
vt 0.135 1.01
vt 0.01 1.01
vt 0.01 1.025
vt 0.135 1.025
vt 0.135 1.01
vt 0.01 1.01
vt 0.01 1.025
vt 0.135 1.025
vt 0.135 1.01
vt 0.01 1.01
vt 0.01 1.025
vt 0.135 1.025
vt 0.135 1.01
vt 0.01 1.01
vt 0.01 1.025
vt 0.135 1.025
vt 0.01 1.01
vt 0.01 1.025
vt 0.135 1.01
vt 0.135 1.025
vt 0.01 1.01
vt 0.01 1.025
vt 0.135 1.01
vt 0.135 1.025
vt 0.01 1.01
vt 0.01 1.025
vt 0.135 1.01
vt 0.135 1.025
vt 0.01 1.01
vt 0.01 1.025
vt 0.135 1.01
vt 0.135 1.025
vt 0.01 1.01
vt 0.01 1.025
vt 0.135 1.01
vt 0.135 1.025
vt 0.01 1.01
vt 0.01 1.025
vt 0.135 1.01
vt 0.01 1.025
vt 0.135 1.01
vt 0.01 1.01
vt 0.135 1.025
vt 0.135 1.025
vt 0.01 1.01
vt 0.01 1.025
vt 0.135 1.01
vt 0.135 1.025
vt 0.01 1.01
vt 0.01 1.025
vt 0.135 1.01
vt 0.01 1.01
vt 0.01 1.025
vt 0.135 1.025
vt 0.135 1.01
vt 0.01 1.025
vt 0.135 1.01
vt 0.01 1.01
vt 0.135 1.025
vt 0.01 1.01
vt 0.01 1.025
vt 0.135 1.025
vt 0.135 1.01
vt 0.135 1.025
vt 0.135 1.01
vt 0.01 1.01
vt 0.01 1.025
vt 0.135 1.025
vt 0.135 1.01
vt 0.01 1.01
vt 0.01 1.025
vt 0.135 1.025
vt 0.135 1.01
vt 0.01 1.01
vt 0.01 1.025
vt 0.135 1.025
vt 0.135 1.01
vt 0.01 1.01
vt 0.01 1.025
vt 0.135 1.025
vt 0.135 1.01
vt 0.01 1.01
vt 0.01 1.025
vt 0.135 1.025
vt 0.135 1.01
vt 0.01 1.01
vt 0.01 1.025
vt 0.135 1.025
vt 0.135 1.01
vt 0.01 1.01
vt 0.01 1.025
vt 0.135 1.01
vt 0.01 1.025
vt 0.135 1.025
vt 0.01 1.01
vt 0.125 1.025
vt 0 1.01
vt 0 1.025
vt 0.125 1.01
vt 0 1.025
vt 0.125 1.025
vt 0 1.01
vt 0.125 1.01
vt 0 1.025
vt 0.125 1.025
vt 0 1.01
vt 0.125 1.01
vt 0.125 1.025
vt 0 1.01
vt 0 1.025
vt 0.125 1.01
vt 0.125 1.025
vt 0 1.01
vt 0 1.025
vt 0.125 1.01
vt 0.125 1.025
vt 0 1.01
vt 0 1.025
vt 0.125 1.01
vt 0.125 1.025
vt 0 1.01
vt 0 1.025
vt 0.125 1.01
vt 0.125 1.025
vt 0 1.01
vt 0 1.025
vt 0.125 1.01
vt 0.125 1.025
vt 0 1.01
vt 0 1.025
vt 0.125 1.01
vt 0.125 1.025
vt 0.125 1.01
vt 0 1.01
vt 0 1.025
vt 0.125 1.025
vt 0.125 1.01
vt 0 1.01
vt 0 1.025
vt 0.125 1.025
vt 0.125 1.01
vt 0 1.01
vt 0 1.025
vt 0.125 1.025
vt 0.125 1.01
vt 0 1.01
vt 0 1.025
vt 0.125 1.025
vt 0.125 1.01
vt 0 1.01
vt 0 1.025
vt 0.125 1.025
vt 0.125 1.01
vt 0 1.01
vt 0 1.025
vt 0.125 1.01
vt 0 1.01
vt 0.125 1.025
vt 0 1.025
vt 0.125 1.01
vt 0 1.01
vt 0.125 1.025
vt 0 1.025
vt 0.125 1.01
vt 0 1.01
vt 0.125 1.025
vt 0 1.025
vt 0.125 1.01
vt 0 1.025
vt 0.125 1.025
vt 0 1.01
vt 0.125 1.01
vt 0 1.01
vt 0.125 1.025
vt 0 1.025
vt 0.125 1.01
vt 0 1.01
vt 0.125 1.025
vt 0 1.025
vt 0 1.025
vt 0.125 1.025
vt 0 1.01
vt 0.125 1.01
vt 0.125 1.025
vt 0 1.01
vt 0 1.025
vt 0.125 1.01
vt 0 1.025
vt 0.125 1.01
vt 0 1.01
vt 0.125 1.025
vt 0.0625 1.19
vt -0.0625 1.184548
vt 0 1.19
vt 0.183241 1.184548
vt 0.0625 1.19
vt 0.125 1.19
vt 0.291494 1.168564
vt 0.183241 1.184548
vt 0.241482 1.179096
vt 0.379883 1.143137
vt 0.291494 1.168564
vt 0.341507 1.158032
vt 0.442383 1.11
vt 0.379883 1.143137
vt 0.418259 1.128242
vt 0.474736 1.071411
vt 0.442383 1.11
vt 0.466507 1.091758
vt 0.474736 1.03
vt 0.474736 1.071411
vt 0.482964 1.051064
vt 0.442384 0.988589
vt 0.474736 1.03
vt 0.466508 1.008935
vt 0.379884 0.95
vt 0.442384 0.988589
vt 0.41826 0.968242
vt 0.291495 0.916863
vt 0.379884 0.95
vt 0.341508 0.931757
vt 0.183242 0.891436
vt 0.291495 0.916863
vt 0.241483 0.901968
vt 0.062501 0.875451
vt 0.183242 0.891436
vt 0.125001 0.880903
vt -0.062499 0.87
vt 0.062501 0.875451
vt 0.000001 0.87
vt -0.183241 0.875451
vt -0.125 0.869999
vt -0.291494 0.891435
vt -0.241482 0.880903
vt -0.379884 0.916862
vt -0.341507 0.901968
vt -0.442384 0.95
vt -0.41826 0.931757
vt -0.474737 0.988589
vt -0.466508 0.968242
vt -0.474737 1.03
vt -0.482965 1.008935
vt -0.442385 1.071411
vt -0.466509 1.051064
vt -0.379884 1.11
vt -0.41826 1.091758
vt -0.291496 1.143137
vt -0.341508 1.128243
vt -0.183242 1.168565
vt -0.241483 1.158032
vt -0.125001 1.179097
vt 0.125 1.03
vt 0.125 1.19
vt 0.125 1.03
vt 0.125 1.19
vt 0.125 1.03
vt 0.125 1.19
vt 0.125 1.03
vt 0.125 1.19
vt 0.125 1.03
vt 0.125 1.19
vt 0.125 1.03
vt 0.125 1.19
vt 0.125 1.03
vt 0.125 1.19
vt 0.125 1.03
vt 0.125 1.19
vt 0.125 1.03
vt 0.125 1.19
vt 0.125 1.03
vt 0.125 1.19
vt 0.125 1.03
vt 0.125 1.19
vt 0.125 1.03
vt 0.125 1.19
vt 0.125 1.03
vt 0.125 1.19
vt 0.125 1.03
vt 0.125 1.19
vt 0.125 1.03
vt 0.125 1.19
vt 0.125 1.03
vt 0.125 1.19
vt 0.125 1.03
vt 0.125 1.19
vt 0.125 1.03
vt 0.125 1.19
vt 0.125 1.03
vt 0.125 1.19
vt 0.125 1.03
vt 0.125 1.19
vt 0.125 1.03
vt 0.125 1.19
vt 0.125 1.03
vt 0.125 1.19
vt 0.125 1.03
vt 0.125 1.19
vt 0.125 1.03
vt 0.125 1.19
vt 0.135 1.025
vt 0.135 1.01
vt 0.01 1.01
vt 0.01 1.025
vt 0.135 1.025
vt 0.135 1.01
vt 0.01 1.01
vt 0.01 1.025
vt 0.135 1.025
vt 0.135 1.01
vt 0.01 1.01
vt 0.01 1.025
vt 0.135 1.025
vt 0.135 1.01
vt 0.01 1.01
vt 0.01 1.025
vt 0.135 1.025
vt 0.01 1.01
vt 0.01 1.025
vt 0.135 1.01
vt 0.135 1.025
vt 0.01 1.01
vt 0.01 1.025
vt 0.135 1.01
vt 0.135 1.025
vt 0.01 1.01
vt 0.01 1.025
vt 0.135 1.01
vt 0.135 1.025
vt 0.01 1.01
vt 0.01 1.025
vt 0.135 1.01
vt 0.135 1.025
vt 0.01 1.01
vt 0.01 1.025
vt 0.135 1.01
vt 0.135 1.025
vt 0.01 1.01
vt 0.01 1.025
vt 0.135 1.01
vt 0.135 1.025
vt 0.01 1.01
vt 0.01 1.025
vt 0.135 1.01
vt 0.135 1.025
vt 0.01 1.01
vt 0.01 1.025
vt 0.135 1.01
vt 0.01 1.01
vt 0.01 1.025
vt 0.135 1.025
vt 0.135 1.01
vt 0.01 1.01
vt 0.01 1.025
vt 0.135 1.025
vt 0.135 1.01
vt 0.135 1.025
vt 0.01 1.01
vt 0.01 1.025
vt 0.135 1.01
vt 0.01 1.025
vt 0.135 1.01
vt 0.01 1.01
vt 0.135 1.025
vt 0.135 1.025
vt 0.135 1.01
vt 0.01 1.01
vt 0.01 1.025
vt 0.135 1.01
vt 0.01 1.025
vt 0.135 1.025
vt 0.01 1.01
vt 0.135 1.01
vt 0.01 1.025
vt 0.135 1.025
vt 0.01 1.01
vt 0.135 1.025
vt 0.135 1.01
vt 0.01 1.01
vt 0.01 1.025
vt 0.135 1.01
vt 0.01 1.025
vt 0.135 1.025
vt 0.01 1.01
vt 0.135 1.025
vt 0.135 1.01
vt 0.01 1.01
vt 0.01 1.025
vt 0.135 1.025
vt 0.135 1.01
vt 0.01 1.01
vt 0.01 1.025
vt 0.135 1.025
vt 0.135 1.01
vt 0.01 1.01
vt 0.01 1.025
vt 0.125 1.025
vt 0 1.01
vt 0 1.025
vt 0.125 1.01
vt 0.125 1.025
vt 0 1.01
vt 0 1.025
vt 0.125 1.01
vt 0 1.025
vt 0.125 1.025
vt 0 1.01
vt 0.125 1.01
vt 0.125 1.025
vt 0 1.01
vt 0 1.025
vt 0.125 1.01
vt 0.125 1.025
vt 0 1.01
vt 0 1.025
vt 0.125 1.01
vt 0.125 1.025
vt 0 1.01
vt 0 1.025
vt 0.125 1.01
vt 0.125 1.025
vt 0 1.01
vt 0 1.025
vt 0.125 1.01
vt 0.125 1.025
vt 0 1.01
vt 0 1.025
vt 0.125 1.01
vt 0.125 1.025
vt 0 1.01
vt 0 1.025
vt 0.125 1.01
vt 0.125 1.025
vt 0.125 1.01
vt 0 1.01
vt 0 1.025
vt 0.125 1.025
vt 0.125 1.01
vt 0 1.01
vt 0 1.025
vt 0.125 1.025
vt 0.125 1.01
vt 0 1.01
vt 0 1.025
vt 0.125 1.025
vt 0.125 1.01
vt 0 1.01
vt 0 1.025
vt 0.125 1.025
vt 0.125 1.01
vt 0 1.01
vt 0 1.025
vt 0.125 1.025
vt 0.125 1.01
vt 0 1.01
vt 0 1.025
vt 0.125 1.01
vt 0 1.01
vt 0.125 1.025
vt 0 1.025
vt 0.125 1.01
vt 0 1.01
vt 0.125 1.025
vt 0 1.025
vt 0.125 1.01
vt 0 1.01
vt 0.125 1.025
vt 0 1.025
vt 0.125 1.01
vt 0 1.01
vt 0.125 1.025
vt 0 1.025
vt 0.125 1.01
vt 0 1.01
vt 0.125 1.025
vt 0 1.025
vt 0.125 1.01
vt 0 1.01
vt 0.125 1.025
vt 0 1.025
vt 0 1.025
vt 0.125 1.025
vt 0 1.01
vt 0.125 1.01
vt 0 1.025
vt 0.125 1.025
vt 0 1.01
vt 0.125 1.01
vt 0.125 1.025
vt 0 1.01
vt 0 1.025
vt 0.125 1.01
vn 0 -0.0 1
vn -0.039104 -0.039104 0.99847
vn -0.039104 -0.039104 0.99847
vn 0 -0.0 1
vn 0.707107 -0.707107 0
vn 0.707107 -0.707107 0
vn 0.707107 -0.707107 0
vn 0.707107 -0.707107 0
vn 0.707107 0.707107 0
vn 0.707107 0.707107 0
vn 0.707107 0.707107 0
vn 0.707107 0.707107 0
vn 0.707107 -0.707107 0
vn 0.706025 0.706025 0.055302
vn 0.706025 0.706025 -0.055302
vn 0.706025 0.706025 0.055302
vn 0.706025 0.706025 -0.055302
vn 0 -0.0 -1
vn 0 -0.0 -1
vn 0 -0.0 -1
vn 0 -0.0 -1
vn 0.683744 0.683744 -0.25493
vn 0.683744 0.683744 -0.25493
vn 0.706025 0.706025 -0.055302
vn 0.706025 0.706025 -0.055302
vn 0.585532 0.585532 -0.560628
vn 0.585532 0.585532 -0.560628
vn 0.396424 0.396424 -0.828068
vn 0.396424 0.396424 -0.828068
vn 0.180262 0.180262 -0.96696
vn 0.180262 0.180262 -0.96696
vn 0.396424 0.396424 -0.828068
vn 0.396424 0.396424 -0.828068
vn 0.039104 0.039104 -0.99847
vn 0.039104 0.039104 -0.99847
vn 0.816496 -0.0 -0.577351
vn 0.816496 -0.0 -0.577351
vn 0.816496 -0.0 -0.577351
vn 1 -0.0 0
vn 1 -0.0 0
vn 1 -0.0 0
vn 1 -0.0 0
vn 0 -1.0 0
vn 0 -1.0 0
vn 0 -1.0 0
vn 0 -1.0 0
vn 0.472753 -0.528012 0.705484
vn 0.5 -0.5 0.707107
vn 0.472753 -0.528012 0.705484
vn 0.5 -0.5 0.707107
vn 0.00153 -0.999235 0.039073
vn 0.00153 -0.999235 0.039073
vn 0.999235 -0.00153 -0.039074
vn 0.999235 -0.00153 0.039074
vn 0.999235 -0.00153 0.039074
vn 0.999235 -0.00153 -0.039074
vn 0.5 -0.5 -0.707107
vn 0.5 -0.5 -0.707107
vn 0.5 -0.5 -0.707107
vn 0.5 -0.5 -0.707107
vn 0.5 -0.5 0.707107
vn 0.5 -0.5 0.707107
vn 0.5 -0.5 0.707107
vn 0.5 -0.5 0.707107
vn 0.00153 -0.999235 0.039073
vn 0.021861 -0.983555 0.179281
vn 0.021861 -0.983555 0.179281
vn 0.00153 -0.999235 0.039073
vn 0.999235 -0.00153 -0.039074
vn 0.983555 -0.021861 -0.179281
vn 0.999235 -0.00153 -0.039074
vn 0.983555 -0.021861 -0.179281
vn 0.629479 -0.375937 0.680021
vn 0.528012 -0.472753 0.705484
vn 0.629478 -0.375937 0.680021
vn 0.528012 -0.472753 0.705484
vn 0.375937 -0.629478 0.680021
vn 0.375937 -0.629478 0.680021
vn 0.226781 -0.782282 0.580177
vn 0.226781 -0.782282 0.580177
vn 0.094284 -0.914778 0.392799
vn 0.094284 -0.914778 0.392799
vn 0.528012 -0.472753 -0.705484
vn 0.629478 -0.375937 -0.680021
vn 0.528012 -0.472753 -0.705484
vn 0.629479 -0.375937 -0.680021
vn 0.782282 -0.226781 -0.580177
vn 0.782282 -0.226781 -0.580177
vn 0.914779 -0.094284 -0.392798
vn 0.914778 -0.094284 -0.392799
vn 0.983555 -0.021861 0.179281
vn 0.999235 -0.00153 0.039074
vn 0.983555 -0.021861 0.179281
vn 0.999235 -0.00153 0.039074
vn 0.914778 -0.094284 0.392799
vn 0.914779 -0.094284 0.392798
vn 0.782282 -0.226781 0.580177
vn 0.782282 -0.226781 0.580177
vn 0.039104 0.039104 0.99847
vn 0 -0.0 1
vn 0 -0.0 1
vn 0.039104 0.039104 0.99847
vn 0.528012 -0.472753 -0.705484
vn 0.528012 -0.472753 -0.705484
vn -0.707107 -0.707107 0
vn -0.707107 -0.707107 0
vn -0.707107 -0.707107 0
vn -0.707107 -0.707107 0
vn -0.706025 -0.706025 0.0553
vn -0.706025 -0.706025 0.0553
vn 0 -0.0 1
vn 0 -0.0 1
vn -0.180262 -0.180262 0.96696
vn -0.180262 -0.180262 0.96696
vn 0.683744 0.683744 0.25493
vn 0.683744 0.683744 0.25493
vn 0.706025 0.706025 0.055302
vn 0.706025 0.706025 0.055302
vn -0.396424 -0.396424 0.828068
vn -0.396424 -0.396424 0.828068
vn -0.396424 -0.396424 0.828068
vn -0.396424 -0.396424 0.828068
vn -0.585532 -0.585532 0.560629
vn -0.585532 -0.585532 0.560629
vn -0.683744 -0.683744 0.25493
vn -0.683744 -0.683744 0.25493
vn 0.585532 0.585532 0.560628
vn 0.585532 0.585532 0.560628
vn 0.396424 0.396424 0.828068
vn 0.396424 0.396424 0.828068
vn 0.396424 0.396424 0.828068
vn 0.396424 0.396424 0.828068
vn 0.180262 0.180262 0.96696
vn 0.180262 0.180262 0.96696
vn 0.039104 0.039104 -0.99847
vn 0.039104 0.039104 -0.99847
vn 0.707107 -0.707107 0
vn 0.707107 -0.707107 0
vn 0.707107 -0.707107 0
vn 0.707107 -0.707107 0
vn 0.707107 -0.707107 0
vn 0.707107 -0.707107 0
vn 0 -0.0 1
vn 0 -0.0 1
vn 0 -0.0 1
vn 0 -0.0 1
vn 0 -0.0 1
vn 0 -0.0 1
vn 0.707107 0.707107 0
vn 0.707107 0.707107 0
vn 0.707107 0.707107 0
vn 0.707107 0.707107 0
vn 0 -0.0 -1
vn 0 -0.0 -1
vn 0 -0.0 -1
vn 0 -0.0 -1
vn 0 -0.0 -1
vn 0 -0.0 -1
vn -0.707107 -0.707107 0
vn -0.707107 -0.707107 0
vn -0.707107 -0.707107 0
vn -0.707107 -0.707107 0
vn 0.707107 -0.707107 0
vn 0.707107 -0.707107 0
vn 0.707107 -0.707107 0
vn 0.707107 -0.707107 0
vn 0.707107 -0.707107 0
vn 0.707107 -0.707107 0
vn 0.707107 -0.707107 0
vn 0.707107 -0.707107 0
vn 0.707107 -0.707107 0
vn 0.707107 -0.707107 0
vn 0.707107 -0.707107 0
vn 0.707107 -0.707107 0
vn 0.707107 -0.707107 0
vn 0.707107 -0.707107 0
vn 0.707107 -0.707107 0
vn 0.707107 -0.707107 0
vn 0.707107 -0.707107 0
vn 0.707107 -0.707107 0
vn 0.707107 -0.707107 0
vn 0.707107 -0.707107 0
vn 0.707107 -0.707107 0
vn 0.707107 -0.707107 0
vn 0.707107 -0.707107 0
vn 0.707107 -0.707107 0
vn 0.707107 -0.707107 0
vn 0.707107 -0.707107 0
vn 0.707107 -0.707107 0
vn 0.707107 -0.707107 0
vn 0.707107 -0.707107 0
vn 0.707107 -0.707107 0
vn 0.707107 -0.707107 0
vn 0.974391 -0.22486 0
vn 0.974391 -0.22486 0
vn 0.971309 -0.227519 -0.069241
vn 0.971309 -0.227519 -0.069241
vn 0.945965 -0.252862 -0.203005
vn 0.961621 -0.23763 -0.137174
vn 0.961621 -0.237629 -0.137174
vn 0.945965 -0.252862 -0.203005
vn 0.897004 -0.301824 -0.322935
vn 0.924182 -0.275069 -0.265
vn 0.924182 -0.275069 -0.265
vn 0.897004 -0.301824 -0.322935
vn 0.864625 -0.334626 -0.374766
vn 0.827763 -0.371065 -0.420856
vn 0.864625 -0.334626 -0.374766
vn 0.827763 -0.371065 -0.420856
vn 0.74296 -0.455868 -0.490097
vn 0.787009 -0.412243 -0.458992
vn 0.74296 -0.455868 -0.490097
vn 0.787009 -0.412243 -0.458992
vn 0.648375 -0.550453 -0.525939
vn 0.696622 -0.502629 -0.511939
vn 0.648375 -0.550453 -0.525939
vn 0.696622 -0.502629 -0.511939
vn 0.550453 -0.648375 -0.525939
vn 0.550453 -0.648375 -0.525939
vn 0.599625 -0.599625 -0.529999
vn 0.599625 -0.599625 -0.529999
vn 0.502629 -0.696622 -0.511939
vn 0.455868 -0.74296 -0.490097
vn 0.455868 -0.74296 -0.490097
vn 0.502629 -0.696622 -0.511939
vn 0.412242 -0.787009 -0.458992
vn 0.412242 -0.787009 -0.458992
vn 0.371065 -0.827763 -0.420856
vn 0.371065 -0.827763 -0.420856
vn 0.301823 -0.897004 -0.322935
vn 0.334626 -0.864625 -0.374766
vn 0.334626 -0.864625 -0.374766
vn 0.301823 -0.897004 -0.322935
vn 0.252863 -0.945965 -0.203005
vn 0.275069 -0.924182 -0.264999
vn 0.275069 -0.924182 -0.264999
vn 0.252863 -0.945965 -0.203005
vn 0.23763 -0.961621 -0.137174
vn 0.227519 -0.971309 -0.069241
vn 0.23763 -0.961621 -0.137174
vn 0.227519 -0.971309 -0.069241
vn 0.227519 -0.971309 0.069241
vn 0.22486 -0.974391 0
vn 0.227519 -0.971309 0.069241
vn 0.22486 -0.974391 0
vn 0.252863 -0.945965 0.203004
vn 0.23763 -0.961621 0.137174
vn 0.252863 -0.945965 0.203004
vn 0.23763 -0.961621 0.137173
vn 0.301823 -0.897004 0.322934
vn 0.301823 -0.897004 0.322934
vn 0.275069 -0.924182 0.264999
vn 0.275069 -0.924182 0.264999
vn 0.334626 -0.864625 0.374765
vn 0.371065 -0.827763 0.420856
vn 0.371065 -0.827763 0.420856
vn 0.334626 -0.864625 0.374765
vn 0.412242 -0.787008 0.458993
vn 0.412242 -0.787008 0.458993
vn 0.455867 -0.74296 0.490098
vn 0.455867 -0.74296 0.490098
vn 0.550453 -0.648375 0.525939
vn 0.502628 -0.696622 0.511939
vn 0.502628 -0.696623 0.511939
vn 0.550453 -0.648375 0.525939
vn 0.648374 -0.550453 0.52594
vn 0.599625 -0.599625 0.529999
vn 0.599625 -0.599625 0.529999
vn 0.648374 -0.550453 0.52594
vn 0.696622 -0.502629 0.51194
vn 0.74296 -0.455867 0.490097
vn 0.696622 -0.502629 0.51194
vn 0.74296 -0.455867 0.490097
vn 0.827762 -0.371065 0.420857
vn 0.787008 -0.412242 0.458993
vn 0.827762 -0.371065 0.420857
vn 0.787008 -0.412242 0.458993
vn 0.897004 -0.301825 0.322933
vn 0.864625 -0.334627 0.374765
vn 0.897004 -0.301825 0.322933
vn 0.864625 -0.334627 0.374765
vn 0.945965 -0.252863 0.203005
vn 0.945965 -0.252863 0.203005
vn 0.924182 -0.275069 0.264999
vn 0.924182 -0.275069 0.264999
vn 0.961621 -0.23763 0.137174
vn 0.971309 -0.227519 0.069241
vn 0.971309 -0.227519 0.069241
vn 0.961621 -0.23763 0.137174
vn -0.701057 -0.701057 0.130526
vn -0.683013 -0.683013 0.258818
vn -0.701057 -0.701057 0.130526
vn -0.683013 -0.683013 0.258818
vn -0.701057 -0.701057 -0.130527
vn -0.707107 -0.707107 0
vn -0.701057 -0.701057 -0.130527
vn -0.707107 -0.707107 0
vn -0.653282 -0.653282 -0.382683
vn -0.683013 -0.683013 -0.258819
vn -0.653282 -0.653282 -0.382683
vn -0.683013 -0.683013 -0.258819
vn -0.560985 -0.560985 -0.608762
vn -0.612372 -0.612372 -0.500002
vn -0.560985 -0.560985 -0.608762
vn -0.612372 -0.612372 -0.500002
vn -0.430458 -0.430458 -0.793355
vn -0.430458 -0.430458 -0.793355
vn -0.500001 -0.500001 -0.707106
vn -0.500001 -0.500001 -0.707106
vn -0.2706 -0.2706 -0.923879
vn -0.2706 -0.2706 -0.923879
vn -0.353553 -0.353553 -0.866026
vn -0.353553 -0.353553 -0.866026
vn -0.092295 -0.092295 -0.991445
vn -0.092295 -0.092295 -0.991445
vn -0.183013 -0.183013 -0.965926
vn -0.183013 -0.183013 -0.965926
vn 0.092297 0.092297 -0.991445
vn 0.092297 0.092297 -0.991445
vn 0 -0.0 -1
vn 0 -0.0 -1
vn 0.270597 0.270597 -0.92388
vn 0.270597 0.270597 -0.92388
vn 0.183013 0.183013 -0.965926
vn 0.183013 0.183013 -0.965926
vn 0.430459 0.430459 -0.793353
vn 0.353554 0.353554 -0.866025
vn 0.430459 0.430459 -0.793353
vn 0.353554 0.353554 -0.866025
vn 0.560986 0.560986 -0.608761
vn 0.500001 0.500001 -0.707106
vn 0.500001 0.500001 -0.707106
vn 0.560986 0.560986 -0.608761
vn 0.653282 0.653282 -0.382683
vn 0.653282 0.653282 -0.382683
vn 0.612373 0.612373 -0.5
vn 0.612373 0.612373 -0.5
vn 0.701057 0.701057 -0.130526
vn 0.701057 0.701057 -0.130526
vn 0.683013 0.683013 -0.258819
vn 0.683013 0.683013 -0.258819
vn 0.701057 0.701057 0.130526
vn 0.701057 0.701057 0.130526
vn 0.707107 0.707107 0
vn 0.707107 0.707107 0
vn 0.653282 0.653282 0.382683
vn 0.683013 0.683013 0.25882
vn 0.683013 0.683013 0.25882
vn 0.653282 0.653282 0.382683
vn 0.560985 0.560985 0.608762
vn 0.560985 0.560985 0.608762
vn 0.612373 0.612373 0.5
vn 0.612373 0.612373 0.5
vn 0.499999 0.499999 0.707108
vn 0.499999 0.499999 0.707108
vn 0.430459 0.430459 0.793354
vn 0.430459 0.430459 0.793354
vn 0.353554 0.353554 0.866025
vn 0.353554 0.353554 0.866025
vn 0.270597 0.270597 0.92388
vn 0.270597 0.270597 0.92388
vn 0.183013 0.183013 0.965926
vn 0.183013 0.183013 0.965926
vn 0.092297 0.092297 0.991445
vn 0.092297 0.092297 0.991445
vn 0 -0.0 1
vn 0 -0.0 1
vn -0.092297 -0.092297 0.991445
vn -0.092297 -0.092297 0.991445
vn -0.183013 -0.183013 0.965926
vn -0.183013 -0.183013 0.965926
vn -0.270597 -0.270597 0.92388
vn -0.270597 -0.270597 0.92388
vn -0.353554 -0.353554 0.866025
vn -0.353554 -0.353554 0.866025
vn -0.43046 -0.43046 0.793353
vn -0.43046 -0.43046 0.793353
vn -0.560985 -0.560985 0.608762
vn -0.5 -0.5 0.707107
vn -0.560985 -0.560985 0.608762
vn -0.5 -0.5 0.707107
vn -0.653282 -0.653282 0.382683
vn -0.612372 -0.612372 0.500001
vn -0.612372 -0.612372 0.500001
vn -0.653282 -0.653282 0.382683
vn 0.707107 0.707107 0
vn 0.707107 0.707107 0
vn 0.701057 0.701057 -0.130525
vn 0.701057 0.701057 -0.130525
vn 0.683012 0.683012 -0.25882
vn 0.683012 0.683012 -0.25882
vn 0.653281 0.653281 -0.382684
vn 0.653281 0.653281 -0.382684
vn 0.612373 0.612373 -0.499999
vn 0.612373 0.612373 -0.499999
vn 0.560985 0.560985 -0.608763
vn 0.560985 0.560985 -0.608763
vn 0.43046 0.43046 -0.793353
vn 0.43046 0.43046 -0.793353
vn 0.5 0.5 -0.707107
vn 0.5 0.5 -0.707107
vn 0.270599 0.270599 -0.923879
vn 0.270599 0.270599 -0.923879
vn 0.353554 0.353554 -0.866025
vn 0.353554 0.353554 -0.866025
vn 0.092295 0.092295 -0.991445
vn 0.183012 0.183012 -0.965926
vn 0.092295 0.092295 -0.991445
vn 0.183012 0.183012 -0.965926
vn -0.092295 -0.092295 -0.991445
vn -0.092295 -0.092295 -0.991445
vn 0 -0.0 -1
vn 0 -0.0 -1
vn -0.270598 -0.270598 -0.923879
vn -0.270598 -0.270598 -0.923879
vn -0.183012 -0.183012 -0.965926
vn -0.183012 -0.183012 -0.965926
vn -0.43046 -0.43046 -0.793353
vn -0.353554 -0.353554 -0.866025
vn -0.43046 -0.43046 -0.793353
vn -0.353554 -0.353554 -0.866025
vn -0.560985 -0.560985 -0.608763
vn -0.5 -0.5 -0.707107
vn -0.560985 -0.560985 -0.608763
vn -0.5 -0.5 -0.707107
vn -0.653281 -0.653281 -0.382684
vn -0.612372 -0.612372 -0.5
vn -0.653281 -0.653281 -0.382684
vn -0.612372 -0.612372 -0.5
vn -0.701057 -0.701057 -0.130525
vn -0.683012 -0.683012 -0.25882
vn -0.701057 -0.701057 -0.130525
vn -0.683012 -0.683012 -0.25882
vn -0.701057 -0.701057 0.130526
vn -0.707107 -0.707107 0
vn -0.701057 -0.701057 0.130526
vn -0.707107 -0.707107 0
vn -0.653282 -0.653282 0.382682
vn -0.683013 -0.683013 0.258819
vn -0.653282 -0.653282 0.382682
vn -0.683013 -0.683013 0.258819
vn -0.560986 -0.560986 0.60876
vn -0.612372 -0.612372 0.5
vn -0.560986 -0.560986 0.60876
vn -0.612372 -0.612372 0.5
vn -0.430459 -0.430459 0.793354
vn -0.5 -0.5 0.707106
vn -0.5 -0.5 0.707106
vn -0.430459 -0.430459 0.793354
vn -0.270598 -0.270598 0.923879
vn -0.353553 -0.353553 0.866025
vn -0.353553 -0.353553 0.866025
vn -0.270598 -0.270598 0.923879
vn -0.092296 -0.092296 0.991445
vn -0.183014 -0.183014 0.965925
vn -0.183014 -0.183014 0.965925
vn -0.092296 -0.092296 0.991445
vn 0 -0.0 1
vn 0.092295 0.092295 0.991445
vn 0.092295 0.092295 0.991445
vn 0 -0.0 1
vn 0.270598 0.270598 0.923879
vn 0.183012 0.183012 0.965926
vn 0.183012 0.183012 0.965926
vn 0.270598 0.270598 0.923879
vn 0.430458 0.430458 0.793355
vn 0.353554 0.353554 0.866025
vn 0.353554 0.353554 0.866025
vn 0.430458 0.430458 0.793355
vn 0.499999 0.499999 0.707108
vn 0.499999 0.499999 0.707108
vn 0.560986 0.560986 0.608761
vn 0.560986 0.560986 0.608761
vn 0.612373 0.612373 0.499999
vn 0.612373 0.612373 0.499999
vn 0.653281 0.653281 0.382685
vn 0.653281 0.653281 0.382685
vn 0.683012 0.683012 0.258821
vn 0.701057 0.701057 0.130525
vn 0.701057 0.701057 0.130525
vn 0.683012 0.683012 0.258821
vn 0.707107 -0.707107 0
vn 0.707107 -0.707107 0
vn 0.707107 -0.707107 0
vn 0.707103 -0.707111 0.000001
vn 0.707103 -0.707111 0.000001
vn 0.707103 -0.707111 0.000001
vn 0.707105 -0.707108 0.000002
vn 0.707105 -0.707108 0.000002
vn 0.707105 -0.707108 0.000002
vn 0.707107 -0.707107 0
vn 0.707107 -0.707107 0
vn 0.707107 -0.707107 0
vn 0.707108 -0.707106 -0.000002
vn 0.707108 -0.707106 -0.000002
vn 0.707108 -0.707106 -0.000002
vn 0.707107 -0.707106 -0.000003
vn 0.707107 -0.707106 -0.000003
vn 0.707107 -0.707106 -0.000003
vn 0.707107 -0.707107 -0.000006
vn 0.707107 -0.707107 -0.000006
vn 0.707107 -0.707107 -0.000006
vn 0.707106 -0.707107 -0.000003
vn 0.707106 -0.707107 -0.000003
vn 0.707106 -0.707107 -0.000003
vn 0.707106 -0.707108 -0.000002
vn 0.707106 -0.707108 -0.000002
vn 0.707106 -0.707108 -0.000002
vn 0.707107 -0.707107 0
vn 0.707107 -0.707107 0
vn 0.707107 -0.707107 0
vn 0.707108 -0.707105 0.000002
vn 0.707108 -0.707105 0.000002
vn 0.707108 -0.707105 0.000002
vn 0.707111 -0.707103 0.000001
vn 0.707111 -0.707103 0.000001
vn 0.707111 -0.707103 0.000001
vn 0.707107 -0.707107 0
vn 0.707107 -0.707107 0
vn 0.707107 -0.707107 0
vn 0.707107 -0.707107 0
vn 0.707107 -0.707107 0
vn 0.707107 -0.707107 0
vn 0.707107 -0.707107 0
vn 0.707107 -0.707107 0
vn 0.707107 -0.707107 0
vn 0.707107 -0.707107 0
vn 0.707107 -0.707107 0
vn 0.707107 -0.707107 0
vn 0.707107 -0.707107 0
vn 0.707107 -0.707107 0
vn 0.707107 -0.707107 0
vn 0.707107 -0.707107 0
vn 0.707107 -0.707107 0
vn 0.707107 -0.707107 0
vn 0.707107 -0.707107 0
vn 0.707107 -0.707107 0
vn 0.707107 -0.707107 0
vn 0.707107 -0.707107 0
vn 0.707107 -0.707107 0
vn 0.707107 -0.707107 0
vn 0.961621 -0.237629 -0.137174
vn 0.961621 -0.23763 -0.137174
vn 0.924182 -0.275069 -0.265
vn 0.924182 -0.275069 -0.265
vn 0.864625 -0.334626 -0.374766
vn 0.864625 -0.334626 -0.374766
vn 0.787009 -0.412243 -0.458992
vn 0.787009 -0.412243 -0.458992
vn 0.696622 -0.502629 -0.511939
vn 0.696622 -0.502629 -0.511939
vn 0.599625 -0.599625 -0.529999
vn 0.599625 -0.599625 -0.529999
vn 0.502629 -0.696622 -0.511939
vn 0.502629 -0.696622 -0.511939
vn 0.412242 -0.787009 -0.458992
vn 0.412242 -0.787009 -0.458992
vn 0.334626 -0.864625 -0.374766
vn 0.334626 -0.864625 -0.374766
vn 0.275069 -0.924182 -0.264999
vn 0.275069 -0.924182 -0.264999
vn 0.23763 -0.961621 -0.137174
vn 0.23763 -0.961621 -0.137174
vn 0.22486 -0.974391 0
vn 0.22486 -0.974391 0
vn 0.23763 -0.961621 0.137174
vn 0.23763 -0.961621 0.137173
vn 0.275069 -0.924182 0.264999
vn 0.275069 -0.924182 0.264999
vn 0.334626 -0.864625 0.374765
vn 0.334626 -0.864625 0.374765
vn 0.412242 -0.787008 0.458993
vn 0.412242 -0.787008 0.458993
vn 0.502628 -0.696623 0.511939
vn 0.502628 -0.696622 0.511939
vn 0.599625 -0.599625 0.529999
vn 0.599625 -0.599625 0.529999
vn 0.696622 -0.502629 0.51194
vn 0.696622 -0.502629 0.51194
vn 0.787008 -0.412242 0.458993
vn 0.787008 -0.412242 0.458993
vn 0.864625 -0.334627 0.374765
vn 0.864625 -0.334627 0.374765
vn 0.924182 -0.275069 0.264999
vn 0.924182 -0.275069 0.264999
vn 0.961621 -0.23763 0.137174
vn 0.961621 -0.23763 0.137174
vn 0.974391 -0.22486 0
vn 0.974391 -0.22486 0
vn -0.707107 -0.707107 0
vn -0.701057 -0.701057 0.130526
vn -0.707107 -0.707107 0
vn -0.701057 -0.701057 0.130526
vn -0.683013 -0.683013 -0.258819
vn -0.701057 -0.701057 -0.130527
vn -0.683013 -0.683013 -0.258819
vn -0.701057 -0.701057 -0.130527
vn -0.612372 -0.612372 -0.500002
vn -0.653282 -0.653282 -0.382683
vn -0.612372 -0.612372 -0.500002
vn -0.653282 -0.653282 -0.382683
vn -0.500001 -0.500001 -0.707106
vn -0.560985 -0.560985 -0.608762
vn -0.500001 -0.500001 -0.707106
vn -0.560985 -0.560985 -0.608762
vn -0.353553 -0.353553 -0.866026
vn -0.430458 -0.430458 -0.793355
vn -0.353553 -0.353553 -0.866026
vn -0.430458 -0.430458 -0.793355
vn -0.183013 -0.183013 -0.965926
vn -0.183013 -0.183013 -0.965926
vn -0.2706 -0.2706 -0.923879
vn -0.2706 -0.2706 -0.923879
vn 0 -0.0 -1
vn 0 -0.0 -1
vn -0.092295 -0.092295 -0.991445
vn -0.092295 -0.092295 -0.991445
vn 0.183013 0.183013 -0.965926
vn 0.183013 0.183013 -0.965926
vn 0.092297 0.092297 -0.991445
vn 0.092297 0.092297 -0.991445
vn 0.353554 0.353554 -0.866025
vn 0.353554 0.353554 -0.866025
vn 0.270597 0.270597 -0.92388
vn 0.270597 0.270597 -0.92388
vn 0.500001 0.500001 -0.707106
vn 0.500001 0.500001 -0.707106
vn 0.430459 0.430459 -0.793353
vn 0.430459 0.430459 -0.793353
vn 0.612373 0.612373 -0.5
vn 0.612373 0.612373 -0.5
vn 0.560986 0.560986 -0.608761
vn 0.560986 0.560986 -0.608761
vn 0.683013 0.683013 -0.258819
vn 0.683013 0.683013 -0.258819
vn 0.653282 0.653282 -0.382683
vn 0.653282 0.653282 -0.382683
vn 0.707107 0.707107 0
vn 0.707107 0.707107 0
vn 0.701057 0.701057 -0.130526
vn 0.701057 0.701057 -0.130526
vn 0.683013 0.683013 0.25882
vn 0.683013 0.683013 0.25882
vn 0.701057 0.701057 0.130526
vn 0.701057 0.701057 0.130526
vn 0.612373 0.612373 0.5
vn 0.612373 0.612373 0.5
vn 0.653282 0.653282 0.382683
vn 0.653282 0.653282 0.382683
vn 0.499999 0.499999 0.707108
vn 0.560985 0.560985 0.608762
vn 0.560985 0.560985 0.608762
vn 0.499999 0.499999 0.707108
vn 0.430459 0.430459 0.793354
vn 0.430459 0.430459 0.793354
vn 0.353554 0.353554 0.866025
vn 0.353554 0.353554 0.866025
vn 0.270597 0.270597 0.92388
vn 0.183013 0.183013 0.965926
vn 0.183013 0.183013 0.965926
vn 0.270597 0.270597 0.92388
vn 0.092297 0.092297 0.991445
vn 0 -0.0 1
vn 0 -0.0 1
vn 0.092297 0.092297 0.991445
vn -0.092297 -0.092297 0.991445
vn -0.092297 -0.092297 0.991445
vn -0.183013 -0.183013 0.965926
vn -0.183013 -0.183013 0.965926
vn -0.270597 -0.270597 0.92388
vn -0.353554 -0.353554 0.866025
vn -0.353554 -0.353554 0.866025
vn -0.270597 -0.270597 0.92388
vn -0.43046 -0.43046 0.793353
vn -0.43046 -0.43046 0.793353
vn -0.5 -0.5 0.707107
vn -0.5 -0.5 0.707107
vn -0.612372 -0.612372 0.500001
vn -0.560985 -0.560985 0.608762
vn -0.612372 -0.612372 0.500001
vn -0.560985 -0.560985 0.608762
vn -0.683013 -0.683013 0.258818
vn -0.653282 -0.653282 0.382683
vn -0.683013 -0.683013 0.258818
vn -0.653282 -0.653282 0.382683
vn 0.701057 0.701057 -0.130525
vn 0.701057 0.701057 -0.130525
vn 0.683012 0.683012 -0.25882
vn 0.683012 0.683012 -0.25882
vn 0.653281 0.653281 -0.382684
vn 0.653281 0.653281 -0.382684
vn 0.612373 0.612373 -0.499999
vn 0.612373 0.612373 -0.499999
vn 0.560985 0.560985 -0.608763
vn 0.560985 0.560985 -0.608763
vn 0.5 0.5 -0.707107
vn 0.5 0.5 -0.707107
vn 0.353554 0.353554 -0.866025
vn 0.353554 0.353554 -0.866025
vn 0.43046 0.43046 -0.793353
vn 0.43046 0.43046 -0.793353
vn 0.183012 0.183012 -0.965926
vn 0.183012 0.183012 -0.965926
vn 0.270599 0.270599 -0.923879
vn 0.270599 0.270599 -0.923879
vn 0 -0.0 -1
vn 0 -0.0 -1
vn 0.092295 0.092295 -0.991445
vn 0.092295 0.092295 -0.991445
vn -0.183012 -0.183012 -0.965926
vn -0.092295 -0.092295 -0.991445
vn -0.183012 -0.183012 -0.965926
vn -0.092295 -0.092295 -0.991445
vn -0.353554 -0.353554 -0.866025
vn -0.353554 -0.353554 -0.866025
vn -0.270598 -0.270598 -0.923879
vn -0.270598 -0.270598 -0.923879
vn -0.5 -0.5 -0.707107
vn -0.43046 -0.43046 -0.793353
vn -0.5 -0.5 -0.707107
vn -0.43046 -0.43046 -0.793353
vn -0.612372 -0.612372 -0.5
vn -0.560985 -0.560985 -0.608763
vn -0.612372 -0.612372 -0.5
vn -0.560985 -0.560985 -0.608763
vn -0.683012 -0.683012 -0.25882
vn -0.653281 -0.653281 -0.382684
vn -0.683012 -0.683012 -0.25882
vn -0.653281 -0.653281 -0.382684
vn -0.707107 -0.707107 0
vn -0.701057 -0.701057 -0.130525
vn -0.707107 -0.707107 0
vn -0.701057 -0.701057 -0.130525
vn -0.683013 -0.683013 0.258819
vn -0.701057 -0.701057 0.130526
vn -0.683013 -0.683013 0.258819
vn -0.701057 -0.701057 0.130526
vn -0.612372 -0.612372 0.5
vn -0.653282 -0.653282 0.382682
vn -0.612372 -0.612372 0.5
vn -0.653282 -0.653282 0.382682
vn -0.5 -0.5 0.707106
vn -0.560986 -0.560986 0.60876
vn -0.5 -0.5 0.707106
vn -0.560986 -0.560986 0.60876
vn -0.353553 -0.353553 0.866025
vn -0.430459 -0.430459 0.793354
vn -0.430459 -0.430459 0.793354
vn -0.353553 -0.353553 0.866025
vn -0.183014 -0.183014 0.965925
vn -0.270598 -0.270598 0.923879
vn -0.270598 -0.270598 0.923879
vn -0.183014 -0.183014 0.965925
vn 0 -0.0 1
vn -0.092296 -0.092296 0.991445
vn -0.092296 -0.092296 0.991445
vn 0 -0.0 1
vn 0.183012 0.183012 0.965926
vn 0.092295 0.092295 0.991445
vn 0.092295 0.092295 0.991445
vn 0.183012 0.183012 0.965926
vn 0.353554 0.353554 0.866025
vn 0.270598 0.270598 0.923879
vn 0.270598 0.270598 0.923879
vn 0.353554 0.353554 0.866025
vn 0.499999 0.499999 0.707108
vn 0.430458 0.430458 0.793355
vn 0.430458 0.430458 0.793355
vn 0.499999 0.499999 0.707108
vn 0.560986 0.560986 0.608761
vn 0.560986 0.560986 0.608761
vn 0.612373 0.612373 0.499999
vn 0.612373 0.612373 0.499999
vn 0.653281 0.653281 0.382685
vn 0.653281 0.653281 0.382685
vn 0.683012 0.683012 0.258821
vn 0.683012 0.683012 0.258821
vn 0.701057 0.701057 0.130525
vn 0.701057 0.701057 0.130525
vn 0.707107 0.707107 0
vn 0.707107 0.707107 0
vn -0.039104 -0.039104 0.99847
vn 0 -0.0 1
vn -0.707107 0.707107 0
vn -0.707107 0.707107 0
vn -0.707107 0.707107 0
vn -0.707107 0.707107 0
vn 0.707107 0.707107 0
vn 0.707107 0.707107 0
vn -0.707107 0.707107 0
vn 0.706025 0.706025 -0.055302
vn 0.706025 0.706025 0.055302
vn 0 -0.0 -1
vn 0 -0.0 -1
vn 0.706025 0.706025 -0.055302
vn 0.683744 0.683744 -0.25493
vn 0.585532 0.585532 -0.560628
vn 0.396424 0.396424 -0.828068
vn 0.396424 0.396424 -0.828068
vn 0.180262 0.180262 -0.96696
vn 0.039104 0.039104 -0.99847
vn 0 0.816496 -0.577351
vn 0 0.816496 -0.577351
vn 0 0.816496 -0.577351
vn 0 1.0 0
vn 0 1.0 0
vn 0 1.0 0
vn 0 1.0 0
vn -1 -0.0 0
vn -1 -0.0 0
vn -1 -0.0 0
vn -1 -0.0 0
vn -0.528012 0.472753 0.705484
vn -0.5 0.5 0.707107
vn -0.5 0.5 0.707107
vn -0.528012 0.472753 0.705484
vn -0.999235 0.00153 0.039073
vn -0.999235 0.00153 0.039073
vn -0.00153 0.999235 -0.039074
vn -0.00153 0.999235 0.039074
vn -0.00153 0.999235 0.039074
vn -0.00153 0.999235 -0.039074
vn -0.5 0.5 -0.707107
vn -0.5 0.5 -0.707107
vn -0.5 0.5 -0.707107
vn -0.5 0.5 -0.707107
vn -0.5 0.5 0.707107
vn -0.5 0.5 0.707107
vn -0.5 0.5 0.707107
vn -0.5 0.5 0.707107
vn -0.999235 0.00153 0.039073
vn -0.983555 0.021861 0.179281
vn -0.999235 0.00153 0.039073
vn -0.983555 0.021861 0.179281
vn -0.00153 0.999235 -0.039074
vn -0.021861 0.983555 -0.179281
vn -0.021861 0.983555 -0.179281
vn -0.00153 0.999235 -0.039074
vn -0.375937 0.629478 0.680021
vn -0.472753 0.528012 0.705484
vn -0.375937 0.629479 0.680021
vn -0.472753 0.528012 0.705484
vn -0.629478 0.375937 0.680021
vn -0.629478 0.375937 0.680021
vn -0.782282 0.226781 0.580177
vn -0.782282 0.226781 0.580177
vn -0.914778 0.094284 0.392799
vn -0.914778 0.094284 0.392799
vn -0.375937 0.629478 -0.680021
vn -0.472753 0.528012 -0.705484
vn -0.472753 0.528012 -0.705484
vn -0.375937 0.629479 -0.680021
vn -0.226781 0.782282 -0.580177
vn -0.226781 0.782282 -0.580177
vn -0.094284 0.914779 -0.392798
vn -0.094284 0.914778 -0.392799
vn -0.021861 0.983555 0.179281
vn -0.00153 0.999235 0.039074
vn -0.00153 0.999235 0.039074
vn -0.021861 0.983555 0.179281
vn -0.094284 0.914778 0.392799
vn -0.094284 0.914779 0.392798
vn -0.226781 0.782282 0.580177
vn -0.226781 0.782282 0.580177
vn 0 -0.0 1
vn 0.039104 0.039104 0.99847
vn -0.472753 0.528012 -0.705484
vn -0.472753 0.528012 -0.705484
vn -0.707107 -0.707107 0
vn -0.707107 -0.707107 0
vn -0.706025 -0.706025 0.0553
vn 0 -0.0 1
vn -0.180262 -0.180262 0.96696
vn 0.706025 0.706025 0.055302
vn 0.683744 0.683744 0.25493
vn -0.396424 -0.396424 0.828068
vn -0.396424 -0.396424 0.828068
vn -0.585532 -0.585532 0.560629
vn -0.683744 -0.683744 0.25493
vn 0.585532 0.585532 0.560628
vn 0.396424 0.396424 0.828068
vn 0.180262 0.180262 0.96696
vn 0.396424 0.396424 0.828068
vn 0.039104 0.039104 -0.99847
vn -0.707107 0.707107 0
vn -0.707107 0.707107 0
vn -0.707107 0.707107 0
vn -0.707107 0.707107 0
vn -0.707107 0.707107 0
vn -0.707107 0.707107 0
vn 0 -0.0 1
vn 0 -0.0 1
vn 0 -0.0 1
vn 0 -0.0 1
vn 0 -0.0 1
vn 0 -0.0 1
vn 0.707107 0.707107 0
vn 0.707107 0.707107 0
vn 0.707107 0.707107 0
vn 0.707107 0.707107 0
vn 0 -0.0 -1
vn 0 -0.0 -1
vn 0 -0.0 -1
vn 0 -0.0 -1
vn 0 -0.0 -1
vn 0 -0.0 -1
vn -0.707107 -0.707107 0
vn -0.707107 -0.707107 0
vn -0.707107 -0.707107 0
vn -0.707107 -0.707107 0
vn -0.707107 0.707107 0
vn -0.707107 0.707107 0
vn -0.707107 0.707107 0
vn -0.707107 0.707107 0
vn -0.707107 0.707107 0
vn -0.707107 0.707107 0
vn -0.707107 0.707107 0
vn -0.707107 0.707107 0
vn -0.707107 0.707107 0
vn -0.707107 0.707107 0
vn -0.707107 0.707107 0
vn -0.707107 0.707107 0
vn -0.707107 0.707107 0
vn -0.707107 0.707107 0
vn -0.707107 0.707107 0
vn -0.707107 0.707107 0
vn -0.707107 0.707107 0
vn -0.707107 0.707107 0
vn -0.707107 0.707107 0
vn -0.707107 0.707107 0
vn -0.707107 0.707107 0
vn -0.707107 0.707107 0
vn -0.707107 0.707107 0
vn -0.707107 0.707107 0
vn -0.707107 0.707107 0
vn -0.707107 0.707107 0
vn -0.707107 0.707107 0
vn -0.707107 0.707107 0
vn -0.707107 0.707107 0
vn -0.707107 0.707107 0
vn -0.707107 0.707107 0
vn -0.22486 0.974391 0
vn -0.227519 0.971309 -0.069241
vn -0.22486 0.974391 0
vn -0.227519 0.971309 -0.069241
vn -0.252862 0.945965 -0.203005
vn -0.237629 0.961621 -0.137174
vn -0.23763 0.961621 -0.137174
vn -0.252862 0.945965 -0.203005
vn -0.301824 0.897004 -0.322935
vn -0.275069 0.924182 -0.265
vn -0.275069 0.924182 -0.265
vn -0.301824 0.897004 -0.322935
vn -0.334626 0.864625 -0.374766
vn -0.371065 0.827763 -0.420856
vn -0.371065 0.827763 -0.420856
vn -0.334626 0.864625 -0.374766
vn -0.455868 0.74296 -0.490097
vn -0.455868 0.74296 -0.490097
vn -0.412243 0.787009 -0.458992
vn -0.412243 0.787008 -0.458992
vn -0.550453 0.648375 -0.525939
vn -0.502629 0.696622 -0.511939
vn -0.550453 0.648375 -0.525939
vn -0.502629 0.696622 -0.511939
vn -0.648375 0.550453 -0.525939
vn -0.599625 0.599625 -0.529999
vn -0.648375 0.550453 -0.525939
vn -0.599625 0.599625 -0.529999
vn -0.696622 0.502629 -0.511939
vn -0.74296 0.455868 -0.490097
vn -0.696622 0.502629 -0.511939
vn -0.74296 0.455868 -0.490097
vn -0.787009 0.412242 -0.458992
vn -0.827763 0.371065 -0.420856
vn -0.787009 0.412242 -0.458992
vn -0.827763 0.371065 -0.420856
vn -0.897004 0.301823 -0.322935
vn -0.864625 0.334626 -0.374766
vn -0.864625 0.334626 -0.374766
vn -0.897004 0.301823 -0.322935
vn -0.945965 0.252863 -0.203005
vn -0.924182 0.275069 -0.265
vn -0.924182 0.275069 -0.265
vn -0.945965 0.252863 -0.203005
vn -0.961621 0.23763 -0.137174
vn -0.971309 0.227519 -0.069241
vn -0.971309 0.227519 -0.069241
vn -0.961621 0.23763 -0.137174
vn -0.971309 0.227519 0.069241
vn -0.971309 0.227519 0.069241
vn -0.974391 0.22486 0
vn -0.974391 0.22486 0
vn -0.945965 0.252863 0.203004
vn -0.961621 0.23763 0.137174
vn -0.945965 0.252863 0.203004
vn -0.961621 0.23763 0.137173
vn -0.924182 0.275069 0.264999
vn -0.924182 0.275069 0.264999
vn -0.897004 0.301823 0.322934
vn -0.897004 0.301823 0.322934
vn -0.864625 0.334626 0.374765
vn -0.827763 0.371064 0.420856
vn -0.864625 0.334626 0.374765
vn -0.827763 0.371065 0.420856
vn -0.787008 0.412242 0.458993
vn -0.74296 0.455867 0.490098
vn -0.787008 0.412242 0.458993
vn -0.74296 0.455867 0.490098
vn -0.648375 0.550453 0.525939
vn -0.696623 0.502628 0.511939
vn -0.696622 0.502628 0.511939
vn -0.648375 0.550453 0.525939
vn -0.550453 0.648374 0.52594
vn -0.599625 0.599625 0.529999
vn -0.599625 0.599625 0.529999
vn -0.550453 0.648374 0.52594
vn -0.502629 0.696622 0.51194
vn -0.455867 0.74296 0.490097
vn -0.455867 0.74296 0.490097
vn -0.502629 0.696622 0.51194
vn -0.371065 0.827762 0.420857
vn -0.371065 0.827762 0.420857
vn -0.412242 0.787008 0.458993
vn -0.412242 0.787008 0.458993
vn -0.301825 0.897004 0.322933
vn -0.334627 0.864625 0.374765
vn -0.301825 0.897004 0.322933
vn -0.334627 0.864625 0.374765
vn -0.252863 0.945965 0.203005
vn -0.275069 0.924182 0.264999
vn -0.252863 0.945965 0.203005
vn -0.275069 0.924182 0.264999
vn -0.23763 0.961621 0.137174
vn -0.227519 0.971309 0.069241
vn -0.23763 0.961621 0.137174
vn -0.227519 0.971309 0.069241
vn -0.701057 -0.701057 0.130526
vn -0.701057 -0.701057 0.130526
vn -0.683013 -0.683013 0.258818
vn -0.683013 -0.683013 0.258818
vn -0.701057 -0.701057 -0.130527
vn -0.701057 -0.701057 -0.130527
vn -0.707107 -0.707107 0
vn -0.707107 -0.707107 0
vn -0.653282 -0.653282 -0.382683
vn -0.653282 -0.653282 -0.382683
vn -0.683013 -0.683013 -0.258819
vn -0.683013 -0.683013 -0.258819
vn -0.560985 -0.560985 -0.608762
vn -0.560985 -0.560985 -0.608762
vn -0.612372 -0.612372 -0.500002
vn -0.612372 -0.612372 -0.500002
vn -0.430458 -0.430458 -0.793355
vn -0.500001 -0.500001 -0.707106
vn -0.500001 -0.500001 -0.707106
vn -0.430458 -0.430458 -0.793355
vn -0.2706 -0.2706 -0.923879
vn -0.353553 -0.353553 -0.866026
vn -0.353553 -0.353553 -0.866026
vn -0.2706 -0.2706 -0.923879
vn -0.092295 -0.092295 -0.991445
vn -0.183013 -0.183013 -0.965926
vn -0.183013 -0.183013 -0.965926
vn -0.092295 -0.092295 -0.991445
vn 0.092297 0.092297 -0.991445
vn 0 -0.0 -1
vn 0 -0.0 -1
vn 0.092297 0.092297 -0.991445
vn 0.270597 0.270597 -0.92388
vn 0.183013 0.183013 -0.965926
vn 0.183013 0.183013 -0.965926
vn 0.270597 0.270597 -0.92388
vn 0.430459 0.430459 -0.793353
vn 0.353554 0.353554 -0.866025
vn 0.353554 0.353554 -0.866025
vn 0.430459 0.430459 -0.793353
vn 0.500001 0.500001 -0.707106
vn 0.560986 0.560986 -0.60876
vn 0.500001 0.500001 -0.707106
vn 0.560986 0.560986 -0.608761
vn 0.653282 0.653282 -0.382683
vn 0.612373 0.612373 -0.5
vn 0.612373 0.612373 -0.5
vn 0.653282 0.653282 -0.382683
vn 0.701057 0.701057 -0.130526
vn 0.683013 0.683013 -0.258819
vn 0.683013 0.683013 -0.258819
vn 0.701057 0.701057 -0.130526
vn 0.707107 0.707107 0
vn 0.707107 0.707107 0
vn 0.701057 0.701057 0.130526
vn 0.701057 0.701057 0.130526
vn 0.683013 0.683013 0.25882
vn 0.653282 0.653282 0.382683
vn 0.683013 0.683013 0.25882
vn 0.653282 0.653282 0.382683
vn 0.612373 0.612373 0.5
vn 0.612373 0.612373 0.5
vn 0.560985 0.560985 0.608762
vn 0.560985 0.560985 0.608762
vn 0.430459 0.430459 0.793354
vn 0.430459 0.430459 0.793354
vn 0.499999 0.499999 0.707108
vn 0.499999 0.499999 0.707108
vn 0.270597 0.270597 0.92388
vn 0.270597 0.270597 0.92388
vn 0.353554 0.353554 0.866025
vn 0.353554 0.353554 0.866025
vn 0.092297 0.092297 0.991445
vn 0.092297 0.092297 0.991445
vn 0.183013 0.183013 0.965926
vn 0.183013 0.183013 0.965926
vn -0.092297 -0.092297 0.991445
vn -0.092297 -0.092297 0.991445
vn 0 -0.0 1
vn 0 -0.0 1
vn -0.270597 -0.270597 0.92388
vn -0.270597 -0.270597 0.92388
vn -0.183013 -0.183013 0.965926
vn -0.183013 -0.183013 0.965926
vn -0.43046 -0.43046 0.793353
vn -0.43046 -0.43046 0.793353
vn -0.353554 -0.353554 0.866025
vn -0.353554 -0.353554 0.866025
vn -0.560985 -0.560985 0.608762
vn -0.560985 -0.560985 0.608762
vn -0.5 -0.5 0.707107
vn -0.5 -0.5 0.707107
vn -0.653282 -0.653282 0.382683
vn -0.612372 -0.612372 0.500001
vn -0.653282 -0.653282 0.382683
vn -0.612372 -0.612372 0.500001
vn 0.701057 0.701057 -0.130525
vn 0.707107 0.707107 0
vn 0.707107 0.707107 0
vn 0.701057 0.701057 -0.130525
vn 0.683012 0.683012 -0.25882
vn 0.653281 0.653281 -0.382684
vn 0.683012 0.683012 -0.25882
vn 0.653281 0.653281 -0.382684
vn 0.612373 0.612373 -0.499999
vn 0.560985 0.560985 -0.608763
vn 0.612373 0.612373 -0.499999
vn 0.560985 0.560985 -0.608763
vn 0.43046 0.43046 -0.793353
vn 0.5 0.5 -0.707107
vn 0.5 0.5 -0.707107
vn 0.43046 0.43046 -0.793353
vn 0.270599 0.270599 -0.923879
vn 0.353554 0.353554 -0.866025
vn 0.353554 0.353554 -0.866025
vn 0.270599 0.270599 -0.923879
vn 0.092295 0.092295 -0.991445
vn 0.183012 0.183012 -0.965926
vn 0.183012 0.183012 -0.965926
vn 0.092295 0.092295 -0.991445
vn -0.092295 -0.092295 -0.991445
vn 0 -0.0 -1
vn 0 -0.0 -1
vn -0.092295 -0.092295 -0.991445
vn -0.270598 -0.270598 -0.923879
vn -0.183012 -0.183012 -0.965926
vn -0.183012 -0.183012 -0.965926
vn -0.270598 -0.270598 -0.923879
vn -0.43046 -0.43046 -0.793353
vn -0.353554 -0.353554 -0.866025
vn -0.353554 -0.353554 -0.866025
vn -0.43046 -0.43046 -0.793353
vn -0.560985 -0.560985 -0.608763
vn -0.560985 -0.560985 -0.608763
vn -0.5 -0.5 -0.707107
vn -0.5 -0.5 -0.707107
vn -0.653281 -0.653281 -0.382684
vn -0.653281 -0.653281 -0.382684
vn -0.612372 -0.612372 -0.5
vn -0.612372 -0.612372 -0.5
vn -0.701057 -0.701057 -0.130525
vn -0.701057 -0.701057 -0.130525
vn -0.683012 -0.683012 -0.25882
vn -0.683012 -0.683012 -0.25882
vn -0.701057 -0.701057 0.130526
vn -0.701057 -0.701057 0.130526
vn -0.707107 -0.707107 0
vn -0.707107 -0.707107 0
vn -0.653282 -0.653282 0.382682
vn -0.653282 -0.653282 0.382682
vn -0.683013 -0.683013 0.258819
vn -0.683013 -0.683013 0.258819
vn -0.560986 -0.560986 0.60876
vn -0.560986 -0.560986 0.60876
vn -0.612372 -0.612372 0.5
vn -0.612372 -0.612372 0.5
vn -0.430459 -0.430459 0.793354
vn -0.5 -0.5 0.707106
vn -0.430459 -0.430459 0.793354
vn -0.5 -0.5 0.707106
vn -0.270598 -0.270598 0.923879
vn -0.353553 -0.353553 0.866025
vn -0.270598 -0.270598 0.923879
vn -0.353553 -0.353553 0.866025
vn -0.092296 -0.092296 0.991445
vn -0.183014 -0.183014 0.965925
vn -0.092296 -0.092296 0.991445
vn -0.183014 -0.183014 0.965925
vn 0.092295 0.092295 0.991445
vn 0 -0.0 1
vn 0.092295 0.092295 0.991445
vn 0 -0.0 1
vn 0.270598 0.270598 0.923879
vn 0.183012 0.183012 0.965926
vn 0.270598 0.270598 0.923879
vn 0.183012 0.183012 0.965926
vn 0.430458 0.430458 0.793355
vn 0.353554 0.353554 0.866025
vn 0.430458 0.430458 0.793355
vn 0.353554 0.353554 0.866025
vn 0.499999 0.499999 0.707108
vn 0.560986 0.560986 0.608761
vn 0.499999 0.499999 0.707108
vn 0.560986 0.560986 0.608761
vn 0.653281 0.653281 0.382685
vn 0.612373 0.612373 0.499999
vn 0.612373 0.612373 0.499999
vn 0.653281 0.653281 0.382685
vn 0.683012 0.683012 0.258821
vn 0.701057 0.701057 0.130525
vn 0.683012 0.683012 0.258821
vn 0.701057 0.701057 0.130525
vn -0.707107 0.707107 0
vn -0.707107 0.707107 0
vn -0.707107 0.707107 0
vn -0.707111 0.707103 0.000001
vn -0.707111 0.707103 0.000001
vn -0.707111 0.707103 0.000001
vn -0.707108 0.707105 0.000002
vn -0.707108 0.707105 0.000002
vn -0.707108 0.707105 0.000002
vn -0.707107 0.707107 0
vn -0.707107 0.707107 0
vn -0.707107 0.707107 0
vn -0.707106 0.707108 -0.000002
vn -0.707106 0.707108 -0.000002
vn -0.707106 0.707108 -0.000002
vn -0.707106 0.707107 -0.000003
vn -0.707106 0.707107 -0.000003
vn -0.707106 0.707107 -0.000003
vn -0.707107 0.707107 -0.000006
vn -0.707107 0.707107 -0.000006
vn -0.707107 0.707107 -0.000006
vn -0.707107 0.707106 -0.000003
vn -0.707107 0.707106 -0.000003
vn -0.707107 0.707106 -0.000003
vn -0.707108 0.707106 -0.000002
vn -0.707108 0.707106 -0.000002
vn -0.707108 0.707106 -0.000002
vn -0.707107 0.707107 0
vn -0.707107 0.707107 0
vn -0.707107 0.707107 0
vn -0.707105 0.707108 0.000002
vn -0.707105 0.707108 0.000002
vn -0.707105 0.707108 0.000002
vn -0.707103 0.707111 0.000001
vn -0.707103 0.707111 0.000001
vn -0.707103 0.707111 0.000001
vn -0.707107 0.707107 0
vn -0.707107 0.707107 0
vn -0.707107 0.707107 0
vn -0.707107 0.707107 0
vn -0.707107 0.707107 0
vn -0.707107 0.707107 0
vn -0.707107 0.707107 0
vn -0.707107 0.707107 0
vn -0.707107 0.707107 0
vn -0.707107 0.707107 0
vn -0.707107 0.707107 0
vn -0.707107 0.707107 0
vn -0.707107 0.707107 0
vn -0.707107 0.707107 0
vn -0.707107 0.707107 0
vn -0.707107 0.707107 0
vn -0.707107 0.707107 0
vn -0.707107 0.707107 0
vn -0.707107 0.707107 0
vn -0.707107 0.707107 0
vn -0.707107 0.707107 0
vn -0.707107 0.707107 0
vn -0.707107 0.707107 0
vn -0.707107 0.707107 0
vn -0.237629 0.961621 -0.137174
vn -0.23763 0.961621 -0.137174
vn -0.275069 0.924182 -0.265
vn -0.275069 0.924182 -0.265
vn -0.334626 0.864625 -0.374766
vn -0.334626 0.864625 -0.374766
vn -0.412243 0.787009 -0.458992
vn -0.412243 0.787008 -0.458992
vn -0.502629 0.696622 -0.511939
vn -0.502629 0.696622 -0.511939
vn -0.599625 0.599625 -0.529999
vn -0.599625 0.599625 -0.529999
vn -0.696622 0.502629 -0.511939
vn -0.696622 0.502629 -0.511939
vn -0.787009 0.412242 -0.458992
vn -0.787009 0.412242 -0.458992
vn -0.864625 0.334626 -0.374766
vn -0.864625 0.334626 -0.374766
vn -0.924182 0.275069 -0.265
vn -0.924182 0.275069 -0.265
vn -0.961621 0.23763 -0.137174
vn -0.961621 0.23763 -0.137174
vn -0.974391 0.22486 0
vn -0.974391 0.22486 0
vn -0.961621 0.23763 0.137174
vn -0.961621 0.23763 0.137173
vn -0.924182 0.275069 0.264999
vn -0.924182 0.275069 0.264999
vn -0.864625 0.334626 0.374765
vn -0.864625 0.334626 0.374765
vn -0.787008 0.412242 0.458993
vn -0.787008 0.412242 0.458993
vn -0.696623 0.502628 0.511939
vn -0.696622 0.502628 0.511939
vn -0.599625 0.599625 0.529999
vn -0.599625 0.599625 0.529999
vn -0.502629 0.696622 0.51194
vn -0.502629 0.696622 0.51194
vn -0.412242 0.787008 0.458993
vn -0.412242 0.787008 0.458993
vn -0.334627 0.864625 0.374765
vn -0.334627 0.864625 0.374765
vn -0.275069 0.924182 0.264999
vn -0.275069 0.924182 0.264999
vn -0.23763 0.961621 0.137174
vn -0.23763 0.961621 0.137174
vn -0.22486 0.974391 0
vn -0.22486 0.974391 0
vn -0.707107 -0.707107 0
vn -0.707107 -0.707107 0
vn -0.701057 -0.701057 0.130526
vn -0.701057 -0.701057 0.130526
vn -0.683013 -0.683013 -0.258819
vn -0.683013 -0.683013 -0.258819
vn -0.701057 -0.701057 -0.130527
vn -0.701057 -0.701057 -0.130527
vn -0.612372 -0.612372 -0.500002
vn -0.612372 -0.612372 -0.500002
vn -0.653282 -0.653282 -0.382683
vn -0.653282 -0.653282 -0.382683
vn -0.500001 -0.500001 -0.707106
vn -0.500001 -0.500001 -0.707106
vn -0.560985 -0.560985 -0.608762
vn -0.560985 -0.560985 -0.608762
vn -0.353553 -0.353553 -0.866026
vn -0.430458 -0.430458 -0.793355
vn -0.430458 -0.430458 -0.793355
vn -0.353553 -0.353553 -0.866026
vn -0.183013 -0.183013 -0.965926
vn -0.2706 -0.2706 -0.923879
vn -0.2706 -0.2706 -0.923879
vn -0.183013 -0.183013 -0.965926
vn 0 -0.0 -1
vn -0.092295 -0.092295 -0.991445
vn -0.092295 -0.092295 -0.991445
vn 0 -0.0 -1
vn 0.183013 0.183013 -0.965926
vn 0.092297 0.092297 -0.991445
vn 0.092297 0.092297 -0.991445
vn 0.183013 0.183013 -0.965926
vn 0.353554 0.353554 -0.866025
vn 0.270597 0.270597 -0.92388
vn 0.270597 0.270597 -0.92388
vn 0.353554 0.353554 -0.866025
vn 0.500001 0.500001 -0.707106
vn 0.430459 0.430459 -0.793353
vn 0.430459 0.430459 -0.793353
vn 0.500001 0.500001 -0.707106
vn 0.612373 0.612373 -0.5
vn 0.560986 0.560986 -0.60876
vn 0.560986 0.560986 -0.608761
vn 0.612373 0.612373 -0.5
vn 0.683013 0.683013 -0.258819
vn 0.653282 0.653282 -0.382683
vn 0.653282 0.653282 -0.382683
vn 0.683013 0.683013 -0.258819
vn 0.701057 0.701057 -0.130526
vn 0.701057 0.701057 -0.130526
vn 0.707107 0.707107 0
vn 0.707107 0.707107 0
vn 0.701057 0.701057 0.130526
vn 0.701057 0.701057 0.130526
vn 0.683013 0.683013 0.25882
vn 0.683013 0.683013 0.25882
vn 0.612373 0.612373 0.5
vn 0.653282 0.653282 0.382683
vn 0.653282 0.653282 0.382683
vn 0.612373 0.612373 0.5
vn 0.560985 0.560985 0.608762
vn 0.499999 0.499999 0.707108
vn 0.560985 0.560985 0.608762
vn 0.499999 0.499999 0.707108
vn 0.353554 0.353554 0.866025
vn 0.353554 0.353554 0.866025
vn 0.430459 0.430459 0.793354
vn 0.430459 0.430459 0.793354
vn 0.183013 0.183013 0.965926
vn 0.270597 0.270597 0.92388
vn 0.183013 0.183013 0.965926
vn 0.270597 0.270597 0.92388
vn 0 -0.0 1
vn 0.092297 0.092297 0.991445
vn 0 -0.0 1
vn 0.092297 0.092297 0.991445
vn -0.183013 -0.183013 0.965926
vn -0.183013 -0.183013 0.965926
vn -0.092297 -0.092297 0.991445
vn -0.092297 -0.092297 0.991445
vn -0.353554 -0.353554 0.866025
vn -0.270597 -0.270597 0.92388
vn -0.353554 -0.353554 0.866025
vn -0.270597 -0.270597 0.92388
vn -0.5 -0.5 0.707107
vn -0.5 -0.5 0.707107
vn -0.43046 -0.43046 0.793353
vn -0.43046 -0.43046 0.793353
vn -0.612372 -0.612372 0.500001
vn -0.612372 -0.612372 0.500001
vn -0.560985 -0.560985 0.608762
vn -0.560985 -0.560985 0.608762
vn -0.683013 -0.683013 0.258818
vn -0.683013 -0.683013 0.258818
vn -0.653282 -0.653282 0.382683
vn -0.653282 -0.653282 0.382683
vn 0.683012 0.683012 -0.25882
vn 0.701057 0.701057 -0.130525
vn 0.701057 0.701057 -0.130525
vn 0.683012 0.683012 -0.25882
vn 0.612373 0.612373 -0.499999
vn 0.653281 0.653281 -0.382684
vn 0.653281 0.653281 -0.382684
vn 0.612373 0.612373 -0.499999
vn 0.560985 0.560985 -0.608763
vn 0.5 0.5 -0.707107
vn 0.560985 0.560985 -0.608763
vn 0.5 0.5 -0.707107
vn 0.353554 0.353554 -0.866025
vn 0.43046 0.43046 -0.793353
vn 0.43046 0.43046 -0.793353
vn 0.353554 0.353554 -0.866025
vn 0.183012 0.183012 -0.965926
vn 0.270599 0.270599 -0.923879
vn 0.270599 0.270599 -0.923879
vn 0.183012 0.183012 -0.965926
vn 0 -0.0 -1
vn 0.092295 0.092295 -0.991445
vn 0.092295 0.092295 -0.991445
vn 0 -0.0 -1
vn -0.183012 -0.183012 -0.965926
vn -0.092295 -0.092295 -0.991445
vn -0.092295 -0.092295 -0.991445
vn -0.183012 -0.183012 -0.965926
vn -0.353554 -0.353554 -0.866025
vn -0.270598 -0.270598 -0.923879
vn -0.270598 -0.270598 -0.923879
vn -0.353554 -0.353554 -0.866025
vn -0.5 -0.5 -0.707107
vn -0.43046 -0.43046 -0.793353
vn -0.43046 -0.43046 -0.793353
vn -0.5 -0.5 -0.707107
vn -0.612372 -0.612372 -0.5
vn -0.612372 -0.612372 -0.5
vn -0.560985 -0.560985 -0.608763
vn -0.560985 -0.560985 -0.608763
vn -0.683012 -0.683012 -0.25882
vn -0.683012 -0.683012 -0.25882
vn -0.653281 -0.653281 -0.382684
vn -0.653281 -0.653281 -0.382684
vn -0.707107 -0.707107 0
vn -0.707107 -0.707107 0
vn -0.701057 -0.701057 -0.130525
vn -0.701057 -0.701057 -0.130525
vn -0.683013 -0.683013 0.258819
vn -0.683013 -0.683013 0.258819
vn -0.701057 -0.701057 0.130526
vn -0.701057 -0.701057 0.130526
vn -0.612372 -0.612372 0.5
vn -0.612372 -0.612372 0.5
vn -0.653282 -0.653282 0.382682
vn -0.653282 -0.653282 0.382682
vn -0.5 -0.5 0.707106
vn -0.5 -0.5 0.707106
vn -0.560986 -0.560986 0.60876
vn -0.560986 -0.560986 0.60876
vn -0.353553 -0.353553 0.866025
vn -0.430459 -0.430459 0.793354
vn -0.353553 -0.353553 0.866025
vn -0.430459 -0.430459 0.793354
vn -0.183014 -0.183014 0.965925
vn -0.270598 -0.270598 0.923879
vn -0.183014 -0.183014 0.965925
vn -0.270598 -0.270598 0.923879
vn 0 -0.0 1
vn -0.092296 -0.092296 0.991445
vn 0 -0.0 1
vn -0.092296 -0.092296 0.991445
vn 0.183012 0.183012 0.965926
vn 0.092295 0.092295 0.991445
vn 0.183012 0.183012 0.965926
vn 0.092295 0.092295 0.991445
vn 0.353554 0.353554 0.866025
vn 0.270598 0.270598 0.923879
vn 0.353554 0.353554 0.866025
vn 0.270598 0.270598 0.923879
vn 0.499999 0.499999 0.707108
vn 0.430458 0.430458 0.793355
vn 0.499999 0.499999 0.707108
vn 0.430458 0.430458 0.793355
vn 0.560986 0.560986 0.608761
vn 0.612373 0.612373 0.499999
vn 0.560986 0.560986 0.608761
vn 0.612373 0.612373 0.499999
vn 0.653281 0.653281 0.382685
vn 0.683012 0.683012 0.258821
vn 0.653281 0.653281 0.382685
vn 0.683012 0.683012 0.258821
vn 0.707107 0.707107 0
vn 0.701057 0.701057 0.130525
vn 0.701057 0.701057 0.130525
vn 0.707107 0.707107 0
f 2/2/2 3/3/3 1/1/1
f 3/3/3 4/4/4 1/1/1
f 6/6/6 7/7/7 5/5/5
f 6/6/6 8/8/8 7/7/7
f 10/10/10 11/11/11 9/9/9
f 10/10/10 12/12/12 11/11/11
f 7/7/7 13/13/13 5/5/5
f 15/15/15 16/16/16 14/14/14
f 15/15/15 17/17/17 16/16/16
f 19/19/19 20/20/20 18/18/18
f 20/20/20 19/19/19 21/21/21
f 23/23/23 24/24/24 22/22/22
f 24/24/24 23/23/23 25/25/25
f 27/27/27 22/22/22 26/26/26
f 22/22/22 27/27/27 23/23/23
f 29/29/29 26/26/26 28/28/28
f 29/29/29 27/27/27 26/26/26
f 31/31/31 32/32/32 30/30/30
f 31/31/31 33/33/33 32/32/32
f 30/30/30 35/35/35 34/34/34
f 34/34/34 31/31/31 30/30/30
f 37/37/37 38/38/38 36/36/36
f 40/40/40 41/41/41 39/39/39
f 40/40/40 42/42/42 41/41/41
f 44/44/44 45/45/45 43/43/43
f 43/43/43 46/46/46 44/44/44
f 48/48/48 49/49/49 47/47/47
f 47/47/47 50/50/50 48/48/48
f 45/45/45 52/52/52 51/51/51
f 45/45/45 44/44/44 52/52/52
f 54/54/54 55/55/55 53/53/53
f 53/53/53 56/56/56 54/54/54
f 58/58/58 59/59/59 57/57/57
f 57/57/57 60/60/60 58/58/58
f 62/62/62 63/63/63 61/61/61
f 63/63/63 62/62/62 64/64/64
f 66/66/66 67/67/67 65/65/65
f 65/65/65 68/68/68 66/66/66
f 70/70/70 71/71/71 69/69/69
f 70/70/70 72/72/72 71/71/71
f 74/74/74 75/75/75 73/73/73
f 76/76/76 75/75/75 74/74/74
f 49/49/49 78/78/78 77/77/77
f 77/77/77 47/47/47 49/49/49
f 78/78/78 80/80/80 79/79/79
f 79/79/79 77/77/77 78/78/78
f 81/81/81 82/82/82 79/79/79
f 79/79/79 80/80/80 81/81/81
f 82/82/82 81/81/81 67/67/67
f 67/67/67 66/66/66 82/82/82
f 84/84/84 85/85/85 83/83/83
f 83/83/83 86/86/86 84/84/84
f 87/87/87 84/84/84 86/86/86
f 86/86/86 88/88/88 87/87/87
f 89/89/89 87/87/87 88/88/88
f 90/90/90 87/87/87 89/89/89
f 90/90/90 72/72/72 70/70/70
f 72/72/72 90/90/90 89/89/89
f 92/92/92 93/93/93 91/91/91
f 91/91/91 94/94/94 92/92/92
f 93/93/93 96/96/96 95/95/95
f 95/95/95 91/91/91 93/93/93
f 95/95/95 96/96/96 97/97/97
f 97/97/97 98/98/98 95/95/95
f 73/73/73 98/98/98 97/97/97
f 75/75/75 98/98/98 73/73/73
f 100/100/100 101/101/101 99/99/99
f 101/101/101 102/102/102 99/99/99
f 58/58/58 60/60/60 103/103/103
f 60/60/60 104/104/104 103/103/103
f 76/76/76 74/74/74 64/64/64
f 64/64/64 62/62/62 76/76/76
f 106/106/106 107/107/107 105/105/105
f 106/106/106 108/108/108 107/107/107
f 105/105/105 110/110/110 109/109/109
f 105/105/105 107/107/107 110/110/110
f 101/101/101 112/112/112 111/111/111
f 112/112/112 101/101/101 100/100/100
f 2/2/2 113/113/113 3/3/3
f 114/114/114 3/3/3 113/113/113
f 116/116/116 117/117/117 115/115/115
f 117/117/117 118/118/118 115/115/115
f 113/113/113 119/119/119 114/114/114
f 120/120/120 114/114/114 119/119/119
f 122/122/122 123/123/123 121/121/121
f 123/123/123 124/124/124 121/121/121
f 123/123/123 125/125/125 124/124/124
f 125/125/125 126/126/126 124/124/124
f 125/125/125 109/109/109 126/126/126
f 109/109/109 110/110/110 126/126/126
f 128/128/128 116/116/116 127/127/127
f 116/116/116 115/115/115 127/127/127
f 127/127/127 129/129/129 128/128/128
f 130/130/130 128/128/128 129/129/129
f 132/132/132 133/133/133 131/131/131
f 134/134/134 131/131/131 133/133/133
f 133/133/133 99/99/99 134/134/134
f 102/102/102 134/134/134 99/99/99
f 135/135/135 136/136/136 21/21/21
f 21/21/21 19/19/19 135/135/135
f 138/138/138 139/139/139 137/137/137
f 137/137/137 140/140/140 138/138/138
f 141/141/141 142/142/142 138/138/138
f 139/139/139 138/138/138 142/142/142
f 144/144/144 145/145/145 143/143/143
f 145/145/145 146/146/146 143/143/143
f 143/143/143 146/146/146 147/147/147
f 146/146/146 148/148/148 147/147/147
f 150/150/150 151/151/151 149/149/149
f 152/152/152 149/149/149 151/151/151
f 154/154/154 155/155/155 153/153/153
f 153/153/153 156/156/156 154/154/154
f 157/157/157 154/154/154 156/156/156
f 156/156/156 158/158/158 157/157/157
f 160/160/160 161/161/161 159/159/159
f 159/159/159 162/162/162 160/160/160
f 164/164/164 165/165/165 163/163/163
f 166/166/166 163/163/163 165/165/165
f 167/167/167 165/165/165 164/164/164
f 168/168/168 165/165/165 167/167/167
f 170/170/170 171/171/171 169/169/169
f 172/172/172 165/165/165 168/168/168
f 173/173/173 172/172/172 168/168/168
f 171/171/171 175/175/175 174/174/174
f 174/174/174 176/176/176 171/171/171
f 175/175/175 171/171/171 177/177/177
f 177/177/177 171/171/171 178/178/178
f 178/178/178 171/171/171 179/179/179
f 179/179/179 171/171/171 180/180/180
f 180/180/180 171/171/171 170/170/170
f 181/181/181 182/182/182 174/174/174
f 182/182/182 176/176/176 174/174/174
f 184/184/184 185/185/185 183/183/183
f 184/184/184 186/186/186 185/185/185
f 187/187/187 13/13/13 7/7/7
f 188/188/188 187/187/187 7/7/7
f 188/188/188 7/7/7 189/189/189
f 189/189/189 190/190/190 188/188/188
f 191/191/191 190/190/190 189/189/189
f 192/192/192 191/191/191 189/189/189
f 193/193/193 192/192/192 189/189/189
f 195/195/195 196/196/196 194/194/194
f 197/197/197 196/196/196 195/195/195
f 199/199/199 200/200/200 198/198/198
f 201/201/201 198/198/198 200/200/200
f 203/203/203 204/204/204 202/202/202
f 204/204/204 205/205/205 202/202/202
f 207/207/207 208/208/208 206/206/206
f 206/206/206 209/209/209 207/207/207
f 211/211/211 212/212/212 210/210/210
f 210/210/210 213/213/213 211/211/211
f 215/215/215 216/216/216 214/214/214
f 214/214/214 217/217/217 215/215/215
f 219/219/219 220/220/220 218/218/218
f 219/219/219 221/221/221 220/220/220
f 223/223/223 224/224/224 222/222/222
f 224/224/224 225/225/225 222/222/222
f 227/227/227 228/228/228 226/226/226
f 229/229/229 228/228/228 227/227/227
f 231/231/231 232/232/232 230/230/230
f 233/233/233 230/230/230 232/232/232
f 235/235/235 236/236/236 234/234/234
f 236/236/236 237/237/237 234/234/234
f 239/239/239 240/240/240 238/238/238
f 238/238/238 241/241/241 239/239/239
f 243/243/243 244/244/244 242/242/242
f 242/242/242 245/245/245 243/243/243
f 247/247/247 248/248/248 246/246/246
f 246/246/246 249/249/249 247/247/247
f 251/251/251 252/252/252 250/250/250
f 251/251/251 253/253/253 252/252/252
f 255/255/255 256/256/256 254/254/254
f 256/256/256 257/257/257 254/254/254
f 259/259/259 260/260/260 258/258/258
f 261/261/261 260/260/260 259/259/259
f 263/263/263 264/264/264 262/262/262
f 264/264/264 265/265/265 262/262/262
f 267/267/267 268/268/268 266/266/266
f 268/268/268 269/269/269 266/266/266
f 271/271/271 272/272/272 270/270/270
f 270/270/270 273/273/273 271/271/271
f 275/275/275 276/276/276 274/274/274
f 274/274/274 277/277/277 275/275/275
f 279/279/279 280/280/280 278/278/278
f 278/278/278 281/281/281 279/279/279
f 283/283/283 284/284/284 282/282/282
f 283/283/283 285/285/285 284/284/284
f 287/287/287 288/288/288 286/286/286
f 288/288/288 289/289/289 286/286/286
f 291/291/291 292/292/292 290/290/290
f 290/290/290 293/293/293 291/291/291
f 295/295/295 296/296/296 294/294/294
f 294/294/294 297/297/297 295/295/295
f 299/299/299 300/300/300 298/298/298
f 298/298/298 301/301/301 299/299/299
f 303/303/303 304/304/304 302/302/302
f 302/302/302 305/305/305 303/303/303
f 307/307/307 308/308/308 306/306/306
f 307/307/307 309/309/309 308/308/308
f 311/311/311 312/312/312 310/310/310
f 311/311/311 313/313/313 312/312/312
f 315/315/315 316/316/316 314/314/314
f 315/315/315 317/317/317 316/316/316
f 319/319/319 320/320/320 318/318/318
f 319/319/319 321/321/321 320/320/320
f 323/323/323 324/324/324 322/322/322
f 323/323/323 325/325/325 324/324/324
f 327/327/327 328/328/328 326/326/326
f 326/326/326 329/329/329 327/327/327
f 331/331/331 332/332/332 330/330/330
f 330/330/330 333/333/333 331/331/331
f 335/335/335 336/336/336 334/334/334
f 336/336/336 335/335/335 337/337/337
f 339/339/339 340/340/340 338/338/338
f 340/340/340 339/339/339 341/341/341
f 343/343/343 344/344/344 342/342/342
f 344/344/344 343/343/343 345/345/345
f 347/347/347 348/348/348 346/346/346
f 346/346/346 349/349/349 347/347/347
f 351/351/351 352/352/352 350/350/350
f 352/352/352 351/351/351 353/353/353
f 355/355/355 356/356/356 354/354/354
f 355/355/355 357/357/357 356/356/356
f 359/359/359 360/360/360 358/358/358
f 359/359/359 361/361/361 360/360/360
f 363/363/363 364/364/364 362/362/362
f 363/363/363 365/365/365 364/364/364
f 367/367/367 368/368/368 366/366/366
f 367/367/367 369/369/369 368/368/368
f 371/371/371 372/372/372 370/370/370
f 371/371/371 373/373/373 372/372/372
f 375/375/375 376/376/376 374/374/374
f 375/375/375 377/377/377 376/376/376
f 379/379/379 380/380/380 378/378/378
f 378/378/378 381/381/381 379/379/379
f 383/383/383 384/384/384 382/382/382
f 382/382/382 385/385/385 383/383/383
f 387/387/387 388/388/388 386/386/386
f 389/389/389 388/388/388 387/387/387
f 391/391/391 392/392/392 390/390/390
f 393/393/393 392/392/392 391/391/391
f 395/395/395 396/396/396 394/394/394
f 397/397/397 396/396/396 395/395/395
f 399/399/399 400/400/400 398/398/398
f 399/399/399 401/401/401 400/400/400
f 403/403/403 404/404/404 402/402/402
f 403/403/403 405/405/405 404/404/404
f 407/407/407 408/408/408 406/406/406
f 406/406/406 409/409/409 407/407/407
f 411/411/411 412/412/412 410/410/410
f 411/411/411 413/413/413 412/412/412
f 415/415/415 416/416/416 414/414/414
f 415/415/415 417/417/417 416/416/416
f 419/419/419 420/420/420 418/418/418
f 418/418/418 421/421/421 419/419/419
f 423/423/423 424/424/424 422/422/422
f 422/422/422 425/425/425 423/423/423
f 427/427/427 428/428/428 426/426/426
f 426/426/426 429/429/429 427/427/427
f 431/431/431 432/432/432 430/430/430
f 430/430/430 433/433/433 431/431/431
f 435/435/435 436/436/436 434/434/434
f 434/434/434 437/437/437 435/435/435
f 439/439/439 440/440/440 438/438/438
f 438/438/438 441/441/441 439/439/439
f 443/443/443 444/444/444 442/442/442
f 442/442/442 445/445/445 443/443/443
f 447/447/447 448/448/448 446/446/446
f 448/448/448 449/449/449 446/446/446
f 451/451/451 452/452/452 450/450/450
f 452/452/452 453/453/453 450/450/450
f 455/455/455 456/456/456 454/454/454
f 456/456/456 457/457/457 454/454/454
f 459/459/459 460/460/460 458/458/458
f 458/458/458 461/461/461 459/459/459
f 463/463/463 464/464/464 462/462/462
f 464/464/464 465/465/465 462/462/462
f 467/467/467 468/468/468 466/466/466
f 468/468/468 469/469/469 466/466/466
f 471/471/471 472/472/472 470/470/470
f 473/473/473 472/472/472 471/471/471
f 475/475/475 476/476/476 474/474/474
f 477/477/477 476/476/476 475/475/475
f 479/479/479 480/480/480 478/478/478
f 478/478/478 481/481/481 479/479/479
f 483/483/483 484/484/484 482/482/482
f 486/486/486 487/487/487 485/485/485
f 489/489/489 490/490/490 488/488/488
f 492/492/492 493/493/493 491/491/491
f 495/495/495 496/496/496 494/494/494
f 498/498/498 499/499/499 497/497/497
f 501/501/501 502/502/502 500/500/500
f 504/504/504 505/505/505 503/503/503
f 507/507/507 508/508/508 506/506/506
f 510/510/510 511/511/511 509/509/509
f 513/513/513 514/514/514 512/512/512
f 516/516/516 517/517/517 515/515/515
f 519/519/519 520/520/520 518/518/518
f 522/522/522 518/518/518 521/521/521
f 524/524/524 521/521/521 523/523/523
f 526/526/526 523/523/523 525/525/525
f 528/528/528 525/525/525 527/527/527
f 530/530/530 527/527/527 529/529/529
f 532/532/532 529/529/529 531/531/531
f 534/534/534 531/531/531 533/533/533
f 536/536/536 533/533/533 535/535/535
f 538/538/538 535/535/535 537/537/537
f 540/540/540 537/537/537 539/539/539
f 541/541/541 539/539/539 484/484/484
f 542/542/542 543/543/543 196/196/196
f 196/196/196 197/197/197 542/542/542
f 544/544/544 545/545/545 198/198/198
f 198/198/198 201/201/201 544/544/544
f 546/546/546 547/547/547 202/202/202
f 202/202/202 205/205/205 546/546/546
f 207/207/207 209/209/209 548/548/548
f 548/548/548 549/549/549 207/207/207
f 210/210/210 212/212/212 550/550/550
f 550/550/550 551/551/551 210/210/210
f 214/214/214 216/216/216 552/552/552
f 552/552/552 553/553/553 214/214/214
f 219/219/219 218/218/218 554/554/554
f 554/554/554 555/555/555 219/219/219
f 556/556/556 557/557/557 224/224/224
f 224/224/224 223/223/223 556/556/556
f 558/558/558 559/559/559 228/228/228
f 228/228/228 229/229/229 558/558/558
f 560/560/560 561/561/561 230/230/230
f 230/230/230 233/233/233 560/560/560
f 562/562/562 563/563/563 234/234/234
f 234/234/234 237/237/237 562/562/562
f 239/239/239 241/241/241 564/564/564
f 564/564/564 565/565/565 239/239/239
f 242/242/242 244/244/244 566/566/566
f 566/566/566 567/567/567 242/242/242
f 246/246/246 248/248/248 568/568/568
f 568/568/568 569/569/569 246/246/246
f 251/251/251 250/250/250 570/570/570
f 570/570/570 571/571/571 251/251/251
f 572/572/572 573/573/573 256/256/256
f 256/256/256 255/255/255 572/572/572
f 574/574/574 575/575/575 260/260/260
f 260/260/260 261/261/261 574/574/574
f 576/576/576 577/577/577 262/262/262
f 262/262/262 265/265/265 576/576/576
f 578/578/578 579/579/579 266/266/266
f 266/266/266 269/269/269 578/578/578
f 271/271/271 273/273/273 580/580/580
f 580/580/580 581/581/581 271/271/271
f 274/274/274 276/276/276 582/582/582
f 582/582/582 583/583/583 274/274/274
f 278/278/278 280/280/280 584/584/584
f 584/584/584 585/585/585 278/278/278
f 283/283/283 282/282/282 586/586/586
f 586/586/586 587/587/587 283/283/283
f 588/588/588 589/589/589 288/288/288
f 288/288/288 287/287/287 588/588/588
f 591/591/591 592/592/592 590/590/590
f 590/590/590 593/593/593 591/591/591
f 595/595/595 596/596/596 594/594/594
f 594/594/594 597/597/597 595/595/595
f 599/599/599 600/600/600 598/598/598
f 598/598/598 601/601/601 599/599/599
f 603/603/603 604/604/604 602/602/602
f 602/602/602 605/605/605 603/603/603
f 607/607/607 608/608/608 606/606/606
f 606/606/606 609/609/609 607/607/607
f 611/611/611 612/612/612 610/610/610
f 611/611/611 613/613/613 612/612/612
f 615/615/615 616/616/616 614/614/614
f 615/615/615 617/617/617 616/616/616
f 619/619/619 620/620/620 618/618/618
f 619/619/619 621/621/621 620/620/620
f 623/623/623 624/624/624 622/622/622
f 623/623/623 625/625/625 624/624/624
f 627/627/627 628/628/628 626/626/626
f 627/627/627 629/629/629 628/628/628
f 631/631/631 632/632/632 630/630/630
f 632/632/632 631/631/631 633/633/633
f 635/635/635 636/636/636 634/634/634
f 636/636/636 635/635/635 637/637/637
f 639/639/639 640/640/640 638/638/638
f 640/640/640 639/639/639 641/641/641
f 643/643/643 644/644/644 642/642/642
f 644/644/644 643/643/643 645/645/645
f 647/647/647 648/648/648 646/646/646
f 648/648/648 647/647/647 649/649/649
f 651/651/651 652/652/652 650/650/650
f 650/650/650 653/653/653 651/651/651
f 655/655/655 656/656/656 654/654/654
f 655/655/655 657/657/657 656/656/656
f 659/659/659 660/660/660 658/658/658
f 658/658/658 661/661/661 659/659/659
f 663/663/663 664/664/664 662/662/662
f 662/662/662 665/665/665 663/663/663
f 667/667/667 668/668/668 666/666/666
f 667/667/667 669/669/669 668/668/668
f 671/671/671 672/672/672 670/670/670
f 670/670/670 673/673/673 671/671/671
f 675/675/675 676/676/676 674/674/674
f 675/675/675 677/677/677 676/676/676
f 679/679/679 680/680/680 678/678/678
f 678/678/678 681/681/681 679/679/679
f 683/683/683 684/684/684 682/682/682
f 682/682/682 685/685/685 683/683/683
f 687/687/687 688/688/688 686/686/686
f 689/689/689 688/688/688 687/687/687
f 691/691/691 692/692/692 690/690/690
f 693/693/693 692/692/692 691/691/691
f 695/695/695 696/696/696 694/694/694
f 697/697/697 696/696/696 695/695/695
f 699/699/699 700/700/700 698/698/698
f 699/699/699 701/701/701 700/700/700
f 703/703/703 704/704/704 702/702/702
f 703/703/703 705/705/705 704/704/704
f 707/707/707 708/708/708 706/706/706
f 707/707/707 709/709/709 708/708/708
f 711/711/711 712/712/712 710/710/710
f 710/710/710 713/713/713 711/711/711
f 715/715/715 716/716/716 714/714/714
f 715/715/715 717/717/717 716/716/716
f 719/719/719 720/720/720 718/718/718
f 718/718/718 721/721/721 719/719/719
f 723/723/723 724/724/724 722/722/722
f 722/722/722 725/725/725 723/723/723
f 727/727/727 728/728/728 726/726/726
f 726/726/726 729/729/729 727/727/727
f 731/731/731 732/732/732 730/730/730
f 730/730/730 733/733/733 731/731/731
f 735/735/735 736/736/736 734/734/734
f 734/734/734 737/737/737 735/735/735
f 739/739/739 740/740/740 738/738/738
f 738/738/738 741/741/741 739/739/739
f 743/743/743 744/744/744 742/742/742
f 742/742/742 745/745/745 743/743/743
f 747/747/747 748/748/748 746/746/746
f 748/748/748 749/749/749 746/746/746
f 751/751/751 752/752/752 750/750/750
f 752/752/752 753/753/753 750/750/750
f 755/755/755 756/756/756 754/754/754
f 756/756/756 757/757/757 754/754/754
f 759/759/759 760/760/760 758/758/758
f 760/760/760 761/761/761 758/758/758
f 763/763/763 764/764/764 762/762/762
f 764/764/764 765/765/765 762/762/762
f 767/767/767 768/768/768 766/766/766
f 768/768/768 769/769/769 766/766/766
f 771/771/771 772/772/772 770/770/770
f 773/773/773 772/772/772 771/771/771
f 775/775/775 776/776/776 774/774/774
f 777/777/777 776/776/776 775/775/775
f 779/779/779 780/780/780 778/778/778
f 781/781/781 780/780/780 779/779/779
f 1/1/1 782/782/782 2/2/2
f 782/782/782 1/1/1 783/783/783
f 785/785/785 786/786/786 784/784/784
f 784/784/784 787/787/787 785/785/785
f 788/788/788 789/789/789 11/11/11
f 11/11/11 12/12/12 788/788/788
f 790/790/790 784/784/784 786/786/786
f 791/791/791 792/792/792 16/16/16
f 16/16/16 17/17/17 791/791/791
f 18/18/18 793/793/793 19/19/19
f 793/793/793 794/794/794 19/19/19
f 25/25/25 23/23/23 795/795/795
f 23/23/23 796/796/796 795/795/795
f 23/23/23 27/27/27 796/796/796
f 27/27/27 797/797/797 796/796/796
f 797/797/797 27/27/27 29/29/29
f 29/29/29 798/798/798 797/797/797
f 799/799/799 33/33/33 31/31/31
f 31/31/31 800/800/800 799/799/799
f 800/800/800 31/31/31 34/34/34
f 34/34/34 801/801/801 800/800/800
f 803/803/803 804/804/804 802/802/802
f 806/806/806 807/807/807 805/805/805
f 805/805/805 808/808/808 806/806/806
f 810/810/810 811/811/811 809/809/809
f 812/812/812 809/809/809 811/811/811
f 814/814/814 815/815/815 813/813/813
f 813/813/813 816/816/816 814/814/814
f 810/810/810 818/818/818 817/817/817
f 817/817/817 811/811/811 810/810/810
f 820/820/820 821/821/821 819/819/819
f 822/822/822 819/819/819 821/821/821
f 824/824/824 825/825/825 823/823/823
f 823/823/823 826/826/826 824/824/824
f 828/828/828 829/829/829 827/827/827
f 829/829/829 830/830/830 827/827/827
f 832/832/832 833/833/833 831/831/831
f 831/831/831 834/834/834 832/832/832
f 836/836/836 837/837/837 835/835/835
f 837/837/837 838/838/838 835/835/835
f 840/840/840 841/841/841 839/839/839
f 839/839/839 842/842/842 840/840/840
f 843/843/843 844/844/844 816/816/816
f 816/816/816 813/813/813 843/843/843
f 845/845/845 846/846/846 844/844/844
f 844/844/844 843/843/843 845/845/845
f 847/847/847 848/848/848 845/845/845
f 846/846/846 845/845/845 848/848/848
f 847/847/847 832/832/832 834/834/834
f 834/834/834 848/848/848 847/847/847
f 850/850/850 851/851/851 849/849/849
f 849/849/849 852/852/852 850/850/850
f 852/852/852 849/849/849 853/853/853
f 853/853/853 854/854/854 852/852/852
f 855/855/855 854/854/854 853/853/853
f 853/853/853 856/856/856 855/855/855
f 855/855/855 856/856/856 836/836/836
f 856/856/856 837/837/837 836/836/836
f 858/858/858 859/859/859 857/857/857
f 857/857/857 860/860/860 858/858/858
f 860/860/860 857/857/857 861/861/861
f 861/861/861 862/862/862 860/860/860
f 861/861/861 864/864/864 863/863/863
f 863/863/863 862/862/862 861/861/861
f 841/841/841 863/863/863 864/864/864
f 864/864/864 839/839/839 841/841/841
f 99/99/99 865/865/865 100/100/100
f 865/865/865 99/99/99 866/866/866
f 867/867/867 825/825/825 824/824/824
f 825/825/825 867/867/867 868/868/868
f 842/842/842 827/827/827 830/830/830
f 830/830/830 840/840/840 842/842/842
f 106/106/106 105/105/105 869/869/869
f 869/869/869 870/870/870 106/106/106
f 105/105/105 109/109/109 871/871/871
f 871/871/871 869/869/869 105/105/105
f 872/872/872 112/112/112 865/865/865
f 112/112/112 100/100/100 865/865/865
f 113/113/113 782/782/782 873/873/873
f 113/113/113 2/2/2 782/782/782
f 874/874/874 115/115/115 118/118/118
f 115/115/115 874/874/874 875/875/875
f 119/119/119 873/873/873 876/876/876
f 119/119/119 113/113/113 873/873/873
f 123/123/123 122/122/122 877/877/877
f 877/877/877 878/878/878 123/123/123
f 125/125/125 123/123/123 878/878/878
f 878/878/878 879/879/879 125/125/125
f 109/109/109 125/125/125 879/879/879
f 879/879/879 871/871/871 109/109/109
f 875/875/875 127/127/127 115/115/115
f 127/127/127 875/875/875 880/880/880
f 129/129/129 880/880/880 881/881/881
f 129/129/129 127/127/127 880/880/880
f 133/133/133 883/883/883 882/882/882
f 133/133/133 132/132/132 883/883/883
f 99/99/99 882/882/882 866/866/866
f 99/99/99 133/133/133 882/882/882
f 19/19/19 794/794/794 135/135/135
f 794/794/794 884/884/884 135/135/135
f 886/886/886 887/887/887 885/885/885
f 885/885/885 888/888/888 886/886/886
f 885/885/885 890/890/890 889/889/889
f 890/890/890 885/885/885 887/887/887
f 892/892/892 893/893/893 891/891/891
f 893/893/893 892/892/892 894/894/894
f 895/895/895 894/894/894 892/892/892
f 894/894/894 895/895/895 896/896/896
f 898/898/898 899/899/899 897/897/897
f 897/897/897 900/900/900 898/898/898
f 902/902/902 903/903/903 901/901/901
f 901/901/901 904/904/904 902/902/902
f 905/905/905 906/906/906 903/903/903
f 903/903/903 902/902/902 905/905/905
f 908/908/908 909/909/909 907/907/907
f 908/908/908 910/910/910 909/909/909
f 912/912/912 913/913/913 911/911/911
f 911/911/911 914/914/914 912/912/912
f 912/912/912 915/915/915 913/913/913
f 912/912/912 916/916/916 915/915/915
f 918/918/918 919/919/919 917/917/917
f 912/912/912 920/920/920 916/916/916
f 920/920/920 921/921/921 916/916/916
f 922/922/922 923/923/923 918/918/918
f 918/918/918 924/924/924 922/922/922
f 918/918/918 923/923/923 925/925/925
f 918/918/918 925/925/925 926/926/926
f 918/918/918 926/926/926 927/927/927
f 918/918/918 927/927/927 928/928/928
f 918/918/918 928/928/928 919/919/919
f 929/929/929 930/930/930 922/922/922
f 922/922/922 924/924/924 929/929/929
f 932/932/932 933/933/933 931/931/931
f 934/934/934 932/932/932 931/931/931
f 790/790/790 935/935/935 784/784/784
f 935/935/935 936/936/936 784/784/784
f 937/937/937 784/784/784 936/936/936
f 936/936/936 938/938/938 937/937/937
f 938/938/938 939/939/939 937/937/937
f 939/939/939 940/940/940 937/937/937
f 940/940/940 941/941/941 937/937/937
f 943/943/943 944/944/944 942/942/942
f 943/943/943 945/945/945 944/944/944
f 947/947/947 948/948/948 946/946/946
f 946/946/946 949/949/949 947/947/947
f 951/951/951 952/952/952 950/950/950
f 950/950/950 953/953/953 951/951/951
f 955/955/955 956/956/956 954/954/954
f 954/954/954 957/957/957 955/955/955
f 959/959/959 960/960/960 958/958/958
f 960/960/960 961/961/961 958/958/958
f 963/963/963 964/964/964 962/962/962
f 965/965/965 964/964/964 963/963/963
f 967/967/967 968/968/968 966/966/966
f 969/969/969 968/968/968 967/967/967
f 971/971/971 972/972/972 970/970/970
f 971/971/971 973/973/973 972/972/972
f 975/975/975 976/976/976 974/974/974
f 975/975/975 977/977/977 976/976/976
f 979/979/979 980/980/980 978/978/978
f 978/978/978 981/981/981 979/979/979
f 983/983/983 984/984/984 982/982/982
f 982/982/982 985/985/985 983/983/983
f 987/987/987 988/988/988 986/986/986
f 986/986/986 989/989/989 987/987/987
f 991/991/991 992/992/992 990/990/990
f 992/992/992 993/993/993 990/990/990
f 995/995/995 996/996/996 994/994/994
f 997/997/997 996/996/996 995/995/995
f 999/999/999 1000/1000/1000 998/998/998
f 1000/1000/1000 1001/1001/1001 998/998/998
f 1003/1003/1003 1004/1004/1004 1002/1002/1002
f 1003/1003/1003 1005/1005/1005 1004/1004/1004
f 1007/1007/1007 1008/1008/1008 1006/1006/1006
f 1007/1007/1007 1009/1009/1009 1008/1008/1008
f 1011/1011/1011 1012/1012/1012 1010/1010/1010
f 1010/1010/1010 1013/1013/1013 1011/1011/1011
f 1015/1015/1015 1016/1016/1016 1014/1014/1014
f 1014/1014/1014 1017/1017/1017 1015/1015/1015
f 1019/1019/1019 1020/1020/1020 1018/1018/1018
f 1018/1018/1018 1021/1021/1021 1019/1019/1019
f 1023/1023/1023 1024/1024/1024 1022/1022/1022
f 1024/1024/1024 1025/1025/1025 1022/1022/1022
f 1027/1027/1027 1028/1028/1028 1026/1026/1026
f 1029/1029/1029 1028/1028/1028 1027/1027/1027
f 1031/1031/1031 1032/1032/1032 1030/1030/1030
f 1033/1033/1033 1032/1032/1032 1031/1031/1031
f 1035/1035/1035 1036/1036/1036 1034/1034/1034
f 1035/1035/1035 1037/1037/1037 1036/1036/1036
f 1039/1039/1039 1040/1040/1040 1038/1038/1038
f 1040/1040/1040 1041/1041/1041 1038/1038/1038
f 1043/1043/1043 1044/1044/1044 1042/1042/1042
f 1044/1044/1044 1045/1045/1045 1042/1042/1042
f 1047/1047/1047 1048/1048/1048 1046/1046/1046
f 1048/1048/1048 1049/1049/1049 1046/1046/1046
f 1051/1051/1051 1052/1052/1052 1050/1050/1050
f 1052/1052/1052 1053/1053/1053 1050/1050/1050
f 1055/1055/1055 1056/1056/1056 1054/1054/1054
f 1054/1054/1054 1057/1057/1057 1055/1055/1055
f 1059/1059/1059 1060/1060/1060 1058/1058/1058
f 1058/1058/1058 1061/1061/1061 1059/1059/1059
f 1063/1063/1063 1064/1064/1064 1062/1062/1062
f 1062/1062/1062 1065/1065/1065 1063/1063/1063
f 1067/1067/1067 1068/1068/1068 1066/1066/1066
f 1066/1066/1066 1069/1069/1069 1067/1067/1067
f 1071/1071/1071 1072/1072/1072 1070/1070/1070
f 1070/1070/1070 1073/1073/1073 1071/1071/1071
f 1075/1075/1075 1076/1076/1076 1074/1074/1074
f 1074/1074/1074 1077/1077/1077 1075/1075/1075
f 1079/1079/1079 1080/1080/1080 1078/1078/1078
f 1078/1078/1078 1081/1081/1081 1079/1079/1079
f 1083/1083/1083 1084/1084/1084 1082/1082/1082
f 1082/1082/1082 1085/1085/1085 1083/1083/1083
f 1087/1087/1087 1088/1088/1088 1086/1086/1086
f 1086/1086/1086 1089/1089/1089 1087/1087/1087
f 1091/1091/1091 1092/1092/1092 1090/1090/1090
f 1092/1092/1092 1093/1093/1093 1090/1090/1090
f 1095/1095/1095 1096/1096/1096 1094/1094/1094
f 1094/1094/1094 1097/1097/1097 1095/1095/1095
f 1099/1099/1099 1100/1100/1100 1098/1098/1098
f 1100/1100/1100 1101/1101/1101 1098/1098/1098
f 1103/1103/1103 1104/1104/1104 1102/1102/1102
f 1105/1105/1105 1102/1102/1102 1104/1104/1104
f 1107/1107/1107 1108/1108/1108 1106/1106/1106
f 1109/1109/1109 1106/1106/1106 1108/1108/1108
f 1111/1111/1111 1112/1112/1112 1110/1110/1110
f 1113/1113/1113 1110/1110/1110 1112/1112/1112
f 1115/1115/1115 1116/1116/1116 1114/1114/1114
f 1117/1117/1117 1114/1114/1114 1116/1116/1116
f 1119/1119/1119 1120/1120/1120 1118/1118/1118
f 1121/1121/1121 1118/1118/1118 1120/1120/1120
f 1123/1123/1123 1124/1124/1124 1122/1122/1122
f 1125/1125/1125 1122/1122/1122 1124/1124/1124
f 1127/1127/1127 1128/1128/1128 1126/1126/1126
f 1128/1128/1128 1129/1129/1129 1126/1126/1126
f 1131/1131/1131 1132/1132/1132 1130/1130/1130
f 1130/1130/1130 1133/1133/1133 1131/1131/1131
f 1135/1135/1135 1136/1136/1136 1134/1134/1134
f 1134/1134/1134 1137/1137/1137 1135/1135/1135
f 1139/1139/1139 1140/1140/1140 1138/1138/1138
f 1139/1139/1139 1141/1141/1141 1140/1140/1140
f 1143/1143/1143 1144/1144/1144 1142/1142/1142
f 1143/1143/1143 1145/1145/1145 1144/1144/1144
f 1147/1147/1147 1148/1148/1148 1146/1146/1146
f 1146/1146/1146 1149/1149/1149 1147/1147/1147
f 1151/1151/1151 1152/1152/1152 1150/1150/1150
f 1150/1150/1150 1153/1153/1153 1151/1151/1151
f 1155/1155/1155 1156/1156/1156 1154/1154/1154
f 1154/1154/1154 1157/1157/1157 1155/1155/1155
f 1159/1159/1159 1160/1160/1160 1158/1158/1158
f 1158/1158/1158 1161/1161/1161 1159/1159/1159
f 1163/1163/1163 1164/1164/1164 1162/1162/1162
f 1162/1162/1162 1165/1165/1165 1163/1163/1163
f 1167/1167/1167 1168/1168/1168 1166/1166/1166
f 1166/1166/1166 1169/1169/1169 1167/1167/1167
f 1171/1171/1171 1172/1172/1172 1170/1170/1170
f 1172/1172/1172 1173/1173/1173 1170/1170/1170
f 1175/1175/1175 1176/1176/1176 1174/1174/1174
f 1176/1176/1176 1177/1177/1177 1174/1174/1174
f 1179/1179/1179 1180/1180/1180 1178/1178/1178
f 1180/1180/1180 1181/1181/1181 1178/1178/1178
f 1183/1183/1183 1184/1184/1184 1182/1182/1182
f 1184/1184/1184 1185/1185/1185 1182/1182/1182
f 1187/1187/1187 1188/1188/1188 1186/1186/1186
f 1188/1188/1188 1189/1189/1189 1186/1186/1186
f 1191/1191/1191 1192/1192/1192 1190/1190/1190
f 1192/1192/1192 1193/1193/1193 1190/1190/1190
f 1195/1195/1195 1196/1196/1196 1194/1194/1194
f 1197/1197/1197 1196/1196/1196 1195/1195/1195
f 1199/1199/1199 1200/1200/1200 1198/1198/1198
f 1201/1201/1201 1200/1200/1200 1199/1199/1199
f 1203/1203/1203 1204/1204/1204 1202/1202/1202
f 1205/1205/1205 1204/1204/1204 1203/1203/1203
f 1207/1207/1207 1208/1208/1208 1206/1206/1206
f 1206/1206/1206 1209/1209/1209 1207/1207/1207
f 1211/1211/1211 1212/1212/1212 1210/1210/1210
f 1213/1213/1213 1212/1212/1212 1211/1211/1211
f 1215/1215/1215 1216/1216/1216 1214/1214/1214
f 1217/1217/1217 1216/1216/1216 1215/1215/1215
f 1219/1219/1219 1220/1220/1220 1218/1218/1218
f 1219/1219/1219 1221/1221/1221 1220/1220/1220
f 1223/1223/1223 1224/1224/1224 1222/1222/1222
f 1222/1222/1222 1225/1225/1225 1223/1223/1223
f 1227/1227/1227 1228/1228/1228 1226/1226/1226
f 1226/1226/1226 1229/1229/1229 1227/1227/1227
f 1231/1231/1231 1232/1232/1232 1230/1230/1230
f 1234/1234/1234 1235/1235/1235 1233/1233/1233
f 1237/1237/1237 1238/1238/1238 1236/1236/1236
f 1240/1240/1240 1241/1241/1241 1239/1239/1239
f 1243/1243/1243 1244/1244/1244 1242/1242/1242
f 1246/1246/1246 1247/1247/1247 1245/1245/1245
f 1249/1249/1249 1250/1250/1250 1248/1248/1248
f 1252/1252/1252 1253/1253/1253 1251/1251/1251
f 1255/1255/1255 1256/1256/1256 1254/1254/1254
f 1258/1258/1258 1259/1259/1259 1257/1257/1257
f 1261/1261/1261 1262/1262/1262 1260/1260/1260
f 1264/1264/1264 1265/1265/1265 1263/1263/1263
f 1267/1267/1267 1268/1268/1268 1266/1266/1266
f 1266/1266/1266 1270/1270/1270 1269/1269/1269
f 1269/1269/1269 1272/1272/1272 1271/1271/1271
f 1271/1271/1271 1274/1274/1274 1273/1273/1273
f 1273/1273/1273 1276/1276/1276 1275/1275/1275
f 1275/1275/1275 1278/1278/1278 1277/1277/1277
f 1277/1277/1277 1280/1280/1280 1279/1279/1279
f 1279/1279/1279 1282/1282/1282 1281/1281/1281
f 1281/1281/1281 1284/1284/1284 1283/1283/1283
f 1283/1283/1283 1286/1286/1286 1285/1285/1285
f 1285/1285/1285 1288/1288/1288 1287/1287/1287
f 1287/1287/1287 1289/1289/1289 1231/1231/1231
f 1290/1290/1290 945/945/945 943/943/943
f 943/943/943 1291/1291/1291 1290/1290/1290
f 1292/1292/1292 949/949/949 946/946/946
f 946/946/946 1293/1293/1293 1292/1292/1292
f 950/950/950 1295/1295/1295 1294/1294/1294
f 1294/1294/1294 953/953/953 950/950/950
f 955/955/955 1297/1297/1297 1296/1296/1296
f 1296/1296/1296 956/956/956 955/955/955
f 958/958/958 1299/1299/1299 1298/1298/1298
f 1298/1298/1298 959/959/959 958/958/958
f 964/964/964 1301/1301/1301 1300/1300/1300
f 1300/1300/1300 962/962/962 964/964/964
f 1302/1302/1302 966/966/966 968/968/968
f 968/968/968 1303/1303/1303 1302/1302/1302
f 1304/1304/1304 973/973/973 971/971/971
f 971/971/971 1305/1305/1305 1304/1304/1304
f 1306/1306/1306 977/977/977 975/975/975
f 975/975/975 1307/1307/1307 1306/1306/1306
f 1308/1308/1308 981/981/981 978/978/978
f 978/978/978 1309/1309/1309 1308/1308/1308
f 982/982/982 1311/1311/1311 1310/1310/1310
f 1310/1310/1310 985/985/985 982/982/982
f 987/987/987 1313/1313/1313 1312/1312/1312
f 1312/1312/1312 988/988/988 987/987/987
f 990/990/990 1315/1315/1315 1314/1314/1314
f 1314/1314/1314 991/991/991 990/990/990
f 996/996/996 1317/1317/1317 1316/1316/1316
f 1316/1316/1316 994/994/994 996/996/996
f 1318/1318/1318 1001/1001/1001 1000/1000/1000
f 1000/1000/1000 1319/1319/1319 1318/1318/1318
f 1320/1320/1320 1005/1005/1005 1003/1003/1003
f 1003/1003/1003 1321/1321/1321 1320/1320/1320
f 1322/1322/1322 1009/1009/1009 1007/1007/1007
f 1007/1007/1007 1323/1323/1323 1322/1322/1322
f 1324/1324/1324 1013/1013/1013 1010/1010/1010
f 1010/1010/1010 1325/1325/1325 1324/1324/1324
f 1326/1326/1326 1017/1017/1017 1014/1014/1014
f 1014/1014/1014 1327/1327/1327 1326/1326/1326
f 1019/1019/1019 1329/1329/1329 1328/1328/1328
f 1328/1328/1328 1020/1020/1020 1019/1019/1019
f 1022/1022/1022 1331/1331/1331 1330/1330/1330
f 1330/1330/1330 1023/1023/1023 1022/1022/1022
f 1028/1028/1028 1333/1333/1333 1332/1332/1332
f 1332/1332/1332 1026/1026/1026 1028/1028/1028
f 1334/1334/1334 1030/1030/1030 1032/1032/1032
f 1032/1032/1032 1335/1335/1335 1334/1334/1334
f 1336/1336/1336 1037/1037/1037 1035/1035/1035
f 1035/1035/1035 1337/1337/1337 1336/1336/1336
f 1339/1339/1339 1340/1340/1340 1338/1338/1338
f 1340/1340/1340 1341/1341/1341 1338/1338/1338
f 1343/1343/1343 1344/1344/1344 1342/1342/1342
f 1344/1344/1344 1345/1345/1345 1342/1342/1342
f 1347/1347/1347 1348/1348/1348 1346/1346/1346
f 1348/1348/1348 1349/1349/1349 1346/1346/1346
f 1351/1351/1351 1352/1352/1352 1350/1350/1350
f 1352/1352/1352 1353/1353/1353 1350/1350/1350
f 1355/1355/1355 1356/1356/1356 1354/1354/1354
f 1354/1354/1354 1357/1357/1357 1355/1355/1355
f 1359/1359/1359 1360/1360/1360 1358/1358/1358
f 1358/1358/1358 1361/1361/1361 1359/1359/1359
f 1363/1363/1363 1364/1364/1364 1362/1362/1362
f 1362/1362/1362 1365/1365/1365 1363/1363/1363
f 1367/1367/1367 1368/1368/1368 1366/1366/1366
f 1366/1366/1366 1369/1369/1369 1367/1367/1367
f 1371/1371/1371 1372/1372/1372 1370/1370/1370
f 1370/1370/1370 1373/1373/1373 1371/1371/1371
f 1375/1375/1375 1376/1376/1376 1374/1374/1374
f 1374/1374/1374 1377/1377/1377 1375/1375/1375
f 1379/1379/1379 1380/1380/1380 1378/1378/1378
f 1378/1378/1378 1381/1381/1381 1379/1379/1379
f 1383/1383/1383 1384/1384/1384 1382/1382/1382
f 1382/1382/1382 1385/1385/1385 1383/1383/1383
f 1387/1387/1387 1388/1388/1388 1386/1386/1386
f 1388/1388/1388 1389/1389/1389 1386/1386/1386
f 1391/1391/1391 1392/1392/1392 1390/1390/1390
f 1392/1392/1392 1393/1393/1393 1390/1390/1390
f 1395/1395/1395 1396/1396/1396 1394/1394/1394
f 1394/1394/1394 1397/1397/1397 1395/1395/1395
f 1399/1399/1399 1400/1400/1400 1398/1398/1398
f 1398/1398/1398 1401/1401/1401 1399/1399/1399
f 1403/1403/1403 1404/1404/1404 1402/1402/1402
f 1405/1405/1405 1402/1402/1402 1404/1404/1404
f 1407/1407/1407 1408/1408/1408 1406/1406/1406
f 1406/1406/1406 1409/1409/1409 1407/1407/1407
f 1411/1411/1411 1412/1412/1412 1410/1410/1410
f 1410/1410/1410 1413/1413/1413 1411/1411/1411
f 1415/1415/1415 1416/1416/1416 1414/1414/1414
f 1417/1417/1417 1414/1414/1414 1416/1416/1416
f 1419/1419/1419 1420/1420/1420 1418/1418/1418
f 1418/1418/1418 1421/1421/1421 1419/1419/1419
f 1423/1423/1423 1424/1424/1424 1422/1422/1422
f 1425/1425/1425 1422/1422/1422 1424/1424/1424
f 1427/1427/1427 1428/1428/1428 1426/1426/1426
f 1428/1428/1428 1429/1429/1429 1426/1426/1426
f 1431/1431/1431 1432/1432/1432 1430/1430/1430
f 1432/1432/1432 1433/1433/1433 1430/1430/1430
f 1435/1435/1435 1436/1436/1436 1434/1434/1434
f 1434/1434/1434 1437/1437/1437 1435/1435/1435
f 1439/1439/1439 1440/1440/1440 1438/1438/1438
f 1438/1438/1438 1441/1441/1441 1439/1439/1439
f 1443/1443/1443 1444/1444/1444 1442/1442/1442
f 1443/1443/1443 1445/1445/1445 1444/1444/1444
f 1447/1447/1447 1448/1448/1448 1446/1446/1446
f 1446/1446/1446 1449/1449/1449 1447/1447/1447
f 1451/1451/1451 1452/1452/1452 1450/1450/1450
f 1450/1450/1450 1453/1453/1453 1451/1451/1451
f 1455/1455/1455 1456/1456/1456 1454/1454/1454
f 1454/1454/1454 1457/1457/1457 1455/1455/1455
f 1459/1459/1459 1460/1460/1460 1458/1458/1458
f 1458/1458/1458 1461/1461/1461 1459/1459/1459
f 1463/1463/1463 1464/1464/1464 1462/1462/1462
f 1462/1462/1462 1465/1465/1465 1463/1463/1463
f 1467/1467/1467 1468/1468/1468 1466/1466/1466
f 1466/1466/1466 1469/1469/1469 1467/1467/1467
f 1471/1471/1471 1472/1472/1472 1470/1470/1470
f 1472/1472/1472 1473/1473/1473 1470/1470/1470
f 1475/1475/1475 1476/1476/1476 1474/1474/1474
f 1476/1476/1476 1477/1477/1477 1474/1474/1474
f 1479/1479/1479 1480/1480/1480 1478/1478/1478
f 1480/1480/1480 1481/1481/1481 1478/1478/1478
f 1483/1483/1483 1484/1484/1484 1482/1482/1482
f 1484/1484/1484 1485/1485/1485 1482/1482/1482
f 1487/1487/1487 1488/1488/1488 1486/1486/1486
f 1488/1488/1488 1489/1489/1489 1486/1486/1486
f 1491/1491/1491 1492/1492/1492 1490/1490/1490
f 1492/1492/1492 1493/1493/1493 1490/1490/1490
f 1495/1495/1495 1496/1496/1496 1494/1494/1494
f 1497/1497/1497 1496/1496/1496 1495/1495/1495
f 1499/1499/1499 1500/1500/1500 1498/1498/1498
f 1501/1501/1501 1500/1500/1500 1499/1499/1499
f 1503/1503/1503 1504/1504/1504 1502/1502/1502
f 1505/1505/1505 1504/1504/1504 1503/1503/1503
f 1507/1507/1507 1508/1508/1508 1506/1506/1506
f 1509/1509/1509 1508/1508/1508 1507/1507/1507
f 1511/1511/1511 1512/1512/1512 1510/1510/1510
f 1513/1513/1513 1512/1512/1512 1511/1511/1511
f 1515/1515/1515 1516/1516/1516 1514/1514/1514
f 1517/1517/1517 1516/1516/1516 1515/1515/1515
f 1519/1519/1519 1520/1520/1520 1518/1518/1518
f 1519/1519/1519 1521/1521/1521 1520/1520/1520
f 1523/1523/1523 1524/1524/1524 1522/1522/1522
f 1523/1523/1523 1525/1525/1525 1524/1524/1524
f 1527/1527/1527 1528/1528/1528 1526/1526/1526
f 1526/1526/1526 1529/1529/1529 1527/1527/1527
o gr_needleb_minute_1
usemtl material_0
v 12491.590881 -17476.449585 624.684858
v 12531.872559 -17473.379517 584.403276
v 12491.590881 -17473.898315 624.684858
v 12531.872559 -17476.968384 584.403276
vt 0.03 1.265
vt 0.36 1.340204
vt 0.03 1.3275
vt 0.36 1.252296
vn 0.707107 -0.0 0.707107
vn 0.707107 -0.0 0.707107
vn 0.707107 -0.0 0.707107
vn 0.707107 -0.0 0.707107
f 1531/1531/1531 1532/1532/1532 1530/1530/1530
f 1530/1530/1530 1533/1533/1533 1531/1531/1531
o gr_needleb_hour_2
usemtl material_0
v 12525.457001 -17441.2323 590.47184
v 12525.090027 -17482.141113 590.838528
v 12527.26059 -17441.2323 588.667917
v 12527.627563 -17482.141113 588.301229
vt 0.03 1.265
vt 0.36 1.252296
vt 0.03 1.3275
vt 0.36 1.340204
vn 0.707107 -0.0 0.707107
vn 0.707107 -0.0 0.707107
vn 0.707107 -0.0 0.707107
vn 0.707107 -0.0 0.707107
f 1535/1535/1535 1536/1536/1536 1534/1534/1534
f 1535/1535/1535 1537/1537/1537 1536/1536/1536
o gr_needlea_minute_3
usemtl material_0
v 12473.307037 -17418.4021 584.403849
v 12433.02536 -17417.883301 624.685383
v 12433.02536 -17415.332031 624.685383
v 12473.307037 -17414.813232 584.403849
v 12433.732605 -17415.332031 625.392485
v 12433.732605 -17417.883301 625.392485
v 12474.014282 -17418.4021 585.11095
v 12474.014282 -17414.813232 585.11095
v 12433.02536 -17417.883301 624.685383
v 12473.307037 -17418.4021 584.403849
v 12474.014282 -17418.4021 585.11095
v 12433.732605 -17417.883301 625.392485
v 12433.02536 -17415.332031 624.685383
v 12433.02536 -17417.883301 624.685383
v 12433.732605 -17417.883301 625.392485
v 12433.732605 -17415.332031 625.392485
v 12473.307037 -17414.813232 584.403849
v 12433.02536 -17415.332031 624.685383
v 12433.732605 -17415.332031 625.392485
v 12474.014282 -17414.813232 585.11095
v 12473.307037 -17418.4021 584.403849
v 12473.307037 -17414.813232 584.403849
v 12474.014282 -17414.813232 585.11095
v 12474.014282 -17418.4021 585.11095
vt 0.36 1.252296
vt 0.03 1.265
vt 0.03 1.3275
vt 0.36 1.340204
vt 0.03 1.3275
vt 0.03 1.265
vt 0.36 1.252296
vt 0.36 1.340204
vt 0.03 1.265
vt 0.36 1.252296
vt 0.36 1.252296
vt 0.03 1.265
vt 0.03 1.3275
vt 0.03 1.265
vt 0.03 1.265
vt 0.03 1.3275
vt 0.36 1.340204
vt 0.03 1.3275
vt 0.03 1.3275
vt 0.36 1.340204
vt 0.36 1.252296
vt 0.36 1.340204
vt 0.36 1.340204
vt 0.36 1.252296
vn -0.707107 -0.0 -0.707107
vn -0.707107 -0.0 -0.707107
vn -0.707107 -0.0 -0.707107
vn -0.707107 -0.0 -0.707107
vn 0.707107 -0.0 0.707107
vn 0.707107 -0.0 0.707107
vn 0.707107 -0.0 0.707107
vn 0.707107 -0.0 0.707107
vn -0.006437 -0.999959 0.006437
vn -0.006437 -0.999959 0.006437
vn -0.006437 -0.999959 0.006437
vn -0.006437 -0.999959 0.006437
vn -0.707107 -0.0 0.707107
vn -0.707107 -0.0 0.707107
vn -0.707107 -0.0 0.707107
vn -0.707107 -0.0 0.707107
vn -0.006437 0.999959 0.006437
vn -0.006437 0.999959 0.006437
vn -0.006437 0.999959 0.006437
vn -0.006437 0.999959 0.006437
vn 0.707107 -0.0 -0.707107
vn 0.707107 -0.0 -0.707107
vn 0.707107 -0.0 -0.707107
vn 0.707107 -0.0 -0.707107
f 1539/1539/1539 1540/1540/1540 1538/1538/1538
f 1541/1541/1541 1538/1538/1538 1540/1540/1540
f 1543/1543/1543 1544/1544/1544 1542/1542/1542
f 1545/1545/1545 1542/1542/1542 1544/1544/1544
f 1547/1547/1547 1548/1548/1548 1546/1546/1546
f 1549/1549/1549 1546/1546/1546 1548/1548/1548
f 1551/1551/1551 1552/1552/1552 1550/1550/1550
f 1553/1553/1553 1550/1550/1550 1552/1552/1552
f 1555/1555/1555 1556/1556/1556 1554/1554/1554
f 1557/1557/1557 1554/1554/1554 1556/1556/1556
f 1559/1559/1559 1560/1560/1560 1558/1558/1558
f 1561/1561/1561 1558/1558/1558 1560/1560/1560
o gr_needlea_hour_4
usemtl material_0
v 12470.814514 -17410.705566 588.302851
v 12470.448303 -17451.61438 588.669491
v 12468.643951 -17451.61438 590.473461
v 12468.27774 -17410.705566 590.840149
v 12469.351196 -17451.61438 591.180563
v 12471.154785 -17451.61438 589.376593
v 12471.521759 -17410.705566 589.009953
v 12468.984222 -17410.705566 591.547251
v 12470.448303 -17451.61438 588.669491
v 12470.814514 -17410.705566 588.302851
v 12471.521759 -17410.705566 589.009953
v 12471.154785 -17451.61438 589.376593
v 12468.643951 -17451.61438 590.473461
v 12470.448303 -17451.61438 588.669491
v 12471.154785 -17451.61438 589.376593
v 12469.351196 -17451.61438 591.180563
v 12468.27774 -17410.705566 590.840149
v 12468.643951 -17451.61438 590.473461
v 12469.351196 -17451.61438 591.180563
v 12468.984222 -17410.705566 591.547251
v 12470.814514 -17410.705566 588.302851
v 12468.27774 -17410.705566 590.840149
v 12468.984222 -17410.705566 591.547251
v 12471.521759 -17410.705566 589.009953
vt 0.36 1.252296
vt 0.03 1.265
vt 0.03 1.3275
vt 0.36 1.340204
vt 0.03 1.3275
vt 0.03 1.265
vt 0.36 1.252296
vt 0.36 1.340204
vt 0.03 1.265
vt 0.36 1.252296
vt 0.36 1.252296
vt 0.03 1.265
vt 0.03 1.3275
vt 0.03 1.265
vt 0.03 1.265
vt 0.03 1.3275
vt 0.36 1.340204
vt 0.03 1.3275
vt 0.03 1.3275
vt 0.36 1.340204
vt 0.36 1.252296
vt 0.36 1.340204
vt 0.36 1.340204
vt 0.36 1.252296
vn -0.707106 -0.0 -0.707108
vn -0.707107 1e-06 -0.707107
vn -0.707107 1e-06 -0.707107
vn -0.707106 -0.0 -0.707108
vn 0.707107 -1e-06 0.707107
vn 0.707107 -1e-06 0.707107
vn 0.707106 -0.0 0.707108
vn 0.707106 -0.0 0.707108
vn 0.70705 -0.012675 -0.70705
vn 0.707051 -0.012675 -0.707049
vn 0.707051 -0.012675 -0.707049
vn 0.70705 -0.012675 -0.70705
vn 0 -1.0 0
vn 0 -1.0 0
vn 0 -1.0 0
vn 0 -1.0 0
vn -0.707051 -0.012676 0.707049
vn -0.70705 -0.012676 0.70705
vn -0.70705 -0.012676 0.70705
vn -0.707051 -0.012676 0.707049
vn 0 1.0 0.000001
vn 0 1.0 0.000001
vn 0 1.0 0.000001
vn 0 1.0 0.000001
f 1563/1563/1563 1564/1564/1564 1562/1562/1562
f 1565/1565/1565 1562/1562/1562 1564/1564/1564
f 1567/1567/1567 1568/1568/1568 1566/1566/1566
f 1569/1569/1569 1566/1566/1566 1568/1568/1568
f 1571/1571/1571 1572/1572/1572 1570/1570/1570
f 1573/1573/1573 1570/1570/1570 1572/1572/1572
f 1575/1575/1575 1576/1576/1576 1574/1574/1574
f 1577/1577/1577 1574/1574/1574 1576/1576/1576
f 1579/1579/1579 1580/1580/1580 1578/1578/1578
f 1581/1581/1581 1578/1578/1578 1580/1580/1580
f 1583/1583/1583 1584/1584/1584 1582/1582/1582
f 1585/1585/1585 1582/1582/1582 1584/1584/1584
o gr_rolexclock_text_5
usemtl material_1
v 12283.944702 -17621.366882 512.9179
v 12672.853851 -17232.458496 512.9179
v 12283.944702 -17621.366882 482.917881
v 12672.853851 -17232.458496 482.917881
v 12322.476959 -17659.898376 512.9179
v 12711.385345 -17270.98999 482.917881
v 12711.385345 -17270.98999 512.9179
v 12322.476959 -17659.898376 482.917881
vt 0 1
vt -1 1
vt 0 0
vt -1 0
vt -1 1
vt 0 0
vt 0 1
vt -1 0
vn -0.707107 0.707107 0
vn -0.707107 0.707107 0
vn -0.707107 0.707107 0
vn -0.707107 0.707107 0
vn 0.707107 -0.707107 -0.000001
vn 0.707107 -0.707107 -0.000001
vn 0.707107 -0.707107 -0.000001
vn 0.707107 -0.707107 -0.000001
f 1587/1587/1587 1588/1588/1588 1586/1586/1586
f 1588/1588/1588 1587/1587/1587 1589/1589/1589
f 1591/1591/1591 1592/1592/1592 1590/1590/1590
f 1590/1590/1590 1593/1593/1593 1591/1591/1591
