# TrackBridge. Unreal-oriented centimetres: X=AC X, Y=AC Z, Z=AC Y.
mtllib model.mtl
o KR_PIT_BLUE_0
usemtl material_0
v 11776.169586 -17019.064331 217.921352
v 11772.161102 -17022.848511 217.921352
v 11768.695831 -17026.126099 220.676589
v 11779.637146 -17015.786743 220.676589
v 11768.695831 -17026.126099 220.676589
v 11766.694641 -17028.015137 225.448728
v 11768.695831 -17026.126099 220.676589
v 11779.637146 -17015.786743 220.676589
v 11776.169586 -17019.064331 217.921352
v 11781.640625 -17013.890076 225.448728
v 11766.694641 -17028.015137 225.448728
v 11766.694641 -17028.015137 230.959201
v 11766.694641 -17028.015137 225.448728
v 11781.640625 -17013.890076 225.448728
v 11779.637146 -17015.786743 220.676589
v 11781.640625 -17013.890076 230.959201
v 11766.694641 -17028.015137 230.959201
v 11768.695831 -17026.126099 235.731435
v 11781.640625 -17013.890076 230.959201
v 11779.637146 -17015.786743 235.731435
v 11768.695831 -17026.126099 235.731435
v 11772.161102 -17022.848511 238.486671
v 11768.695831 -17026.126099 235.731435
v 11779.637146 -17015.786743 235.731435
v 11781.640625 -17013.890076 230.959201
v 11772.161102 -17022.848511 238.486671
v 11776.169586 -17019.064331 238.486671
v 11779.637146 -17015.786743 235.731435
v 11776.170349 -17019.070435 247.921348
v 11772.161865 -17022.854614 247.921348
v 11768.697357 -17026.132202 250.676584
v 11779.637909 -17015.792847 250.676584
v 11768.697357 -17026.132202 250.676584
v 11766.695404 -17028.019714 255.448723
v 11768.697357 -17026.132202 250.676584
v 11779.637909 -17015.792847 250.676584
v 11776.170349 -17019.070435 247.921348
v 11781.641388 -17013.896179 255.448723
v 11766.695404 -17028.019714 255.448723
v 11766.695404 -17028.019714 260.959196
v 11766.695404 -17028.019714 255.448723
v 11781.641388 -17013.896179 255.448723
v 11779.637909 -17015.792847 250.676584
v 11781.641388 -17013.896179 260.959196
v 11766.695404 -17028.019714 260.959196
v 11768.697357 -17026.132202 265.731406
v 11766.695404 -17028.019714 260.959196
v 11781.641388 -17013.896179 260.959196
v 11781.641388 -17013.896179 255.448723
v 11779.637909 -17015.792847 265.731406
v 11768.697357 -17026.132202 265.731406
v 11772.161865 -17022.854614 268.486595
v 11768.697357 -17026.132202 265.731406
v 11779.637909 -17015.792847 265.731406
v 11781.641388 -17013.896179 260.959196
v 11772.161865 -17022.854614 268.486595
v 11776.170349 -17019.070435 268.486595
v 11779.637909 -17015.792847 265.731406
v 11776.170349 -17019.070435 187.921333
v 11772.161865 -17022.854614 187.921333
v 11768.697357 -17026.132202 190.67657
v 11779.637909 -17015.792847 190.67657
v 11768.697357 -17026.132202 190.67657
v 11766.695404 -17028.019714 195.448685
v 11768.697357 -17026.132202 190.67657
v 11779.637909 -17015.792847 190.67657
v 11776.170349 -17019.070435 187.921333
v 11781.641388 -17013.896179 195.448685
v 11766.695404 -17028.019714 195.448685
v 11766.695404 -17028.019714 200.959182
v 11766.695404 -17028.019714 195.448685
v 11781.641388 -17013.896179 195.448685
v 11779.637909 -17015.792847 190.67657
v 11781.641388 -17013.896179 200.959182
v 11766.695404 -17028.019714 200.959182
v 11768.697357 -17026.132202 205.731392
v 11766.695404 -17028.019714 200.959182
v 11781.641388 -17013.896179 200.959182
v 11781.641388 -17013.896179 195.448685
v 11779.637909 -17015.792847 205.731392
v 11768.697357 -17026.132202 205.731392
v 11772.161865 -17022.854614 208.486629
v 11768.697357 -17026.132202 205.731392
v 11779.637909 -17015.792847 205.731392
v 11781.641388 -17013.896179 200.959182
v 11772.161865 -17022.854614 208.486629
v 11776.170349 -17019.070435 208.486629
v 11779.637909 -17015.792847 205.731392
vt 2.415334 4.171934
vt 2.595305 4.171934
vt 2.751165 4.263338
vt 2.259473 4.263338
vt 2.751165 4.263338
vt 2.841151 4.421653
vt 2.751165 4.263338
vt 2.259473 4.263338
vt 2.415334 4.171934
vt 2.169487 4.421653
vt 2.841151 4.421653
vt 2.841151 4.60446
vt 2.841151 4.421653
vt 2.169487 4.421653
vt 2.259473 4.263338
vt 2.169487 4.60446
vt 2.841151 4.60446
vt 2.751165 4.762776
vt 2.169487 4.60446
vt 2.259473 4.762776
vt 2.751165 4.762776
vt 2.595305 4.85418
vt 2.751165 4.762776
vt 2.259473 4.762776
vt 2.169487 4.60446
vt 2.595305 4.85418
vt 2.415333 4.85418
vt 2.259473 4.762776
vt 2.415334 4.171934
vt 2.595305 4.171934
vt 2.751165 4.263338
vt 2.259473 4.263338
vt 2.751165 4.263338
vt 2.841151 4.421653
vt 2.751165 4.263338
vt 2.259473 4.263338
vt 2.415334 4.171934
vt 2.169487 4.421653
vt 2.841151 4.421653
vt 2.841151 4.60446
vt 2.841151 4.421653
vt 2.169487 4.421653
vt 2.259473 4.263338
vt 2.169487 4.60446
vt 2.841151 4.60446
vt 2.751165 4.762776
vt 2.841151 4.60446
vt 2.169487 4.60446
vt 2.169487 4.421653
vt 2.259473 4.762776
vt 2.751165 4.762776
vt 2.595305 4.85418
vt 2.751165 4.762776
vt 2.259473 4.762776
vt 2.169487 4.60446
vt 2.595305 4.85418
vt 2.415333 4.85418
vt 2.259473 4.762776
vt 2.415334 4.171934
vt 2.595305 4.171934
vt 2.751165 4.263338
vt 2.259473 4.263338
vt 2.751165 4.263338
vt 2.841151 4.421653
vt 2.751165 4.263338
vt 2.259473 4.263338
vt 2.415334 4.171934
vt 2.169487 4.421653
vt 2.841151 4.421653
vt 2.841151 4.60446
vt 2.841151 4.421653
vt 2.169487 4.421653
vt 2.259473 4.263338
vt 2.169487 4.60446
vt 2.841151 4.60446
vt 2.751165 4.762776
vt 2.841151 4.60446
vt 2.169487 4.60446
vt 2.169487 4.421653
vt 2.259473 4.762776
vt 2.751165 4.762776
vt 2.595305 4.85418
vt 2.751165 4.762776
vt 2.259473 4.762776
vt 2.169487 4.60446
vt 2.595305 4.85418
vt 2.415333 4.85418
vt 2.259473 4.762776
vn -0.686466 0.72716 0.001875
vn -0.686466 0.72716 0.001875
vn -0.686466 0.72716 0.001875
vn -0.686867 0.726783 -0.000608
vn -0.686867 0.726783 -0.000608
vn -0.686867 0.726783 -0.000608
vn -0.686867 0.726783 -0.00018
vn -0.686867 0.726783 -0.00018
vn -0.686867 0.726783 -0.00018
vn -0.686844 0.726805 0
vn -0.686844 0.726805 0
vn -0.686844 0.726805 0
vn -0.686844 0.726804 -0.00049
vn -0.686844 0.726804 -0.00049
vn -0.686844 0.726804 -0.00049
vn -0.686844 0.726804 0.00059
vn -0.686844 0.726804 0.00059
vn -0.686844 0.726804 0.00059
vn -0.686844 0.726805 0
vn -0.686867 0.726783 -0.000922
vn -0.686867 0.726783 -0.000922
vn -0.686867 0.726783 -0.000922
vn -0.686867 0.726783 0.000472
vn -0.686867 0.726783 0.000472
vn -0.686867 0.726783 0.000472
vn -0.686466 0.727161 0.001134
vn -0.686466 0.727161 0.001134
vn -0.686466 0.727161 0.001134
vn -0.686466 0.72716 0.001876
vn -0.686466 0.72716 0.001876
vn -0.686466 0.72716 0.001876
vn -0.686867 0.726783 -0.000608
vn -0.686867 0.726783 -0.000608
vn -0.686867 0.726783 -0.000608
vn -0.686867 0.726783 -0.00018
vn -0.686867 0.726783 -0.00018
vn -0.686867 0.726783 -0.00018
vn -0.686856 0.726793 0
vn -0.686856 0.726793 0
vn -0.686856 0.726793 0
vn -0.686856 0.726793 -0.000552
vn -0.686856 0.726793 -0.000552
vn -0.686856 0.726793 -0.000552
vn -0.686856 0.726793 0.000599
vn -0.686856 0.726793 0.000599
vn -0.686856 0.726793 0.000599
vn -0.686856 0.726793 0
vn -0.686856 0.726793 0
vn -0.686856 0.726793 0
vn -0.686867 0.726783 -0.000922
vn -0.686867 0.726783 -0.000922
vn -0.686867 0.726783 -0.000922
vn -0.686867 0.726783 0.000543
vn -0.686867 0.726783 0.000543
vn -0.686867 0.726783 0.000543
vn -0.686466 0.727161 0.001134
vn -0.686466 0.727161 0.001134
vn -0.686466 0.727161 0.001134
vn -0.686466 0.72716 0.001875
vn -0.686466 0.72716 0.001875
vn -0.686466 0.72716 0.001875
vn -0.686867 0.726783 -0.000608
vn -0.686867 0.726783 -0.000608
vn -0.686867 0.726783 -0.000608
vn -0.686867 0.726783 -0.00018
vn -0.686867 0.726783 -0.00018
vn -0.686867 0.726783 -0.00018
vn -0.686844 0.726805 0
vn -0.686844 0.726805 0
vn -0.686844 0.726805 0
vn -0.686844 0.726804 -0.00049
vn -0.686844 0.726804 -0.00049
vn -0.686844 0.726804 -0.00049
vn -0.686844 0.726804 0.00059
vn -0.686844 0.726804 0.00059
vn -0.686844 0.726804 0.00059
vn -0.686844 0.726805 0
vn -0.686844 0.726805 0
vn -0.686844 0.726805 0
vn -0.686867 0.726783 -0.000922
vn -0.686867 0.726783 -0.000922
vn -0.686867 0.726783 -0.000922
vn -0.686867 0.726783 0.000472
vn -0.686867 0.726783 0.000472
vn -0.686867 0.726783 0.000472
vn -0.686466 0.727161 0.001134
vn -0.686466 0.727161 0.001134
vn -0.686466 0.727161 0.001134
f 2/2/2 3/3/3 1/1/1
f 5/5/5 6/6/6 4/4/4
f 8/8/8 9/9/9 7/7/7
f 11/11/11 12/12/12 10/10/10
f 14/14/14 15/15/15 13/13/13
f 17/17/17 18/18/18 16/16/16
f 19/19/19 10/10/10 12/12/12
f 21/21/21 22/22/22 20/20/20
f 24/24/24 25/25/25 23/23/23
f 27/27/27 28/28/28 26/26/26
f 30/30/30 31/31/31 29/29/29
f 33/33/33 34/34/34 32/32/32
f 36/36/36 37/37/37 35/35/35
f 39/39/39 40/40/40 38/38/38
f 42/42/42 43/43/43 41/41/41
f 45/45/45 46/46/46 44/44/44
f 48/48/48 49/49/49 47/47/47
f 51/51/51 52/52/52 50/50/50
f 54/54/54 55/55/55 53/53/53
f 57/57/57 58/58/58 56/56/56
f 60/60/60 61/61/61 59/59/59
f 63/63/63 64/64/64 62/62/62
f 66/66/66 67/67/67 65/65/65
f 69/69/69 70/70/70 68/68/68
f 72/72/72 73/73/73 71/71/71
f 75/75/75 76/76/76 74/74/74
f 78/78/78 79/79/79 77/77/77
f 81/81/81 82/82/82 80/80/80
f 84/84/84 85/85/85 83/83/83
f 87/87/87 88/88/88 86/86/86
o KR_PIT_RED_1
usemtl material_0
v 11713.497162 -17116.023254 242.776918
v 11717.504883 -17112.239075 242.776918
v 11720.970917 -17108.961487 245.532179
v 11710.028839 -17119.300842 245.532179
v 11720.970917 -17108.961487 245.532179
v 11722.972107 -17107.072449 250.304317
v 11720.970917 -17108.961487 245.532179
v 11710.028839 -17119.300842 245.532179
v 11713.497162 -17116.023254 242.776918
v 11708.026123 -17121.19751 250.304317
v 11722.972107 -17107.072449 250.304317
v 11722.972107 -17107.072449 255.814791
v 11722.972107 -17107.072449 250.304317
v 11708.026123 -17121.19751 250.304317
v 11710.028839 -17119.300842 245.532179
v 11708.026123 -17121.19751 255.814791
v 11722.972107 -17107.072449 255.814791
v 11720.970917 -17108.961487 260.586977
v 11708.026123 -17121.19751 255.814791
v 11710.028839 -17119.300842 260.586977
v 11720.970917 -17108.961487 260.586977
v 11717.504883 -17112.239075 263.342214
v 11720.970917 -17108.961487 260.586977
v 11710.028839 -17119.300842 260.586977
v 11708.026123 -17121.19751 255.814791
v 11717.504883 -17112.239075 263.342214
v 11713.497162 -17116.023254 263.342214
v 11710.028839 -17119.300842 260.586977
vt 2.415334 4.171934
vt 2.595305 4.171934
vt 2.751165 4.263338
vt 2.259473 4.263338
vt 2.751165 4.263338
vt 2.841151 4.421653
vt 2.751165 4.263338
vt 2.259473 4.263338
vt 2.415334 4.171934
vt 2.169487 4.421653
vt 2.841151 4.421653
vt 2.841151 4.60446
vt 2.841151 4.421653
vt 2.169487 4.421653
vt 2.259473 4.263338
vt 2.169487 4.60446
vt 2.841151 4.60446
vt 2.751165 4.762776
vt 2.169487 4.60446
vt 2.259473 4.762776
vt 2.751165 4.762776
vt 2.595305 4.85418
vt 2.751165 4.762776
vt 2.259473 4.762776
vt 2.169487 4.60446
vt 2.595305 4.85418
vt 2.415333 4.85418
vt 2.259473 4.762776
vn 0.686511 -0.727118 0.00152
vn 0.686511 -0.727118 0.00152
vn 0.686511 -0.727118 0.00152
vn 0.686851 -0.726798 -0.000523
vn 0.686851 -0.726798 -0.000523
vn 0.686851 -0.726798 -0.000523
vn 0.686851 -0.726798 -0.000219
vn 0.686851 -0.726798 -0.000219
vn 0.686851 -0.726798 -0.000219
vn 0.686844 -0.726805 0
vn 0.686844 -0.726805 0
vn 0.686844 -0.726805 0
vn 0.686844 -0.726804 -0.00049
vn 0.686844 -0.726804 -0.00049
vn 0.686844 -0.726804 -0.00049
vn 0.686844 -0.726804 0.000518
vn 0.686844 -0.726804 0.000518
vn 0.686844 -0.726804 0.000518
vn 0.686844 -0.726805 0
vn 0.686851 -0.726798 -0.000713
vn 0.686851 -0.726798 -0.000713
vn 0.686851 -0.726798 -0.000713
vn 0.686851 -0.726798 0.000485
vn 0.686851 -0.726798 0.000485
vn 0.686851 -0.726798 0.000485
vn 0.686512 -0.727118 0.001027
vn 0.686512 -0.727118 0.001027
vn 0.686512 -0.727118 0.001027
f 90/90/90 91/91/91 89/89/89
f 93/93/93 94/94/94 92/92/92
f 96/96/96 97/97/97 95/95/95
f 99/99/99 100/100/100 98/98/98
f 102/102/102 103/103/103 101/101/101
f 105/105/105 106/106/106 104/104/104
f 107/107/107 98/98/98 100/100/100
f 109/109/109 110/110/110 108/108/108
f 112/112/112 113/113/113 111/111/111
f 115/115/115 116/116/116 114/114/114
o KR_PIT_GREEN_2
usemtl material_0
v 11747.956085 -17047.424316 187.921464
v 11743.947601 -17051.20697 187.921464
v 11740.48233 -17054.486084 190.676665
v 11751.423645 -17044.145203 190.676665
v 11740.48233 -17054.486084 190.676665
v 11738.48114 -17056.373596 195.448792
v 11740.48233 -17054.486084 190.676665
v 11751.423645 -17044.145203 190.676665
v 11747.956085 -17047.424316 187.921464
v 11753.427124 -17042.250061 195.448792
v 11738.48114 -17056.373596 195.448792
v 11738.48114 -17056.373596 200.959277
v 11738.48114 -17056.373596 195.448792
v 11753.427124 -17042.250061 195.448792
v 11751.423645 -17044.145203 190.676665
v 11753.427124 -17042.250061 200.959277
v 11738.48114 -17056.373596 200.959277
v 11740.48233 -17054.486084 205.731487
v 11738.48114 -17056.373596 200.959277
v 11753.427124 -17042.250061 200.959277
v 11753.427124 -17042.250061 195.448792
v 11751.423645 -17044.145203 205.731487
v 11740.48233 -17054.486084 205.731487
v 11743.947601 -17051.20697 208.486724
v 11740.48233 -17054.486084 205.731487
v 11751.423645 -17044.145203 205.731487
v 11753.427124 -17042.250061 200.959277
v 11743.947601 -17051.20697 208.486724
v 11747.956085 -17047.424316 208.486724
v 11751.423645 -17044.145203 205.731487
v 11713.499451 -17116.023254 212.776852
v 11717.507172 -17112.239075 212.776852
v 11720.972443 -17108.959961 215.532088
v 11710.031128 -17119.300842 215.532088
v 11720.972443 -17108.959961 215.532088
v 11722.973633 -17107.072449 220.304227
v 11720.972443 -17108.959961 215.532088
v 11710.031128 -17119.300842 215.532088
v 11713.499451 -17116.023254 212.776852
v 11708.027649 -17121.19751 220.304227
v 11722.973633 -17107.072449 220.304227
v 11722.973633 -17107.072449 225.8147
v 11722.973633 -17107.072449 220.304227
v 11708.027649 -17121.19751 220.304227
v 11710.031128 -17119.300842 215.532088
v 11708.027649 -17121.19751 225.8147
v 11722.973633 -17107.072449 225.8147
v 11720.972443 -17108.959961 230.58691
v 11722.973633 -17107.072449 225.8147
v 11708.027649 -17121.19751 225.8147
v 11708.027649 -17121.19751 220.304227
v 11710.031128 -17119.300842 230.58691
v 11720.972443 -17108.959961 230.58691
v 11717.507172 -17112.239075 233.342147
v 11720.972443 -17108.959961 230.58691
v 11710.031128 -17119.300842 230.58691
v 11708.027649 -17121.19751 225.8147
v 11717.507172 -17112.239075 233.342147
v 11713.499451 -17116.023254 233.342147
v 11710.031128 -17119.300842 230.58691
vt 2.415334 4.171934
vt 2.595305 4.171934
vt 2.751165 4.263338
vt 2.259473 4.263338
vt 2.751165 4.263338
vt 2.841151 4.421653
vt 2.751165 4.263338
vt 2.259473 4.263338
vt 2.415334 4.171934
vt 2.169487 4.421653
vt 2.841151 4.421653
vt 2.841151 4.60446
vt 2.841151 4.421653
vt 2.169487 4.421653
vt 2.259473 4.263338
vt 2.169487 4.60446
vt 2.841151 4.60446
vt 2.751165 4.762776
vt 2.841151 4.60446
vt 2.169487 4.60446
vt 2.169487 4.421653
vt 2.259473 4.762776
vt 2.751165 4.762776
vt 2.595305 4.85418
vt 2.751165 4.762776
vt 2.259473 4.762776
vt 2.169487 4.60446
vt 2.595305 4.85418
vt 2.415333 4.85418
vt 2.259473 4.762776
vt 2.415334 4.171934
vt 2.595305 4.171934
vt 2.751165 4.263338
vt 2.259473 4.263338
vt 2.751165 4.263338
vt 2.841151 4.421653
vt 2.751165 4.263338
vt 2.259473 4.263338
vt 2.415334 4.171934
vt 2.169487 4.421653
vt 2.841151 4.421653
vt 2.841151 4.60446
vt 2.841151 4.421653
vt 2.169487 4.421653
vt 2.259473 4.263338
vt 2.169487 4.60446
vt 2.841151 4.60446
vt 2.751165 4.762776
vt 2.841151 4.60446
vt 2.169487 4.60446
vt 2.169487 4.421653
vt 2.259473 4.762776
vt 2.751165 4.762776
vt 2.595305 4.85418
vt 2.751165 4.762776
vt 2.259473 4.762776
vt 2.169487 4.60446
vt 2.595305 4.85418
vt 2.415333 4.85418
vt 2.259473 4.762776
vn -0.68642 0.727202 0.001983
vn -0.68642 0.727202 0.001983
vn -0.68642 0.727202 0.001983
vn -0.686867 0.726783 -0.000536
vn -0.686867 0.726783 -0.000536
vn -0.686867 0.726783 -0.000536
vn -0.686867 0.726783 -0.000304
vn -0.686867 0.726783 -0.000304
vn -0.686867 0.726783 -0.000304
vn -0.686856 0.726793 0
vn -0.686856 0.726793 0
vn -0.686856 0.726793 0
vn -0.686856 0.726793 -0.00048
vn -0.686856 0.726793 -0.00048
vn -0.686856 0.726793 -0.00048
vn -0.686856 0.726793 0.000528
vn -0.686856 0.726793 0.000528
vn -0.686856 0.726793 0.000528
vn -0.686856 0.726793 0
vn -0.686856 0.726793 0
vn -0.686856 0.726793 0
vn -0.686867 0.726783 -0.000922
vn -0.686867 0.726783 -0.000922
vn -0.686867 0.726783 -0.000922
vn -0.686867 0.726783 0.000472
vn -0.686867 0.726783 0.000472
vn -0.686867 0.726783 0.000472
vn -0.686421 0.727203 0.001366
vn -0.686421 0.727203 0.001366
vn -0.686421 0.727203 0.001366
vn 0.686556 -0.727075 0.001413
vn 0.686556 -0.727075 0.001413
vn 0.686556 -0.727075 0.001413
vn 0.686867 -0.726783 -0.000536
vn 0.686867 -0.726783 -0.000536
vn 0.686867 -0.726783 -0.000536
vn 0.686867 -0.726783 -0.00018
vn 0.686867 -0.726783 -0.00018
vn 0.686867 -0.726783 -0.00018
vn 0.686856 -0.726793 0
vn 0.686856 -0.726793 0
vn 0.686856 -0.726793 0
vn 0.686856 -0.726793 -0.00048
vn 0.686856 -0.726793 -0.00048
vn 0.686856 -0.726793 -0.00048
vn 0.686856 -0.726793 0.000528
vn 0.686856 -0.726793 0.000528
vn 0.686856 -0.726793 0.000528
vn 0.686856 -0.726793 0
vn 0.686856 -0.726793 0
vn 0.686856 -0.726793 0
vn 0.686867 -0.726783 -0.000674
vn 0.686867 -0.726783 -0.000674
vn 0.686867 -0.726783 -0.000674
vn 0.686867 -0.726783 0.000472
vn 0.686867 -0.726783 0.000472
vn 0.686867 -0.726783 0.000472
vn 0.686557 -0.727076 0.000919
vn 0.686557 -0.727076 0.000919
vn 0.686557 -0.727076 0.000919
f 118/118/118 119/119/119 117/117/117
f 121/121/121 122/122/122 120/120/120
f 124/124/124 125/125/125 123/123/123
f 127/127/127 128/128/128 126/126/126
f 130/130/130 131/131/131 129/129/129
f 133/133/133 134/134/134 132/132/132
f 136/136/136 137/137/137 135/135/135
f 139/139/139 140/140/140 138/138/138
f 142/142/142 143/143/143 141/141/141
f 145/145/145 146/146/146 144/144/144
f 148/148/148 149/149/149 147/147/147
f 151/151/151 152/152/152 150/150/150
f 154/154/154 155/155/155 153/153/153
f 157/157/157 158/158/158 156/156/156
f 160/160/160 161/161/161 159/159/159
f 163/163/163 164/164/164 162/162/162
f 166/166/166 167/167/167 165/165/165
f 169/169/169 170/170/170 168/168/168
f 172/172/172 173/173/173 171/171/171
f 175/175/175 176/176/176 174/174/174
o KS_START_LIGHT_0_3
usemtl material_0
v 896.148682 -7722.550201 454.60515
v 892.241859 -7726.431274 454.60515
v 888.855076 -7729.792786 457.360363
v 899.54071 -7719.18869 457.360363
v 888.855076 -7729.792786 457.360363
v 886.89537 -7731.737518 462.132597
v 888.855076 -7729.792786 457.360363
v 899.54071 -7719.18869 457.360363
v 896.148682 -7722.550201 454.60515
v 901.495075 -7717.24472 462.132597
v 886.89537 -7731.737518 462.132597
v 886.89537 -7731.737518 467.64307
v 886.89537 -7731.737518 462.132597
v 901.495075 -7717.24472 462.132597
v 899.54071 -7719.18869 457.360363
v 901.495075 -7717.24472 467.64307
v 886.89537 -7731.737518 467.64307
v 888.855076 -7729.792786 472.415209
v 886.89537 -7731.737518 467.64307
v 901.495075 -7717.24472 467.64307
v 901.495075 -7717.24472 462.132597
v 899.54071 -7719.18869 472.415209
v 888.855076 -7729.792786 472.415209
v 892.241859 -7726.431274 475.170422
v 888.855076 -7729.792786 472.415209
v 899.54071 -7719.18869 472.415209
v 901.495075 -7717.24472 467.64307
v 892.241859 -7726.431274 475.170422
v 896.148682 -7722.550201 475.170422
v 899.54071 -7719.18869 472.415209
v 896.148682 -7722.550201 484.74865
v 892.241859 -7726.431274 484.74865
v 888.855076 -7729.792786 487.503862
v 899.54071 -7719.18869 487.503862
v 888.855076 -7729.792786 487.503862
v 886.89537 -7731.737518 492.276096
v 888.855076 -7729.792786 487.503862
v 899.54071 -7719.18869 487.503862
v 896.148682 -7722.550201 484.74865
v 901.495075 -7717.24472 492.276096
v 886.89537 -7731.737518 492.276096
v 886.89537 -7731.737518 497.78657
v 886.89537 -7731.737518 492.276096
v 901.495075 -7717.24472 492.276096
v 899.54071 -7719.18869 487.503862
v 901.495075 -7717.24472 497.78657
v 886.89537 -7731.737518 497.78657
v 888.855076 -7729.792786 502.558708
v 886.89537 -7731.737518 497.78657
v 901.495075 -7717.24472 497.78657
v 901.495075 -7717.24472 492.276096
v 899.54071 -7719.18869 502.558708
v 888.855076 -7729.792786 502.558708
v 892.241859 -7726.431274 505.313921
v 888.855076 -7729.792786 502.558708
v 899.54071 -7719.18869 502.558708
v 901.495075 -7717.24472 497.78657
v 892.241859 -7726.431274 505.313921
v 896.148682 -7722.550201 505.313921
v 899.54071 -7719.18869 502.558708
v 911.951351 -7745.826721 454.60515
v 915.865517 -7741.945648 454.60515
v 919.252586 -7738.584137 457.360363
v 919.252586 -7738.584137 457.360363
v 908.5639 -7749.188232 457.360363
v 911.951351 -7745.826721 454.60515
v 908.5639 -7749.188232 457.360363
v 919.252586 -7738.584137 457.360363
v 921.203804 -7736.641693 462.132597
v 921.203804 -7736.641693 462.132597
v 906.607628 -7751.132965 462.132597
v 908.5639 -7749.188232 457.360363
v 906.607628 -7751.132965 462.132597
v 921.203804 -7736.641693 462.132597
v 921.203804 -7736.641693 467.64307
v 921.203804 -7736.641693 467.64307
v 906.607628 -7751.132965 467.64307
v 906.607628 -7751.132965 462.132597
v 919.252586 -7738.584137 472.415209
v 908.5639 -7749.188232 472.415209
v 906.607628 -7751.132965 467.64307
v 906.607628 -7751.132965 467.64307
v 921.203804 -7736.641693 467.64307
v 919.252586 -7738.584137 472.415209
v 915.865517 -7741.945648 475.170422
v 911.951351 -7745.826721 475.170422
v 908.5639 -7749.188232 472.415209
v 908.5639 -7749.188232 472.415209
v 919.252586 -7738.584137 472.415209
v 915.865517 -7741.945648 475.170422
v 1340.737534 -7146.568298 392.117381
v 1336.831093 -7150.449371 392.117381
v 1333.444023 -7153.811646 394.872618
v 1344.129658 -7143.20755 394.872618
v 1333.444023 -7153.811646 394.872618
v 1331.484032 -7155.755615 399.644828
v 1333.444023 -7153.811646 394.872618
v 1344.129658 -7143.20755 394.872618
v 1340.737534 -7146.568298 392.117381
v 1346.084023 -7141.26358 399.644828
v 1331.484032 -7155.755615 399.644828
v 1331.484032 -7155.755615 405.155277
v 1331.484032 -7155.755615 399.644828
v 1346.084023 -7141.26358 399.644828
v 1344.129658 -7143.20755 394.872618
v 1346.084023 -7141.26358 405.155277
v 1331.484032 -7155.755615 405.155277
v 1333.444023 -7153.811646 409.927464
v 1346.084023 -7141.26358 405.155277
v 1344.129658 -7143.20755 409.927416
v 1333.444023 -7153.811646 409.927464
v 1336.831093 -7150.449371 412.682676
v 1333.444023 -7153.811646 409.927464
v 1344.129658 -7143.20755 409.927416
v 1346.084023 -7141.26358 405.155277
v 1336.831093 -7150.449371 412.682676
v 1340.737534 -7146.568298 412.682676
v 1344.129658 -7143.20755 409.927416
v -7254.588318 1428.138733 391.786313
v -7258.496094 1424.256897 391.786313
v -7261.882782 1420.895386 394.54155
v -7251.195526 1431.497955 394.54155
v -7261.882782 1420.895386 394.54155
v -7263.843536 1418.94989 399.313784
v -7261.882782 1420.895386 394.54155
v -7251.195526 1431.497955 394.54155
v -7254.588318 1428.138733 391.786313
v -7249.242401 1433.442688 399.313784
v -7263.843536 1418.94989 399.313784
v -7263.843536 1418.94989 404.824257
v -7263.843536 1418.94989 399.313784
v -7249.242401 1433.442688 399.313784
v -7251.195526 1431.497955 394.54155
v -7249.242401 1433.442688 404.824257
v -7263.843536 1418.94989 404.824257
v -7261.882782 1420.895386 409.596395
v -7263.843536 1418.94989 404.824257
v -7249.242401 1433.442688 404.824257
v -7249.242401 1433.442688 399.313784
v -7251.195526 1431.497955 409.596395
v -7261.882782 1420.895386 409.596395
v -7258.496094 1424.256897 412.351656
v -7261.882782 1420.895386 409.596395
v -7251.195526 1431.497955 409.596395
v -7249.242401 1433.442688 404.824257
v -7258.496094 1424.256897 412.351656
v -7254.588318 1428.138733 412.351656
v -7251.195526 1431.497955 409.596395
vt 2.415334 4.171934
vt 2.595305 4.171934
vt 2.751165 4.263338
vt 2.259473 4.263338
vt 2.751165 4.263338
vt 2.841151 4.421653
vt 2.751165 4.263338
vt 2.259473 4.263338
vt 2.415334 4.171934
vt 2.169487 4.421653
vt 2.841151 4.421653
vt 2.841151 4.60446
vt 2.841151 4.421653
vt 2.169487 4.421653
vt 2.259473 4.263338
vt 2.169487 4.60446
vt 2.841151 4.60446
vt 2.751165 4.762776
vt 2.841151 4.60446
vt 2.169487 4.60446
vt 2.169487 4.421653
vt 2.259473 4.762776
vt 2.751165 4.762776
vt 2.595305 4.85418
vt 2.751165 4.762776
vt 2.259473 4.762776
vt 2.169487 4.60446
vt 2.595305 4.85418
vt 2.415333 4.85418
vt 2.259473 4.762776
vt 2.415334 4.171934
vt 2.595305 4.171934
vt 2.751165 4.263338
vt 2.259473 4.263338
vt 2.751165 4.263338
vt 2.841151 4.421653
vt 2.751165 4.263338
vt 2.259473 4.263338
vt 2.415334 4.171934
vt 2.169487 4.421653
vt 2.841151 4.421653
vt 2.841151 4.60446
vt 2.841151 4.421653
vt 2.169487 4.421653
vt 2.259473 4.263338
vt 2.169487 4.60446
vt 2.841151 4.60446
vt 2.751165 4.762776
vt 2.841151 4.60446
vt 2.169487 4.60446
vt 2.169487 4.421653
vt 2.259473 4.762776
vt 2.751165 4.762776
vt 2.595305 4.85418
vt 2.751165 4.762776
vt 2.259473 4.762776
vt 2.169487 4.60446
vt 2.595305 4.85418
vt 2.415333 4.85418
vt 2.259473 4.762776
vt 2.415334 4.171934
vt 2.595305 4.171934
vt 2.751165 4.263338
vt 2.751165 4.263338
vt 2.259473 4.263338
vt 2.415334 4.171934
vt 2.259473 4.263338
vt 2.751165 4.263338
vt 2.841151 4.421653
vt 2.841151 4.421653
vt 2.169487 4.421653
vt 2.259473 4.263338
vt 2.169487 4.421653
vt 2.841151 4.421653
vt 2.841151 4.60446
vt 2.841151 4.60446
vt 2.169487 4.60446
vt 2.169487 4.421653
vt 2.751165 4.762776
vt 2.259473 4.762776
vt 2.169487 4.60446
vt 2.169487 4.60446
vt 2.841151 4.60446
vt 2.751165 4.762776
vt 2.595305 4.85418
vt 2.415333 4.85418
vt 2.259473 4.762776
vt 2.259473 4.762776
vt 2.751165 4.762776
vt 2.595305 4.85418
vt 2.415334 4.171934
vt 2.595305 4.171934
vt 2.751165 4.263338
vt 2.259473 4.263338
vt 2.751165 4.263338
vt 2.841151 4.421653
vt 2.751165 4.263338
vt 2.259473 4.263338
vt 2.415334 4.171934
vt 2.169487 4.421653
vt 2.841151 4.421653
vt 2.841151 4.60446
vt 2.841151 4.421653
vt 2.169487 4.421653
vt 2.259473 4.263338
vt 2.169487 4.60446
vt 2.841151 4.60446
vt 2.751165 4.762776
vt 2.169487 4.60446
vt 2.259473 4.762776
vt 2.751165 4.762776
vt 2.595305 4.85418
vt 2.751165 4.762776
vt 2.259473 4.762776
vt 2.169487 4.60446
vt 2.595305 4.85418
vt 2.415333 4.85418
vt 2.259473 4.762776
vt 2.415334 4.171934
vt 2.595305 4.171934
vt 2.751165 4.263338
vt 2.259473 4.263338
vt 2.751165 4.263338
vt 2.841151 4.421653
vt 2.751165 4.263338
vt 2.259473 4.263338
vt 2.415334 4.171934
vt 2.169487 4.421653
vt 2.841151 4.421653
vt 2.841151 4.60446
vt 2.841151 4.421653
vt 2.169487 4.421653
vt 2.259473 4.263338
vt 2.169487 4.60446
vt 2.841151 4.60446
vt 2.751165 4.762776
vt 2.841151 4.60446
vt 2.169487 4.60446
vt 2.169487 4.421653
vt 2.259473 4.762776
vt 2.751165 4.762776
vt 2.595305 4.85418
vt 2.751165 4.762776
vt 2.259473 4.762776
vt 2.169487 4.60446
vt 2.595305 4.85418
vt 2.415333 4.85418
vt 2.259473 4.762776
vn -0.704774 0.709431 -0.000671
vn -0.704774 0.709431 -0.000671
vn -0.704774 0.709431 -0.000671
vn -0.704391 0.709812 -0.000041
vn -0.704391 0.709812 -0.000041
vn -0.704391 0.709812 -0.000041
vn -0.704391 0.709811 0.001344
vn -0.704391 0.709811 0.001344
vn -0.704391 0.709811 0.001344
vn -0.704495 0.709709 0
vn -0.704495 0.709709 0
vn -0.704495 0.709709 0
vn -0.704495 0.709709 -0.000588
vn -0.704495 0.709709 -0.000588
vn -0.704495 0.709709 -0.000588
vn -0.704495 0.709709 0.000126
vn -0.704495 0.709709 0.000126
vn -0.704495 0.709709 0.000126
vn -0.704495 0.709709 0
vn -0.704495 0.709709 0
vn -0.704495 0.709709 0
vn -0.704391 0.709812 -0.000265
vn -0.704391 0.709812 -0.000265
vn -0.704391 0.709812 -0.000265
vn -0.704391 0.709812 0.000672
vn -0.704391 0.709812 0.000672
vn -0.704391 0.709812 0.000672
vn -0.704773 0.70943 -0.00228
vn -0.704773 0.70943 -0.00228
vn -0.704773 0.70943 -0.00228
vn -0.704774 0.709431 -0.000671
vn -0.704774 0.709431 -0.000671
vn -0.704774 0.709431 -0.000671
vn -0.704391 0.709812 -0.000041
vn -0.704391 0.709812 -0.000041
vn -0.704391 0.709812 -0.000041
vn -0.704391 0.709811 0.001344
vn -0.704391 0.709811 0.001344
vn -0.704391 0.709811 0.001344
vn -0.704495 0.709709 0
vn -0.704495 0.709709 0
vn -0.704495 0.709709 0
vn -0.704495 0.709709 -0.000588
vn -0.704495 0.709709 -0.000588
vn -0.704495 0.709709 -0.000588
vn -0.704495 0.709709 0.000126
vn -0.704495 0.709709 0.000126
vn -0.704495 0.709709 0.000126
vn -0.704495 0.709709 0
vn -0.704495 0.709709 0
vn -0.704495 0.709709 0
vn -0.704391 0.709812 -0.000265
vn -0.704391 0.709812 -0.000265
vn -0.704391 0.709812 -0.000265
vn -0.704391 0.709812 0.000672
vn -0.704391 0.709812 0.000672
vn -0.704391 0.709812 0.000672
vn -0.704773 0.70943 -0.00228
vn -0.704773 0.70943 -0.00228
vn -0.704773 0.70943 -0.00228
vn 0.704072 -0.710128 0.000919
vn 0.704072 -0.710128 0.000919
vn 0.704072 -0.710128 0.000919
vn 0.704295 -0.709907 -0.000252
vn 0.704295 -0.709907 -0.000252
vn 0.704295 -0.709907 -0.000252
vn 0.704295 -0.709907 0.000963
vn 0.704295 -0.709907 0.000963
vn 0.704295 -0.709907 0.000963
vn 0.704542 -0.709662 -0.000335
vn 0.704542 -0.709662 -0.000335
vn 0.704542 -0.709662 -0.000335
vn 0.704542 -0.709662 0
vn 0.704542 -0.709662 0
vn 0.704542 -0.709662 0
vn 0.704542 -0.709662 0
vn 0.704542 -0.709662 0
vn 0.704542 -0.709662 0
vn 0.704295 -0.709907 0.000537
vn 0.704295 -0.709907 0.000537
vn 0.704295 -0.709907 0.000537
vn 0.704542 -0.709662 -0.000762
vn 0.704542 -0.709662 -0.000762
vn 0.704542 -0.709662 -0.000762
vn 0.704072 -0.710128 0.000796
vn 0.704072 -0.710128 0.000796
vn 0.704072 -0.710128 0.000796
vn 0.704295 -0.709907 -0.000376
vn 0.704295 -0.709907 -0.000376
vn 0.704295 -0.709907 -0.000376
vn -0.704774 0.709431 -0.000794
vn -0.704774 0.709431 -0.000794
vn -0.704774 0.709431 -0.000794
vn -0.704375 0.709828 -0.000028
vn -0.704375 0.709828 -0.000028
vn -0.704375 0.709828 -0.000028
vn -0.704375 0.709827 0.001304
vn -0.704375 0.709827 0.001304
vn -0.704375 0.709827 0.001304
vn -0.704483 0.70972 0
vn -0.704483 0.70972 0
vn -0.704483 0.70972 0
vn -0.704483 0.70972 -0.000597
vn -0.704483 0.70972 -0.000597
vn -0.704483 0.70972 -0.000597
vn -0.704483 0.70972 0.000116
vn -0.704483 0.70972 0.000116
vn -0.704483 0.70972 0.000116
vn -0.704483 0.70972 0
vn -0.704375 0.709828 -0.00018
vn -0.704375 0.709828 -0.00018
vn -0.704375 0.709828 -0.00018
vn -0.704375 0.709828 0.000685
vn -0.704375 0.709828 0.000685
vn -0.704375 0.709828 0.000685
vn -0.704773 0.70943 -0.002279
vn -0.704773 0.70943 -0.002279
vn -0.704773 0.70943 -0.002279
vn -0.704775 0.709431 -0.000796
vn -0.704775 0.709431 -0.000796
vn -0.704775 0.709431 -0.000796
vn -0.704311 0.709892 0.000097
vn -0.704311 0.709892 0.000097
vn -0.704311 0.709892 0.000097
vn -0.70431 0.709891 0.001644
vn -0.70431 0.709891 0.001644
vn -0.70431 0.709891 0.001644
vn -0.704483 0.70972 0
vn -0.704483 0.70972 0
vn -0.704483 0.70972 0
vn -0.704483 0.70972 -0.000812
vn -0.704483 0.70972 -0.000812
vn -0.704483 0.70972 -0.000812
vn -0.704483 0.70972 0.000044
vn -0.704483 0.70972 0.000044
vn -0.704483 0.70972 0.000044
vn -0.704483 0.70972 0
vn -0.704483 0.70972 0
vn -0.704483 0.70972 0
vn -0.704311 0.709892 -0.000337
vn -0.704311 0.709892 -0.000337
vn -0.704311 0.709892 -0.000337
vn -0.70431 0.709891 0.000952
vn -0.70431 0.709891 0.000952
vn -0.70431 0.709891 0.000952
vn -0.704772 0.709428 -0.002778
vn -0.704772 0.709428 -0.002778
vn -0.704772 0.709428 -0.002778
f 178/178/178 179/179/179 177/177/177
f 181/181/181 182/182/182 180/180/180
f 184/184/184 185/185/185 183/183/183
f 187/187/187 188/188/188 186/186/186
f 190/190/190 191/191/191 189/189/189
f 193/193/193 194/194/194 192/192/192
f 196/196/196 197/197/197 195/195/195
f 199/199/199 200/200/200 198/198/198
f 202/202/202 203/203/203 201/201/201
f 205/205/205 206/206/206 204/204/204
f 208/208/208 209/209/209 207/207/207
f 211/211/211 212/212/212 210/210/210
f 214/214/214 215/215/215 213/213/213
f 217/217/217 218/218/218 216/216/216
f 220/220/220 221/221/221 219/219/219
f 223/223/223 224/224/224 222/222/222
f 226/226/226 227/227/227 225/225/225
f 229/229/229 230/230/230 228/228/228
f 232/232/232 233/233/233 231/231/231
f 235/235/235 236/236/236 234/234/234
f 238/238/238 239/239/239 237/237/237
f 241/241/241 242/242/242 240/240/240
f 244/244/244 245/245/245 243/243/243
f 247/247/247 248/248/248 246/246/246
f 250/250/250 251/251/251 249/249/249
f 253/253/253 254/254/254 252/252/252
f 256/256/256 257/257/257 255/255/255
f 259/259/259 260/260/260 258/258/258
f 262/262/262 263/263/263 261/261/261
f 265/265/265 266/266/266 264/264/264
f 268/268/268 269/269/269 267/267/267
f 271/271/271 272/272/272 270/270/270
f 274/274/274 275/275/275 273/273/273
f 277/277/277 278/278/278 276/276/276
f 280/280/280 281/281/281 279/279/279
f 283/283/283 284/284/284 282/282/282
f 285/285/285 276/276/276 278/278/278
f 287/287/287 288/288/288 286/286/286
f 290/290/290 291/291/291 289/289/289
f 293/293/293 294/294/294 292/292/292
f 296/296/296 297/297/297 295/295/295
f 299/299/299 300/300/300 298/298/298
f 302/302/302 303/303/303 301/301/301
f 305/305/305 306/306/306 304/304/304
f 308/308/308 309/309/309 307/307/307
f 311/311/311 312/312/312 310/310/310
f 314/314/314 315/315/315 313/313/313
f 317/317/317 318/318/318 316/316/316
f 320/320/320 321/321/321 319/319/319
f 323/323/323 324/324/324 322/322/322
o KR_START_GREEN_4
usemtl material_0
v 896.150208 -7722.549438 514.892149
v 892.242908 -7726.430511 514.892149
v 888.856697 -7729.792786 517.647362
v 899.542046 -7719.18869 517.647362
v 888.856697 -7729.792786 517.647362
v 886.89642 -7731.736755 522.419643
v 888.856697 -7729.792786 517.647362
v 899.542046 -7719.18869 517.647362
v 896.150208 -7722.549438 514.892149
v 901.496696 -7717.24472 522.419643
v 886.89642 -7731.736755 522.419643
v 886.89642 -7731.736755 527.930021
v 886.89642 -7731.736755 522.419643
v 901.496696 -7717.24472 522.419643
v 899.542046 -7719.18869 517.647362
v 901.496696 -7717.24472 527.930021
v 886.89642 -7731.736755 527.930021
v 888.856697 -7729.792786 532.702255
v 886.89642 -7731.736755 527.930021
v 901.496696 -7717.24472 527.930021
v 901.496696 -7717.24472 522.419643
v 899.542046 -7719.18869 532.702255
v 888.856697 -7729.792786 532.702255
v 892.242908 -7726.430511 535.45742
v 888.856697 -7729.792786 532.702255
v 899.542046 -7719.18869 532.702255
v 901.496696 -7717.24472 527.930021
v 892.242908 -7726.430511 535.45742
v 896.150208 -7722.549438 535.45742
v 899.542046 -7719.18869 532.702255
v 863.622665 -7754.774475 514.892149
v 859.710407 -7758.659363 514.892149
v 856.3241 -7762.020111 517.647362
v 867.009735 -7751.41449 517.647362
v 856.3241 -7762.020111 517.647362
v 854.36964 -7763.962555 522.4195
v 856.3241 -7762.020111 517.647362
v 867.009735 -7751.41449 517.647362
v 863.622665 -7754.774475 514.892149
v 868.970299 -7749.475098 522.4195
v 854.36964 -7763.962555 522.4195
v 854.36964 -7763.962555 527.929974
v 854.36964 -7763.962555 522.4195
v 868.970299 -7749.475098 522.4195
v 867.009735 -7751.41449 517.647362
v 868.970299 -7749.475098 527.929974
v 854.36964 -7763.962555 527.929974
v 856.3241 -7762.020111 532.702208
v 854.36964 -7763.962555 527.929974
v 868.970299 -7749.475098 527.929974
v 868.970299 -7749.475098 522.4195
v 867.009735 -7751.41449 532.702208
v 856.3241 -7762.020111 532.702208
v 859.710407 -7758.659363 535.457468
v 856.3241 -7762.020111 532.702208
v 867.009735 -7751.41449 532.702208
v 868.970299 -7749.475098 527.929974
v 859.710407 -7758.659363 535.457468
v 863.622665 -7754.774475 535.457468
v 867.009735 -7751.41449 532.702208
v 830.976582 -7787.119293 514.892292
v 827.064705 -7791.001129 514.892292
v 823.678303 -7794.361877 517.647552
v 834.363556 -7783.759308 517.647552
v 823.678303 -7794.361877 517.647552
v 821.724033 -7796.304321 522.419786
v 823.678303 -7794.361877 517.647552
v 834.363556 -7783.759308 517.647552
v 830.976582 -7787.119293 514.892292
v 836.318493 -7781.819916 522.419786
v 821.724033 -7796.304321 522.419786
v 821.724033 -7796.304321 527.93026
v 821.724033 -7796.304321 522.419786
v 836.318493 -7781.819916 522.419786
v 834.363556 -7783.759308 517.647552
v 836.318493 -7781.819916 527.93026
v 821.724033 -7796.304321 527.93026
v 823.678303 -7794.361877 532.702398
v 821.724033 -7796.304321 527.93026
v 836.318493 -7781.819916 527.93026
v 836.318493 -7781.819916 522.419786
v 834.363556 -7783.759308 532.702398
v 823.678303 -7794.361877 532.702398
v 827.064705 -7791.001129 535.457611
v 823.678303 -7794.361877 532.702398
v 834.363556 -7783.759308 532.702398
v 836.318493 -7781.819916 527.93026
v 827.064705 -7791.001129 535.457611
v 830.976582 -7787.119293 535.457611
v 834.363556 -7783.759308 532.702398
v 798.422527 -7819.374084 514.892292
v 794.511747 -7823.25058 514.892292
v 791.128874 -7826.616669 517.647505
v 801.813221 -7816.007996 517.647505
v 791.128874 -7826.616669 517.647505
v 789.168739 -7828.555298 522.419643
v 791.128874 -7826.616669 517.647505
v 801.813221 -7816.007996 517.647505
v 798.422527 -7819.374084 514.892292
v 803.765106 -7814.071655 522.419643
v 789.168739 -7828.555298 522.419643
v 789.168739 -7828.555298 527.930117
v 789.168739 -7828.555298 522.419643
v 803.765106 -7814.071655 522.419643
v 801.813221 -7816.007996 517.647505
v 803.765106 -7814.071655 527.930117
v 789.168739 -7828.555298 527.930117
v 791.128874 -7826.616669 532.702351
v 789.168739 -7828.555298 527.930117
v 803.765106 -7814.071655 527.930117
v 803.765106 -7814.071655 522.419643
v 801.813221 -7816.007996 532.702351
v 791.128874 -7826.616669 532.702351
v 794.511747 -7823.25058 535.457611
v 791.128874 -7826.616669 532.702351
v 801.813221 -7816.007996 532.702351
v 803.765106 -7814.071655 527.930117
v 794.511747 -7823.25058 535.457611
v 798.422527 -7819.374084 535.457611
v 801.813221 -7816.007996 532.702351
v 765.969706 -7851.527405 514.892292
v 762.055254 -7855.407715 514.892292
v 758.670807 -7858.769989 517.647552
v 769.356775 -7848.165894 517.647552
v 758.670807 -7858.769989 517.647552
v 756.715631 -7860.705566 522.419643
v 758.670807 -7858.769989 517.647552
v 769.356775 -7848.165894 517.647552
v 765.969706 -7851.527405 514.892292
v 771.312809 -7846.221161 522.419643
v 756.715631 -7860.705566 522.419643
v 756.715631 -7860.705566 527.930164
v 756.715631 -7860.705566 522.419643
v 771.312809 -7846.221161 522.419643
v 769.356775 -7848.165894 517.647552
v 771.312809 -7846.221161 527.930164
v 756.715631 -7860.705566 527.930164
v 758.670807 -7858.769989 532.702351
v 756.715631 -7860.705566 527.930164
v 771.312809 -7846.221161 527.930164
v 771.312809 -7846.221161 522.419643
v 769.356775 -7848.165894 532.702351
v 758.670807 -7858.769989 532.702351
v 762.055254 -7855.407715 535.457611
v 758.670807 -7858.769989 532.702351
v 769.356775 -7848.165894 532.702351
v 771.312809 -7846.221161 527.930164
v 762.055254 -7855.407715 535.457611
v 765.969706 -7851.527405 535.457611
v 769.356775 -7848.165894 532.702351
v 814.223385 -7842.653656 484.74865
v 818.129158 -7838.774872 484.74865
v 821.520424 -7835.406494 487.50391
v 821.520424 -7835.406494 487.50391
v 810.83622 -7846.01593 487.50391
v 814.223385 -7842.653656 484.74865
v 810.83622 -7846.01593 487.50391
v 821.520424 -7835.406494 487.50391
v 823.475552 -7833.470154 492.276001
v 823.475552 -7833.470154 492.276001
v 808.875465 -7847.953796 492.276001
v 810.83622 -7846.01593 487.50391
v 808.875465 -7847.953796 492.276001
v 823.475552 -7833.470154 492.276001
v 823.475552 -7833.470154 497.786522
v 823.475552 -7833.470154 497.786522
v 808.875465 -7847.953796 497.786522
v 808.875465 -7847.953796 492.276001
v 821.520424 -7835.406494 502.558661
v 810.83622 -7846.01593 502.558661
v 808.875465 -7847.953796 497.786522
v 808.875465 -7847.953796 497.786522
v 823.475552 -7833.470154 497.786522
v 821.520424 -7835.406494 502.558661
v 818.129158 -7838.774872 505.313969
v 814.223385 -7842.653656 505.313969
v 810.83622 -7846.01593 502.558661
v 810.83622 -7846.01593 502.558661
v 821.520424 -7835.406494 502.558661
v 818.129158 -7838.774872 505.313969
v 879.418087 -7778.05481 484.748602
v 883.332539 -7774.1745 484.748602
v 886.716366 -7770.812225 487.503862
v 886.716366 -7770.812225 487.503862
v 876.032543 -7781.421661 487.503862
v 879.418087 -7778.05481 484.748602
v 876.032543 -7781.421661 487.503862
v 886.716366 -7770.812225 487.503862
v 888.676643 -7768.874359 492.276001
v 888.676643 -7768.874359 492.276001
v 874.079037 -7783.358765 492.276001
v 876.032543 -7781.421661 487.503862
v 874.079037 -7783.358765 492.276001
v 888.676643 -7768.874359 492.276001
v 888.676643 -7768.874359 497.786474
v 888.676643 -7768.874359 497.786474
v 874.079037 -7783.358765 497.786474
v 874.079037 -7783.358765 492.276001
v 886.716366 -7770.812225 502.558708
v 876.032543 -7781.421661 502.558708
v 874.079037 -7783.358765 497.786474
v 874.079037 -7783.358765 497.786474
v 888.676643 -7768.874359 497.786474
v 886.716366 -7770.812225 502.558708
v 883.332539 -7774.1745 505.313921
v 879.418087 -7778.05481 505.313921
v 876.032543 -7781.421661 502.558708
v 876.032543 -7781.421661 502.558708
v 886.716366 -7770.812225 502.558708
v 883.332539 -7774.1745 505.313921
vt 2.415334 4.171934
vt 2.595305 4.171934
vt 2.751165 4.263338
vt 2.259473 4.263338
vt 2.751165 4.263338
vt 2.841151 4.421653
vt 2.751165 4.263338
vt 2.259473 4.263338
vt 2.415334 4.171934
vt 2.169487 4.421653
vt 2.841151 4.421653
vt 2.841151 4.60446
vt 2.841151 4.421653
vt 2.169487 4.421653
vt 2.259473 4.263338
vt 2.169487 4.60446
vt 2.841151 4.60446
vt 2.751165 4.762776
vt 2.841151 4.60446
vt 2.169487 4.60446
vt 2.169487 4.421653
vt 2.259473 4.762776
vt 2.751165 4.762776
vt 2.595305 4.85418
vt 2.751165 4.762776
vt 2.259473 4.762776
vt 2.169487 4.60446
vt 2.595305 4.85418
vt 2.415333 4.85418
vt 2.259473 4.762776
vt 2.415334 4.171934
vt 2.595305 4.171934
vt 2.751165 4.263338
vt 2.259473 4.263338
vt 2.751165 4.263338
vt 2.841151 4.421653
vt 2.751165 4.263338
vt 2.259473 4.263338
vt 2.415334 4.171934
vt 2.169487 4.421653
vt 2.841151 4.421653
vt 2.841151 4.60446
vt 2.841151 4.421653
vt 2.169487 4.421653
vt 2.259473 4.263338
vt 2.169487 4.60446
vt 2.841151 4.60446
vt 2.751165 4.762776
vt 2.841151 4.60446
vt 2.169487 4.60446
vt 2.169487 4.421653
vt 2.259473 4.762776
vt 2.751165 4.762776
vt 2.595305 4.85418
vt 2.751165 4.762776
vt 2.259473 4.762776
vt 2.169487 4.60446
vt 2.595305 4.85418
vt 2.415333 4.85418
vt 2.259473 4.762776
vt 2.415334 4.171934
vt 2.595305 4.171934
vt 2.751165 4.263338
vt 2.259473 4.263338
vt 2.751165 4.263338
vt 2.841151 4.421653
vt 2.751165 4.263338
vt 2.259473 4.263338
vt 2.415334 4.171934
vt 2.169487 4.421653
vt 2.841151 4.421653
vt 2.841151 4.60446
vt 2.841151 4.421653
vt 2.169487 4.421653
vt 2.259473 4.263338
vt 2.169487 4.60446
vt 2.841151 4.60446
vt 2.751165 4.762776
vt 2.841151 4.60446
vt 2.169487 4.60446
vt 2.169487 4.421653
vt 2.259473 4.762776
vt 2.751165 4.762776
vt 2.595305 4.85418
vt 2.751165 4.762776
vt 2.259473 4.762776
vt 2.169487 4.60446
vt 2.595305 4.85418
vt 2.415333 4.85418
vt 2.259473 4.762776
vt 2.415334 4.171934
vt 2.595305 4.171934
vt 2.751165 4.263338
vt 2.259473 4.263338
vt 2.751165 4.263338
vt 2.841151 4.421653
vt 2.751165 4.263338
vt 2.259473 4.263338
vt 2.415334 4.171934
vt 2.169487 4.421653
vt 2.841151 4.421653
vt 2.841151 4.60446
vt 2.841151 4.421653
vt 2.169487 4.421653
vt 2.259473 4.263338
vt 2.169487 4.60446
vt 2.841151 4.60446
vt 2.751165 4.762776
vt 2.841151 4.60446
vt 2.169487 4.60446
vt 2.169487 4.421653
vt 2.259473 4.762776
vt 2.751165 4.762776
vt 2.595305 4.85418
vt 2.751165 4.762776
vt 2.259473 4.762776
vt 2.169487 4.60446
vt 2.595305 4.85418
vt 2.415333 4.85418
vt 2.259473 4.762776
vt 2.415334 4.171934
vt 2.595305 4.171934
vt 2.751165 4.263338
vt 2.259473 4.263338
vt 2.751165 4.263338
vt 2.841151 4.421653
vt 2.751165 4.263338
vt 2.259473 4.263338
vt 2.415334 4.171934
vt 2.169487 4.421653
vt 2.841151 4.421653
vt 2.841151 4.60446
vt 2.841151 4.421653
vt 2.169487 4.421653
vt 2.259473 4.263338
vt 2.169487 4.60446
vt 2.841151 4.60446
vt 2.751165 4.762776
vt 2.841151 4.60446
vt 2.169487 4.60446
vt 2.169487 4.421653
vt 2.259473 4.762776
vt 2.751165 4.762776
vt 2.595305 4.85418
vt 2.751165 4.762776
vt 2.259473 4.762776
vt 2.169487 4.60446
vt 2.595305 4.85418
vt 2.415333 4.85418
vt 2.259473 4.762776
vt 2.415334 4.171934
vt 2.595305 4.171934
vt 2.751165 4.263338
vt 2.751165 4.263338
vt 2.259473 4.263338
vt 2.415334 4.171934
vt 2.259473 4.263338
vt 2.751165 4.263338
vt 2.841151 4.421653
vt 2.841151 4.421653
vt 2.169487 4.421653
vt 2.259473 4.263338
vt 2.169487 4.421653
vt 2.841151 4.421653
vt 2.841151 4.60446
vt 2.841151 4.60446
vt 2.169487 4.60446
vt 2.169487 4.421653
vt 2.751165 4.762776
vt 2.259473 4.762776
vt 2.169487 4.60446
vt 2.169487 4.60446
vt 2.841151 4.60446
vt 2.751165 4.762776
vt 2.595305 4.85418
vt 2.415333 4.85418
vt 2.259473 4.762776
vt 2.259473 4.762776
vt 2.751165 4.762776
vt 2.595305 4.85418
vt 2.415334 4.171934
vt 2.595305 4.171934
vt 2.751165 4.263338
vt 2.751165 4.263338
vt 2.259473 4.263338
vt 2.415334 4.171934
vt 2.259473 4.263338
vt 2.751165 4.263338
vt 2.841151 4.421653
vt 2.841151 4.421653
vt 2.169487 4.421653
vt 2.259473 4.263338
vt 2.169487 4.421653
vt 2.841151 4.421653
vt 2.841151 4.60446
vt 2.841151 4.60446
vt 2.169487 4.60446
vt 2.169487 4.421653
vt 2.751165 4.762776
vt 2.259473 4.762776
vt 2.169487 4.60446
vt 2.169487 4.60446
vt 2.841151 4.60446
vt 2.751165 4.762776
vt 2.595305 4.85418
vt 2.415333 4.85418
vt 2.259473 4.762776
vt 2.259473 4.762776
vt 2.751165 4.762776
vt 2.595305 4.85418
vn -0.704686 0.709519 -0.000208
vn -0.704686 0.709519 -0.000208
vn -0.704686 0.709519 -0.000208
vn -0.704407 0.709796 -0.000198
vn -0.704407 0.709796 -0.000198
vn -0.704407 0.709796 -0.000198
vn -0.704407 0.709795 0.001259
vn -0.704407 0.709795 0.001259
vn -0.704407 0.709795 0.001259
vn -0.704472 0.709732 0
vn -0.704472 0.709732 0
vn -0.704472 0.709732 0
vn -0.704471 0.709732 -0.000535
vn -0.704471 0.709732 -0.000535
vn -0.704471 0.709732 -0.000535
vn -0.704472 0.709732 0.00025
vn -0.704472 0.709732 0.00025
vn -0.704472 0.709732 0.00025
vn -0.704472 0.709732 0
vn -0.704472 0.709732 0
vn -0.704472 0.709732 0
vn -0.704407 0.709796 -0.000474
vn -0.704407 0.709796 -0.000474
vn -0.704407 0.709796 -0.000474
vn -0.704407 0.709796 0.000587
vn -0.704407 0.709796 0.000587
vn -0.704407 0.709796 0.000587
vn -0.704685 0.709518 -0.001941
vn -0.704685 0.709518 -0.001941
vn -0.704685 0.709518 -0.001941
vn -0.704601 0.709604 -0.000497
vn -0.704601 0.709604 -0.000497
vn -0.704601 0.709604 -0.000497
vn -0.70444 0.709764 0.000417
vn -0.70444 0.709764 0.000417
vn -0.70444 0.709764 0.000417
vn -0.70444 0.709764 0.000351
vn -0.70444 0.709764 0.000351
vn -0.70444 0.709764 0.000351
vn -0.704353 0.70985 0
vn -0.704353 0.70985 0
vn -0.704353 0.70985 0
vn -0.704353 0.709849 0.000872
vn -0.704353 0.709849 0.000872
vn -0.704353 0.709849 0.000872
vn -0.704353 0.709849 -0.000487
vn -0.704353 0.709849 -0.000487
vn -0.704353 0.709849 -0.000487
vn -0.704353 0.70985 0
vn -0.704353 0.70985 0
vn -0.704353 0.70985 0
vn -0.70444 0.709764 0.000103
vn -0.70444 0.709764 0.000103
vn -0.70444 0.709764 0.000103
vn -0.70444 0.709763 -0.000942
vn -0.70444 0.709763 -0.000942
vn -0.70444 0.709763 -0.000942
vn -0.704601 0.709604 -0.000745
vn -0.704601 0.709604 -0.000745
vn -0.704601 0.709604 -0.000745
vn -0.70438 0.709823 0.000043
vn -0.70438 0.709823 0.000043
vn -0.70438 0.709823 0.000043
vn -0.704359 0.709844 0.000482
vn -0.704359 0.709844 0.000482
vn -0.704359 0.709844 0.000482
vn -0.704359 0.709844 0.000153
vn -0.704359 0.709844 0.000153
vn -0.704359 0.709844 0.000153
vn -0.704423 0.70978 0
vn -0.704423 0.70978 0
vn -0.704423 0.70978 0
vn -0.704423 0.70978 0.000144
vn -0.704423 0.70978 0.000144
vn -0.704423 0.70978 0.000144
vn -0.704423 0.70978 -0.00043
vn -0.704423 0.70978 -0.00043
vn -0.704423 0.70978 -0.00043
vn -0.704423 0.70978 0
vn -0.704423 0.70978 0
vn -0.704423 0.70978 0
vn -0.704359 0.709844 -0.000094
vn -0.704359 0.709844 -0.000094
vn -0.704359 0.709844 -0.000094
vn -0.704359 0.709844 -0.000092
vn -0.704359 0.709844 -0.000092
vn -0.704359 0.709844 -0.000092
vn -0.70438 0.709823 -0.000205
vn -0.70438 0.709823 -0.000205
vn -0.70438 0.709823 -0.000205
vn -0.703977 0.710214 0.003499
vn -0.703977 0.710214 0.003499
vn -0.703977 0.710214 0.003499
vn -0.704601 0.709603 -0.001218
vn -0.704601 0.709603 -0.001218
vn -0.704601 0.709603 -0.001218
vn -0.704601 0.709603 0.000241
vn -0.704601 0.709604 0.000241
vn -0.704601 0.709604 0.000241
vn -0.704353 0.70985 0
vn -0.704353 0.70985 0
vn -0.704353 0.70985 0
vn -0.704353 0.70985 0.00009
vn -0.704353 0.70985 0.00009
vn -0.704353 0.70985 0.00009
vn -0.704352 0.70985 0.001015
vn -0.704352 0.70985 0.001015
vn -0.704352 0.70985 0.001015
vn -0.704353 0.70985 0
vn -0.704353 0.70985 0
vn -0.704353 0.70985 0
vn -0.7046 0.709602 -0.001986
vn -0.7046 0.709602 -0.001986
vn -0.7046 0.709602 -0.001986
vn -0.704601 0.709603 -0.000292
vn -0.704601 0.709603 -0.000292
vn -0.704601 0.709603 -0.000292
vn -0.703981 0.710218 0.001273
vn -0.703981 0.710218 0.001273
vn -0.703981 0.710218 0.001273
vn -0.704027 0.710171 0.001644
vn -0.704027 0.710171 0.001644
vn -0.704027 0.710171 0.001644
vn -0.704375 0.709828 -0.000608
vn -0.704375 0.709828 -0.000608
vn -0.704375 0.709828 -0.000608
vn -0.704375 0.709828 -0.00018
vn -0.704375 0.709828 -0.00018
vn -0.704375 0.709828 -0.00018
vn -0.704365 0.709838 0
vn -0.704365 0.709838 0
vn -0.704365 0.709838 0
vn -0.704364 0.709838 -0.000552
vn -0.704364 0.709838 -0.000552
vn -0.704364 0.709838 -0.000552
vn -0.704364 0.709838 0.000599
vn -0.704364 0.709838 0.000599
vn -0.704364 0.709838 0.000599
vn -0.704365 0.709838 0
vn -0.704365 0.709838 0
vn -0.704365 0.709838 0
vn -0.704375 0.709828 -0.000798
vn -0.704375 0.709828 -0.000798
vn -0.704375 0.709828 -0.000798
vn -0.704375 0.709828 0.000543
vn -0.704375 0.709828 0.000543
vn -0.704375 0.709828 0.000543
vn -0.704028 0.710172 0.001026
vn -0.704028 0.710172 0.001026
vn -0.704028 0.710172 0.001026
vn 0.704641 -0.709564 0.000284
vn 0.704641 -0.709564 0.000284
vn 0.704641 -0.709564 0.000284
vn 0.704617 -0.709587 0.000411
vn 0.704617 -0.709587 0.000411
vn 0.704617 -0.709587 0.000411
vn 0.704617 -0.709587 -0.000804
vn 0.704617 -0.709587 -0.000804
vn 0.704617 -0.709587 -0.000804
vn 0.704258 -0.709943 0.001082
vn 0.704258 -0.709943 0.001082
vn 0.704258 -0.709943 0.001082
vn 0.704259 -0.709944 0
vn 0.704259 -0.709944 0
vn 0.704259 -0.709944 0
vn 0.704259 -0.709944 0
vn 0.704259 -0.709944 0
vn 0.704259 -0.709944 0
vn 0.704617 -0.709587 -0.001374
vn 0.704617 -0.709587 -0.001374
vn 0.704617 -0.709587 -0.001374
vn 0.704258 -0.709944 0.000513
vn 0.704258 -0.709944 0.000513
vn 0.704258 -0.709944 0.000513
vn 0.704641 -0.709564 -0.000469
vn 0.704641 -0.709564 -0.000469
vn 0.704641 -0.709564 -0.000469
vn 0.704617 -0.709587 -0.000343
vn 0.704617 -0.709587 -0.000343
vn 0.704617 -0.709587 -0.000343
vn 0.704027 -0.710171 0.001892
vn 0.704027 -0.710171 0.001892
vn 0.704027 -0.710171 0.001892
vn 0.704633 -0.709571 -0.00129
vn 0.704633 -0.709571 -0.00129
vn 0.704633 -0.709571 -0.00129
vn 0.704633 -0.709571 -0.001244
vn 0.704633 -0.709571 -0.001244
vn 0.704633 -0.709571 -0.001244
vn 0.704353 -0.70985 0.000232
vn 0.704353 -0.70985 0.000232
vn 0.704353 -0.70985 0.000232
vn 0.704353 -0.70985 0
vn 0.704353 -0.70985 0
vn 0.704353 -0.70985 0
vn 0.704353 -0.70985 0
vn 0.704353 -0.70985 0
vn 0.704353 -0.70985 0
vn 0.704633 -0.709571 -0.00046
vn 0.704633 -0.709571 -0.00046
vn 0.704633 -0.709571 -0.00046
vn 0.704352 -0.70985 0.001016
vn 0.704352 -0.70985 0.001016
vn 0.704352 -0.70985 0.001016
vn 0.704026 -0.710169 0.002767
vn 0.704026 -0.710169 0.002767
vn 0.704026 -0.710169 0.002767
vn 0.704633 -0.709571 -0.000416
vn 0.704633 -0.709571 -0.000416
vn 0.704633 -0.709571 -0.000416
f 326/326/326 327/327/327 325/325/325
f 329/329/329 330/330/330 328/328/328
f 332/332/332 333/333/333 331/331/331
f 335/335/335 336/336/336 334/334/334
f 338/338/338 339/339/339 337/337/337
f 341/341/341 342/342/342 340/340/340
f 344/344/344 345/345/345 343/343/343
f 347/347/347 348/348/348 346/346/346
f 350/350/350 351/351/351 349/349/349
f 353/353/353 354/354/354 352/352/352
f 356/356/356 357/357/357 355/355/355
f 359/359/359 360/360/360 358/358/358
f 362/362/362 363/363/363 361/361/361
f 365/365/365 366/366/366 364/364/364
f 368/368/368 369/369/369 367/367/367
f 371/371/371 372/372/372 370/370/370
f 374/374/374 375/375/375 373/373/373
f 377/377/377 378/378/378 376/376/376
f 380/380/380 381/381/381 379/379/379
f 383/383/383 384/384/384 382/382/382
f 386/386/386 387/387/387 385/385/385
f 389/389/389 390/390/390 388/388/388
f 392/392/392 393/393/393 391/391/391
f 395/395/395 396/396/396 394/394/394
f 398/398/398 399/399/399 397/397/397
f 401/401/401 402/402/402 400/400/400
f 404/404/404 405/405/405 403/403/403
f 407/407/407 408/408/408 406/406/406
f 410/410/410 411/411/411 409/409/409
f 413/413/413 414/414/414 412/412/412
f 416/416/416 417/417/417 415/415/415
f 419/419/419 420/420/420 418/418/418
f 422/422/422 423/423/423 421/421/421
f 425/425/425 426/426/426 424/424/424
f 428/428/428 429/429/429 427/427/427
f 431/431/431 432/432/432 430/430/430
f 434/434/434 435/435/435 433/433/433
f 437/437/437 438/438/438 436/436/436
f 440/440/440 441/441/441 439/439/439
f 443/443/443 444/444/444 442/442/442
f 446/446/446 447/447/447 445/445/445
f 449/449/449 450/450/450 448/448/448
f 452/452/452 453/453/453 451/451/451
f 455/455/455 456/456/456 454/454/454
f 458/458/458 459/459/459 457/457/457
f 461/461/461 462/462/462 460/460/460
f 464/464/464 465/465/465 463/463/463
f 467/467/467 468/468/468 466/466/466
f 470/470/470 471/471/471 469/469/469
f 473/473/473 474/474/474 472/472/472
f 476/476/476 477/477/477 475/475/475
f 479/479/479 480/480/480 478/478/478
f 482/482/482 483/483/483 481/481/481
f 485/485/485 486/486/486 484/484/484
f 488/488/488 489/489/489 487/487/487
f 491/491/491 492/492/492 490/490/490
f 494/494/494 495/495/495 493/493/493
f 497/497/497 498/498/498 496/496/496
f 500/500/500 501/501/501 499/499/499
f 503/503/503 504/504/504 502/502/502
f 506/506/506 507/507/507 505/505/505
f 509/509/509 510/510/510 508/508/508
f 512/512/512 513/513/513 511/511/511
f 515/515/515 516/516/516 514/514/514
f 518/518/518 519/519/519 517/517/517
f 521/521/521 522/522/522 520/520/520
f 524/524/524 525/525/525 523/523/523
f 527/527/527 528/528/528 526/526/526
f 530/530/530 531/531/531 529/529/529
f 533/533/533 534/534/534 532/532/532
o KR_START_YELLOW_5
usemtl material_0
v 896.149158 -7722.550201 545.035505
v 892.242336 -7726.431274 545.035505
v 888.855553 -7729.793549 547.790766
v 899.541187 -7719.189453 547.790766
v 888.855553 -7729.793549 547.790766
v 886.895561 -7731.737518 552.562952
v 888.855553 -7729.793549 547.790766
v 899.541187 -7719.189453 547.790766
v 896.149158 -7722.550201 545.035505
v 901.495552 -7717.245483 552.562952
v 886.895561 -7731.737518 552.562952
v 886.895561 -7731.737518 558.073473
v 886.895561 -7731.737518 552.562952
v 901.495552 -7717.245483 552.562952
v 899.541187 -7719.189453 547.790766
v 901.495552 -7717.245483 558.073473
v 886.895561 -7731.737518 558.073473
v 888.855553 -7729.793549 562.845564
v 886.895561 -7731.737518 558.073473
v 901.495552 -7717.245483 558.073473
v 901.495552 -7717.245483 552.562952
v 899.541187 -7719.189453 562.845564
v 888.855553 -7729.793549 562.845564
v 892.242336 -7726.431274 565.600824
v 888.855553 -7729.793549 562.845564
v 899.541187 -7719.189453 562.845564
v 901.495552 -7717.245483 558.073473
v 892.242336 -7726.431274 565.600824
v 896.149158 -7722.550201 565.600824
v 899.541187 -7719.189453 562.845564
v 863.621235 -7754.773712 545.035601
v 859.708786 -7758.657837 545.035601
v 856.32267 -7762.018585 547.790861
v 867.008018 -7751.412964 547.790861
v 856.32267 -7762.018585 547.790861
v 854.368019 -7763.961029 552.562952
v 856.32267 -7762.018585 547.790861
v 867.008018 -7751.412964 547.790861
v 863.621235 -7754.773712 545.035601
v 868.968868 -7749.474335 552.562952
v 854.368019 -7763.961029 552.562952
v 854.368019 -7763.961029 558.073473
v 854.368019 -7763.961029 552.562952
v 868.968868 -7749.474335 552.562952
v 867.008018 -7751.412964 547.790861
v 868.968868 -7749.474335 558.073473
v 854.368019 -7763.961029 558.073473
v 856.32267 -7762.018585 562.845659
v 854.368019 -7763.961029 558.073473
v 868.968868 -7749.474335 558.073473
v 868.968868 -7749.474335 552.562952
v 867.008018 -7751.412964 562.845659
v 856.32267 -7762.018585 562.845659
v 859.708786 -7758.657837 565.60092
v 856.32267 -7762.018585 562.845659
v 867.008018 -7751.412964 562.845659
v 868.968868 -7749.474335 558.073473
v 859.708786 -7758.657837 565.60092
v 863.621235 -7754.773712 565.60092
v 867.008018 -7751.412964 562.845659
v 830.976009 -7787.119293 545.035791
v 827.064228 -7791.001129 545.035791
v 823.677826 -7794.361877 547.791004
v 834.363079 -7783.759308 547.791004
v 823.677826 -7794.361877 547.791004
v 821.723557 -7796.304321 552.563238
v 823.677826 -7794.361877 547.791004
v 834.363079 -7783.759308 547.791004
v 830.976009 -7787.119293 545.035791
v 836.318016 -7781.819916 552.563238
v 821.723557 -7796.304321 552.563238
v 821.723557 -7796.304321 558.073711
v 821.723557 -7796.304321 552.563238
v 836.318016 -7781.819916 552.563238
v 834.363079 -7783.759308 547.791004
v 836.318016 -7781.819916 558.073711
v 821.723557 -7796.304321 558.073711
v 823.677826 -7794.361877 562.84585
v 821.723557 -7796.304321 558.073711
v 836.318016 -7781.819916 558.073711
v 836.318016 -7781.819916 552.563238
v 834.363079 -7783.759308 562.84585
v 823.677826 -7794.361877 562.84585
v 827.064228 -7791.001129 565.601063
v 823.677826 -7794.361877 562.84585
v 834.363079 -7783.759308 562.84585
v 836.318016 -7781.819916 558.073711
v 827.064228 -7791.001129 565.601063
v 830.976009 -7787.119293 565.601063
v 834.363079 -7783.759308 562.84585
v 798.420954 -7819.376373 545.035791
v 794.510174 -7823.252106 545.035791
v 791.127062 -7826.618958 547.790956
v 801.811409 -7816.009521 547.790956
v 791.127062 -7826.618958 547.790956
v 789.167166 -7828.557587 552.563095
v 791.127062 -7826.618958 547.790956
v 801.811409 -7816.009521 547.790956
v 798.420954 -7819.376373 545.035791
v 803.763294 -7814.073944 552.563095
v 789.167166 -7828.557587 552.563095
v 789.167166 -7828.557587 558.073568
v 789.167166 -7828.557587 552.563095
v 803.763294 -7814.073944 552.563095
v 801.811409 -7816.009521 547.790956
v 803.763294 -7814.073944 558.073568
v 789.167166 -7828.557587 558.073568
v 791.127062 -7826.618958 562.84585
v 789.167166 -7828.557587 558.073568
v 803.763294 -7814.073944 558.073568
v 803.763294 -7814.073944 552.563095
v 801.811409 -7816.009521 562.84585
v 791.127062 -7826.618958 562.84585
v 794.510174 -7823.252106 565.601063
v 791.127062 -7826.618958 562.84585
v 801.811409 -7816.009521 562.84585
v 803.763294 -7814.073944 558.073568
v 794.510174 -7823.252106 565.601063
v 798.420954 -7819.376373 565.601063
v 801.811409 -7816.009521 562.84585
v 765.969563 -7851.528931 545.035744
v 762.055111 -7855.409241 545.035744
v 758.670664 -7858.770752 547.790909
v 769.356632 -7848.166656 547.790909
v 758.670664 -7858.770752 547.790909
v 756.71525 -7860.706329 552.563047
v 758.670664 -7858.770752 547.790909
v 769.356632 -7848.166656 547.790909
v 765.969563 -7851.528931 545.035744
v 771.312666 -7846.221924 552.563047
v 756.71525 -7860.706329 552.563047
v 756.71525 -7860.706329 558.073521
v 756.71525 -7860.706329 552.563047
v 771.312666 -7846.221924 552.563047
v 769.356632 -7848.166656 547.790909
v 771.312666 -7846.221924 558.073521
v 756.71525 -7860.706329 558.073521
v 758.670664 -7858.770752 562.845802
v 756.71525 -7860.706329 558.073521
v 771.312666 -7846.221924 558.073521
v 771.312666 -7846.221924 552.563047
v 769.356632 -7848.166656 562.845802
v 758.670664 -7858.770752 562.845802
v 762.055111 -7855.409241 565.601063
v 758.670664 -7858.770752 562.845802
v 769.356632 -7848.166656 562.845802
v 771.312666 -7846.221924 558.073521
v 762.055111 -7855.409241 565.601063
v 765.969563 -7851.528931 565.601063
v 769.356632 -7848.166656 562.845802
v 911.951828 -7745.826721 484.748602
v 915.865612 -7741.946411 484.748602
v 919.253063 -7738.584137 487.503767
v 919.253063 -7738.584137 487.503767
v 908.564091 -7749.188232 487.503767
v 911.951828 -7745.826721 484.748602
v 908.564091 -7749.188232 487.503767
v 919.253063 -7738.584137 487.503767
v 921.204281 -7736.642456 492.276001
v 921.204281 -7736.642456 492.276001
v 906.608009 -7751.132965 492.276001
v 908.564091 -7749.188232 487.503767
v 906.608009 -7751.132965 492.276001
v 921.204281 -7736.642456 492.276001
v 921.204281 -7736.642456 497.786474
v 921.204281 -7736.642456 497.786474
v 906.608009 -7751.132965 497.786474
v 906.608009 -7751.132965 492.276001
v 919.253063 -7738.584137 502.558613
v 908.564091 -7749.188232 502.558613
v 906.608009 -7751.132965 497.786474
v 906.608009 -7751.132965 497.786474
v 921.204281 -7736.642456 497.786474
v 919.253063 -7738.584137 502.558613
v 915.865612 -7741.946411 505.313873
v 911.951828 -7745.826721 505.313873
v 908.564091 -7749.188232 502.558613
v 908.564091 -7749.188232 502.558613
v 919.253063 -7738.584137 502.558613
v 915.865612 -7741.946411 505.313873
v 846.774292 -7810.403442 484.748793
v 850.68531 -7806.516266 484.748793
v 854.071045 -7803.155518 487.504053
v 854.071045 -7803.155518 487.504053
v 843.386841 -7813.764954 487.504053
v 846.774292 -7810.403442 484.748793
v 843.386841 -7813.764954 487.504053
v 854.071045 -7803.155518 487.504053
v 856.026745 -7801.218414 492.276239
v 856.026745 -7801.218414 492.276239
v 841.431713 -7815.703583 492.276239
v 843.386841 -7813.764954 487.504053
v 841.431713 -7815.703583 492.276239
v 856.026745 -7801.218414 492.276239
v 856.026745 -7801.218414 497.786713
v 856.026745 -7801.218414 497.786713
v 841.431713 -7815.703583 497.786713
v 841.431713 -7815.703583 492.276239
v 854.071045 -7803.155518 502.558851
v 843.386841 -7813.764954 502.558851
v 841.431713 -7815.703583 497.786713
v 841.431713 -7815.703583 497.786713
v 856.026745 -7801.218414 497.786713
v 854.071045 -7803.155518 502.558851
v 850.68531 -7806.516266 505.314112
v 846.774292 -7810.403442 505.314112
v 843.386841 -7813.764954 502.558851
v 843.386841 -7813.764954 502.558851
v 854.071045 -7803.155518 502.558851
v 850.68531 -7806.516266 505.314112
v 781.771374 -7874.806976 484.748697
v 785.677624 -7870.92514 484.748697
v 789.064884 -7867.565155 487.503958
v 789.064884 -7867.565155 487.503958
v 778.379393 -7878.167725 487.503958
v 781.771374 -7874.806976 484.748697
v 778.379393 -7878.167725 487.503958
v 789.064884 -7867.565155 487.503958
v 791.024351 -7865.620422 492.276096
v 791.024351 -7865.620422 492.276096
v 776.425552 -7880.11322 492.276096
v 778.379393 -7878.167725 487.503958
v 776.425552 -7880.11322 492.276096
v 791.024351 -7865.620422 492.276096
v 791.024351 -7865.620422 497.78657
v 791.024351 -7865.620422 497.78657
v 776.425552 -7880.11322 497.78657
v 776.425552 -7880.11322 492.276096
v 789.064884 -7867.565155 502.558756
v 778.379393 -7878.167725 502.558756
v 776.425552 -7880.11322 497.78657
v 776.425552 -7880.11322 497.78657
v 791.024351 -7865.620422 497.78657
v 789.064884 -7867.565155 502.558756
v 785.677576 -7870.92514 505.314016
v 781.771374 -7874.806976 505.314016
v 778.379393 -7878.167725 502.558756
v 778.379393 -7878.167725 502.558756
v 789.064884 -7867.565155 502.558756
v 785.677576 -7870.92514 505.314016
vt 2.415334 4.171934
vt 2.595305 4.171934
vt 2.751165 4.263338
vt 2.259473 4.263338
vt 2.751165 4.263338
vt 2.841151 4.421653
vt 2.751165 4.263338
vt 2.259473 4.263338
vt 2.415334 4.171934
vt 2.169487 4.421653
vt 2.841151 4.421653
vt 2.841151 4.60446
vt 2.841151 4.421653
vt 2.169487 4.421653
vt 2.259473 4.263338
vt 2.169487 4.60446
vt 2.841151 4.60446
vt 2.751165 4.762776
vt 2.841151 4.60446
vt 2.169487 4.60446
vt 2.169487 4.421653
vt 2.259473 4.762776
vt 2.751165 4.762776
vt 2.595305 4.85418
vt 2.751165 4.762776
vt 2.259473 4.762776
vt 2.169487 4.60446
vt 2.595305 4.85418
vt 2.415333 4.85418
vt 2.259473 4.762776
vt 2.415334 4.171934
vt 2.595305 4.171934
vt 2.751165 4.263338
vt 2.259473 4.263338
vt 2.751165 4.263338
vt 2.841151 4.421653
vt 2.751165 4.263338
vt 2.259473 4.263338
vt 2.415334 4.171934
vt 2.169487 4.421653
vt 2.841151 4.421653
vt 2.841151 4.60446
vt 2.841151 4.421653
vt 2.169487 4.421653
vt 2.259473 4.263338
vt 2.169487 4.60446
vt 2.841151 4.60446
vt 2.751165 4.762776
vt 2.841151 4.60446
vt 2.169487 4.60446
vt 2.169487 4.421653
vt 2.259473 4.762776
vt 2.751165 4.762776
vt 2.595305 4.85418
vt 2.751165 4.762776
vt 2.259473 4.762776
vt 2.169487 4.60446
vt 2.595305 4.85418
vt 2.415333 4.85418
vt 2.259473 4.762776
vt 2.415334 4.171934
vt 2.595305 4.171934
vt 2.751165 4.263338
vt 2.259473 4.263338
vt 2.751165 4.263338
vt 2.841151 4.421653
vt 2.751165 4.263338
vt 2.259473 4.263338
vt 2.415334 4.171934
vt 2.169487 4.421653
vt 2.841151 4.421653
vt 2.841151 4.60446
vt 2.841151 4.421653
vt 2.169487 4.421653
vt 2.259473 4.263338
vt 2.169487 4.60446
vt 2.841151 4.60446
vt 2.751165 4.762776
vt 2.841151 4.60446
vt 2.169487 4.60446
vt 2.169487 4.421653
vt 2.259473 4.762776
vt 2.751165 4.762776
vt 2.595305 4.85418
vt 2.751165 4.762776
vt 2.259473 4.762776
vt 2.169487 4.60446
vt 2.595305 4.85418
vt 2.415333 4.85418
vt 2.259473 4.762776
vt 2.415334 4.171934
vt 2.595305 4.171934
vt 2.751165 4.263338
vt 2.259473 4.263338
vt 2.751165 4.263338
vt 2.841151 4.421653
vt 2.751165 4.263338
vt 2.259473 4.263338
vt 2.415334 4.171934
vt 2.169487 4.421653
vt 2.841151 4.421653
vt 2.841151 4.60446
vt 2.841151 4.421653
vt 2.169487 4.421653
vt 2.259473 4.263338
vt 2.169487 4.60446
vt 2.841151 4.60446
vt 2.751165 4.762776
vt 2.841151 4.60446
vt 2.169487 4.60446
vt 2.169487 4.421653
vt 2.259473 4.762776
vt 2.751165 4.762776
vt 2.595305 4.85418
vt 2.751165 4.762776
vt 2.259473 4.762776
vt 2.169487 4.60446
vt 2.595305 4.85418
vt 2.415333 4.85418
vt 2.259473 4.762776
vt 2.415334 4.171934
vt 2.595305 4.171934
vt 2.751165 4.263338
vt 2.259473 4.263338
vt 2.751165 4.263338
vt 2.841151 4.421653
vt 2.751165 4.263338
vt 2.259473 4.263338
vt 2.415334 4.171934
vt 2.169487 4.421653
vt 2.841151 4.421653
vt 2.841151 4.60446
vt 2.841151 4.421653
vt 2.169487 4.421653
vt 2.259473 4.263338
vt 2.169487 4.60446
vt 2.841151 4.60446
vt 2.751165 4.762776
vt 2.841151 4.60446
vt 2.169487 4.60446
vt 2.169487 4.421653
vt 2.259473 4.762776
vt 2.751165 4.762776
vt 2.595305 4.85418
vt 2.751165 4.762776
vt 2.259473 4.762776
vt 2.169487 4.60446
vt 2.595305 4.85418
vt 2.415333 4.85418
vt 2.259473 4.762776
vt 2.415334 4.171934
vt 2.595305 4.171934
vt 2.751165 4.263338
vt 2.751165 4.263338
vt 2.259473 4.263338
vt 2.415334 4.171934
vt 2.259473 4.263338
vt 2.751165 4.263338
vt 2.841151 4.421653
vt 2.841151 4.421653
vt 2.169487 4.421653
vt 2.259473 4.263338
vt 2.169487 4.421653
vt 2.841151 4.421653
vt 2.841151 4.60446
vt 2.841151 4.60446
vt 2.169487 4.60446
vt 2.169487 4.421653
vt 2.751165 4.762776
vt 2.259473 4.762776
vt 2.169487 4.60446
vt 2.169487 4.60446
vt 2.841151 4.60446
vt 2.751165 4.762776
vt 2.595305 4.85418
vt 2.415333 4.85418
vt 2.259473 4.762776
vt 2.259473 4.762776
vt 2.751165 4.762776
vt 2.595305 4.85418
vt 2.415334 4.171934
vt 2.595305 4.171934
vt 2.751165 4.263338
vt 2.751165 4.263338
vt 2.259473 4.263338
vt 2.415334 4.171934
vt 2.259473 4.263338
vt 2.751165 4.263338
vt 2.841151 4.421653
vt 2.841151 4.421653
vt 2.169487 4.421653
vt 2.259473 4.263338
vt 2.169487 4.421653
vt 2.841151 4.421653
vt 2.841151 4.60446
vt 2.841151 4.60446
vt 2.169487 4.60446
vt 2.169487 4.421653
vt 2.751165 4.762776
vt 2.259473 4.762776
vt 2.169487 4.60446
vt 2.169487 4.60446
vt 2.841151 4.60446
vt 2.751165 4.762776
vt 2.595305 4.85418
vt 2.415333 4.85418
vt 2.259473 4.762776
vt 2.259473 4.762776
vt 2.751165 4.762776
vt 2.595305 4.85418
vt 2.415334 4.171934
vt 2.595305 4.171934
vt 2.751165 4.263338
vt 2.751165 4.263338
vt 2.259473 4.263338
vt 2.415334 4.171934
vt 2.259473 4.263338
vt 2.751165 4.263338
vt 2.841151 4.421653
vt 2.841151 4.421653
vt 2.169487 4.421653
vt 2.259473 4.263338
vt 2.169487 4.421653
vt 2.841151 4.421653
vt 2.841151 4.60446
vt 2.841151 4.60446
vt 2.169487 4.60446
vt 2.169487 4.421653
vt 2.751165 4.762776
vt 2.259473 4.762776
vt 2.169487 4.60446
vt 2.169487 4.60446
vt 2.841151 4.60446
vt 2.751165 4.762776
vt 2.595305 4.85418
vt 2.415333 4.85418
vt 2.259473 4.762776
vt 2.259473 4.762776
vt 2.751165 4.762776
vt 2.595305 4.85418
vn -0.704774 0.709431 -0.000671
vn -0.704774 0.709431 -0.000671
vn -0.704774 0.709431 -0.000671
vn -0.704391 0.709812 -0.000113
vn -0.704391 0.709812 -0.000113
vn -0.704391 0.709812 -0.000113
vn -0.704391 0.709811 0.001344
vn -0.704391 0.709811 0.001344
vn -0.704391 0.709811 0.001344
vn -0.704483 0.70972 0
vn -0.704483 0.70972 0
vn -0.704483 0.70972 0
vn -0.704483 0.70972 -0.000597
vn -0.704483 0.70972 -0.000597
vn -0.704483 0.70972 -0.000597
vn -0.704483 0.70972 0.000188
vn -0.704483 0.70972 0.000188
vn -0.704483 0.70972 0.000188
vn -0.704483 0.70972 0
vn -0.704483 0.70972 0
vn -0.704483 0.70972 0
vn -0.704391 0.709812 -0.000265
vn -0.704391 0.709812 -0.000265
vn -0.704391 0.709812 -0.000265
vn -0.704391 0.709812 0.000672
vn -0.704391 0.709812 0.000672
vn -0.704391 0.709812 0.000672
vn -0.704773 0.70943 -0.00228
vn -0.704773 0.70943 -0.00228
vn -0.704773 0.70943 -0.00228
vn -0.704557 0.709647 -0.000265
vn -0.704557 0.709647 -0.000265
vn -0.704557 0.709647 -0.000265
vn -0.704456 0.709748 0.000332
vn -0.704456 0.709748 0.000332
vn -0.704456 0.709748 0.000332
vn -0.704456 0.709748 0.000266
vn -0.704456 0.709748 0.000266
vn -0.704456 0.709748 0.000266
vn -0.704342 0.709861 0
vn -0.704342 0.709861 0
vn -0.704342 0.709861 0
vn -0.704341 0.709861 0.000934
vn -0.704341 0.709861 0.000934
vn -0.704341 0.709861 0.000934
vn -0.704341 0.709861 -0.000425
vn -0.704341 0.709861 -0.000425
vn -0.704341 0.709861 -0.000425
vn -0.704342 0.709861 0
vn -0.704342 0.709861 0
vn -0.704342 0.709861 0
vn -0.704456 0.709748 0.000018
vn -0.704456 0.709748 0.000018
vn -0.704456 0.709748 0.000018
vn -0.704456 0.709747 -0.001027
vn -0.704456 0.709747 -0.001027
vn -0.704456 0.709747 -0.001027
vn -0.704557 0.709647 -0.000513
vn -0.704557 0.709647 -0.000513
vn -0.704557 0.709647 -0.000513
vn -0.70438 0.709823 0.000043
vn -0.70438 0.709823 0.000043
vn -0.70438 0.709823 0.000043
vn -0.704359 0.709844 0.000482
vn -0.704359 0.709844 0.000482
vn -0.704359 0.709844 0.000482
vn -0.704359 0.709844 0.000153
vn -0.704359 0.709844 0.000153
vn -0.704359 0.709844 0.000153
vn -0.704423 0.70978 0
vn -0.704423 0.70978 0
vn -0.704423 0.70978 0
vn -0.704423 0.70978 0.000144
vn -0.704423 0.70978 0.000144
vn -0.704423 0.70978 0.000144
vn -0.704423 0.70978 -0.00043
vn -0.704423 0.70978 -0.00043
vn -0.704423 0.70978 -0.00043
vn -0.704423 0.70978 0
vn -0.704423 0.70978 0
vn -0.704423 0.70978 0
vn -0.704359 0.709844 -0.000094
vn -0.704359 0.709844 -0.000094
vn -0.704359 0.709844 -0.000094
vn -0.704359 0.709844 -0.000092
vn -0.704359 0.709844 -0.000092
vn -0.704359 0.709844 -0.000092
vn -0.70438 0.709823 -0.000205
vn -0.70438 0.709823 -0.000205
vn -0.70438 0.709823 -0.000205
vn -0.703977 0.710215 0.003375
vn -0.703977 0.710214 0.003375
vn -0.703977 0.710215 0.003375
vn -0.704601 0.709603 -0.001146
vn -0.704601 0.709603 -0.001146
vn -0.704601 0.709603 -0.001146
vn -0.704601 0.709603 0.000117
vn -0.704601 0.709603 0.000117
vn -0.704601 0.709604 0.000117
vn -0.704364 0.709839 0
vn -0.704364 0.709839 0
vn -0.704364 0.709839 0
vn -0.704364 0.709839 0.000099
vn -0.704364 0.709839 0.000099
vn -0.704364 0.709839 0.000099
vn -0.704364 0.709838 0.000953
vn -0.704364 0.709838 0.000953
vn -0.704364 0.709838 0.000953
vn -0.704364 0.709839 0
vn -0.704364 0.709839 0
vn -0.704364 0.709839 0
vn -0.7046 0.709602 -0.001862
vn -0.7046 0.709602 -0.001862
vn -0.7046 0.709602 -0.001862
vn -0.704601 0.709603 -0.000292
vn -0.704601 0.709603 -0.000292
vn -0.704601 0.709603 -0.000292
vn -0.703981 0.710218 0.001397
vn -0.703981 0.710218 0.001397
vn -0.703981 0.710218 0.001397
vn -0.704027 0.710171 0.001644
vn -0.704027 0.710171 0.001644
vn -0.704027 0.710171 0.001644
vn -0.704375 0.709828 -0.00068
vn -0.704375 0.709828 -0.00068
vn -0.704375 0.709828 -0.00068
vn -0.704375 0.709828 -0.00018
vn -0.704375 0.709828 -0.00018
vn -0.704375 0.709828 -0.00018
vn -0.704353 0.70985 0
vn -0.704353 0.70985 0
vn -0.704353 0.70985 0
vn -0.704353 0.70985 -0.000562
vn -0.704353 0.70985 -0.000562
vn -0.704353 0.70985 -0.000562
vn -0.704353 0.70985 0.000661
vn -0.704353 0.70985 0.000661
vn -0.704353 0.70985 0.000661
vn -0.704353 0.70985 0
vn -0.704353 0.70985 0
vn -0.704353 0.70985 0
vn -0.704375 0.709828 -0.000798
vn -0.704375 0.709828 -0.000798
vn -0.704375 0.709828 -0.000798
vn -0.704375 0.709828 0.000543
vn -0.704375 0.709828 0.000543
vn -0.704375 0.709828 0.000543
vn -0.704028 0.710172 0.001026
vn -0.704028 0.710172 0.001026
vn -0.704028 0.710172 0.001026
vn 0.704116 -0.710085 0.000689
vn 0.704116 -0.710085 0.000689
vn 0.704116 -0.710085 0.000689
vn 0.704279 -0.709923 -0.000167
vn 0.704279 -0.709923 -0.000167
vn 0.704279 -0.709923 -0.000167
vn 0.704279 -0.709923 0.000976
vn 0.704279 -0.709923 0.000976
vn 0.704279 -0.709923 0.000976
vn 0.704542 -0.709662 -0.000407
vn 0.704542 -0.709662 -0.000407
vn 0.704542 -0.709662 -0.000407
vn 0.704542 -0.709662 0
vn 0.704542 -0.709662 0
vn 0.704542 -0.709662 0
vn 0.704542 -0.709662 0
vn 0.704542 -0.709662 0
vn 0.704542 -0.709662 0
vn 0.704279 -0.709923 0.000622
vn 0.704279 -0.709923 0.000622
vn 0.704279 -0.709923 0.000622
vn 0.704542 -0.709662 -0.000762
vn 0.704542 -0.709662 -0.000762
vn 0.704542 -0.709662 -0.000762
vn 0.704116 -0.710085 0.000565
vn 0.704116 -0.710085 0.000565
vn 0.704116 -0.710085 0.000565
vn 0.704279 -0.709923 -0.000291
vn 0.704279 -0.709923 -0.000291
vn 0.704279 -0.709923 -0.000291
vn 0.704909 -0.709297 -0.001
vn 0.704909 -0.709297 -0.001
vn 0.704909 -0.709297 -0.001
vn 0.704617 -0.709587 0.000535
vn 0.704617 -0.709587 0.000535
vn 0.704617 -0.709587 0.000535
vn 0.704617 -0.709587 -0.000732
vn 0.704617 -0.709587 -0.000732
vn 0.704617 -0.709587 -0.000732
vn 0.704435 -0.709768 0.000226
vn 0.704435 -0.709768 0.000226
vn 0.704435 -0.709768 0.000226
vn 0.704435 -0.709768 0
vn 0.704435 -0.709768 0
vn 0.704435 -0.709768 0
vn 0.704435 -0.709768 0
vn 0.704435 -0.709768 0
vn 0.704435 -0.709768 0
vn 0.704617 -0.709587 -0.000373
vn 0.704617 -0.709587 -0.000373
vn 0.704617 -0.709587 -0.000373
vn 0.704435 -0.709768 0.000584
vn 0.704435 -0.709768 0.000584
vn 0.704435 -0.709768 0.000584
vn 0.704908 -0.709297 -0.001247
vn 0.704908 -0.709297 -0.001247
vn 0.704908 -0.709297 -0.001247
vn 0.704617 -0.709587 0.000289
vn 0.704617 -0.709587 0.000289
vn 0.704617 -0.709587 0.000289
vn 0.704862 -0.709343 -0.001507
vn 0.704862 -0.709343 -0.001507
vn 0.704862 -0.709343 -0.001507
vn 0.704342 -0.709859 0.001226
vn 0.704342 -0.709859 0.001226
vn 0.704342 -0.709859 0.001226
vn 0.704343 -0.70986 0.00007
vn 0.704343 -0.70986 0.00007
vn 0.704343 -0.70986 0.00007
vn 0.70453 -0.709673 -0.000917
vn 0.70453 -0.709673 -0.000917
vn 0.70453 -0.709673 -0.000917
vn 0.70453 -0.709674 0
vn 0.70453 -0.709674 0
vn 0.70453 -0.709674 0
vn 0.70453 -0.709674 0
vn 0.70453 -0.709674 0
vn 0.70453 -0.709674 0
vn 0.704342 -0.70986 0.00107
vn 0.704342 -0.70986 0.00107
vn 0.704342 -0.70986 0.00107
vn 0.70453 -0.709674 0.000083
vn 0.70453 -0.709674 0.000083
vn 0.70453 -0.709674 0.000083
vn 0.70486 -0.709342 -0.002495
vn 0.70486 -0.709342 -0.002495
vn 0.70486 -0.709342 -0.002495
vn 0.704343 -0.70986 0.000238
vn 0.704343 -0.70986 0.000238
vn 0.704343 -0.70986 0.000238
f 536/536/536 537/537/537 535/535/535
f 539/539/539 540/540/540 538/538/538
f 542/542/542 543/543/543 541/541/541
f 545/545/545 546/546/546 544/544/544
f 548/548/548 549/549/549 547/547/547
f 551/551/551 552/552/552 550/550/550
f 554/554/554 555/555/555 553/553/553
f 557/557/557 558/558/558 556/556/556
f 560/560/560 561/561/561 559/559/559
f 563/563/563 564/564/564 562/562/562
f 566/566/566 567/567/567 565/565/565
f 569/569/569 570/570/570 568/568/568
f 572/572/572 573/573/573 571/571/571
f 575/575/575 576/576/576 574/574/574
f 578/578/578 579/579/579 577/577/577
f 581/581/581 582/582/582 580/580/580
f 584/584/584 585/585/585 583/583/583
f 587/587/587 588/588/588 586/586/586
f 590/590/590 591/591/591 589/589/589
f 593/593/593 594/594/594 592/592/592
f 596/596/596 597/597/597 595/595/595
f 599/599/599 600/600/600 598/598/598
f 602/602/602 603/603/603 601/601/601
f 605/605/605 606/606/606 604/604/604
f 608/608/608 609/609/609 607/607/607
f 611/611/611 612/612/612 610/610/610
f 614/614/614 615/615/615 613/613/613
f 617/617/617 618/618/618 616/616/616
f 620/620/620 621/621/621 619/619/619
f 623/623/623 624/624/624 622/622/622
f 626/626/626 627/627/627 625/625/625
f 629/629/629 630/630/630 628/628/628
f 632/632/632 633/633/633 631/631/631
f 635/635/635 636/636/636 634/634/634
f 638/638/638 639/639/639 637/637/637
f 641/641/641 642/642/642 640/640/640
f 644/644/644 645/645/645 643/643/643
f 647/647/647 648/648/648 646/646/646
f 650/650/650 651/651/651 649/649/649
f 653/653/653 654/654/654 652/652/652
f 656/656/656 657/657/657 655/655/655
f 659/659/659 660/660/660 658/658/658
f 662/662/662 663/663/663 661/661/661
f 665/665/665 666/666/666 664/664/664
f 668/668/668 669/669/669 667/667/667
f 671/671/671 672/672/672 670/670/670
f 674/674/674 675/675/675 673/673/673
f 677/677/677 678/678/678 676/676/676
f 680/680/680 681/681/681 679/679/679
f 683/683/683 684/684/684 682/682/682
f 686/686/686 687/687/687 685/685/685
f 689/689/689 690/690/690 688/688/688
f 692/692/692 693/693/693 691/691/691
f 695/695/695 696/696/696 694/694/694
f 698/698/698 699/699/699 697/697/697
f 701/701/701 702/702/702 700/700/700
f 704/704/704 705/705/705 703/703/703
f 707/707/707 708/708/708 706/706/706
f 710/710/710 711/711/711 709/709/709
f 713/713/713 714/714/714 712/712/712
f 716/716/716 717/717/717 715/715/715
f 719/719/719 720/720/720 718/718/718
f 722/722/722 723/723/723 721/721/721
f 725/725/725 726/726/726 724/724/724
f 728/728/728 729/729/729 727/727/727
f 731/731/731 732/732/732 730/730/730
f 734/734/734 735/735/735 733/733/733
f 737/737/737 738/738/738 736/736/736
f 740/740/740 741/741/741 739/739/739
f 743/743/743 744/744/744 742/742/742
f 746/746/746 747/747/747 745/745/745
f 749/749/749 750/750/750 748/748/748
f 752/752/752 753/753/753 751/751/751
f 755/755/755 756/756/756 754/754/754
f 758/758/758 759/759/759 757/757/757
f 761/761/761 762/762/762 760/760/760
f 764/764/764 765/765/765 763/763/763
f 767/767/767 768/768/768 766/766/766
f 770/770/770 771/771/771 769/769/769
f 773/773/773 774/774/774 772/772/772
o KS_START_LIGHT_1_6
usemtl material_0
v 863.621902 -7754.776001 454.605246
v 859.71508 -7758.657074 454.605246
v 856.328297 -7762.018585 457.360458
v 867.013931 -7751.41449 457.360458
v 856.328297 -7762.018585 457.360458
v 854.368591 -7763.963318 462.132692
v 856.328297 -7762.018585 457.360458
v 867.013931 -7751.41449 457.360458
v 863.621902 -7754.776001 454.605246
v 868.968296 -7749.47052 462.132692
v 854.368591 -7763.963318 462.132692
v 854.368591 -7763.963318 467.643166
v 854.368591 -7763.963318 462.132692
v 868.968296 -7749.47052 462.132692
v 867.013931 -7751.41449 457.360458
v 868.968296 -7749.47052 467.643166
v 854.368591 -7763.963318 467.643166
v 856.328297 -7762.018585 472.415304
v 854.368591 -7763.963318 467.643166
v 868.968296 -7749.47052 467.643166
v 868.968296 -7749.47052 462.132692
v 867.013931 -7751.41449 472.415304
v 856.328297 -7762.018585 472.415304
v 859.71508 -7758.657074 475.170517
v 856.328297 -7762.018585 472.415304
v 867.013931 -7751.41449 472.415304
v 868.968296 -7749.47052 467.643166
v 859.71508 -7758.657074 475.170517
v 863.621902 -7754.776001 475.170517
v 867.013931 -7751.41449 472.415304
v 863.621902 -7754.776001 484.748745
v 859.71508 -7758.657074 484.748745
v 856.328297 -7762.018585 487.503958
v 867.013931 -7751.41449 487.503958
v 856.328297 -7762.018585 487.503958
v 854.368591 -7763.963318 492.276192
v 856.328297 -7762.018585 487.503958
v 867.013931 -7751.41449 487.503958
v 863.621902 -7754.776001 484.748745
v 868.968296 -7749.47052 492.276192
v 854.368591 -7763.963318 492.276192
v 854.368591 -7763.963318 497.786665
v 854.368591 -7763.963318 492.276192
v 868.968296 -7749.47052 492.276192
v 867.013931 -7751.41449 487.503958
v 868.968296 -7749.47052 497.786665
v 854.368591 -7763.963318 497.786665
v 856.328297 -7762.018585 502.558804
v 854.368591 -7763.963318 497.786665
v 868.968296 -7749.47052 497.786665
v 868.968296 -7749.47052 492.276192
v 867.013931 -7751.41449 502.558804
v 856.328297 -7762.018585 502.558804
v 859.71508 -7758.657074 505.314016
v 856.328297 -7762.018585 502.558804
v 867.013931 -7751.41449 502.558804
v 868.968296 -7749.47052 497.786665
v 859.71508 -7758.657074 505.314016
v 863.621902 -7754.776001 505.314016
v 867.013931 -7751.41449 502.558804
v 879.424572 -7778.052521 454.605246
v 883.338737 -7774.171448 454.605246
v 886.725807 -7770.809937 457.360458
v 886.725807 -7770.809937 457.360458
v 876.037121 -7781.414032 457.360458
v 879.424572 -7778.052521 454.605246
v 876.037121 -7781.414032 457.360458
v 886.725807 -7770.809937 457.360458
v 888.677025 -7768.867493 462.132692
v 888.677025 -7768.867493 462.132692
v 874.080849 -7783.358765 462.132692
v 876.037121 -7781.414032 457.360458
v 874.080849 -7783.358765 462.132692
v 888.677025 -7768.867493 462.132692
v 888.677025 -7768.867493 467.643166
v 888.677025 -7768.867493 467.643166
v 874.080849 -7783.358765 467.643166
v 874.080849 -7783.358765 462.132692
v 886.725807 -7770.809937 472.415304
v 876.037121 -7781.414032 472.415304
v 874.080849 -7783.358765 467.643166
v 874.080849 -7783.358765 467.643166
v 888.677025 -7768.867493 467.643166
v 886.725807 -7770.809937 472.415304
v 883.338737 -7774.171448 475.170517
v 879.424572 -7778.052521 475.170517
v 876.037121 -7781.414032 472.415304
v 876.037121 -7781.414032 472.415304
v 886.725807 -7770.809937 472.415304
v 883.338737 -7774.171448 475.170517
v 1308.209038 -7178.792572 392.117453
v 1304.302406 -7182.673645 392.117453
v 1300.915527 -7186.035156 394.872713
v 1311.600971 -7175.431061 394.872713
v 1300.915527 -7186.035156 394.872713
v 1298.955917 -7187.979889 399.644899
v 1300.915527 -7186.035156 394.872713
v 1311.600971 -7175.431061 394.872713
v 1308.209038 -7178.792572 392.117453
v 1313.555241 -7173.487091 399.644899
v 1298.955917 -7187.979889 399.644899
v 1298.955917 -7187.979889 405.155373
v 1298.955917 -7187.979889 399.644899
v 1313.555241 -7173.487091 399.644899
v 1311.600971 -7175.431061 394.872713
v 1313.555241 -7173.487091 405.155373
v 1298.955917 -7187.979889 405.155373
v 1300.915527 -7186.035156 409.927511
v 1298.955917 -7187.979889 405.155373
v 1313.555241 -7173.487091 405.155373
v 1313.555241 -7173.487091 399.644899
v 1311.600971 -7175.431061 409.927511
v 1300.915527 -7186.035156 409.927511
v 1304.302406 -7182.673645 412.682724
v 1300.915527 -7186.035156 409.927511
v 1311.600971 -7175.431061 409.927511
v 1313.555241 -7173.487091 405.155373
v 1304.302406 -7182.673645 412.682724
v 1308.209038 -7178.792572 412.682724
v 1311.600971 -7175.431061 409.927511
v -7287.114716 1395.912933 391.786408
v -7291.021729 1392.031097 391.786408
v -7294.409943 1388.669586 394.541645
v -7283.724213 1399.275208 394.541645
v -7294.409943 1388.669586 394.541645
v -7296.368408 1386.725616 399.313879
v -7294.409943 1388.669586 394.541645
v -7283.724213 1399.275208 394.541645
v -7287.114716 1395.912933 391.786408
v -7281.769562 1401.218414 399.313879
v -7296.368408 1386.725616 399.313879
v -7296.368408 1386.725616 404.824352
v -7296.368408 1386.725616 399.313879
v -7281.769562 1401.218414 399.313879
v -7283.724213 1399.275208 394.541645
v -7281.769562 1401.218414 404.824352
v -7296.368408 1386.725616 404.824352
v -7294.409943 1388.669586 409.596491
v -7296.368408 1386.725616 404.824352
v -7281.769562 1401.218414 404.824352
v -7281.769562 1401.218414 399.313879
v -7283.724213 1399.275208 409.596491
v -7294.409943 1388.669586 409.596491
v -7291.021729 1392.031097 412.351751
v -7294.409943 1388.669586 409.596491
v -7283.724213 1399.275208 409.596491
v -7281.769562 1401.218414 404.824352
v -7291.021729 1392.031097 412.351751
v -7287.114716 1395.912933 412.351751
v -7283.724213 1399.275208 409.596491
vt 2.415334 4.171934
vt 2.595305 4.171934
vt 2.751165 4.263338
vt 2.259473 4.263338
vt 2.751165 4.263338
vt 2.841151 4.421653
vt 2.751165 4.263338
vt 2.259473 4.263338
vt 2.415334 4.171934
vt 2.169487 4.421653
vt 2.841151 4.421653
vt 2.841151 4.60446
vt 2.841151 4.421653
vt 2.169487 4.421653
vt 2.259473 4.263338
vt 2.169487 4.60446
vt 2.841151 4.60446
vt 2.751165 4.762776
vt 2.841151 4.60446
vt 2.169487 4.60446
vt 2.169487 4.421653
vt 2.259473 4.762776
vt 2.751165 4.762776
vt 2.595305 4.85418
vt 2.751165 4.762776
vt 2.259473 4.762776
vt 2.169487 4.60446
vt 2.595305 4.85418
vt 2.415333 4.85418
vt 2.259473 4.762776
vt 2.415334 4.171934
vt 2.595305 4.171934
vt 2.751165 4.263338
vt 2.259473 4.263338
vt 2.751165 4.263338
vt 2.841151 4.421653
vt 2.751165 4.263338
vt 2.259473 4.263338
vt 2.415334 4.171934
vt 2.169487 4.421653
vt 2.841151 4.421653
vt 2.841151 4.60446
vt 2.841151 4.421653
vt 2.169487 4.421653
vt 2.259473 4.263338
vt 2.169487 4.60446
vt 2.841151 4.60446
vt 2.751165 4.762776
vt 2.841151 4.60446
vt 2.169487 4.60446
vt 2.169487 4.421653
vt 2.259473 4.762776
vt 2.751165 4.762776
vt 2.595305 4.85418
vt 2.751165 4.762776
vt 2.259473 4.762776
vt 2.169487 4.60446
vt 2.595305 4.85418
vt 2.415333 4.85418
vt 2.259473 4.762776
vt 2.415334 4.171934
vt 2.595305 4.171934
vt 2.751165 4.263338
vt 2.751165 4.263338
vt 2.259473 4.263338
vt 2.415334 4.171934
vt 2.259473 4.263338
vt 2.751165 4.263338
vt 2.841151 4.421653
vt 2.841151 4.421653
vt 2.169487 4.421653
vt 2.259473 4.263338
vt 2.169487 4.421653
vt 2.841151 4.421653
vt 2.841151 4.60446
vt 2.841151 4.60446
vt 2.169487 4.60446
vt 2.169487 4.421653
vt 2.751165 4.762776
vt 2.259473 4.762776
vt 2.169487 4.60446
vt 2.169487 4.60446
vt 2.841151 4.60446
vt 2.751165 4.762776
vt 2.595305 4.85418
vt 2.415333 4.85418
vt 2.259473 4.762776
vt 2.259473 4.762776
vt 2.751165 4.762776
vt 2.595305 4.85418
vt 2.415334 4.171934
vt 2.595305 4.171934
vt 2.751165 4.263338
vt 2.259473 4.263338
vt 2.751165 4.263338
vt 2.841151 4.421653
vt 2.751165 4.263338
vt 2.259473 4.263338
vt 2.415334 4.171934
vt 2.169487 4.421653
vt 2.841151 4.421653
vt 2.841151 4.60446
vt 2.841151 4.421653
vt 2.169487 4.421653
vt 2.259473 4.263338
vt 2.169487 4.60446
vt 2.841151 4.60446
vt 2.751165 4.762776
vt 2.841151 4.60446
vt 2.169487 4.60446
vt 2.169487 4.421653
vt 2.259473 4.762776
vt 2.751165 4.762776
vt 2.595305 4.85418
vt 2.751165 4.762776
vt 2.259473 4.762776
vt 2.169487 4.60446
vt 2.595305 4.85418
vt 2.415333 4.85418
vt 2.259473 4.762776
vt 2.415334 4.171934
vt 2.595305 4.171934
vt 2.751165 4.263338
vt 2.259473 4.263338
vt 2.751165 4.263338
vt 2.841151 4.421653
vt 2.751165 4.263338
vt 2.259473 4.263338
vt 2.415334 4.171934
vt 2.169487 4.421653
vt 2.841151 4.421653
vt 2.841151 4.60446
vt 2.841151 4.421653
vt 2.169487 4.421653
vt 2.259473 4.263338
vt 2.169487 4.60446
vt 2.841151 4.60446
vt 2.751165 4.762776
vt 2.841151 4.60446
vt 2.169487 4.60446
vt 2.169487 4.421653
vt 2.259473 4.762776
vt 2.751165 4.762776
vt 2.595305 4.85418
vt 2.751165 4.762776
vt 2.259473 4.762776
vt 2.169487 4.60446
vt 2.595305 4.85418
vt 2.415333 4.85418
vt 2.259473 4.762776
vn -0.704774 0.709431 -0.000671
vn -0.704774 0.709431 -0.000671
vn -0.704774 0.709431 -0.000671
vn -0.704391 0.709812 -0.000041
vn -0.704391 0.709812 -0.000041
vn -0.704391 0.709812 -0.000041
vn -0.704391 0.709811 0.001344
vn -0.704391 0.709811 0.001344
vn -0.704391 0.709811 0.001344
vn -0.704495 0.709709 0
vn -0.704495 0.709709 0
vn -0.704495 0.709709 0
vn -0.704495 0.709709 -0.000588
vn -0.704495 0.709709 -0.000588
vn -0.704495 0.709709 -0.000588
vn -0.704495 0.709709 0.000126
vn -0.704495 0.709709 0.000126
vn -0.704495 0.709709 0.000126
vn -0.704495 0.709709 0
vn -0.704495 0.709709 0
vn -0.704495 0.709709 0
vn -0.704391 0.709812 -0.000265
vn -0.704391 0.709812 -0.000265
vn -0.704391 0.709812 -0.000265
vn -0.704391 0.709812 0.000672
vn -0.704391 0.709812 0.000672
vn -0.704391 0.709812 0.000672
vn -0.704773 0.70943 -0.00228
vn -0.704773 0.70943 -0.00228
vn -0.704773 0.70943 -0.00228
vn -0.704774 0.709431 -0.000671
vn -0.704774 0.709431 -0.000671
vn -0.704774 0.709431 -0.000671
vn -0.704391 0.709812 -0.000041
vn -0.704391 0.709812 -0.000041
vn -0.704391 0.709812 -0.000041
vn -0.704391 0.709811 0.001344
vn -0.704391 0.709811 0.001344
vn -0.704391 0.709811 0.001344
vn -0.704495 0.709709 0
vn -0.704495 0.709709 0
vn -0.704495 0.709709 0
vn -0.704495 0.709709 -0.000588
vn -0.704495 0.709709 -0.000588
vn -0.704495 0.709709 -0.000588
vn -0.704495 0.709709 0.000126
vn -0.704495 0.709709 0.000126
vn -0.704495 0.709709 0.000126
vn -0.704495 0.709709 0
vn -0.704495 0.709709 0
vn -0.704495 0.709709 0
vn -0.704391 0.709812 -0.000265
vn -0.704391 0.709812 -0.000265
vn -0.704391 0.709812 -0.000265
vn -0.704391 0.709812 0.000672
vn -0.704391 0.709812 0.000672
vn -0.704391 0.709812 0.000672
vn -0.704773 0.70943 -0.00228
vn -0.704773 0.70943 -0.00228
vn -0.704773 0.70943 -0.00228
vn 0.704072 -0.710128 0.000919
vn 0.704072 -0.710128 0.000919
vn 0.704072 -0.710128 0.000919
vn 0.704295 -0.709907 -0.000252
vn 0.704295 -0.709907 -0.000252
vn 0.704295 -0.709907 -0.000252
vn 0.704295 -0.709907 0.000963
vn 0.704295 -0.709907 0.000963
vn 0.704295 -0.709907 0.000963
vn 0.704542 -0.709662 -0.000335
vn 0.704542 -0.709662 -0.000335
vn 0.704542 -0.709662 -0.000335
vn 0.704542 -0.709662 0
vn 0.704542 -0.709662 0
vn 0.704542 -0.709662 0
vn 0.704542 -0.709662 0
vn 0.704542 -0.709662 0
vn 0.704542 -0.709662 0
vn 0.704295 -0.709907 0.000537
vn 0.704295 -0.709907 0.000537
vn 0.704295 -0.709907 0.000537
vn 0.704542 -0.709662 -0.000762
vn 0.704542 -0.709662 -0.000762
vn 0.704542 -0.709662 -0.000762
vn 0.704072 -0.710128 0.000796
vn 0.704072 -0.710128 0.000796
vn 0.704072 -0.710128 0.000796
vn 0.704295 -0.709907 -0.000376
vn 0.704295 -0.709907 -0.000376
vn 0.704295 -0.709907 -0.000376
vn -0.704818 0.709387 -0.000903
vn -0.704818 0.709387 -0.000903
vn -0.704818 0.709387 -0.000903
vn -0.704407 0.709796 -0.000055
vn -0.704407 0.709796 -0.000055
vn -0.704407 0.709796 -0.000055
vn -0.704407 0.709795 0.001259
vn -0.704407 0.709795 0.001259
vn -0.704407 0.709795 0.001259
vn -0.704507 0.709697 0
vn -0.704507 0.709697 0
vn -0.704507 0.709697 0
vn -0.704507 0.709697 -0.000578
vn -0.704507 0.709697 -0.000578
vn -0.704507 0.709697 -0.000578
vn -0.704507 0.709697 0.000135
vn -0.704507 0.709697 0.000135
vn -0.704507 0.709697 0.000135
vn -0.704507 0.709697 0
vn -0.704507 0.709697 0
vn -0.704507 0.709697 0
vn -0.704407 0.709796 -0.000101
vn -0.704407 0.709796 -0.000101
vn -0.704407 0.709796 -0.000101
vn -0.704407 0.709796 0.000659
vn -0.704407 0.709796 0.000659
vn -0.704407 0.709796 0.000659
vn -0.704817 0.709386 -0.002264
vn -0.704817 0.709386 -0.002264
vn -0.704817 0.709386 -0.002264
vn -0.704775 0.709431 -0.000795
vn -0.704775 0.709431 -0.000795
vn -0.704775 0.709431 -0.000795
vn -0.70444 0.709764 -0.00001
vn -0.70444 0.709764 -0.00001
vn -0.70444 0.709764 -0.00001
vn -0.70444 0.709763 0.000966
vn -0.70444 0.709763 0.000966
vn -0.70444 0.709763 0.000966
vn -0.70453 0.709674 0
vn -0.70453 0.709674 0
vn -0.70453 0.709674 0
vn -0.70453 0.709674 -0.000487
vn -0.70453 0.709674 -0.000487
vn -0.70453 0.709674 -0.000487
vn -0.70453 0.709674 0.000084
vn -0.70453 0.709674 0.000084
vn -0.70453 0.709674 0.000084
vn -0.70453 0.709674 0
vn -0.70453 0.709674 0
vn -0.70453 0.709674 0
vn -0.70444 0.709764 -0.000023
vn -0.70444 0.709764 -0.000023
vn -0.70444 0.709764 -0.000023
vn -0.70444 0.709764 0.00056
vn -0.70444 0.709764 0.00056
vn -0.70444 0.709764 0.00056
vn -0.704774 0.70943 -0.001784
vn -0.704774 0.70943 -0.001784
vn -0.704774 0.70943 -0.001784
f 776/776/776 777/777/777 775/775/775
f 779/779/779 780/780/780 778/778/778
f 782/782/782 783/783/783 781/781/781
f 785/785/785 786/786/786 784/784/784
f 788/788/788 789/789/789 787/787/787
f 791/791/791 792/792/792 790/790/790
f 794/794/794 795/795/795 793/793/793
f 797/797/797 798/798/798 796/796/796
f 800/800/800 801/801/801 799/799/799
f 803/803/803 804/804/804 802/802/802
f 806/806/806 807/807/807 805/805/805
f 809/809/809 810/810/810 808/808/808
f 812/812/812 813/813/813 811/811/811
f 815/815/815 816/816/816 814/814/814
f 818/818/818 819/819/819 817/817/817
f 821/821/821 822/822/822 820/820/820
f 824/824/824 825/825/825 823/823/823
f 827/827/827 828/828/828 826/826/826
f 830/830/830 831/831/831 829/829/829
f 833/833/833 834/834/834 832/832/832
f 836/836/836 837/837/837 835/835/835
f 839/839/839 840/840/840 838/838/838
f 842/842/842 843/843/843 841/841/841
f 845/845/845 846/846/846 844/844/844
f 848/848/848 849/849/849 847/847/847
f 851/851/851 852/852/852 850/850/850
f 854/854/854 855/855/855 853/853/853
f 857/857/857 858/858/858 856/856/856
f 860/860/860 861/861/861 859/859/859
f 863/863/863 864/864/864 862/862/862
f 866/866/866 867/867/867 865/865/865
f 869/869/869 870/870/870 868/868/868
f 872/872/872 873/873/873 871/871/871
f 875/875/875 876/876/876 874/874/874
f 878/878/878 879/879/879 877/877/877
f 881/881/881 882/882/882 880/880/880
f 884/884/884 885/885/885 883/883/883
f 887/887/887 888/888/888 886/886/886
f 890/890/890 891/891/891 889/889/889
f 893/893/893 894/894/894 892/892/892
f 896/896/896 897/897/897 895/895/895
f 899/899/899 900/900/900 898/898/898
f 902/902/902 903/903/903 901/901/901
f 905/905/905 906/906/906 904/904/904
f 908/908/908 909/909/909 907/907/907
f 911/911/911 912/912/912 910/910/910
f 914/914/914 915/915/915 913/913/913
f 917/917/917 918/918/918 916/916/916
f 920/920/920 921/921/921 919/919/919
f 923/923/923 924/924/924 922/922/922
o KS_START_LIGHT_2_7
usemtl material_0
v 830.975342 -7787.121582 454.605246
v 827.06852 -7791.002655 454.605246
v 823.681736 -7794.364166 457.360458
v 834.367371 -7783.760071 457.360458
v 823.681736 -7794.364166 457.360458
v 821.722031 -7796.308899 462.132692
v 823.681736 -7794.364166 457.360458
v 834.367371 -7783.760071 457.360458
v 830.975342 -7787.121582 454.605246
v 836.321735 -7781.816101 462.132692
v 821.722031 -7796.308899 462.132692
v 821.722031 -7796.308899 467.643166
v 821.722031 -7796.308899 462.132692
v 836.321735 -7781.816101 462.132692
v 834.367371 -7783.760071 457.360458
v 836.321735 -7781.816101 467.643166
v 821.722031 -7796.308899 467.643166
v 823.681736 -7794.364166 472.415304
v 821.722031 -7796.308899 467.643166
v 836.321735 -7781.816101 467.643166
v 836.321735 -7781.816101 462.132692
v 834.367371 -7783.760071 472.415304
v 823.681736 -7794.364166 472.415304
v 827.06852 -7791.002655 475.170517
v 823.681736 -7794.364166 472.415304
v 834.367371 -7783.760071 472.415304
v 836.321735 -7781.816101 467.643166
v 827.06852 -7791.002655 475.170517
v 830.975342 -7787.121582 475.170517
v 834.367371 -7783.760071 472.415304
v 830.975342 -7787.121582 484.748745
v 827.06852 -7791.002655 484.748745
v 823.681736 -7794.364166 487.503958
v 834.367371 -7783.760071 487.503958
v 823.681736 -7794.364166 487.503958
v 821.722031 -7796.308899 492.276192
v 823.681736 -7794.364166 487.503958
v 834.367371 -7783.760071 487.503958
v 830.975342 -7787.121582 484.748745
v 836.321735 -7781.816101 492.276192
v 821.722031 -7796.308899 492.276192
v 821.722031 -7796.308899 497.786665
v 821.722031 -7796.308899 492.276192
v 836.321735 -7781.816101 492.276192
v 834.367371 -7783.760071 487.503958
v 836.321735 -7781.816101 497.786665
v 821.722031 -7796.308899 497.786665
v 823.681736 -7794.364166 502.558804
v 821.722031 -7796.308899 497.786665
v 836.321735 -7781.816101 497.786665
v 836.321735 -7781.816101 492.276192
v 834.367371 -7783.760071 502.558804
v 823.681736 -7794.364166 502.558804
v 827.06852 -7791.002655 505.314016
v 823.681736 -7794.364166 502.558804
v 834.367371 -7783.760071 502.558804
v 836.321735 -7781.816101 497.786665
v 827.06852 -7791.002655 505.314016
v 830.975342 -7787.121582 505.314016
v 834.367371 -7783.760071 502.558804
v 846.778011 -7810.398102 454.605246
v 850.692177 -7806.517029 454.605246
v 854.079247 -7803.155518 457.360458
v 854.079247 -7803.155518 457.360458
v 843.39056 -7813.759613 457.360458
v 846.778011 -7810.398102 454.605246
v 843.39056 -7813.759613 457.360458
v 854.079247 -7803.155518 457.360458
v 856.030464 -7801.213074 462.132692
v 856.030464 -7801.213074 462.132692
v 841.434288 -7815.704346 462.132692
v 843.39056 -7813.759613 457.360458
v 841.434288 -7815.704346 462.132692
v 856.030464 -7801.213074 462.132692
v 856.030464 -7801.213074 467.643166
v 856.030464 -7801.213074 467.643166
v 841.434288 -7815.704346 467.643166
v 841.434288 -7815.704346 462.132692
v 854.079247 -7803.155518 472.415304
v 843.39056 -7813.759613 472.415304
v 841.434288 -7815.704346 467.643166
v 841.434288 -7815.704346 467.643166
v 856.030464 -7801.213074 467.643166
v 854.079247 -7803.155518 472.415304
v 850.692177 -7806.517029 475.170517
v 846.778011 -7810.398102 475.170517
v 843.39056 -7813.759613 472.415304
v 843.39056 -7813.759613 472.415304
v 854.079247 -7803.155518 472.415304
v 850.692177 -7806.517029 475.170517
v 1275.564289 -7211.138153 392.117453
v 1271.657848 -7215.019226 392.117453
v 1268.270874 -7218.3815 394.872713
v 1278.956413 -7207.777405 394.872713
v 1268.270874 -7218.3815 394.872713
v 1266.311073 -7220.326233 399.644899
v 1268.270874 -7218.3815 394.872713
v 1278.956413 -7207.777405 394.872713
v 1275.564289 -7211.138153 392.117453
v 1280.910778 -7205.833435 399.644899
v 1266.311073 -7220.326233 399.644899
v 1266.311073 -7220.326233 405.155373
v 1266.311073 -7220.326233 399.644899
v 1280.910778 -7205.833435 399.644899
v 1278.956413 -7207.777405 394.872713
v 1280.910778 -7205.833435 405.155373
v 1266.311073 -7220.326233 405.155373
v 1268.270874 -7218.3815 409.927511
v 1266.311073 -7220.326233 405.155373
v 1280.910778 -7205.833435 405.155373
v 1280.910778 -7205.833435 399.644899
v 1278.956413 -7207.777405 409.927511
v 1268.270874 -7218.3815 409.927511
v 1271.657848 -7215.019226 412.682724
v 1268.270874 -7218.3815 409.927511
v 1278.956413 -7207.777405 409.927511
v 1280.910778 -7205.833435 405.155373
v 1271.657848 -7215.019226 412.682724
v 1275.564575 -7211.138916 412.682724
v 1278.956413 -7207.777405 409.927511
v -7319.761658 1363.567352 391.786408
v -7323.669434 1359.685516 391.786408
v -7327.056122 1356.324005 394.541645
v -7316.368866 1366.926575 394.541645
v -7327.056122 1356.324005 394.541645
v -7329.016876 1354.37851 399.313879
v -7327.056122 1356.324005 394.541645
v -7316.368866 1366.926575 394.541645
v -7319.761658 1363.567352 391.786408
v -7314.415741 1368.871307 399.313879
v -7329.016876 1354.37851 399.313879
v -7329.016876 1354.37851 404.824352
v -7329.016876 1354.37851 399.313879
v -7314.415741 1368.871307 399.313879
v -7316.368866 1366.926575 394.541645
v -7314.415741 1368.871307 404.824352
v -7329.016876 1354.37851 404.824352
v -7327.056122 1356.324005 409.596491
v -7329.016876 1354.37851 404.824352
v -7314.415741 1368.871307 404.824352
v -7314.415741 1368.871307 399.313879
v -7316.368866 1366.926575 409.596491
v -7327.056122 1356.324005 409.596491
v -7323.669434 1359.685516 412.351751
v -7327.056122 1356.324005 409.596491
v -7316.368866 1366.926575 409.596491
v -7314.415741 1368.871307 404.824352
v -7323.669434 1359.685516 412.351751
v -7319.761658 1363.567352 412.351751
v -7316.368866 1366.926575 409.596491
vt 2.415334 4.171934
vt 2.595305 4.171934
vt 2.751165 4.263338
vt 2.259473 4.263338
vt 2.751165 4.263338
vt 2.841151 4.421653
vt 2.751165 4.263338
vt 2.259473 4.263338
vt 2.415334 4.171934
vt 2.169487 4.421653
vt 2.841151 4.421653
vt 2.841151 4.60446
vt 2.841151 4.421653
vt 2.169487 4.421653
vt 2.259473 4.263338
vt 2.169487 4.60446
vt 2.841151 4.60446
vt 2.751165 4.762776
vt 2.841151 4.60446
vt 2.169487 4.60446
vt 2.169487 4.421653
vt 2.259473 4.762776
vt 2.751165 4.762776
vt 2.595305 4.85418
vt 2.751165 4.762776
vt 2.259473 4.762776
vt 2.169487 4.60446
vt 2.595305 4.85418
vt 2.415333 4.85418
vt 2.259473 4.762776
vt 2.415334 4.171934
vt 2.595305 4.171934
vt 2.751165 4.263338
vt 2.259473 4.263338
vt 2.751165 4.263338
vt 2.841151 4.421653
vt 2.751165 4.263338
vt 2.259473 4.263338
vt 2.415334 4.171934
vt 2.169487 4.421653
vt 2.841151 4.421653
vt 2.841151 4.60446
vt 2.841151 4.421653
vt 2.169487 4.421653
vt 2.259473 4.263338
vt 2.169487 4.60446
vt 2.841151 4.60446
vt 2.751165 4.762776
vt 2.841151 4.60446
vt 2.169487 4.60446
vt 2.169487 4.421653
vt 2.259473 4.762776
vt 2.751165 4.762776
vt 2.595305 4.85418
vt 2.751165 4.762776
vt 2.259473 4.762776
vt 2.169487 4.60446
vt 2.595305 4.85418
vt 2.415333 4.85418
vt 2.259473 4.762776
vt 2.415334 4.171934
vt 2.595305 4.171934
vt 2.751165 4.263338
vt 2.751165 4.263338
vt 2.259473 4.263338
vt 2.415334 4.171934
vt 2.259473 4.263338
vt 2.751165 4.263338
vt 2.841151 4.421653
vt 2.841151 4.421653
vt 2.169487 4.421653
vt 2.259473 4.263338
vt 2.169487 4.421653
vt 2.841151 4.421653
vt 2.841151 4.60446
vt 2.841151 4.60446
vt 2.169487 4.60446
vt 2.169487 4.421653
vt 2.751165 4.762776
vt 2.259473 4.762776
vt 2.169487 4.60446
vt 2.169487 4.60446
vt 2.841151 4.60446
vt 2.751165 4.762776
vt 2.595305 4.85418
vt 2.415333 4.85418
vt 2.259473 4.762776
vt 2.259473 4.762776
vt 2.751165 4.762776
vt 2.595305 4.85418
vt 2.415334 4.171934
vt 2.595305 4.171934
vt 2.751165 4.263338
vt 2.259473 4.263338
vt 2.751165 4.263338
vt 2.841151 4.421653
vt 2.751165 4.263338
vt 2.259473 4.263338
vt 2.415334 4.171934
vt 2.169487 4.421653
vt 2.841151 4.421653
vt 2.841151 4.60446
vt 2.841151 4.421653
vt 2.169487 4.421653
vt 2.259473 4.263338
vt 2.169487 4.60446
vt 2.841151 4.60446
vt 2.751165 4.762776
vt 2.841151 4.60446
vt 2.169487 4.60446
vt 2.169487 4.421653
vt 2.259473 4.762776
vt 2.751165 4.762776
vt 2.595305 4.85418
vt 2.751165 4.762776
vt 2.259473 4.762776
vt 2.169487 4.60446
vt 2.595305 4.85418
vt 2.415333 4.85418
vt 2.259473 4.762776
vt 2.415334 4.171934
vt 2.595305 4.171934
vt 2.751165 4.263338
vt 2.259473 4.263338
vt 2.751165 4.263338
vt 2.841151 4.421653
vt 2.751165 4.263338
vt 2.259473 4.263338
vt 2.415334 4.171934
vt 2.169487 4.421653
vt 2.841151 4.421653
vt 2.841151 4.60446
vt 2.841151 4.421653
vt 2.169487 4.421653
vt 2.259473 4.263338
vt 2.169487 4.60446
vt 2.841151 4.60446
vt 2.751165 4.762776
vt 2.841151 4.60446
vt 2.169487 4.60446
vt 2.169487 4.421653
vt 2.259473 4.762776
vt 2.751165 4.762776
vt 2.595305 4.85418
vt 2.751165 4.762776
vt 2.259473 4.762776
vt 2.169487 4.60446
vt 2.595305 4.85418
vt 2.415333 4.85418
vt 2.259473 4.762776
vn -0.704774 0.709431 -0.000671
vn -0.704774 0.709431 -0.000671
vn -0.704774 0.709431 -0.000671
vn -0.704391 0.709812 -0.000041
vn -0.704391 0.709812 -0.000041
vn -0.704391 0.709812 -0.000041
vn -0.704391 0.709811 0.001344
vn -0.704391 0.709811 0.001344
vn -0.704391 0.709811 0.001344
vn -0.704495 0.709709 0
vn -0.704495 0.709709 0
vn -0.704495 0.709709 0
vn -0.704495 0.709709 -0.000588
vn -0.704495 0.709709 -0.000588
vn -0.704495 0.709709 -0.000588
vn -0.704495 0.709709 0.000126
vn -0.704495 0.709709 0.000126
vn -0.704495 0.709709 0.000126
vn -0.704495 0.709709 0
vn -0.704495 0.709709 0
vn -0.704495 0.709709 0
vn -0.704391 0.709812 -0.000265
vn -0.704391 0.709812 -0.000265
vn -0.704391 0.709812 -0.000265
vn -0.704391 0.709812 0.000672
vn -0.704391 0.709812 0.000672
vn -0.704391 0.709812 0.000672
vn -0.704773 0.70943 -0.00228
vn -0.704773 0.70943 -0.00228
vn -0.704773 0.70943 -0.00228
vn -0.704774 0.709431 -0.000671
vn -0.704774 0.709431 -0.000671
vn -0.704774 0.709431 -0.000671
vn -0.704391 0.709812 -0.000041
vn -0.704391 0.709812 -0.000041
vn -0.704391 0.709812 -0.000041
vn -0.704391 0.709811 0.001344
vn -0.704391 0.709811 0.001344
vn -0.704391 0.709811 0.001344
vn -0.704495 0.709709 0
vn -0.704495 0.709709 0
vn -0.704495 0.709709 0
vn -0.704495 0.709709 -0.000588
vn -0.704495 0.709709 -0.000588
vn -0.704495 0.709709 -0.000588
vn -0.704495 0.709709 0.000126
vn -0.704495 0.709709 0.000126
vn -0.704495 0.709709 0.000126
vn -0.704495 0.709709 0
vn -0.704495 0.709709 0
vn -0.704495 0.709709 0
vn -0.704391 0.709812 -0.000265
vn -0.704391 0.709812 -0.000265
vn -0.704391 0.709812 -0.000265
vn -0.704391 0.709812 0.000672
vn -0.704391 0.709812 0.000672
vn -0.704391 0.709812 0.000672
vn -0.704773 0.70943 -0.00228
vn -0.704773 0.70943 -0.00228
vn -0.704773 0.70943 -0.00228
vn 0.704072 -0.710128 0.000919
vn 0.704072 -0.710128 0.000919
vn 0.704072 -0.710128 0.000919
vn 0.704295 -0.709907 -0.000252
vn 0.704295 -0.709907 -0.000252
vn 0.704295 -0.709907 -0.000252
vn 0.704295 -0.709907 0.000963
vn 0.704295 -0.709907 0.000963
vn 0.704295 -0.709907 0.000963
vn 0.704542 -0.709662 -0.000335
vn 0.704542 -0.709662 -0.000335
vn 0.704542 -0.709662 -0.000335
vn 0.704542 -0.709662 0
vn 0.704542 -0.709662 0
vn 0.704542 -0.709662 0
vn 0.704542 -0.709662 0
vn 0.704542 -0.709662 0
vn 0.704542 -0.709662 0
vn 0.704295 -0.709907 0.000537
vn 0.704295 -0.709907 0.000537
vn 0.704295 -0.709907 0.000537
vn 0.704542 -0.709662 -0.000762
vn 0.704542 -0.709662 -0.000762
vn 0.704542 -0.709662 -0.000762
vn 0.704072 -0.710128 0.000796
vn 0.704072 -0.710128 0.000796
vn 0.704072 -0.710128 0.000796
vn 0.704295 -0.709907 -0.000376
vn 0.704295 -0.709907 -0.000376
vn 0.704295 -0.709907 -0.000376
vn -0.704774 0.709431 -0.00067
vn -0.704774 0.709431 -0.00067
vn -0.704774 0.709431 -0.00067
vn -0.704391 0.709812 -0.000041
vn -0.704391 0.709812 -0.000041
vn -0.704391 0.709812 -0.000041
vn -0.704391 0.709811 0.001344
vn -0.704391 0.709811 0.001344
vn -0.704391 0.709811 0.001344
vn -0.704495 0.709709 0
vn -0.704495 0.709709 0
vn -0.704495 0.709709 0
vn -0.704495 0.709709 -0.000588
vn -0.704495 0.709709 -0.000588
vn -0.704495 0.709709 -0.000588
vn -0.704495 0.709709 0.000126
vn -0.704495 0.709709 0.000126
vn -0.704495 0.709709 0.000126
vn -0.704495 0.709709 0
vn -0.704495 0.709709 0
vn -0.704495 0.709709 0
vn -0.704391 0.709812 -0.000265
vn -0.704391 0.709812 -0.000265
vn -0.704391 0.709812 -0.000265
vn -0.704391 0.709812 0.000672
vn -0.704391 0.709812 0.000672
vn -0.704391 0.709812 0.000672
vn -0.704729 0.709474 -0.002048
vn -0.704729 0.709474 -0.002048
vn -0.704729 0.709474 -0.002048
vn -0.704775 0.709431 -0.000796
vn -0.704775 0.709431 -0.000796
vn -0.704775 0.709431 -0.000796
vn -0.704311 0.709892 0.000097
vn -0.704311 0.709892 0.000097
vn -0.704311 0.709892 0.000097
vn -0.70431 0.709891 0.001644
vn -0.70431 0.709891 0.001644
vn -0.70431 0.709891 0.001644
vn -0.704483 0.70972 0
vn -0.704483 0.70972 0
vn -0.704483 0.70972 0
vn -0.704483 0.70972 -0.000812
vn -0.704483 0.70972 -0.000812
vn -0.704483 0.70972 -0.000812
vn -0.704483 0.70972 0.000044
vn -0.704483 0.70972 0.000044
vn -0.704483 0.70972 0.000044
vn -0.704483 0.70972 0
vn -0.704483 0.70972 0
vn -0.704483 0.70972 0
vn -0.704311 0.709892 -0.000337
vn -0.704311 0.709892 -0.000337
vn -0.704311 0.709892 -0.000337
vn -0.70431 0.709891 0.000952
vn -0.70431 0.709891 0.000952
vn -0.70431 0.709891 0.000952
vn -0.704772 0.709428 -0.002778
vn -0.704772 0.709428 -0.002778
vn -0.704772 0.709428 -0.002778
f 926/926/926 927/927/927 925/925/925
f 929/929/929 930/930/930 928/928/928
f 932/932/932 933/933/933 931/931/931
f 935/935/935 936/936/936 934/934/934
f 938/938/938 939/939/939 937/937/937
f 941/941/941 942/942/942 940/940/940
f 944/944/944 945/945/945 943/943/943
f 947/947/947 948/948/948 946/946/946
f 950/950/950 951/951/951 949/949/949
f 953/953/953 954/954/954 952/952/952
f 956/956/956 957/957/957 955/955/955
f 959/959/959 960/960/960 958/958/958
f 962/962/962 963/963/963 961/961/961
f 965/965/965 966/966/966 964/964/964
f 968/968/968 969/969/969 967/967/967
f 971/971/971 972/972/972 970/970/970
f 974/974/974 975/975/975 973/973/973
f 977/977/977 978/978/978 976/976/976
f 980/980/980 981/981/981 979/979/979
f 983/983/983 984/984/984 982/982/982
f 986/986/986 987/987/987 985/985/985
f 989/989/989 990/990/990 988/988/988
f 992/992/992 993/993/993 991/991/991
f 995/995/995 996/996/996 994/994/994
f 998/998/998 999/999/999 997/997/997
f 1001/1001/1001 1002/1002/1002 1000/1000/1000
f 1004/1004/1004 1005/1005/1005 1003/1003/1003
f 1007/1007/1007 1008/1008/1008 1006/1006/1006
f 1010/1010/1010 1011/1011/1011 1009/1009/1009
f 1013/1013/1013 1014/1014/1014 1012/1012/1012
f 1016/1016/1016 1017/1017/1017 1015/1015/1015
f 1019/1019/1019 1020/1020/1020 1018/1018/1018
f 1022/1022/1022 1023/1023/1023 1021/1021/1021
f 1025/1025/1025 1026/1026/1026 1024/1024/1024
f 1028/1028/1028 1029/1029/1029 1027/1027/1027
f 1031/1031/1031 1032/1032/1032 1030/1030/1030
f 1034/1034/1034 1035/1035/1035 1033/1033/1033
f 1037/1037/1037 1038/1038/1038 1036/1036/1036
f 1040/1040/1040 1041/1041/1041 1039/1039/1039
f 1043/1043/1043 1044/1044/1044 1042/1042/1042
f 1046/1046/1046 1047/1047/1047 1045/1045/1045
f 1049/1049/1049 1050/1050/1050 1048/1048/1048
f 1052/1052/1052 1053/1053/1053 1051/1051/1051
f 1055/1055/1055 1056/1056/1056 1054/1054/1054
f 1058/1058/1058 1059/1059/1059 1057/1057/1057
f 1061/1061/1061 1062/1062/1062 1060/1060/1060
f 1064/1064/1064 1065/1065/1065 1063/1063/1063
f 1067/1067/1067 1068/1068/1068 1066/1066/1066
f 1070/1070/1070 1071/1071/1071 1069/1069/1069
f 1073/1073/1073 1074/1074/1074 1072/1072/1072
o KS_START_LIGHT_3_8
usemtl material_0
v 798.420382 -7819.37561 454.605341
v 794.513559 -7823.256683 454.605341
v 791.126728 -7826.618195 457.360554
v 801.812363 -7816.014099 457.360554
v 791.126728 -7826.618195 457.360554
v 789.167023 -7828.562927 462.132788
v 791.126728 -7826.618195 457.360554
v 801.812363 -7816.014099 457.360554
v 798.420382 -7819.37561 454.605341
v 803.766727 -7814.070129 462.132788
v 789.167023 -7828.562927 462.132788
v 789.167023 -7828.562927 467.643261
v 789.167023 -7828.562927 462.132788
v 803.766727 -7814.070129 462.132788
v 801.812363 -7816.014099 457.360554
v 803.766727 -7814.070129 467.643261
v 789.167023 -7828.562927 467.643261
v 791.126728 -7826.618195 472.4154
v 789.167023 -7828.562927 467.643261
v 803.766727 -7814.070129 467.643261
v 803.766727 -7814.070129 462.132788
v 801.812363 -7816.014099 472.4154
v 791.126728 -7826.618195 472.4154
v 794.513512 -7823.256683 475.170612
v 791.126728 -7826.618195 472.4154
v 801.812363 -7816.014099 472.4154
v 803.766727 -7814.070129 467.643261
v 794.513512 -7823.256683 475.170612
v 798.420382 -7819.37561 475.170612
v 801.812363 -7816.014099 472.4154
v 798.420334 -7819.37561 484.74884
v 794.513512 -7823.256683 484.74884
v 791.126728 -7826.618195 487.504053
v 801.812363 -7816.014099 487.504053
v 791.126728 -7826.618195 487.504053
v 789.167023 -7828.562927 492.276287
v 791.126728 -7826.618195 487.504053
v 801.812363 -7816.014099 487.504053
v 798.420334 -7819.37561 484.74884
v 803.766727 -7814.070129 492.276287
v 789.167023 -7828.562927 492.276287
v 789.167023 -7828.562927 497.78676
v 789.167023 -7828.562927 492.276287
v 803.766727 -7814.070129 492.276287
v 801.812363 -7816.014099 487.504053
v 803.766727 -7814.070129 497.78676
v 789.167023 -7828.562927 497.78676
v 791.126728 -7826.618195 502.558899
v 789.167023 -7828.562927 497.78676
v 803.766727 -7814.070129 497.78676
v 803.766727 -7814.070129 492.276287
v 801.812363 -7816.014099 502.558899
v 791.126728 -7826.618195 502.558899
v 794.513512 -7823.256683 505.314112
v 791.126728 -7826.618195 502.558899
v 801.812363 -7816.014099 502.558899
v 803.766727 -7814.070129 497.78676
v 794.513512 -7823.256683 505.314112
v 798.420334 -7819.37561 505.314112
v 801.812363 -7816.014099 502.558899
v 814.223003 -7842.65213 454.605341
v 818.137169 -7838.771057 454.605341
v 821.524239 -7835.409546 457.360554
v 821.524239 -7835.409546 457.360554
v 810.835552 -7846.013641 457.360554
v 814.223003 -7842.65213 454.605341
v 810.835552 -7846.013641 457.360554
v 821.524239 -7835.409546 457.360554
v 823.475456 -7833.467102 462.132788
v 823.475456 -7833.467102 462.132788
v 808.87928 -7847.958374 462.132788
v 810.835552 -7846.013641 457.360554
v 808.87928 -7847.958374 462.132788
v 823.475456 -7833.467102 462.132788
v 823.475456 -7833.467102 467.643261
v 823.475456 -7833.467102 467.643261
v 808.87928 -7847.958374 467.643261
v 808.87928 -7847.958374 462.132788
v 821.524239 -7835.409546 472.4154
v 810.835552 -7846.013641 472.4154
v 808.87928 -7847.958374 467.643261
v 808.87928 -7847.958374 467.643261
v 823.475456 -7833.467102 467.643261
v 821.524239 -7835.409546 472.4154
v 818.137169 -7838.771057 475.170612
v 814.223003 -7842.65213 475.170612
v 810.835552 -7846.013641 472.4154
v 810.835552 -7846.013641 472.4154
v 821.524239 -7835.409546 472.4154
v 818.137169 -7838.771057 475.170612
v 1243.008041 -7243.392181 392.117548
v 1239.101315 -7247.273254 392.117548
v 1235.714436 -7250.634766 394.872808
v 1246.399879 -7240.031433 394.872808
v 1235.714436 -7250.634766 394.872808
v 1233.754444 -7252.579498 399.644995
v 1235.714436 -7250.634766 394.872808
v 1246.399879 -7240.031433 394.872808
v 1243.008041 -7243.392181 392.117548
v 1248.354149 -7238.087463 399.644995
v 1233.754444 -7252.579498 399.644995
v 1233.754444 -7252.579498 405.155468
v 1233.754444 -7252.579498 399.644995
v 1248.354149 -7238.087463 399.644995
v 1246.399879 -7240.031433 394.872808
v 1248.354149 -7238.087463 405.155468
v 1233.754444 -7252.579498 405.155468
v 1235.714436 -7250.634766 409.927607
v 1233.754444 -7252.579498 405.155468
v 1248.354149 -7238.087463 405.155468
v 1248.354149 -7238.087463 399.644995
v 1246.399879 -7240.031433 409.927607
v 1235.714436 -7250.634766 409.927607
v 1239.101315 -7247.273254 412.682819
v 1235.714436 -7250.634766 409.927607
v 1246.399879 -7240.031433 409.927607
v 1248.354149 -7238.087463 405.155468
v 1239.101315 -7247.273254 412.682819
v 1243.008041 -7243.392181 412.682819
v 1246.399879 -7240.031433 409.927607
v -7352.318573 1331.314087 391.78648
v -7356.225586 1327.432251 391.78648
v -7359.612274 1324.069977 394.541717
v -7348.925781 1334.674835 394.541717
v -7359.612274 1324.069977 394.541717
v -7361.571503 1322.126007 399.313951
v -7359.612274 1324.069977 394.541717
v -7348.925781 1334.674835 394.541717
v -7352.318573 1331.314087 391.78648
v -7346.971893 1336.619568 399.313951
v -7361.571503 1322.126007 399.313951
v -7361.571503 1322.126007 404.8244
v -7361.571503 1322.126007 399.313951
v -7346.971893 1336.619568 399.313951
v -7348.925781 1334.674835 394.541717
v -7346.971893 1336.619568 404.8244
v -7361.571503 1322.126007 404.8244
v -7359.612274 1324.069977 409.596539
v -7361.571503 1322.126007 404.8244
v -7346.971893 1336.619568 404.8244
v -7346.971893 1336.619568 399.313951
v -7348.925781 1334.674835 409.596539
v -7359.612274 1324.069977 409.596539
v -7356.225586 1327.432251 412.351799
v -7359.612274 1324.069977 409.596539
v -7348.925781 1334.674835 409.596539
v -7346.971893 1336.619568 404.8244
v -7356.225586 1327.432251 412.351799
v -7352.318573 1331.314087 412.351799
v -7348.925781 1334.674835 409.596539
vt 2.415334 4.171934
vt 2.595305 4.171934
vt 2.751165 4.263338
vt 2.259473 4.263338
vt 2.751165 4.263338
vt 2.841151 4.421653
vt 2.751165 4.263338
vt 2.259473 4.263338
vt 2.415334 4.171934
vt 2.169487 4.421653
vt 2.841151 4.421653
vt 2.841151 4.60446
vt 2.841151 4.421653
vt 2.169487 4.421653
vt 2.259473 4.263338
vt 2.169487 4.60446
vt 2.841151 4.60446
vt 2.751165 4.762776
vt 2.841151 4.60446
vt 2.169487 4.60446
vt 2.169487 4.421653
vt 2.259473 4.762776
vt 2.751165 4.762776
vt 2.595305 4.85418
vt 2.751165 4.762776
vt 2.259473 4.762776
vt 2.169487 4.60446
vt 2.595305 4.85418
vt 2.415333 4.85418
vt 2.259473 4.762776
vt 2.415334 4.171934
vt 2.595305 4.171934
vt 2.751165 4.263338
vt 2.259473 4.263338
vt 2.751165 4.263338
vt 2.841151 4.421653
vt 2.751165 4.263338
vt 2.259473 4.263338
vt 2.415334 4.171934
vt 2.169487 4.421653
vt 2.841151 4.421653
vt 2.841151 4.60446
vt 2.841151 4.421653
vt 2.169487 4.421653
vt 2.259473 4.263338
vt 2.169487 4.60446
vt 2.841151 4.60446
vt 2.751165 4.762776
vt 2.841151 4.60446
vt 2.169487 4.60446
vt 2.169487 4.421653
vt 2.259473 4.762776
vt 2.751165 4.762776
vt 2.595305 4.85418
vt 2.751165 4.762776
vt 2.259473 4.762776
vt 2.169487 4.60446
vt 2.595305 4.85418
vt 2.415333 4.85418
vt 2.259473 4.762776
vt 2.415334 4.171934
vt 2.595305 4.171934
vt 2.751165 4.263338
vt 2.751165 4.263338
vt 2.259473 4.263338
vt 2.415334 4.171934
vt 2.259473 4.263338
vt 2.751165 4.263338
vt 2.841151 4.421653
vt 2.841151 4.421653
vt 2.169487 4.421653
vt 2.259473 4.263338
vt 2.169487 4.421653
vt 2.841151 4.421653
vt 2.841151 4.60446
vt 2.841151 4.60446
vt 2.169487 4.60446
vt 2.169487 4.421653
vt 2.751165 4.762776
vt 2.259473 4.762776
vt 2.169487 4.60446
vt 2.169487 4.60446
vt 2.841151 4.60446
vt 2.751165 4.762776
vt 2.595305 4.85418
vt 2.415333 4.85418
vt 2.259473 4.762776
vt 2.259473 4.762776
vt 2.751165 4.762776
vt 2.595305 4.85418
vt 2.415334 4.171934
vt 2.595305 4.171934
vt 2.751165 4.263338
vt 2.259473 4.263338
vt 2.751165 4.263338
vt 2.841151 4.421653
vt 2.751165 4.263338
vt 2.259473 4.263338
vt 2.415334 4.171934
vt 2.169487 4.421653
vt 2.841151 4.421653
vt 2.841151 4.60446
vt 2.841151 4.421653
vt 2.169487 4.421653
vt 2.259473 4.263338
vt 2.169487 4.60446
vt 2.841151 4.60446
vt 2.751165 4.762776
vt 2.841151 4.60446
vt 2.169487 4.60446
vt 2.169487 4.421653
vt 2.259473 4.762776
vt 2.751165 4.762776
vt 2.595305 4.85418
vt 2.751165 4.762776
vt 2.259473 4.762776
vt 2.169487 4.60446
vt 2.595305 4.85418
vt 2.415333 4.85418
vt 2.259473 4.762776
vt 2.415334 4.171934
vt 2.595305 4.171934
vt 2.751165 4.263338
vt 2.259473 4.263338
vt 2.751165 4.263338
vt 2.841151 4.421653
vt 2.751165 4.263338
vt 2.259473 4.263338
vt 2.415334 4.171934
vt 2.169487 4.421653
vt 2.841151 4.421653
vt 2.841151 4.60446
vt 2.841151 4.421653
vt 2.169487 4.421653
vt 2.259473 4.263338
vt 2.169487 4.60446
vt 2.841151 4.60446
vt 2.751165 4.762776
vt 2.841151 4.60446
vt 2.169487 4.60446
vt 2.169487 4.421653
vt 2.259473 4.762776
vt 2.751165 4.762776
vt 2.595305 4.85418
vt 2.751165 4.762776
vt 2.259473 4.762776
vt 2.169487 4.60446
vt 2.595305 4.85418
vt 2.415333 4.85418
vt 2.259473 4.762776
vn -0.704774 0.709431 -0.000671
vn -0.704774 0.709431 -0.000671
vn -0.704774 0.709431 -0.000671
vn -0.704391 0.709812 -0.000041
vn -0.704391 0.709812 -0.000041
vn -0.704391 0.709812 -0.000041
vn -0.704391 0.709811 0.001344
vn -0.704391 0.709811 0.001344
vn -0.704391 0.709811 0.001344
vn -0.704495 0.709709 0
vn -0.704495 0.709709 0
vn -0.704495 0.709709 0
vn -0.704495 0.709709 -0.000588
vn -0.704495 0.709709 -0.000588
vn -0.704495 0.709709 -0.000588
vn -0.704495 0.709709 0.000126
vn -0.704495 0.709709 0.000126
vn -0.704495 0.709709 0.000126
vn -0.704495 0.709709 0
vn -0.704495 0.709709 0
vn -0.704495 0.709709 0
vn -0.704391 0.709812 -0.000265
vn -0.704391 0.709812 -0.000265
vn -0.704391 0.709812 -0.000265
vn -0.704391 0.709812 0.000672
vn -0.704391 0.709812 0.000672
vn -0.704391 0.709812 0.000672
vn -0.704773 0.70943 -0.00228
vn -0.704773 0.70943 -0.00228
vn -0.704773 0.70943 -0.00228
vn -0.704774 0.709431 -0.000671
vn -0.704774 0.709431 -0.000671
vn -0.704774 0.709431 -0.000671
vn -0.704391 0.709812 -0.000041
vn -0.704391 0.709812 -0.000041
vn -0.704391 0.709812 -0.000041
vn -0.704391 0.709811 0.001344
vn -0.704391 0.709811 0.001344
vn -0.704391 0.709811 0.001344
vn -0.704495 0.709709 0
vn -0.704495 0.709709 0
vn -0.704495 0.709709 0
vn -0.704495 0.709709 -0.000588
vn -0.704495 0.709709 -0.000588
vn -0.704495 0.709709 -0.000588
vn -0.704495 0.709709 0.000126
vn -0.704495 0.709709 0.000126
vn -0.704495 0.709709 0.000126
vn -0.704495 0.709709 0
vn -0.704495 0.709709 0
vn -0.704495 0.709709 0
vn -0.704391 0.709812 -0.000265
vn -0.704391 0.709812 -0.000265
vn -0.704391 0.709812 -0.000265
vn -0.704391 0.709812 0.000672
vn -0.704391 0.709812 0.000672
vn -0.704391 0.709812 0.000672
vn -0.704773 0.70943 -0.00228
vn -0.704773 0.70943 -0.00228
vn -0.704773 0.70943 -0.00228
vn 0.704072 -0.710128 0.000919
vn 0.704072 -0.710128 0.000919
vn 0.704072 -0.710128 0.000919
vn 0.704295 -0.709907 -0.000252
vn 0.704295 -0.709907 -0.000252
vn 0.704295 -0.709907 -0.000252
vn 0.704295 -0.709907 0.000963
vn 0.704295 -0.709907 0.000963
vn 0.704295 -0.709907 0.000963
vn 0.704542 -0.709662 -0.000335
vn 0.704542 -0.709662 -0.000335
vn 0.704542 -0.709662 -0.000335
vn 0.704542 -0.709662 0
vn 0.704542 -0.709662 0
vn 0.704542 -0.709662 0
vn 0.704542 -0.709662 0
vn 0.704542 -0.709662 0
vn 0.704542 -0.709662 0
vn 0.704295 -0.709907 0.000537
vn 0.704295 -0.709907 0.000537
vn 0.704295 -0.709907 0.000537
vn 0.704542 -0.709662 -0.000762
vn 0.704542 -0.709662 -0.000762
vn 0.704542 -0.709662 -0.000762
vn 0.704072 -0.710128 0.000796
vn 0.704072 -0.710128 0.000796
vn 0.704072 -0.710128 0.000796
vn 0.704295 -0.709907 -0.000376
vn 0.704295 -0.709907 -0.000376
vn 0.704295 -0.709907 -0.000376
vn -0.704774 0.709431 -0.000795
vn -0.704774 0.709431 -0.000795
vn -0.704774 0.709431 -0.000795
vn -0.704391 0.709812 -0.000041
vn -0.704391 0.709812 -0.000041
vn -0.704391 0.709812 -0.000041
vn -0.704391 0.709811 0.00122
vn -0.704391 0.709811 0.00122
vn -0.704391 0.709811 0.00122
vn -0.704483 0.70972 0
vn -0.704483 0.70972 0
vn -0.704483 0.70972 0
vn -0.704483 0.70972 -0.000525
vn -0.704483 0.70972 -0.000525
vn -0.704483 0.70972 -0.000525
vn -0.704483 0.70972 0.000116
vn -0.704483 0.70972 0.000116
vn -0.704483 0.70972 0.000116
vn -0.704483 0.70972 0
vn -0.704483 0.70972 0
vn -0.704483 0.70972 0
vn -0.704391 0.709812 -0.000141
vn -0.704391 0.709812 -0.000141
vn -0.704391 0.709812 -0.000141
vn -0.704391 0.709812 0.0006
vn -0.704391 0.709812 0.0006
vn -0.704391 0.709812 0.0006
vn -0.704773 0.70943 -0.002156
vn -0.704773 0.70943 -0.002156
vn -0.704773 0.70943 -0.002156
vn -0.704775 0.709431 -0.000795
vn -0.704775 0.709431 -0.000795
vn -0.704775 0.709431 -0.000795
vn -0.704375 0.709828 0.000042
vn -0.704375 0.709828 0.000042
vn -0.704375 0.709828 0.000042
vn -0.704375 0.709827 0.001305
vn -0.704375 0.709827 0.001305
vn -0.704375 0.709827 0.001305
vn -0.70453 0.709674 0
vn -0.70453 0.709674 0
vn -0.70453 0.709674 0
vn -0.70453 0.709674 -0.000773
vn -0.70453 0.709674 -0.000773
vn -0.70453 0.709674 -0.000773
vn -0.70453 0.709674 0.000084
vn -0.70453 0.709674 0.000084
vn -0.70453 0.709674 0.000084
vn -0.70453 0.709674 0
vn -0.70453 0.709674 0
vn -0.70453 0.709674 0
vn -0.704375 0.709828 -0.00018
vn -0.704375 0.709828 -0.00018
vn -0.704375 0.709828 -0.00018
vn -0.704375 0.709827 0.000899
vn -0.704375 0.709827 0.000899
vn -0.704375 0.709827 0.000899
vn -0.704773 0.709429 -0.00228
vn -0.704773 0.709429 -0.00228
vn -0.704773 0.709429 -0.00228
f 1076/1076/1076 1077/1077/1077 1075/1075/1075
f 1079/1079/1079 1080/1080/1080 1078/1078/1078
f 1082/1082/1082 1083/1083/1083 1081/1081/1081
f 1085/1085/1085 1086/1086/1086 1084/1084/1084
f 1088/1088/1088 1089/1089/1089 1087/1087/1087
f 1091/1091/1091 1092/1092/1092 1090/1090/1090
f 1094/1094/1094 1095/1095/1095 1093/1093/1093
f 1097/1097/1097 1098/1098/1098 1096/1096/1096
f 1100/1100/1100 1101/1101/1101 1099/1099/1099
f 1103/1103/1103 1104/1104/1104 1102/1102/1102
f 1106/1106/1106 1107/1107/1107 1105/1105/1105
f 1109/1109/1109 1110/1110/1110 1108/1108/1108
f 1112/1112/1112 1113/1113/1113 1111/1111/1111
f 1115/1115/1115 1116/1116/1116 1114/1114/1114
f 1118/1118/1118 1119/1119/1119 1117/1117/1117
f 1121/1121/1121 1122/1122/1122 1120/1120/1120
f 1124/1124/1124 1125/1125/1125 1123/1123/1123
f 1127/1127/1127 1128/1128/1128 1126/1126/1126
f 1130/1130/1130 1131/1131/1131 1129/1129/1129
f 1133/1133/1133 1134/1134/1134 1132/1132/1132
f 1136/1136/1136 1137/1137/1137 1135/1135/1135
f 1139/1139/1139 1140/1140/1140 1138/1138/1138
f 1142/1142/1142 1143/1143/1143 1141/1141/1141
f 1145/1145/1145 1146/1146/1146 1144/1144/1144
f 1148/1148/1148 1149/1149/1149 1147/1147/1147
f 1151/1151/1151 1152/1152/1152 1150/1150/1150
f 1154/1154/1154 1155/1155/1155 1153/1153/1153
f 1157/1157/1157 1158/1158/1158 1156/1156/1156
f 1160/1160/1160 1161/1161/1161 1159/1159/1159
f 1163/1163/1163 1164/1164/1164 1162/1162/1162
f 1166/1166/1166 1167/1167/1167 1165/1165/1165
f 1169/1169/1169 1170/1170/1170 1168/1168/1168
f 1172/1172/1172 1173/1173/1173 1171/1171/1171
f 1175/1175/1175 1176/1176/1176 1174/1174/1174
f 1178/1178/1178 1179/1179/1179 1177/1177/1177
f 1181/1181/1181 1182/1182/1182 1180/1180/1180
f 1184/1184/1184 1185/1185/1185 1183/1183/1183
f 1187/1187/1187 1188/1188/1188 1186/1186/1186
f 1190/1190/1190 1191/1191/1191 1189/1189/1189
f 1193/1193/1193 1194/1194/1194 1192/1192/1192
f 1196/1196/1196 1197/1197/1197 1195/1195/1195
f 1199/1199/1199 1200/1200/1200 1198/1198/1198
f 1202/1202/1202 1203/1203/1203 1201/1201/1201
f 1205/1205/1205 1206/1206/1206 1204/1204/1204
f 1208/1208/1208 1209/1209/1209 1207/1207/1207
f 1211/1211/1211 1212/1212/1212 1210/1210/1210
f 1214/1214/1214 1215/1215/1215 1213/1213/1213
f 1217/1217/1217 1218/1218/1218 1216/1216/1216
f 1220/1220/1220 1221/1221/1221 1219/1219/1219
f 1223/1223/1223 1224/1224/1224 1222/1222/1222
o KS_START_LIGHT_4_9
usemtl material_0
v 765.970278 -7851.528931 454.605341
v 762.063456 -7855.410004 454.605341
v 758.676624 -7858.771515 457.360554
v 769.362307 -7848.167419 457.360554
v 758.676624 -7858.771515 457.360554
v 756.716919 -7860.716248 462.132788
v 758.676624 -7858.771515 457.360554
v 769.362307 -7848.167419 457.360554
v 765.970278 -7851.528931 454.605341
v 771.316576 -7846.22345 462.132788
v 756.716919 -7860.716248 462.132788
v 756.716919 -7860.716248 467.643261
v 756.716919 -7860.716248 462.132788
v 771.316576 -7846.22345 462.132788
v 769.362307 -7848.167419 457.360554
v 771.316576 -7846.22345 467.643261
v 756.716919 -7860.716248 467.643261
v 758.676624 -7858.771515 472.4154
v 756.716919 -7860.716248 467.643261
v 771.316576 -7846.22345 467.643261
v 771.316576 -7846.22345 462.132788
v 769.362307 -7848.167419 472.4154
v 758.676624 -7858.771515 472.4154
v 762.063408 -7855.410004 475.170612
v 758.676624 -7858.771515 472.4154
v 769.362307 -7848.167419 472.4154
v 771.316576 -7846.22345 467.643261
v 762.063408 -7855.410004 475.170612
v 765.970278 -7851.528931 475.170612
v 769.362307 -7848.167419 472.4154
v 765.97023 -7851.528931 484.74884
v 762.063408 -7855.410004 484.74884
v 758.676624 -7858.771515 487.504053
v 769.362307 -7848.167419 487.504053
v 758.676624 -7858.771515 487.504053
v 756.716919 -7860.716248 492.276287
v 758.676624 -7858.771515 487.504053
v 769.362307 -7848.167419 487.504053
v 765.97023 -7851.528931 484.74884
v 771.316576 -7846.22345 492.276287
v 756.716919 -7860.716248 492.276287
v 756.716919 -7860.716248 497.78676
v 756.716919 -7860.716248 492.276287
v 771.316576 -7846.22345 492.276287
v 769.362307 -7848.167419 487.504053
v 771.316576 -7846.22345 497.78676
v 756.716919 -7860.716248 497.78676
v 758.676624 -7858.771515 502.558899
v 756.716919 -7860.716248 497.78676
v 771.316576 -7846.22345 497.78676
v 771.316576 -7846.22345 492.276287
v 769.362259 -7848.167419 502.558899
v 758.676624 -7858.771515 502.558899
v 762.063408 -7855.410004 505.314112
v 758.676624 -7858.771515 502.558899
v 769.362259 -7848.167419 502.558899
v 771.316576 -7846.22345 497.78676
v 762.063408 -7855.410004 505.314112
v 765.97023 -7851.528931 505.314112
v 769.362259 -7848.167419 502.558899
v 781.7729 -7874.80545 454.605341
v 785.687065 -7870.924377 454.605341
v 789.074135 -7867.562866 457.360554
v 789.074135 -7867.562866 457.360554
v 778.385448 -7878.166962 457.360554
v 781.7729 -7874.80545 454.605341
v 778.385448 -7878.166962 457.360554
v 789.074135 -7867.562866 457.360554
v 791.0254 -7865.620422 462.132788
v 791.0254 -7865.620422 462.132788
v 776.429176 -7880.111694 462.132788
v 778.385448 -7878.166962 457.360554
v 776.429176 -7880.111694 462.132788
v 791.0254 -7865.620422 462.132788
v 791.0254 -7865.620422 467.643261
v 791.0254 -7865.620422 467.643261
v 776.429176 -7880.111694 467.643261
v 776.429176 -7880.111694 462.132788
v 789.074135 -7867.562866 472.4154
v 778.385448 -7878.166962 472.4154
v 776.429176 -7880.111694 467.643261
v 776.429176 -7880.111694 467.643261
v 791.0254 -7865.620422 467.643261
v 789.074135 -7867.562866 472.4154
v 785.687065 -7870.924377 475.170612
v 781.7729 -7874.80545 475.170612
v 778.385448 -7878.166962 472.4154
v 778.385448 -7878.166962 472.4154
v 789.074135 -7867.562866 472.4154
v 785.687065 -7870.924377 475.170612
v 1210.557365 -7275.543976 392.117548
v 1206.650829 -7279.425049 392.117548
v 1203.263855 -7282.787323 394.872761
v 1213.94949 -7272.183228 394.872761
v 1203.263855 -7282.787323 394.872761
v 1201.303768 -7284.732056 399.644971
v 1203.263855 -7282.787323 394.872761
v 1213.94949 -7272.183228 394.872761
v 1210.557365 -7275.543976 392.117548
v 1215.903854 -7270.239258 399.644971
v 1201.303768 -7284.732056 399.644971
v 1201.303768 -7284.732056 405.155468
v 1201.303768 -7284.732056 399.644971
v 1215.903854 -7270.239258 399.644971
v 1213.94949 -7272.183228 394.872761
v 1215.903854 -7270.239258 405.155468
v 1201.303768 -7284.732056 405.155468
v 1203.263855 -7282.787323 409.927559
v 1215.903854 -7270.239258 405.155468
v 1213.94949 -7272.183228 409.927559
v 1203.263855 -7282.787323 409.927559
v 1206.650829 -7279.425049 412.682819
v 1203.263855 -7282.787323 409.927559
v 1213.94949 -7272.183228 409.927559
v 1215.903854 -7270.239258 405.155468
v 1206.650829 -7279.425049 412.682819
v 1210.557365 -7275.543976 412.682819
v 1213.94949 -7272.183228 409.927559
v -7384.767151 1299.160004 391.786456
v -7388.67569 1295.278168 391.786456
v -7392.061615 1291.915894 394.541693
v -7381.375885 1302.519989 394.541693
v -7392.061615 1291.915894 394.541693
v -7394.022369 1289.970398 399.313903
v -7392.061615 1291.915894 394.541693
v -7381.375885 1302.519989 394.541693
v -7384.767151 1299.160004 391.786456
v -7379.421234 1304.463196 399.313927
v -7394.022369 1289.970398 399.313903
v -7394.022369 1289.970398 404.8244
v -7394.022369 1289.970398 399.313903
v -7379.421234 1304.463196 399.313927
v -7381.375885 1302.519989 394.541693
v -7379.421234 1304.463196 404.8244
v -7394.022369 1289.970398 404.8244
v -7392.061615 1291.915894 409.596539
v -7394.022369 1289.970398 404.8244
v -7379.421234 1304.463196 404.8244
v -7379.421234 1304.463196 399.313927
v -7381.375885 1302.519989 409.596539
v -7392.061615 1291.915894 409.596539
v -7388.67569 1295.278168 412.351751
v -7392.061615 1291.915894 409.596539
v -7381.375885 1302.519989 409.596539
v -7379.421234 1304.463196 404.8244
v -7388.67569 1295.278168 412.351751
v -7384.767151 1299.160004 412.351751
v -7381.375885 1302.519989 409.596539
vt 2.415334 4.171934
vt 2.595305 4.171934
vt 2.751165 4.263338
vt 2.259473 4.263338
vt 2.751165 4.263338
vt 2.841151 4.421653
vt 2.751165 4.263338
vt 2.259473 4.263338
vt 2.415334 4.171934
vt 2.169487 4.421653
vt 2.841151 4.421653
vt 2.841151 4.60446
vt 2.841151 4.421653
vt 2.169487 4.421653
vt 2.259473 4.263338
vt 2.169487 4.60446
vt 2.841151 4.60446
vt 2.751165 4.762776
vt 2.841151 4.60446
vt 2.169487 4.60446
vt 2.169487 4.421653
vt 2.259473 4.762776
vt 2.751165 4.762776
vt 2.595305 4.85418
vt 2.751165 4.762776
vt 2.259473 4.762776
vt 2.169487 4.60446
vt 2.595305 4.85418
vt 2.415333 4.85418
vt 2.259473 4.762776
vt 2.415334 4.171934
vt 2.595305 4.171934
vt 2.751165 4.263338
vt 2.259473 4.263338
vt 2.751165 4.263338
vt 2.841151 4.421653
vt 2.751165 4.263338
vt 2.259473 4.263338
vt 2.415334 4.171934
vt 2.169487 4.421653
vt 2.841151 4.421653
vt 2.841151 4.60446
vt 2.841151 4.421653
vt 2.169487 4.421653
vt 2.259473 4.263338
vt 2.169487 4.60446
vt 2.841151 4.60446
vt 2.751165 4.762776
vt 2.841151 4.60446
vt 2.169487 4.60446
vt 2.169487 4.421653
vt 2.259473 4.762776
vt 2.751165 4.762776
vt 2.595305 4.85418
vt 2.751165 4.762776
vt 2.259473 4.762776
vt 2.169487 4.60446
vt 2.595305 4.85418
vt 2.415333 4.85418
vt 2.259473 4.762776
vt 2.415334 4.171934
vt 2.595305 4.171934
vt 2.751165 4.263338
vt 2.751165 4.263338
vt 2.259473 4.263338
vt 2.415334 4.171934
vt 2.259473 4.263338
vt 2.751165 4.263338
vt 2.841151 4.421653
vt 2.841151 4.421653
vt 2.169487 4.421653
vt 2.259473 4.263338
vt 2.169487 4.421653
vt 2.841151 4.421653
vt 2.841151 4.60446
vt 2.841151 4.60446
vt 2.169487 4.60446
vt 2.169487 4.421653
vt 2.751165 4.762776
vt 2.259473 4.762776
vt 2.169487 4.60446
vt 2.169487 4.60446
vt 2.841151 4.60446
vt 2.751165 4.762776
vt 2.595305 4.85418
vt 2.415333 4.85418
vt 2.259473 4.762776
vt 2.259473 4.762776
vt 2.751165 4.762776
vt 2.595305 4.85418
vt 2.415334 4.171934
vt 2.595305 4.171934
vt 2.751165 4.263338
vt 2.259473 4.263338
vt 2.751165 4.263338
vt 2.841151 4.421653
vt 2.751165 4.263338
vt 2.259473 4.263338
vt 2.415334 4.171934
vt 2.169487 4.421653
vt 2.841151 4.421653
vt 2.841151 4.60446
vt 2.841151 4.421653
vt 2.169487 4.421653
vt 2.259473 4.263338
vt 2.169487 4.60446
vt 2.841151 4.60446
vt 2.751165 4.762776
vt 2.169487 4.60446
vt 2.259473 4.762776
vt 2.751165 4.762776
vt 2.595305 4.85418
vt 2.751165 4.762776
vt 2.259473 4.762776
vt 2.169487 4.60446
vt 2.595305 4.85418
vt 2.415333 4.85418
vt 2.259473 4.762776
vt 2.415334 4.171934
vt 2.595305 4.171934
vt 2.751165 4.263338
vt 2.259473 4.263338
vt 2.751165 4.263338
vt 2.841151 4.421653
vt 2.751165 4.263338
vt 2.259473 4.263338
vt 2.415334 4.171934
vt 2.169487 4.421653
vt 2.841151 4.421653
vt 2.841151 4.60446
vt 2.841151 4.421653
vt 2.169487 4.421653
vt 2.259473 4.263338
vt 2.169487 4.60446
vt 2.841151 4.60446
vt 2.751165 4.762776
vt 2.841151 4.60446
vt 2.169487 4.60446
vt 2.169487 4.421653
vt 2.259473 4.762776
vt 2.751165 4.762776
vt 2.595305 4.85418
vt 2.751165 4.762776
vt 2.259473 4.762776
vt 2.169487 4.60446
vt 2.595305 4.85418
vt 2.415333 4.85418
vt 2.259473 4.762776
vn -0.704774 0.709431 -0.000671
vn -0.704774 0.709431 -0.000671
vn -0.704774 0.709431 -0.000671
vn -0.704391 0.709812 -0.000041
vn -0.704391 0.709812 -0.000041
vn -0.704391 0.709812 -0.000041
vn -0.704391 0.709811 0.001344
vn -0.704391 0.709811 0.001344
vn -0.704391 0.709811 0.001344
vn -0.704495 0.709709 0
vn -0.704495 0.709709 0
vn -0.704495 0.709709 0
vn -0.704495 0.709709 -0.000588
vn -0.704495 0.709709 -0.000588
vn -0.704495 0.709709 -0.000588
vn -0.704495 0.709709 0.000126
vn -0.704495 0.709709 0.000126
vn -0.704495 0.709709 0.000126
vn -0.704495 0.709709 0
vn -0.704495 0.709709 0
vn -0.704495 0.709709 0
vn -0.704391 0.709812 -0.000265
vn -0.704391 0.709812 -0.000265
vn -0.704391 0.709812 -0.000265
vn -0.704391 0.709812 0.000672
vn -0.704391 0.709812 0.000672
vn -0.704391 0.709812 0.000672
vn -0.704773 0.70943 -0.00228
vn -0.704773 0.70943 -0.00228
vn -0.704773 0.70943 -0.00228
vn -0.704774 0.709431 -0.000671
vn -0.704774 0.709431 -0.000671
vn -0.704774 0.709431 -0.000671
vn -0.704391 0.709812 -0.000041
vn -0.704391 0.709812 -0.000041
vn -0.704391 0.709812 -0.000041
vn -0.704391 0.709811 0.001344
vn -0.704391 0.709811 0.001344
vn -0.704391 0.709811 0.001344
vn -0.704495 0.709709 0
vn -0.704495 0.709709 0
vn -0.704495 0.709709 0
vn -0.704495 0.709709 -0.000588
vn -0.704495 0.709709 -0.000588
vn -0.704495 0.709709 -0.000588
vn -0.704495 0.709709 0.000126
vn -0.704495 0.709709 0.000126
vn -0.704495 0.709709 0.000126
vn -0.704495 0.709709 0
vn -0.704495 0.709709 0
vn -0.704495 0.709709 0
vn -0.704391 0.709812 -0.000265
vn -0.704391 0.709812 -0.000265
vn -0.704391 0.709812 -0.000265
vn -0.704391 0.709812 0.000672
vn -0.704391 0.709812 0.000672
vn -0.704391 0.709812 0.000672
vn -0.704773 0.70943 -0.00228
vn -0.704773 0.70943 -0.00228
vn -0.704773 0.70943 -0.00228
vn 0.704072 -0.710128 0.000919
vn 0.704072 -0.710128 0.000919
vn 0.704072 -0.710128 0.000919
vn 0.704295 -0.709907 -0.000252
vn 0.704295 -0.709907 -0.000252
vn 0.704295 -0.709907 -0.000252
vn 0.704295 -0.709907 0.000963
vn 0.704295 -0.709907 0.000963
vn 0.704295 -0.709907 0.000963
vn 0.704542 -0.709662 -0.000335
vn 0.704542 -0.709662 -0.000335
vn 0.704542 -0.709662 -0.000335
vn 0.704542 -0.709662 0
vn 0.704542 -0.709662 0
vn 0.704542 -0.709662 0
vn 0.704542 -0.709662 0
vn 0.704542 -0.709662 0
vn 0.704542 -0.709662 0
vn 0.704295 -0.709907 0.000537
vn 0.704295 -0.709907 0.000537
vn 0.704295 -0.709907 0.000537
vn 0.704542 -0.709662 -0.000762
vn 0.704542 -0.709662 -0.000762
vn 0.704542 -0.709662 -0.000762
vn 0.704072 -0.710128 0.000796
vn 0.704072 -0.710128 0.000796
vn 0.704072 -0.710128 0.000796
vn 0.704295 -0.709907 -0.000376
vn 0.704295 -0.709907 -0.000376
vn 0.704295 -0.709907 -0.000376
vn -0.704774 0.709431 -0.00067
vn -0.704774 0.709431 -0.00067
vn -0.704774 0.709431 -0.00067
vn -0.704391 0.709812 -0.000113
vn -0.704391 0.709812 -0.000113
vn -0.704391 0.709812 -0.000113
vn -0.704391 0.709811 0.001344
vn -0.704391 0.709811 0.001344
vn -0.704391 0.709811 0.001344
vn -0.704483 0.70972 0
vn -0.704483 0.70972 0
vn -0.704483 0.70972 0
vn -0.704483 0.70972 -0.000597
vn -0.704483 0.70972 -0.000597
vn -0.704483 0.70972 -0.000597
vn -0.704483 0.70972 0.000188
vn -0.704483 0.70972 0.000188
vn -0.704483 0.70972 0.000188
vn -0.704483 0.70972 0
vn -0.704391 0.709812 -0.000265
vn -0.704391 0.709812 -0.000265
vn -0.704391 0.709812 -0.000265
vn -0.704391 0.709812 0.000672
vn -0.704391 0.709812 0.000672
vn -0.704391 0.709812 0.000672
vn -0.704773 0.70943 -0.002279
vn -0.704773 0.70943 -0.002279
vn -0.704773 0.70943 -0.002279
vn -0.704599 0.709606 0.00013
vn -0.704599 0.709606 0.00013
vn -0.704599 0.709606 0.00013
vn -0.704375 0.709828 0.000044
vn -0.704375 0.709828 0.000044
vn -0.704375 0.709828 0.000044
vn -0.704375 0.709827 0.001305
vn -0.704375 0.709827 0.001305
vn -0.704375 0.709827 0.001305
vn -0.704483 0.70972 0
vn -0.704483 0.70972 0
vn -0.704483 0.70972 0
vn -0.704483 0.70972 -0.000525
vn -0.704483 0.70972 -0.000525
vn -0.704483 0.70972 -0.000525
vn -0.704483 0.70972 0.000044
vn -0.704483 0.70972 0.000044
vn -0.704483 0.70972 0.000044
vn -0.704483 0.70972 0
vn -0.704483 0.70972 0
vn -0.704483 0.70972 0
vn -0.704375 0.709828 -0.000676
vn -0.704375 0.709828 -0.000676
vn -0.704375 0.709828 -0.000676
vn -0.704375 0.709828 0.000613
vn -0.704375 0.709828 0.000613
vn -0.704375 0.709828 0.000613
vn -0.704598 0.709605 -0.001852
vn -0.704598 0.709605 -0.001852
vn -0.704598 0.709605 -0.001852
f 1226/1226/1226 1227/1227/1227 1225/1225/1225
f 1229/1229/1229 1230/1230/1230 1228/1228/1228
f 1232/1232/1232 1233/1233/1233 1231/1231/1231
f 1235/1235/1235 1236/1236/1236 1234/1234/1234
f 1238/1238/1238 1239/1239/1239 1237/1237/1237
f 1241/1241/1241 1242/1242/1242 1240/1240/1240
f 1244/1244/1244 1245/1245/1245 1243/1243/1243
f 1247/1247/1247 1248/1248/1248 1246/1246/1246
f 1250/1250/1250 1251/1251/1251 1249/1249/1249
f 1253/1253/1253 1254/1254/1254 1252/1252/1252
f 1256/1256/1256 1257/1257/1257 1255/1255/1255
f 1259/1259/1259 1260/1260/1260 1258/1258/1258
f 1262/1262/1262 1263/1263/1263 1261/1261/1261
f 1265/1265/1265 1266/1266/1266 1264/1264/1264
f 1268/1268/1268 1269/1269/1269 1267/1267/1267
f 1271/1271/1271 1272/1272/1272 1270/1270/1270
f 1274/1274/1274 1275/1275/1275 1273/1273/1273
f 1277/1277/1277 1278/1278/1278 1276/1276/1276
f 1280/1280/1280 1281/1281/1281 1279/1279/1279
f 1283/1283/1283 1284/1284/1284 1282/1282/1282
f 1286/1286/1286 1287/1287/1287 1285/1285/1285
f 1289/1289/1289 1290/1290/1290 1288/1288/1288
f 1292/1292/1292 1293/1293/1293 1291/1291/1291
f 1295/1295/1295 1296/1296/1296 1294/1294/1294
f 1298/1298/1298 1299/1299/1299 1297/1297/1297
f 1301/1301/1301 1302/1302/1302 1300/1300/1300
f 1304/1304/1304 1305/1305/1305 1303/1303/1303
f 1307/1307/1307 1308/1308/1308 1306/1306/1306
f 1310/1310/1310 1311/1311/1311 1309/1309/1309
f 1313/1313/1313 1314/1314/1314 1312/1312/1312
f 1316/1316/1316 1317/1317/1317 1315/1315/1315
f 1319/1319/1319 1320/1320/1320 1318/1318/1318
f 1322/1322/1322 1323/1323/1323 1321/1321/1321
f 1325/1325/1325 1326/1326/1326 1324/1324/1324
f 1328/1328/1328 1329/1329/1329 1327/1327/1327
f 1331/1331/1331 1332/1332/1332 1330/1330/1330
f 1333/1333/1333 1324/1324/1324 1326/1326/1326
f 1335/1335/1335 1336/1336/1336 1334/1334/1334
f 1338/1338/1338 1339/1339/1339 1337/1337/1337
f 1341/1341/1341 1342/1342/1342 1340/1340/1340
f 1344/1344/1344 1345/1345/1345 1343/1343/1343
f 1347/1347/1347 1348/1348/1348 1346/1346/1346
f 1350/1350/1350 1351/1351/1351 1349/1349/1349
f 1353/1353/1353 1354/1354/1354 1352/1352/1352
f 1356/1356/1356 1357/1357/1357 1355/1355/1355
f 1359/1359/1359 1360/1360/1360 1358/1358/1358
f 1362/1362/1362 1363/1363/1363 1361/1361/1361
f 1365/1365/1365 1366/1366/1366 1364/1364/1364
f 1368/1368/1368 1369/1369/1369 1367/1367/1367
f 1371/1371/1371 1372/1372/1372 1370/1370/1370
o KR_PIT_RED_A_10
usemtl material_0
v 11747.949219 -17047.425842 247.921467
v 11743.939972 -17051.210022 247.921467
v 11740.475464 -17054.489136 250.676703
v 11751.416779 -17044.148254 250.676703
v 11740.475464 -17054.489136 250.676703
v 11738.474274 -17056.376648 255.448794
v 11740.475464 -17054.489136 250.676703
v 11751.416779 -17044.148254 250.676703
v 11747.949219 -17047.425842 247.921467
v 11753.419495 -17042.251587 255.448794
v 11738.474274 -17056.376648 255.448794
v 11738.474274 -17056.376648 260.959315
v 11738.474274 -17056.376648 255.448794
v 11753.419495 -17042.251587 255.448794
v 11751.416779 -17044.148254 250.676703
v 11753.419495 -17042.251587 260.959315
v 11738.474274 -17056.376648 260.959315
v 11740.475464 -17054.489136 265.731573
v 11738.474274 -17056.376648 260.959315
v 11753.419495 -17042.251587 260.959315
v 11753.419495 -17042.251587 255.448794
v 11751.416779 -17044.148254 265.731573
v 11740.475464 -17054.489136 265.731573
v 11743.939972 -17051.210022 268.486691
v 11740.475464 -17054.489136 265.731573
v 11751.416779 -17044.148254 265.731573
v 11753.419495 -17042.251587 260.959315
v 11743.939972 -17051.210022 268.486691
v 11747.949219 -17047.425842 268.486691
v 11751.416779 -17044.148254 265.731573
vt 2.415334 4.171934
vt 2.595305 4.171934
vt 2.751165 4.263338
vt 2.259473 4.263338
vt 2.751165 4.263338
vt 2.841151 4.421653
vt 2.751165 4.263338
vt 2.259473 4.263338
vt 2.415334 4.171934
vt 2.169487 4.421653
vt 2.841151 4.421653
vt 2.841151 4.60446
vt 2.841151 4.421653
vt 2.169487 4.421653
vt 2.259473 4.263338
vt 2.169487 4.60446
vt 2.841151 4.60446
vt 2.751165 4.762776
vt 2.841151 4.60446
vt 2.169487 4.60446
vt 2.169487 4.421653
vt 2.259473 4.762776
vt 2.751165 4.762776
vt 2.595305 4.85418
vt 2.751165 4.762776
vt 2.259473 4.762776
vt 2.169487 4.60446
vt 2.595305 4.85418
vt 2.415333 4.85418
vt 2.259473 4.762776
vn -0.686329 0.727286 0.00257
vn -0.686329 0.727286 0.00257
vn -0.686329 0.727286 0.00257
vn -0.686884 0.726767 -0.000549
vn -0.686884 0.726767 -0.000549
vn -0.686884 0.726767 -0.000549
vn -0.686884 0.726767 -0.000265
vn -0.686884 0.726767 -0.000265
vn -0.686884 0.726767 -0.000265
vn -0.686905 0.726747 0
vn -0.686905 0.726748 0
vn -0.686905 0.726748 0
vn -0.686905 0.726747 -0.000657
vn -0.686905 0.726747 -0.000657
vn -0.686905 0.726747 -0.000657
vn -0.686905 0.726747 0.000566
vn -0.686905 0.726747 0.000566
vn -0.686905 0.726747 0.000566
vn -0.686905 0.726747 0
vn -0.686905 0.726748 0
vn -0.686905 0.726748 0
vn -0.686883 0.726767 -0.001255
vn -0.686883 0.726767 -0.001255
vn -0.686883 0.726767 -0.001255
vn -0.686884 0.726767 0.000673
vn -0.686884 0.726767 0.000673
vn -0.686884 0.726767 0.000673
vn -0.686331 0.727288 0.001581
vn -0.686331 0.727288 0.001581
vn -0.686331 0.727288 0.001581
f 1374/1374/1374 1375/1375/1375 1373/1373/1373
f 1377/1377/1377 1378/1378/1378 1376/1376/1376
f 1380/1380/1380 1381/1381/1381 1379/1379/1379
f 1383/1383/1383 1384/1384/1384 1382/1382/1382
f 1386/1386/1386 1387/1387/1387 1385/1385/1385
f 1389/1389/1389 1390/1390/1390 1388/1388/1388
f 1392/1392/1392 1393/1393/1393 1391/1391/1391
f 1395/1395/1395 1396/1396/1396 1394/1394/1394
f 1398/1398/1398 1399/1399/1399 1397/1397/1397
f 1401/1401/1401 1402/1402/1402 1400/1400/1400
o KR_PIT_RED_B_11
usemtl material_0
v 11747.948456 -17047.421265 217.921448
v 11743.939972 -17051.203918 217.921448
v 11740.474701 -17054.483032 220.676684
v 11751.416016 -17044.142151 220.676684
v 11740.474701 -17054.483032 220.676684
v 11738.473511 -17056.370544 225.448895
v 11740.474701 -17054.483032 220.676684
v 11751.416016 -17044.142151 220.676684
v 11747.948456 -17047.421265 217.921448
v 11753.419495 -17042.245483 225.448895
v 11738.473511 -17056.370544 225.448895
v 11738.473511 -17056.370544 230.95932
v 11738.473511 -17056.370544 225.448895
v 11753.419495 -17042.245483 225.448895
v 11751.416016 -17044.142151 220.676684
v 11753.419495 -17042.245483 230.959296
v 11738.473511 -17056.370544 230.95932
v 11740.474701 -17054.483032 235.731506
v 11738.473511 -17056.370544 230.95932
v 11753.419495 -17042.245483 230.959296
v 11751.416016 -17044.142151 235.731506
v 11740.474701 -17054.483032 235.731506
v 11743.939972 -17051.203918 238.486743
v 11740.474701 -17054.483032 235.731506
v 11751.416016 -17044.142151 235.731506
v 11753.419495 -17042.245483 230.959296
v 11743.939972 -17051.203918 238.486743
v 11747.948456 -17047.421265 238.486743
v 11751.416016 -17044.142151 235.731506
vt 2.415334 4.171934
vt 2.595305 4.171934
vt 2.751165 4.263338
vt 2.259473 4.263338
vt 2.751165 4.263338
vt 2.841151 4.421653
vt 2.751165 4.263338
vt 2.259473 4.263338
vt 2.415334 4.171934
vt 2.169487 4.421653
vt 2.841151 4.421653
vt 2.841151 4.60446
vt 2.841151 4.421653
vt 2.169487 4.421653
vt 2.259473 4.263338
vt 2.169487 4.60446
vt 2.841151 4.60446
vt 2.751165 4.762776
vt 2.841151 4.60446
vt 2.169487 4.60446
vt 2.259473 4.762776
vt 2.751165 4.762776
vt 2.595305 4.85418
vt 2.751165 4.762776
vt 2.259473 4.762776
vt 2.169487 4.60446
vt 2.595305 4.85418
vt 2.415333 4.85418
vt 2.259473 4.762776
vn -0.686421 0.727202 0.001859
vn -0.686421 0.727202 0.001859
vn -0.686421 0.727202 0.001859
vn -0.686851 0.726798 -0.000452
vn -0.686851 0.726798 -0.000452
vn -0.686851 0.726798 -0.000452
vn -0.686851 0.726798 -0.000344
vn -0.686851 0.726798 -0.000344
vn -0.686851 0.726798 -0.000344
vn -0.686868 0.726782 0
vn -0.686868 0.726782 0
vn -0.686868 0.726782 0
vn -0.686868 0.726782 -0.000542
vn -0.686868 0.726782 -0.000542
vn -0.686868 0.726782 -0.000542
vn -0.686868 0.726782 0.000466
vn -0.686868 0.726782 0.000466
vn -0.686868 0.726782 0.000466
vn -0.686868 0.726782 0
vn -0.686868 0.726782 0
vn -0.686851 0.726798 -0.000837
vn -0.686851 0.726798 -0.000837
vn -0.686851 0.726798 -0.000837
vn -0.686851 0.726798 0.000556
vn -0.686851 0.726798 0.000556
vn -0.686851 0.726798 0.000556
vn -0.686421 0.727203 0.001366
vn -0.686421 0.727203 0.001366
vn -0.686421 0.727203 0.001366
f 1404/1404/1404 1405/1405/1405 1403/1403/1403
f 1407/1407/1407 1408/1408/1408 1406/1406/1406
f 1410/1410/1410 1411/1411/1411 1409/1409/1409
f 1413/1413/1413 1414/1414/1414 1412/1412/1412
f 1416/1416/1416 1417/1417/1417 1415/1415/1415
f 1419/1419/1419 1420/1420/1420 1418/1418/1418
f 1422/1422/1422 1412/1412/1412 1421/1421/1421
f 1424/1424/1424 1425/1425/1425 1423/1423/1423
f 1427/1427/1427 1428/1428/1428 1426/1426/1426
f 1430/1430/1430 1431/1431/1431 1429/1429/1429
o KR_START_YELLOW_12
usemtl material_0
v -7319.761658 1363.565445 421.929979
v -7323.668671 1359.684277 421.929979
v -7327.056122 1356.322479 424.685192
v -7316.369629 1366.926289 424.685192
v -7327.056122 1356.322479 424.685192
v -7329.01535 1354.377842 429.457426
v -7327.056122 1356.322479 424.685192
v -7316.369629 1366.926289 424.685192
v -7319.761658 1363.565445 421.929979
v -7314.414978 1368.869972 429.457426
v -7329.01535 1354.377842 429.457426
v -7329.01535 1354.377842 434.967899
v -7329.01535 1354.377842 429.457426
v -7314.414978 1368.869972 429.457426
v -7316.369629 1366.926289 424.685192
v -7314.414978 1368.869972 434.967899
v -7329.01535 1354.377842 434.967899
v -7327.056122 1356.322479 439.740038
v -7329.01535 1354.377842 434.967899
v -7314.414978 1368.869972 434.967899
v -7314.414978 1368.869972 429.457426
v -7316.369629 1366.926289 439.740038
v -7327.056122 1356.322479 439.740038
v -7323.668671 1359.684277 442.495251
v -7327.056122 1356.322479 439.740038
v -7316.369629 1366.926289 439.740038
v -7314.414978 1368.869972 434.967899
v -7323.668671 1359.684277 442.495251
v -7319.761658 1363.565445 442.495251
v -7316.369629 1366.926289 439.740038
v -7384.767151 1299.157906 421.930027
v -7388.673401 1295.276737 421.930027
v -7392.060852 1291.91494 424.685287
v -7381.375122 1302.518749 424.685287
v -7392.060852 1291.91494 424.685287
v -7394.020081 1289.970303 429.457474
v -7392.060852 1291.91494 424.685287
v -7381.375122 1302.518749 424.685287
v -7384.767151 1299.157906 421.930027
v -7379.420471 1304.462433 429.457474
v -7394.020081 1289.970303 429.457474
v -7394.020081 1289.970303 434.967995
v -7394.020081 1289.970303 429.457474
v -7379.420471 1304.462433 429.457474
v -7381.375122 1302.518749 424.685287
v -7379.420471 1304.462433 434.967995
v -7394.020081 1289.970303 434.967995
v -7392.060852 1291.91494 439.740086
v -7394.020081 1289.970303 434.967995
v -7379.420471 1304.462433 434.967995
v -7379.420471 1304.462433 429.457474
v -7381.375122 1302.518749 439.740086
v -7392.060852 1291.91494 439.740086
v -7388.673401 1295.276737 442.495346
v -7392.060852 1291.91494 439.740086
v -7381.375122 1302.518749 439.740086
v -7379.420471 1304.462433 434.967995
v -7388.673401 1295.276737 442.495346
v -7384.767151 1299.157906 442.495346
v -7381.375122 1302.518749 439.740086
v -7352.316284 1331.311321 421.930027
v -7356.223297 1327.430153 421.930027
v -7359.609222 1324.067497 424.685287
v -7348.924255 1334.67226 424.685287
v -7359.609222 1324.067497 424.685287
v -7361.569977 1322.123718 429.457521
v -7359.609222 1324.067497 424.685287
v -7348.924255 1334.67226 424.685287
v -7352.316284 1331.311321 421.930027
v -7346.970367 1336.615944 429.457521
v -7361.569977 1322.123718 429.457521
v -7361.569977 1322.123718 434.967995
v -7361.569977 1322.123718 429.457521
v -7346.970367 1336.615944 429.457521
v -7348.924255 1334.67226 424.685287
v -7346.970367 1336.615944 434.967995
v -7361.569977 1322.123718 434.967995
v -7359.609222 1324.067497 439.740086
v -7361.569977 1322.123718 434.967995
v -7346.970367 1336.615944 434.967995
v -7346.970367 1336.615944 429.457521
v -7348.924255 1334.67226 439.740086
v -7359.609222 1324.067497 439.740086
v -7356.223297 1327.430248 442.495346
v -7359.609222 1324.067497 439.740086
v -7348.924255 1334.67226 439.740086
v -7346.970367 1336.615944 434.967995
v -7356.223297 1327.430248 442.495346
v -7352.316284 1331.311321 442.495346
v -7348.924255 1334.67226 439.740086
v -7287.115479 1395.911121 421.929979
v -7291.022491 1392.029953 421.929979
v -7294.408417 1388.667202 424.685192
v -7283.72345 1399.27206 424.685192
v -7294.408417 1388.667202 424.685192
v -7296.369171 1386.723518 429.457426
v -7294.408417 1388.667202 424.685192
v -7283.72345 1399.27206 424.685192
v -7287.115479 1395.911121 421.929979
v -7281.768799 1401.215649 429.457426
v -7296.369171 1386.723518 429.457426
v -7296.369171 1386.723518 434.967899
v -7296.369171 1386.723518 429.457426
v -7281.768799 1401.215649 429.457426
v -7283.72345 1399.27206 424.685192
v -7281.768799 1401.215649 434.967899
v -7296.369171 1386.723518 434.967899
v -7294.408417 1388.667202 439.740038
v -7296.369171 1386.723518 434.967899
v -7281.768799 1401.215649 434.967899
v -7281.768799 1401.215649 429.457426
v -7283.72345 1399.27206 439.740038
v -7294.408417 1388.667202 439.740038
v -7291.022491 1392.029953 442.495251
v -7294.408417 1388.667202 439.740038
v -7283.72345 1399.27206 439.740038
v -7281.768799 1401.215649 434.967899
v -7291.022491 1392.029953 442.495251
v -7287.115479 1395.911121 442.495251
v -7283.72345 1399.27206 439.740038
v -7254.589081 1428.137112 421.929884
v -7258.495331 1424.255943 421.929884
v -7261.882019 1420.893288 424.685097
v -7251.195526 1431.497097 424.685097
v -7261.882019 1420.893288 424.685097
v -7263.841248 1418.948555 429.457331
v -7261.882019 1420.893288 424.685097
v -7251.195526 1431.497097 424.685097
v -7254.589081 1428.137112 421.929884
v -7249.242401 1433.441734 429.457331
v -7263.841248 1418.948555 429.457331
v -7263.841248 1418.948555 434.967804
v -7263.841248 1418.948555 429.457331
v -7249.242401 1433.441734 429.457331
v -7251.195526 1431.497097 424.685097
v -7249.242401 1433.441734 434.967804
v -7263.841248 1418.948555 434.967804
v -7261.882019 1420.893288 439.739943
v -7263.841248 1418.948555 434.967804
v -7249.242401 1433.441734 434.967804
v -7249.242401 1433.441734 429.457331
v -7251.195526 1431.497097 439.739943
v -7261.882019 1420.893288 439.739943
v -7258.495331 1424.255943 442.495203
v -7261.882019 1420.893288 439.739943
v -7251.195526 1431.497097 439.739943
v -7249.242401 1433.441734 434.967804
v -7258.495331 1424.255943 442.495203
v -7254.589081 1428.137112 442.495203
v -7251.195526 1431.497097 439.739943
vt 2.415334 4.171934
vt 2.595305 4.171934
vt 2.751165 4.263338
vt 2.259473 4.263338
vt 2.751165 4.263338
vt 2.841151 4.421653
vt 2.751165 4.263338
vt 2.259473 4.263338
vt 2.415334 4.171934
vt 2.169487 4.421653
vt 2.841151 4.421653
vt 2.841151 4.60446
vt 2.841151 4.421653
vt 2.169487 4.421653
vt 2.259473 4.263338
vt 2.169487 4.60446
vt 2.841151 4.60446
vt 2.751165 4.762776
vt 2.841151 4.60446
vt 2.169487 4.60446
vt 2.169487 4.421653
vt 2.259473 4.762776
vt 2.751165 4.762776
vt 2.595305 4.85418
vt 2.751165 4.762776
vt 2.259473 4.762776
vt 2.169487 4.60446
vt 2.595305 4.85418
vt 2.415333 4.85418
vt 2.259473 4.762776
vt 2.415334 4.171934
vt 2.595305 4.171934
vt 2.751165 4.263338
vt 2.259473 4.263338
vt 2.751165 4.263338
vt 2.841151 4.421653
vt 2.751165 4.263338
vt 2.259473 4.263338
vt 2.415334 4.171934
vt 2.169487 4.421653
vt 2.841151 4.421653
vt 2.841151 4.60446
vt 2.841151 4.421653
vt 2.169487 4.421653
vt 2.259473 4.263338
vt 2.169487 4.60446
vt 2.841151 4.60446
vt 2.751165 4.762776
vt 2.841151 4.60446
vt 2.169487 4.60446
vt 2.169487 4.421653
vt 2.259473 4.762776
vt 2.751165 4.762776
vt 2.595305 4.85418
vt 2.751165 4.762776
vt 2.259473 4.762776
vt 2.169487 4.60446
vt 2.595305 4.85418
vt 2.415333 4.85418
vt 2.259473 4.762776
vt 2.415334 4.171934
vt 2.595305 4.171934
vt 2.751165 4.263338
vt 2.259473 4.263338
vt 2.751165 4.263338
vt 2.841151 4.421653
vt 2.751165 4.263338
vt 2.259473 4.263338
vt 2.415334 4.171934
vt 2.169487 4.421653
vt 2.841151 4.421653
vt 2.841151 4.60446
vt 2.841151 4.421653
vt 2.169487 4.421653
vt 2.259473 4.263338
vt 2.169487 4.60446
vt 2.841151 4.60446
vt 2.751165 4.762776
vt 2.841151 4.60446
vt 2.169487 4.60446
vt 2.169487 4.421653
vt 2.259473 4.762776
vt 2.751165 4.762776
vt 2.595305 4.85418
vt 2.751165 4.762776
vt 2.259473 4.762776
vt 2.169487 4.60446
vt 2.595305 4.85418
vt 2.415333 4.85418
vt 2.259473 4.762776
vt 2.415334 4.171934
vt 2.595305 4.171934
vt 2.751165 4.263338
vt 2.259473 4.263338
vt 2.751165 4.263338
vt 2.841151 4.421653
vt 2.751165 4.263338
vt 2.259473 4.263338
vt 2.415334 4.171934
vt 2.169487 4.421653
vt 2.841151 4.421653
vt 2.841151 4.60446
vt 2.841151 4.421653
vt 2.169487 4.421653
vt 2.259473 4.263338
vt 2.169487 4.60446
vt 2.841151 4.60446
vt 2.751165 4.762776
vt 2.841151 4.60446
vt 2.169487 4.60446
vt 2.169487 4.421653
vt 2.259473 4.762776
vt 2.751165 4.762776
vt 2.595305 4.85418
vt 2.751165 4.762776
vt 2.259473 4.762776
vt 2.169487 4.60446
vt 2.595305 4.85418
vt 2.415333 4.85418
vt 2.259473 4.762776
vt 2.415334 4.171934
vt 2.595305 4.171934
vt 2.751165 4.263338
vt 2.259473 4.263338
vt 2.751165 4.263338
vt 2.841151 4.421653
vt 2.751165 4.263338
vt 2.259473 4.263338
vt 2.415334 4.171934
vt 2.169487 4.421653
vt 2.841151 4.421653
vt 2.841151 4.60446
vt 2.841151 4.421653
vt 2.169487 4.421653
vt 2.259473 4.263338
vt 2.169487 4.60446
vt 2.841151 4.60446
vt 2.751165 4.762776
vt 2.841151 4.60446
vt 2.169487 4.60446
vt 2.169487 4.421653
vt 2.259473 4.762776
vt 2.751165 4.762776
vt 2.595305 4.85418
vt 2.751165 4.762776
vt 2.259473 4.762776
vt 2.169487 4.60446
vt 2.595305 4.85418
vt 2.415333 4.85418
vt 2.259473 4.762776
vn -0.704774 0.709431 -0.000795
vn -0.704774 0.709431 -0.000795
vn -0.704774 0.709431 -0.000795
vn -0.704375 0.709828 0.000043
vn -0.704375 0.709828 0.000043
vn -0.704375 0.709828 0.000043
vn -0.704374 0.709827 0.001304
vn -0.704374 0.709827 0.001304
vn -0.704374 0.709827 0.001304
vn -0.704483 0.709721 0
vn -0.704483 0.709721 0
vn -0.704483 0.709721 0
vn -0.704483 0.709721 -0.000526
vn -0.704483 0.709721 -0.000526
vn -0.704483 0.70972 -0.000526
vn -0.704483 0.709721 0.000044
vn -0.704483 0.709721 0.000044
vn -0.704483 0.709721 0.000044
vn -0.704483 0.709721 0
vn -0.704483 0.709721 0
vn -0.704483 0.709721 0
vn -0.704375 0.709828 -0.00018
vn -0.704375 0.709828 -0.00018
vn -0.704375 0.709828 -0.00018
vn -0.704375 0.709828 0.000613
vn -0.704375 0.709828 0.000613
vn -0.704375 0.709828 0.000613
vn -0.704773 0.70943 -0.00228
vn -0.704773 0.70943 -0.00228
vn -0.704773 0.70943 -0.00228
vn -0.704774 0.709431 -0.000795
vn -0.704774 0.709431 -0.000795
vn -0.704774 0.709431 -0.000795
vn -0.704375 0.709828 0.000043
vn -0.704375 0.709828 0.000043
vn -0.704375 0.709828 0.000043
vn -0.704374 0.709827 0.001304
vn -0.704374 0.709827 0.001304
vn -0.704374 0.709827 0.001304
vn -0.704483 0.709721 0
vn -0.704483 0.709721 0
vn -0.704483 0.709721 0
vn -0.704483 0.70972 -0.000526
vn -0.704483 0.709721 -0.000526
vn -0.704483 0.70972 -0.000526
vn -0.704483 0.709721 0.000044
vn -0.704483 0.709721 0.000044
vn -0.704483 0.709721 0.000044
vn -0.704483 0.709721 0
vn -0.704483 0.709721 0
vn -0.704483 0.709721 0
vn -0.704375 0.709828 -0.00018
vn -0.704375 0.709828 -0.00018
vn -0.704375 0.709828 -0.00018
vn -0.704375 0.709828 0.000613
vn -0.704375 0.709828 0.000613
vn -0.704375 0.709828 0.000613
vn -0.704773 0.70943 -0.00228
vn -0.704773 0.70943 -0.00228
vn -0.704773 0.70943 -0.00228
vn -0.704774 0.709431 -0.000299
vn -0.704774 0.709431 -0.000299
vn -0.704774 0.709431 -0.000299
vn -0.70444 0.709764 -0.000296
vn -0.70444 0.709764 -0.000296
vn -0.70444 0.709764 -0.000296
vn -0.704439 0.709763 0.001462
vn -0.704439 0.709763 0.001462
vn -0.704439 0.709763 0.001462
vn -0.704483 0.709721 0
vn -0.704483 0.709721 0
vn -0.704483 0.709721 0
vn -0.704483 0.70972 -0.000526
vn -0.704483 0.709721 -0.000526
vn -0.704483 0.70972 -0.000526
vn -0.704483 0.709721 0.000331
vn -0.704483 0.709721 0.000331
vn -0.704483 0.709721 0.000331
vn -0.704483 0.709721 0
vn -0.704483 0.709721 0
vn -0.704483 0.709721 0
vn -0.704439 0.709764 -0.000519
vn -0.704439 0.709764 -0.000519
vn -0.704439 0.709764 -0.000519
vn -0.704439 0.709764 0.000561
vn -0.704439 0.709764 0.000561
vn -0.704439 0.709764 0.000561
vn -0.704773 0.70943 -0.00228
vn -0.704773 0.70943 -0.00228
vn -0.704773 0.70943 -0.00228
vn -0.704774 0.709431 -0.000299
vn -0.704774 0.709431 -0.000299
vn -0.704774 0.709431 -0.000299
vn -0.70444 0.709764 -0.000296
vn -0.70444 0.709764 -0.000296
vn -0.70444 0.709764 -0.000296
vn -0.704439 0.709763 0.001462
vn -0.704439 0.709763 0.001462
vn -0.704439 0.709763 0.001462
vn -0.704483 0.709721 0
vn -0.704483 0.709721 0
vn -0.704483 0.709721 0
vn -0.704483 0.70972 -0.000526
vn -0.704483 0.709721 -0.000526
vn -0.704483 0.70972 -0.000526
vn -0.704483 0.709721 0.000331
vn -0.704483 0.709721 0.000331
vn -0.704483 0.709721 0.000331
vn -0.704483 0.709721 0
vn -0.704483 0.709721 0
vn -0.704483 0.709721 0
vn -0.704439 0.709764 -0.000519
vn -0.704439 0.709764 -0.000519
vn -0.704439 0.709764 -0.000519
vn -0.704439 0.709764 0.000561
vn -0.704439 0.709764 0.000561
vn -0.704439 0.709764 0.000561
vn -0.704773 0.70943 -0.00228
vn -0.704773 0.70943 -0.00228
vn -0.704773 0.70943 -0.00228
vn -0.704774 0.709431 -0.000299
vn -0.704774 0.709431 -0.000299
vn -0.704774 0.709431 -0.000299
vn -0.704375 0.709828 0.000043
vn -0.704375 0.709828 0.000043
vn -0.704375 0.709828 0.000043
vn -0.704374 0.709827 0.001801
vn -0.704374 0.709827 0.001801
vn -0.704374 0.709827 0.001801
vn -0.70453 0.709674 0
vn -0.70453 0.709674 0
vn -0.70453 0.709674 0
vn -0.70453 0.709674 -0.000774
vn -0.70453 0.709674 -0.000774
vn -0.70453 0.709674 -0.000774
vn -0.70453 0.709674 0.000083
vn -0.70453 0.709674 0.000083
vn -0.70453 0.709674 0.000083
vn -0.70453 0.709674 0
vn -0.70453 0.709674 0
vn -0.70453 0.709674 0
vn -0.704375 0.709828 -0.000677
vn -0.704375 0.709828 -0.000677
vn -0.704375 0.709828 -0.000677
vn -0.704375 0.709828 0.0009
vn -0.704375 0.709828 0.0009
vn -0.704375 0.709828 0.0009
vn -0.704772 0.709429 -0.002776
vn -0.704772 0.709429 -0.002776
vn -0.704772 0.709429 -0.002776
f 1433/1433/1433 1434/1434/1434 1432/1432/1432
f 1436/1436/1436 1437/1437/1437 1435/1435/1435
f 1439/1439/1439 1440/1440/1440 1438/1438/1438
f 1442/1442/1442 1443/1443/1443 1441/1441/1441
f 1445/1445/1445 1446/1446/1446 1444/1444/1444
f 1448/1448/1448 1449/1449/1449 1447/1447/1447
f 1451/1451/1451 1452/1452/1452 1450/1450/1450
f 1454/1454/1454 1455/1455/1455 1453/1453/1453
f 1457/1457/1457 1458/1458/1458 1456/1456/1456
f 1460/1460/1460 1461/1461/1461 1459/1459/1459
f 1463/1463/1463 1464/1464/1464 1462/1462/1462
f 1466/1466/1466 1467/1467/1467 1465/1465/1465
f 1469/1469/1469 1470/1470/1470 1468/1468/1468
f 1472/1472/1472 1473/1473/1473 1471/1471/1471
f 1475/1475/1475 1476/1476/1476 1474/1474/1474
f 1478/1478/1478 1479/1479/1479 1477/1477/1477
f 1481/1481/1481 1482/1482/1482 1480/1480/1480
f 1484/1484/1484 1485/1485/1485 1483/1483/1483
f 1487/1487/1487 1488/1488/1488 1486/1486/1486
f 1490/1490/1490 1491/1491/1491 1489/1489/1489
f 1493/1493/1493 1494/1494/1494 1492/1492/1492
f 1496/1496/1496 1497/1497/1497 1495/1495/1495
f 1499/1499/1499 1500/1500/1500 1498/1498/1498
f 1502/1502/1502 1503/1503/1503 1501/1501/1501
f 1505/1505/1505 1506/1506/1506 1504/1504/1504
f 1508/1508/1508 1509/1509/1509 1507/1507/1507
f 1511/1511/1511 1512/1512/1512 1510/1510/1510
f 1514/1514/1514 1515/1515/1515 1513/1513/1513
f 1517/1517/1517 1518/1518/1518 1516/1516/1516
f 1520/1520/1520 1521/1521/1521 1519/1519/1519
f 1523/1523/1523 1524/1524/1524 1522/1522/1522
f 1526/1526/1526 1527/1527/1527 1525/1525/1525
f 1529/1529/1529 1530/1530/1530 1528/1528/1528
f 1532/1532/1532 1533/1533/1533 1531/1531/1531
f 1535/1535/1535 1536/1536/1536 1534/1534/1534
f 1538/1538/1538 1539/1539/1539 1537/1537/1537
f 1541/1541/1541 1542/1542/1542 1540/1540/1540
f 1544/1544/1544 1545/1545/1545 1543/1543/1543
f 1547/1547/1547 1548/1548/1548 1546/1546/1546
f 1550/1550/1550 1551/1551/1551 1549/1549/1549
f 1553/1553/1553 1554/1554/1554 1552/1552/1552
f 1556/1556/1556 1557/1557/1557 1555/1555/1555
f 1559/1559/1559 1560/1560/1560 1558/1558/1558
f 1562/1562/1562 1563/1563/1563 1561/1561/1561
f 1565/1565/1565 1566/1566/1566 1564/1564/1564
f 1568/1568/1568 1569/1569/1569 1567/1567/1567
f 1571/1571/1571 1572/1572/1572 1570/1570/1570
f 1574/1574/1574 1575/1575/1575 1573/1573/1573
f 1577/1577/1577 1578/1578/1578 1576/1576/1576
f 1580/1580/1580 1581/1581/1581 1579/1579/1579
o KR_START_YELLOW_13
usemtl material_0
v 1275.564003 -7211.138916 422.261
v 1271.657181 -7215.019989 422.261
v 1268.270302 -7218.382263 425.016212
v 1278.956032 -7207.778168 425.016212
v 1268.270302 -7218.382263 425.016212
v 1266.310596 -7220.326996 429.788446
v 1268.270302 -7218.382263 425.016212
v 1278.956032 -7207.778168 425.016212
v 1275.564003 -7211.138916 422.261
v 1280.910301 -7205.834198 429.788446
v 1266.310596 -7220.326996 429.788446
v 1266.310596 -7220.326996 435.29892
v 1266.310596 -7220.326996 429.788446
v 1280.910301 -7205.834198 429.788446
v 1278.956032 -7207.778168 425.016212
v 1280.910301 -7205.834198 435.29892
v 1266.310596 -7220.326996 435.29892
v 1268.270302 -7218.382263 440.071058
v 1266.310596 -7220.326996 435.29892
v 1280.910301 -7205.834198 435.29892
v 1280.910301 -7205.834198 429.788446
v 1278.956032 -7207.778168 440.071058
v 1268.270302 -7218.382263 440.071058
v 1271.657181 -7215.019989 442.826271
v 1268.270302 -7218.382263 440.071058
v 1278.956032 -7207.778168 440.071058
v 1280.910301 -7205.834198 435.29892
v 1271.657181 -7215.019989 442.826271
v 1275.564003 -7211.138916 442.826271
v 1278.956032 -7207.778168 440.071058
v 1210.558891 -7275.547028 422.261047
v 1206.652164 -7279.428101 422.261047
v 1203.265285 -7282.789612 425.016308
v 1213.951015 -7272.185516 425.016308
v 1203.265285 -7282.789612 425.016308
v 1201.30558 -7284.734344 429.788542
v 1203.265285 -7282.789612 425.016308
v 1213.951015 -7272.185516 425.016308
v 1210.558891 -7275.547028 422.261047
v 1215.905285 -7270.24231 429.788542
v 1201.30558 -7284.734344 429.788542
v 1201.30558 -7284.734344 435.299015
v 1201.30558 -7284.734344 429.788542
v 1215.905285 -7270.24231 429.788542
v 1213.951015 -7272.185516 425.016308
v 1215.905285 -7270.24231 435.299015
v 1201.30558 -7284.734344 435.299015
v 1203.265285 -7282.789612 440.071154
v 1201.30558 -7284.734344 435.299015
v 1215.905285 -7270.24231 435.299015
v 1215.905285 -7270.24231 429.788542
v 1213.951015 -7272.185516 440.071154
v 1203.265285 -7282.789612 440.071154
v 1206.652164 -7279.428101 442.826366
v 1203.265285 -7282.789612 440.071154
v 1213.951015 -7272.185516 440.071154
v 1215.905285 -7270.24231 435.299015
v 1206.652164 -7279.428101 442.826366
v 1210.558891 -7275.547028 442.826366
v 1213.951015 -7272.185516 440.071154
v 1243.009186 -7243.392944 422.261047
v 1239.102364 -7247.27478 422.261047
v 1235.71558 -7250.636292 425.016308
v 1246.401215 -7240.032196 425.016308
v 1235.71558 -7250.636292 425.016308
v 1233.755875 -7252.581024 429.788542
v 1235.71558 -7250.636292 425.016308
v 1246.401215 -7240.032196 425.016308
v 1243.009186 -7243.392944 422.261047
v 1248.355579 -7238.088226 429.788542
v 1233.755875 -7252.581024 429.788542
v 1233.755875 -7252.581024 435.299015
v 1233.755875 -7252.581024 429.788542
v 1248.355579 -7238.088226 429.788542
v 1246.401215 -7240.032196 425.016308
v 1248.355579 -7238.088226 435.299015
v 1233.755875 -7252.581024 435.299015
v 1235.71558 -7250.636292 440.071154
v 1233.755875 -7252.581024 435.299015
v 1248.355579 -7238.088226 435.299015
v 1248.355579 -7238.088226 429.788542
v 1246.401215 -7240.032196 440.071154
v 1235.71558 -7250.636292 440.071154
v 1239.102364 -7247.27478 442.826366
v 1235.71558 -7250.636292 440.071154
v 1246.401215 -7240.032196 440.071154
v 1248.355579 -7238.088226 435.299015
v 1239.102364 -7247.27478 442.826366
v 1243.009186 -7243.392944 442.826366
v 1246.401215 -7240.032196 440.071154
v 1308.210373 -7178.793335 422.261
v 1304.303551 -7182.674408 422.261
v 1300.916767 -7186.036682 425.016212
v 1311.602402 -7175.432587 425.016212
v 1300.916767 -7186.036682 425.016212
v 1298.957062 -7187.981415 429.788446
v 1300.916767 -7186.036682 425.016212
v 1311.602402 -7175.432587 425.016212
v 1308.210373 -7178.793335 422.261
v 1313.556767 -7173.488617 429.788446
v 1298.957062 -7187.981415 429.788446
v 1298.957062 -7187.981415 435.29892
v 1298.957062 -7187.981415 429.788446
v 1313.556767 -7173.488617 429.788446
v 1311.602402 -7175.432587 425.016212
v 1313.556767 -7173.488617 435.29892
v 1298.957062 -7187.981415 435.29892
v 1300.916767 -7186.036682 440.071058
v 1298.957062 -7187.981415 435.29892
v 1313.556767 -7173.488617 435.29892
v 1313.556767 -7173.488617 429.788446
v 1311.602402 -7175.432587 440.071058
v 1300.916767 -7186.036682 440.071058
v 1304.303551 -7182.674408 442.826271
v 1300.916767 -7186.036682 440.071058
v 1311.602402 -7175.432587 440.071058
v 1313.556767 -7173.488617 435.29892
v 1304.303551 -7182.674408 442.826271
v 1308.210373 -7178.793335 442.826271
v 1311.602402 -7175.432587 440.071058
v 1340.737343 -7146.567535 422.260904
v 1336.830521 -7150.448608 422.260904
v 1333.443737 -7153.810883 425.016165
v 1344.129372 -7143.206787 425.016165
v 1333.443737 -7153.810883 425.016165
v 1331.484032 -7155.755615 429.788351
v 1333.443737 -7153.810883 425.016165
v 1344.129372 -7143.206787 425.016165
v 1340.737343 -7146.567535 422.260904
v 1346.083736 -7141.262817 429.788351
v 1331.484032 -7155.755615 429.788351
v 1331.484032 -7155.755615 435.298824
v 1331.484032 -7155.755615 429.788351
v 1346.083736 -7141.262817 429.788351
v 1344.129372 -7143.206787 425.016165
v 1346.083736 -7141.262817 435.298824
v 1331.484032 -7155.755615 435.298824
v 1333.443737 -7153.810883 440.070963
v 1331.484032 -7155.755615 435.298824
v 1346.083736 -7141.262817 435.298824
v 1346.083736 -7141.262817 429.788351
v 1344.129372 -7143.206787 440.070963
v 1333.443737 -7153.810883 440.070963
v 1336.830521 -7150.448608 442.826223
v 1333.443737 -7153.810883 440.070963
v 1344.129372 -7143.206787 440.070963
v 1346.083736 -7141.262817 435.298824
v 1336.830521 -7150.448608 442.826223
v 1340.737343 -7146.567535 442.826223
v 1344.129372 -7143.206787 440.070963
vt 2.415334 4.171934
vt 2.595305 4.171934
vt 2.751165 4.263338
vt 2.259473 4.263338
vt 2.751165 4.263338
vt 2.841151 4.421653
vt 2.751165 4.263338
vt 2.259473 4.263338
vt 2.415334 4.171934
vt 2.169487 4.421653
vt 2.841151 4.421653
vt 2.841151 4.60446
vt 2.841151 4.421653
vt 2.169487 4.421653
vt 2.259473 4.263338
vt 2.169487 4.60446
vt 2.841151 4.60446
vt 2.751165 4.762776
vt 2.841151 4.60446
vt 2.169487 4.60446
vt 2.169487 4.421653
vt 2.259473 4.762776
vt 2.751165 4.762776
vt 2.595305 4.85418
vt 2.751165 4.762776
vt 2.259473 4.762776
vt 2.169487 4.60446
vt 2.595305 4.85418
vt 2.415333 4.85418
vt 2.259473 4.762776
vt 2.415334 4.171934
vt 2.595305 4.171934
vt 2.751165 4.263338
vt 2.259473 4.263338
vt 2.751165 4.263338
vt 2.841151 4.421653
vt 2.751165 4.263338
vt 2.259473 4.263338
vt 2.415334 4.171934
vt 2.169487 4.421653
vt 2.841151 4.421653
vt 2.841151 4.60446
vt 2.841151 4.421653
vt 2.169487 4.421653
vt 2.259473 4.263338
vt 2.169487 4.60446
vt 2.841151 4.60446
vt 2.751165 4.762776
vt 2.841151 4.60446
vt 2.169487 4.60446
vt 2.169487 4.421653
vt 2.259473 4.762776
vt 2.751165 4.762776
vt 2.595305 4.85418
vt 2.751165 4.762776
vt 2.259473 4.762776
vt 2.169487 4.60446
vt 2.595305 4.85418
vt 2.415333 4.85418
vt 2.259473 4.762776
vt 2.415334 4.171934
vt 2.595305 4.171934
vt 2.751165 4.263338
vt 2.259473 4.263338
vt 2.751165 4.263338
vt 2.841151 4.421653
vt 2.751165 4.263338
vt 2.259473 4.263338
vt 2.415334 4.171934
vt 2.169487 4.421653
vt 2.841151 4.421653
vt 2.841151 4.60446
vt 2.841151 4.421653
vt 2.169487 4.421653
vt 2.259473 4.263338
vt 2.169487 4.60446
vt 2.841151 4.60446
vt 2.751165 4.762776
vt 2.841151 4.60446
vt 2.169487 4.60446
vt 2.169487 4.421653
vt 2.259473 4.762776
vt 2.751165 4.762776
vt 2.595305 4.85418
vt 2.751165 4.762776
vt 2.259473 4.762776
vt 2.169487 4.60446
vt 2.595305 4.85418
vt 2.415333 4.85418
vt 2.259473 4.762776
vt 2.415334 4.171934
vt 2.595305 4.171934
vt 2.751165 4.263338
vt 2.259473 4.263338
vt 2.751165 4.263338
vt 2.841151 4.421653
vt 2.751165 4.263338
vt 2.259473 4.263338
vt 2.415334 4.171934
vt 2.169487 4.421653
vt 2.841151 4.421653
vt 2.841151 4.60446
vt 2.841151 4.421653
vt 2.169487 4.421653
vt 2.259473 4.263338
vt 2.169487 4.60446
vt 2.841151 4.60446
vt 2.751165 4.762776
vt 2.841151 4.60446
vt 2.169487 4.60446
vt 2.169487 4.421653
vt 2.259473 4.762776
vt 2.751165 4.762776
vt 2.595305 4.85418
vt 2.751165 4.762776
vt 2.259473 4.762776
vt 2.169487 4.60446
vt 2.595305 4.85418
vt 2.415333 4.85418
vt 2.259473 4.762776
vt 2.415334 4.171934
vt 2.595305 4.171934
vt 2.751165 4.263338
vt 2.259473 4.263338
vt 2.751165 4.263338
vt 2.841151 4.421653
vt 2.751165 4.263338
vt 2.259473 4.263338
vt 2.415334 4.171934
vt 2.169487 4.421653
vt 2.841151 4.421653
vt 2.841151 4.60446
vt 2.841151 4.421653
vt 2.169487 4.421653
vt 2.259473 4.263338
vt 2.169487 4.60446
vt 2.841151 4.60446
vt 2.751165 4.762776
vt 2.841151 4.60446
vt 2.169487 4.60446
vt 2.169487 4.421653
vt 2.259473 4.762776
vt 2.751165 4.762776
vt 2.595305 4.85418
vt 2.751165 4.762776
vt 2.259473 4.762776
vt 2.169487 4.60446
vt 2.595305 4.85418
vt 2.415333 4.85418
vt 2.259473 4.762776
vn -0.704774 0.709431 -0.000671
vn -0.704774 0.709431 -0.000671
vn -0.704774 0.709431 -0.000671
vn -0.704391 0.709812 -0.000041
vn -0.704391 0.709812 -0.000041
vn -0.704391 0.709812 -0.000041
vn -0.704391 0.709811 0.001344
vn -0.704391 0.709811 0.001344
vn -0.704391 0.709811 0.001344
vn -0.704495 0.709709 0
vn -0.704495 0.709709 0
vn -0.704495 0.709709 0
vn -0.704495 0.709709 -0.000588
vn -0.704495 0.709709 -0.000588
vn -0.704495 0.709709 -0.000588
vn -0.704495 0.709709 0.000126
vn -0.704495 0.709709 0.000126
vn -0.704495 0.709709 0.000126
vn -0.704495 0.709709 0
vn -0.704495 0.709709 0
vn -0.704495 0.709709 0
vn -0.704391 0.709812 -0.000265
vn -0.704391 0.709812 -0.000265
vn -0.704391 0.709812 -0.000265
vn -0.704391 0.709812 0.000672
vn -0.704391 0.709812 0.000672
vn -0.704391 0.709812 0.000672
vn -0.704773 0.70943 -0.00228
vn -0.704773 0.70943 -0.00228
vn -0.704773 0.70943 -0.00228
vn -0.704774 0.709431 -0.000671
vn -0.704774 0.709431 -0.000671
vn -0.704774 0.709431 -0.000671
vn -0.704391 0.709812 -0.000042
vn -0.704391 0.709812 -0.000042
vn -0.704391 0.709812 -0.000042
vn -0.704391 0.709811 0.001344
vn -0.704391 0.709811 0.001344
vn -0.704391 0.709811 0.001344
vn -0.704495 0.709709 0
vn -0.704495 0.709709 0
vn -0.704495 0.709709 0
vn -0.704495 0.709709 -0.000588
vn -0.704495 0.709709 -0.000588
vn -0.704495 0.709709 -0.000588
vn -0.704495 0.709709 0.000126
vn -0.704495 0.709709 0.000126
vn -0.704495 0.709709 0.000126
vn -0.704495 0.709709 0
vn -0.704495 0.709709 0
vn -0.704495 0.709709 0
vn -0.704391 0.709812 -0.000265
vn -0.704391 0.709812 -0.000265
vn -0.704391 0.709812 -0.000265
vn -0.704391 0.709812 0.000672
vn -0.704391 0.709812 0.000672
vn -0.704391 0.709812 0.000672
vn -0.704773 0.70943 -0.00228
vn -0.704773 0.70943 -0.00228
vn -0.704773 0.70943 -0.00228
vn -0.704774 0.709431 -0.000671
vn -0.704774 0.709431 -0.000671
vn -0.704774 0.709431 -0.000671
vn -0.704391 0.709812 -0.000042
vn -0.704391 0.709812 -0.000042
vn -0.704391 0.709812 -0.000042
vn -0.704391 0.709811 0.001344
vn -0.704391 0.709811 0.001344
vn -0.704391 0.709811 0.001344
vn -0.704495 0.709709 0
vn -0.704495 0.709709 0
vn -0.704495 0.709709 0
vn -0.704495 0.709709 -0.000588
vn -0.704495 0.709709 -0.000588
vn -0.704495 0.709709 -0.000588
vn -0.704495 0.709709 0.000126
vn -0.704495 0.709709 0.000126
vn -0.704495 0.709709 0.000126
vn -0.704495 0.709709 0
vn -0.704495 0.709709 0
vn -0.704495 0.709709 0
vn -0.704391 0.709812 -0.000265
vn -0.704391 0.709812 -0.000265
vn -0.704391 0.709812 -0.000265
vn -0.704391 0.709812 0.000672
vn -0.704391 0.709812 0.000672
vn -0.704391 0.709812 0.000672
vn -0.704773 0.70943 -0.00228
vn -0.704773 0.70943 -0.00228
vn -0.704773 0.70943 -0.00228
vn -0.704774 0.709431 -0.000671
vn -0.704774 0.709431 -0.000671
vn -0.704774 0.709431 -0.000671
vn -0.704391 0.709812 -0.000042
vn -0.704391 0.709812 -0.000042
vn -0.704391 0.709812 -0.000042
vn -0.704391 0.709811 0.001344
vn -0.704391 0.709811 0.001344
vn -0.704391 0.709811 0.001344
vn -0.704495 0.709709 0
vn -0.704495 0.709709 0
vn -0.704495 0.709709 0
vn -0.704495 0.709709 -0.000588
vn -0.704495 0.709709 -0.000588
vn -0.704495 0.709709 -0.000588
vn -0.704495 0.709709 0.000126
vn -0.704495 0.709709 0.000126
vn -0.704495 0.709709 0.000126
vn -0.704495 0.709709 0
vn -0.704495 0.709709 0
vn -0.704495 0.709709 0
vn -0.704391 0.709812 -0.000265
vn -0.704391 0.709812 -0.000265
vn -0.704391 0.709812 -0.000265
vn -0.704391 0.709812 0.000672
vn -0.704391 0.709812 0.000672
vn -0.704391 0.709812 0.000672
vn -0.704773 0.70943 -0.00228
vn -0.704773 0.70943 -0.00228
vn -0.704773 0.70943 -0.00228
vn -0.704774 0.709431 -0.000671
vn -0.704774 0.709431 -0.000671
vn -0.704774 0.709431 -0.000671
vn -0.704391 0.709812 -0.000041
vn -0.704391 0.709812 -0.000041
vn -0.704391 0.709812 -0.000041
vn -0.704391 0.709811 0.001344
vn -0.704391 0.709811 0.001344
vn -0.704391 0.709811 0.001344
vn -0.704495 0.709709 0
vn -0.704495 0.709709 0
vn -0.704495 0.709709 0
vn -0.704495 0.709709 -0.000588
vn -0.704495 0.709709 -0.000588
vn -0.704495 0.709709 -0.000588
vn -0.704495 0.709709 0.000126
vn -0.704495 0.709709 0.000126
vn -0.704495 0.709709 0.000126
vn -0.704495 0.709709 0
vn -0.704495 0.709709 0
vn -0.704495 0.709709 0
vn -0.704391 0.709812 -0.000265
vn -0.704391 0.709812 -0.000265
vn -0.704391 0.709812 -0.000265
vn -0.704391 0.709812 0.000672
vn -0.704391 0.709812 0.000672
vn -0.704391 0.709812 0.000672
vn -0.704773 0.70943 -0.00228
vn -0.704773 0.70943 -0.00228
vn -0.704773 0.70943 -0.00228
f 1583/1583/1583 1584/1584/1584 1582/1582/1582
f 1586/1586/1586 1587/1587/1587 1585/1585/1585
f 1589/1589/1589 1590/1590/1590 1588/1588/1588
f 1592/1592/1592 1593/1593/1593 1591/1591/1591
f 1595/1595/1595 1596/1596/1596 1594/1594/1594
f 1598/1598/1598 1599/1599/1599 1597/1597/1597
f 1601/1601/1601 1602/1602/1602 1600/1600/1600
f 1604/1604/1604 1605/1605/1605 1603/1603/1603
f 1607/1607/1607 1608/1608/1608 1606/1606/1606
f 1610/1610/1610 1611/1611/1611 1609/1609/1609
f 1613/1613/1613 1614/1614/1614 1612/1612/1612
f 1616/1616/1616 1617/1617/1617 1615/1615/1615
f 1619/1619/1619 1620/1620/1620 1618/1618/1618
f 1622/1622/1622 1623/1623/1623 1621/1621/1621
f 1625/1625/1625 1626/1626/1626 1624/1624/1624
f 1628/1628/1628 1629/1629/1629 1627/1627/1627
f 1631/1631/1631 1632/1632/1632 1630/1630/1630
f 1634/1634/1634 1635/1635/1635 1633/1633/1633
f 1637/1637/1637 1638/1638/1638 1636/1636/1636
f 1640/1640/1640 1641/1641/1641 1639/1639/1639
f 1643/1643/1643 1644/1644/1644 1642/1642/1642
f 1646/1646/1646 1647/1647/1647 1645/1645/1645
f 1649/1649/1649 1650/1650/1650 1648/1648/1648
f 1652/1652/1652 1653/1653/1653 1651/1651/1651
f 1655/1655/1655 1656/1656/1656 1654/1654/1654
f 1658/1658/1658 1659/1659/1659 1657/1657/1657
f 1661/1661/1661 1662/1662/1662 1660/1660/1660
f 1664/1664/1664 1665/1665/1665 1663/1663/1663
f 1667/1667/1667 1668/1668/1668 1666/1666/1666
f 1670/1670/1670 1671/1671/1671 1669/1669/1669
f 1673/1673/1673 1674/1674/1674 1672/1672/1672
f 1676/1676/1676 1677/1677/1677 1675/1675/1675
f 1679/1679/1679 1680/1680/1680 1678/1678/1678
f 1682/1682/1682 1683/1683/1683 1681/1681/1681
f 1685/1685/1685 1686/1686/1686 1684/1684/1684
f 1688/1688/1688 1689/1689/1689 1687/1687/1687
f 1691/1691/1691 1692/1692/1692 1690/1690/1690
f 1694/1694/1694 1695/1695/1695 1693/1693/1693
f 1697/1697/1697 1698/1698/1698 1696/1696/1696
f 1700/1700/1700 1701/1701/1701 1699/1699/1699
f 1703/1703/1703 1704/1704/1704 1702/1702/1702
f 1706/1706/1706 1707/1707/1707 1705/1705/1705
f 1709/1709/1709 1710/1710/1710 1708/1708/1708
f 1712/1712/1712 1713/1713/1713 1711/1711/1711
f 1715/1715/1715 1716/1716/1716 1714/1714/1714
f 1718/1718/1718 1719/1719/1719 1717/1717/1717
f 1721/1721/1721 1722/1722/1722 1720/1720/1720
f 1724/1724/1724 1725/1725/1725 1723/1723/1723
f 1727/1727/1727 1728/1728/1728 1726/1726/1726
f 1730/1730/1730 1731/1731/1731 1729/1729/1729
