# TrackBridge. Unreal-oriented centimetres: X=AC X, Y=AC Z, Z=AC Y.
mtllib model.mtl
o i_paint_0
usemtl material_0
v -734.494114 5087.688446 -3.823084
v -478.360844 5343.080139 -1.77123
v -337.144852 5201.454163 -1.77123
v -593.315697 4946.025085 -3.823113
v -850.277138 4690.132904 -5.267495
v -991.362953 4831.88858 -5.267471
v -1107.987309 4433.781433 -6.141317
v -1249.009323 4575.600433 -6.141329
v -1366.410255 4176.874542 -6.896865
v -1507.419205 4318.706512 -6.896871
v -1625.362778 3919.376373 -7.068467
v -1766.461563 4061.11908 -7.068515
v -1884.457016 3661.15799 -6.583196
v -2025.751114 3802.706146 -6.583178
v -2143.708038 3402.019882 -6.241679
v -2285.207176 3543.363571 -6.241661
v -2544.814682 3283.06694 -6.07847
v -2403.129196 3141.910172 -6.078476
v -2804.583168 3022.045517 -5.998939
v -2662.792015 2880.994797 -5.998927
v -3064.62307 2760.505295 -5.528933
v -2922.814369 2619.472122 -5.528939
v -3325.086212 2498.668671 -4.564619
v -3183.375931 2357.536697 -4.564625
v -3444.580841 2095.557785 -3.527749
v -3586.136627 2236.845016 -3.52782
v -3706.072235 1833.850479 -3.336406
v -3847.555542 1975.209808 -3.3364
v -4108.853149 1713.637543 -3.960061
v -3967.359161 1572.288513 -3.960055
v -4370.258331 1451.968002 -4.785591
v -4228.770447 1310.613632 -4.785591
v -4490.538025 1048.64502 -5.400759
v -4632.006073 1190.019989 -5.400753
v -4752.861023 786.184692 -5.697739
v -4894.313049 927.575302 -5.697739
v -5015.914917 523.025513 -5.715853
v -5157.366943 664.416122 -5.715859
v -5421.355438 400.279617 -5.318892
v -5279.93927 258.853149 -5.318922
v -5686.421967 135.372162 -4.277754
v -5545.145416 -6.194305 -4.277784
v -5811.360931 -271.500397 -2.843761
v -5952.510834 -129.808044 -2.843785
v -6078.147125 -537.127686 -1.971835
v -6219.284821 -395.423126 -1.971823
v -6345.26825 -803.259277 -1.720482
v -6486.49292 -661.64093 -1.7205
v -6612.516022 -1070.039368 -1.219028
v -6753.91922 -928.600311 -1.219064
v -6879.653931 -1337.536621 -0.244775
v -7021.286774 -1196.326828 -0.244799
v -7288.931274 -1465.181732 0.991449
v -7147.103119 -1606.195068 0.99149
v -7557.306671 -1735.468292 2.816412
v -7415.371704 -1876.374054 2.816418
v -7826.473999 -2006.682968 4.970747
v -7684.542084 -2147.5914 4.97075
v -8096.44928 -2278.55835 6.812981
v -7954.571533 -2419.521332 6.812978
v -8225.4776 -2692.01889 8.601218
v -8367.269897 -2550.969696 8.601236
v -8497.234344 -2965.005493 10.847175
v -8638.936615 -2823.866272 10.847175
v -8769.754791 -3238.465118 13.264361
v -8911.403656 -3097.271729 13.264349
v -9042.935181 -3512.472534 14.948153
v -9184.585571 -3371.28067 14.948168
v -9458.366394 -3646.078491 15.856096
v -9316.677856 -3787.231445 15.856093
v -9732.572174 -3921.383667 16.184622
v -9590.890503 -4062.543488 16.184616
v -9865.387726 -4337.994385 16.653237
v -10007.052612 -4196.817017 16.653237
v -10140.077209 -4613.617706 17.435807
v -10281.74057 -4472.438812 17.435801
v -10556.598663 -4748.252869 18.274167
v -10414.935303 -4889.431763 18.27417
v -10689.92691 -5165.293121 19.137895
v -10831.570435 -5024.094391 19.137889
v -11106.481934 -5299.908447 20.679474
v -10964.833832 -5441.101837 20.679474
v -11381.315613 -5575.637817 22.923148
v -11239.696503 -5716.860962 22.92313
v -11656.100464 -5851.071167 25.626892
v -11514.554596 -5992.367554 25.626862
v -11789.102173 -6267.215729 29.107401
v -11930.587006 -6125.858307 29.107389
v -12063.178253 -6541.439056 32.269835
v -12204.628754 -6400.047302 32.269832
v -12336.761475 -6815.116119 34.648177
v -12478.211975 -6673.724365 34.648177
v -12609.742737 -7088.277435 37.172261
v -12751.238251 -6946.929932 37.17224
v -12882.040405 -7360.990143 40.120292
v -13023.625183 -7219.731903 40.120283
v -13153.483582 -7633.281708 43.380374
v -13295.211792 -7492.167664 43.380356
v -13565.815735 -7764.248657 46.805799
v -13424.014282 -7905.293274 46.803826
v -337.144852 5201.454163 -1.77123
v -221.358204 5599.747467 1.953244
v -79.699326 5458.562469 1.95339
v -478.360844 5343.080139 -1.77123
v 13358.13446 19208.834839 0.166169
v 13227.958679 18795.367432 -0.286892
v 13086.399841 18936.64856 -0.286892
v 13499.671936 19067.532349 0.166169
v 12956.445313 18523.278809 -0.69721
v 12814.846802 18664.520264 -0.697213
v 12543.41507 18392.285156 -1.13222
v 12685.07309 18251.104736 -1.132202
v 12271.930695 18119.735718 -1.379019
v 12413.599396 17978.564453 -1.379019
v 12141.426849 17705.566406 -1.461875
v 11999.819183 17846.798706 -1.461881
v 11868.721771 17432.229614 -1.348543
v 11727.141571 17573.492432 -1.348543
v 11595.742035 17158.642578 -0.841358
v 11454.153442 17299.893188 -0.841364
v 11322.716522 16884.924316 0.341728
v 11181.097412 17026.147461 0.341725
v 10908.189392 16752.450562 1.622856
v 11049.808502 16611.227417 1.622856
v 10635.616302 16479.06189 2.150992
v 10777.225494 16337.82959 2.151009
v 10363.548279 16206.314087 1.735246
v 10505.117798 16065.042114 1.735267
v 10233.569336 15792.96875 1.080012
v 10092.019653 15934.259033 1.080003
v 9962.181854 15521.166992 0.554791
v 9820.671844 15662.496948 0.554785
v 9549.195099 15390.698242 0.207338
v 9690.685272 15249.346924 0.207335
v 9418.862915 14977.325439 0.120106
v 9277.401733 15118.704224 0.120097
v 9146.609497 14705.023193 -0.242704
v 9005.178833 14846.432495 -0.242704
v 8874.020386 14432.391357 -0.804242
v 8732.569885 14573.782349 -0.804254
v 8459.764099 14300.793457 -1.120222
v 8601.2146 14159.402466 -1.120216
v 8187.025452 14027.966309 -1.427007
v 8328.446198 13886.5448 -1.427019
v 8055.737305 13613.99231 -1.221371
v 7914.385986 13755.484009 -1.221365
v 7783.204651 13341.833496 -0.513613
v 7641.902924 13483.374023 -0.513607
v 7510.882568 13070.031738 0.21854
v 7369.600677 13211.590576 0.218543
v 7238.791656 12798.467255 0.917214
v 7097.480011 12939.996338 0.917229
v 6966.934967 12526.947784 1.183543
v 6825.543213 12668.398285 1.183555
v 6695.225525 12255.149078 1.30769
v 6553.715515 12396.48056 1.307669
v 6281.919098 12124.126434 1.745245
v 6423.538208 11982.90329 1.745236
v 6010.501099 11851.717377 1.925215
v 6152.199554 11710.573578 1.925188
v 5739.42337 11579.463959 0.875136
v 5881.137848 11438.336945 0.875142
v 5468.48526 11307.486725 -0.504595
v 5610.129547 11166.28952 -0.504637
v 5197.492218 11035.901642 -1.13281
v 5338.988495 10894.556427 -1.132834
v 5067.63916 10623.180389 -1.375258
v 4926.272583 10764.655304 -1.375282
v 4796.076965 10351.988983 -2.083665
v 4654.763794 10493.518829 -2.083659
v 4524.285889 10080.690765 -2.696294
v 4382.958984 10222.205353 -2.696294
v 4252.339935 9809.079742 -3.186178
v 4110.958862 9950.540924 -3.186166
v 3980.509186 9537.155914 -3.791881
v 3838.993835 9678.483582 -3.791898
v 3567.225647 9406.077576 -4.210919
v 3708.875275 9264.884949 -4.210919
v 3295.759583 9133.433533 -4.545802
v 3437.538147 8992.369843 -4.54579
v 3024.62101 8860.727692 -4.628438
v 3166.459084 8719.724274 -4.628426
v 2753.767204 8588.187408 -3.80469
v 2895.590782 8447.168732 -3.804719
v 2624.842644 8175.014496 -2.198482
v 2483.090782 8316.104889 -2.198482
v 2354.186058 7903.251648 -0.714651
v 2212.478828 8044.386292 -0.714651
v 1941.994667 7772.806549 0.247902
v 2083.699608 7631.668854 0.247899
v 1671.590233 7501.274109 0.949359
v 1813.304901 7360.146332 0.949359
v 1542.914772 7088.600159 1.782924
v 1401.182556 7229.710388 1.782918
v 1130.758476 6958.02002 2.410081
v 1272.527885 6816.947174 2.410078
v 860.335732 6686.195374 2.644768
v 1002.13871 6545.156097 2.644768
v 589.863586 6414.233398 2.70085
v 731.654167 6273.181915 2.700859
v 319.343948 6142.389679 2.538788
v 461.065865 6001.269531 2.538788
v 190.61842 5729.788208 2.309772
v 48.94886 5870.960999 2.309766
v -79.699326 5458.562469 1.95339
v -221.358204 5599.747467 1.953244
v -15148.358154 -9379.579926 75.646651
v -15160.610962 -9367.690277 75.646651
v -14898.902893 -9105.193329 69.194484
v -13835.322571 -8035.620117 50.317961
v -13696.868896 -8257.789612 53.080904
v -14103.713989 -8305.905914 53.826499
v -13905.133057 -8532.63092 58.042258
v -14370.588684 -8574.507904 58.083934
v -14127.902222 -8849.372101 64.012009
v -14635.624695 -8840.911102 63.359797
v -14330.905151 -9167.075348 70.000011
v -14543.774414 -9521.092987 75.75134
v -14771.218872 -9904.088593 81.999999
v -15631.695557 -9937.36496 89.539278
v -14941.679382 -10195.368195 87.22443
v -15138.780212 -10424.671173 91.966701
v -16111.820984 -10491.442108 103.339601
v -16090.505981 -10512.552643 103.999996
v -15984.324646 -10618.502045 105.338776
v -15899.343872 -10703.227997 105.338776
v -15397.68219 -10682.271576 97.620773
v -15658.595276 -10943.312836 103.340089
vt 0.972398 0.662687
vt 0.972562 0.549654
vt 1.035062 0.549745
vt 1.034898 0.662794
vt 1.034662 0.776119
vt 0.972162 0.775971
vt 1.034361 0.889712
vt 0.971862 0.889536
vt 1.034027 1.003585
vt 0.971527 1.003403
vt 1.033705 1.117705
vt 0.971205 1.117563
vt 1.033512 1.232016
vt 0.971012 1.23196
vt 1.033487 1.346565
vt 0.970987 1.3466
vt 0.971139 1.461483
vt 1.033639 1.461367
vt 0.971416 1.576563
vt 1.033916 1.576399
vt 0.971748 1.691817
vt 1.034247 1.691645
vt 0.972051 1.80723
vt 1.034551 1.807102
vt 1.034722 1.92271
vt 0.972222 1.92277
vt 1.03477 2.038322
vt 0.97227 2.038349
vt 0.97233 2.153888
vt 1.03483 2.153857
vt 0.972389 2.269473
vt 1.034889 2.269443
vt 1.034933 2.385174
vt 0.972433 2.385194
vt 1.034964 2.501135
vt 0.972463 2.501149
vt 1.034987 2.617413
vt 0.972487 2.617427
vt 0.97252 2.734127
vt 1.03502 2.734129
vt 0.972484 2.851236
vt 1.034984 2.8513
vt 1.034784 2.968751
vt 0.972284 2.968631
vt 1.034528 3.086399
vt 0.972028 3.086273
vt 1.034309 3.204232
vt 0.971809 3.204145
vt 1.034206 3.322237
vt 0.971706 3.322229
vt 1.034285 3.440375
vt 0.971785 3.440469
vt 0.972052 3.55902
vt 1.034552 3.558839
vt 0.972475 3.678048
vt 1.034974 3.677821
vt 0.972927 3.797457
vt 1.035427 3.797231
vt 0.973347 3.91719
vt 1.035847 3.916988
vt 1.036198 4.037064
vt 0.973699 4.037229
vt 1.03647 4.157437
vt 0.973971 4.157561
vt 1.036678 4.278082
vt 0.974178 4.278183
vt 1.03686 4.398995
vt 0.974361 4.399096
vt 0.974585 4.520316
vt 1.037085 4.520198
vt 0.974828 4.641742
vt 1.037328 4.641627
vt 1.037539 4.763149
vt 0.975039 4.763257
vt 1.037745 4.884752
vt 0.975246 4.88486
vt 0.975457 5.006542
vt 1.037956 5.006435
vt 1.038149 5.128158
vt 0.975649 5.128256
vt 0.975848 5.24995
vt 1.038348 5.249849
vt 0.976046 5.371609
vt 1.038546 5.371521
vt 0.97619 5.493191
vt 1.03869 5.493135
vt 1.038756 5.614536
vt 0.976256 5.614564
vt 1.038789 5.735694
vt 0.976289 5.735707
vt 1.038809 5.856623
vt 0.976309 5.856636
vt 1.038849 5.977304
vt 0.976349 5.977337
vt 1.038941 6.097735
vt 0.976441 6.097808
vt 1.039129 6.217885
vt 0.976629 6.218021
vt 0.976955 6.337938
vt 1.039456 6.337771
vt 1.035062 0.549745
vt 0.972636 0.436148
vt 1.035136 0.436044
vt 0.972562 0.549654
vt 0.966095 -5.571736
vt 1.028694 -5.451607
vt 0.966195 -5.451546
vt 1.028595 -5.571788
vt 1.028822 -5.331487
vt 0.966322 -5.331408
vt 0.966499 -5.211273
vt 1.028999 -5.211378
vt 0.966735 -5.091058
vt 1.029235 -5.091167
vt 1.029417 -4.9707
vt 0.966918 -4.970617
vt 1.029557 -4.850041
vt 0.967057 -4.849971
vt 1.029691 -4.729266
vt 0.967191 -4.729191
vt 1.029844 -4.608451
vt 0.967344 -4.608363
vt 0.967518 -4.48758
vt 1.030018 -4.487667
vt 0.967699 -4.366938
vt 1.030198 -4.367022
vt 0.967849 -4.24655
vt 1.030348 -4.246615
vt 1.030464 -4.126491
vt 0.967965 -4.126433
vt 1.030556 -4.006462
vt 0.968056 -4.006423
vt 0.968127 -3.886374
vt 1.030627 -3.886405
vt 1.030671 -3.766231
vt 0.968172 -3.766213
vt 1.030683 -3.6459
vt 0.968183 -3.645895
vt 1.030692 -3.525423
vt 0.968192 -3.525409
vt 0.968233 -3.404804
vt 1.030733 -3.404817
vt 0.968252 -3.28425
vt 1.030752 -3.28425
vt 1.030717 -3.163763
vt 0.968218 -3.163794
vt 1.030635 -3.043402
vt 0.968135 -3.043455
vt 1.03052 -2.923167
vt 0.96802 -2.923228
vt 1.030404 -2.803035
vt 0.967904 -2.803083
vt 1.030329 -2.682964
vt 0.967829 -2.682977
vt 1.030349 -2.562865
vt 0.967849 -2.562825
vt 0.967972 -2.442584
vt 1.030472 -2.442671
vt 0.968191 -2.322414
vt 1.030692 -2.322537
vt 0.968451 -2.202354
vt 1.030951 -2.202484
vt 0.968681 -2.082385
vt 1.031181 -2.082484
vt 0.968812 -1.962492
vt 1.031312 -1.962525
vt 1.031318 -1.842598
vt 0.968818 -1.842622
vt 1.031236 -1.722666
vt 0.968736 -1.722714
vt 1.031127 -1.602659
vt 0.968627 -1.6027
vt 1.031053 -1.482548
vt 0.968553 -1.482566
vt 1.031073 -1.362394
vt 0.968573 -1.362353
vt 0.968714 -1.242106
vt 1.031214 -1.242207
vt 0.968975 -1.121874
vt 1.031474 -1.122032
vt 0.969321 -1.0017
vt 1.031821 -1.001884
vt 0.969694 -0.881626
vt 1.032194 -0.881804
vt 1.032504 -0.761838
vt 0.970004 -0.761692
vt 1.032749 -0.641979
vt 0.970249 -0.641853
vt 0.970491 -0.522073
vt 1.032991 -0.522198
vt 0.97074 -0.40232
vt 1.03324 -0.40245
vt 1.033496 -0.282698
vt 0.970996 -0.28256
vt 0.971276 -0.162769
vt 1.033775 -0.162923
vt 0.971586 -0.042948
vt 1.034085 -0.043117
vt 0.971915 0.076914
vt 1.034415 0.076751
vt 0.972207 0.196761
vt 1.034707 0.196628
vt 1.034936 0.316378
vt 0.972436 0.316488
vt 1.035136 0.436044
vt 0.972636 0.436148
vt 0.984201 7.044576
vt 0.978866 7.044655
vt 0.978692 6.928822
vt 0.977367 6.457457
vt 1.057055 6.475955
vt 0.977786 6.576488
vt 1.071766 6.582707
vt 0.978167 6.694814
vt 1.092531 6.701923
vt 0.978469 6.812246
vt 1.117876 6.816984
vt 1.149066 6.94225
vt 1.183438 7.077139
vt 1.000651 7.274632
vt 1.210136 7.179171
vt 1.217252 7.273394
vt 1.016992 7.503161
vt 1.026368 7.503117
vt 1.073242 7.503065
vt 1.110742 7.503009
vt 1.216964 7.387526
vt 1.216992 7.502862
vn -0.00342 -0.003408 0.999988
vn -0.004017 -0.004005 0.999984
vn -0.004017 -0.004005 0.999984
vn -0.00342 -0.003408 0.999988
vn -0.002263 -0.002253 0.999995
vn -0.002263 -0.002253 0.999995
vn -0.001587 -0.001579 0.999997
vn -0.001587 -0.001579 0.999997
vn -0.000902 -0.000897 0.999999
vn -0.000902 -0.000897 0.999999
vn 0.000303 0.000303 1
vn 0.000303 0.000303 1
vn 0.000799 0.000797 0.999999
vn 0.000799 0.000797 0.999999
vn 0.000486 0.000486 1
vn 0.000486 0.000486 1
vn 0.000233 0.000234 1
vn 0.000233 0.000234 1
vn 0.000526 0.000528 1
vn 0.000526 0.000528 1
vn 0.00137 0.001377 0.999998
vn 0.00137 0.001377 0.999998
vn 0.00191 0.001918 0.999996
vn 0.00191 0.001918 0.999996
vn 0.001172 0.001176 0.999999
vn 0.001172 0.001176 0.999999
vn -0.000413 -0.000414 1
vn -0.000413 -0.000414 1
vn -0.001385 -0.001386 0.999998
vn -0.001385 -0.001386 0.999998
vn -0.001376 -0.001377 0.999998
vn -0.001376 -0.001377 0.999998
vn -0.00087 -0.000871 0.999999
vn -0.00087 -0.000871 0.999999
vn -0.0003 -0.0003 1
vn -0.0003 -0.0003 1
vn 0.000359 0.000359 1
vn 0.000359 0.000359 1
vn 0.001358 0.001357 0.999998
vn 0.001358 0.001357 0.999998
vn 0.002334 0.002329 0.999995
vn 0.002334 0.002329 0.999995
vn 0.002172 0.002165 0.999995
vn 0.002172 0.002165 0.999995
vn 0.001056 0.001053 0.999999
vn 0.001056 0.001052 0.999999
vn 0.000706 0.000704 1
vn 0.000706 0.000704 1
vn 0.00138 0.00138 0.999998
vn 0.00138 0.00138 0.999998
vn 0.00206 0.002067 0.999996
vn 0.00206 0.002067 0.999996
vn 0.002839 0.002855 0.999992
vn 0.002839 0.002855 0.999992
vn 0.003675 0.0037 0.999986
vn 0.003675 0.0037 0.999986
vn 0.00368 0.003706 0.999986
vn 0.00368 0.003706 0.999986
vn 0.003335 0.003356 0.999989
vn 0.003335 0.003356 0.999989
vn 0.003698 0.003717 0.999986
vn 0.003698 0.003717 0.999986
vn 0.004267 0.004284 0.999982
vn 0.004267 0.004284 0.999982
vn 0.003746 0.003759 0.999986
vn 0.003746 0.003759 0.999986
vn 0.002362 0.00237 0.999994
vn 0.002362 0.00237 0.999994
vn 0.001125 0.001129 0.999999
vn 0.001125 0.001128 0.999999
vn 0.000724 0.000726 0.999999
vn 0.000724 0.000726 0.999999
vn 0.001135 0.001139 0.999999
vn 0.001135 0.001139 0.999999
vn 0.00147 0.001475 0.999998
vn 0.00147 0.001475 0.999998
vn 0.001543 0.001548 0.999998
vn 0.001543 0.001548 0.999998
vn 0.00218 0.002187 0.999995
vn 0.00218 0.002187 0.999995
vn 0.003432 0.003442 0.999988
vn 0.003432 0.003442 0.999988
vn 0.004488 0.0045 0.99998
vn 0.004488 0.0045 0.99998
vn 0.00562 0.005629 0.999968
vn 0.00562 0.005629 0.999968
vn 0.006049 0.006055 0.999963
vn 0.006049 0.006055 0.999963
vn 0.005055 0.005058 0.999974
vn 0.005055 0.005058 0.999974
vn 0.004482 0.004485 0.99998
vn 0.004482 0.004485 0.99998
vn 0.005011 0.005018 0.999975
vn 0.005011 0.005018 0.999975
vn 0.005694 0.005708 0.999968
vn 0.005694 0.005708 0.999968
vn 0.006141 0.006163 0.999962
vn 0.006141 0.006163 0.999962
vn 0.006391 0.006413 0.999959
vn 0.005905 0.00796 0.999951
vn -0.007244 -0.007245 0.999948
vn -0.007244 -0.007245 0.999948
vn -0.007244 -0.007245 0.999948
vn -0.007244 -0.007245 0.999948
vn -0.000832 -0.000834 0.999999
vn -0.000793 -0.000795 0.999999
vn -0.000793 -0.000795 0.999999
vn -0.000832 -0.000834 0.999999
vn -0.000776 -0.000778 0.999999
vn -0.000776 -0.000778 0.999999
vn -0.000626 -0.000628 1
vn -0.000626 -0.000628 1
vn -0.000302 -0.000303 1
vn -0.000302 -0.000303 1
vn 0.000028 0.000028 1
vn 0.000028 0.000028 1
vn 0.000567 0.000568 1
vn 0.000567 0.000568 1
vn 0.001544 0.001548 0.999998
vn 0.001544 0.001548 0.999998
vn 0.002251 0.002257 0.999995
vn 0.002251 0.002257 0.999995
vn 0.001653 0.001658 0.999997
vn 0.001653 0.001658 0.999997
vn 0.000102 0.000102 1
vn 0.000102 0.000102 1
vn -0.000983 -0.000985 0.999999
vn -0.000983 -0.000985 0.999999
vn -0.001085 -0.001087 0.999999
vn -0.001085 -0.001087 0.999999
vn -0.000803 -0.000804 0.999999
vn -0.000803 -0.000804 0.999999
vn -0.0004 -0.0004 1
vn -0.0004 -0.0004 1
vn -0.000413 -0.000413 1
vn -0.000413 -0.000413 1
vn -0.000848 -0.000848 0.999999
vn -0.000848 -0.000848 0.999999
vn -0.000804 -0.000805 0.999999
vn -0.000804 -0.000805 0.999999
vn -0.000571 -0.000571 1
vn -0.000571 -0.000571 1
vn -0.000092 -0.000093 1
vn -0.000092 -0.000093 1
vn 0.000839 0.000838 0.999999
vn 0.000839 0.000838 0.999999
vn 0.001324 0.001321 0.999998
vn 0.001324 0.001321 0.999998
vn 0.001317 0.001314 0.999998
vn 0.001317 0.001314 0.999998
vn 0.000888 0.000887 0.999999
vn 0.000888 0.000887 0.999999
vn 0.000359 0.000359 1
vn 0.000359 0.000359 1
vn 0.000516 0.000517 1
vn 0.000516 0.000517 1
vn 0.000567 0.000568 1
vn 0.000567 0.000568 1
vn -0.000799 -0.000803 0.999999
vn -0.000799 -0.000803 0.999999
vn -0.002233 -0.002241 0.999995
vn -0.002233 -0.002241 0.999995
vn -0.001846 -0.001852 0.999997
vn -0.001846 -0.001852 0.999997
vn -0.000801 -0.000803 0.999999
vn -0.000801 -0.000803 0.999999
vn -0.000876 -0.000876 0.999999
vn -0.000876 -0.000876 0.999999
vn -0.001217 -0.001216 0.999999
vn -0.001217 -0.001216 0.999999
vn -0.001015 -0.001014 0.999999
vn -0.001015 -0.001014 0.999999
vn -0.001008 -0.001007 0.999999
vn -0.001008 -0.001007 0.999999
vn -0.000941 -0.000942 0.999999
vn -0.000941 -0.000942 0.999999
vn -0.000692 -0.000694 1
vn -0.000692 -0.000694 1
vn -0.000383 -0.000385 1
vn -0.000383 -0.000385 1
vn 0.00068 0.000684 1
vn 0.00068 0.000684 1
vn 0.002231 0.002243 0.999995
vn 0.002231 0.002243 0.999995
vn 0.002841 0.002854 0.999992
vn 0.002841 0.002854 0.999992
vn 0.002251 0.00226 0.999995
vn 0.002251 0.002261 0.999995
vn 0.001532 0.001538 0.999998
vn 0.001532 0.001538 0.999998
vn 0.001413 0.001419 0.999998
vn 0.001413 0.001419 0.999998
vn 0.001344 0.001351 0.999998
vn 0.001345 0.001351 0.999998
vn 0.000793 0.000797 0.999999
vn 0.000793 0.000797 0.999999
vn 0.000267 0.000269 1
vn 0.000267 0.000269 1
vn -0.000097 -0.000098 1
vn -0.000097 -0.000098 1
vn -0.00036 -0.000361 1
vn -0.00036 -0.000361 1
vn -0.00054 -0.000541 1
vn -0.00054 -0.000541 1
vn -0.000657 -0.000659 1
vn -0.000657 -0.000659 1
vn 0.007818 0.015948 0.999842
vn 0.012122 0.012491 0.999848
vn 0.002531 0.019054 0.999815
vn 0.002754 0.012621 0.999917
vn 0.001519 0.014932 0.999887
vn -0.000732 0.016617 0.999862
vn -0.001046 0.018484 0.999829
vn -0.001288 0.019767 0.999804
vn -0.001271 0.020039 0.999798
vn -0.000051 0.020628 0.999787
vn -0.000082 0.01862 0.999827
vn 0.002303 0.016088 0.999868
vn 0.006335 0.015092 0.999866
vn 0.00947 0.016356 0.999821
vn 0.00831 0.013253 0.999878
vn 0.010482 0.013683 0.999851
vn -0.003396 0.02784 0.999607
vn 0.002135 0.023431 0.999723
vn 0.011908 0.017026 0.999784
vn 0.01414 0.012597 0.999821
vn 0.0151 0.006781 0.999863
vn 0.015098 0.006816 0.999863
f 1/1/1 3/3/3 2/2/2
f 3/3/3 1/1/1 4/4/4
f 1/1/1 6/6/6 5/5/5
f 5/5/5 4/4/4 1/1/1
f 6/6/6 8/8/8 7/7/7
f 7/7/7 5/5/5 6/6/6
f 8/8/8 10/10/10 9/9/9
f 9/9/9 7/7/7 8/8/8
f 10/10/10 12/12/12 11/11/11
f 11/11/11 9/9/9 10/10/10
f 12/12/12 14/14/14 13/13/13
f 13/13/13 11/11/11 12/12/12
f 14/14/14 16/16/16 15/15/15
f 15/15/15 13/13/13 14/14/14
f 17/17/17 15/15/15 16/16/16
f 15/15/15 17/17/17 18/18/18
f 19/19/19 18/18/18 17/17/17
f 18/18/18 19/19/19 20/20/20
f 21/21/21 20/20/20 19/19/19
f 20/20/20 21/21/21 22/22/22
f 23/23/23 22/22/22 21/21/21
f 22/22/22 23/23/23 24/24/24
f 23/23/23 26/26/26 25/25/25
f 25/25/25 24/24/24 23/23/23
f 26/26/26 28/28/28 27/27/27
f 27/27/27 25/25/25 26/26/26
f 29/29/29 27/27/27 28/28/28
f 27/27/27 29/29/29 30/30/30
f 31/31/31 30/30/30 29/29/29
f 30/30/30 31/31/31 32/32/32
f 31/31/31 34/34/34 33/33/33
f 33/33/33 32/32/32 31/31/31
f 34/34/34 36/36/36 35/35/35
f 35/35/35 33/33/33 34/34/34
f 36/36/36 38/38/38 37/37/37
f 37/37/37 35/35/35 36/36/36
f 39/39/39 37/37/37 38/38/38
f 37/37/37 39/39/39 40/40/40
f 41/41/41 40/40/40 39/39/39
f 40/40/40 41/41/41 42/42/42
f 41/41/41 44/44/44 43/43/43
f 43/43/43 42/42/42 41/41/41
f 44/44/44 46/46/46 45/45/45
f 45/45/45 43/43/43 44/44/44
f 46/46/46 48/48/48 47/47/47
f 47/47/47 45/45/45 46/46/46
f 48/48/48 50/50/50 49/49/49
f 49/49/49 47/47/47 48/48/48
f 50/50/50 52/52/52 51/51/51
f 51/51/51 49/49/49 50/50/50
f 53/53/53 51/51/51 52/52/52
f 51/51/51 53/53/53 54/54/54
f 55/55/55 54/54/54 53/53/53
f 54/54/54 55/55/55 56/56/56
f 57/57/57 56/56/56 55/55/55
f 56/56/56 57/57/57 58/58/58
f 59/59/59 58/58/58 57/57/57
f 58/58/58 59/59/59 60/60/60
f 59/59/59 62/62/62 61/61/61
f 61/61/61 60/60/60 59/59/59
f 62/62/62 64/64/64 63/63/63
f 63/63/63 61/61/61 62/62/62
f 64/64/64 66/66/66 65/65/65
f 65/65/65 63/63/63 64/64/64
f 66/66/66 68/68/68 67/67/67
f 67/67/67 65/65/65 66/66/66
f 69/69/69 67/67/67 68/68/68
f 67/67/67 69/69/69 70/70/70
f 71/71/71 70/70/70 69/69/69
f 70/70/70 71/71/71 72/72/72
f 71/71/71 74/74/74 73/73/73
f 73/73/73 72/72/72 71/71/71
f 74/74/74 76/76/76 75/75/75
f 75/75/75 73/73/73 74/74/74
f 77/77/77 75/75/75 76/76/76
f 75/75/75 77/77/77 78/78/78
f 77/77/77 80/80/80 79/79/79
f 79/79/79 78/78/78 77/77/77
f 81/81/81 79/79/79 80/80/80
f 79/79/79 81/81/81 82/82/82
f 83/83/83 82/82/82 81/81/81
f 82/82/82 83/83/83 84/84/84
f 85/85/85 84/84/84 83/83/83
f 84/84/84 85/85/85 86/86/86
f 85/85/85 88/88/88 87/87/87
f 87/87/87 86/86/86 85/85/85
f 88/88/88 90/90/90 89/89/89
f 89/89/89 87/87/87 88/88/88
f 90/90/90 92/92/92 91/91/91
f 91/91/91 89/89/89 90/90/90
f 92/92/92 94/94/94 93/93/93
f 93/93/93 91/91/91 92/92/92
f 94/94/94 96/96/96 95/95/95
f 95/95/95 93/93/93 94/94/94
f 96/96/96 98/98/98 97/97/97
f 97/97/97 95/95/95 96/96/96
f 99/99/99 97/97/97 98/98/98
f 97/97/97 99/99/99 100/100/100
f 101/101/101 103/103/103 102/102/102
f 102/102/102 104/104/104 101/101/101
f 105/105/105 107/107/107 106/106/106
f 106/106/106 108/108/108 105/105/105
f 107/107/107 110/110/110 109/109/109
f 109/109/109 106/106/106 107/107/107
f 111/111/111 109/109/109 110/110/110
f 109/109/109 111/111/111 112/112/112
f 113/113/113 112/112/112 111/111/111
f 112/112/112 113/113/113 114/114/114
f 113/113/113 116/116/116 115/115/115
f 115/115/115 114/114/114 113/113/113
f 116/116/116 118/118/118 117/117/117
f 117/117/117 115/115/115 116/116/116
f 118/118/118 120/120/120 119/119/119
f 119/119/119 117/117/117 118/118/118
f 120/120/120 122/122/122 121/121/121
f 121/121/121 119/119/119 120/120/120
f 123/123/123 121/121/121 122/122/122
f 121/121/121 123/123/123 124/124/124
f 125/125/125 124/124/124 123/123/123
f 124/124/124 125/125/125 126/126/126
f 127/127/127 126/126/126 125/125/125
f 126/126/126 127/127/127 128/128/128
f 127/127/127 130/130/130 129/129/129
f 129/129/129 128/128/128 127/127/127
f 130/130/130 132/132/132 131/131/131
f 131/131/131 129/129/129 130/130/130
f 133/133/133 131/131/131 132/132/132
f 131/131/131 133/133/133 134/134/134
f 133/133/133 136/136/136 135/135/135
f 135/135/135 134/134/134 133/133/133
f 136/136/136 138/138/138 137/137/137
f 137/137/137 135/135/135 136/136/136
f 138/138/138 140/140/140 139/139/139
f 139/139/139 137/137/137 138/138/138
f 141/141/141 139/139/139 140/140/140
f 139/139/139 141/141/141 142/142/142
f 143/143/143 142/142/142 141/141/141
f 142/142/142 143/143/143 144/144/144
f 143/143/143 146/146/146 145/145/145
f 145/145/145 144/144/144 143/143/143
f 146/146/146 148/148/148 147/147/147
f 147/147/147 145/145/145 146/146/146
f 148/148/148 150/150/150 149/149/149
f 149/149/149 147/147/147 148/148/148
f 150/150/150 152/152/152 151/151/151
f 151/151/151 149/149/149 150/150/150
f 152/152/152 154/154/154 153/153/153
f 153/153/153 151/151/151 152/152/152
f 154/154/154 156/156/156 155/155/155
f 155/155/155 153/153/153 154/154/154
f 157/157/157 155/155/155 156/156/156
f 155/155/155 157/157/157 158/158/158
f 159/159/159 158/158/158 157/157/157
f 158/158/158 159/159/159 160/160/160
f 161/161/161 160/160/160 159/159/159
f 160/160/160 161/161/161 162/162/162
f 163/163/163 162/162/162 161/161/161
f 162/162/162 163/163/163 164/164/164
f 165/165/165 164/164/164 163/163/163
f 164/164/164 165/165/165 166/166/166
f 165/165/165 168/168/168 167/167/167
f 167/167/167 166/166/166 165/165/165
f 168/168/168 170/170/170 169/169/169
f 169/169/169 167/167/167 168/168/168
f 170/170/170 172/172/172 171/171/171
f 171/171/171 169/169/169 170/170/170
f 172/172/172 174/174/174 173/173/173
f 173/173/173 171/171/171 172/172/172
f 174/174/174 176/176/176 175/175/175
f 175/175/175 173/173/173 174/174/174
f 177/177/177 175/175/175 176/176/176
f 175/175/175 177/177/177 178/178/178
f 179/179/179 178/178/178 177/177/177
f 178/178/178 179/179/179 180/180/180
f 181/181/181 180/180/180 179/179/179
f 180/180/180 181/181/181 182/182/182
f 183/183/183 182/182/182 181/181/181
f 182/182/182 183/183/183 184/184/184
f 183/183/183 186/186/186 185/185/185
f 185/185/185 184/184/184 183/183/183
f 186/186/186 188/188/188 187/187/187
f 187/187/187 185/185/185 186/186/186
f 189/189/189 187/187/187 188/188/188
f 187/187/187 189/189/189 190/190/190
f 191/191/191 190/190/190 189/189/189
f 190/190/190 191/191/191 192/192/192
f 191/191/191 194/194/194 193/193/193
f 193/193/193 192/192/192 191/191/191
f 195/195/195 193/193/193 194/194/194
f 193/193/193 195/195/195 196/196/196
f 197/197/197 196/196/196 195/195/195
f 196/196/196 197/197/197 198/198/198
f 199/199/199 198/198/198 197/197/197
f 198/198/198 199/199/199 200/200/200
f 201/201/201 200/200/200 199/199/199
f 200/200/200 201/201/201 202/202/202
f 201/201/201 204/204/204 203/203/203
f 203/203/203 202/202/202 201/201/201
f 204/204/204 206/206/206 205/205/205
f 205/205/205 203/203/203 204/204/204
f 207/207/207 209/209/209 208/208/208
f 210/210/210 100/100/100 99/99/99
f 210/210/210 211/211/211 100/100/100
f 212/212/212 211/211/211 210/210/210
f 212/212/212 213/213/213 211/211/211
f 214/214/214 213/213/213 212/212/212
f 214/214/214 215/215/215 213/213/213
f 216/216/216 215/215/215 214/214/214
f 216/216/216 217/217/217 215/215/215
f 209/209/209 217/217/217 216/216/216
f 209/209/209 218/218/218 217/217/217
f 207/207/207 218/218/218 209/209/209
f 207/207/207 219/219/219 218/218/218
f 220/220/220 219/219/219 207/207/207
f 220/220/220 221/221/221 219/219/219
f 220/220/220 222/222/222 221/221/221
f 223/223/223 224/224/224 220/220/220
f 220/220/220 224/224/224 225/225/225
f 220/220/220 225/225/225 226/226/226
f 227/227/227 226/226/226 228/228/228
f 226/226/226 222/222/222 220/220/220
f 222/222/222 226/226/226 227/227/227
o i_paint_1
usemtl material_0
v -20782.279968 -16088.973999 198.584688
v -21203.952026 -16025.58136 204.785633
v -21019.842529 -15845.733643 200.583506
v -20966.387939 -16268.82019 202.786827
v -20832.318115 -15662.55188 196.371531
v -20591.97998 -15903.079224 194.364369
v -20404.521179 -15711.454773 192.330503
v -20646.517944 -15472.621155 194.328022
v -20369.752502 -15194.657898 192.837417
v -20128.878784 -15434.617615 190.838695
v -20094.117737 -14918.029785 190.473723
v -19853.291321 -15158.03833 188.475037
v -19820.806885 -14643.760681 187.178826
v -19579.954529 -14883.74176 185.180151
v -19549.783325 -14371.661377 183.826375
v -19308.837891 -14611.549377 181.827676
v -19280.953979 -14101.528931 180.711091
v -19039.855957 -14341.261292 178.712463
v -19014.115906 -13833.087158 177.208877
v -18772.792053 -14072.593689 175.210333
v -18749.017334 -13565.830994 172.748911
v -18507.460022 -13805.102539 170.750248
v -18485.549927 -13299.890137 167.815912
v -18243.885803 -13539.053345 165.817225
v -18223.599243 -13035.403442 162.631702
v -17981.991577 -13274.624634 160.63298
v -17962.886047 -12772.451782 157.331777
v -17721.499634 -13011.895752 155.333126
v -17703.164673 -12511.045837 152.237177
v -17462.088013 -12750.802612 150.238454
v -17203.527832 -12491.173553 144.916439
v -17444.270325 -12251.083374 146.915269
v -16945.474243 -12232.658386 138.796484
v -17185.984802 -11992.334747 140.795231
v -16687.748718 -11974.736786 131.846309
v -16928.218079 -11734.371948 133.844972
v -16430.249023 -11716.899109 124.650037
v -16670.811462 -11476.626587 126.648724
v -16173.039246 -11459.184265 117.623174
v -16413.684082 -11218.995667 119.621849
v -15915.90271 -11201.391602 110.573232
v -16156.610107 -10961.265564 112.571907
v -15658.595276 -10943.312073 103.340089
v -15899.343872 -10703.227234 105.338776
vt 0.772091 2.094723
vt 0.664906 2.173892
vt 0.665848 2.093468
vt 0.771149 2.175146
vt 0.666808 2.011553
vt 0.773065 2.011595
vt 0.772144 1.927828
vt 0.665895 1.928527
vt 0.66563 1.805948
vt 0.77188 1.805746
vt 0.665411 1.683914
vt 0.771661 1.683734
vt 0.665199 1.562915
vt 0.771449 1.562723
vt 0.664961 1.442901
vt 0.771211 1.442667
vt 0.664673 1.323806
vt 0.770923 1.323504
vt 0.664319 1.205525
vt 0.770568 1.205123
vt 0.663842 1.08789
vt 0.770091 1.087385
vt 0.663295 0.970906
vt 0.769544 0.970353
vt 0.662735 0.854579
vt 0.768984 0.854051
vt 0.66224 0.738864
vt 0.76849 0.738435
vt 0.661868 0.62371
vt 0.768118 0.623419
vt 0.767882 0.508914
vt 0.661632 0.509058
vt 0.76778 0.394767
vt 0.66153 0.394808
vt 0.767736 0.280824
vt 0.661486 0.280847
vt 0.767662 0.16695
vt 0.661411 0.167014
vt 0.76755 0.053166
vt 0.6613 0.053267
vt 0.767405 -0.060618
vt 0.661155 -0.060489
vt 0.767235 -0.174504
vt 0.660984 -0.174357
vn 0.015629 0.007103 0.999853
vn 0.015786 0.007201 0.999849
vn 0.015629 0.007103 0.999853
vn 0.015786 0.007201 0.999849
vn 0.012533 0.004153 0.999913
vn 0.012533 0.004152 0.999913
vn 0.00822 -0.000071 0.999966
vn 0.00822 -0.000071 0.999966
vn 0.007642 -0.000651 0.999971
vn 0.007642 -0.000651 0.999971
vn 0.009303 0.001008 0.999956
vn 0.009303 0.001008 0.999956
vn 0.010247 0.001957 0.999946
vn 0.010247 0.001957 0.999946
vn 0.010127 0.001841 0.999947
vn 0.010127 0.001841 0.999947
vn 0.010308 0.002032 0.999945
vn 0.010308 0.002032 0.999945
vn 0.011598 0.003343 0.999927
vn 0.011599 0.003344 0.999927
vn 0.012977 0.004747 0.999905
vn 0.012978 0.004747 0.999905
vn 0.013709 0.005493 0.999891
vn 0.013709 0.005493 0.999891
vn 0.014113 0.005896 0.999883
vn 0.014113 0.005896 0.999883
vn 0.014085 0.005851 0.999884
vn 0.014085 0.005851 0.999884
vn 0.014162 0.005903 0.999882
vn 0.014162 0.005903 0.999882
vn 0.015198 0.006917 0.999861
vn 0.015198 0.006917 0.999861
vn 0.016809 0.008511 0.999822
vn 0.016809 0.008511 0.999822
vn 0.017872 0.00957 0.999794
vn 0.017872 0.009571 0.999794
vn 0.017956 0.009661 0.999792
vn 0.017956 0.00966 0.999792
vn 0.017816 0.009529 0.999796
vn 0.017816 0.009529 0.999796
vn 0.018006 0.009728 0.999791
vn 0.018006 0.009728 0.999791
vn 0.018176 0.009901 0.999786
vn 0.018176 0.009901 0.999786
f 229/229/229 231/231/231 230/230/230
f 230/230/230 232/232/232 229/229/229
f 233/233/233 231/231/231 229/229/229
f 229/229/229 234/234/234 233/233/233
f 235/235/235 236/236/236 233/233/233
f 233/233/233 234/234/234 235/235/235
f 237/237/237 236/236/236 235/235/235
f 235/235/235 238/238/238 237/237/237
f 239/239/239 237/237/237 238/238/238
f 238/238/238 240/240/240 239/239/239
f 241/241/241 239/239/239 240/240/240
f 240/240/240 242/242/242 241/241/241
f 243/243/243 241/241/241 242/242/242
f 242/242/242 244/244/244 243/243/243
f 245/245/245 243/243/243 244/244/244
f 244/244/244 246/246/246 245/245/245
f 247/247/247 245/245/245 246/246/246
f 246/246/246 248/248/248 247/247/247
f 249/249/249 247/247/247 248/248/248
f 248/248/248 250/250/250 249/249/249
f 251/251/251 249/249/249 250/250/250
f 250/250/250 252/252/252 251/251/251
f 253/253/253 251/251/251 252/252/252
f 252/252/252 254/254/254 253/253/253
f 255/255/255 253/253/253 254/254/254
f 254/254/254 256/256/256 255/255/255
f 257/257/257 255/255/255 256/256/256
f 256/256/256 258/258/258 257/257/257
f 259/259/259 260/260/260 257/257/257
f 257/257/257 258/258/258 259/259/259
f 261/261/261 262/262/262 260/260/260
f 260/260/260 259/259/259 261/261/261
f 263/263/263 264/264/264 262/262/262
f 262/262/262 261/261/261 263/263/263
f 265/265/265 266/266/266 264/264/264
f 264/264/264 263/263/263 265/265/265
f 267/267/267 268/268/268 266/266/266
f 266/266/266 265/265/265 267/267/267
f 269/269/269 270/270/270 268/268/268
f 268/268/268 267/267/267 269/269/269
f 271/271/271 272/272/272 270/270/270
f 270/270/270 269/269/269 271/271/271
o i_paint_2
usemtl material_0
v -22023.025513 -18131.976318 202.547073
v -21993.666077 -18120.59021 202.462959
v -22103.372192 -18169.700623 202.984476
v -22053.111267 -18143.363953 202.637458
v -22084.646606 -18154.759216 202.740383
v -24521.331787 -17717.498779 218.000007
v -24569.432068 -17672.047424 219.000053
v -24545.002747 -17685.006714 218.999982
v -22118.359375 -18166.162109 202.862144
v -24449.198914 -17729.644775 219.499993
v -24409.9823 -17811.195374 217.000008
v -22212.350464 -18212.716675 203.395844
v -22154.972839 -18177.577209 203.008962
v -22195.211792 -18189.006042 203.187132
v -22239.805603 -18200.453186 203.402948
v -22320.864868 -18249.606323 203.722191
v -22295.988464 -18210.862732 203.396106
v -24332.759094 -17773.805237 219.997096
v -22349.0448 -18212.840271 203.389311
v -24293.264771 -17898.272705 215.499997
v -24244.593811 -17800.302124 219.31169
v -22429.321289 -18280.377197 203.987002
v -22398.147583 -18207.467651 203.382564
v -22442.468262 -18195.826721 203.375769
v -21278.811646 -16071.061707 203.01795
v -21217.799377 -16011.149597 204.785633
v -21203.952026 -16025.582886 204.785633
v -20966.387939 -16268.82019 202.786779
v -21331.881714 -16636.920166 209.204769
v -21338.269043 -16129.652405 203.669715
v -21396.682739 -16187.471008 204.667926
v -21454.901123 -16245.393372 205.93586
v -21513.066101 -16303.479004 207.399392
v -21571.835327 -16362.371826 208.983254
v -21631.703186 -16422.535706 210.611939
v -21718.858337 -17026.657104 216.000009
v -21693.209839 -16484.484863 212.210417
v -21756.941223 -16548.770142 213.703537
v -21823.280334 -16615.748596 215.01615
v -21892.782593 -16685.942078 216.073084
v -21966.029358 -16759.906006 216.799188
v -22043.52417 -16838.117981 217.119312
v -21817.089844 -17126.457214 209.019804
v -22125.688171 -16920.965576 216.958261
v -21987.823486 -17297.857666 210.704494
v -22213.235474 -17009.132385 216.240954
v -22306.533813 -17102.960205 214.892197
v -22111.421204 -17422.019958 211.999989
v -22406.159973 -17202.996826 212.836814
v -22535.232544 -17848.854065 203.299999
v -22511.985779 -17308.976746 210.000539
v -22605.464172 -17401.617432 207.088971
v -22696.211243 -17481.188965 204.957747
v -22790.029907 -17555.039978 203.559852
v -22538.153076 -18305.003357 204.216075
v -22481.17981 -18178.997803 203.368878
v -24171.446228 -17978.227234 213.709021
v -24152.377319 -17823.078918 218.243289
v -24055.94635 -17841.851807 216.875386
v -24044.799805 -18050.570679 212.534213
v -23955.990601 -17856.114197 215.272403
v -23913.508606 -18114.865112 211.292362
v -23853.15094 -17865.466309 213.514328
v -22899.772644 -17628.614807 202.827263
v -22567.407227 -17895.077515 203.307843
v -22513.453674 -18158.061218 203.361845
v -23776.937866 -18171.051025 209.983873
v -23747.920227 -17869.438171 211.671591
v -23639.555359 -17867.614746 209.821606
v -23632.983398 -18220.982361 208.753109
v -23530.361938 -17856.695557 208.036232
v -23493.978882 -18261.712646 207.729769
v -23420.63446 -17840.057373 206.388426
v -23360.50415 -18293.489075 206.894112
v -23315.42511 -17813.575745 204.955029
v -23232.116699 -18316.854858 206.222153
v -23210.317993 -17782.781982 203.806448
v -23108.387756 -18332.30896 205.688119
v -23103.146362 -17739.144897 203.019762
v -22988.717651 -18340.325928 205.266953
v -22872.515869 -18341.311646 204.934478
v -22999.728394 -17689.361572 202.664971
v -22759.126282 -18335.601807 204.665112
v -22585.336304 -17941.679382 203.315783
v -22591.223145 -17987.336731 203.323722
v -22587.275696 -18030.728149 203.331637
v -22575.695801 -18070.532227 203.339458
v -22647.898865 -18323.443604 204.43387
v -22558.68988 -18105.430603 203.347135
v -22538.46283 -18134.098816 203.354597
vt 1.411804 0.785342
vt 1.415776 0.776339
vt 1.402386 0.811432
vt 1.407673 0.794507
vt 1.403222 0.803993
vt 0.768164 1.245808
vt 0.747492 1.246393
vt 0.755754 1.243859
vt 1.398293 0.813962
vt 0.786787 1.232552
vt 0.813473 1.241907
vt 1.38781 0.845019
vt 1.392725 0.824575
vt 1.386358 0.835992
vt 1.379034 0.848375
vt 1.371984 0.877149
vt 1.368919 0.863091
vt 0.822275 1.216581
vt 1.357632 0.875252
vt 0.858506 1.235357
vt 0.847612 1.202954
vt 1.354817 0.907914
vt 1.345595 0.884915
vt 1.333229 0.892136
vt 1.120852 0.165491
vt 1.121095 0.13877
vt 1.127344 0.138899
vt 1.233587 0.140153
vt 1.234163 0.302256
vt 1.12066 0.191576
vt 1.120529 0.21726
vt 1.120463 0.242923
vt 1.120446 0.268611
vt 1.120473 0.294611
vt 1.120539 0.321135
vt 1.234773 0.473887
vt 1.120636 0.348415
vt 1.120759 0.376703
vt 1.1209 0.406162
vt 1.121053 0.437031
vt 1.121211 0.46956
vt 1.12137 0.503967
vt 1.23512 0.517646
vt 1.121521 0.54043
vt 1.235267 0.593248
vt 1.121658 0.579257
vt 1.121775 0.620607
vt 1.235392 0.647996
vt 1.121866 0.664726
vt 1.23606 0.835963
vt 1.1219 0.711529
vt 1.121714 0.752656
vt 1.119245 0.790292
vt 1.114833 0.827342
vt 1.33621 0.937404
vt 1.320956 0.896971
vt 0.903092 1.226107
vt 0.873023 1.18761
vt 0.898479 1.17045
vt 0.947063 1.214107
vt 0.923718 1.151514
vt 0.990282 1.199303
vt 0.948509 1.130856
vt 1.106841 0.86785
vt 1.239164 0.853287
vt 1.309198 0.899477
vt 1.032875 1.18154
vt 0.97264 1.108481
vt 0.996182 1.084132
vt 1.075718 1.160764
vt 1.017898 1.057591
vt 1.115435 1.139048
vt 1.038468 1.029668
vt 1.15195 1.116576
vt 1.055865 1.000568
vt 1.185483 1.093369
vt 1.072286 0.970538
vt 1.216239 1.069443
vt 1.086325 0.937213
vt 1.244454 1.044771
vt 1.270349 1.019312
vt 1.098177 0.90336
vt 1.294143 0.992994
vt 1.2455 0.867546
vt 1.254288 0.878936
vt 1.264749 0.887652
vt 1.276103 0.893889
vt 1.316034 0.96573
vt 1.287572 0.897843
vt 1.298377 0.899708
vn -0.009313 0.031423 0.999463
vn -0.009368 0.031539 0.999459
vn -0.003577 0.020455 0.999784
vn -0.007043 0.026612 0.999621
vn -0.004656 0.022166 0.999743
vn -0.029143 -0.050726 0.998287
vn -0.026562 -0.050077 0.998392
vn -0.027037 -0.050422 0.998362
vn -0.003386 0.018708 0.999819
vn -0.026241 -0.043858 0.998693
vn -0.020287 -0.041247 0.998943
vn 0.002503 0.006262 0.999977
vn 0.001284 0.008912 0.999959
vn 0.002588 0.006931 0.999973
vn 0.001681 0.004818 0.999987
vn -0.000372 0.008581 0.999963
vn -0.001482 0.009368 0.999955
vn -0.014149 -0.040007 0.999099
vn 0.000001 0.008651 0.999963
vn -0.00906 -0.036854 0.99928
vn -0.002427 -0.034366 0.999406
vn 0.000666 0.00767 0.99997
vn 0.001204 0.007775 0.999969
vn 0.001639 0.006757 0.999976
vn -0.023621 0.01119 0.999658
vn -0.014914 -0.01431 0.999786
vn -0.010685 -0.001119 0.999942
vn 0.013023 0.004503 0.999905
vn 0.009332 0.008735 0.999918
vn 0.001743 0.010933 0.999939
vn 0.007412 0.011162 0.99991
vn 0.011145 0.01185 0.999868
vn 0.013265 0.012621 0.999832
vn 0.013989 0.013033 0.999817
vn 0.01384 0.0097 0.999857
vn -0.004173 -0.016615 0.999853
vn 0.019262 0.006077 0.999796
vn 0.016272 0.006101 0.999849
vn 0.012627 0.005603 0.999905
vn 0.008784 0.00427 0.999952
vn 0.005231 0.001851 0.999985
vn 0.005471 -0.013061 0.9999
vn -0.000871 -0.02729 0.999627
vn 0.012595 -0.014316 0.999818
vn 0.013091 -0.007499 0.999886
vn 0.004605 -0.015578 0.999868
vn -0.00005 -0.013202 0.999913
vn 0.001055 -0.008399 0.999964
vn -0.008592 -0.01309 0.999877
vn -0.005734 -0.005224 0.99997
vn -0.016124 -0.011714 0.999801
vn -0.017931 -0.011286 0.999776
vn -0.011774 -0.009664 0.999884
vn -0.006021 -0.006106 0.999963
vn 0.001467 0.005584 0.999983
vn 0.002768 0.005472 0.999981
vn -0.000533 -0.026858 0.999639
vn 0.006144 -0.029967 0.999532
vn 0.007793 -0.023661 0.99969
vn 0.002277 -0.017742 0.99984
vn 0.012257 -0.016132 0.999795
vn 0.005735 -0.012037 0.999911
vn 0.014866 -0.010156 0.999838
vn -0.002333 -0.000089 0.999997
vn 0.000775 0.001547 0.999999
vn 0.004079 0.005128 0.999979
vn 0.008989 -0.006054 0.999941
vn 0.017212 -0.007251 0.999826
vn 0.015571 -0.004325 0.999869
vn 0.008299 -0.001443 0.999965
vn 0.014695 -0.00073 0.999892
vn 0.007663 0.001073 0.99997
vn 0.013109 0.001886 0.999912
vn 0.006723 0.002863 0.999973
vn 0.010642 0.003572 0.999937
vn 0.005582 0.003979 0.999977
vn 0.00709 0.004317 0.999966
vn 0.00435 0.004406 0.999981
vn 0.003252 0.004103 0.999986
vn 0.003291 0.004364 0.999985
vn 0.002426 0.004049 0.999989
vn -0.000792 0.002841 0.999996
vn 0.001842 0.003336 0.999993
vn 0.053556 -0.020208 0.99836
vn 0.009768 -0.000858 0.999952
vn 0.006041 0.000969 0.999981
vn 0.004663 0.002102 0.999987
vn 0.001753 0.004129 0.99999
vn 0.004988 0.002944 0.999983
vn 0.003824 0.003967 0.999985
f 273/273/273 275/275/275 274/274/274
f 276/276/276 275/275/275 273/273/273
f 277/277/277 275/275/275 276/276/276
f 278/278/278 280/280/280 279/279/279
f 281/281/281 275/275/275 277/277/277
f 278/278/278 282/282/282 280/280/280
f 283/283/283 282/282/282 278/278/278
f 281/281/281 284/284/284 275/275/275
f 285/285/285 284/284/284 281/281/281
f 286/286/286 284/284/284 285/285/285
f 287/287/287 284/284/284 286/286/286
f 287/287/287 288/288/288 284/284/284
f 289/289/289 288/288/288 287/287/287
f 283/283/283 290/290/290 282/282/282
f 291/291/291 288/288/288 289/289/289
f 292/292/292 290/290/290 283/283/283
f 292/292/292 293/293/293 290/290/290
f 291/291/291 294/294/294 288/288/288
f 295/295/295 294/294/294 291/291/291
f 296/296/296 294/294/294 295/295/295
f 297/297/297 299/299/299 298/298/298
f 299/299/299 301/301/301 300/300/300
f 297/297/297 301/301/301 299/299/299
f 302/302/302 301/301/301 297/297/297
f 303/303/303 301/301/301 302/302/302
f 304/304/304 301/301/301 303/303/303
f 305/305/305 301/301/301 304/304/304
f 306/306/306 301/301/301 305/305/305
f 307/307/307 301/301/301 306/306/306
f 307/307/307 308/308/308 301/301/301
f 309/309/309 308/308/308 307/307/307
f 310/310/310 308/308/308 309/309/309
f 311/311/311 308/308/308 310/310/310
f 312/312/312 308/308/308 311/311/311
f 313/313/313 308/308/308 312/312/312
f 314/314/314 308/308/308 313/313/313
f 314/314/314 315/315/315 308/308/308
f 316/316/316 315/315/315 314/314/314
f 316/316/316 317/317/317 315/315/315
f 318/318/318 317/317/317 316/316/316
f 319/319/319 317/317/317 318/318/318
f 319/319/319 320/320/320 317/317/317
f 321/321/321 320/320/320 319/319/319
f 321/321/321 322/322/322 320/320/320
f 323/323/323 322/322/322 321/321/321
f 324/324/324 322/322/322 323/323/323
f 325/325/325 322/322/322 324/324/324
f 326/326/326 322/322/322 325/325/325
f 296/296/296 327/327/327 294/294/294
f 328/328/328 327/327/327 296/296/296
f 329/329/329 293/293/293 292/292/292
f 329/329/329 330/330/330 293/293/293
f 329/329/329 331/331/331 330/330/330
f 332/332/332 331/331/331 329/329/329
f 332/332/332 333/333/333 331/331/331
f 334/334/334 333/333/333 332/332/332
f 334/334/334 335/335/335 333/333/333
f 336/336/336 322/322/322 326/326/326
f 336/336/336 337/337/337 322/322/322
f 338/338/338 327/327/327 328/328/328
f 339/339/339 335/335/335 334/334/334
f 339/339/339 340/340/340 335/335/335
f 339/339/339 341/341/341 340/340/340
f 342/342/342 341/341/341 339/339/339
f 342/342/342 343/343/343 341/341/341
f 344/344/344 343/343/343 342/342/342
f 344/344/344 345/345/345 343/343/343
f 346/346/346 345/345/345 344/344/344
f 346/346/346 347/347/347 345/345/345
f 348/348/348 347/347/347 346/346/346
f 348/348/348 349/349/349 347/347/347
f 350/350/350 349/349/349 348/348/348
f 350/350/350 351/351/351 349/349/349
f 352/352/352 351/351/351 350/350/350
f 353/353/353 351/351/351 352/352/352
f 353/353/353 354/354/354 351/351/351
f 355/355/355 354/354/354 353/353/353
f 355/355/355 336/336/336 354/354/354
f 355/355/355 337/337/337 336/336/336
f 355/355/355 356/356/356 337/337/337
f 355/355/355 357/357/357 356/356/356
f 355/355/355 358/358/358 357/357/357
f 355/355/355 359/359/359 358/358/358
f 360/360/360 359/359/359 355/355/355
f 360/360/360 361/361/361 359/359/359
f 360/360/360 362/362/362 361/361/361
f 327/327/327 362/362/362 360/360/360
f 338/338/338 362/362/362 327/327/327
o i_paint_3
usemtl material_0
v 28118.600464 -17847.463989 232.502627
v 28356.37207 -16854.335022 190.344083
v 28799.533081 -18002.391052 251.319838
v 28087.387085 -16970.236206 191.14027
v 28264.230347 -18226.208496 251.885676
v 28407.162476 -18599.01123 270.876575
v 29221.200562 -19098.495483 304.969478
v 28547.241211 -18964.967346 288.382053
v 28684.365845 -19323.182678 304.584551
v 28818.084717 -19672.746277 320.36767
v 28904.321289 -19896.261597 330.426192
v 29611.376953 -20117.636108 350.548363
v 29074.053955 -20342.378235 349.000001
v 28991.51001 -20118.89801 339.980698
v 29168.643188 -20561.833191 357.641077
v 29258.538818 -20782.287598 365.779209
v 29962.1521 -21035.02655 384.60741
v 29440.890503 -21221.575928 380.752587
v 29349.298096 -21002.177429 373.477745
v 29533.38623 -21440.539551 387.620044
v 29626.495361 -21659.228516 394.096231
v 30289.120483 -21887.687683 404.841137
v 29815.179443 -22095.874023 405.939579
v 29720.458984 -21877.635193 400.197315
v 29910.699463 -22313.989258 411.339045
v 30006.756592 -22532.151794 416.412401
v 30678.55835 -22904.382324 420.037651
v 30299.160767 -23187.243652 429.833126
v 30201.049805 -22968.681335 425.642872
v 30397.885132 -23406.109619 433.761454
v 30497.195435 -23625.35553 437.444115
v 31117.547607 -24052.919006 431.760311
v 30798.446655 -24286.177063 447.179413
v 30697.50061 -24065.310669 444.136906
v 30899.893188 -24507.740784 450.040865
v 31001.815796 -24730.081177 452.737427
v 31586.166382 -25277.697754 442.399454
v 31310.22644 -25402.554321 459.999657
v 31207.003784 -25177.409363 457.700729
v 31415.2771 -25632.897949 462.173843
v 31523.38562 -25871.847534 464.208794
v 32062.683105 -26522.756958 455.742359
v 31862.786865 -26629.663086 469.549942
v 31747.463989 -26371.307373 467.889595
v 32098.410034 -27158.31604 472.546673
v 31979.879761 -26892.364502 471.099949
v 32325 -27126.782227 461.290646
v 32218.066406 -27426.464844 473.897266
v 32590.930176 -27704.827881 466.19463
v 32338.510132 -27695.727539 475.159073
v 32580.508423 -28233.349609 477.445126
v 32459.429932 -27965.045166 476.339245
v 32839.276123 -28229.638672 470.715523
v 32701.412964 -28499.563599 478.483677
v 33096.350098 -28741.998291 474.37439
v 32821.908569 -28762.585449 479.462528
v 32941.427612 -29021.44165 480.387974
v 33383.813477 -29277.554321 476.726246
v 33059.890747 -29274.963379 481.268024
v 33674.465942 -30043.032837 482.499981
v 33292.205811 -29761.813354 482.920456
v 33176.895142 -29522.125244 482.109737
v 33405.245972 -29993.060303 483.706856
v 33516.027832 -30214.663696 484.476757
v 33623.980713 -30425.653076 485.237026
v 34455.935669 -30567.86499 480.963898
v 34026.568604 -30780.526733 488.290882
v 33988.989258 -30688.342285 488.381195
v 34664.135742 -30821.334839 480.870438
v 34176.324463 -31043.453979 483.344364
v 34079.769897 -30888.842773 484.043312
v 34271.97876 -31175.271606 490.921402
v 34356.533813 -31292.123413 485.000038
v 34431.756592 -31390.264893 487.353802
v 34928.942871 -31052.218628 491.075325
v 34512.1521 -31488.223267 488.186359
v 35243.511963 -31218.640137 491.798306
v 34753.265381 -31730.847168 490.620422
v 34835.968018 -31798.986816 491.413021
v 34919.625854 -31861.190796 492.197514
v 35004.18396 -31917.733765 492.974567
v 35089.151001 -31968.618774 493.744755
v 35174.563599 -32014.190674 494.509029
v 35260.568237 -32054.785156 495.268154
v 35590.686035 -31305.941772 498.229122
v 35432.571411 -32121.273804 496.773243
v 35346.594238 -32090.39917 496.022606
v 35690.142822 -32187.738037 499.009228
v 35604.794312 -32169.851685 498.265839
v 35955.963135 -31311.138916 504.468822
v 35942.654419 -32218.197632 501.236725
v 35859.408569 -32211.767578 500.494099
v 36024.737549 -32221.154785 501.980782
v 36105.79834 -32220.797729 502.72665
v 36185.333252 -32217.297363 503.475094
v 36263.406372 -32210.809326 504.226971
v 36339.190674 -32201.574707 504.982948
v 36413.198853 -32189.697266 505.743694
v 36321.673584 -31217.828369 509.736156
v 36484.243774 -32175.537109 506.509876
v 36848.822021 -32052.630615 510.779095
v 36773.907471 -32084.799194 509.870529
v 36680.166626 -31051.611328 513.85622
v 37074.661255 -31933.120728 513.592243
v 36999.667358 -31976.730347 512.644863
v 37149.032593 -31885.708618 514.54277
v 37222.744751 -31834.301758 515.491772
v 37295.095825 -31779.180908 516.434383
v 37365.713501 -31720.419312 517.365646
v 37434.524536 -31657.86438 518.280697
v 37501.235962 -31591.525269 519.174957
v 37028.463745 -30824.362183 515.593243
v 37627.285767 -31447.390747 520.88089
v 37565.661621 -31521.279907 520.043182
v 37334.851074 -30560.839844 517.338085
v 37926.028442 -30923.318481 524.992752
v 37886.105347 -31020.300293 524.438381
v 37992.068481 -30717.041016 525.899124
v 37961.450195 -30822.241211 525.480556
v 38017.565918 -30607.727051 526.243401
v 37562.554932 -30293.347168 521.312141
v 38038.607788 -30488.916016 526.509666
v 38166.854858 -30382.41272 535.478687
v 37723.825073 -30011.117554 526.7766
v 38214.535522 -30240.560913 540.362835
v 38307.919312 -29920.645142 531.408596
v 38263.778687 -30087.722778 539.109612
v 38171.600342 -29563.357544 531.84185
v 38353.231812 -29740.515137 531.914616
v 38382.452393 -29546.655273 532.47385
v 38413.253784 -29342.419434 533.081818
v 34082.382202 -29853.573608 481.370449
v 34297.53418 -30279.980469 488.866806
v 33986.251831 -29851.925659 482.000065
v 33954.714966 -30064.987183 484.65147
v 34297.53418 -30279.980469 488.866806
v 33935.293579 -30208.69751 486.46183
v 33924.456787 -30334.597778 488.498783
v 33931.37207 -30457.769775 488.504791
v 33951.675415 -30573.574829 488.509846
v 33694.451904 -29824.423218 477.920532
v 33674.465942 -30043.032837 482.499981
v 33383.813477 -29277.554321 476.726246
v 28058.840942 -16077.011108 144.942212
v 31634.216309 -26118.341064 466.111565
v 31820.697021 -25902.896118 449.082088
v 31104.196167 -24953.277588 455.285358
v 30597.073364 -23845.062256 440.897179
v 30103.57666 -22750.343323 421.174574
v 34297.53418 -30279.980469 488.866806
v 33954.714966 -30064.987183 484.65147
v 33986.251831 -29851.925659 482.000065
v 37841.867065 -31113.38501 523.828506
v 34667.623901 -31648.873901 489.767265
v 38038.607788 -30488.916016 526.509666
v 38166.854858 -30382.41272 535.478687
v 38136.956787 -30506.347656 534.253693
v 38307.919312 -29920.645142 531.408596
v 38353.231812 -29740.515137 531.914616
v 38325.72937 -29923.138428 531.408596
v 34591.381836 -31575.900269 489.007759
v 35518.652344 -32147.698975 497.520733
v 35775.192261 -32201.675415 499.751759
v 36626.235962 -32137.77771 508.125687
v 36554.620361 -32158.465576 507.299137
v 36924.276733 -32016.577148 511.705589
v 36699.621582 -32113.162231 508.984375
v 37741.656494 -31287.890625 522.445107
v 37686.206055 -31369.381714 521.683121
v 37793.62793 -31202.56958 523.161793
vt 0.097671 1.316854
vt 0.187966 1.185298
vt 0.188325 1.377582
vt 0.142238 1.187144
vt 0.097706 1.380257
vt 0.097681 1.442642
vt 0.188458 1.561085
vt 0.097623 1.503868
vt 0.097568 1.5638
vt 0.0975 1.622279
vt 0.097563 1.659712
vt 0.188307 1.731596
vt 0.097342 1.734293
vt 0.097815 1.697071
vt 0.098852 1.771601
vt 0.099621 1.808793
vt 0.188106 1.88506
vt 0.101623 1.883084
vt 0.100547 1.845951
vt 0.102854 1.920204
vt 0.104191 1.957318
vt 0.188057 2.027748
vt 0.107265 2.031578
vt 0.105668 1.994439
vt 0.108985 2.068743
vt 0.110781 2.105946
vt 0.187935 2.197862
vt 0.116753 2.217879
vt 0.11468 2.180503
vt 0.118899 2.255333
vt 0.121109 2.292876
vt 0.187659 2.389982
vt 0.12805 2.40614
vt 0.125692 2.368269
vt 0.130442 2.44414
vt 0.13286 2.48228
vt 0.187436 2.594883
vt 0.140193 2.597645
vt 0.137743 2.559023
vt 0.142619 2.637128
vt 0.145009 2.678038
vt 0.18723 2.803185
vt 0.152084 2.807586
vt 0.149728 2.763442
vt 0.156853 2.897896
vt 0.154455 2.852463
vt 0.191672 2.905984
vt 0.159293 2.943711
vt 0.198096 3.005195
vt 0.161784 2.989733
vt 0.166981 3.081708
vt 0.164343 3.03579
vt 0.204936 3.095656
vt 0.169711 3.127311
vt 0.213746 3.18479
vt 0.17256 3.172426
vt 0.1755 3.216878
vt 0.225691 3.279009
vt 0.178584 3.260493
vt 0.225226 3.406946
vt 0.185212 3.344519
vt 0.181812 3.303099
vt 0.188752 3.384581
vt 0.192504 3.42311
vt 0.196436 3.459932
vt 0.309832 3.527262
vt 0.235292 3.534241
vt 0.234972 3.51869
vt 0.32601 3.575895
vt 0.242414 3.580981
vt 0.236987 3.553021
vt 0.248986 3.605565
vt 0.254777 3.627346
vt 0.260255 3.645874
vt 0.351709 3.624402
vt 0.266497 3.664665
vt 0.388277 3.666293
vt 0.288083 3.713558
vt 0.296332 3.728129
vt 0.305052 3.741887
vt 0.31422 3.75487
vt 0.323765 3.76705
vt 0.333673 3.77848
vt 0.343945 3.789218
vt 0.434032 3.698468
vt 0.365313 3.808548
vt 0.3545 3.79923
vt 0.399164 3.832666
vt 0.387715 3.825278
vt 0.487024 3.719679
vt 0.434292 3.851249
vt 0.422509 3.845649
vt 0.4461 3.856276
vt 0.457945 3.860763
vt 0.469743 3.864706
vt 0.481495 3.868131
vt 0.493067 3.871028
vt 0.504527 3.873439
vt 0.545596 3.726546
vt 0.515684 3.875352
vt 0.575748 3.877838
vt 0.563019 3.878335
vt 0.607198 3.722373
vt 0.615383 3.87305
vt 0.602002 3.875213
vt 0.628887 3.870299
vt 0.642518 3.866928
vt 0.656158 3.862938
vt 0.66975 3.858321
vt 0.68329 3.853049
vt 0.696736 3.847107
vt 0.670729 3.708727
vt 0.723194 3.83314
vt 0.710068 3.840468
vt 0.730179 3.687443
vt 0.796118 3.773421
vt 0.784864 3.785332
vt 0.817302 3.747029
vt 0.806945 3.76066
vt 0.827142 3.732511
vt 0.778372 3.661173
vt 0.836864 3.716358
vt 0.861536 3.708003
vt 0.817701 3.629034
vt 0.876434 3.689981
vt 0.90797 3.648543
vt 0.892175 3.670443
vt 0.908091 3.588792
vt 0.924666 3.624804
vt 0.939783 3.598162
vt 0.955713 3.570094
vt 0.295338 3.40215
vt 0.302846 3.476398
vt 0.281408 3.396527
vt 0.264877 3.425841
vt 0.302846 3.476398
vt 0.253997 3.445717
vt 0.245366 3.463475
vt 0.239478 3.48183
vt 0.235955 3.49986
vt 0.240382 3.376176
vt 0.225226 3.406946
vt 0.225691 3.279009
vt 0.18809 1.055249
vt 0.147373 2.7202
vt 0.18664 2.699215
vt 0.135296 2.520571
vt 0.123376 2.330518
vt 0.112687 2.143195
vt 0.302846 3.476398
vt 0.264877 3.425841
vt 0.281408 3.396527
vt 0.773198 3.796434
vt 0.28018 3.696805
vt 0.836864 3.716358
vt 0.861536 3.708003
vt 0.850235 3.724408
vt 0.90797 3.648543
vt 0.924666 3.624804
vt 0.910428 3.649904
vt 0.273145 3.681891
vt 0.37639 3.817223
vt 0.41079 3.839461
vt 0.538511 3.877795
vt 0.526906 3.876802
vt 0.588773 3.876804
vt 0.550594 3.878313
vt 0.748809 3.816278
vt 0.736157 3.82506
vt 0.761168 3.806742
vn -0.017201 0.045749 0.998805
vn -0.018062 0.048815 0.998645
vn -0.016803 0.044458 0.99887
vn -0.0178 0.048215 0.998678
vn -0.017464 0.044294 0.998866
vn -0.016228 0.04307 0.99894
vn -0.016385 0.039852 0.999071
vn -0.016099 0.041339 0.999015
vn -0.016906 0.038681 0.999109
vn -0.016597 0.038492 0.999121
vn -0.016648 0.037783 0.999147
vn -0.016203 0.034197 0.999284
vn -0.016741 0.033141 0.99931
vn -0.017107 0.035345 0.999229
vn -0.015463 0.03137 0.999388
vn -0.015662 0.030255 0.99942
vn -0.014103 0.025559 0.999574
vn -0.016469 0.025363 0.999543
vn -0.016681 0.027417 0.999485
vn -0.015422 0.023732 0.999599
vn -0.010477 0.022223 0.999698
vn -0.005088 0.020287 0.999781
vn -0.007466 0.022271 0.999724
vn -0.007739 0.023994 0.999682
vn -0.006446 0.020961 0.999759
vn 0.002182 0.019408 0.999809
vn 0.010574 0.021106 0.999721
vn 0.009015 0.022528 0.999706
vn 0.008537 0.02375 0.999681
vn 0.010091 0.0217 0.999714
vn 0.020356 0.020456 0.999584
vn 0.029558 0.024793 0.999256
vn 0.028908 0.026505 0.999231
vn 0.028633 0.027417 0.999214
vn 0.029701 0.025948 0.999222
vn 0.039333 0.02555 0.998899
vn 0.048486 0.030735 0.998351
vn 0.04908 0.032251 0.998274
vn 0.049037 0.033088 0.998249
vn 0.050095 0.031472 0.998248
vn 0.053442 0.031363 0.998078
vn 0.052453 0.030076 0.99817
vn 0.053016 0.029787 0.998149
vn 0.053206 0.030684 0.998112
vn 0.046722 0.027625 0.998526
vn 0.053679 0.029447 0.998124
vn 0.044632 0.027407 0.998627
vn 0.04149 0.02588 0.998804
vn 0.035478 0.02176 0.999134
vn 0.036233 0.020803 0.999127
vn 0.027238 0.018831 0.999452
vn 0.03636 0.020577 0.999127
vn 0.024438 0.018137 0.999537
vn 0.021926 0.016073 0.99963
vn 0.017686 0.01316 0.999757
vn 0.017652 0.011776 0.999775
vn 0.015972 0.011954 0.999801
vn 0.013581 0.011266 0.999844
vn 0.0141 0.010067 0.99985
vn 0.006538 0.007151 0.999953
vn 0.005564 0.006068 0.999966
vn 0.012015 0.010716 0.99987
vn 0.005632 0.006194 0.999965
vn 0.005568 0.006377 0.999964
vn 0.005516 0.006425 0.999964
vn 0.011423 -0.005708 0.999918
vn 0.022147 -0.010272 0.999702
vn 0.01477 0.004311 0.999882
vn -0.004606 0.012197 0.999915
vn -0.003995 0.019908 0.999794
vn 0.015779 -0.010436 0.999821
vn 0.015665 0.011035 0.999816
vn 0.010134 0.00215 0.999946
vn -0.01162 0.009777 0.999885
vn -0.010964 0.008099 0.999907
vn -0.00856 0.001557 0.999962
vn -0.009203 0.002348 0.999955
vn -0.006457 0.002393 0.999976
vn -0.006452 0.003867 0.999972
vn -0.006527 0.003911 0.999971
vn -0.006634 0.003953 0.99997
vn -0.006763 0.003987 0.999969
vn -0.006889 0.004004 0.999968
vn -0.009366 0.001934 0.999954
vn -0.015559 0.000586 0.999879
vn -0.008735 -0.000092 0.999962
vn -0.00878 -0.000081 0.999961
vn -0.008741 -0.000101 0.999962
vn -0.008707 -0.0001 0.999962
vn -0.014087 -0.003874 0.999893
vn -0.009187 -0.003428 0.999952
vn -0.010063 -0.002078 0.999947
vn -0.009186 -0.003428 0.999952
vn -0.009226 -0.003435 0.999952
vn -0.009306 -0.003452 0.999951
vn -0.009458 -0.003501 0.999949
vn -0.009636 -0.00357 0.999947
vn -0.009899 -0.003701 0.999944
vn -0.011091 -0.005089 0.999926
vn -0.010372 -0.004618 0.999936
vn -0.009923 -0.005017 0.999938
vn -0.009979 -0.00505 0.999937
vn -0.008129 -0.002533 0.999964
vn -0.009844 -0.004705 0.99994
vn -0.009801 -0.004801 0.99994
vn -0.009731 -0.004647 0.999942
vn -0.009614 -0.004575 0.999943
vn -0.009519 -0.004502 0.999945
vn -0.00941 -0.004398 0.999946
vn -0.009288 -0.00426 0.999948
vn -0.009522 -0.002597 0.999951
vn -0.007796 0.001303 0.999969
vn -0.010994 -0.00208 0.999937
vn -0.011077 -0.002154 0.999936
vn -0.011075 0.000716 0.999938
vn -0.013117 -0.000277 0.999914
vn -0.013136 -0.000308 0.999914
vn -0.013058 -0.00014 0.999915
vn -0.01308 -0.000208 0.999914
vn -0.012346 -0.000769 0.999923
vn -0.018341 -0.007257 0.999805
vn -0.021414 -0.025565 0.999444
vn -0.032522 -0.026606 0.999117
vn -0.020354 0.001235 0.999792
vn -0.029919 -0.004801 0.999541
vn -0.009949 0.016251 0.999818
vn -0.017976 0.034169 0.999254
vn -0.004724 -0.003124 0.999984
vn -0.005394 -0.003327 0.99998
vn -0.002798 -0.002516 0.999993
vn -0.002795 -0.002556 0.999993
vn 0.006909 0.021062 0.999754
vn 0.006909 0.021062 0.999754
vn 0.006909 0.021062 0.999754
vn -0.004052 0.013144 0.999905
vn 0.00669 -0.005994 0.99996
vn -0.003742 0.014716 0.999885
vn -0.002063 0.007352 0.999971
vn -0.000952 -0.000076 1
vn 0.009484 -0.002873 0.999951
vn 0.028438 0.018336 0.999427
vn 0.028438 0.018336 0.999427
vn 0.028438 0.018336 0.999427
vn -0.019035 0.051035 0.998515
vn 0.054096 0.031828 0.998028
vn 0.054135 0.031605 0.998033
vn 0.042867 0.026844 0.99872
vn 0.024411 0.022011 0.99946
vn 0.008762 0.025327 0.999641
vn -0.00411 0.013052 0.999906
vn -0.00411 0.013052 0.999906
vn -0.00411 0.013052 0.999906
vn -0.01135 -0.000313 0.999936
vn -0.008498 0.001529 0.999963
vn -0.07696 0.008711 0.996996
vn -0.07696 0.008711 0.996996
vn -0.07696 0.008711 0.996996
vn -0.00038 -0.002713 0.999996
vn -0.00038 -0.002713 0.999996
vn -0.00038 -0.002713 0.999996
vn -0.008541 0.001558 0.999962
vn -0.008691 -0.000098 0.999962
vn -0.008796 -0.000112 0.999961
vn -0.010036 -0.005073 0.999937
vn -0.010028 -0.005074 0.999937
vn -0.009861 -0.004974 0.999939
vn -0.009999 -0.005061 0.999937
vn -0.010834 -0.001888 0.99994
vn -0.010906 -0.001989 0.999939
vn -0.010755 -0.001748 0.999941
f 363/363/363 365/365/365 364/364/364
f 364/364/364 366/366/366 363/363/363
f 365/365/365 363/363/363 367/367/367
f 365/365/365 367/367/367 368/368/368
f 369/369/369 365/365/365 368/368/368
f 368/368/368 370/370/370 369/369/369
f 369/369/369 370/370/370 371/371/371
f 369/369/369 371/371/371 372/372/372
f 373/373/373 374/374/374 369/369/369
f 369/369/369 372/372/372 373/373/373
f 374/374/374 376/376/376 375/375/375
f 374/374/374 375/375/375 377/377/377
f 374/374/374 377/377/377 378/378/378
f 379/379/379 381/381/381 380/380/380
f 379/379/379 380/380/380 382/382/382
f 379/379/379 382/382/382 383/383/383
f 384/384/384 386/386/386 385/385/385
f 384/384/384 385/385/385 387/387/387
f 384/384/384 387/387/387 388/388/388
f 389/389/389 391/391/391 390/390/390
f 389/389/389 390/390/390 392/392/392
f 389/389/389 392/392/392 393/393/393
f 394/394/394 396/396/396 395/395/395
f 394/394/394 395/395/395 397/397/397
f 394/394/394 397/397/397 398/398/398
f 399/399/399 401/401/401 400/400/400
f 399/399/399 400/400/400 402/402/402
f 399/399/399 402/402/402 403/403/403
f 404/404/404 406/406/406 405/405/405
f 404/404/404 408/408/408 407/407/407
f 409/409/409 407/407/407 410/410/410
f 411/411/411 410/410/410 412/412/412
f 411/411/411 414/414/414 413/413/413
f 415/415/415 413/413/413 416/416/416
f 417/417/417 416/416/416 418/418/418
f 417/417/417 418/418/418 419/419/419
f 420/420/420 419/419/419 421/421/421
f 422/422/422 424/424/424 423/423/423
f 422/422/422 423/423/423 425/425/425
f 422/422/422 425/425/425 426/426/426
f 422/422/422 426/426/426 427/427/427
f 428/428/428 430/430/430 429/429/429
f 431/431/431 433/433/433 432/432/432
f 431/431/431 432/432/432 434/434/434
f 431/431/431 434/434/434 435/435/435
f 431/431/431 435/435/435 436/436/436
f 437/437/437 436/436/436 438/438/438
f 437/437/437 440/440/440 439/439/439
f 439/439/439 440/440/440 441/441/441
f 439/439/439 441/441/441 442/442/442
f 439/439/439 442/442/442 443/443/443
f 439/439/439 443/443/443 444/444/444
f 439/439/439 444/444/444 445/445/445
f 439/439/439 445/445/445 446/446/446
f 447/447/447 449/449/449 448/448/448
f 450/450/450 447/447/447 451/451/451
f 452/452/452 454/454/454 453/453/453
f 452/452/452 453/453/453 455/455/455
f 452/452/452 455/455/455 456/456/456
f 452/452/452 456/456/456 457/457/457
f 452/452/452 457/457/457 458/458/458
f 452/452/452 458/458/458 459/459/459
f 452/452/452 459/459/459 460/460/460
f 452/452/452 462/462/462 461/461/461
f 463/463/463 461/461/461 464/464/464
f 465/465/465 467/467/467 466/466/466
f 465/465/465 466/466/466 468/468/468
f 465/465/465 468/468/468 469/469/469
f 465/465/465 469/469/469 470/470/470
f 465/465/465 470/470/470 471/471/471
f 465/465/465 471/471/471 472/472/472
f 465/465/465 472/472/472 473/473/473
f 474/474/474 476/476/476 475/475/475
f 477/477/477 479/479/479 478/478/478
f 477/477/477 481/481/481 480/480/480
f 477/477/477 480/480/480 482/482/482
f 483/483/483 482/482/482 484/484/484
f 483/483/483 484/484/484 485/485/485
f 486/486/486 485/485/485 487/487/487
f 486/486/486 489/489/489 488/488/488
f 490/490/490 486/486/486 488/488/488
f 488/488/488 491/491/491 490/490/490
f 492/492/492 490/490/490 491/491/491
f 493/493/493 490/490/490 492/492/492
f 494/494/494 496/496/496 495/495/495
f 497/497/497 499/499/499 498/498/498
f 499/499/499 500/500/500 498/498/498
f 500/500/500 501/501/501 498/498/498
f 501/501/501 502/502/502 498/498/498
f 428/428/428 502/502/502 430/430/430
f 419/419/419 420/420/420 417/417/417
f 420/420/420 421/421/421 424/424/424
f 420/420/420 424/424/424 422/422/422
f 503/503/503 505/505/505 504/504/504
f 506/506/506 366/366/366 364/364/364
f 411/411/411 412/412/412 414/414/414
f 404/404/404 405/405/405 408/408/408
f 404/404/404 507/507/507 406/406/406
f 507/507/507 508/508/508 403/403/403
f 399/399/399 509/509/509 401/401/401
f 399/399/399 394/394/394 398/398/398
f 398/398/398 509/509/509 399/399/399
f 394/394/394 510/510/510 396/396/396
f 394/394/394 389/389/389 393/393/393
f 393/393/393 510/510/510 394/394/394
f 389/389/389 511/511/511 391/391/391
f 389/389/389 388/388/388 511/511/511
f 388/388/388 389/389/389 384/384/384
f 384/384/384 383/383/383 386/386/386
f 374/374/374 373/373/373 376/376/376
f 379/379/379 378/378/378 381/381/381
f 378/378/378 379/379/379 374/374/374
f 379/379/379 383/383/383 384/384/384
f 512/512/512 514/514/514 513/513/513
f 407/407/407 409/409/409 404/404/404
f 409/409/409 410/410/410 411/411/411
f 403/403/403 508/508/508 399/399/399
f 508/508/508 507/507/507 404/404/404
f 413/413/413 415/415/415 411/411/411
f 415/415/415 416/416/416 417/417/417
f 477/477/477 478/478/478 481/481/481
f 515/515/515 477/477/477 474/474/474
f 461/461/461 467/467/467 465/465/465
f 452/452/452 447/447/447 454/454/454
f 437/437/437 516/516/516 440/440/440
f 428/428/428 429/429/429 433/433/433
f 517/517/517 519/519/519 518/518/518
f 520/520/520 522/522/522 521/521/521
f 486/486/486 487/487/487 489/489/489
f 502/502/502 428/428/428 498/498/498
f 428/428/428 433/433/433 431/431/431
f 436/436/436 437/437/437 431/431/431
f 437/437/437 438/438/438 523/523/523
f 516/516/516 437/437/437 523/523/523
f 446/446/446 447/447/447 439/439/439
f 447/447/447 446/446/446 449/449/449
f 524/524/524 447/447/447 448/448/448
f 451/451/451 447/447/447 524/524/524
f 525/525/525 447/447/447 450/450/450
f 526/526/526 461/461/461 527/527/527
f 461/461/461 463/463/463 528/528/528
f 464/464/464 461/461/461 529/529/529
f 467/467/467 461/461/461 528/528/528
f 461/461/461 462/462/462 527/527/527
f 462/462/462 452/452/452 460/460/460
f 454/454/454 447/447/447 525/525/525
f 474/474/474 531/531/531 530/530/530
f 531/531/531 474/474/474 475/475/475
f 474/474/474 532/532/532 515/515/515
f 532/532/532 474/474/474 530/530/530
f 473/473/473 474/474/474 465/465/465
f 474/474/474 473/473/473 476/476/476
f 477/477/477 515/515/515 479/479/479
f 482/482/482 483/483/483 477/477/477
f 483/483/483 485/485/485 486/486/486
f 529/529/529 461/461/461 526/526/526
o i_paint_4
usemtl material_0
v -29150.982666 47411.505127 1280.000019
v -29119.284058 47127.69165 1280.000019
v -29378.671265 47311.447144 1294.999981
v -29365.878296 47628.027344 1294.132519
v -29005.151367 47487.472534 1280.376434
v -29790.597534 47606.069946 1309.000015
v -30088.693237 47909.692383 1322.421455
v -29727.459717 47768.914795 1308.173275
v -31509.194946 47499.099731 1381.808758
v -30804.61731 48188.745117 1351.226616
v -31097.372437 47247.000122 1363.830471
v -31156.750488 48326.043701 1365.628242
v -31842.993164 48593.69812 1394.039726
v -31898.669434 47731.311035 1396.742725
v -32281.390381 47954.562378 1410.556507
v -31503.353882 48461.21521 1379.925346
v -32174.459839 48723.019409 1407.893753
v -32662.606812 48173.416138 1424.615574
v -32496.435547 48848.696899 1421.409607
v -33047.784424 48388.366699 1438.967991
v -32807.626343 48970.199585 1434.50861
v -33106.744385 49087.057495 1447.113419
v -33452.926636 48603.988647 1454.384708
v -33392.480469 49198.745728 1459.146595
v -33852.536011 48813.113403 1470.000076
v -33663.659668 49304.812622 1470.529461
v -33918.707275 49404.641724 1481.184387
v -34208.108521 49002.041626 1484.751892
v -34156.628418 49497.854614 1491.033554
v -34573.794556 49194.406128 1499.999809
v -34377.630615 49584.524536 1499.999237
v -34602.783203 49676.974487 1508.456039
v -34829.238892 49778.048706 1517.139721
v -35024.856567 49425.552368 1517.812347
v -35054.672241 49886.276245 1526.026821
v -35462.188721 49648.025513 1534.999847
v -35278.936768 50001.242065 1535.09903
v -35501.663208 50122.421265 1544.333839
v -36255.169678 49975.979614 1560.000038
v -35722.549438 50249.386597 1553.7117
v -36072.625732 49959.359741 1559.999847
v -36255.169678 49975.979614 1560.000038
v -35941.082764 50381.576538 1563.212967
v -35722.549438 50249.386597 1553.7117
v -36156.829834 50518.496704 1572.816467
v -36369.519043 50659.780884 1582.501507
v -28646.514893 47347.738647 1266.983604
v -29365.878296 47628.027344 1294.132519
v -29465.237427 47471.685791 1293.000031
v -29790.597534 47606.069946 1309.000015
v -29150.982666 47411.505127 1280.000019
v -29378.671265 47311.447144 1294.999981
v -29465.237427 47471.685791 1293.000031
v -29465.237427 47471.685791 1293.000031
v -29365.878296 47628.027344 1294.132519
v -29150.982666 47411.505127 1280.000019
v -30688.412476 46993.399048 1344.999981
v -30448.114014 48049.780273 1336.798286
v -29378.671265 47311.447144 1294.999981
v -29119.284058 47127.69165 1280.000019
v -29384.719849 47167.141724 1295.499992
v -29119.284058 47127.69165 1280.000019
v -29399.6521 46967.855835 1289.999962
v -29384.719849 47167.141724 1295.499992
v -29466.885376 46995.782471 1289.999962
v -29466.885376 46995.782471 1289.999962
v -29399.6521 46967.855835 1289.999962
v -29679.190063 46768.579102 1300
v -29465.237427 47471.685791 1293.000031
v -29378.671265 47311.447144 1294.999981
v -30310.437012 46759.384155 1327.667332
v -29790.597534 47606.069946 1309.000015
v -30310.437012 46759.384155 1327.667332
v -30688.412476 46993.399048 1344.999981
v -29378.671265 47311.447144 1294.999981
v -29384.719849 47167.141724 1295.499992
v -30310.437012 46759.384155 1327.667332
v -29384.719849 47167.141724 1295.499992
v -29466.885376 46995.782471 1289.999962
v -30310.437012 46759.384155 1327.667332
v -29466.885376 46995.782471 1289.999962
v -29679.190063 46768.579102 1300
v -30310.437012 46759.384155 1327.667332
v -29679.190063 46768.579102 1300
v -29940.011597 46526.516724 1310.000038
v -30310.437012 46759.384155 1327.667332
v -29790.597534 47606.069946 1309.000015
v -29465.237427 47471.685791 1293.000031
v -30310.437012 46759.384155 1327.667332
v -35802.163696 49821.481323 1548.749924
v -35722.549438 50249.386597 1553.7117
v -36072.625732 49959.359741 1559.999847
vt -0.115674 2.761908
vt -0.194197 2.804317
vt -0.17132 2.707649
vt -0.078095 2.674296
vt -0.076591 2.795268
vt -0.134176 2.553806
vt -0.0811 2.431891
vt -0.079601 2.553036
vt -0.366357 2.068373
vt -0.084055 2.191788
vt -0.391192 2.217209
vt -0.085496 2.073686
vt -0.088279 1.843518
vt -0.344669 1.928341
vt -0.324786 1.791315
vt -0.086905 1.957436
vt -0.089612 1.732338
vt -0.306002 1.65524
vt -0.090889 1.624335
vt -0.288812 1.518473
vt -0.092114 1.519946
vt -0.093271 1.419598
vt -0.273763 1.375843
vt -0.094359 1.323732
vt -0.259951 1.235578
vt -0.095372 1.232743
vt -0.096304 1.147158
vt -0.246834 1.110435
vt -0.097149 1.067309
vt -0.233907 0.981961
vt -0.097908 0.993129
vt -0.097478 0.91707
vt -0.094703 0.839623
vt -0.219737 0.824209
vt -0.089735 0.761635
vt -0.206472 0.67145
vt -0.082677 0.683197
vt -0.07364 0.604478
vt -0.187725 0.458133
vt -0.204279 0.403296
vt -0.06271 0.525614
vt -0.204279 0.403296
vt -0.049991 0.44682
vt -0.06271 0.525614
vt -0.035575 0.36828
vt -0.019537 0.290115
vt -0.075095 2.915539
vt -0.078095 2.674296
vt -0.135025 2.663809
vt -0.134176 2.553806
vt -0.115674 2.761908
vt -0.17132 2.707649
vt -0.135025 2.663809
vt -0.135025 2.663809
vt -0.078095 2.674296
vt -0.115674 2.761908
vt -0.416797 2.365391
vt -0.082585 2.311351
vt -0.17132 2.707649
vt -0.194197 2.804317
vt -0.21384 2.72279
vt -0.194197 2.804317
vt -0.27333 2.741793
vt -0.21384 2.72279
vt -0.273109 2.719043
vt -0.273109 2.719043
vt -0.27333 2.741793
vt -0.363793 2.684126
vt -0.135025 2.663809
vt -0.17132 2.707649
vt -0.440354 2.502302
vt -0.134176 2.553806
vt -0.440354 2.502302
vt -0.416797 2.365391
vt -0.17132 2.707649
vt -0.21384 2.72279
vt -0.440354 2.502302
vt -0.21384 2.72279
vt -0.273109 2.719043
vt -0.440354 2.502302
vt -0.273109 2.719043
vt -0.363793 2.684126
vt -0.440354 2.502302
vt -0.363793 2.684126
vt -0.464462 2.636891
vt -0.440354 2.502302
vt -0.134176 2.553806
vt -0.135025 2.663809
vt -0.440354 2.502302
vt -0.196013 0.552639
vt -0.06271 0.525614
vt -0.187725 0.458133
vn 0.032568 -0.019175 0.999286
vn 0.040911 0.004569 0.999152
vn 0.062672 0.007 0.99801
vn 0.028112 -0.026548 0.999252
vn 0.020358 -0.04403 0.998823
vn 0.038089 -0.006549 0.999253
vn 0.040115 -0.002974 0.999191
vn 0.035695 -0.008766 0.999324
vn 0.04171 0.001152 0.999129
vn 0.042782 -0.000137 0.999084
vn 0.042801 -0.000312 0.999084
vn 0.041636 0.001187 0.999132
vn 0.039772 -0.000597 0.999209
vn 0.039753 0.001176 0.999209
vn 0.038105 -0.000616 0.999274
vn 0.039799 0.001207 0.999207
vn 0.039609 -0.003207 0.99921
vn 0.036212 -0.003056 0.999339
vn 0.038577 -0.005956 0.999238
vn 0.035658 -0.006808 0.999341
vn 0.038817 -0.008364 0.999211
vn 0.037021 -0.009922 0.999265
vn 0.033927 -0.010285 0.999371
vn 0.035928 -0.012767 0.999273
vn 0.034112 -0.013654 0.999325
vn 0.03601 -0.014908 0.99924
vn 0.034939 -0.015537 0.999269
vn 0.033587 -0.015705 0.999312
vn 0.034148 -0.016477 0.999281
vn 0.032371 -0.015998 0.999348
vn 0.032561 -0.016371 0.999336
vn 0.031264 -0.015635 0.999389
vn 0.031619 -0.015673 0.999377
vn 0.031469 -0.015678 0.999382
vn 0.031622 -0.016098 0.99937
vn 0.031675 -0.016584 0.999361
vn 0.032008 -0.016887 0.999345
vn 0.032116 -0.017249 0.999335
vn 0.011951 0.007254 0.999902
vn 0.018831 -0.013569 0.999731
vn 0.019323 -0.006201 0.999794
vn 0.018831 -0.013569 0.999731
vn 0.026386 -0.028348 0.99925
vn 0.019323 -0.006201 0.999794
vn 0.026555 -0.02842 0.999243
vn 0.026616 -0.028431 0.999241
vn 0.024363 -0.011313 0.999639
vn 0.03654 -0.030458 0.998868
vn 0.03654 -0.030458 0.998868
vn 0.03654 -0.030458 0.998868
vn 0.048713 0.038773 0.99806
vn 0.048713 0.038773 0.99806
vn 0.048713 0.038773 0.99806
vn 0.035604 -0.029863 0.99892
vn 0.035604 -0.029863 0.99892
vn 0.035604 -0.029863 0.99892
vn 0.042106 -0.001437 0.999112
vn 0.041344 -0.001122 0.999144
vn 0.058445 0.001009 0.99829
vn 0.058445 0.001009 0.99829
vn 0.058445 0.001009 0.99829
vn 0.040338 -0.030586 0.998718
vn 0.040338 -0.030586 0.998718
vn 0.040338 -0.030586 0.998718
vn 0.040338 -0.030586 0.998718
vn 0.013162 0.031688 0.999411
vn 0.013162 0.031688 0.999411
vn 0.013162 0.031688 0.999411
vn 0.020946 0.023791 0.999498
vn 0.020946 0.023791 0.999498
vn 0.020946 0.023791 0.999498
vn 0.043076 -0.004421 0.999062
vn 0.043076 -0.004421 0.999062
vn 0.043076 -0.004421 0.999062
vn 0.033828 0.002045 0.999426
vn 0.033828 0.002045 0.999426
vn 0.033828 0.002045 0.999426
vn 0.06174 -0.061578 0.996191
vn 0.06174 -0.061578 0.996191
vn 0.06174 -0.061578 0.996191
vn 0.043742 0.003097 0.999038
vn 0.043742 0.003097 0.999038
vn 0.043742 0.003097 0.999038
vn 0.043874 -0.006003 0.999019
vn 0.043874 -0.006003 0.999019
vn 0.043874 -0.006003 0.999019
vn 0.046441 -0.00649 0.9989
vn 0.046441 -0.00649 0.9989
vn 0.046441 -0.00649 0.9989
vn 0.032186 -0.017388 0.999331
vn 0.019864 -0.002409 0.9998
vn 0.011951 0.007254 0.999902
f 533/533/533 535/535/535 534/534/534
f 533/533/533 537/537/537 536/536/536
f 538/538/538 540/540/540 539/539/539
f 541/541/541 543/543/543 542/542/542
f 542/542/542 544/544/544 541/541/541
f 545/545/545 547/547/547 546/546/546
f 546/546/546 548/548/548 545/545/545
f 547/547/547 545/545/545 549/549/549
f 550/550/550 549/549/549 551/551/551
f 552/552/552 551/551/551 553/553/553
f 552/552/552 553/553/553 554/554/554
f 555/555/555 554/554/554 556/556/556
f 557/557/557 556/556/556 558/558/558
f 557/557/557 558/558/558 559/559/559
f 560/560/560 559/559/559 561/561/561
f 562/562/562 561/561/561 563/563/563
f 562/562/562 563/563/563 564/564/564
f 562/562/562 564/564/564 565/565/565
f 566/566/566 565/565/565 567/567/567
f 568/568/568 567/567/567 569/569/569
f 568/568/568 569/569/569 570/570/570
f 571/571/571 573/573/573 572/572/572
f 574/574/574 576/576/576 575/575/575
f 574/574/574 575/575/575 577/577/577
f 574/574/574 577/577/577 578/578/578
f 579/579/579 533/533/533 534/534/534
f 537/537/537 533/533/533 579/579/579
f 536/536/536 540/540/540 538/538/538
f 580/580/580 582/582/582 581/581/581
f 583/583/583 585/585/585 584/584/584
f 586/586/586 588/588/588 587/587/587
f 539/539/539 589/589/589 538/538/538
f 590/590/590 589/589/589 539/539/539
f 543/543/543 589/589/589 590/590/590
f 590/590/590 542/542/542 543/543/543
f 546/546/546 541/541/541 544/544/544
f 544/544/544 548/548/548 546/546/546
f 591/591/591 593/593/593 592/592/592
f 594/594/594 596/596/596 595/595/595
f 597/597/597 595/595/595 596/596/596
f 598/598/598 600/600/600 599/599/599
f 601/601/601 603/603/603 602/602/602
f 604/604/604 606/606/606 605/605/605
f 607/607/607 609/609/609 608/608/608
f 610/610/610 612/612/612 611/611/611
f 613/613/613 615/615/615 614/614/614
f 616/616/616 618/618/618 617/617/617
f 619/619/619 621/621/621 620/620/620
f 554/554/554 555/555/555 552/552/552
f 555/555/555 556/556/556 557/557/557
f 559/559/559 560/560/560 557/557/557
f 560/560/560 561/561/561 562/562/562
f 565/565/565 566/566/566 562/562/562
f 566/566/566 567/567/567 568/568/568
f 549/549/549 550/550/550 547/547/547
f 550/550/550 551/551/551 552/552/552
f 570/570/570 576/576/576 622/622/622
f 576/576/576 623/623/623 622/622/622
f 570/570/570 622/622/622 568/568/568
f 622/622/622 623/623/623 624/624/624
o i_paint_5
usemtl material_0
v -37180.105591 51258.92334 1621.654892
v -36984.411621 51104.959106 1611.845398
v -37108.700562 50500.631714 1610.196877
v -37694.509888 51103.182983 1638.422012
v -37370.556641 51415.063477 1631.44474
v -37555.160522 51572.857666 1641.193962
v -37733.587646 51732.000732 1650.882912
v -38319.13147 51743.536377 1670.432854
v -37905.316162 51892.047119 1660.490608
v -38068.890381 52051.721191 1669.99836
v -38219.491577 52202.288818 1679.327393
v -38382.266235 52365.026855 1689.130211
v -38848.931885 52288.867188 1702.029228
v -38557.391357 52540.155029 1699.378967
v -38744.061279 52726.831055 1710.045052
v -38941.552734 52924.34082 1721.10157
v -39401.950073 52854.80957 1733.459473
v -39149.057007 53131.878662 1732.519341
v -39365.789795 53348.675537 1744.272423
v -40049.517822 53519.824219 1767.733765
v -39591.064453 53574.017334 1756.332207
v -39824.020386 53807.043457 1768.669319
v -40063.937378 54047.039795 1781.25782
v -40790.975952 54282.293701 1805.228615
v -40310.061646 54293.267822 1794.068909
v -40561.538696 54544.842529 1807.075119
v -40817.681885 54801.098633 1820.249176
v -41565.130615 55077.416992 1846.973038
v -41077.685547 55061.218262 1833.562088
v -41340.72876 55324.383545 1846.986198
v -41606.118774 55589.898682 1860.493851
v -42367.129517 55899.487305 1889.448357
v -41873.031616 55856.939697 1874.057388
v -42140.670776 56124.707031 1887.648392
v -42402.655029 56385.852051 1901.304626
v -42663.076782 56645.465088 1915.203094
v -43152.642822 56706.762695 1931.668663
v -42919.195557 56901.306152 1929.454803
v -43169.985962 57152.050781 1943.131256
v -43837.854004 57411.560059 1969.608688
v -43414.434814 57396.459961 1956.096458
v -43651.68457 57633.453369 1968.850327
v -43952.609253 57415.655518 1973.270607
v -43880.697632 57862.109375 1981.60305
v -44105.731201 58086.816406 1994.223785
v -36722.644043 50077.120972 1589.442062
v -36552.920532 50085.824585 1577.964973
v -36517.721558 49893.02063 1578.936005
v -36956.64978 50337.747192 1600.571251
v -36642.202759 50534.65271 1594.174385
v -36552.920532 50085.824585 1577.964973
v -36956.64978 50337.747192 1600.571251
v -36711.184692 50757.028198 1597.338676
v -36806.829834 50923.61145 1602.561951
v -36517.721558 49893.02063 1578.936005
v -36507.290649 49837.265015 1579.215813
v -36722.644043 50077.120972 1589.442062
vt 0.022687 0.078055
vt 0.030559 0.155468
vt -0.13227 0.258717
vt -0.123989 -0.003772
vt 0.016443 0.001348
vt 0.011841 -0.074404
vt 0.008882 -0.14906
vt -0.115635 -0.283191
vt 0.00758 -0.222406
vt 0.007965 -0.293839
vt 0.009119 -0.360379
vt 0.010367 -0.432297
vt -0.108058 -0.520667
vt 0.011718 -0.50968
vt 0.013159 -0.592166
vt 0.014685 -0.679435
vt -0.100888 -0.767836
vt 0.016293 -0.771134
vt 0.017979 -0.866916
vt -0.091972 -1.057767
vt 0.019732 -0.966474
vt 0.021544 -1.069426
vt 0.023413 -1.175457
vt -0.08153 -1.38996
vt 0.025334 -1.284235
vt 0.027296 -1.395378
vt 0.029296 -1.508586
vt -0.070846 -1.736591
vt 0.031328 -1.6235
vt 0.033384 -1.739759
vt 0.035459 -1.857055
vt -0.060148 -2.095331
vt 0.037547 -1.975025
vt 0.03964 -2.093316
vt 0.041472 -2.208898
vt 0.043298 -2.323796
vt -0.049198 -2.447154
vt 0.045211 -2.436908
vt 0.047136 -2.547716
vt -0.03951 -2.754183
vt 0.049012 -2.655723
vt 0.050784 -2.760502
vt -0.0635 -2.780868
vt 0.05247 -2.861619
vt 0.054133 -2.960985
vt -0.143668 0.437436
vt -0.104867 0.473699
vt -0.140567 0.523466
vt -0.135879 0.328256
vt -0.023355 0.356197
vt -0.104867 0.473699
vt -0.135879 0.328256
vt 0.011659 0.292417
vt 0.028343 0.234755
vt -0.140567 0.523466
vt -0.150837 0.537914
vt -0.143668 0.437436
vn 0.037905 -0.013137 0.999195
vn 0.041132 -0.011185 0.999091
vn 0.037634 -0.014427 0.999187
vn 0.036256 -0.015363 0.999224
vn 0.037838 -0.016951 0.99914
vn 0.038497 -0.017319 0.999109
vn 0.034395 -0.019268 0.999223
vn 0.033143 -0.024104 0.99916
vn 0.032975 -0.024994 0.999144
vn 0.034103 -0.026283 0.999073
vn 0.033971 -0.026749 0.999065
vn 0.032311 -0.026689 0.999121
vn 0.0314 -0.026145 0.999165
vn 0.031642 -0.026172 0.999157
vn 0.030827 -0.025612 0.999197
vn 0.030572 -0.025212 0.999215
vn 0.029826 -0.024678 0.99925
vn 0.030301 -0.024267 0.999246
vn 0.028712 -0.02429 0.999293
vn 0.02711 -0.024987 0.99932
vn 0.028084 -0.024577 0.999303
vn 0.027671 -0.02498 0.999305
vn 0.025328 -0.025528 0.999353
vn 0.024449 -0.027034 0.999335
vn 0.024418 -0.026277 0.999356
vn 0.023745 -0.027779 0.999332
vn 0.025304 -0.027054 0.999314
vn 0.026846 -0.024724 0.999334
vn 0.026014 -0.026242 0.999317
vn 0.02665 -0.024269 0.99935
vn 0.028055 -0.023646 0.999327
vn 0.029663 -0.02228 0.999312
vn 0.028652 -0.023026 0.999324
vn 0.029636 -0.021812 0.999323
vn 0.030731 -0.02221 0.999281
vn 0.030845 -0.022842 0.999263
vn 0.030383 -0.024058 0.999249
vn 0.030213 -0.024883 0.999234
vn 0.030243 -0.024038 0.999254
vn 0.030934 -0.022898 0.999259
vn 0.030515 -0.023587 0.999256
vn 0.031445 -0.023166 0.999237
vn 0.03167 -0.02339 0.999225
vn 0.03213 -0.023824 0.9992
vn 0.032233 -0.02384 0.999196
vn 0.066581 0.01718 0.997633
vn 0.066581 0.01718 0.997633
vn 0.066581 0.01718 0.997633
vn 0.066581 0.01718 0.997633
vn 0.036201 -0.016838 0.999203
vn 0.03748 -0.027402 0.998922
vn 0.03748 -0.027402 0.998922
vn 0.036664 -0.006729 0.999305
vn 0.039864 -0.010415 0.999151
vn 0.066885 0.01752 0.997607
vn 0.066885 0.01752 0.997607
vn 0.066885 0.01752 0.997607
f 625/625/625 627/627/627 626/626/626
f 628/628/628 627/627/627 625/625/625
f 629/629/629 628/628/628 625/625/625
f 630/630/630 628/628/628 629/629/629
f 631/631/631 628/628/628 630/630/630
f 632/632/632 628/628/628 631/631/631
f 633/633/633 632/632/632 631/631/631
f 634/634/634 632/632/632 633/633/633
f 635/635/635 632/632/632 634/634/634
f 636/636/636 632/632/632 635/635/635
f 637/637/637 632/632/632 636/636/636
f 638/638/638 637/637/637 636/636/636
f 639/639/639 637/637/637 638/638/638
f 637/637/637 639/639/639 640/640/640
f 640/640/640 641/641/641 637/637/637
f 642/642/642 641/641/641 640/640/640
f 643/643/643 641/641/641 642/642/642
f 643/643/643 645/645/645 644/644/644
f 641/641/641 643/643/643 644/644/644
f 646/646/646 644/644/644 645/645/645
f 647/647/647 644/644/644 646/646/646
f 647/647/647 649/649/649 648/648/648
f 644/644/644 647/647/647 648/648/648
f 650/650/650 648/648/648 649/649/649
f 651/651/651 648/648/648 650/650/650
f 651/651/651 653/653/653 652/652/652
f 648/648/648 651/651/651 652/652/652
f 654/654/654 652/652/652 653/653/653
f 655/655/655 652/652/652 654/654/654
f 655/655/655 657/657/657 656/656/656
f 652/652/652 655/655/655 656/656/656
f 658/658/658 656/656/656 657/657/657
f 659/659/659 656/656/656 658/658/658
f 660/660/660 661/661/661 656/656/656
f 656/656/656 659/659/659 660/660/660
f 662/662/662 661/661/661 660/660/660
f 663/663/663 661/661/661 662/662/662
f 663/663/663 665/665/665 664/664/664
f 661/661/661 663/663/663 664/664/664
f 666/666/666 664/664/664 665/665/665
f 667/667/667 666/666/666 668/668/668
f 667/667/667 668/668/668 669/669/669
f 670/670/670 672/672/672 671/671/671
f 671/671/671 673/673/673 670/670/670
f 674/674/674 676/676/676 675/675/675
f 676/676/676 674/674/674 627/627/627
f 674/674/674 677/677/677 627/627/627
f 677/677/677 678/678/678 627/627/627
f 678/678/678 626/626/626 627/627/627
f 679/679/679 681/681/681 680/680/680
f 664/664/664 666/666/666 667/667/667
o i_grid_6
usemtl material_1
v -1496.203518 5424.657059 -2.200395
v -1375.99535 4809.474564 -2.200395
v -1743.690872 5177.1698 -2.200395
v -1128.507996 5056.961823 -2.200395
v -1317.069912 6376.894379 -0.515825
v -1196.861839 5761.711502 -2.200395
v -1564.557266 6129.406738 -2.200395
v -949.374485 6009.198761 0.118941
v -2627.574539 4293.286133 -2.200395
v -2259.879303 3925.590515 -2.200395
v -2875.06218 4045.798492 -2.200395
v -2507.366753 3678.102875 -2.200395
v -2448.441315 5245.523071 -2.200395
v -2080.745506 4877.827454 -2.200395
v -2695.928192 4998.035812 -2.200395
v -2328.232956 4630.340576 -2.200395
v -3758.945084 3161.915588 -2.200395
v -3391.249847 2794.220161 -2.200395
v -4006.432724 2914.427948 -2.200395
v -3638.737488 2546.732521 -2.200395
v -3579.811859 4114.152527 -2.200395
v -3459.6035 3498.96965 -2.200395
v -3827.299118 3866.665268 -2.200395
v -3212.116241 3746.456909 -2.200395
v -4890.31601 2030.544281 -2.200395
v -4522.621155 1662.848663 -2.200395
v -5137.80365 1783.056641 -2.200395
v -4770.108414 1415.361404 -2.200395
v -4711.183167 2982.781219 -2.200395
v -4343.487549 2615.085793 -2.200395
v -4958.669662 2735.294151 -2.200395
v -4590.974426 2367.598534 -2.200395
v -6021.686554 899.173737 -2.200395
v -5653.991318 531.4785 -2.200395
v -6269.174576 651.685715 -2.200395
v -5901.47934 283.990479 -2.200395
v -5842.553329 1851.411057 -2.200395
v -5474.857712 1483.715439 -2.200395
v -6090.040588 1603.923798 -2.200395
v -5722.344971 1236.22818 -2.200395
v -7153.057861 -232.197571 -2.200395
v -6785.36377 -599.89357 0.143355
v -7400.546265 -479.685593 -2.200395
v -7032.850647 -847.380829 0.143355
v -6973.925018 720.039368 -5.398637
v -6853.715515 104.857254 -2.200395
v -7221.411133 472.552872 -5.398637
v -6606.228638 352.344131 -5.398637
v -8284.428406 -1363.568115 4.843062
v -7916.733551 -1731.26297 4.843062
v -8531.916809 -1611.056519 6.100386
v -8164.221954 -1978.751373 6.100386
v -8105.2948 -411.330414 0.949019
v -7985.086823 -1026.512527 0.949019
v -8352.78244 -658.817291 0.949019
v -7737.599182 -779.026031 0.949019
v -9415.800476 -2494.940186 13.095015
v -9295.594025 -3110.123444 15.573043
v -9663.289642 -2742.427826 15.573043
v -9048.105621 -2862.63504 13.095015
v -9236.66687 -1542.701721 7.919234
v -8868.971252 -1910.397339 7.919234
v -9484.153748 -1790.188599 11.166304
v -9116.45813 -2157.884216 11.166304
v -10547.170258 -3626.309967 17.72148
v -10179.475403 -3994.004822 17.72148
v -10794.658661 -3873.79837 17.72148
v -10426.963806 -4241.493225 17.72148
v -10368.035889 -2674.072266 15.817183
v -10247.828674 -3289.254761 15.817183
v -10615.524292 -2921.559143 15.817183
v -10000.341034 -3041.76712 15.817183
v -11678.541565 -4757.681274 21.371379
v -11558.334351 -5372.86377 24.581829
v -11926.029968 -5005.168152 24.581829
v -11310.84671 -5125.376129 21.371379
v -11499.408722 -3805.443573 19.149703
v -11379.199219 -4420.625305 19.149703
v -11746.894836 -4052.929688 19.149703
v -11131.713104 -4173.139191 19.149703
v -12809.912109 -5889.052582 32.907024
v -12442.218018 -6256.747437 32.907024
v -13057.400513 -6136.539459 34.432903
v -12689.704895 -6504.234314 34.432903
v -12630.77774 -4936.814117 27.328411
v -12510.571289 -5551.997375 29.598919
v -12878.266907 -5184.301758 29.598919
v -12263.082886 -5304.508972 27.328411
v -13941.28418 -7020.4216 44.222942
v -13821.078491 -7635.604095 47.482219
v -14188.772583 -7267.908478 47.482219
v -13573.590088 -7388.116455 44.222942
v -13762.1521 -6068.186188 36.91093
v -13641.943359 -6683.368683 41.342083
v -14009.637451 -6315.673065 41.342083
v -13394.454956 -6435.881805 36.91093
v -15072.65625 -8151.792908 62.081832
v -14704.960632 -8519.488525 62.081832
v -15320.143127 -8399.282837 67.794722
v -14952.449036 -8766.976929 67.794722
v -14893.519592 -7199.554443 52.621382
v -14525.823975 -7567.250061 52.621382
v -15141.00647 -7447.041321 58.248824
v -14773.312378 -7814.738464 58.248824
v -15889.541626 -9704.069519 91.427529
v -16084.41925 -9509.191895 91.427529
v -15836.331177 -9650.85907 91.427529
v -16031.210327 -9455.979919 91.427529
v -1323.145008 6319.473648 -0.515825
v -1265.539742 6261.867905 -0.515825
v -1318.748665 6208.659363 -0.515825
v -1376.354122 6266.264725 -0.515825
v -16024.890137 -8330.92804 75.656044
v -15830.014038 -8525.804138 75.656044
v -15883.222961 -8579.013062 75.656044
v -16078.100586 -8384.135437 75.656044
v -17020.910645 -10835.441589 122.665334
v -17215.788269 -10640.563965 122.665334
v -16967.700195 -10782.23114 122.665334
v -17162.579346 -10587.35199 122.665334
v -17156.260681 -9462.298584 105.966115
v -16961.384583 -9657.174683 105.966115
v -17014.593506 -9710.383606 105.966115
v -17209.47113 -9515.505981 105.966115
v -18152.281189 -11966.812134 149.020314
v -18347.158813 -11771.934509 149.020314
v -18099.07074 -11913.601685 149.020314
v -18293.94989 -11718.722534 149.020314
v -18287.6297 -10593.667603 136.117482
v -18092.753601 -10788.543701 136.117482
v -18145.96405 -10841.75415 136.117482
v -18340.841675 -10646.876526 136.117482
v -19283.650208 -13098.181152 171.835256
v -19478.527832 -12903.303528 171.835256
v -19230.441284 -13044.972229 171.835256
v -19425.320435 -12850.093079 171.835256
v -19419.000244 -11725.038147 162.81426
v -19224.124146 -11919.914246 162.81426
v -19277.336121 -11973.126221 162.81426
v -19472.213745 -11778.248596 162.81426
v -20415.020752 -14229.551697 186.544728
v -20609.898376 -14034.674072 186.544728
v -20361.813354 -14176.344299 186.544728
v -20556.692505 -13981.465149 186.544728
v -20550.372314 -12856.410217 180.026174
v -20355.496216 -13051.286316 180.026174
v -20408.708191 -13104.498291 180.026174
v -20603.585815 -12909.620667 180.026174
v -1218.173409 5788.237 -2.200395
v -1328.987694 5792.63382 -2.200395
v -1275.77858 5845.842743 -2.200395
v -1271.382236 5735.028076 -2.200395
v -1167.021561 5315.544128 -2.200395
v -1277.835846 5319.940948 -2.200395
v -1224.626732 5373.149872 -2.200395
v -1220.230389 5262.335205 -2.200395
v -1776.210976 5499.592972 -2.200395
v -1887.025452 5503.989792 -2.200395
v -1833.816147 5557.198715 -2.200395
v -1829.419899 5446.384048 -2.200395
v -1726.692963 5025.689316 -2.200395
v -1837.507248 5030.086136 -2.200395
v -1784.298134 5083.294678 -2.200395
v -1779.901886 4972.480392 -2.200395
v -1673.492241 4545.82901 -2.200395
v -1784.306335 4550.22583 -2.200395
v -1731.097412 4603.434753 -2.200395
v -1726.700974 4492.620087 -2.200395
v -2549.280167 4995.12825 -2.200395
v -2660.094452 4999.525452 -2.200395
v -2606.885338 5052.733994 -2.200395
v -2602.48909 4941.919708 -2.200395
v -2501.913643 4521.497345 -2.200395
v -2612.728119 4525.894165 -2.200395
v -2559.518814 4579.103088 -2.200395
v -2555.122566 4468.288422 -2.200395
v -2454.84848 4042.932892 -2.200395
v -2565.663147 4047.330093 -2.200395
v -2512.453842 4100.538635 -2.200395
v -2508.057594 3989.723969 -2.200395
v -3059.951019 4232.853317 -2.200395
v -3170.765686 4237.250137 -2.200395
v -3117.556381 4290.459061 -2.200395
v -3113.160324 4179.644394 -2.200395
v -3010.433006 3758.949661 -3.457719
v -3121.247292 3763.346863 -3.457719
v -3068.038559 3816.555405 -3.457719
v -3063.64212 3705.740738 -3.457719
v -2957.232666 3279.089355 -4.8127
v -3068.04657 3283.486557 -4.8127
v -3014.837646 3336.695099 -4.8127
v -3010.441399 3225.880432 -4.8127
v -3882.115936 3777.433014 -2.200395
v -3824.510956 3719.827271 -2.200395
v -3877.719879 3666.618347 -2.200395
v -3935.325623 3724.224091 -2.200395
v -3777.144241 3246.196747 -2.200395
v -3887.958527 3250.593567 -2.200395
v -3834.749603 3303.802109 -2.200395
v -3830.352783 3192.987633 -2.200395
v -3783.598328 2831.109428 -2.200395
v -3725.992584 2773.503876 -2.200395
v -3779.201508 2720.295143 -2.200395
v -3836.807251 2777.900696 -2.200395
v -4392.786407 3015.15789 -2.200395
v -4335.181427 2957.551956 -2.200395
v -4388.390732 2904.343414 -2.200395
v -4445.996475 2961.949158 -2.200395
v -4343.269348 2541.254425 -2.200395
v -4285.663605 2483.648872 -2.200395
v -4338.872528 2430.439949 -2.200395
v -4396.478271 2488.045502 -2.200395
v -4232.463837 2003.788185 -2.200395
v -4343.277359 2008.185577 -2.200395
v -4290.068436 2061.394119 -2.200395
v -4285.671997 1950.579643 -2.200395
v -5164.085388 2509.368324 -2.200395
v -5106.480408 2451.762962 -2.200395
v -5159.689331 2398.554039 -2.200395
v -5217.295074 2456.159782 -2.200395
v -5059.113693 1978.132248 -2.200395
v -5169.927979 1982.528687 -2.200395
v -5116.719055 2035.73761 -2.200395
v -5112.322235 1924.922943 -2.200395
v -5065.567017 1563.044739 -2.200395
v -5007.961655 1505.439377 -2.200395
v -5061.170578 1452.230453 -2.200395
v -5118.776321 1509.836197 -2.200395
v -5674.755859 1747.093201 -2.200395
v -5617.150116 1689.487457 -2.200395
v -5670.359421 1636.278915 -2.200395
v -5727.965164 1693.884659 -2.200395
v -5625.238419 1273.189926 -2.200395
v -5567.632675 1215.584183 -2.200395
v -5620.841599 1162.375259 -2.200395
v -5678.447342 1219.981003 -2.200395
v -5514.432526 735.723877 -2.200395
v -5625.246429 740.12146 -2.200395
v -5572.037506 793.32962 -2.200395
v -5567.641449 682.515717 -2.200395
v -6423.687744 1238.924789 -2.200395
v -6366.082764 1181.319427 -2.200395
v -6419.291687 1128.110123 -2.200395
v -6476.898193 1185.715866 -2.200395
v -6318.716049 707.688522 -2.200395
v -6429.530334 712.084961 -2.200395
v -6376.321411 765.293884 -2.200395
v -6371.924591 654.479218 -2.200395
v -6325.169373 292.601013 -3.726274
v -6267.564011 234.995651 -3.726274
v -6320.772934 181.786728 -3.726274
v -6378.378677 239.392471 -3.726274
v -6934.358215 476.649857 -3.750688
v -6876.751709 419.044113 -3.750688
v -6929.961395 365.835571 -3.750688
v -6987.567139 423.441315 -3.750688
v -6884.840393 2.746582 -2.200395
v -6827.23465 -54.859161 -2.200395
v -6880.443573 -108.068085 -2.200395
v -6938.049316 -50.462341 -2.200395
v -6831.639099 -477.113724 -2.200395
v -6774.034119 -534.719467 -2.200395
v -6827.243042 -587.927628 -2.200395
v -6884.848785 -530.322266 -2.200395
v -7648.248291 -86.362076 -2.200395
v -7759.062195 -81.965256 -2.200395
v -7705.851746 -28.755951 -2.200395
v -7701.455688 -139.570999 -2.200395
v -7600.879669 -559.992218 -1.162797
v -7711.694336 -555.595779 -1.162797
v -7658.48465 -502.387238 -1.162797
v -7654.08783 -613.201904 -1.162797
v -7607.3349 -975.08049 0.179976
v -7549.729156 -1032.685852 0.179976
v -7602.937317 -1085.895157 0.179976
v -7660.543823 -1028.289032 0.179976
v -8216.521454 -791.030121 0.949019
v -8158.91571 -848.636246 0.949019
v -8212.124634 -901.845169 0.949019
v -8269.730377 -844.239044 0.949019
v -8109.397888 -1322.540283 2.584761
v -8220.212555 -1318.143463 2.584761
v -8167.003632 -1264.934158 2.584761
v -8162.606812 -1375.749207 2.584761
v -8113.803864 -1744.79599 6.429976
v -8056.198883 -1802.40097 6.429976
v -8109.407806 -1855.609894 5.245894
v -8167.01355 -1798.00415 5.245894
vt 0.75 2
vt 0 1.5
vt 0.75 1.5
vt 0 2
vt 0 2
vt 0.75 1.5
vt 0 1.5
vt 0.75 2
vt 0.75 2
vt 0 2
vt 0.75 1.5
vt 0 1.5
vt 0 2
vt 0.75 2
vt 0 1.5
vt 0.75 1.5
vt 0.75 2
vt 0 2
vt 0.75 1.5
vt 0 1.5
vt 0 2
vt 0.75 1.5
vt 0 1.5
vt 0.75 2
vt 0.75 2
vt 0 2
vt 0.75 1.5
vt 0 1.5
vt 0 2
vt 0.75 2
vt 0 1.5
vt 0.75 1.5
vt 0.75 2
vt 0 2
vt 0.75 1.5
vt 0 1.5
vt 0 2
vt 0.75 2
vt 0 1.5
vt 0.75 1.5
vt 0.75 2
vt 0 2
vt 0.75 1.5
vt 0 1.5
vt 0 2
vt 0.75 1.5
vt 0 1.5
vt 0.75 2
vt 0.75 2
vt 0 2
vt 0.75 1.5
vt 0 1.5
vt 0 2
vt 0.75 1.5
vt 0 1.5
vt 0.75 2
vt 0.75 2
vt 0 1.5
vt 0.75 1.5
vt 0 2
vt 0 2
vt 0.75 2
vt 0 1.5
vt 0.75 1.5
vt 0.75 2
vt 0 2
vt 0.75 1.5
vt 0 1.5
vt 0 2
vt 0.75 1.5
vt 0 1.5
vt 0.75 2
vt 0.75 2
vt 0 1.5
vt 0.75 1.5
vt 0 2
vt 0 2
vt 0.75 1.5
vt 0 1.5
vt 0.75 2
vt 0.75 2
vt 0 2
vt 0.75 1.5
vt 0 1.5
vt 0 2
vt 0.75 1.5
vt 0 1.5
vt 0.75 2
vt 0.75 2
vt 0 1.5
vt 0.75 1.5
vt 0 2
vt 0 2
vt 0.75 1.5
vt 0 1.5
vt 0.75 2
vt 0.75 2
vt 0 2
vt 0.75 1.5
vt 0 1.5
vt 0 2
vt 0.75 2
vt 0 1.5
vt 0.75 1.5
vt 0 2.3925
vt 0.3975 2.3925
vt 0 2.5
vt 0.3975 2.5
vt 0.49855 2.5
vt 0.61605 2.5
vt 0.61605 2.3925
vt 0.49855 2.3925
vt 0 2.5
vt 0.3975 2.5
vt 0.3975 2.3925
vt 0 2.3925
vt 0 2.3925
vt 0.3975 2.3925
vt 0 2.5
vt 0.3975 2.5
vt 0 2.5
vt 0.3975 2.5
vt 0.3975 2.3925
vt 0 2.3925
vt 0 2.3925
vt 0.3975 2.3925
vt 0 2.5
vt 0.3975 2.5
vt 0 2.5
vt 0.3975 2.5
vt 0.3975 2.3925
vt 0 2.3925
vt 0 2.3925
vt 0.3975 2.3925
vt 0 2.5
vt 0.3975 2.5
vt 0 2.5
vt 0.3975 2.5
vt 0.3975 2.3925
vt 0 2.3925
vt 0 2.3925
vt 0.3975 2.3925
vt 0 2.5
vt 0.3975 2.5
vt 0 2.5
vt 0.3975 2.5
vt 0.3975 2.3925
vt 0 2.3925
vt 0.61605 2.5
vt 0.49855 2.3925
vt 0.49855 2.5
vt 0.61605 2.3925
vt 0.61605 2.5
vt 0.49855 2.3925
vt 0.49855 2.5
vt 0.61605 2.3925
vt 0.61605 2.5
vt 0.49855 2.3925
vt 0.49855 2.5
vt 0.61605 2.3925
vt 0.61605 2.5
vt 0.49855 2.3925
vt 0.49855 2.5
vt 0.61605 2.3925
vt 0.61605 2.5
vt 0.49855 2.3925
vt 0.49855 2.5
vt 0.61605 2.3925
vt 0.61605 2.5
vt 0.49855 2.3925
vt 0.49855 2.5
vt 0.61605 2.3925
vt 0.61605 2.5
vt 0.49855 2.3925
vt 0.49855 2.5
vt 0.61605 2.3925
vt 0.61605 2.5
vt 0.49855 2.3925
vt 0.49855 2.5
vt 0.61605 2.3925
vt 0.61605 2.5
vt 0.49855 2.3925
vt 0.49855 2.5
vt 0.61605 2.3925
vt 0.61605 2.5
vt 0.49855 2.3925
vt 0.49855 2.5
vt 0.61605 2.3925
vt 0.61605 2.5
vt 0.49855 2.3925
vt 0.49855 2.5
vt 0.61605 2.3925
vt 0.49855 2.5
vt 0.61605 2.5
vt 0.61605 2.3925
vt 0.49855 2.3925
vt 0.61605 2.5
vt 0.49855 2.3925
vt 0.49855 2.5
vt 0.61605 2.3925
vt 0.49855 2.5
vt 0.61605 2.5
vt 0.61605 2.3925
vt 0.49855 2.3925
vt 0.49855 2.5
vt 0.61605 2.5
vt 0.61605 2.3925
vt 0.49855 2.3925
vt 0.49855 2.5
vt 0.61605 2.5
vt 0.61605 2.3925
vt 0.49855 2.3925
vt 0.61605 2.5
vt 0.49855 2.3925
vt 0.49855 2.5
vt 0.61605 2.3925
vt 0.49855 2.5
vt 0.61605 2.5
vt 0.61605 2.3925
vt 0.49855 2.3925
vt 0.61605 2.5
vt 0.49855 2.3925
vt 0.49855 2.5
vt 0.61605 2.3925
vt 0.49855 2.5
vt 0.61605 2.5
vt 0.61605 2.3925
vt 0.49855 2.3925
vt 0.49855 2.5
vt 0.61605 2.5
vt 0.61605 2.3925
vt 0.49855 2.3925
vt 0.49855 2.5
vt 0.61605 2.5
vt 0.61605 2.3925
vt 0.49855 2.3925
vt 0.61605 2.5
vt 0.49855 2.3925
vt 0.49855 2.5
vt 0.61605 2.3925
vt 0.49855 2.5
vt 0.61605 2.5
vt 0.61605 2.3925
vt 0.49855 2.3925
vt 0.61605 2.5
vt 0.49855 2.3925
vt 0.49855 2.5
vt 0.61605 2.3925
vt 0.49855 2.5
vt 0.61605 2.5
vt 0.61605 2.3925
vt 0.49855 2.3925
vt 0.49855 2.5
vt 0.61605 2.5
vt 0.61605 2.3925
vt 0.49855 2.3925
vt 0.49855 2.5
vt 0.61605 2.5
vt 0.61605 2.3925
vt 0.49855 2.3925
vt 0.49855 2.5
vt 0.61605 2.5
vt 0.61605 2.3925
vt 0.49855 2.3925
vt 0.61605 2.5
vt 0.49855 2.3925
vt 0.49855 2.5
vt 0.61605 2.3925
vt 0.61605 2.5
vt 0.49855 2.3925
vt 0.49855 2.5
vt 0.61605 2.3925
vt 0.49855 2.5
vt 0.61605 2.5
vt 0.61605 2.3925
vt 0.49855 2.3925
vt 0.49855 2.5
vt 0.61605 2.5
vt 0.61605 2.3925
vt 0.49855 2.3925
vt 0.61605 2.5
vt 0.49855 2.3925
vt 0.49855 2.5
vt 0.61605 2.3925
vt 0.49855 2.5
vt 0.61605 2.5
vt 0.61605 2.3925
vt 0.49855 2.3925
vn 0 0 1
vn 0 0 1
vn 0 0 1
vn 0 0 1
vn -0.004476 -0.003613 0.999983
vn -0.004476 -0.003613 0.999983
vn -0.004476 -0.003613 0.999983
vn -0.004476 -0.003613 0.999983
vn 0 0 1
vn 0 0 1
vn 0 0 1
vn 0 0 1
vn 0 0 1
vn 0 0 1
vn 0 0 1
vn 0 0 1
vn 0 0 1
vn 0 0 1
vn 0 0 1
vn 0 0 1
vn 0 0 1
vn 0 0 1
vn 0 0 1
vn 0 0 1
vn 0 0 1
vn 0 0 1
vn 0 0 1
vn 0 0 1
vn 0 0 1
vn 0 0 1
vn 0 0 1
vn 0 0 1
vn 0 0 1
vn 0 0 1
vn 0 0 1
vn 0 0 1
vn 0 0 1
vn 0 0 1
vn 0 0 1
vn 0 0 1
vn -0.003187 0.003187 0.99999
vn -0.003187 0.003187 0.99999
vn -0.003187 0.003187 0.99999
vn -0.003187 0.003187 0.99999
vn 0.001056 0.005405 0.999985
vn 0.001056 0.005405 0.999985
vn 0.001056 0.005405 0.999985
vn 0.001056 0.005405 0.999985
vn 0.00254 0.00254 0.999994
vn 0.00254 0.00254 0.999994
vn 0.00254 0.00254 0.999994
vn 0.00254 0.00254 0.999994
vn 0 0 1
vn 0 0 1
vn 0 0 1
vn 0 0 1
vn 0.005006 0.005006 0.999975
vn 0.005006 0.005006 0.999975
vn 0.005006 0.005006 0.999975
vn 0.005006 0.005006 0.999975
vn 0.00656 0.00656 0.999957
vn 0.00656 0.00656 0.999957
vn 0.00656 0.00656 0.999957
vn 0.00656 0.00656 0.999957
vn 0 0 1
vn 0 0 1
vn 0 0 1
vn 0 0 1
vn 0 0 1
vn 0 0 1
vn 0 0 1
vn 0 0 1
vn 0.006486 0.006486 0.999958
vn 0.006486 0.006486 0.999958
vn 0.006486 0.006486 0.999958
vn 0.006486 0.006486 0.999958
vn 0 0 1
vn 0 0 1
vn 0 0 1
vn 0 0 1
vn 0.003083 0.003083 0.999991
vn 0.003083 0.003083 0.999991
vn 0.003083 0.003083 0.999991
vn 0.003083 0.003083 0.999991
vn 0.004587 0.004587 0.999979
vn 0.004587 0.004587 0.999979
vn 0.004587 0.004587 0.999979
vn 0.004587 0.004587 0.999979
vn 0.006584 0.006584 0.999957
vn 0.006584 0.006584 0.999957
vn 0.006584 0.006584 0.999957
vn 0.006584 0.006584 0.999957
vn 0.008952 0.008952 0.99992
vn 0.008952 0.008952 0.99992
vn 0.008952 0.008952 0.99992
vn 0.008952 0.008952 0.99992
vn 0.01154 0.01154 0.999867
vn 0.01154 0.01154 0.999867
vn 0.01154 0.01154 0.999867
vn 0.01154 0.01154 0.999867
vn 0.011368 0.011368 0.999871
vn 0.011368 0.011368 0.999871
vn 0.011368 0.011368 0.999871
vn 0.011368 0.011368 0.999871
vn 0 0 1
vn 0 0 1
vn 0 0 1
vn 0 0 1
vn 0 0 1
vn 0 0 1
vn 0 0 1
vn 0 0 1
vn 0 0 1
vn 0 0 1
vn 0 0 1
vn 0 0 1
vn 0 0 1
vn 0 0 1
vn 0 0 1
vn 0 0 1
vn 0 0 1
vn 0 0 1
vn 0 0 1
vn 0 0 1
vn 0 0 1
vn 0 0 1
vn 0 0 1
vn 0 0 1
vn 0 0 1
vn 0 0 1
vn 0 0 1
vn 0 0 1
vn 0 0 1
vn 0 0 1
vn 0 0 1
vn 0 0 1
vn 0 0 1
vn 0 0 1
vn 0 0 1
vn 0 0 1
vn 0 0 1
vn 0 0 1
vn 0 0 1
vn 0 0 1
vn 0 0 1
vn 0 0 1
vn 0 0 1
vn 0 0 1
vn 0 0 1
vn 0 0 1
vn 0 0 1
vn 0 0 1
vn 0 0 1
vn 0 0 1
vn 0 0 1
vn 0 0 1
vn 0 0 1
vn 0 0 1
vn 0 0 1
vn 0 0 1
vn 0 0 1
vn 0 0 1
vn 0 0 1
vn 0 0 1
vn 0 0 1
vn 0 0 1
vn 0 0 1
vn 0 0 1
vn 0 0 1
vn 0 0 1
vn 0 0 1
vn 0 0 1
vn 0 0 1
vn 0 0 1
vn 0 0 1
vn 0 0 1
vn 0 0 1
vn 0 0 1
vn 0 0 1
vn 0 0 1
vn 0 0 1
vn 0 0 1
vn 0 0 1
vn 0 0 1
vn 0 0 1
vn 0 0 1
vn 0 0 1
vn 0 0 1
vn 0 0 1
vn 0 0 1
vn 0 0 1
vn 0 0 1
vn 0 0 1
vn 0 0 1
vn 0 0 1
vn 0 0 1
vn 0 0 1
vn 0 0 1
vn 0 0 1
vn 0 0 1
vn 0 0 1
vn 0 0 1
vn 0 0 1
vn 0 0 1
vn 0 0 1
vn 0 0 1
vn 0 0 1
vn 0 0 1
vn 0 0 1
vn 0 0 1
vn 0 0 1
vn 0 0 1
vn 0 0 1
vn 0 0 1
vn 0 0 1
vn 0 0 1
vn 0 0 1
vn 0 0 1
vn 0 0 1
vn 0 0 1
vn 0 0 1
vn 0 0 1
vn 0 0 1
vn 0 0 1
vn 0 0 1
vn 0 0 1
vn 0 0 1
vn 0 0 1
vn 0 0 1
vn 0 0 1
vn 0 0 1
vn 0 0 1
vn 0 0 1
vn 0 0 1
vn 0 0 1
vn 0 0 1
vn 0 0 1
vn 0 0 1
vn 0 0 1
vn 0 0 1
vn 0 0 1
vn 0 0 1
vn 0 0 1
vn 0 0 1
vn 0 0 1
vn 0 0 1
vn 0 0 1
vn 0 0 1
vn 0 0 1
vn 0 0 1
vn 0 0 1
vn 0 0 1
vn 0 0 1
vn 0 0 1
vn 0 0 1
vn 0 0 1
vn 0 0 1
vn 0 0 1
vn 0 0 1
vn 0 0 1
vn 0 0 1
vn 0 0 1
vn 0 0 1
vn 0 0 1
vn 0 0 1
vn 0 0 1
vn 0 0 1
vn 0 0 1
vn 0 0 1
vn 0 0 1
vn 0 0 1
vn 0 0 1
vn 0 0 1
vn 0 0 1
vn 0 0 1
vn 0 0 1
vn 0 0 1
vn 0 0 1
vn 0 0 1
vn 0 0 1
vn 0 0 1
vn 0 0 1
vn 0 0 1
vn 0 0 1
vn -0.011125 -0.011125 0.999876
vn -0.011125 -0.011125 0.999876
vn -0.011125 -0.011125 0.999876
vn -0.011125 -0.011125 0.999876
f 682/682/682 684/684/684 683/683/683
f 683/683/683 685/685/685 682/682/682
f 686/686/686 688/688/688 687/687/687
f 687/687/687 689/689/689 686/686/686
f 690/690/690 692/692/692 691/691/691
f 691/691/691 692/692/692 693/693/693
f 694/694/694 696/696/696 695/695/695
f 695/695/695 696/696/696 697/697/697
f 698/698/698 700/700/700 699/699/699
f 699/699/699 700/700/700 701/701/701
f 702/702/702 704/704/704 703/703/703
f 703/703/703 705/705/705 702/702/702
f 706/706/706 708/708/708 707/707/707
f 707/707/707 708/708/708 709/709/709
f 710/710/710 712/712/712 711/711/711
f 711/711/711 712/712/712 713/713/713
f 714/714/714 716/716/716 715/715/715
f 715/715/715 716/716/716 717/717/717
f 718/718/718 720/720/720 719/719/719
f 719/719/719 720/720/720 721/721/721
f 722/722/722 724/724/724 723/723/723
f 723/723/723 724/724/724 725/725/725
f 726/726/726 728/728/728 727/727/727
f 727/727/727 729/729/729 726/726/726
f 730/730/730 732/732/732 731/731/731
f 731/731/731 732/732/732 733/733/733
f 734/734/734 736/736/736 735/735/735
f 735/735/735 737/737/737 734/734/734
f 738/738/738 740/740/740 739/739/739
f 739/739/739 741/741/741 738/738/738
f 742/742/742 744/744/744 743/743/743
f 743/743/743 744/744/744 745/745/745
f 746/746/746 748/748/748 747/747/747
f 747/747/747 748/748/748 749/749/749
f 750/750/750 752/752/752 751/751/751
f 751/751/751 753/753/753 750/750/750
f 754/754/754 756/756/756 755/755/755
f 755/755/755 757/757/757 754/754/754
f 758/758/758 760/760/760 759/759/759
f 759/759/759 761/761/761 758/758/758
f 762/762/762 764/764/764 763/763/763
f 763/763/763 764/764/764 765/765/765
f 766/766/766 768/768/768 767/767/767
f 767/767/767 769/769/769 766/766/766
f 770/770/770 772/772/772 771/771/771
f 771/771/771 773/773/773 770/770/770
f 774/774/774 776/776/776 775/775/775
f 775/775/775 777/777/777 774/774/774
f 778/778/778 780/780/780 779/779/779
f 779/779/779 780/780/780 781/781/781
f 782/782/782 784/784/784 783/783/783
f 783/783/783 784/784/784 785/785/785
f 786/786/786 788/788/788 787/787/787
f 789/789/789 787/787/787 788/788/788
f 790/790/790 792/792/792 791/791/791
f 790/790/790 793/793/793 792/792/792
f 794/794/794 796/796/796 795/795/795
f 794/794/794 797/797/797 796/796/796
f 798/798/798 800/800/800 799/799/799
f 801/801/801 799/799/799 800/800/800
f 802/802/802 804/804/804 803/803/803
f 802/802/802 805/805/805 804/804/804
f 806/806/806 808/808/808 807/807/807
f 809/809/809 807/807/807 808/808/808
f 810/810/810 812/812/812 811/811/811
f 810/810/810 813/813/813 812/812/812
f 814/814/814 816/816/816 815/815/815
f 817/817/817 815/815/815 816/816/816
f 818/818/818 820/820/820 819/819/819
f 818/818/818 821/821/821 820/820/820
f 822/822/822 824/824/824 823/823/823
f 825/825/825 823/823/823 824/824/824
f 826/826/826 828/828/828 827/827/827
f 826/826/826 829/829/829 828/828/828
f 830/830/830 832/832/832 831/831/831
f 831/831/831 833/833/833 830/830/830
f 834/834/834 836/836/836 835/835/835
f 835/835/835 837/837/837 834/834/834
f 838/838/838 840/840/840 839/839/839
f 839/839/839 841/841/841 838/838/838
f 842/842/842 844/844/844 843/843/843
f 843/843/843 845/845/845 842/842/842
f 846/846/846 848/848/848 847/847/847
f 847/847/847 849/849/849 846/846/846
f 850/850/850 852/852/852 851/851/851
f 851/851/851 853/853/853 850/850/850
f 854/854/854 856/856/856 855/855/855
f 855/855/855 857/857/857 854/854/854
f 858/858/858 860/860/860 859/859/859
f 859/859/859 861/861/861 858/858/858
f 862/862/862 864/864/864 863/863/863
f 863/863/863 865/865/865 862/862/862
f 866/866/866 868/868/868 867/867/867
f 867/867/867 869/869/869 866/866/866
f 870/870/870 872/872/872 871/871/871
f 871/871/871 873/873/873 870/870/870
f 874/874/874 876/876/876 875/875/875
f 874/874/874 877/877/877 876/876/876
f 878/878/878 880/880/880 879/879/879
f 879/879/879 881/881/881 878/878/878
f 882/882/882 884/884/884 883/883/883
f 882/882/882 885/885/885 884/884/884
f 886/886/886 888/888/888 887/887/887
f 886/886/886 889/889/889 888/888/888
f 890/890/890 892/892/892 891/891/891
f 890/890/890 893/893/893 892/892/892
f 894/894/894 896/896/896 895/895/895
f 895/895/895 897/897/897 894/894/894
f 898/898/898 900/900/900 899/899/899
f 898/898/898 901/901/901 900/900/900
f 902/902/902 904/904/904 903/903/903
f 903/903/903 905/905/905 902/902/902
f 906/906/906 908/908/908 907/907/907
f 906/906/906 909/909/909 908/908/908
f 910/910/910 912/912/912 911/911/911
f 910/910/910 913/913/913 912/912/912
f 914/914/914 916/916/916 915/915/915
f 914/914/914 917/917/917 916/916/916
f 918/918/918 920/920/920 919/919/919
f 919/919/919 921/921/921 918/918/918
f 922/922/922 924/924/924 923/923/923
f 922/922/922 925/925/925 924/924/924
f 926/926/926 928/928/928 927/927/927
f 927/927/927 929/929/929 926/926/926
f 930/930/930 932/932/932 931/931/931
f 930/930/930 933/933/933 932/932/932
f 934/934/934 936/936/936 935/935/935
f 934/934/934 937/937/937 936/936/936
f 938/938/938 940/940/940 939/939/939
f 938/938/938 941/941/941 940/940/940
f 942/942/942 944/944/944 943/943/943
f 942/942/942 945/945/945 944/944/944
f 946/946/946 948/948/948 947/947/947
f 947/947/947 949/949/949 946/946/946
f 950/950/950 952/952/952 951/951/951
f 951/951/951 953/953/953 950/950/950
f 954/954/954 956/956/956 955/955/955
f 954/954/954 957/957/957 956/956/956
f 958/958/958 960/960/960 959/959/959
f 958/958/958 961/961/961 960/960/960
f 962/962/962 964/964/964 963/963/963
f 963/963/963 965/965/965 962/962/962
f 966/966/966 968/968/968 967/967/967
f 966/966/966 969/969/969 968/968/968
