index,x,y,z,source_distance_m,source_id
0,-10999.910736083984,-4675.270843505859,51.161324977874756,0,0
1,-10888.68408203125,-4560.831832885742,50.64115524291992,1.5958603620529175,1
2,-10777.98843383789,-4447.048187255859,50.17658472061157,3.183320999145508,2
3,-10668.335723876953,-4334.262847900391,49.76194202899933,4.756348609924316,3
4,-10559.970092773438,-4222.552871704102,49.38949942588806,6.3126983642578125,4
5,-10452.848052978516,-4111.74430847168,49.04997646808624,7.853924751281738,5
6,-10346.702575683594,-4001.478958129883,48.73311519622803,9.384454727172852,6
7,-10241.157531738281,-3891.332244873047,48.42826426029205,10.9099760055542,7
8,-10135.833740234375,-3780.9215545654297,48.12479615211487,12.435877799987793,8
9,-10030.43212890625,-3669.9817657470703,47.812291979789734,13.96613883972168,9
10,-9924.761962890625,-3558.382034301758,47.480571269989014,15.503046035766602,10
11,-9818.74008178711,-3446.1116790771484,47.11964130401611,17.0472354888916,11
12,-9712.36801147461,-3333.246612548828,46.71993851661682,18.59815788269043,12
13,-9605.707550048828,-3219.913101196289,46.27258479595184,20.15446662902832,13
14,-9498.85025024414,-3106.2591552734375,45.770061016082764,21.71445655822754,14
15,-9391.910552978516,-2992.4495697021484,45.20691931247711,23.276147842407227,15
16,-9285.037231445312,-2878.662109375,44.58052217960358,24.83722686767578,16
17,-9178.396606445312,-2765.093231201172,43.891674280166626,26.395118713378906,17
18,-9072.185516357422,-2651.9607543945312,43.14507842063904,27.946897506713867,18
19,-8966.620635986328,-2539.4989013671875,42.34956204891205,29.48936653137207,19
20,-8861.922454833984,-2427.9420852661133,41.51824116706848,31.019302368164062,20
21,-8758.27865600586,-2317.4922943115234,40.66876173019409,32.533958435058594,21
22,-8655.806732177734,-2208.271598815918,39.823710918426514,34.03163146972656,22
23,-8554.495239257812,-2100.2662658691406,39.01095688343048,35.51250457763672,23
24,-8454.156494140625,-1993.2769775390625,38.26330900192261,36.97929382324219,24
25,-8148.332214355469,-1667.051887512207,36.49168908596039,41.45089340209961,25
26,-8043.8201904296875,-1555.5522918701172,35.60119569301605,42.97914123535156,26
27,-7939.021301269531,-1443.735694885254,34.562596678733826,44.511680603027344,27
28,-7833.933258056641,-1331.59761428833,33.52547287940979,46.04853820800781,28
29,-7728.5675048828125,-1219.1509246826172,32.60810077190399,47.58953857421875,29
30,-7622.93701171875,-1106.4075469970703,31.837964057922363,49.13451385498047,30
31,-7517.050933837891,-993.3737754821777,31.194451451301575,50.683345794677734,31
32,-7410.901641845703,-880.0361633300781,30.65943419933319,52.23619079589844,32
33,-7304.4830322265625,-766.3822174072266,30.213117599487305,53.793182373046875,33
34,-7197.7996826171875,-652.4135589599609,29.826614260673523,55.35426712036133,34
35,-7090.866851806641,-538.1495475769043,29.449456930160522,56.91922378540039,35
36,-6983.695220947266,-423.6052989959717,29.03119921684265,58.48785400390625,36
37,-6876.2725830078125,-308.7756633758545,28.5663902759552,60.06028366088867,37
38,-6768.59130859375,-193.6513900756836,28.087541460990906,61.63663864135742,38
39,-6660.657501220703,-78.22951078414917,27.674850821495056,63.216888427734375,39
40,-6552.485656738281,37.490323185920715,27.399489283561707,64.80093383789062,40
41,-6444.075012207031,153.51147651672363,27.227962017059326,66.38880920410156,41
42,-6335.428619384766,269.8239326477051,27.044549584388733,67.98042297363281,42
43,-6226.560211181641,386.40339374542236,26.679828763008118,69.57550811767578,43
44,-6117.47932434082,503.23314666748047,26.03811025619507,71.17388153076172,44
45,-6008.164215087891,620.3423023223877,25.21255314350128,72.77589416503906,45
46,-5898.604583740234,737.7524375915527,24.467656016349792,74.38179016113281,46
47,-5788.806533813477,855.4592132568359,24.03976023197174,75.991455078125,47
48,-5678.767395019531,973.4620094299316,24.01939034461975,77.60492706298828,48
49,-5568.499755859375,1091.7512893676758,24.365459382534027,79.22205352783203,49
50,-5458.024215698242,1210.310173034668,24.917688965797424,80.84258270263672,50
51,-5347.479248046875,1328.9875030517578,25.49360692501068,82.46443939208984,51
52,-5236.824417114258,1447.8175163269043,25.954189896583557,84.08816528320312,52
53,-5126.000213623047,1566.8547630310059,26.210269331932068,85.71456146240234,53
54,-5015.010070800781,1686.098289489746,26.274296641349792,87.34359741210938,54
55,-4903.84407043457,1805.5641174316406,26.24204456806183,88.97545623779297,55
56,-4792.4896240234375,1925.2731323242188,26.268810033798218,90.6103744506836,56
57,-4680.946731567383,2045.2253341674805,26.466605067253113,92.24836730957031,57
58,-4569.21501159668,2165.4191970825195,26.832804083824158,93.88941192626953,58
59,-4457.295989990234,2285.8543395996094,27.255645394325256,95.53350067138672,59
60,-4345.195007324219,2406.528663635254,27.559679746627808,97.18057250976562,60
61,-4232.915115356445,2527.4349212646484,27.598875761032104,98.83056640625,61
62,-4120.453262329102,2648.5740661621094,27.35157310962677,100.48350524902344,62
63,-4007.8018188476562,2769.9682235717773,26.95094347000122,102.13960266113281,63
64,-3894.965362548828,2891.6297912597656,26.58248543739319,103.79891967773438,64
65,-3781.949234008789,3013.5616302490234,26.354187726974487,105.46144104003906,65
66,-3668.759536743164,3135.7568740844727,26.25708281993866,107.1270751953125,66
67,-3555.4027557373047,3258.200454711914,26.219913363456726,108.79566192626953,67
68,-3441.8773651123047,3380.894088745117,26.201394200325012,110.46723937988281,68
69,-3328.177261352539,3503.850555419922,26.252564787864685,112.14192962646484,69
70,-3214.306640625,3627.079391479492,26.440107822418213,113.81977081298828,70
71,-3100.2689361572266,3750.583267211914,26.74693465232849,115.50077056884766,71
72,-2986.068344116211,3874.355697631836,27.031210064888,117.18484497070312,72
73,-2871.714401245117,3998.368453979492,27.097812294960022,118.8717269897461,73
74,-2769.942283630371,4108.791732788086,26.892241835594177,120.3734130859375,74
75,-2668.036460876465,4219.419097900391,26.48530602455139,121.87751007080078,75
76,-2565.994644165039,4330.272674560547,26.000285148620605,123.38419342041016,76
77,-2463.82999420166,4441.352844238281,25.562745332717896,124.89337158203125,77
78,-2361.552619934082,4552.655029296875,25.273212790489197,126.40494537353516,78
79,-2259.16690826416,4664.17350769043,25.167647004127502,127.9188461303711,79
80,-2156.668472290039,4775.9033203125,25.24173855781555,129.43505859375,80
81,-2054.051399230957,4887.844467163086,25.476887822151184,130.95364379882812,81
82,-1951.3145446777344,4999.996566772461,25.826480984687805,132.47459411621094,82
83,-1848.4573364257812,5112.361907958984,26.215380430221558,133.9979248046875,83
84,-1745.4818725585938,5224.937438964844,26.574549078941345,135.5236053466797,84
85,-1642.392921447754,5337.710952758789,26.878848671913147,137.051513671875,85
86,-1539.1924858093262,5450.678634643555,27.16240882873535,138.58160400390625,86
87,-1435.8750343322754,5563.85383605957,27.50895321369171,140.114013671875,87
88,-1332.4432373046875,5677.246475219727,28.005293011665344,141.6488037109375,88
89,-1228.9002418518066,5790.857696533203,28.682154417037964,143.18597412109375,89
90,-1125.2463340759277,5904.677581787109,29.505181312561035,144.72543334960938,90
91,-1021.4798927307129,6018.694305419922,30.402177572250366,146.26712036132812,91
92,-917.5941467285156,6132.900619506836,31.3086599111557,147.81100463867188,92
93,-813.5825157165527,6247.300720214844,32.140618562698364,149.35716247558594,93
94,-709.43603515625,6361.897659301758,32.73949325084686,150.90567016601562,94
95,-605.1624774932861,6476.670837402344,33.01980495452881,152.4563446044922,95
96,-500.77977180480957,6591.587066650391,32.923635840415955,154.0087890625,96
97,-396.2653636932373,6706.6680908203125,32.554036378860474,155.5633544921875,97
98,-291.5867567062378,6821.955871582031,32.0935845375061,157.1205596923828,98
99,-186.76457405090332,6937.440490722656,31.705430150032043,158.68019104003906,99
100,-81.8115234375,7053.120422363281,31.496524810791016,160.2421417236328,100
101,23.264150321483612,7168.992614746094,31.506291031837463,161.80633544921875,101
102,128.4640073776245,7285.054016113281,31.695035099983215,163.37277221679688,102
103,233.80067348480225,7401.299285888672,31.94475769996643,164.9414825439453,103
104,339.282488822937,7517.7154541015625,32.10228979587555,166.51243591308594,104
105,444.90370750427246,7634.285736083984,32.042911648750305,168.08546447753906,105
106,550.6648063659668,7751.016998291016,31.755807995796204,169.66062927246094,106
107,656.5726280212402,7867.926025390625,31.356525421142578,171.23809814453125,107
108,762.6249313354492,7985.0189208984375,31.00219964981079,172.81790161132812,108
109,868.8226699829102,8102.292633056641,30.78186810016632,174.4000244140625,109
110,975.1697540283203,8219.744110107422,30.66520094871521,175.9844512939453,110
111,1081.6611289978027,8337.359619140625,30.54875135421753,177.57106018066406,111
112,1188.2863998413086,8455.130004882812,30.32604157924652,179.15972900390625,112
113,1295.0522422790527,8573.060607910156,29.95685338973999,180.7505340576172,113
114,1401.9681930541992,8691.168975830078,29.50585186481476,182.34365844726562,114
115,1509.030532836914,8809.455871582031,29.08022105693817,183.9390869140625,115
116,1616.238784790039,8927.91976928711,28.740158677101135,185.5368194580078,116
117,1723.5950469970703,9046.559143066406,28.476250171661377,187.13682556152344,117
118,1831.0968399047852,9165.357971191406,28.23168635368347,188.73899841308594,118
119,1938.7395858764648,9284.303283691406,27.97604203224182,190.34320068359375,119
120,2046.5322494506836,9403.404998779297,27.7410626411438,191.94956970214844,120
121,2154.4809341430664,9522.67837524414,27.57282555103302,193.55825805664062,121
122,2262.5823974609375,9642.127227783203,27.49752402305603,195.1692657470703,122
123,2370.8290100097656,9761.739349365234,27.505099773406982,196.782470703125,123
124,2479.2240142822266,9881.494903564453,27.570948004722595,198.39772033691406,124
125,2587.781524658203,10001.387786865234,27.716410160064697,200.0150909423828,125
126,2696.511459350586,10121.416473388672,27.961191534996033,201.63462829589844,126
127,2805.4229736328125,10241.578674316406,28.27422022819519,203.25637817382812,127
128,2914.522171020508,10361.865997314453,28.564167022705078,204.88031005859375,128
129,3023.8054275512695,10482.261657714844,28.73329520225525,206.5062713623047,129
130,3133.2630157470703,10602.751922607422,28.71897518634796,208.13412475585938,130
131,3242.8993225097656,10723.348999023438,28.553462028503418,209.7639617919922,131
132,3352.7271270751953,10844.056701660156,28.362712264060974,211.39590454101562,132
133,3462.746810913086,10964.87808227539,28.262513875961304,213.02996826171875,133
134,3572.956085205078,11085.818481445312,28.305572271347046,214.66619873046875,134
135,3683.346939086914,11206.876373291016,28.443440794944763,216.3045196533203,135
136,3793.9117431640625,11328.042602539062,28.565847873687744,217.94480895996094,136
137,3904.6463012695312,11449.305725097656,28.585880994796753,219.5869598388672,137
138,4015.558624267578,11570.665740966797,28.514793515205383,221.2310333251953,138
139,4126.667022705078,11692.121124267578,28.449741005897522,222.8771209716797,139
140,4237.981796264648,11813.668823242188,28.51000428199768,224.52528381347656,140
141,4349.509429931641,11935.30044555664,28.772956132888794,226.17552185058594,141
142,4461.2518310546875,12057.006072998047,29.233750700950623,227.8277587890625,142
143,4573.206329345703,12178.781127929688,29.816731810569763,229.48193359375,143
144,4685.367584228516,12300.624084472656,30.400878190994263,231.1380157470703,144
145,4797.732925415039,12422.538757324219,30.838629603385925,232.79600524902344,145
146,4910.298919677734,12544.520568847656,31.04437291622162,234.45584106445312,146
147,5023.065948486328,12666.557312011719,31.051021814346313,236.11744689941406,147
148,5136.055755615234,12788.642883300781,30.9699684381485,237.78091430664062,148
149,5249.285888671875,12910.77880859375,30.919083952903748,239.44639587402344,149
150,5362.757873535156,13032.955932617188,30.943390727043152,241.11383056640625,150
151,5476.463317871094,13155.168151855469,31.02032244205475,242.78311157226562,151
152,5590.395736694336,13277.412414550781,31.10806941986084,244.45416259765625,152
153,5704.557037353516,13399.696350097656,31.19369149208069,246.12705993652344,153
154,5818.944931030273,13522.021484375,31.2834233045578,247.80181884765625,154
155,5933.55712890625,13644.390869140625,31.38086199760437,249.47842407226562,155
156,6048.394012451172,13766.807556152344,31.466886401176453,251.15692138671875,156
157,6163.452911376953,13889.265441894531,31.511792540550232,252.8372344970703,157
158,6278.727340698242,14011.761474609375,31.484457850456238,254.51930236816406,158
159,6394.216537475586,14134.292602539062,31.388628482818604,256.2030944824219,159
160,6509.928131103516,14256.858825683594,31.284961104393005,257.888671875,160
161,6625.860595703125,14379.469299316406,31.24895691871643,259.5760803222656,161
162,6742.0013427734375,14502.134704589844,31.34782612323761,261.26531982421875,162
163,6858.33740234375,14624.86572265625,31.6000759601593,262.9563903808594,163
164,6974.854278564453,14747.676086425781,31.948772072792053,264.6492919921875,164
165,7091.535186767578,14870.5810546875,32.280200719833374,266.343994140625,165
166,7208.3648681640625,14993.571472167969,32.47469365596771,268.04034423828125,166
167,7325.344085693359,15116.642761230469,32.479074597358704,269.7383117675781,167
168,7442.481231689453,15239.802551269531,32.35006034374237,271.43798828125,168
169,7559.783172607422,15363.050842285156,32.19986855983734,273.13946533203125,169
170,7677.25830078125,15486.381530761719,32.116299867630005,274.84271240234375,170
171,7794.921875,15609.780883789062,32.12657570838928,276.5477600097656,171
172,7912.761688232422,15733.204650878906,32.231494784355164,278.25421142578125,172
173,8030.641174316406,15856.492614746094,32.41454064846039,279.9599609375,173
174,8148.677825927734,15979.750061035156,32.6507031917572,281.66656494140625,174
175,8266.905212402344,16103.019714355469,32.89398550987244,283.3746032714844,175
176,8385.31494140625,16226.304626464844,33.07652771472931,285.083984375,176
177,8503.89404296875,16349.613952636719,33.17432105541229,286.79473876953125,177
178,8622.633361816406,16472.959899902344,33.24719965457916,288.5068664550781,178
179,8741.532135009766,16596.35467529297,33.3830863237381,290.2204284667969,179
180,8845.697784423828,16704.373168945312,33.56820344924927,291.7210693359375,180
181,8949.977111816406,16812.449645996094,33.76412391662598,293.222900390625,181
182,9054.357147216797,16920.5810546875,33.906424045562744,294.725830078125,182
183,9158.821868896484,17028.768920898438,33.95269513130188,296.2297668457031,183
184,9263.373565673828,17137.022399902344,33.9102178812027,297.7347717285156,184
185,9368.01528930664,17245.355224609375,33.82568061351776,299.240966796875,185
186,9472.745513916016,17353.768920898438,33.72544050216675,300.7483825683594,186
187,9577.559661865234,17462.266540527344,33.61077010631561,302.2569580078125,187
188,9682.44400024414,17570.85418701172,33.4633469581604,303.76666259765625,188
189,9787.388610839844,17679.534912109375,33.268359303474426,305.2774658203125,189
190,9892.38510131836,17788.320922851562,33.00577998161316,306.7893981933594,190
191,9997.428131103516,17897.218322753906,32.67020583152771,308.3024597167969,191
192,10102.515411376953,18006.23016357422,32.259389758110046,309.816650390625,192
193,10207.646942138672,18115.3564453125,31.786826252937317,311.33197021484375,193
194,10312.822723388672,18224.59716796875,31.294724345207214,312.8484191894531,194
195,10418.045043945312,18333.953857421875,30.824247002601624,314.36602783203125,195
196,10523.3154296875,18443.421936035156,30.389785766601562,315.884765625,196
197,10628.63540649414,18553.0029296875,29.983752965927124,317.4046630859375,197
198,10734.004974365234,18662.693786621094,29.58277463912964,318.92572021484375,198
199,10839.429473876953,18772.483825683594,29.169228672981262,320.4478454589844,199
200,10944.913482666016,18882.36846923828,28.766468167304993,321.9710693359375,200
201,11050.464630126953,18992.34619140625,28.41876447200775,323.4954528808594,201
202,11156.092071533203,19102.41241455078,28.154072165489197,325.0209655761719,202
203,11261.80191040039,19212.564086914062,27.958661317825317,326.54766845703125,203
204,11367.598724365234,19322.793579101562,27.778151631355286,328.0755615234375,204
205,11473.480987548828,19433.08868408203,27.55376100540161,329.6044921875,205
206,11579.448699951172,19543.441772460938,27.27741003036499,331.13446044921875,206
207,11685.509490966797,19653.851318359375,27.00454294681549,332.66546630859375,207
208,11791.6748046875,19764.317321777344,26.835274696350098,334.1976013183594,208
209,11897.952270507812,19874.835205078125,26.84699296951294,335.73089599609375,209
210,12004.348754882812,19985.406494140625,27.054089307785034,337.2654113769531,210
211,12110.861206054688,20096.026611328125,27.412503957748413,338.8010559082031,211
212,12217.484283447266,20206.690979003906,27.854499220848083,340.3377990722656,212
213,12324.215698242188,20317.393493652344,28.326699137687683,341.8755798339844,213
214,12431.060791015625,20428.13262939453,28.803741931915283,343.4143981933594,214
215,12538.026428222656,20538.914489746094,29.266729950904846,344.9543762207031,215
216,12645.101165771484,20649.74365234375,29.67156171798706,346.4954528808594,216
217,12752.256774902344,20760.62469482422,29.97409701347351,348.0374450683594,217
218,12859.434509277344,20871.534729003906,30.16967475414276,349.5798034667969,218
219,12966.421508789062,20982.24639892578,30.240890383720398,351.1194152832031,219
220,13072.892761230469,21092.42401123047,30.220770835876465,352.651611328125,220
221,13178.610229492188,21201.77764892578,30.163133144378662,354.1726379394531,221
222,13283.499145507812,21310.157775878906,30.143311619758606,355.680908203125,222
223,13402.374267578125,21432.766723632812,30.250707268714905,357.388671875,223
224,13520.259094238281,21553.997802734375,30.55660128593445,359.0796813964844,224
225,13637.226867675781,21673.854064941406,31.035104393959045,360.75445556640625,225
226,13753.378295898438,21792.3828125,31.605148315429688,362.4140319824219,226
227,13868.873596191406,21909.742736816406,32.12644159793854,364.0606384277344,227
228,13983.6181640625,22025.92010498047,32.476451992988586,365.6935729980469,228
229,14097.563171386719,22140.85235595703,32.6198548078537,367.31201171875,229
230,14210.603332519531,22254.415893554688,32.62856304645538,368.91436767578125,230
231,14322.683715820312,22366.468811035156,32.62450695037842,370.4992370605469,231
232,14433.865356445312,22476.959228515625,32.703909277915955,372.0667419433594,232
233,14544.276428222656,22585.964965820312,32.89138972759247,373.6183166503906,233
234,14653.948974609375,22693.54248046875,33.15652906894684,375.15460205078125,234
235,14762.905883789062,22799.78790283203,33.421388268470764,376.6764831542969,235
236,14871.144104003906,22904.754638671875,33.62022042274475,378.1842956542969,236
237,14991.897583007812,23021.343994140625,33.710676431655884,379.86285400390625,237
238,15111.448669433594,23136.31134033203,33.71818661689758,381.5215148925781,238
239,15229.714965820312,23249.606323242188,33.72883498668671,383.1593017578125,239
240,15346.669006347656,23361.187744140625,33.8050901889801,384.7757568359375,240
241,15462.371826171875,23471.08917236328,33.946555852890015,386.37158203125,241
242,15576.875305175781,23579.400634765625,34.114229679107666,387.94775390625,242
243,15690.264892578125,23686.199951171875,34.23488736152649,389.5054626464844,243
244,15802.505493164062,23791.49932861328,34.26879942417145,391.0445251464844,244
245,15913.623046875,23895.327758789062,34.19930338859558,392.5653381347656,245
246,16023.605346679688,23997.66845703125,34.067508578300476,394.0677185058594,246
247,16144.425964355469,24109.603881835938,33.90314280986786,395.71478271484375,247
248,16263.856506347656,24219.607543945312,33.7619811296463,397.3385314941406,248
249,16382.04345703125,24327.725219726562,33.60622823238373,398.9403991699219,249
250,16499.20196533203,24434.02862548828,33.38507115840912,400.5224304199219,250
251,16615.321350097656,24538.465881347656,33.09053182601929,402.084228515625,251
252,16730.308532714844,24640.93780517578,32.79227614402771,403.62451171875,252
253,16844.114685058594,24741.30096435547,32.593148946762085,405.1419372558594,253
254,16967.982482910156,24849.183654785156,32.54926800727844,406.78460693359375,254
255,17090.606689453125,24954.46319580078,32.645583152770996,408.4008483886719,255
256,17212.083435058594,25057.249450683594,32.79831409454346,409.9921569824219,256
257,17332.47528076172,25157.64617919922,32.92871713638306,411.559814453125,257
258,17452.023315429688,25255.56640625,33.02858769893646,413.105224609375,258
259,17571.278381347656,25351.040649414062,33.06861221790314,414.6329345703125,259
260,17690.63262939453,25444.29168701172,32.95915722846985,416.14764404296875,260
261,17810.189819335938,25535.464477539062,32.61745572090149,417.6512756347656,261
262,17940.943908691406,25632.498168945312,32.002973556518555,419.2796325683594,262
263,18072.36785888672,25726.885986328125,31.313660740852356,420.8978271484375,263
264,18204.91485595703,25818.621826171875,30.78323006629944,422.5099182128906,264
265,18338.70849609375,25907.7392578125,30.50490915775299,424.1175842285156,265
266,18473.53515625,25994.357299804688,30.353838205337524,425.72021484375,266
267,18608.96759033203,26078.558349609375,30.155232548713684,427.3150939941406,267
268,18744.728088378906,26160.382080078125,29.82012927532196,428.9003601074219,268
269,18880.648803710938,26239.715576171875,29.416632652282715,430.4742736816406,269
270,19016.62139892578,26316.4794921875,29.05556559562683,432.0358581542969,270
271,19152.60467529297,26390.646362304688,28.84325683116913,433.5849304199219,271
272,19288.61846923828,26462.258911132812,28.760510683059692,435.1222229003906,272
273,19424.705505371094,26531.427001953125,28.710240125656128,436.6488952636719,273
274,19560.84442138672,26598.220825195312,28.644034266471863,438.16546630859375,274
275,19696.865844726562,26662.554931640625,28.566911816596985,439.6703186035156,275
276,19843.943786621094,26729.373168945312,28.495284914970398,441.2859191894531,276
277,19990.81573486328,26793.106079101562,28.5186767578125,442.8871154785156,277
278,20137.615966796875,26853.662109375,28.73094081878662,444.47528076171875,278
279,20284.458923339844,26911.123657226562,29.091423749923706,446.05230712890625,279
280,20431.570434570312,26965.634155273438,29.526349902153015,447.621337890625,280
281,20578.988647460938,27017.300415039062,29.99461591243744,449.1836242675781,281
282,20726.754760742188,27066.40625,30.295899510383606,450.74090576171875,282
283,20874.8779296875,27112.872314453125,30.540356040000916,452.2934875488281,283
284,21023.487854003906,27156.6162109375,30.84980547428131,453.84283447265625,284
285,21173.013305664062,27197.604370117188,31.353673338890076,455.3934326171875,285
286,21323.57635498047,27235.65673828125,32.25374519824982,456.9466247558594,286
287,21475.15869140625,27270.501708984375,33.86104702949524,458.50225830078125,287
288,21627.789306640625,27302.511596679688,35.94295680522919,460.0621032714844,288
289,21781.617736816406,27331.863403320312,38.369083404541016,461.6285400390625,289
290,21936.366271972656,27358.87451171875,40.83226025104523,463.1997985839844,290
291,22091.941833496094,27383.816528320312,43.07781755924225,464.7757873535156,291
292,22247.82257080078,27406.79931640625,44.84485387802124,466.35174560546875,292
293,22404.368591308594,27426.834106445312,47.136253118515015,467.93035888671875,293
294,22561.744689941406,27443.115234375,50.612783432006836,469.51312255859375,294
295,22719.561767578125,27456.253051757812,54.8194944858551,471.0975036621094,295
296,22877.537536621094,27467.477416992188,58.43506455421448,472.6818542480469,296
297,23035.394287109375,27478.244018554688,60.346633195877075,474.264404296875,297
298,23193.125915527344,27488.787841796875,60.43582558631897,475.8454284667969,298
299,23351.17950439453,27496.868896484375,60.3507936000824,477.42828369140625,299
300,23509.564208984375,27499.554443359375,62.489378452301025,479.0127868652344,300
301,23668.10302734375,27497.540283203125,66.65813326835632,480.59912109375,301
302,23826.70440673828,27492.46826171875,71.09928727149963,482.1867980957031,302
303,23985.411071777344,27486.422729492188,74.10630583763123,483.7755432128906,303
304,24144.122314453125,27479.440307617188,75.66569447517395,485.364501953125,304
305,24302.755737304688,27469.140625,77.44153141975403,486.95452880859375,305
306,24461.415100097656,27454.495239257812,80.69093823432922,488.5484619140625,306
307,24620.285034179688,27435.90087890625,85.09481549263,490.14886474609375,307
308,24779.441833496094,27414.572143554688,89.40263390541077,491.7554626464844,308
309,24938.93280029297,27391.445922851562,92.99170970916748,493.36767578125,309
310,25099.044799804688,27366.494750976562,96.24699354171753,494.9886779785156,310
311,25247.38311767578,27341.659545898438,99.42286014556885,496.4932861328125,311
312,25396.139526367188,27315.292358398438,102.95349359512329,498.0046691894531,312
313,25545.28350830078,27287.5,106.76143169403076,499.5224914550781,313
314,25694.845581054688,27258.36181640625,110.65675020217896,501.0469665527344,314
315,25844.796752929688,27227.792358398438,114.56305980682373,502.5780334472656,315
316,25994.998168945312,27195.541381835938,118.52104663848877,504.1150207519531,316
317,26145.199584960938,27161.38916015625,122.56178855895996,505.6561584472656,317
318,26294.854736328125,27125.302124023438,126.61707401275635,507.1964111328125,318
319,26443.1396484375,27087.4267578125,130.63794374465942,508.72760009765625,319
320,26589.358520507812,27047.96142578125,134.65003967285156,510.2428894042969,320
321,26744.976806640625,27003.6376953125,139.00020122528076,511.86181640625,321
322,26897.366333007812,26957.958984375,143.35731267929077,513.4535522460938,322
323,27046.432495117188,26911.151123046875,147.73753881454468,515.016845703125,323
324,27192.257690429688,26863.17138671875,152.1184802055359,516.5528564453125,324
325,27335.000610351562,26813.973999023438,156.41918182373047,518.0635375976562,325
326,27485.626220703125,26759.158325195312,160.94216108322144,519.6673583984375,326
327,27633.462524414062,26701.983642578125,165.3511881828308,521.2533569335938,327
328,27778.561401367188,26642.459106445312,169.64077949523926,522.822509765625,328
329,27920.791625976562,26580.734252929688,173.80046844482422,524.373779296875,329
330,28060.086059570312,26516.921997070312,177.82163619995117,525.90673828125,330
331,28196.3623046875,26451.065063476562,181.74363374710083,527.4210815429688,331
332,28338.970947265625,26378.292846679688,185.85721254348755,529.02294921875,332
333,28478.067016601562,26303.28369140625,189.86477851867676,530.6040649414062,333
334,28613.671875,26226.138305664062,193.74724626541138,532.1649780273438,334
335,28745.751953125,26146.920776367188,197.50958681106567,533.7059326171875,335
336,28874.2919921875,26065.750122070312,201.13766193389893,535.2269287109375,336
337,28999.395751953125,25982.708740234375,204.5522689819336,536.7291870117188,337
338,29129.01611328125,25892.117309570312,207.9928159713745,538.3112182617188,338
339,29254.595947265625,25799.569702148438,211.27705574035645,539.871826171875,339
340,29376.031494140625,25705.148315429688,214.4407033920288,541.4107055664062,340
341,29493.29833984375,25608.810424804688,217.55945682525635,542.9290161132812,341
342,29613.372802734375,25504.379272460938,220.83404064178467,544.52099609375,342
343,29729.058837890625,25398.056030273438,223.87769222259521,546.0928344726562,343
344,29840.53955078125,25290.103149414062,226.4976978302002,547.6452026367188,344
345,29947.528076171875,25180.47332763672,228.87630462646484,549.177490234375,345
346,30049.819946289062,25069.03533935547,231.17988109588623,550.690673828125,346
347,30153.103637695312,24948.818969726562,233.6559772491455,552.276123046875,347
348,30252.01416015625,24825.782775878906,236.12725734710693,553.8552856445312,348
349,30347.769165039062,24699.5849609375,238.2857322692871,555.4398803710938,349
350,30435.6689453125,24577.51007080078,239.92607593536377,556.944580078125,350
351,30520.611572265625,24452.621459960938,241.3959264755249,558.455322265625,351
352,30602.297973632812,24324.839782714844,242.77288913726807,559.9722900390625,352
353,30680.731201171875,24194.183349609375,244.0385341644287,561.49658203125,353
354,30755.886840820312,24060.723876953125,245.1859474182129,563.028564453125,354
355,30827.651977539062,23924.554443359375,246.11892700195312,564.568115234375,355
356,30895.59326171875,23785.63995361328,247.0480442047119,566.1148681640625,356
357,30959.72900390625,23644.125366210938,248.16207885742188,567.6689453125,357
358,31020.703125,23500.259399414062,249.07631874084473,569.2318115234375,358
359,31078.134155273438,23353.66973876953,250.05457401275635,570.8065185546875,359
360,31131.802368164062,23204.598999023438,251.25067234039307,572.3912353515625,360
361,31179.269409179688,23062.25128173828,252.1955966949463,573.89208984375,361
362,31224.008178710938,22917.762756347656,252.83806324005127,575.4049072265625,362
363,31265.634155273438,22771.250915527344,253.385329246521,576.9282836914062,363
364,31303.976440429688,22622.76611328125,253.89490127563477,578.462158203125,364
365,31339.190673828125,22472.683715820312,254.03037071228027,580.0040283203125,365
366,31371.1669921875,22321.07696533203,253.765869140625,581.5537719726562,366
367,31399.40185546875,22168.08319091797,253.3224105834961,583.10986328125,367
368,31423.651123046875,22013.75732421875,252.86638736724854,584.67236328125,368
369,31443.728637695312,21858.270263671875,252.38544940948486,586.240478515625,369
370,31459.063720703125,21701.795959472656,252.16693878173828,587.81298828125,370
371,31469.509887695312,21544.325256347656,252.30045318603516,589.3914794921875,371
372,31475.601196289062,21386.009216308594,252.413010597229,590.97607421875,372
373,31477.57568359375,21227.061462402344,252.25090980529785,592.5659790039062,373
374,31475.06103515625,21067.347717285156,252.10802555084229,594.16357421875,374
375,31468.243408203125,20916.9189453125,252.35581398010254,595.669677734375,375
376,31457.086181640625,20765.745544433594,252.9881715774536,597.185791015625,376
377,31441.915893554688,20613.577270507812,253.82099151611328,598.71533203125,377
378,31422.91259765625,20460.626220703125,254.6975612640381,600.2568969726562,378
379,31400.335693359375,20306.979370117188,255.48367500305176,601.8101806640625,379
380,31374.252319335938,20152.490234375,256.1941623687744,603.377197265625,380
381,31344.586181640625,19997.25341796875,256.8950653076172,604.9578857421875,381
382,31311.43798828125,19841.403198242188,257.5126647949219,606.551513671875,382
383,31274.8291015625,19685.012817382812,258.0345153808594,608.157958984375,383
384,31237.689208984375,19538.430786132812,258.40392112731934,609.6703491210938,384
385,31197.686767578125,19391.2841796875,258.603310585022,611.1954345703125,385
386,31154.8095703125,19243.455505371094,258.646821975708,612.73486328125,386
387,31108.999633789062,19095.27587890625,258.49575996398926,614.2860717773438,387
388,31060.284423828125,18946.913146972656,258.1420660018921,615.8478393554688,388
389,31008.633422851562,18798.30322265625,257.5853109359741,617.4213256835938,389
390,30953.897094726562,18649.464416503906,256.86042308807373,619.0073852539062,390
391,30896.136474609375,18500.23651123047,255.93502521514893,620.6077880859375,391
392,30835.525512695312,18350.738525390625,254.64706420898438,622.22119140625,392
393,30776.779174804688,18212.179565429688,253.00989151000977,623.7264404296875,393
394,30715.682983398438,18073.971557617188,250.96096992492676,625.2379150390625,394
395,30652.191162109375,17936.148071289062,248.55616092681885,626.7557373046875,395
396,30586.346435546875,17798.924255371094,245.88446617126465,628.2781982421875,396
397,30518.130493164062,17661.972045898438,242.98319816589355,629.8086547851562,397
398,30447.6318359375,17525.051879882812,239.78192806243896,631.3491821289062,398
399,30374.86572265625,17388.119506835938,236.32473945617676,632.900390625,399
400,30300.018310546875,17251.148986816406,232.72087574005127,634.4618530273438,400
401,30223.333740234375,17114.027404785156,229.00078296661377,636.0335083007812,401
402,30145.1416015625,16976.568603515625,225.10523796081543,637.6155395507812,402
403,30065.670776367188,16838.609313964844,220.99905014038086,639.2083129882812,403
404,29985.07080078125,16700.071716308594,216.78566932678223,640.811767578125,404
405,29903.43017578125,16560.911560058594,212.4659538269043,642.4258422851562,405
406,29820.797729492188,16421.095275878906,208.02066326141357,644.0506591796875,406
407,29743.6279296875,16291.444396972656,203.82773876190186,645.5601806640625,407
408,29665.597534179688,16161.24267578125,199.5254397392273,647.078857421875,408
409,29586.685180664062,16030.488586425781,195.15832662582397,648.6068115234375,409
410,29506.893920898438,15899.15771484375,190.72160720825195,650.144287109375,410
411,29426.144409179688,15767.265319824219,186.30564212799072,651.6915283203125,411
412,29344.454956054688,15634.889221191406,181.87239170074463,653.247802734375,412
413,29261.862182617188,15501.979064941406,177.3358941078186,654.8134155273438,413
414,29178.311157226562,15368.524169921875,172.73852825164795,656.3887329101562,414
415,29093.783569335938,15234.561157226562,168.09556484222412,657.9735717773438,415
416,29008.291625976562,15100.083923339844,163.41441869735718,659.5679321289062,416
417,28921.795654296875,14965.122985839844,158.8386058807373,661.1717529296875,417
418,28834.356689453125,14829.647827148438,154.3346881866455,662.784912109375,418
419,28745.93505859375,14693.635559082031,149.90699291229248,664.4078979492188,419
420,28656.57958984375,14557.096862792969,145.43168544769287,666.0404052734375,420
421,28573.880004882812,14431.466674804688,141.21798276901245,667.5452270507812,421
422,28490.316772460938,14305.397033691406,136.9576096534729,669.0584106445312,422
423,28405.789184570312,14178.944396972656,132.82095193862915,670.5801391601562,423
424,28320.220947265625,14052.154541015625,128.79433631896973,672.1104125976562,424
425,28233.67919921875,13925.01220703125,124.84753131866455,673.6490478515625,425
426,28146.267700195312,13797.502136230469,120.80683708190918,675.1956787109375,426
427,28058.041381835938,13669.586181640625,116.53470993041992,676.7503051757812,427
428,27968.9697265625,13541.217041015625,112.0202898979187,678.3135375976562,428
429,27879.031372070312,13412.420654296875,107.38829374313354,679.88525390625,429
430,27788.22021484375,13283.221435546875,102.75881290435791,681.4652709960938,430
431,27696.554565429688,13153.607177734375,98.14189672470093,683.0535888671875,431
432,27604.083251953125,13023.565673828125,93.48930716514587,684.6500244140625,432
433,27510.90087890625,12893.077087402344,88.7108564376831,686.2542724609375,433
434,27417.031860351562,12762.098693847656,83.72808694839478,687.8665771484375,434
435,27322.506713867188,12630.597686767578,78.53248119354248,689.4869995117188,435
436,27227.374267578125,12498.574829101562,73.15443754196167,691.115234375,436
437,27131.67724609375,12366.018676757812,67.66833066940308,692.7511596679688,437
438,27035.403442382812,12232.896423339844,62.175220251083374,694.3950805664062,438
439,26938.796997070312,12099.52392578125,56.7988395690918,696.0429077148438,439
440,26850.607299804688,11977.914428710938,52.08635330200195,697.5459594726562,440
441,26762.088012695312,11855.939483642578,47.48964309692383,699.0538940429688,441
442,26673.25439453125,11733.583068847656,42.85423457622528,700.5667114257812,442
443,26584.140014648438,11610.850524902344,38.0023717880249,702.0842895507812,443
444,26494.772338867188,11487.74642944336,32.84331560134888,703.6065063476562,444
445,26405.130004882812,11364.230346679688,27.440932393074036,705.1337280273438,445
446,26315.216064453125,11240.260314941406,21.942058205604553,706.666259765625,446
447,26225.06103515625,11115.826416015625,16.49685949087143,708.2039184570312,447
448,26134.716796875,10990.916442871094,11.142609268426895,709.7465209960938,448
449,26044.216918945312,10865.513610839844,5.795519053936005,711.2940063476562,449
450,25953.604125976562,10739.583587646484,0.3704559523612261,712.846435546875,450
451,25862.942504882812,10613.078308105469,-5.140991508960724,714.4038696289062,451
452,25772.311401367188,10485.928344726562,-10.67768707871437,715.9663696289062,452
453,25681.787109375,10358.074188232422,-16.14227294921875,717.5339965820312,453
454,25591.409301757812,10229.49447631836,-21.501974761486053,719.106689453125,454
455,25501.211547851562,10100.184631347656,-26.851734519004822,720.6842651367188,455
456,25411.204528808594,9970.149230957031,-32.33462870121002,722.2667236328125,456
457,25321.409606933594,9839.362335205078,-38.02241086959839,723.854248046875,457
458,25231.87255859375,9707.75146484375,-43.86151731014252,725.4472045898438,458
459,25142.68035888672,9575.230407714844,-49.684926867485046,727.0457153320312,459
460,25053.912353515625,9441.748046875,-55.30638098716736,728.6497802734375,460
461,24965.586853027344,9307.304382324219,-60.67611575126648,730.2593383789062,461
462,24877.6611328125,9171.939086914062,-65.90230464935303,731.8743896484375,462
463,24790.084838867188,9035.722351074219,-71.17226719856262,733.4946899414062,463
464,24702.830505371094,8898.697662353516,-76.64227485656738,735.1201171875,464
465,24615.919494628906,8760.823822021484,-82.31094479560852,736.7509765625,465
466,24529.457092285156,8622.018432617188,-88.02351355552673,738.3873291015625,466
467,24443.5791015625,8482.212829589844,-93.59707236289978,740.0291137695312,467
468,24358.30841064453,8341.400909423828,-98.99289011955261,741.6762084960938,468
469,24273.626708984375,8199.617767333984,-104.34277057647705,743.32861328125,469
470,24189.55078125,8056.914520263672,-109.84373092651367,744.98583984375,470
471,24106.13250732422,7913.2904052734375,-115.59906005859375,746.6478271484375,471
472,24023.477172851562,7768.614196777344,-121.52687311172485,748.315185546875,472
473,23949.884033203125,7637.413787841797,-126.85390710830688,749.8204956054688,473
474,23877.130126953125,7505.267333984375,-132.0825695991516,751.3299560546875,474
475,23805.19256591797,7372.212219238281,-137.25974559783936,752.8434448242188,475
476,23734.011840820312,7238.309478759766,-142.51689910888672,754.3609008789062,476
477,23663.525390625,7103.629302978516,-148.00935983657837,755.882080078125,477
478,23593.731689453125,6968.173980712891,-153.79793643951416,757.4070434570312,478
479,23524.7314453125,6831.871795654297,-159.8078966140747,758.93603515625,479
480,23456.661987304688,6694.64111328125,-165.90089797973633,760.4691772460938,480
481,23389.61639404297,6556.45751953125,-171.95497751235962,762.00634765625,481
482,23323.594665527344,6417.353057861328,-177.9672384262085,763.54736328125,482
483,23258.511352539062,6277.397155761719,-184.05407667160034,765.0921020507812,483
484,23194.236755371094,6136.682891845703,-190.40257930755615,766.6404418945312,484
485,23130.65643310547,5995.286560058594,-197.17800617218018,768.1923217773438,485
486,23067.85888671875,5853.190612792969,-204.34093475341797,769.74755859375,486
487,23005.94024658203,5710.335922241211,-211.80317401885986,771.306396484375,487
488,22944.97528076172,5566.610336303711,-219.4542407989502,772.8695678710938,488
489,22885.012817382812,5422.047805786133,-227.2350549697876,774.4365844726562,489
490,22826.051330566406,5276.736068725586,-235.21032333374023,776.0068359375,490
491,22768.12744140625,5130.707168579102,-243.41046810150146,777.5800170898438,491
492,22711.337280273438,4983.868789672852,-251.7648458480835,779.1566772460938,492
493,22655.812072753906,4836.146926879883,-260.1433038711548,780.7371215820312,493
494,22601.69677734375,4687.525177001953,-268.38831901550293,782.321044921875,494
495,22549.12109375,4537.995529174805,-276.3601779937744,783.9081420898438,495
496,22498.123168945312,4387.55989074707,-284.01358127593994,785.49853515625,496
497,22448.641967773438,4236.25373840332,-291.40942096710205,787.0922241210938,497
498,22400.552368164062,4084.148406982422,-298.6992120742798,788.689208984375,498
499,22353.75518798828,3931.3159942626953,-306.0311555862427,790.289306640625,499
500,22308.291625976562,3777.7706146240234,-313.42079639434814,791.8924560546875,500
501,22264.33868408203,3623.4622955322266,-320.7188367843628,793.4986572265625,501
502,22222.08709716797,3468.338394165039,-327.7029275894165,795.1080322265625,502
503,22181.629943847656,3312.392044067383,-334.21483039855957,796.7205200195312,503
504,22142.901611328125,3155.658721923828,-340.2729034423828,798.336181640625,504
505,22105.763244628906,2998.2114791870117,-346.0558891296387,799.9549560546875,505
506,22070.101928710938,2840.315628051758,-351.809287071228,801.5747680664062,506
507,22035.82000732422,2682.033920288086,-357.6932668685913,803.1954345703125,507
508,22002.940368652344,2523.233222961426,-363.702130317688,804.8182983398438,508
509,21971.604919433594,2363.8660430908203,-369.70181465148926,806.4436645507812,509
510,21941.943359375,2203.9247512817383,-375.53694248199463,808.0714721679688,510
511,21914.044189453125,2043.4185028076172,-381.09683990478516,809.70166015625,511
512,21887.94708251953,1882.3677062988281,-386.3365411758423,811.3341064453125,512
513,21863.656616210938,1720.7893371582031,-391.26009941101074,812.9688720703125,513
514,21841.17889404297,1558.695411682129,-395.86896896362305,814.6060791015625,514
515,21820.50018310547,1396.1018562316895,-400.1701354980469,816.2457275390625,515
516,21801.57012939453,1233.0296516418457,-404.1987419128418,817.8880004882812,516
517,21784.25750732422,1069.5098876953125,-408.0742835998535,819.5328979492188,517
518,21768.36395263672,905.5821418762207,-411.99612617492676,821.180419921875,518
519,21753.7353515625,741.29638671875,-416.1531448364258,822.8303833007812,519
520,21740.338134765625,576.682710647583,-420.62788009643555,824.482666015625,520
521,21728.30352783203,411.71107292175293,-425.33349990844727,826.1375122070312,521
522,21717.886352539062,246.35868072509766,-430.0426483154297,827.7950439453125,522
523,21709.29412841797,80.64546585083008,-434.51976776123047,829.455078125,523
524,21702.647399902344,-85.40384769439697,-438.5958194732666,831.1174926757812,524
525,21697.95379638672,-251.7613172531128,-442.25049018859863,832.7822265625,525
526,21695.074462890625,-418.4110641479492,-445.63302993774414,834.4494018554688,526
527,21693.8232421875,-585.3183746337891,-448.95973205566406,836.118896484375,527
528,21694.110107421875,-752.4386882781982,-452.3773670196533,837.79052734375,528
529,21695.986938476562,-919.7587013244629,-455.8725357055664,839.4642944335938,529
530,21699.591064453125,-1087.269687652588,-459.2994213104248,841.1401977539062,530
531,21705.050659179688,-1254.9373626708984,-462.4849796295166,842.8181762695312,531
532,21712.44354248047,-1422.7210998535156,-465.3090476989746,844.4979248046875,532
533,21721.803283691406,-1590.5925750732422,-467.7196502685547,846.1795043945312,533
534,21733.0810546875,-1758.543586730957,-469.74902153015137,847.8629760742188,534
535,21746.157836914062,-1926.5718460083008,-471.5034008026123,849.5485229492188,535
536,21760.92987060547,-2094.660758972168,-473.10194969177246,851.2360229492188,536
537,21775.49591064453,-2244.093894958496,-474.40147399902344,852.7376098632812,537
538,21791.48406982422,-2393.5291290283203,-475.51655769348145,854.2406005859375,538
539,21808.978271484375,-2542.9553985595703,-476.3246536254883,855.7451782226562,539
540,21828.021240234375,-2692.3519134521484,-476.7116069793701,857.2513427734375,540
541,21848.64044189453,-2841.6961669921875,-476.5917778015137,858.759033203125,541
542,21870.828247070312,-2990.971565246582,-475.9220600128174,860.268310546875,542
543,21894.534301757812,-3140.182113647461,-474.67494010925293,861.7792358398438,543
544,21919.676208496094,-3289.3478393554688,-472.8612422943115,863.2921142578125,544
545,21946.15020751953,-3438.484573364258,-470.5482006072998,864.8070678710938,545
546,21973.826599121094,-3587.607192993164,-467.8462505340576,866.3240966796875,546
547,22002.58026123047,-3736.7313385009766,-464.88399505615234,867.8432006835938,547
548,22032.31201171875,-3885.8688354492188,-461.76772117614746,869.3643188476562,548
549,22062.973022460938,-4035.02197265625,-458.5503101348877,870.887451171875,549
550,22094.558715820312,-4184.188461303711,-455.2194118499756,872.4126586914062,550
551,22127.066040039062,-4333.368301391602,-451.7481803894043,873.93994140625,551
552,22160.504150390625,-4482.551193237305,-448.08993339538574,875.4692993164062,552
553,22194.895935058594,-4631.714630126953,-444.18745040893555,877.0006713867188,553
554,22230.264282226562,-4780.839920043945,-439.98889923095703,878.533935546875,554
555,22266.635131835938,-4929.919815063477,-435.4576110839844,880.0692138671875,555
556,22304.000854492188,-5078.95393371582,-430.591344833374,881.6065063476562,556
557,22342.323303222656,-5227.9449462890625,-425.45204162597656,883.1458129882812,557
558,22381.544494628906,-5376.90315246582,-420.1781749725342,884.6871337890625,558
559,22421.600341796875,-5525.8392333984375,-414.9163246154785,886.2304077148438,559
560,22462.461853027344,-5674.748992919922,-409.763240814209,887.7754516601562,560
561,22504.148864746094,-5823.619079589844,-404.735803604126,889.3223266601562,561
562,22546.74530029297,-5972.434234619141,-399.7462272644043,890.87109375,562
563,22590.341186523438,-6121.163177490234,-394.6556329727173,892.421875,563
564,22634.979248046875,-6269.775390625,-389.3383264541626,893.9745483398438,564
565,22680.65185546875,-6418.263244628906,-383.7416410446167,895.5291748046875,565
566,22727.296447753906,-6566.640472412109,-377.9109477996826,897.085693359375,566
567,22774.839782714844,-6714.929962158203,-371.94674015045166,898.6441650390625,567
568,22823.199462890625,-6863.149261474609,-365.9661531448364,900.2044677734375,568
569,22872.31903076172,-7011.319732666016,-360.0615978240967,901.7666625976562,569
570,22922.189331054688,-7159.450531005859,-354.2401313781738,903.330810546875,570
571,22972.817993164062,-7307.53173828125,-348.45430850982666,904.8969116210938,571
572,23024.21417236328,-7455.558776855469,-342.6492929458618,906.4650268554688,572
573,23076.364135742188,-7603.528594970703,-336.7851495742798,908.0350952148438,573
574,23129.241943359375,-7751.442718505859,-330.84237575531006,909.6071166992188,574
575,23182.809448242188,-7899.308776855469,-324.82075691223145,911.1810302734375,575
576,23237.02392578125,-8047.151184082031,-318.73531341552734,912.7569580078125,576
577,23291.844177246094,-8194.984436035156,-312.5920057296753,914.3348999023438,577
578,23347.219848632812,-8342.823791503906,-306.3995361328125,915.9148559570312,578
579,23403.094482421875,-8490.689849853516,-300.1707077026367,917.4968872070312,579
580,23459.402465820312,-8638.609313964844,-293.9173698425293,919.0809326171875,580
581,23516.099548339844,-8786.598205566406,-287.6403570175171,920.6669921875,581
582,23573.143005371094,-8934.667205810547,-281.32550716400146,922.2550659179688,582
583,23630.502319335938,-9082.830047607422,-274.92220401763916,923.84521484375,583
584,23688.145446777344,-9231.097412109375,-268.37003231048584,925.4374389648438,584
585,23746.035766601562,-9379.489135742188,-261.6464853286743,927.03173828125,585
586,23804.13818359375,-9528.01742553711,-254.7703981399536,928.628173828125,586
587,23862.411499023438,-9676.686096191406,-247.77183532714844,930.2265625,587
588,23920.835876464844,-9825.504302978516,-240.65840244293213,931.8269653320312,588
589,23979.400634765625,-9974.484252929688,-233.41233730316162,933.429443359375,589
590,24038.096618652344,-10123.63052368164,-226.00862979888916,935.0339965820312,590
591,24096.917724609375,-10272.943115234375,-218.45619678497314,936.640625,591
592,24155.85479736328,-10422.42431640625,-210.80267429351807,938.2493286132812,592
593,24214.894104003906,-10572.076416015625,-203.09581756591797,939.8600463867188,593
594,24274.0234375,-10721.896362304688,-195.3521490097046,941.47265625,594
595,24333.238220214844,-10871.885681152344,-187.54287958145142,943.087158203125,595
596,24392.538452148438,-11022.052001953125,-179.61137294769287,944.7036743164062,596
597,24451.927185058594,-11172.393798828125,-171.50853872299194,946.322265625,597
598,24511.399841308594,-11322.903442382812,-163.21297883987427,947.9428100585938,598
599,24570.95184326172,-11473.576354980469,-154.74092960357666,949.5652465820312,599
600,24630.581665039062,-11624.415588378906,-146.11477851867676,951.1895751953125,600
601,24690.286254882812,-11775.422668457031,-137.36382722854614,952.8158569335938,601
602,24750.06103515625,-11926.598358154297,-128.50662469863892,954.4439697265625,602
603,24809.90447998047,-12077.94189453125,-119.54127550125122,956.073974609375,603
604,24869.81658935547,-12229.451751708984,-110.44212579727173,957.7058715820312,604
605,24929.791259765625,-12381.124877929688,-101.1543869972229,959.339599609375,605
606,24989.8193359375,-12532.957458496094,-91.62759780883789,960.9751586914062,606
607,25049.893188476562,-12684.954071044922,-81.83506727218628,962.612548828125,607
608,25110.006713867188,-12837.120056152344,-71.78560495376587,964.2517700195312,608
609,25170.150756835938,-12989.456176757812,-61.53497099876404,965.892822265625,609
610,25230.31768798828,-13141.966247558594,-51.17431879043579,967.5357055664062,610
611,25290.5029296875,-13294.656372070312,-40.791261196136475,969.1802978515625,611
612,25350.697326660156,-13447.537231445312,-30.479511618614197,970.82666015625,612
613,25410.902404785156,-13600.608825683594,-20.33151537179947,972.4747314453125,613
614,25471.09832763672,-13753.868103027344,-10.382309556007385,974.1243896484375,614
615,25531.28204345703,-13907.31201171875,-0.5954740568995476,975.775634765625,615
616,25591.43524169922,-14060.958862304688,9.147235006093979,977.4285888671875,616
617,25651.5380859375,-14214.804077148438,18.983522057533264,979.0833129882812,617
618,25711.58447265625,-14368.846130371094,28.99704873561859,980.7398071289062,618
619,25771.56982421875,-14523.085021972656,39.20387625694275,982.3980102539062,619
620,25831.500244140625,-14677.516174316406,49.555692076683044,984.0579223632812,620
621,25891.384887695312,-14832.139587402344,59.97171401977539,985.719482421875,621
622,25951.226806640625,-14986.952209472656,70.36941647529602,987.3826293945312,622
623,26011.029052734375,-15141.957092285156,80.69688081741333,989.04736328125,623
624,26070.782470703125,-15297.16796875,90.92126488685608,990.7138061523438,624
625,26130.496215820312,-15452.57568359375,101.03365182876587,992.3818969726562,625
626,26190.167236328125,-15608.1787109375,111.04178428649902,994.051513671875,626
627,26249.795532226562,-15763.966369628906,120.95170021057129,995.72265625,627
628,26309.378051757812,-15919.947814941406,130.79222440719604,997.3954467773438,628
629,26368.90869140625,-16076.119995117188,140.61682224273682,999.06982421875,629
630,26428.384399414062,-16232.479858398438,150.4916548728943,1000.7457885742188,630
631,26487.808227539062,-16389.028930664062,160.4434370994568,1002.42333984375,631
632,26547.186279296875,-16545.767211914062,170.4360842704773,1004.1025390625,632
633,26606.53076171875,-16702.69775390625,180.35722970962524,1005.7833862304688,633
634,26665.85693359375,-16859.800720214844,190.08418321609497,1007.4656372070312,634
635,26725.173950195312,-17017.07305908203,199.55976009368896,1009.1492919921875,635
636,26784.4970703125,-17174.52850341797,208.7721586227417,1010.8345336914062,636
637,26843.832397460938,-17332.167053222656,217.72751808166504,1012.5214233398438,637
638,26903.192138671875,-17489.974975585938,226.45306587219238,1014.2098388671875,638
639,26962.570190429688,-17647.923278808594,235.0123405456543,1015.8995361328125,639
640,27021.8994140625,-17805.813598632812,243.49398612976074,1017.5885009765625,640
641,27081.234741210938,-17963.758850097656,251.99041366577148,1019.2780151367188,641
642,27140.603637695312,-18121.817016601562,260.5083703994751,1020.9686889648438,642
643,27200.021362304688,-18279.986572265625,268.9850091934204,1022.6605834960938,643
644,27259.4970703125,-18438.26446533203,277.3625612258911,1024.3536376953125,644
645,27319.039916992188,-18596.65069580078,285.6374502182007,1026.0478515625,645
646,27378.64990234375,-18755.152893066406,293.84093284606934,1027.743408203125,646
647,27438.336181640625,-18913.77410888672,301.98049545288086,1029.4403076171875,647
648,27498.098754882812,-19072.51739501953,310.01291275024414,1031.1385498046875,648
649,27557.9345703125,-19231.378173828125,317.8725242614746,1032.8380126953125,649
650,27617.83447265625,-19390.35186767578,325.51352977752686,1034.5386962890625,650
651,27677.804565429688,-19549.45068359375,332.94057846069336,1036.24072265625,651
652,27737.847900390625,-19708.67462158203,340.1963710784912,1037.944091796875,652
653,27797.967529296875,-19868.023681640625,347.3417282104492,1039.6488037109375,653
654,27858.151245117188,-20027.496337890625,354.44495677948,1041.35498046875,654
655,27918.402099609375,-20187.106323242188,361.3593101501465,1043.0625,655
656,27978.713989257812,-20346.861267089844,367.9323673248291,1044.771484375,656
657,28039.065551757812,-20506.680297851562,374.00901317596436,1046.4810791015625,657
658,28099.468994140625,-20666.583251953125,379.60731983184814,1048.19140625,658
659,28159.979248046875,-20826.68914794922,384.9473714828491,1049.9039306640625,659
660,28220.5810546875,-20986.929321289062,390.29061794281006,1051.6180419921875,660
661,28273.675537109375,-21127.230834960938,395.1457738876343,1053.119140625,661
662,28326.837158203125,-21267.61932373047,400.25177001953125,1054.621337890625,662
663,28380.06591796875,-21408.10089111328,405.5774211883545,1056.124755859375,663
664,28433.355712890625,-21548.678588867188,410.9734535217285,1057.6292724609375,664
665,28486.703491210938,-21689.344787597656,416.2328243255615,1059.134765625,665
666,28540.093994140625,-21830.093383789062,421.1697578430176,1060.64111328125,666
667,28593.5302734375,-21970.933532714844,425.69546699523926,1062.1483154296875,667
668,28647.018432617188,-22111.88507080078,429.81791496276855,1063.6566162109375,668
669,28700.558471679688,-22252.952575683594,433.6275100708008,1065.1661376953125,669
670,28754.153442382812,-22394.119262695312,437.26587295532227,1066.6767578125,670
671,28807.791137695312,-22535.35919189453,440.8824920654297,1068.1881103515625,671
672,28861.447143554688,-22676.58233642578,444.5721626281738,1069.699462890625,672
673,28915.066528320312,-22817.669677734375,448.34885597229004,1071.20947265625,673
674,28968.551635742188,-22958.35723876953,452.13818550109863,1072.7152099609375,674
675,29029.364013671875,-23118.275451660156,456.34331703186035,1074.4267578125,675
676,29089.70947265625,-23276.91650390625,460.28079986572266,1076.1246337890625,676
677,29149.5361328125,-23434.1552734375,463.9150619506836,1077.8074951171875,677
678,29208.819580078125,-23589.92919921875,467.29254722595215,1079.4747314453125,678
679,29267.523193359375,-23744.129943847656,470.48916816711426,1081.1251220703125,679
680,29325.650024414062,-23896.75750732422,473.5653877258301,1082.7587890625,680
681,29383.273315429688,-24047.972106933594,476.54356956481934,1084.37744140625,681
682,29440.4052734375,-24197.796630859375,479.4168472290039,1085.9813232421875,682
683,29497.015380859375,-24346.148681640625,482.1697235107422,1087.569580078125,683
684,29553.091430664062,-24492.984008789062,484.814453125,1089.1417236328125,684
685,29608.612060546875,-24638.24462890625,487.40572929382324,1090.697265625,685
686,29663.601684570312,-24781.93817138672,489.9877071380615,1092.2362060546875,686
687,29718.0908203125,-24924.147033691406,492.54159927368164,1093.759521484375,687
688,29772.137451171875,-25064.988708496094,495.00389099121094,1095.2684326171875,688
689,29832.452392578125,-25221.945190429688,497.5647449493408,1096.9501953125,689
690,29892.2607421875,-25377.33612060547,499.8297691345215,1098.615478515625,690
691,29951.50146484375,-25531.031799316406,501.81822776794434,1100.262939453125,691
692,30010.174560546875,-25682.940673828125,503.6325931549072,1101.8917236328125,692
693,30068.295288085938,-25832.955932617188,505.40456771850586,1103.500732421875,693
694,30125.872802734375,-25980.94482421875,507.2242736816406,1105.0889892578125,694
695,30182.968139648438,-26126.895141601562,509.1144561767578,1106.656494140625,695
696,30239.654541015625,-26270.8251953125,511.0630512237549,1108.2037353515625,696
697,30295.99609375,-26412.823486328125,512.9920959472656,1109.731689453125,697
698,30352.035522460938,-26552.993774414062,514.8029327392578,1111.2415771484375,698
699,30413.955688476562,-26706.707763671875,516.6036128997803,1112.8990478515625,699
700,30475.540161132812,-26858.36181640625,518.1557178497314,1114.5361328125,700
701,30536.944580078125,-27007.968139648438,519.5219039916992,1116.153564453125,701
702,30598.226928710938,-27155.31005859375,520.827054977417,1117.74951171875,702
703,30659.347534179688,-27300.323486328125,522.1158027648926,1119.3233642578125,703
704,30720.254516601562,-27443.084716796875,523.344898223877,1120.875732421875,704
705,30780.8837890625,-27583.740234375,524.4441032409668,1122.4075927734375,705
706,30841.183471679688,-27722.42431640625,525.3578186035156,1123.9200439453125,706
707,30907.101440429688,-27872.59521484375,526.2070655822754,1125.5601806640625,707
708,30972.537231445312,-28020.114135742188,527.0314693450928,1127.1741943359375,708
709,31037.557983398438,-28164.935302734375,527.9156684875488,1128.7618408203125,709
710,31102.496337890625,-28307.12890625,528.8549900054932,1130.3251953125,710
711,31167.288208007812,-28446.759033203125,529.75172996521,1131.8646240234375,711
712,31231.893920898438,-28583.94775390625,530.5266857147217,1133.3812255859375,712
713,31302.227783203125,-28730.84716796875,531.2442302703857,1135.0101318359375,713
714,31372.442626953125,-28874.697875976562,531.952953338623,1136.611083984375,714
715,31442.61474609375,-29015.390014648438,532.7534198760986,1138.1834716796875,715
716,31512.850952148438,-29153.045654296875,533.5723400115967,1139.72900390625,716
717,31583.261108398438,-29287.957763671875,534.2692852020264,1141.2509765625,717
718,31659.47265625,-29431.16455078125,534.7995758056641,1142.8734130859375,718
719,31735.556030273438,-29571.2646484375,535.1578712463379,1144.4678955078125,719
720,31811.541748046875,-29708.050537109375,535.4896068572998,1146.0328369140625,720
721,31887.643432617188,-29841.452026367188,535.8723640441895,1147.56884765625,721
722,31963.87939453125,-29971.609497070312,536.2639904022217,1149.077392578125,722
723,32045.834350585938,-30108.26416015625,536.6016864776611,1150.6710205078125,723
724,32127.880859375,-30241.305541992188,536.8321895599365,1152.2342529296875,724
725,32210.134887695312,-30370.718383789062,537.0147228240967,1153.767822265625,725
726,32293.011474609375,-30496.542358398438,537.1683597564697,1155.274658203125,726
727,32382.830810546875,-30627.499389648438,537.2531890869141,1156.86279296875,727
728,32474.053955078125,-30754.598999023438,537.2765064239502,1158.427490234375,728
729,32566.958618164062,-30877.935791015625,537.3012065887451,1159.9718017578125,729
730,32661.846923828125,-30997.628784179688,537.3891353607178,1161.4993896484375,730
731,32758.663940429688,-31113.711547851562,537.5285148620605,1163.0111083984375,731
732,32863.69323730469,-31233.621215820312,537.5668525695801,1164.6053466796875,732
733,32970.07141113281,-31349.423217773438,537.3834133148193,1166.177978515625,733
734,33077.191162109375,-31460.690307617188,537.1713161468506,1167.72265625,734
735,33184.53369140625,-31567.10205078125,537.1479034423828,1169.234375,735
736,33298.65417480469,-31674.871826171875,537.3258113861084,1170.80419921875,736
737,33412.884521484375,-31777.420043945312,537.5748634338379,1172.3394775390625,737
738,33527.13623046875,-31875.070190429688,537.6919269561768,1173.8426513671875,738
739,33648.16589355469,-31973.15673828125,537.6731872558594,1175.4007568359375,739
740,33769.36340332031,-32065.606689453125,537.6784324645996,1176.92529296875,740
741,33897.84851074219,-32157.077026367188,537.7829551696777,1178.502685546875,741
742,34027.68249511719,-32242.376708984375,538.0537509918213,1180.056396484375,742
743,34159.04846191406,-32321.7529296875,538.3842945098877,1181.591552734375,743
744,34291.22009277344,-32395.059204101562,538.7257099151611,1183.103271484375,744
745,34430.743408203125,-32465.4052734375,539.2651557922363,1184.666015625,745
746,34570.440673828125,-32528.823852539062,539.9300575256348,1186.200439453125,746
747,34709.93347167969,-32585.531616210938,540.5693531036377,1187.70654296875,747
748,34855.816650390625,-32637.905883789062,541.2044048309326,1189.2568359375,748
749,35000.830078125,-32683.16650390625,541.8138027191162,1190.7762451171875,749
750,35151.56555175781,-32723.4130859375,542.3639297485352,1192.336669921875,750
751,35300.82092285156,-32756.512451171875,543.0076599121094,1193.8658447265625,751
752,35454.53186035156,-32783.544921875,543.8209056854248,1195.4268798828125,752
753,35606.04248046875,-32803.07922363281,544.5978164672852,1196.9549560546875,753
754,35755.70373535156,-32814.996337890625,545.4531669616699,1198.4566650390625,754
755,35909.77478027344,-32819.29016113281,546.3748455047607,1199.9984130859375,755
756,36060.906982421875,-32815.39611816406,547.3077297210693,1201.5107421875,756
757,36214.29748535156,-32802.838134765625,548.4200477600098,1203.05029296875,757
758,36363.1591796875,-32782.183837890625,549.5593547821045,1204.5537109375,758
759,36513.15002441406,-32752.410888671875,550.7443428039551,1206.08349609375,759
760,36658.489990234375,-32714.0869140625,551.9259452819824,1207.5872802734375,760
761,36804.08935546875,-32665.46630859375,553.1825065612793,1209.1229248046875,761
762,36943.88427734375,-32608.154296875,554.5239448547363,1210.634521484375,762
763,37082.611083984375,-32540.005493164062,555.9621334075928,1212.1807861328125,763
764,37216.72058105469,-32462.826538085938,557.3283195495605,1213.728759765625,764
765,37343.170166015625,-32379.38232421875,558.592700958252,1215.244384765625,765
766,37465.93017578125,-32286.968994140625,559.7901344299316,1216.7816162109375,766
767,37584.17053222656,-32185.562133789062,560.9292030334473,1218.3399658203125,767
768,37693.39904785156,-32079.446411132812,561.9874477386475,1219.863525390625,768
769,37797.650146484375,-31965.118408203125,563.0193710327148,1221.411376953125,769
770,37892.254638671875,-31848.068237304688,563.890790939331,1222.9169921875,770
771,37980.596923828125,-31724.2919921875,564.7789478302002,1224.4383544921875,771
772,38062.70751953125,-31593.771362304688,565.7371997833252,1225.98095703125,772
773,38138.5498046875,-31457.12890625,566.6380405426025,1227.5443115234375,773
774,38205.89294433594,-31320.489501953125,567.4811840057373,1229.0682373046875,774
775,38269.43359375,-31178.1982421875,568.2807445526123,1230.6270751953125,775
776,38326.79138183594,-31037.277221679688,568.9694404602051,1232.1490478515625,776
777,38381.22863769531,-30892.184448242188,569.593095779419,1233.69921875,777
778,38431.15234375,-30748.873901367188,570.3460216522217,1235.2171630859375,778
779,38478.961181640625,-30601.022338867188,571.2717533111572,1236.771484375,779
780,38522.528076171875,-30455.404663085938,572.2609996795654,1238.2918701171875,780
781,38563.836669921875,-30305.416870117188,573.2924461364746,1239.8480224609375,781
782,38600.811767578125,-30158.642578125,574.267053604126,1241.362060546875,782
783,38635.333251953125,-30008.108520507812,575.0959873199463,1242.9068603515625,783
784,38667.15087890625,-29853.887939453125,575.676155090332,1244.48193359375,784
785,38694.63806152344,-29704.074096679688,576.150369644165,1246.0054931640625,785
786,38719.720458984375,-29551.065063476562,576.5591144561768,1247.556396484375,786
787,38742.87414550781,-29394.686889648438,576.7743110656738,1249.1375732421875,787
788,38763.51623535156,-29243.295288085938,576.856279373169,1250.665771484375,788
789,38783.32214355469,-29088.87939453125,576.821756362915,1252.222900390625,789
790,38802.6611328125,-28931.448364257812,576.6731262207031,1253.8094482421875,790
791,38820.91369628906,-28780.096435546875,576.5190124511719,1255.3343505859375,791
792,38839.7705078125,-28627.206420898438,576.4611721038818,1256.8751220703125,792
793,38860.25390625,-28472.20458984375,576.5420436859131,1258.43896484375,793
794,38882.80334472656,-28315.283203125,576.6450881958008,1260.024658203125,794
795,38906.14318847656,-28165.8935546875,576.6488075256348,1261.537109375,795
796,38931.768798828125,-28014.822387695312,576.6151905059814,1263.0697021484375,796
797,38959.92126464844,-27862.136840820312,576.6002178192139,1264.6226806640625,797
798,38990.802001953125,-27707.91015625,576.7012119293213,1266.1959228515625,798
799,39024.566650390625,-27552.145385742188,576.9718170166016,1267.7901611328125,799
800,39058.892822265625,-27404.708862304688,577.3267269134521,1269.3043212890625,800
801,39095.782470703125,-27256.002807617188,577.7212619781494,1270.8367919921875,801
802,39135.162353515625,-27106.097412109375,578.0888080596924,1272.3870849609375,802
803,39177.099609375,-26954.937744140625,578.4064292907715,1273.9561767578125,803
804,39221.734619140625,-26802.505493164062,578.6548137664795,1275.544921875,804
805,39269.158935546875,-26648.934936523438,578.8273811340332,1277.1524658203125,805
806,39315.96374511719,-26504.8095703125,578.9247989654541,1278.668212890625,806
807,39365.38391113281,-26360.186767578125,578.990364074707,1280.1968994140625,807
808,39417.578125,-26214.752197265625,579.1032791137695,1281.742431640625,808
809,39472.65319824219,-26068.560791015625,579.2544364929199,1283.3050537109375,809
810,39530.50537109375,-25921.844482421875,579.3649196624756,1284.882568359375,810
811,39591.07360839844,-25774.935913085938,579.4042587280273,1286.4720458984375,811
812,39654.47692871094,-25627.655029296875,579.4588088989258,1288.075927734375,812
813,39720.770263671875,-25480.616760253906,579.6451568603516,1289.689208984375,813
814,39784.82360839844,-25344.342041015625,579.978609085083,1291.1954345703125,814
815,39851.104736328125,-25208.090209960938,580.3397178649902,1292.7109375,815
816,39919.42138671875,-25071.705627441406,580.6002140045166,1294.2366943359375,816
817,39989.60876464844,-24935.171508789062,580.7973861694336,1295.772216796875,817
818,40061.5234375,-24798.416137695312,580.9414386749268,1297.3177490234375,818
819,40135.12268066406,-24661.386108398438,581.0891628265381,1298.87353515625,819
820,40210.26611328125,-24524.06768798828,581.0444355010986,1300.439208984375,820
821,40286.95373535156,-24386.47003173828,580.6620121002197,1302.0147705078125,821
822,40365.264892578125,-24248.709106445312,579.8832416534424,1303.5997314453125,822
823,40445.550537109375,-24110.926818847656,578.9207458496094,1305.1947021484375,823
824,40527.90222167969,-23973.153686523438,577.7444839477539,1306.8001708984375,824
825,40612.31994628906,-23835.389709472656,576.2685298919678,1308.416259765625,825
826,40698.57177734375,-23697.84698486328,574.3137359619141,1310.0401611328125,826
827,40779.60510253906,-23571.339416503906,571.9260215759277,1311.5430908203125,827
828,40862.225341796875,-23445.315551757812,569.1088199615479,1313.0506591796875,828
829,40946.78955078125,-23319.883728027344,566.0780429840088,1314.5640869140625,829
830,41033.538818359375,-23195.249938964844,563.075065612793,1316.083251953125,830
831,41122.31140136719,-23071.473693847656,559.9761486053467,1317.6070556640625,831
832,41213.03405761719,-22948.309326171875,556.6503047943115,1319.137451171875,832
833,41305.62438964844,-22825.86669921875,552.9877662658691,1320.67333984375,833
834,41400.18005371094,-22704.302978515625,549.0730285644531,1322.2142333984375,834
835,41496.917724609375,-22583.792114257812,545.0881004333496,1323.7603759765625,835
836,41596.05407714844,-22464.517211914062,541.2210464477539,1325.3121337890625,836
837,41697.79968261719,-22346.7041015625,537.6548767089844,1326.8695068359375,837
838,41802.178955078125,-22230.209350585938,534.4568729400635,1328.434326171875,838
839,41908.94775390625,-22114.816284179688,531.4112186431885,1330.007080078125,839
840,42017.81311035156,-22000.26397705078,528.1517505645752,1331.5880126953125,840
841,42128.51867675781,-21886.297607421875,524.4156837463379,1333.1776123046875,841
842,42240.90270996094,-21772.84393310547,520.1039791107178,1334.775390625,842
843,42355.01708984375,-21660.076904296875,515.3934001922607,1336.3807373046875,843
844,42471.124267578125,-21548.294067382812,510.60657501220703,1337.993408203125,844
845,42589.495849609375,-21437.440490722656,505.9818744659424,1339.6160888671875,845
846,42710.064697265625,-21327.5634765625,501.6072750091553,1341.2481689453125,846
847,42822.26867675781,-21227.58331298828,497.666072845459,1342.7518310546875,847
848,42935.91613769531,-21128.131103515625,493.5609817504883,1344.2628173828125,848
849,43050.99792480469,-21029.100036621094,489.2108917236328,1345.781982421875,849
850,43167.56286621094,-20930.53436279297,484.6842288970947,1347.3094482421875,850
851,43285.6689453125,-20832.54852294922,480.12800216674805,1348.844970703125,851
852,43405.36193847656,-20735.211181640625,475.6634712219238,1350.388671875,852
853,43526.62353515625,-20638.528442382812,471.2989330291748,1351.9404296875,853
854,43649.371337890625,-20542.42401123047,466.91832542419434,1353.500244140625,854
855,43773.51379394531,-20446.868896484375,462.41536140441895,1355.0677490234375,855
856,43899.01428222656,-20351.856994628906,457.751989364624,1356.642822265625,856
857,44025.90637207031,-20257.38067626953,452.97722816467285,1358.225830078125,857
858,44154.17785644531,-20163.368225097656,448.15587997436523,1359.817138671875,858
859,44283.70361328125,-20069.708251953125,443.27454566955566,1361.41650390625,859
860,44414.111328125,-19976.37176513672,438.22007179260254,1363.021240234375,860
861,44545.09582519531,-19883.126831054688,432.9334259033203,1364.6302490234375,861
862,44676.54113769531,-19789.48974609375,427.4454116821289,1366.245361328125,862
863,44808.172607421875,-19695.083618164062,421.8418598175049,1367.866455078125,863
864,44939.66064453125,-19599.533081054688,416.24693870544434,1369.4930419921875,864
865,45070.57800292969,-19502.386474609375,410.7943058013916,1371.1243896484375,865
866,45200.65612792969,-19403.330993652344,405.5699825286865,1372.760498046875,866
867,45329.81262207031,-19302.218627929688,400.5608558654785,1374.40185546875,867
868,45458.07800292969,-19199.13330078125,395.65629959106445,1376.0484619140625,868
869,45585.45837402344,-19094.232177734375,390.6573534011841,1377.6995849609375,869
870,45700.421142578125,-18997.300720214844,385.998010635376,1379.204345703125,870
871,45814.51110839844,-18898.71063232422,381.3093423843384,1380.7132568359375,871
872,45927.655029296875,-18798.353576660156,376.69386863708496,1382.2266845703125,872
873,46039.74914550781,-18696.26922607422,372.2067594528198,1383.7437744140625,873
874,46150.726318359375,-18592.567443847656,367.79208183288574,1385.263671875,874
875,46260.595703125,-18487.37030029297,363.3352279663086,1386.78564453125,875
876,46369.2626953125,-18380.76629638672,358.79528522491455,1388.308837890625,876
877,46476.580810546875,-18272.76153564453,354.2562961578369,1389.8323974609375,877
878,46582.40966796875,-18163.290405273438,349.86329078674316,1391.35595703125,878
879,46686.627197265625,-18052.284240722656,345.77136039733887,1392.8795166015625,879
880,46789.22424316406,-17939.744567871094,342.0367956161499,1394.4031982421875,880
881,46890.30456542969,-17825.779724121094,338.5558605194092,1395.92724609375,881
882,46990.02380371094,-17710.5224609375,335.1510763168335,1397.4520263671875,882
883,47088.50402832031,-17594.11163330078,331.6472291946411,1398.9775390625,883
884,47185.784912109375,-17476.600646972656,327.9656648635864,1400.50390625,884
885,47281.756591796875,-17357.94219970703,324.1798162460327,1402.0308837890625,885
886,47376.26647949219,-17238.047790527344,320.4486846923828,1403.558349609375,886
887,47469.17419433594,-17116.835021972656,316.93294048309326,1405.0863037109375,887
888,47560.38513183594,-16994.273376464844,313.74428272247314,1406.61474609375,888
889,47649.847412109375,-16870.372009277344,310.9100818634033,1408.1435546875,889
890,47737.506103515625,-16745.143127441406,308.43451023101807,1409.6727294921875,890
891,47823.44665527344,-16618.594360351562,306.25767707824707,1411.2030029296875,891
892,47907.830810546875,-16490.805053710938,304.25257682800293,1412.73486328125,892
893,47990.79284667969,-16361.860656738281,302.282190322876,1414.2686767578125,893
894,48072.430419921875,-16231.840515136719,300.1962661743164,1415.804443359375,894
895,48152.783203125,-16100.752258300781,297.93152809143066,1417.3426513671875,895
896,48231.79016113281,-15968.5302734375,295.54951190948486,1418.883544921875,896
897,48309.36279296875,-15835.134887695312,293.1475877761841,1420.42724609375,897
898,48385.44616699219,-15700.569152832031,290.78333377838135,1421.9737548828125,898
899,48459.97009277344,-15564.84375,288.49358558654785,1423.5228271484375,899
900,48532.83996582031,-15427.960205078125,286.3325595855713,1425.0740966796875,900
901,48604.14123535156,-15289.968872070312,284.21804904937744,1426.6279296875,901
902,48673.974609375,-15150.87890625,282.0773124694824,1428.1849365234375,902
903,48742.498779296875,-15010.789489746094,279.7916650772095,1429.7449951171875,903
904,48809.79309082031,-14869.856262207031,277.21526622772217,1431.307373046875,904
905,48875.82092285156,-14728.189086914062,274.3037223815918,1432.87109375,905
906,48940.41442871094,-14585.743713378906,271.14593982696533,1434.4359130859375,906
907,49003.411865234375,-14442.231750488281,267.9993152618408,1436.0040283203125,907
908,49064.61181640625,-14297.592163085938,265.02466201782227,1437.5753173828125,908
909,49123.98376464844,-14151.913452148438,262.1938705444336,1439.149169921875,909
910,49181.50939941406,-14005.239868164062,259.4187021255493,1440.7254638671875,910
911,49237.17956542969,-13857.546997070312,256.71958923339844,1442.3045654296875,911
912,49291.192626953125,-13708.932495117188,253.96502017974854,1443.8865966796875,912
913,49343.701171875,-13559.474182128906,251.0241985321045,1445.4715576171875,913
914,49394.65637207031,-13409.146118164062,247.90093898773193,1447.0596923828125,914
915,49443.95446777344,-13257.8857421875,244.69029903411865,1448.6514892578125,915
916,49491.58020019531,-13105.677795410156,241.4724588394165,1450.2471923828125,916
917,49537.62512207031,-12952.592468261719,238.20691108703613,1451.8466796875,917
918,49582.281494140625,-12798.738098144531,234.70098972320557,1453.4495849609375,918
919,49625.689697265625,-12644.194793701172,230.7886838912964,1455.0557861328125,919
920,49667.877197265625,-12488.954162597656,226.43449306488037,1456.6656494140625,920
921,49708.73107910156,-12332.914733886719,221.7367649078369,1458.27978515625,921
922,49747.99499511719,-12176.043701171875,216.88416004180908,1459.898193359375,922
923,49785.45227050781,-12018.37387084961,212.0387315750122,1461.52001953125,923
924,49821.06628417969,-11859.920501708984,207.22429752349854,1463.145263671875,924
925,49854.937744140625,-11700.697326660156,202.3500919342041,1464.7744140625,925
926,49887.139892578125,-11540.763092041016,197.32027053833008,1466.4071044921875,926
927,49917.59338378906,-11380.181884765625,192.1412467956543,1468.0428466796875,927
928,49946.12121582031,-11218.899536132812,186.9450807571411,1469.6820068359375,928
929,49972.613525390625,-11056.85043334961,181.86440467834473,1471.3253173828125,929
930,49997.100830078125,-10894.087219238281,176.91736221313477,1472.9725341796875,930
931,50019.72961425781,-10730.712890625,171.94371223449707,1474.6231689453125,931
932,50040.63415527344,-10566.805267333984,166.77000522613525,1476.27685546875,932
933,50059.83581542969,-10402.339935302734,161.36316061019897,1477.93408203125,933
934,50077.15759277344,-10237.268829345703,155.8478593826294,1479.5953369140625,934
935,50092.39501953125,-10071.599578857422,150.4114866256714,1481.2603759765625,935
936,50104.22668457031,-9922.014617919922,145.70047855377197,1482.76220703125,936
937,50114.263916015625,-9772.016143798828,141.17416143417358,1484.2667236328125,937
938,50122.53112792969,-9621.636199951172,136.78547143936157,1485.7740478515625,938
939,50129.08020019531,-9470.893096923828,132.48261213302612,1487.2840576171875,939
940,50133.94470214844,-9319.786071777344,128.2317876815796,1488.797119140625,940
941,50137.16735839844,-9168.32504272461,124.01200532913208,1490.313232421875,941
942,50138.79699707031,-9016.535186767578,119.79219913482666,1491.8323974609375,942
943,50138.86413574219,-8864.452362060547,115.53356647491455,1493.3543701171875,943
944,50137.39013671875,-8712.101745605469,111.20748519897461,1494.8790283203125,944
945,50134.35974121094,-8559.483337402344,106.81530237197876,1496.40673828125,945
946,50129.75158691406,-8406.602478027344,102.38206386566162,1497.9375,946
947,50123.504638671875,-8253.48129272461,97.96386957168579,1499.47119140625,947
948,50115.57922363281,-8100.148010253906,93.60456466674805,1501.0076904296875,948
949,50105.97839355469,-7946.607971191406,89.31989073753357,1502.5472412109375,949
950,50094.757080078125,-7792.857360839844,85.08697748184204,1504.0899658203125,950
951,50082.000732421875,-7638.9068603515625,80.85200786590576,1505.6358642578125,951
952,50067.779541015625,-7484.770965576172,76.56858563423157,1507.1849365234375,952
953,50052.142333984375,-7330.450439453125,72.23302125930786,1508.7371826171875,953
954,50035.150146484375,-7175.922393798828,67.88014769554138,1510.2928466796875,954
955,50016.88537597656,-7021.174621582031,63.56441378593445,1511.8521728515625,955
956,49997.45788574219,-6866.2017822265625,59.31752920150757,1513.4151611328125,956
957,49977.03857421875,-6710.984039306641,55.118197202682495,1514.9818115234375,957
958,49955.828857421875,-6555.498504638672,50.930255651474,1516.5521240234375,958
959,49934.063720703125,-6399.718856811523,46.72356843948364,1518.1260986328125,959
960,49911.9873046875,-6243.605804443359,42.487433552742004,1519.703857421875,960
961,49889.825439453125,-6087.120819091797,38.26053440570831,1521.2855224609375,961
962,49867.803955078125,-5930.236434936523,34.10334885120392,1522.8707275390625,962
963,49846.16394042969,-5772.928237915039,30.012908577919006,1524.4595947265625,963
964,49825.09765625,-5615.183258056641,25.93955099582672,1526.0521240234375,964
965,49804.78515625,-5457.008361816406,21.8331441283226,1527.64794921875,965
966,49785.35461425781,-5298.404693603516,17.637601494789124,1529.2469482421875,966
967,49766.93115234375,-5139.350509643555,13.331557810306549,1530.8492431640625,967
968,49749.63684082031,-4979.84619140625,8.945854008197784,1532.4547119140625,968
969,49733.60595703125,-4819.913101196289,4.54375222325325,1534.0631103515625,969
970,49718.93615722656,-4659.630584716797,0.16607544384896755,1535.6737060546875,970
971,49705.67321777344,-4499.186325073242,-4.183175042271614,1537.28466796875,971
972,49693.74084472656,-4338.409805297852,-8.593110740184784,1538.89794921875,972
973,49683.09631347656,-4177.33268737793,-13.173440098762512,1540.5133056640625,973
974,49673.75793457031,-4015.970230102539,-17.97390878200531,1542.130859375,974
975,49665.81115722656,-3854.2999267578125,-22.946152091026306,1543.750732421875,975
976,49659.41467285156,-3692.317581176758,-27.94998586177826,1545.373046875,976
977,49654.730224609375,-3530.0491333007812,-32.822275161743164,1546.9976806640625,977
978,49651.86462402344,-3367.5155639648438,-37.44170665740967,1548.6243896484375,978
979,49650.83312988281,-3204.726791381836,-41.78559482097626,1550.25341796875,979
980,49651.57470703125,-3041.701889038086,-45.91703712940216,1551.884765625,980
981,49654.00695800781,-2878.4727096557617,-49.97527599334717,1553.5181884765625,981
982,49658.05358886719,-2715.0569915771484,-54.063862562179565,1555.15380859375,982
983,49663.7451171875,-2551.4631271362305,-58.17475914955139,1556.791748046875,983
984,49671.17004394531,-2387.700843811035,-62.22871541976929,1558.4320068359375,984
985,49680.47180175781,-2223.804473876953,-66.07571244239807,1560.0745849609375,985
986,49691.83654785156,-2059.834861755371,-69.53702569007874,1561.7191162109375,986
987,49705.37414550781,-1895.8377838134766,-72.49293327331543,1563.3653564453125,987
988,49721.038818359375,-1731.821632385254,-74.9476432800293,1565.013671875,988
989,49738.76037597656,-1567.8171157836914,-76.95392370223999,1566.6639404296875,989
990,49758.27941894531,-1403.8084983825684,-78.80754470825195,1568.316162109375,990
991,49779.30908203125,-1239.7626876831055,-80.78001737594604,1569.9705810546875,991
992,49801.611328125,-1075.7043838500977,-83.1167995929718,1571.626953125,992
993,49825.189208984375,-911.6869926452637,-85.8799397945404,1573.28466796875,993
994,49850.29602050781,-747.7135181427002,-88.87873888015747,1574.9443359375,994
995,49877.288818359375,-583.8311672210693,-91.7895495891571,1576.60595703125,995
996,49906.35070800781,-420.12014389038086,-94.35333013534546,1578.269287109375,996
997,49937.46337890625,-256.601881980896,-96.51342630386353,1579.9344482421875,997
998,49970.48034667969,-93.27430725097656,-98.42630624771118,1581.6014404296875,998
999,50005.19104003906,69.87074017524719,-100.35116672515869,1583.27001953125,999
1000,50041.47644042969,232.82783031463623,-102.45461463928223,1584.9400634765625,1000
1001,50079.38537597656,395.6075429916382,-104.71693277359009,1586.612060546875,1001
1002,50119.10095214844,558.1820487976074,-106.96295499801636,1588.2862548828125,1002
1003,50160.7666015625,720.4690933227539,-108.99978876113892,1589.96240234375,1003
1004,50204.461669921875,882.4045181274414,-110.71387529373169,1591.64013671875,1004
1005,50250.20446777344,1043.942642211914,-112.07846403121948,1593.319580078125,1005
1006,50297.955322265625,1205.0773620605469,-113.141930103302,1595.0006103515625,1006
1007,50347.60437011719,1365.837287902832,-114.00076150894165,1596.68359375,1007
1008,50399.05700683594,1526.2404441833496,-114.74219560623169,1598.36865234375,1008
1009,50452.28271484375,1686.2567901611328,-115.41259288787842,1600.055419921875,1009
1010,50501.08642578125,1828.145980834961,-115.94972610473633,1601.556396484375,1010
1011,50551.26953125,1969.7113037109375,-116.43269062042236,1603.0589599609375,1011
1012,50602.78015136719,2110.9689712524414,-116.89316034317017,1604.56298828125,1012
1013,50655.55114746094,2251.9264221191406,-117.38966703414917,1606.068603515625,1013
1014,50709.54895019531,2392.5708770751953,-117.97394752502441,1607.57568359375,1014
1015,50764.801025390625,2532.8811645507812,-118.63354444503784,1609.0841064453125,1015
1016,50821.35925292969,2672.8384017944336,-119.31315660476685,1610.5941162109375,1016
1017,50879.23583984375,2812.441635131836,-119.95871067047119,1612.1058349609375,1017
1018,50938.39416503906,2951.7026901245117,-120.55331468582153,1613.619384765625,1018
1019,50998.76708984375,3090.6373977661133,-121.13046646118164,1615.134765625,1019
1020,51060.28137207031,3229.2625427246094,-121.73728942871094,1616.65185546875,1020
1021,51122.869873046875,3367.6090240478516,-122.40667343139648,1618.1707763671875,1021
1022,51186.474609375,3505.7140350341797,-123.16465377807617,1619.6917724609375,1022
1023,51251.03759765625,3643.6080932617188,-124.02905225753784,1621.2149658203125,1023
1024,51316.46728515625,3781.3209533691406,-125.03299713134766,1622.740234375,1024
1025,51382.67822265625,3918.8804626464844,-126.19595527648926,1624.2674560546875,1025
1026,51449.639892578125,4056.3125610351562,-127.50276327133179,1625.796875,1026
1027,51517.27294921875,4193.651580810547,-128.89021635055542,1627.328369140625,1027
1028,51585.546875,4330.929946899414,-130.27379512786865,1628.8621826171875,1028
1029,51654.376220703125,4468.183517456055,-131.58011436462402,1630.3983154296875,1029
1030,51723.687744140625,4605.451583862305,-132.76015520095825,1631.936767578125,1030
1031,51793.389892578125,4742.771911621094,-133.81789922714233,1633.477294921875,1031
1032,51863.409423828125,4880.184173583984,-134.80836153030396,1635.02001953125,1032
1033,51933.685302734375,5017.721939086914,-135.8026623725891,1636.565185546875,1033
1034,52004.16259765625,5155.403900146484,-136.85024976730347,1638.112548828125,1034
1035,52074.798583984375,5293.248748779297,-137.94054985046387,1639.662109375,1035
1036,52145.623779296875,5431.2591552734375,-138.99117708206177,1641.2139892578125,1036
1037,52216.644287109375,5569.432067871094,-139.91360664367676,1642.7681884765625,1037
1038,52287.872314453125,5707.761764526367,-140.67994356155396,1644.32470703125,1038
1039,52359.320068359375,5846.235656738281,-141.32978916168213,1645.883544921875,1039
1040,52431.005859375,5984.834671020508,-141.94467067718506,1647.444580078125,1040
1041,52502.947998046875,6123.548889160156,-142.6015853881836,1649.0078125,1041
1042,52575.140380859375,6262.390518188477,-143.3556318283081,1650.5733642578125,1042
1043,52647.564697265625,6401.368713378906,-144.2253589630127,1652.1412353515625,1043
1044,52720.220947265625,6540.480041503906,-145.1956033706665,1653.7113037109375,1044
1045,52793.084716796875,6679.725646972656,-146.22386693954468,1655.283447265625,1045
1046,52866.143798828125,6819.108581542969,-147.2386360168457,1656.8577880859375,1046
1047,52939.36767578125,6958.641815185547,-148.18483591079712,1658.4342041015625,1047
1048,53012.7197265625,7098.33984375,-149.05880689620972,1660.0125732421875,1048
1049,53086.1083984375,7238.2293701171875,-149.8987317085266,1661.5928955078125,1049
1050,53159.466552734375,7378.351593017578,-150.74338912963867,1663.1751708984375,1050
1051,53232.635498046875,7518.76220703125,-151.60717964172363,1664.759033203125,1051
1052,53305.3955078125,7659.539031982422,-152.4763822555542,1666.3443603515625,1052
1053,53377.5390625,7800.697326660156,-153.33164930343628,1667.9302978515625,1053
1054,53448.876953125,7942.250823974609,-154.15499210357666,1669.51611328125,1054
1055,53519.2138671875,8084.241485595703,-154.91986274719238,1671.101318359375,1055
1056,53588.385009765625,8226.718139648438,-155.58182001113892,1672.685791015625,1056
1057,53656.292724609375,8369.715118408203,-156.12647533416748,1674.2694091796875,1057
1058,53722.9248046875,8513.235473632812,-156.59435987472534,1675.8524169921875,1058
1059,53788.311767578125,8657.257080078125,-157.0783257484436,1677.4346923828125,1059
1060,53852.471923828125,8801.756286621094,-157.67757892608643,1679.016357421875,1060
1061,53915.374755859375,8946.727752685547,-158.42020511627197,1680.5972900390625,1061
1062,53976.904296875,9092.200469970703,-159.23268795013428,1682.177490234375,1062
1063,54036.944580078125,9238.20571899414,-160.00596284866333,1683.7568359375,1063
1064,54095.452880859375,9384.745788574219,-160.66412925720215,1685.33544921875,1064
1065,54152.471923828125,9531.797790527344,-161.20964288711548,1686.913330078125,1065
1066,54208.087158203125,9679.319763183594,-161.73526048660278,1688.4906005859375,1066
1067,54262.408447265625,9827.252197265625,-162.37101554870605,1690.0672607421875,1067
1068,54315.509033203125,9975.555419921875,-163.2197380065918,1691.643310546875,1068
1069,54367.39501953125,10124.227905273438,-164.2754316329956,1693.21875,1069
1070,54417.926025390625,10273.301696777344,-165.42260646820068,1694.79345703125,1070
1071,54466.986083984375,10422.804260253906,-166.51378870010376,1696.36767578125,1071
1072,54514.5263671875,10572.74169921875,-167.4382448196411,1697.94140625,1072
1073,54560.55908203125,10723.082733154297,-168.1748390197754,1699.5145263671875,1073
1074,54605.13916015625,10873.79150390625,-168.7880277633667,1701.0869140625,1074
1075,54648.297119140625,11024.832153320312,-169.34689283370972,1702.658447265625,1075
1076,54690.020751953125,11176.181030273438,-169.88927125930786,1704.2291259765625,1076
1077,54730.28564453125,11327.81753540039,-170.39893865585327,1705.798828125,1077
1078,54769.05517578125,11479.7119140625,-170.81032991409302,1707.3671875,1078
1079,54806.2255859375,11631.828308105469,-171.05377912521362,1708.9339599609375,1079
1080,54841.778564453125,11784.133911132812,-171.10028266906738,1710.4986572265625,1080
1081,54875.762939453125,11936.5966796875,-170.98273038864136,1712.0614013671875,1081
1082,54908.2275390625,12089.165496826172,-170.80090045928955,1713.6220703125,1082
1083,54939.31884765625,12241.759490966797,-170.70211172103882,1715.1802978515625,1083
1084,54969.12841796875,12394.30923461914,-170.80636024475098,1716.7354736328125,1084
1085,54997.705078125,12546.77963256836,-171.17196321487427,1718.28759765625,1085
1086,55025.006103515625,12699.156951904297,-171.77170515060425,1719.8365478515625,1086
1087,55050.9033203125,12851.432800292969,-172.50996828079224,1721.3819580078125,1087
1088,55075.2685546875,13003.604125976562,-173.26130867004395,1722.9239501953125,1088
1089,55098.0712890625,13155.670166015625,-173.956561088562,1724.4625244140625,1089
1090,55119.37255859375,13307.62939453125,-174.61247444152832,1725.997802734375,1090
1091,55139.276123046875,13459.495544433594,-175.3246784210205,1727.5303955078125,1091
1092,55157.8857421875,13611.299133300781,-176.20829343795776,1729.060546875,1092
1093,55175.262451171875,13763.046264648438,-177.32473611831665,1730.5888671875,1093
1094,55191.3330078125,13914.759826660156,-178.62824201583862,1732.115478515625,1094
1095,55205.96923828125,14066.4794921875,-179.989755153656,1733.640625,1095
1096,55219.05517578125,14218.229675292969,-181.27193450927734,1735.1646728515625,1096
1097,55230.57861328125,14370.024108886719,-182.39227533340454,1736.6878662109375,1097
1098,55240.58837890625,14521.861267089844,-183.36679935455322,1738.21044921875,1098
1099,55249.212646484375,14673.744201660156,-184.29793119430542,1739.732666015625,1099
1100,55256.5673828125,14825.692749023438,-185.32931804656982,1741.2547607421875,1100
1101,55262.79296875,14977.7099609375,-186.57238483428955,1742.777099609375,1101
1102,55267.83447265625,15129.800415039062,-188.01546096801758,1744.2998046875,1102
1103,55271.624755859375,15281.979370117188,-189.5843744277954,1745.822998046875,1103
1104,55274.12109375,15434.255981445312,-191.21229648590088,1747.346923828125,1104
1105,55275.299072265625,15586.6455078125,-192.84876585006714,1748.871826171875,1105
1106,55275.13427734375,15739.109802246094,-194.47373151779175,1750.3974609375,1106
1107,55273.69384765625,15891.621398925781,-196.13919258117676,1751.9237060546875,1107
1108,55270.965576171875,16044.178771972656,-197.8792905807495,1753.450439453125,1108
1109,55266.998291015625,16196.768188476562,-199.73130226135254,1754.9779052734375,1109
1110,55261.785888671875,16349.407958984375,-201.75607204437256,1756.5062255859375,1110
1111,55255.322265625,16502.105712890625,-203.90841960906982,1758.03564453125,1111
1112,55247.607421875,16654.843139648438,-206.1769723892212,1759.5660400390625,1112
1113,55238.623046875,16807.58514404297,-208.5329532623291,1761.09716796875,1113
1114,55228.3203125,16960.29815673828,-210.9555959701538,1762.6287841796875,1114
1115,55216.6748046875,17112.966918945312,-213.43281269073486,1764.1610107421875,1115
1116,55203.582763671875,17265.59295654297,-215.87119102478027,1765.6939697265625,1116
1117,55189.056396484375,17418.153381347656,-218.28150749206543,1767.2275390625,1117
1118,55173.089599609375,17570.66192626953,-220.6455945968628,1768.761962890625,1118
1119,55155.72509765625,17723.095703125,-223.0043888092041,1770.2972412109375,1119
1120,55136.97509765625,17875.440979003906,-225.40960311889648,1771.833251953125,1120
1121,55116.851806640625,18027.688598632812,-227.86595821380615,1773.3699951171875,1121
1122,55095.416259765625,18179.837036132812,-230.39720058441162,1774.9075927734375,1122
1123,55072.625732421875,18331.878662109375,-232.98096656799316,1776.4461669921875,1123
1124,55048.4375,18483.807373046875,-235.59110164642334,1777.985595703125,1124
1125,55022.784423828125,18635.601806640625,-238.16280364990234,1779.526123046875,1125
1126,54995.56884765625,18787.242126464844,-240.625262260437,1781.0677490234375,1126
1127,54966.729736328125,18938.694763183594,-242.87645816802979,1782.6104736328125,1127
1128,54936.36474609375,19089.967346191406,-244.94009017944336,1784.154296875,1128
1129,54904.644775390625,19241.094970703125,-246.94390296936035,1785.699462890625,1129
1130,54871.710205078125,19392.10205078125,-249.05238151550293,1787.2459716796875,1130
1131,54837.63427734375,19542.979431152344,-251.3812780380249,1788.793701171875,1131
1132,54802.34375,19693.70880126953,-253.91921997070312,1790.3428955078125,1132
1133,54765.740966796875,19844.268798828125,-256.5539360046387,1791.8934326171875,1133
1134,54727.667236328125,19994.613647460938,-259.1221809387207,1793.4454345703125,1134
1135,54688.031005859375,20144.692993164062,-261.48836612701416,1794.9986572265625,1135
1136,54646.771240234375,20294.464111328125,-263.56916427612305,1796.55322265625,1136
1137,54603.851318359375,20443.896484375,-265.33544063568115,1798.10888671875,1137
1138,54559.283447265625,20592.98095703125,-266.81714057922363,1799.6658935546875,1138
1139,54513.177490234375,20741.737365722656,-268.1124687194824,1801.22412109375,1139
1140,54465.667724609375,20890.19775390625,-269.3558931350708,1802.78369140625,1140
1141,54416.85791015625,21038.380432128906,-270.66569328308105,1804.3447265625,1141
1142,54366.796875,21186.28692626953,-272.1132755279541,1805.9071044921875,1142
1143,54315.447998046875,21333.895874023438,-273.68361949920654,1807.4708251953125,1143
1144,54262.7197265625,21481.166076660156,-275.2833127975464,1809.0360107421875,1144
1145,54208.526611328125,21628.062438964844,-276.80723667144775,1810.6026611328125,1145
1146,54152.874755859375,21774.578857421875,-278.20756435394287,1812.1708984375,1146
1147,54095.88623046875,21920.765686035156,-279.54773902893066,1813.74072265625,1147
1148,54037.744140625,22066.677856445312,-280.9986352920532,1815.3123779296875,1148
1149,53978.631591796875,22212.362670898438,-282.7562093734741,1816.8856201171875,1149
1150,53918.646240234375,22357.830810546875,-284.9243402481079,1818.4600830078125,1150
1151,53857.733154296875,22503.086853027344,-287.46819496154785,1820.0361328125,1151
1152,53795.7275390625,22648.10791015625,-290.2307987213135,1821.6143798828125,1152
1153,53732.470703125,22792.816162109375,-293.0337429046631,1823.1947021484375,1153
1154,53667.93212890625,22937.15362548828,-295.74286937713623,1824.7767333984375,1154
1155,53602.093505859375,23081.09893798828,-298.3036994934082,1826.360595703125,1155
1156,53534.991455078125,23224.64599609375,-300.73556900024414,1827.9461669921875,1156
1157,53466.650390625,23367.7978515625,-303.0871391296387,1829.5333251953125,1157
1158,53397.0947265625,23510.560607910156,-305.3917169570923,1831.122314453125,1158
1159,53326.324462890625,23652.920532226562,-307.64355659484863,1832.7130126953125,1159
1160,53254.327392578125,23794.874572753906,-309.83338356018066,1834.3056640625,1160
1161,53181.16455078125,23936.441040039062,-311.9835376739502,1835.9000244140625,1161
1162,53106.915283203125,24077.651977539062,-314.1927480697632,1837.496337890625,1162
1163,53031.689453125,24218.52569580078,-316.5931463241577,1839.09423828125,1163
1164,52955.511474609375,24359.0576171875,-319.26655769348145,1840.6937255859375,1164
1165,52878.3447265625,24499.229431152344,-322.205114364624,1842.2947998046875,1165
1166,52800.09765625,24639.00909423828,-325.3188371658325,1843.8978271484375,1166
1167,52720.660400390625,24778.3203125,-328.4804344177246,1845.5025634765625,1167
1168,52639.9658203125,24917.103576660156,-331.5738916397095,1847.10888671875,1168
1169,52557.9833984375,25055.31463623047,-334.5390558242798,1848.7169189453125,1169
1170,52474.725341796875,25192.95196533203,-337.3835802078247,1850.3265380859375,1170
1171,52390.228271484375,25330.023193359375,-340.1671886444092,1851.9376220703125,1171
1172,52304.559326171875,25466.546630859375,-342.9800510406494,1853.55029296875,1172
1173,52217.755126953125,25602.529907226562,-345.8799123764038,1855.16455078125,1173
1174,52129.791259765625,25737.954711914062,-348.8633632659912,1856.7803955078125,1174
1175,52040.63720703125,25872.7783203125,-351.869535446167,1858.3978271484375,1175
1176,51950.2197265625,26006.94580078125,-354.799747467041,1860.0167236328125,1176
1177,51858.502197265625,26140.411376953125,-357.570481300354,1861.636962890625,1177
1178,51765.472412109375,26273.153686523438,-360.14461517333984,1863.2587890625,1178
1179,51671.173095703125,26405.18798828125,-362.55011558532715,1864.882080078125,1179
1180,51575.677490234375,26536.544799804688,-364.87786769866943,1866.5069580078125,1180
1181,51479.058837890625,26667.27294921875,-367.22941398620605,1868.13330078125,1181
1182,51381.396484375,26797.418212890625,-369.6725845336914,1869.7613525390625,1182
1183,51282.745361328125,26927.020263671875,-372.22790718078613,1871.3909912109375,1183
1184,51183.15124511719,27056.121826171875,-374.8677968978882,1873.0223388671875,1184
1185,51082.64465332031,27184.75341796875,-377.5322198867798,1874.655517578125,1185
1186,50981.292724609375,27312.954711914062,-380.14986515045166,1876.2904052734375,1186
1187,50879.21447753906,27440.838623046875,-382.66258239746094,1877.9273681640625,1187
1188,50776.56555175781,27568.5302734375,-385.04600524902344,1879.56640625,1188
1189,50673.53210449219,27696.185302734375,-387.33906745910645,1881.20751953125,1189
1190,50570.34606933594,27823.98681640625,-389.6305561065674,1882.8507080078125,1190
1191,50467.236328125,27952.096557617188,-392.003870010376,1884.495849609375,1191
1192,50364.41345214844,28080.679321289062,-394.4949150085449,1886.1429443359375,1192
1193,50262.09411621094,28209.869384765625,-397.05917835235596,1887.7916259765625,1193
1194,50160.46447753906,28339.80712890625,-399.6047258377075,1889.44189453125,1194
1195,50059.661865234375,28470.584106445312,-402.0625591278076,1891.09375,1195
1196,49959.77478027344,28602.249145507812,-404.40402030944824,1892.7470703125,1196
1197,49860.882568359375,28734.799194335938,-406.6703796386719,1894.4014892578125,1197
1198,49763.031005859375,28868.215942382812,-408.9276313781738,1896.0567626953125,1198
1199,49666.28112792969,29002.474975585938,-411.21654510498047,1897.7122802734375,1199
1200,49570.73974609375,29137.548828125,-413.5197162628174,1899.367431640625,1200
1201,49476.483154296875,29273.428344726562,-415.7972812652588,1901.021728515625,1201
1202,49383.5693359375,29410.110473632812,-418.0006980895996,1902.675048828125,1202
1203,49292.00439453125,29547.5830078125,-420.11847496032715,1904.327392578125,1203
1204,49201.79138183594,29685.800170898438,-422.19223976135254,1905.978515625,1204
1205,49112.9150390625,29824.737548828125,-424.25808906555176,1907.62841796875,1205
1206,49025.40283203125,29964.376831054688,-426.32083892822266,1909.2769775390625,1206
1207,48939.27917480469,30104.7119140625,-428.3583164215088,1910.9241943359375,1207
1208,48854.56237792969,30245.7275390625,-430.33671379089355,1912.56982421875,1208
1209,48771.24328613281,30387.384033203125,-432.2531223297119,1914.2138671875,1209
1210,48689.29748535156,30529.629516601562,-434.148645401001,1915.8560791015625,1210
1211,48608.70056152344,30672.42431640625,-436.0764980316162,1917.4964599609375,1211
1212,48529.46472167969,30815.744018554688,-438.06328773498535,1919.134765625,1212
1213,48451.60827636719,30959.5703125,-440.1019096374512,1920.7708740234375,1213
1214,48375.15869140625,31103.909301757812,-442.15893745422363,1922.4049072265625,1214
1215,48300.128173828125,31248.7548828125,-444.2070007324219,1924.0367431640625,1215
1216,48226.513671875,31394.088745117188,-446.2495803833008,1925.66650390625,1216
1217,48154.31823730469,31539.892578125,-448.3149528503418,1927.294189453125,1217
1218,48083.54797363281,31686.138916015625,-450.4277229309082,1928.9195556640625,1218
1219,48014.208984375,31832.815551757812,-452.5906562805176,1930.5426025390625,1219
1220,47946.32568359375,31979.913330078125,-454.78458404541016,1932.163330078125,1220
1221,47879.913330078125,32127.423095703125,-456.99048042297363,1933.7816162109375,1221
1222,47814.99328613281,32275.323486328125,-459.19857025146484,1935.3974609375,1222
1223,47751.58996582031,32423.580932617188,-461.40198707580566,1937.0106201171875,1223
1224,47689.74914550781,32572.161865234375,-463.58842849731445,1938.62060546875,1224
1225,47629.4921875,32721.044921875,-465.7413959503174,1940.2274169921875,1225
1226,47570.843505859375,32870.21484375,-467.8459167480469,1941.830810546875,1226
1227,47513.848876953125,33019.677734375,-469.8627471923828,1943.4310302734375,1227
1228,47458.57849121094,33169.42443847656,-471.73471450805664,1945.02783203125,1228
1229,47405.03234863281,33319.43359375,-473.4579563140869,1946.6212158203125,1229
1230,47353.155517578125,33469.67468261719,-475.04940032958984,1948.211181640625,1230
1231,47302.81066894531,33620.098876953125,-476.6249179840088,1949.7979736328125,1231
1232,47253.89404296875,33770.66955566406,-478.3207416534424,1951.3817138671875,1232
1233,47206.34460449219,33921.35009765625,-480.2236080169678,1952.9622802734375,1233
1234,47160.137939453125,34072.11608886719,-482.3580265045166,1954.539794921875,1234
1235,47115.27099609375,34222.95837402344,-484.70540046691895,1956.1141357421875,1235
1236,47071.73156738281,34373.87390136719,-487.2477054595947,1957.6854248046875,1236
1237,47029.51965332031,34524.859619140625,-489.98169898986816,1959.2537841796875,1237
1238,46988.63830566406,34675.94299316406,-492.90595054626465,1960.8197021484375,1238
1239,46949.127197265625,34827.13623046875,-495.98631858825684,1962.3831787109375,1239
1240,46911.03210449219,34978.44543457031,-499.16954040527344,1963.9442138671875,1240
1241,46874.35302734375,35129.88586425781,-502.4257183074951,1965.503173828125,1241
1242,46839.02282714844,35281.44226074219,-505.773401260376,1967.0601806640625,1242
1243,46804.949951171875,35433.09020996094,-509.28611755371094,1968.6153564453125,1243
1244,46772.064208984375,35584.79919433594,-513.0541324615479,1970.1685791015625,1244
1245,46740.325927734375,35736.5478515625,-517.1257495880127,1971.7198486328125,1245
1246,46709.79919433594,35888.33923339844,-521.4701652526855,1973.2691650390625,1246
1247,46680.57861328125,36040.179443359375,-525.9934902191162,1974.8165283203125,1247
1248,46652.783203125,36192.07458496094,-530.5732727050781,1976.36181640625,1248
1249,46626.49230957031,36344.00329589844,-535.1135730743408,1977.90478515625,1249
1250,46601.76086425781,36495.93200683594,-539.559268951416,1979.4451904296875,1250
1251,46578.60107421875,36647.8271484375,-543.898868560791,1980.9827880859375,1251
1252,46556.97326660156,36799.66735839844,-548.1873989105225,1982.517578125,1252
1253,46536.75537109375,36951.434326171875,-552.5324821472168,1984.0496826171875,1253
1254,46517.779541015625,37103.118896484375,-557.0728778839111,1985.5794677734375,1254
1255,46499.91455078125,37254.72106933594,-561.9374752044678,1987.107177734375,1255
1256,46483.12072753906,37406.24084472656,-567.1857833862305,1988.633056640625,1256
1257,46467.47741699219,37557.69958496094,-572.7673053741455,1990.1572265625,1257
1258,46453.12194824219,37709.11560058594,-578.5610675811768,1991.6796875,1258
1259,46440.22521972656,37860.53161621094,-584.4082832336426,1993.2008056640625,1259
1260,46428.92761230469,38011.968994140625,-590.1529312133789,1994.720947265625,1260
1261,46419.34509277344,38163.427734375,-595.6751346588135,1996.239990234375,1261
1262,46411.517333984375,38314.90783691406,-600.9110927581787,1997.7581787109375,1262
1263,46405.352783203125,38466.412353515625,-605.9114933013916,1999.275634765625,1263
1264,46400.63171386719,38617.94128417969,-610.8385562896729,2000.7928466796875,1264
1265,46397.113037109375,38769.47937011719,-615.9131526947021,2002.3099365234375,1265
1266,46394.610595703125,38920.99304199219,-621.3393211364746,2003.82666015625,1266
1267,46393.06640625,39072.47009277344,-627.193546295166,2005.343017578125,1267
1268,46392.572021484375,39223.92272949219,-633.4193229675293,2006.8592529296875,1268
1269,46393.316650390625,39375.35705566406,-639.8539066314697,2008.3753662109375,1269
1270,46395.45593261719,39526.75476074219,-646.3188171386719,2009.8912353515625,1270
1271,46399.05700683594,39678.1005859375,-652.7032852172852,2011.4068603515625,1271
1272,46404.11682128906,39829.38537597656,-658.9808940887451,2012.9222412109375,1272
1273,46410.577392578125,39980.59387207031,-665.2178764343262,2014.4373779296875,1273
1274,46418.389892578125,40131.707763671875,-671.5113639831543,2015.9522705078125,1274
1275,46427.51770019531,40282.720947265625,-677.9225826263428,2017.4669189453125,1275
1276,46438.00048828125,40433.624267578125,-684.4346523284912,2018.9813232421875,1276
1277,46449.91760253906,40584.405517578125,-690.9652233123779,2020.49560546875,1277
1278,46463.34533691406,40735.040283203125,-697.42112159729,2022.0096435546875,1278
1279,46478.29284667969,40885.52551269531,-703.7671566009521,2023.5235595703125,1279
1280,46494.69909667969,41035.86120605469,-710.0480079650879,2025.0374755859375,1280
1281,46512.469482421875,41186.065673828125,-716.3609504699707,2026.5517578125,1281
1282,46531.53381347656,41336.126708984375,-722.8073120117188,2028.066162109375,1282
1283,46551.87072753906,41486.03210449219,-729.425859451294,2029.580810546875,1283
1284,46573.553466796875,41635.772705078125,-736.1679077148438,2031.095703125,1284
1285,46596.68273925781,41785.321044921875,-742.931079864502,2032.61083984375,1285
1286,46621.337890625,41934.661865234375,-749.6181011199951,2034.1263427734375,1286
1287,46647.52197265625,42083.7646484375,-756.1905384063721,2035.6419677734375,1287
1288,46675.189208984375,42232.586669921875,-762.6800060272217,2037.1573486328125,1288
1289,46704.25109863281,42381.04553222656,-769.1681861877441,2038.671875,1289
1290,46734.600830078125,42529.02526855469,-775.7546901702881,2040.1842041015625,1290
1291,46766.16516113281,42676.44958496094,-782.4938297271729,2041.6937255859375,1291
1292,46798.98986816406,42823.27575683594,-789.354944229126,2043.2000732421875,1292
1293,46833.172607421875,42969.464111328125,-796.2507724761963,2044.7032470703125,1293
1294,46873.31848144531,43133.03527832031,-803.9203643798828,2046.3895263671875,1294
1295,46915.03601074219,43295.172119140625,-811.3890647888184,2048.065673828125,1295
1296,46957.87658691406,43455.37109375,-818.6052322387695,2049.725830078125,1296
1297,47001.654052734375,43613.44299316406,-825.5741119384766,2051.36767578125,1297
1298,47046.1669921875,43769.38781738281,-832.3385238647461,2052.990966796875,1298
1299,47091.40625,43923.31237792969,-838.9662742614746,2054.596923828125,1299
1300,47137.38098144531,44075.3662109375,-845.5569267272949,2056.18701171875,1300
1301,47183.92028808594,44225.55847167969,-852.1682739257812,2057.760986328125,1301
1302,47230.810546875,44373.834228515625,-858.7883949279785,2059.31787109375,1302
1303,47277.9296875,44520.074462890625,-865.3304100036621,2060.85595703125,1303
1304,47325.20446777344,44664.16015625,-871.6811180114746,2062.3740234375,1304
1305,47378.1005859375,44821.79870605469,-878.4502029418945,2064.038330078125,1305
1306,47431.33850097656,44977.020263671875,-884.9751472473145,2065.680908203125,1306
1307,47484.70458984375,45129.98962402344,-891.4168357849121,2067.302490234375,1307
1308,47537.93640136719,45280.81359863281,-897.9191780090332,2068.903564453125,1308
1309,47590.81115722656,45429.559326171875,-904.4875144958496,2070.48388671875,1309
1310,47643.22814941406,45576.09558105469,-910.9898567199707,2072.041748046875,1310
1311,47695.0927734375,45720.172119140625,-917.2388076782227,2073.574462890625,1311
1312,47746.38977050781,45861.75537109375,-923.1473922729492,2075.081787109375,1312
1313,47802.1484375,46014.80712890625,-929.329776763916,2076.712158203125,1313
1314,47857.16552734375,46165.399169921875,-935.3734016418457,2078.31689453125,1314
1315,47911.376953125,46313.6474609375,-941.4194107055664,2079.896728515625,1315
1316,47964.75830078125,46459.66491699219,-947.4667549133301,2081.452880859375,1316
1317,48017.205810546875,46603.35388183594,-953.40576171875,2082.98388671875,1317
1318,48068.6767578125,46744.77844238281,-959.156322479248,2084.490234375,1318
1319,48123.64501953125,46896.37145996094,-965.2265548706055,2086.104248046875,1319
1320,48177.36511230469,47045.330810546875,-971.1521148681641,2087.689208984375,1320
1321,48229.78820800781,47191.81213378906,-976.972484588623,2089.246337890625,1321
1322,48280.81359863281,47335.760498046875,-982.6329231262207,2090.77490234375,1322
1323,48334.34753417969,47488.934326171875,-988.5134696960449,2092.39892578125,1323
1324,48385.8642578125,47639.39208984375,-994.1315650939941,2093.990478515625,1324
1325,48435.45837402344,47787.14904785156,-999.5793342590332,2095.55029296875,1325
1326,48483.099365234375,47932.4951171875,-1004.9564361572266,2097.0810546875,1326
1327,48528.72619628906,48075.54626464844,-1010.2609634399414,2098.583984375,1327
1328,48575.6103515625,48226.934814453125,-1015.8570289611816,2100.170166015625,1328
1329,48620.05615234375,48375.66833496094,-1021.2736129760742,2101.723876953125,1329
1330,48662.10021972656,48521.76818847656,-1026.5225410461426,2103.245361328125,1330
1331,48704.25720214844,48675.91857910156,-1031.9975852966309,2104.8447265625,1331
1332,48743.1884765625,48828.9794921875,-1037.415885925293,2106.42529296875,1332
1333,48778.64990234375,48981.732177734375,-1042.7916526794434,2107.994873046875,1333
1334,48810.56823730469,49134.0576171875,-1048.0295181274414,2109.552490234375,1334
1335,48839.07470703125,49285.29357910156,-1053.1061172485352,2111.0927734375,1335
1336,48864.263916015625,49435.009765625,-1058.0387115478516,2112.6123046875,1336
1337,48887.35656738281,49592.8955078125,-1063.0694389343262,2114.209228515625,1337
1338,48906.34765625,49749.30725097656,-1067.783260345459,2115.785888671875,1338
1339,48921.15173339844,49904.64782714844,-1072.2110748291016,2117.347412109375,1339
1340,48931.829833984375,50059.02099609375,-1076.457405090332,2118.89599609375,1340
1341,48938.4521484375,50212.31384277344,-1080.6013107299805,2120.431396484375,1341
1342,48941.162109375,50364.46838378906,-1084.779167175293,2121.954345703125,1342
1343,48940.008544921875,50515.4541015625,-1089.0192985534668,2123.46533203125,1343
1344,48934.454345703125,50674.45983886719,-1093.515396118164,2125.0576171875,1344
1345,48924.481201171875,50831.695556640625,-1097.9390144348145,2126.63427734375,1345
1346,48910.11047363281,50986.75231933594,-1102.1803855895996,2128.192626953125,1346
1347,48891.32995605469,51139.49890136719,-1106.160545349121,2129.732666015625,1347
1348,48868.09387207031,51290.142822265625,-1109.898853302002,2131.258056640625,1348
1349,48840.48767089844,51438.6962890625,-1113.4346961975098,2132.77001953125,1349
1350,48806.6162109375,51593.438720703125,-1116.931438446045,2134.35498046875,1350
1351,48768.32580566406,51745.196533203125,-1120.2179908752441,2135.921142578125,1351
1352,48725.89111328125,51893.76220703125,-1123.340129852295,2137.46728515625,1352
1353,48679.425048828125,52038.85498046875,-1126.2566566467285,2138.991943359375,1353
1354,48628.98864746094,52180.322265625,-1128.9361953735352,2140.494873046875,1354
1355,48571.4111328125,52325.89111328125,-1131.5276145935059,2142.061279296875,1355
1356,48509.55810546875,52467.6513671875,-1133.9567184448242,2143.60888671875,1356
1357,48443.81103515625,52605.62744140625,-1136.474895477295,2145.13818359375,1357
1358,48374.14245605469,52739.886474609375,-1139.1621589660645,2146.65185546875,1358
1359,48296.32873535156,52876.983642578125,-1141.965389251709,2148.2294921875,1359
1360,48213.92822265625,53009.490966796875,-1144.6636199951172,2149.791015625,1360
1361,48127.093505859375,53137.17041015625,-1147.236728668213,2151.336181640625,1361
1362,48036.083984375,53259.857177734375,-1149.7589111328125,2152.864990234375,1362
1363,47941.2353515625,53377.655029296875,-1152.3859977722168,2154.378662109375,1363
1364,47837.93640136719,53496.148681640625,-1155.4683685302734,2155.951904296875,1364
1365,47730.46875,53608.978271484375,-1158.5378646850586,2157.511474609375,1365
1366,47617.72766113281,53717.437744140625,-1161.543369293213,2159.0771484375,1366
1367,47504.974365234375,53817.376708984375,-1164.3177032470703,2160.5849609375,1367
1368,47386.94763183594,53913.787841796875,-1166.7478561401367,2162.110107421875,1368
1369,47263.70849609375,54006.732177734375,-1169.009780883789,2163.65478515625,1369
1370,47135.56213378906,54095.599365234375,-1171.113395690918,2165.21533203125,1370
1371,47002.59094238281,54179.620361328125,-1172.7985382080078,2166.789306640625,1371
1372,46871.7041015625,54254.931640625,-1173.9869117736816,2168.300537109375,1372
1373,46736.651611328125,54325.48828125,-1174.7445106506348,2169.825439453125,1373
1374,46597.68981933594,54391.046142578125,-1175.068187713623,2171.363037109375,1374
1375,46454.86145019531,54451.263427734375,-1174.7764587402344,2172.9140625,1375
1376,46308.44421386719,54506.085205078125,-1173.8947868347168,2174.478515625,1376
1377,46158.42590332031,54555.87158203125,-1172.6195335388184,2176.060302734375,1377
1378,46013.00354003906,54598.419189453125,-1171.085548400879,2177.57666015625,1378
1379,45865.045166015625,54636.114501953125,-1169.3304061889648,2179.104736328125,1379
1380,45714.73083496094,54669.012451171875,-1167.4591064453125,2180.64453125,1380
1381,45562.07275390625,54697.13134765625,-1165.5044555664062,2182.19775390625,1381
1382,45407.525634765625,54720.25146484375,-1163.4160041809082,2183.76171875,1382
1383,45251.16882324219,54738.397216796875,-1161.1579895019531,2185.3369140625,1383
1384,45101.46179199219,54750.897216796875,-1158.6553573608398,2186.84033203125,1384
1385,44949.63073730469,54758.843994140625,-1155.6567192077637,2188.362060546875,1385
1386,44795.87097167969,54762.3291015625,-1152.2807121276855,2189.9013671875,1386
1387,44640.64636230469,54761.346435546875,-1148.6599922180176,2191.455078125,1387
1388,44484.12170410156,54755.92041015625,-1144.765567779541,2193.022705078125,1388
1389,44326.06506347656,54746.484375,-1140.607738494873,2194.607421875,1389
1390,44175.506591796875,54734.41162109375,-1136.4989280700684,2196.119140625,1390
1391,44023.223876953125,54719.53125,-1132.2431564331055,2197.650634765625,1391
1392,43869.19250488281,54702.154541015625,-1127.8654098510742,2199.2021484375,1392
1393,43713.385009765625,54682.464599609375,-1123.3489036560059,2200.77392578125,1393
1394,43555.804443359375,54660.699462890625,-1118.6583518981934,2202.3662109375,1394
1395,43406.43615722656,54638.519287109375,-1114.1013145446777,2203.8779296875,1395
1396,43255.48095703125,54614.6728515625,-1109.4073295593262,2205.40771484375,1396
1397,43102.97546386719,54589.07470703125,-1104.5825958251953,2206.95556640625,1397
1398,42948.91357421875,54561.688232421875,-1099.6526718139648,2208.521728515625,1398
1399,42793.304443359375,54532.43408203125,-1094.6112632751465,2210.106689453125,1399
1400,42636.175537109375,54501.318359375,-1089.4882202148438,2211.7099609375,1400
1401,42488.13781738281,54470.697021484375,-1084.7054481506348,2213.22314453125,1401
1402,42338.775634765625,54438.53759765625,-1079.9315452575684,2214.75244140625,1402
1403,42188.11340332031,54404.72412109375,-1075.1826286315918,2216.298095703125,1403
1404,42036.18469238281,54369.07958984375,-1070.4033851623535,2217.860107421875,1404
1405,41883.08410644531,54331.488037109375,-1065.510082244873,2219.43798828125,1405
1406,41728.863525390625,54291.864013671875,-1060.4846954345703,2221.03173828125,1406
1407,41573.52600097656,54250.25634765625,-1055.3565979003906,2222.641357421875,1407
1408,41428.31726074219,54209.954833984375,-1050.5457878112793,2224.14990234375,1408
1409,41282.232666015625,54168.17626953125,-1045.6863403320312,2225.6708984375,1409
1410,41135.784912109375,54125.225830078125,-1040.7469749450684,2227.198486328125,1410
1411,40988.47351074219,54081.060791015625,-1035.5840682983398,2228.73779296875,1411
1412,40840.460205078125,54035.870361328125,-1030.1371574401855,2230.287109375,1412
1413,40691.69616699219,53989.898681640625,-1024.4619369506836,2231.845947265625,1413
1414,40542.12646484375,53943.341064453125,-1018.6749458312988,2233.4140625,1414
1415,40391.66259765625,53896.35009765625,-1012.9114151000977,2234.991943359375,1415
1416,40240.25573730469,53849.078369140625,-1007.209587097168,2236.579833984375,1416
1417,40087.87536621094,53801.641845703125,-1001.5355110168457,2238.177490234375,1417
1418,39934.48181152344,53754.11376953125,-995.8353996276855,2239.78515625,1418
1419,39780.06591796875,53706.512451171875,-990.0896072387695,2241.402587890625,1419
1420,39636.639404296875,53662.493896484375,-984.759521484375,2242.904541015625,1420
1421,39492.36755371094,53618.3837890625,-979.4344902038574,2244.414794921875,1421
1422,39347.222900390625,53574.176025390625,-974.1109848022461,2245.93359375,1422
1423,39201.16271972656,53529.94384765625,-968.761157989502,2247.461181640625,1423
1424,39054.1748046875,53485.791015625,-963.4023666381836,2248.99755859375,1424
1425,38906.24084472656,53441.766357421875,-957.9365730285645,2250.542724609375,1425
1426,38757.35168457031,53397.93701171875,-952.391529083252,2252.096435546875,1426
1427,38607.464599609375,53354.28466796875,-946.6836929321289,2253.6591796875,1427
1428,38456.634521484375,53310.760498046875,-940.6582832336426,2255.230712890625,1428
1429,38304.86145019531,53267.327880859375,-934.2092514038086,2256.811279296875,1429
1430,38152.16064453125,53223.944091796875,-927.3415565490723,2258.40087890625,1430
1431,37998.53820800781,53180.615234375,-920.1391220092773,2259.999267578125,1431
1432,37843.99719238281,53137.451171875,-912.7324104309082,2261.606201171875,1432
1433,37688.47351074219,53094.586181640625,-905.1819801330566,2263.2216796875,1433
1434,37531.9091796875,53052.16064453125,-897.3945617675781,2264.84619140625,1434
1435,37374.30725097656,53010.272216796875,-889.2192840576172,2266.479736328125,1435
1436,37228.948974609375,52972.2900390625,-881.296443939209,2267.98486328125,1436
1437,37082.75146484375,52934.625244140625,-872.9790687561035,2269.49755859375,1437
1438,36935.72082519531,52897.22900390625,-864.3710136413574,2271.017822265625,1438
1439,36787.88146972656,52860.076904296875,-855.5851936340332,2272.54541015625,1439
1440,36639.227294921875,52823.187255859375,-846.6778755187988,2274.080322265625,1440
1441,36489.73083496094,52786.5966796875,-837.5864028930664,2275.622802734375,1441
1442,36339.38293457031,52750.3662109375,-828.2099723815918,2277.1728515625,1442
1443,36188.19580078125,52714.48974609375,-818.4610366821289,2278.73046875,1443
1444,36036.22131347656,52678.89404296875,-808.3626747131348,2280.295166015625,1444
1445,35883.48083496094,52643.4814453125,-798.0224132537842,2281.8671875,1445
1446,35730.00183105469,52608.21533203125,-787.5072002410889,2283.446044921875,1446
1447,35575.78430175781,52573.095703125,-776.8072605133057,2285.031982421875,1447
1448,35420.782470703125,52538.165283203125,-765.880012512207,2286.625244140625,1448
1449,35265.020751953125,52503.45458984375,-754.7098159790039,2288.2255859375,1449
1450,35108.5205078125,52468.988037109375,-743.3602333068848,2289.832763671875,1450
1451,34951.263427734375,52434.783935546875,-731.9525241851807,2291.44677734375,1451
1452,34793.23425292969,52400.830078125,-720.5380916595459,2293.06787109375,1452
1453,34634.51843261719,52367.1142578125,-709.0982437133789,2294.695068359375,1453
1454,34475.506591796875,52333.7158203125,-697.6236343383789,2296.32470703125,1454
1455,34315.91796875,52300.54931640625,-686.0581874847412,2297.95947265625,1455
1456,34155.792236328125,52267.6025390625,-674.4058609008789,2299.59912109375,1456
1457,33995.14465332031,52234.832763671875,-662.6891613006592,2301.24365234375,1457
1458,33833.98132324219,52202.20947265625,-650.9393215179443,2302.892822265625,1458
1459,33672.30529785156,52169.671630859375,-639.2524242401123,2304.546875,1459
1460,33524.884033203125,52140.130615234375,-628.8187026977539,2306.0546875,1460
1461,33377.069091796875,52110.577392578125,-618.6692237854004,2307.566162109375,1461
1462,33228.83605957031,52080.975341796875,-608.8570594787598,2309.08154296875,1462
1463,33080.126953125,52051.35498046875,-599.3568420410156,2310.6015625,1463
1464,32930.96618652344,52021.69189453125,-590.1216983795166,2312.1259765625,1464
1465,32781.378173828125,51992.071533203125,-581.0822486877441,2313.654296875,1465
1466,32631.369018554688,51962.5,-572.1957206726074,2315.1865234375,1466
1467,32480.89599609375,51933.02001953125,-563.3681774139404,2316.72314453125,1467
1468,32329.9560546875,51903.668212890625,-554.4788360595703,2318.26416015625,1468
1469,32178.558349609375,51874.4873046875,-545.4410076141357,2319.809326171875,1469
1470,32026.699829101562,51845.49560546875,-536.2581253051758,2321.358642578125,1470
1471,31874.371337890625,51816.717529296875,-527.0318508148193,2322.912353515625,1471
1472,31721.58203125,51788.177490234375,-517.8947448730469,2324.47021484375,1472
1473,31568.313598632812,51759.9365234375,-508.8961601257324,2326.031982421875,1473
1474,31414.535522460938,51732.061767578125,-499.9682903289795,2327.59814453125,1474
1475,31260.226440429688,51704.608154296875,-491.0153388977051,2329.168701171875,1475
1476,31105.404663085938,51677.606201171875,-481.9793224334717,2330.74365234375,1476
1477,30950.094604492188,51651.06201171875,-472.8888988494873,2332.322509765625,1477
1478,30794.287109375,51624.957275390625,-463.77315521240234,2333.905517578125,1478
1479,30637.933349609375,51599.30419921875,-454.6278953552246,2335.493408203125,1479
1480,30481.015014648438,51574.12109375,-445.44315338134766,2337.086181640625,1480
1481,30323.538208007812,51549.383544921875,-436.2448215484619,2338.68359375,1481
1482,30165.533447265625,51525.09765625,-427.07505226135254,2340.28564453125,1482
1483,30006.997680664062,51501.251220703125,-417.9548740386963,2341.89208984375,1483
1484,29847.891235351562,51477.899169921875,-408.81619453430176,2343.50341796875,1484
1485,29688.217163085938,51455.059814453125,-399.58441257476807,2345.119873046875,1485
1486,29527.993774414062,51432.666015625,-390.28780460357666,2346.740966796875,1486
1487,29367.245483398438,51410.64453125,-381.0781955718994,2348.36669921875,1487
1488,29206.021118164062,51388.946533203125,-372.1101999282837,2349.99658203125,1488
1489,29044.293212890625,51367.584228515625,-363.4040355682373,2351.630859375,1489
1490,28881.97021484375,51346.61865234375,-354.8590898513794,2353.2705078125,1490
1491,28719.076538085938,51326.092529296875,-346.3603973388672,2354.915283203125,1491
1492,28555.6640625,51305.999755859375,-337.8934621810913,2356.564453125,1492
1493,28391.766357421875,51286.31591796875,-329.50708866119385,2358.218017578125,1493
1494,28227.35595703125,51267.02880859375,-321.27883434295654,2359.876220703125,1494
1495,28062.371826171875,51248.162841796875,-313.2302522659302,2361.539306640625,1495
1496,27896.8505859375,51229.718017578125,-305.36251068115234,2363.207275390625,1496
1497,27747.445678710938,51213.519287109375,-298.4192132949829,2364.71240234375,1497
1498,27597.622680664062,51197.686767578125,-291.6034698486328,2366.22119140625,1498
1499,27447.366333007812,51182.24792480469,-284.8909854888916,2367.733642578125,1499
1500,27296.6796875,51167.22106933594,-278.26976776123047,2369.25,1500
1501,27145.559692382812,51152.606201171875,-271.7341423034668,2370.770263671875,1501
1502,26994.009399414062,51138.40026855469,-265.2895450592041,2372.29443359375,1502
1503,26842.041015625,51124.603271484375,-258.94010066986084,2373.822265625,1503
1504,26689.66064453125,51111.212158203125,-252.69358158111572,2375.353759765625,1504
1505,26536.865234375,51098.22998046875,-246.55466079711914,2376.888916015625,1505
1506,26383.642578125,51085.66589355469,-240.5195951461792,2378.427978515625,1506
1507,26230.007934570312,51073.51379394531,-234.6001386642456,2379.970703125,1507
1508,26075.967407226562,51061.767578125,-228.82330417633057,2381.517333984375,1508
1509,25921.527099609375,51050.421142578125,-223.2334852218628,2383.0673828125,1509
1510,25766.690063476562,51039.459228515625,-217.88592338562012,2384.62109375,1510
1511,25611.453247070312,51028.89099121094,-212.79926300048828,2386.178466796875,1511
1512,25455.825805664062,51018.74694824219,-207.9441785812378,2387.7392578125,1512
1513,25299.79705810547,51009.07897949219,-203.27322483062744,2389.3037109375,1513
1514,25143.365478515625,50999.9267578125,-198.71290922164917,2390.871826171875,1514
1515,24986.544799804688,50991.3330078125,-194.18925046920776,2392.443603515625,1515
1516,24829.344177246094,50983.319091796875,-189.66221809387207,2394.018798828125,1516
1517,24671.75750732422,50975.88806152344,-185.10671854019165,2395.59765625,1517
1518,24513.795471191406,50969.0673828125,-180.48702478408813,2397.179931640625,1518
1519,24355.459594726562,50962.847900390625,-175.8130431175232,2398.765625,1519
1520,24196.74835205078,50957.21130371094,-171.1366891860962,2400.35498046875,1520
1521,24037.673950195312,50952.15759277344,-166.50385856628418,2401.94775390625,1521
1522,23878.257751464844,50947.68371582031,-161.96755170822144,2403.543701171875,1522
1523,23718.48907470703,50943.79577636719,-157.55237340927124,2405.14306640625,1523
1524,23558.360290527344,50940.53955078125,-153.22633981704712,2406.745849609375,1524
1525,23397.877502441406,50937.93029785156,-148.97351264953613,2408.35205078125,1525
1526,23237.049865722656,50935.955810546875,-144.81208324432373,2409.96142578125,1526
1527,23076.046752929688,50934.56115722656,-140.79309701919556,2411.572509765625,1527
1528,22914.93682861328,50933.70056152344,-136.95051670074463,2413.1845703125,1528
1529,22753.575134277344,50933.343505859375,-133.28908681869507,2414.799072265625,1529
1530,22591.944885253906,50933.48083496094,-129.7585368156433,2416.416259765625,1530
1531,22430.043029785156,50934.112548828125,-126.2447714805603,2418.0361328125,1531
1532,22267.868041992188,50935.22644042969,-122.64697551727295,2419.658935546875,1532
1533,22105.40771484375,50936.767578125,-118.95675659179688,2421.28466796875,1533
1534,21942.660522460938,50938.65661621094,-115.26761054992676,2422.9130859375,1534
1535,21779.64324951172,50940.826416015625,-111.74947023391724,2424.544189453125,1535
1536,21616.357421875,50943.22204589844,-108.54102373123169,2426.177978515625,1536
1537,21452.777099609375,50945.85876464844,-105.63912391662598,2427.814697265625,1537
1538,21288.893127441406,50948.74267578125,-102.94021368026733,2429.45458984375,1538
1539,21124.71160888672,50951.873779296875,-100.3143310546875,2431.097412109375,1539
1540,20960.243225097656,50955.27038574219,-97.6408302783966,2432.7431640625,1540
1541,20795.494079589844,50958.94470214844,-94.84204649925232,2434.391845703125,1541
1542,20630.459594726562,50962.92419433594,-91.93211793899536,2436.04345703125,1542
1543,20465.13214111328,50967.2119140625,-89.02385234832764,2437.6982421875,1543
1544,20299.513244628906,50971.771240234375,-86.35808229446411,2439.355712890625,1544
1545,20133.636474609375,50976.57775878906,-84.14364457130432,2441.015869140625,1545
1546,19967.543029785156,50981.658935546875,-82.42449164390564,2442.67822265625,1546
1547,19801.14288330078,50987.10632324219,-81.00858926773071,2444.34375,1547
1548,19634.413146972656,50993.048095703125,-79.64053750038147,2446.0126953125,1548
1549,19467.39501953125,50999.530029296875,-78.15549373626709,2447.684814453125,1549
1550,19300.09765625,51006.54602050781,-76.57375931739807,2449.35986328125,1550
1551,19132.542419433594,51014.05334472656,-75.11041760444641,2451.03759765625,1551
1552,18964.739990234375,51021.96960449219,-74.06477928161621,2452.718017578125,1552
1553,18796.705627441406,51030.23681640625,-73.63869547843933,2454.40087890625,1553
1554,18628.428649902344,51038.91906738281,-73.80158305168152,2456.08642578125,1554
1555,18478.587341308594,51047.12219238281,-74.23443794250488,2457.587646484375,1555
1556,18328.518676757812,51055.92041015625,-74.68975782394409,2459.091552734375,1556
1557,18178.256225585938,51065.36865234375,-74.98466968536377,2460.597900390625,1557
1558,18027.798461914062,51075.439453125,-75.09018182754517,2462.1064453125,1558
1559,17877.139282226562,51086.065673828125,-75.14868974685669,2463.617431640625,1559
1560,17726.300048828125,51097.14660644531,-75.3887414932251,2465.130615234375,1560
1561,17575.308227539062,51108.6181640625,-75.99213123321533,2466.6455078125,1561
1562,17424.172973632812,51120.489501953125,-76.965993642807,2468.162109375,1562
1563,17272.811889648438,51132.87353515625,-78.14177870750427,2469.681396484375,1563
1564,17121.238708496094,51145.91979980469,-79.27731275558472,2471.203369140625,1564
1565,16969.485473632812,51159.64050292969,-80.18190264701843,2472.727783203125,1565
1566,16817.54608154297,51173.95324707031,-80.79916834831238,2474.25439453125,1566
1567,16665.42205810547,51188.76953125,-81.22186064720154,2475.783447265625,1567
1568,16513.1103515625,51203.973388671875,-81.63704872131348,2477.314697265625,1568
1569,16360.609436035156,51219.47021484375,-82.23766684532166,2478.848388671875,1569
1570,16207.919311523438,51235.21728515625,-83.13267827033997,2480.38427734375,1570
1571,16055.020141601562,51251.1962890625,-84.29511785507202,2481.92236328125,1571
1572,15901.901245117188,51267.41943359375,-85.60580611228943,2483.462890625,1572
1573,15748.568725585938,51283.88671875,-86.91685795783997,2485.005859375,1573
1574,15595.028686523438,51300.57373046875,-88.14868927001953,2486.551025390625,1574
1575,15441.275024414062,51317.44384765625,-89.31138515472412,2488.0986328125,1575
1576,15287.310791015625,51334.46044921875,-90.46887755393982,2489.6484375,1576
1577,15133.137512207031,51351.605224609375,-91.6581392288208,2491.200439453125,1577
1578,14978.750610351562,51368.85986328125,-92.87431836128235,2492.754638671875,1578
1579,14824.13330078125,51386.212158203125,-94.0955102443695,2494.311279296875,1579
1580,14669.281005859375,51403.643798828125,-95.32919526100159,2495.870361328125,1580
1581,14514.207458496094,51421.124267578125,-96.61651849746704,2497.431640625,1581
1582,14358.92333984375,51438.63525390625,-97.99392819404602,2498.9951171875,1582
1583,14203.424072265625,51456.16455078125,-99.42358136177063,2500.560791015625,1583
1584,14047.686767578125,51473.687744140625,-100.78918933868408,2502.128662109375,1584
1585,13891.706848144531,51491.168212890625,-101.99227333068848,2503.698974609375,1585
1586,13735.481262207031,51508.648681640625,-103.04428339004517,2505.271728515625,1586
1587,13579.01611328125,51526.129150390625,-104.0840744972229,2506.846923828125,1587
1588,13422.3388671875,51543.560791015625,-105.32447099685669,2508.424072265625,1588
1589,13265.481567382812,51560.97412109375,-106.94289207458496,2510.003173828125,1589
1590,13108.427429199219,51578.35693359375,-108.97420644760132,2511.584228515625,1590
1591,12951.107788085938,51595.703125,-111.30372285842896,2513.167724609375,1591
1592,12793.527221679688,51612.994384765625,-113.72905969619751,2514.75390625,1592
1593,12635.700225830078,51630.224609375,-116.05243682861328,2516.342529296875,1593
1594,12477.632904052734,51647.406005859375,-118.14171075820923,2517.933349609375,1594
1595,12319.328308105469,51664.532470703125,-119.95483636856079,2519.526611328125,1595
1596,12160.789489746094,51681.610107421875,-121.52426242828369,2521.121826171875,1596
1597,12002.019500732422,51698.638916015625,-122.89484739303589,2522.719482421875,1597
1598,11843.016052246094,51715.625,-124.11227226257324,2524.3193359375,1598
1599,11683.782958984375,51732.568359375,-125.2264142036438,2525.92138671875,1599
1600,11524.327087402344,51749.47509765625,-126.29808187484741,2527.52587890625,1600
1601,11364.684295654297,51766.339111328125,-127.392578125,2529.1318359375,1601
1602,11204.966735839844,51783.148193359375,-128.55441570281982,2530.73876953125,1602
1603,11045.616149902344,51799.81689453125,-129.784095287323,2532.341796875,1603
1604,10887.10708618164,51816.27197265625,-131.02819919586182,2533.936279296875,1604
1605,10729.757690429688,51832.440185546875,-132.20736980438232,2535.51904296875,1605
1606,10573.851776123047,51848.22998046875,-133.2553505897522,2537.0869140625,1606
1607,10419.499969482422,51863.543701171875,-134.17168855667114,2538.638916015625,1607
1608,10266.66488647461,51878.314208984375,-135.0119113922119,2540.17529296875,1608
1609,10115.253448486328,51892.48046875,-135.86276769638062,2541.69677734375,1609
1610,9965.188598632812,51906.048583984375,-136.8138074874878,2543.204345703125,1610
1611,9797.952270507812,51920.52001953125,-138.0101442337036,2544.8837890625,1611
1612,9632.498168945312,51934.06982421875,-139.23331499099731,2546.544677734375,1612
1613,9468.941497802734,51946.4599609375,-140.2943253517151,2548.185791015625,1613
1614,9307.0556640625,51957.43408203125,-141.0359263420105,2549.80908203125,1614
1615,9146.393585205078,51966.80908203125,-141.41137599945068,2551.419189453125,1615
1616,8986.763763427734,51974.578857421875,-141.53575897216797,2553.01806640625,1616
1617,8828.079986572266,51980.908203125,-141.62940979003906,2554.60693359375,1617
1618,8670.330047607422,51985.85205078125,-141.84728860855103,2556.18603515625,1618
1619,8513.530731201172,51989.324951171875,-142.1818494796753,2557.755126953125,1619
1620,8357.596588134766,51991.10107421875,-142.50651597976685,2559.315185546875,1620
1621,8202.339935302734,51991.015625,-142.68872737884521,2560.86865234375,1621
1622,8047.591400146484,51989.056396484375,-142.69378185272217,2562.4169921875,1622
1623,7893.327331542969,51985.33935546875,-142.63155460357666,2563.960693359375,1623
1624,7739.633941650391,51979.99267578125,-142.64838695526123,2565.499267578125,1624
1625,7586.501312255859,51973.0712890625,-142.8321123123169,2567.032958984375,1625
1626,7433.918762207031,51964.53857421875,-143.1680679321289,2568.56201171875,1626
1627,7281.84814453125,51954.296875,-143.5463309288025,2570.0869140625,1627
1628,7130.239105224609,51942.2119140625,-143.84183883666992,2571.608642578125,1628
1629,6979.103088378906,51928.204345703125,-143.96971464157104,2573.127197265625,1629
1630,6828.453063964844,51912.255859375,-143.90552043914795,2574.64306640625,1630
1631,6678.241729736328,51894.427490234375,-143.68815422058105,2576.156494140625,1631
1632,6528.437805175781,51874.8291015625,-143.3925747871399,2577.668212890625,1632
1633,6379.039764404297,51853.5400390625,-143.08148622512817,2579.177978515625,1633
1634,6230.066299438477,51830.596923828125,-142.7698254585266,2580.68603515625,1634
1635,6081.542587280273,51805.987548828125,-142.41868257522583,2582.1923828125,1635
1636,5933.517074584961,51779.60205078125,-141.9232726097107,2583.69677734375,1636
1637,5786.077880859375,51751.312255859375,-141.12975597381592,2585.19873046875,1637
1638,5623.080062866211,51717.498779296875,-139.67984914779663,2586.8642578125,1638
1639,5461.085510253906,51681.09130859375,-137.51442432403564,2588.525390625,1639
1640,5300.228118896484,51642.254638671875,-134.69287157058716,2590.18115234375,1640
1641,5140.507507324219,51601.190185546875,-131.43784999847412,2591.831298828125,1641
1642,4981.863784790039,51558.1787109375,-128.08005809783936,2593.47607421875,1642
1643,4824.24430847168,51513.385009765625,-124.84304904937744,2595.11572265625,1643
1644,4667.655563354492,51466.83349609375,-121.75835371017456,2596.750244140625,1644
1645,4512.129974365234,51418.408203125,-118.73087882995605,2598.380126953125,1645
1646,4357.666778564453,51367.95654296875,-115.61410427093506,2600.006103515625,1646
1647,4204.277801513672,51315.34423828125,-112.27190494537354,2601.628662109375,1647
1648,4051.9725799560547,51260.479736328125,-108.62314701080322,2603.24853515625,1648
1649,3900.779342651367,51203.3203125,-104.59957122802734,2604.865966796875,1649
1650,3750.695037841797,51143.88122558594,-100.17467737197876,2606.4814453125,1650
1651,3601.6597747802734,51082.33337402344,-95.45680284500122,2608.094970703125,1651
1652,3453.6766052246094,51018.69812011719,-90.46743512153625,2609.70703125,1652
1653,3306.8004608154297,50952.9052734375,-85.0933313369751,2611.31787109375,1653
1654,3161.1520767211914,50884.83581542969,-79.09966111183167,2612.927001953125,1654
1655,3016.694450378418,50814.508056640625,-72.46267795562744,2614.535400390625,1655
1656,2873.282241821289,50742.193603515625,-65.38424491882324,2616.1435546875,1656
1657,2730.725860595703,50668.21594238281,-58.25944542884827,2617.751708984375,1657
1658,2588.947105407715,50592.84362792969,-51.41444206237793,2619.359375,1658
1659,2447.991371154785,50516.082763671875,-44.846394658088684,2620.966064453125,1659
1660,2308.0154418945312,50437.579345703125,-38.25421333312988,2622.57275390625,1660
1661,2169.21443939209,50357.01599121094,-31.257161498069763,2624.179443359375,1661
1662,2031.704330444336,50274.249267578125,-23.637597262859344,2625.78662109375,1662
1663,1895.577049255371,50189.2578125,-15.365305542945862,2627.39404296875,1663
1664,1760.9434127807617,50102.01416015625,-6.478350609540939,2629.001220703125,1664
1665,1627.7591705322266,50012.57019042969,2.9709111899137497,2630.608642578125,1665
1666,1495.808982849121,49921.185302734375,12.803852558135986,2632.217041015625,1666
1667,1364.8635864257812,49828.173828125,22.724080085754395,2633.82666015625,1667
1668,1234.7124099731445,49733.837890625,32.378360629081726,2635.437255859375,1668
1669,1105.0905227661133,49638.46435546875,41.44786298274994,2637.04931640625,1669
1670,975.9400367736816,49542.16613769531,49.830928444862366,2638.662841796875,1670
1671,847.4068641662598,49444.89440917969,57.59619474411011,2640.27685546875,1671
1672,719.5713520050049,49346.32873535156,64.99371528625488,2641.89306640625,1672
1673,592.642879486084,49246.19445800781,72.32418656349182,2643.51171875,1673
1674,466.88008308410645,49144.37255859375,79.81655597686768,2645.1318359375,1674
1675,342.3638343811035,49040.82336425781,87.54863142967224,2646.75341796875,1675
1676,218.96910667419434,48935.62927246094,95.40494680404663,2648.376953125,1676
1677,96.47989869117737,48829.02526855469,103.12790870666504,2650.0029296875,1677
1678,-25.277721881866455,48721.29821777344,110.40655374526978,2651.630615234375,1678
1679,-146.25060558319092,48612.51525878906,117.15474128723145,2653.25927734375,1679
1680,-266.3357734680176,48502.39562988281,123.59527349472046,2654.89013671875,1680
1681,-385.3301525115967,48390.63415527344,130.02402782440186,2656.524169921875,1681
1682,-503.06615829467773,48277.20642089844,136.6128921508789,2658.16064453125,1682
1683,-619.4873332977295,48162.158203125,143.35540533065796,2659.799072265625,1683
1684,-734.5701694488525,48045.54138183594,150.17356872558594,2661.439208984375,1684
1685,-848.3351707458496,47927.37121582031,157.01591968536377,2663.081298828125,1685
1686,-960.8284950256348,47807.635498046875,163.8734221458435,2664.725830078125,1686
1687,-1072.0842361450195,47686.40441894531,170.7439422607422,2666.372802734375,1687
1688,-1182.033920288086,47563.72985839844,177.6334047317505,2668.021728515625,1688
1689,-1290.6241416931152,47439.642333984375,184.5494031906128,2669.67236328125,1689
1690,-1397.887897491455,47314.111328125,191.51116609573364,2671.3251953125,1690
1691,-1503.8276672363281,47187.26806640625,198.48848581314087,2672.9794921875,1691
1692,-1608.377456665039,47059.45129394531,205.3900957107544,2674.63232421875,1692
1693,-1711.4021301269531,46931.13098144531,212.1431589126587,2676.279541015625,1693
1694,-1812.7004623413086,46802.96936035156,218.744158744812,2677.91455078125,1694
1695,-1911.9779586791992,46675.74462890625,225.28417110443115,2679.52978515625,1695
1696,-2009.1730117797852,46549.89318847656,231.92358016967773,2681.12158203125,1696
1697,-2104.448127746582,46425.51574707031,238.6770248413086,2682.68994140625,1697
1698,-2198.1063842773438,46302.587890625,245.4961061477661,2684.237060546875,1698
1699,-2290.4497146606445,46181.21337890625,252.22244262695312,2685.763671875,1699
1700,-2381.64005279541,46061.5234375,258.7235927581787,2687.27001953125,1700
1701,-2480.82218170166,45931.85729980469,265.622878074646,2688.904052734375,1701
1702,-2578.7805557250977,45804.449462890625,272.3558187484741,2690.5126953125,1702
1703,-2675.607109069824,45679.461669921875,278.9958953857422,2692.09521484375,1703
1704,-2771.868324279785,45556.781005859375,285.53712368011475,2693.656005859375,1704
1705,-2868.101692199707,45436.02600097656,291.8828248977661,2695.20166015625,1705
1706,-2964.667320251465,45316.91589355469,297.9461431503296,2696.736328125,1706
1707,-3061.8175506591797,45199.34997558594,303.78408432006836,2698.2626953125,1707
1708,-3159.756851196289,45083.24279785156,309.54596996307373,2699.782958984375,1708
1709,-3258.4915161132812,44968.59130859375,315.3299808502197,2701.29736328125,1709
1710,-3357.916259765625,44855.35888671875,321.12085819244385,2702.805419921875,1710
1711,-3466.89453125,44733.5205078125,327.3026943206787,2704.44140625,1711
1712,-3576.258087158203,44613.43078613281,333.1773042678833,2706.06689453125,1712
1713,-3686.0061645507812,44495.07141113281,338.6880874633789,2707.68212890625,1713
1714,-3796.256637573242,44378.521728515625,343.93670558929443,2709.28759765625,1714
1715,-3907.1388244628906,44263.98010253906,349.10500049591064,2710.8828125,1715
1716,-4018.7328338623047,44151.66015625,354.36646938323975,2712.46728515625,1716
1717,-4131.131744384766,44041.68701171875,359.80560779571533,2714.041015625,1717
1718,-4244.356536865234,43934.06066894531,365.38188457489014,2715.6044921875,1718
1719,-4358.419036865234,43828.607177734375,370.9463119506836,2717.1591796875,1719
1720,-4473.249053955078,43725.17395019531,376.2981653213501,2718.705810546875,1720
1721,-4588.710403442383,43623.78234863281,381.35011196136475,2720.243408203125,1721
1722,-4704.819488525391,43524.639892578125,386.1800193786621,2721.771240234375,1722
1723,-4821.667098999023,43427.99377441406,390.9263610839844,2723.28857421875,1723
1724,-4939.305877685547,43333.95080566406,395.6894874572754,2724.795654296875,1724
1725,-5067.5628662109375,43235.04638671875,400.87952613830566,2726.416259765625,1725
1726,-5196.555709838867,43139.24560546875,406.0399532318115,2728.024169921875,1726
1727,-5326.303863525391,43046.630859375,411.18245124816895,2729.619384765625,1727
1728,-5456.889343261719,42957.47375488281,416.51649475097656,2731.20166015625,1728
1729,-5588.521957397461,42872.00927734375,422.324800491333,2732.7724609375,1729
1730,-5721.554946899414,42790.17333984375,428.74603271484375,2734.3359375,1730
1731,-5856.066131591797,42711.56921386719,435.5938911437988,2735.895751953125,1731
1732,-5992.081451416016,42635.49499511719,442.4960136413574,2737.4560546875,1732
1733,-6129.45556640625,42561.3525390625,449.08556938171387,2739.018798828125,1733
1734,-6268.03092956543,42488.82751464844,455.1365375518799,2740.584228515625,1734
1735,-6407.92236328125,42417.78564453125,460.62841415405273,2742.154541015625,1735
1736,-6549.275207519531,42348.388671875,465.7221794128418,2743.73046875,1736
1737,-6692.088317871094,42280.99670410156,470.5989360809326,2745.310791015625,1737
1738,-6836.3128662109375,42216.015625,475.41494369506836,2746.893798828125,1738
1739,-6982.1990966796875,42153.546142578125,480.333948135376,2748.48193359375,1739
1740,-7129.8248291015625,42093.73779296875,485.4619026184082,2750.075927734375,1740
1741,-7279.0740966796875,42036.63024902344,490.76905250549316,2751.675048828125,1741
1742,-7429.8095703125,41982.183837890625,496.173620223999,2753.279052734375,1742
1743,-7581.977844238281,41930.33142089844,501.60298347473145,2754.887939453125,1743
1744,-7735.6048583984375,41881.09436035156,507.0767402648926,2756.50244140625,1744
1745,-7890.671539306641,41834.63134765625,512.6884937286377,2758.12255859375,1745
1746,-8047.086334228516,41791.2353515625,518.6314105987549,2759.747314453125,1746
1747,-8192.510223388672,41754.05578613281,524.463701248169,2761.249755859375,1747
1748,-8338.951873779297,41719.50988769531,530.5368423461914,2762.755859375,1748
1749,-8486.505889892578,41687.26501464844,536.6507053375244,2764.267822265625,1749
1750,-8635.083770751953,41657.00988769531,542.5439834594727,2765.78564453125,1750
1751,-8784.355926513672,41628.52783203125,547.9543209075928,2767.306640625,1751
1752,-8934.089660644531,41601.79748535156,552.7745723724365,2768.828857421875,1752
1753,-9084.442138671875,41577.12707519531,557.2365760803223,2770.353515625,1753
1754,-9235.540771484375,41555.03234863281,561.735200881958,2771.881591796875,1754
1755,-9387.52670288086,41535.58654785156,566.4423942565918,2773.414794921875,1755
1756,-9540.373229980469,41518.68896484375,571.2569236755371,2774.95361328125,1756
1757,-9693.940734863281,41504.144287109375,575.9628772735596,2776.497314453125,1757
1758,-9848.04458618164,41491.851806640625,580.426836013794,2778.044189453125,1758
1759,-10002.685546875,41481.927490234375,584.7426414489746,2779.5947265625,1759
1760,-10157.987213134766,41474.639892578125,589.1536712646484,2781.150390625,1760
1761,-10313.965606689453,41470.25146484375,593.8782691955566,2782.7119140625,1761
1762,-10470.602416992188,41468.890380859375,599.0320205688477,2784.279541015625,1762
1763,-10627.860260009766,41470.623779296875,604.6483993530273,2785.853515625,1763
1764,-10785.65902709961,41475.421142578125,610.7229232788086,2787.433837890625,1764
1765,-10943.95980834961,41483.15734863281,617.1766757965088,2789.0205078125,1765
1766,-11102.765655517578,41493.7255859375,623.9366054534912,2790.61376953125,1766
1767,-11262.071228027344,41506.93664550781,630.905818939209,2792.214111328125,1767
1768,-11421.895599365234,41522.491455078125,637.9208564758301,2793.82177734375,1768
1769,-11582.244110107422,41540.09704589844,644.7965621948242,2795.436767578125,1769
1770,-11743.077087402344,41559.613037109375,651.4863967895508,2797.05859375,1770
1771,-11904.434967041016,41581.02111816406,658.0783843994141,2798.68798828125,1771
1772,-12066.374969482422,41604.412841796875,664.7607326507568,2800.325927734375,1772
1773,-12215.277099609375,41627.59094238281,671.0532188415527,2801.83447265625,1773
1774,-12364.60189819336,41652.27355957031,677.4438858032227,2803.349609375,1774
1775,-12514.36767578125,41678.28369140625,683.7733268737793,2804.871337890625,1775
1776,-12664.610290527344,41705.53894042969,689.9283409118652,2806.39990234375,1776
1777,-12815.341186523438,41734.09118652344,695.9148406982422,2807.935546875,1777
1778,-12966.531372070312,41764.0380859375,701.8475532531738,2809.478271484375,1778
1779,-13118.12744140625,41795.47119140625,707.8419208526611,2811.028076171875,1779
1780,-13270.111083984375,41828.40576171875,713.9227390289307,2812.584716796875,1780
1781,-13422.465515136719,41862.81433105469,720.0270652770996,2814.148193359375,1781
1782,-13575.172424316406,41898.6572265625,726.086950302124,2815.71826171875,1782
1783,-13728.204345703125,41935.97106933594,732.1178436279297,2817.294921875,1783
1784,-13881.558227539062,41974.810791015625,738.1933212280273,2818.87841796875,1784
1785,-14035.226440429688,42015.21301269531,744.371747970581,2820.46875,1785
1786,-14189.178466796875,42057.13806152344,750.6365299224854,2822.06591796875,1786
1787,-14343.400573730469,42100.4638671875,756.8665981292725,2823.66943359375,1787
1788,-14497.904968261719,42145.13244628906,762.9496574401855,2825.279296875,1788
1789,-14652.687072753906,42191.16516113281,768.8804149627686,2826.8955078125,1789
1790,-14807.72705078125,42238.63220214844,774.7245788574219,2828.518310546875,1790
1791,-14962.985229492188,42287.603759765625,780.5710792541504,2830.147705078125,1791
1792,-15118.434143066406,42338.04626464844,786.4535808563232,2831.783203125,1792
1793,-15274.085998535156,42389.874267578125,792.3846244812012,2833.425048828125,1793
1794,-15429.975891113281,42442.99621582031,798.3814716339111,2835.0732421875,1794
1795,-15571.934509277344,42492.327880859375,803.9170265197754,2836.577392578125,1795
1796,-15714.002990722656,42542.5048828125,809.5494270324707,2838.08544921875,1796
1797,-15856.0791015625,42593.3349609375,815.2878761291504,2839.595703125,1797
1798,-15998.397827148438,42644.77844238281,821.1323738098145,2841.1103515625,1798
1799,-16140.974426269531,42696.74987792969,827.0488739013672,2842.62939453125,1799
1800,-16283.848571777344,42749.14245605469,832.963752746582,2844.152587890625,1800
1801,-16427.04315185547,42801.861572265625,838.8725280761719,2845.679931640625,1801
1802,-16570.562744140625,42854.87365722656,844.7433471679688,2847.21142578125,1802
1803,-16714.430236816406,42908.06579589844,850.4963874816895,2848.74658203125,1803
1804,-16858.677673339844,42961.43798828125,856.2171936035156,2850.285888671875,1804
1805,-17003.27911376953,43015.05126953125,861.9672775268555,2851.829345703125,1805
1806,-17148.240661621094,43068.914794921875,867.7474975585938,2853.377197265625,1806
1807,-17293.569946289062,43123.046875,873.5587120056152,2854.929443359375,1807
1808,-17439.25323486328,43177.48107910156,879.4079780578613,2856.486083984375,1808
1809,-17585.264587402344,43232.26623535156,885.285758972168,2858.046875,1809
1810,-17731.558227539062,43287.46032714844,891.2544250488281,2859.61181640625,1810
1811,-17878.114318847656,43343.07861328125,897.3269462585449,2861.180908203125,1811
1812,-18024.905395507812,43399.10583496094,903.4599304199219,2862.753662109375,1812
1813,-18171.91619873047,43455.58776855469,909.685230255127,2864.330078125,1813
1814,-18319.151306152344,43512.542724609375,915.9814834594727,2865.91015625,1814
1815,-18466.616821289062,43569.989013671875,922.2450256347656,2867.494384765625,1815
1816,-18614.341735839844,43627.9052734375,928.3736228942871,2869.08251953125,1816
1817,-18762.344360351562,43686.26403808594,934.2982292175293,2870.6748046875,1817
1818,-18910.63995361328,43745.07141113281,940.0341987609863,2872.271484375,1818
1819,-19059.237670898438,43804.3212890625,945.6374168395996,2873.87255859375,1819
1820,-19208.14971923828,43864.01062011719,951.2408256530762,2875.47802734375,1820
1821,-19357.369995117188,43924.10888671875,956.9436073303223,2877.087890625,1821
1822,-19506.91680908203,43984.576416015625,962.7463340759277,2878.7021484375,1822
1823,-19656.773376464844,44045.42236328125,968.7135696411133,2880.32080078125,1823
1824,-19806.948852539062,44106.622314453125,974.7470855712891,2881.94384765625,1824
1825,-19957.45849609375,44168.13049316406,980.7546615600586,2883.571044921875,1825
1826,-20108.30841064453,44229.94079589844,986.6531372070312,2885.20263671875,1826
1827,-20259.498596191406,44292.071533203125,992.3896789550781,2886.83837890625,1827
1828,-20410.99090576172,44354.57458496094,998.0033874511719,2888.478271484375,1828
1829,-20562.754821777344,44417.547607421875,1003.5758972167969,2890.12255859375,1829
1830,-20714.793395996094,44480.99060058594,1009.1888427734375,2891.771240234375,1830
1831,-20867.12188720703,44544.88525390625,1014.881706237793,2893.42431640625,1831
1832,-21019.75860595703,44609.20104980469,1020.6687927246094,2895.081787109375,1832
1833,-21172.726440429688,44673.91357421875,1026.5253067016602,2896.743896484375,1833
1834,-21326.052856445312,44739.013671875,1032.3895454406738,2898.410888671875,1834
1835,-21464.356994628906,44797.91259765625,1037.6190185546875,2899.915283203125,1835
1836,-21602.94189453125,44857.08923339844,1042.7693367004395,2901.42333984375,1836
1837,-21741.819763183594,44916.534423828125,1047.8389739990234,2902.93505859375,1837
1838,-21881.002807617188,44976.25427246094,1052.8605461120605,2904.45068359375,1838
1839,-22020.498657226562,45036.24572753906,1057.869052886963,2905.97021484375,1839
1840,-22160.302734375,45096.50573730469,1062.8911018371582,2907.49365234375,1840
1841,-22300.42266845703,45157.000732421875,1067.9496765136719,2909.02099609375,1841
1842,-22440.858459472656,45217.72766113281,1073.0669975280762,2910.55224609375,1842
1843,-22581.6162109375,45278.67736816406,1078.2572746276855,2912.087158203125,1843
1844,-22722.703552246094,45339.83154296875,1083.5102081298828,2913.6259765625,1844
1845,-22864.125061035156,45401.18103027344,1088.7951850891113,2915.168701171875,1845
1846,-23005.87158203125,45462.71057128906,1094.09818649292,2916.715087890625,1846
1847,-23147.950744628906,45524.407958984375,1099.4285583496094,2918.26513671875,1847
1848,-23290.37322998047,45586.27014160156,1104.8042297363281,2919.819091796875,1848
1849,-23433.14208984375,45648.28186035156,1110.2424621582031,2921.376953125,1849
1850,-23576.251220703125,45710.43701171875,1115.7269477844238,2922.9384765625,1850
1851,-23719.691467285156,45772.735595703125,1121.2215423583984,2924.503662109375,1851
1852,-23863.461303710938,45835.17761230469,1126.682472229004,2926.072265625,1852
1853,-24007.562255859375,45897.76916503906,1132.0809364318848,2927.64453125,1853
1854,-24151.98974609375,45960.51330566406,1137.4155044555664,2929.220458984375,1854
1855,-24296.74072265625,46023.406982421875,1142.7090644836426,2930.7998046875,1855
1856,-24441.810607910156,46086.456298828125,1147.9973793029785,2932.3828125,1856
1857,-24587.197875976562,46149.664306640625,1153.3143997192383,2933.96923828125,1857
1858,-24732.89337158203,46213.037109375,1158.6777687072754,2935.559326171875,1858
1859,-24878.88946533203,46276.580810546875,1164.0897750854492,2937.15283203125,1859
1860,-25025.184631347656,46340.30456542969,1169.546127319336,2938.749755859375,1860
1861,-25171.76971435547,46404.217529296875,1175.0327110290527,2940.35009765625,1861
1862,-25318.641662597656,46468.33190917969,1180.5267333984375,2941.953857421875,1862
1863,-25465.785217285156,46532.65075683594,1186.027431488037,2943.56103515625,1863
1864,-25613.19580078125,46597.19543457031,1191.5688514709473,2945.17138671875,1864
1865,-25760.870361328125,46661.9873046875,1197.1892356872559,2946.785400390625,1865
1866,-25908.80126953125,46727.0263671875,1202.9061317443848,2948.402587890625,1866
1867,-26056.979370117188,46792.32177734375,1208.6921691894531,2950.023193359375,1867
1868,-26205.319213867188,46857.83996582031,1214.4777297973633,2951.646240234375,1868
1869,-26353.634643554688,46923.492431640625,1220.186424255371,2953.26953125,1869
1870,-26502.133178710938,46989.361572265625,1225.7967948913574,2954.895263671875,1870
1871,-26650.814819335938,47055.45654296875,1231.3128471374512,2956.5234375,1871
1872,-26799.685668945312,47121.78649902344,1236.74898147583,2958.154296875,1872
1873,-26948.745727539062,47188.36364746094,1242.134189605713,2959.7880859375,1873
1874,-27097.991943359375,47255.169677734375,1247.5200653076172,2961.42431640625,1874
1875,-27247.430419921875,47322.216796875,1252.971076965332,2963.0634765625,1875
1876,-27397.064208984375,47389.520263671875,1258.5453033447266,2964.705322265625,1876
1877,-27546.893310546875,47457.06787109375,1264.2822265625,2966.35009765625,1877
1878,-27696.920776367188,47524.853515625,1270.1727867126465,2967.997802734375,1878
1879,-27847.1435546875,47592.88635253906,1276.1558532714844,2969.648193359375,1879
1880,-27997.573852539062,47661.16638183594,1282.119083404541,2971.301513671875,1880
1881,-28148.211669921875,47729.67224121094,1287.962532043457,2972.957763671875,1881
1882,-28299.057006835938,47798.40087890625,1293.6409950256348,2974.61669921875,1882
1883,-28450.112915039062,47867.36755371094,1299.1594314575195,2976.278564453125,1883
1884,-28601.376342773438,47936.58142089844,1304.6479225158691,2977.943115234375,1884
1885,-28752.822875976562,48006.05773925781,1310.2161407470703,2979.610595703125,1885
1886,-28904.461669921875,48075.79345703125,1315.9997940063477,2981.281005859375,1886
1887,-29056.289672851562,48145.7763671875,1322.0823287963867,2982.9541015625,1887
1888,-29208.316040039062,48215.98815917969,1328.4162521362305,2984.630126953125,1888
1889,-29360.546875,48286.43798828125,1334.8551750183105,2986.30908203125,1889
1890,-29512.97607421875,48357.11669921875,1341.2221908569336,2987.99072265625,1890
1891,-29665.591430664062,48428.01818847656,1347.4091529846191,2989.675048828125,1891
1892,-29818.414306640625,48499.15466308594,1353.4477233886719,2991.362060546875,1892
1893,-29954.428100585938,48562.59460449219,1358.7681770324707,2992.864013671875,1893
1894,-30090.603637695312,48626.22985839844,1364.1016960144043,2994.368408203125,1894
1895,-30226.925659179688,48690.045166015625,1369.490909576416,2995.875,1895
1896,-30363.39111328125,48754.046630859375,1374.9663352966309,2997.383544921875,1896
1897,-30500,48818.243408203125,1380.5593490600586,2998.894287109375,1897
1898,-30636.749267578125,48882.635498046875,1386.3031387329102,3000.4072265625,1898
1899,-30773.641967773438,48947.2412109375,1392.1914100646973,3001.92236328125,1899
1900,-30910.678100585938,49012.04833984375,1398.1611251831055,3003.439697265625,1900
1901,-31047.854614257812,49077.05078125,1404.129409790039,3004.959228515625,1901
1902,-31185.162353515625,49142.25158691406,1410.0273132324219,3006.480712890625,1902
1903,-31322.589111328125,49207.684326171875,1415.8469200134277,3008.004150390625,1903
1904,-31460.128784179688,49273.37951660156,1421.6422080993652,3009.52978515625,1904
1905,-31597.775268554688,49339.35241699219,1427.4748802185059,3011.0576171875,1905
1906,-31735.528564453125,49405.61218261719,1433.3572387695312,3012.587646484375,1906
1907,-31873.370361328125,49472.16796875,1439.2471313476562,3014.119873046875,1907
1908,-32011.264038085938,49539.05029296875,1445.1244354248047,3015.654052734375,1908
1909,-32149.179077148438,49606.32019042969,1451.025104522705,3017.18994140625,1909
1910,-32287.103271484375,49674.0478515625,1457.0281982421875,3018.72802734375,1910
1911,-32425.018310546875,49742.2607421875,1463.1558418273926,3020.26806640625,1911
1912,-32562.936401367188,49810.95275878906,1469.351863861084,3021.810302734375,1912
1913,-32700.836181640625,49880.13000488281,1475.5156517028809,3023.354736328125,1913
1914,-32838.68408203125,49949.798583984375,1481.568431854248,3024.90087890625,1914
1915,-32976.48620605469,50020.001220703125,1487.5065803527832,3026.448974609375,1915
1916,-33114.21813964844,50090.814208984375,1493.3959007263184,3027.9990234375,1916
1917,-33251.837158203125,50162.274169921875,1499.3308067321777,3029.55126953125,1917
1918,-33389.32800292969,50234.40246582031,1505.3791999816895,3031.10546875,1918
1919,-33526.69677734375,50307.18688964844,1511.5331649780273,3032.66162109375,1919
1920,-33663.958740234375,50380.58776855469,1517.7024841308594,3034.2197265625,1920
1921,-33801.11389160156,50454.57458496094,1523.770523071289,3035.77978515625,1921
1922,-33938.14392089844,50529.15344238281,1529.6902656555176,3037.34130859375,1922
1923,-34075.048828125,50604.388427734375,1535.5299949645996,3038.90478515625,1923
1924,-34211.7919921875,50680.3466796875,1541.421890258789,3040.470458984375,1924
1925,-34348.35205078125,50757.04040527344,1547.4769592285156,3042.038330078125,1925
1926,-34484.716796875,50834.454345703125,1553.7322998046875,3043.60791015625,1926
1927,-34620.88623046875,50912.567138671875,1560.1572036743164,3045.179443359375,1927
1928,-34756.878662109375,50991.357421875,1566.6948318481445,3046.7529296875,1928
1929,-34892.694091796875,51070.81604003906,1573.281192779541,3048.328125,1929
1930,-35028.350830078125,51150.927734375,1579.8441886901855,3049.9052734375,1930
1931,-35163.86413574219,51231.671142578125,1586.3405227661133,3051.484375,1931
1932,-35299.21875,51313.04931640625,1592.7639961242676,3053.0654296875,1932
1933,-35434.40246582031,51395.074462890625,1599.1412162780762,3054.6484375,1933
1934,-35569.40002441406,51477.7587890625,1605.519676208496,3056.233154296875,1934
1935,-35704.19616699219,51561.1328125,1611.9386672973633,3057.81982421875,1935
1936,-35838.763427734375,51645.22705078125,1618.4398651123047,3059.408447265625,1936
1937,-35973.077392578125,51730.04150390625,1625.0566482543945,3060.998779296875,1937
1938,-36107.11975097656,51815.63720703125,1631.8145751953125,3062.591064453125,1938
1939,-36240.88439941406,51902.008056640625,1638.7126922607422,3064.185302734375,1939
1940,-36374.36218261719,51989.117431640625,1645.6993103027344,3065.78125,1940
1941,-36507.55920410156,52076.995849609375,1652.694320678711,3067.37890625,1941
1942,-36640.46936035156,52165.618896484375,1659.6479415893555,3068.978271484375,1942
1943,-36773.06823730469,52255.023193359375,1666.561508178711,3070.579345703125,1943
1944,-36905.328369140625,52345.2392578125,1673.4870910644531,3072.182373046875,1944
1945,-37037.225341796875,52436.29150390625,1680.4738998413086,3073.787109375,1945
1946,-37168.73779296875,52528.204345703125,1687.5703811645508,3075.3935546875,1946
1947,-37299.84130859375,52620.9716796875,1694.7925567626953,3077.001708984375,1947
1948,-37430.55419921875,52714.58740234375,1702.1133422851562,3078.611572265625,1948
1949,-37560.89172363281,52809.02099609375,1709.4673156738281,3080.22314453125,1949
1950,-37690.911865234375,52904.1748046875,1716.7287826538086,3081.83642578125,1950
1951,-37820.66955566406,52999.993896484375,1723.7302780151367,3083.451416015625,1951
1952,-37950.1953125,53096.405029296875,1730.3443908691406,3085.06787109375,1952
1953,-38079.461669921875,53193.414306640625,1736.5612030029297,3086.685791015625,1953
1954,-38208.404541015625,53291.12548828125,1742.5350189208984,3088.30517578125,1954
1955,-38336.91711425781,53389.703369140625,1748.5115051269531,3089.92626953125,1955
1956,-38464.959716796875,53489.166259765625,1754.6775817871094,3091.549072265625,1956
1957,-38592.55676269531,53589.483642578125,1761.0788345336914,3093.173828125,1957
1958,-38719.76318359375,53690.56396484375,1767.6000595092773,3094.80029296875,1958
1959,-38846.63391113281,53792.315673828125,1774.049186706543,3096.42822265625,1959
1960,-38973.2177734375,53894.66552734375,1780.289649963379,3098.0576171875,1960
1961,-39099.52392578125,53997.6318359375,1786.3149642944336,3099.688720703125,1961
1962,-39225.52795410156,54101.25732421875,1792.2210693359375,3101.321533203125,1962
1963,-39351.19934082031,54205.572509765625,1798.1346130371094,3102.956298828125,1963
1964,-39476.52282714844,54310.5712890625,1804.1440963745117,3104.5927734375,1964
1965,-39601.513671875,54416.22314453125,1810.2441787719727,3106.23095703125,1965
1966,-39726.214599609375,54522.47314453125,1816.3579940795898,3107.870849609375,1966
1967,-39850.67138671875,54629.26025390625,1822.4092483520508,3109.51220703125,1967
1968,-39974.908447265625,54736.553955078125,1828.3544540405273,3111.1552734375,1968
1969,-40098.944091796875,54844.3603515625,1834.227180480957,3112.800048828125,1969
1970,-40222.760009765625,54952.67333984375,1840.1090621948242,3114.446533203125,1970
1971,-40346.39587402344,55061.468505859375,1846.0599899291992,3116.094970703125,1971
1972,-40469.866943359375,55170.71533203125,1852.0944595336914,3117.7451171875,1972
1973,-40593.20983886719,55280.35888671875,1858.1720352172852,3119.39697265625,1973
1974,-40716.46423339844,55390.350341796875,1864.2152786254883,3121.050537109375,1974
1975,-40839.666748046875,55500.6591796875,1870.1614379882812,3122.705810546875,1975
1976,-40962.83874511719,55611.2548828125,1876.0183334350586,3124.362548828125,1976
1977,-41086.00769042969,55722.119140625,1881.8424224853516,3126.02099609375,1977
1978,-41209.19189453125,55833.2275390625,1887.7094268798828,3127.681396484375,1978
1979,-41332.38525390625,55944.580078125,1893.6790466308594,3129.343505859375,1979
1980,-41455.596923828125,56056.170654296875,1899.7549057006836,3131.00732421875,1980
1981,-41578.814697265625,56168.00537109375,1905.8950424194336,3132.6728515625,1981
1982,-41702.01416015625,56280.096435546875,1912.047004699707,3134.33984375,1982
1983,-41825.20751953125,56392.449951171875,1918.1442260742188,3136.0087890625,1983
1984,-41948.388671875,56505.06591796875,1924.1899490356445,3137.67919921875,1984
1985,-42071.53625488281,56617.95654296875,1930.2335739135742,3139.351318359375,1985
1986,-42194.63195800781,56731.14013671875,1936.3655090332031,3141.02490234375,1986
1987,-42317.66357421875,56844.64111328125,1942.652702331543,3142.700439453125,1987
1988,-42440.62194824219,56958.45947265625,1949.1039276123047,3144.37744140625,1988
1989,-42563.507080078125,57072.589111328125,1955.6636810302734,3146.05615234375,1989
1990,-42686.31896972656,57187.0361328125,1962.2482299804688,3147.736572265625,1990
1991,-42809.06066894531,57301.788330078125,1968.7833786010742,3149.41845703125,1991
1992,-42931.73522949219,57416.845703125,1975.223731994629,3151.101806640625,1992
1993,-43054.33654785156,57532.220458984375,1981.5759658813477,3152.786865234375,1993
1994,-43176.873779296875,57647.88818359375,1987.8984451293945,3154.473388671875,1994
1995,-43299.346923828125,57763.812255859375,1994.2440032958984,3156.161376953125,1995
1996,-43421.61865234375,57879.82177734375,2000.6402969360352,3157.848388671875,1996
1997,-43543.817138671875,57996.00830078125,2007.1117401123047,3159.5361328125,1997
1998,-43666.009521484375,58112.3779296875,2013.6537551879883,3161.22509765625,1998
1999,-43788.201904296875,58228.912353515625,2020.2627182006836,3162.915283203125,1999
2000,-43910.42785644531,58345.587158203125,2026.948356628418,3164.606689453125,2000
2001,-44032.69958496094,58462.39013671875,2033.6977005004883,3166.29931640625,2001
2002,-44155.04455566406,58579.3212890625,2040.4699325561523,3167.993408203125,2002
2003,-44277.46887207031,58696.3623046875,2047.1702575683594,3169.688720703125,2003
2004,-44399.99084472656,58813.494873046875,2053.687858581543,3171.38525390625,2004
2005,-44522.607421875,58930.718994140625,2059.9531173706055,3173.083251953125,2005
2006,-44645.32470703125,59048.028564453125,2065.9772872924805,3174.782470703125,2006
2007,-44768.14880371094,59165.435791015625,2071.8616485595703,3176.48291015625,2007
2008,-44891.07360839844,59282.928466796875,2077.7624130249023,3178.184814453125,2008
2009,-45014.0869140625,59400.5126953125,2083.8476181030273,3179.887939453125,2009
2010,-45137.17041015625,59518.212890625,2090.2297973632812,3181.592529296875,2010
2011,-45260.302734375,59636.04736328125,2096.91104888916,3183.298583984375,2011
2012,-45383.447265625,59754.06494140625,2103.782272338867,3185.005859375,2012
2013,-45506.591796875,59872.27783203125,2110.666847229004,3186.714599609375,2013
2014,-45629.70886230469,59990.704345703125,2117.4230575561523,3188.424560546875,2014
2015,-45752.777099609375,60109.375,2124.001121520996,3190.1357421875,2015
2016,-45875.78125,60228.30810546875,2130.4330825805664,3191.848388671875,2016
2017,-45998.73046875,60347.49755859375,2136.7748260498047,3193.562255859375,2017
2018,-46121.64001464844,60466.925048828125,2143.0601119995117,3195.277587890625,2018
2019,-46229.15344238281,60571.612548828125,2148.521614074707,3196.779541015625,2019
2020,-46336.64855957031,60676.458740234375,2153.9743423461914,3198.282470703125,2020
2021,-46444.12841796875,60781.4453125,2159.485626220703,3199.786376953125,2021
2022,-46551.617431640625,60886.566162109375,2165.151596069336,3201.291259765625,2022
2023,-46659.11560058594,60991.815185546875,2171.0426330566406,3202.79736328125,2023
2024,-46766.64733886719,61097.174072265625,2177.1636962890625,3204.304443359375,2024
2025,-46874.22790527344,61202.630615234375,2183.4293365478516,3205.812744140625,2025
2026,-46981.86950683594,61308.1787109375,2189.686393737793,3207.322021484375,2026
2027,-47089.581298828125,61413.7939453125,2195.7881927490234,3208.832275390625,2027
2028,-47197.36633300781,61519.47021484375,2201.651191711426,3210.34326171875,2028
2029,-47305.23376464844,61625.201416015625,2207.2778701782227,3211.855224609375,2029
2030,-47413.19885253906,61730.999755859375,2212.738609313965,3213.368408203125,2030
2031,-47521.258544921875,61836.846923828125,2218.1320190429688,3214.882568359375,2031
2032,-47629.412841796875,61942.7490234375,2223.5536575317383,3216.397705078125,2032
2033,-47737.65563964844,62048.69384765625,2229.067039489746,3217.913818359375,2033
2034,-47845.98693847656,62154.681396484375,2234.69295501709,3219.430908203125,2034
2035,-47954.40979003906,62260.711669921875,2240.4075622558594,3220.948974609375,2035
2036,-48062.92724609375,62366.790771484375,2246.151542663574,3222.468017578125,2036
2037,-48171.533203125,62472.91259765625,2251.8678665161133,3223.988037109375,2037
2038,-48280.224609375,62579.08935546875,2257.5403213500977,3225.509033203125,2038
2039,-48388.99841308594,62685.31494140625,2263.2125854492188,3227.031005859375,2039
2040,-48497.85461425781,62791.58935546875,2268.975257873535,3228.553955078125,2040
2041,-48606.787109375,62897.918701171875,2274.9181747436523,3230.077880859375,2041
2042,-48715.79895019531,63004.302978515625,2281.0876846313477,3231.602783203125,2042
2043,-48824.89013671875,63110.748291015625,2287.4542236328125,3233.128662109375,2043
2044,-48934.06066894531,63217.24853515625,2293.902587890625,3234.655517578125,2044
2045,-49043.31359863281,63323.822021484375,2300.2635955810547,3236.18359375,2045
2046,-49152.630615234375,63430.450439453125,2306.3899993896484,3237.71240234375,2046
2047,-49262.01477050781,63537.1337890625,2312.2207641601562,3239.241943359375,2047
2048,-49371.47521972656,63643.88427734375,2317.8112030029297,3240.7724609375,2048
2049,-49481.01806640625,63750.7080078125,2323.3089447021484,3242.303955078125,2049
2050,-49590.655517578125,63857.562255859375,2328.8978576660156,3243.83642578125,2050
2051,-49700.38757324219,63964.453125,2334.720039367676,3245.369873046875,2051
2052,-49810.211181640625,64071.3623046875,2340.8485412597656,3246.904296875,2052
2053,-49920.16296386719,64178.271484375,2347.254753112793,3248.439697265625,2053
2054,-50030.2490234375,64285.16845703125,2353.837203979492,3249.97607421875,2054
2055,-50140.42663574219,64392.095947265625,2360.476493835449,3251.51318359375,2055
2056,-50250.68359375,64499.090576171875,2367.055130004883,3253.051513671875,2056
2057,-50360.99853515625,64606.15234375,2373.5177993774414,3254.590576171875,2057
2058,-50471.3623046875,64713.299560546875,2379.850959777832,3256.130615234375,2058
2059,-50581.75048828125,64820.556640625,2386.099052429199,3257.671630859375,2059
2060,-50692.11120605469,64927.96630859375,2392.3439025878906,3259.21337890625,2060
2061,-50802.38037109375,65035.5712890625,2398.6663818359375,3260.755859375,2061
2062,-50912.52136230469,65143.42041015625,2405.112838745117,3262.29931640625,2062
2063,-51022.509765625,65251.556396484375,2411.6743087768555,3263.84375,2063
2064,-51132.30285644531,65359.991455078125,2418.311882019043,3265.388916015625,2064
2065,-51241.8701171875,65468.76220703125,2424.942207336426,3266.934814453125,2065
2066,-51351.177978515625,65577.9052734375,2431.482696533203,3268.4814453125,2066
2067,-51460.205078125,65687.43286132812,2437.8662109375,3270.02880859375,2067
2068,-51568.90869140625,65797.36938476562,2444.070816040039,3271.57666015625,2068
2069,-51677.264404296875,65907.73315429688,2450.055503845215,3273.125,2069
2070,-51785.19287109375,66018.58520507812,2455.942726135254,3274.673828125,2070
2071,-51892.59033203125,66130.01098632812,2461.8160247802734,3276.22314453125,2071
2072,-51999.40185546875,66242.0654296875,2467.7536010742188,3277.77294921875,2072
2073,-52105.596923828125,66354.7607421875,2473.813247680664,3279.3232421875,2073
2074,-52211.14501953125,66468.115234375,2480.015182495117,3280.8740234375,2074
2075,-52316.009521484375,66582.1533203125,2486.3447189331055,3282.42529296875,2075
2076,-52420.1904296875,66696.85668945312,2492.716598510742,3283.976806640625,2076
2077,-52523.712158203125,66812.20092773438,2499.018096923828,3285.528564453125,2077
2078,-52626.5625,66928.20434570312,2505.205726623535,3287.080810546875,2078
2079,-52728.729248046875,67044.85473632812,2511.261749267578,3288.63330078125,2079
2080,-52830.206298828125,67162.17041015625,2517.2157287597656,3290.186279296875,2080
2081,-52930.975341796875,67280.15747070312,2523.114776611328,3291.73974609375,2081
2082,-53031.036376953125,67398.82202148438,2528.9794921875,3293.293701171875,2082
2083,-53130.413818359375,67518.10913085938,2534.784507751465,3294.847900390625,2083
2084,-53229.1259765625,67638.02490234375,2540.49129486084,3296.402587890625,2084
2085,-53327.166748046875,67758.544921875,2546.072196960449,3297.957763671875,2085
2086,-53424.49951171875,67879.66918945312,2551.5560150146484,3299.51318359375,2086
2087,-53521.044921875,68001.45263671875,2557.040023803711,3301.06884765625,2087
2088,-53616.748046875,68123.93188476562,2562.6468658447266,3302.624755859375,2088
2089,-53711.517333984375,68247.10083007812,2568.471336364746,3304.1806640625,2089
2090,-53805.38330078125,68370.91674804688,2574.5256423950195,3305.736083984375,2090
2091,-53898.358154296875,68495.30029296875,2580.7159423828125,3307.290771484375,2091
2092,-53990.509033203125,68620.1904296875,2586.8839263916016,3308.8447265625,2092
2093,-54081.9091796875,68745.52612304688,2592.874526977539,3310.397705078125,2093
2094,-54172.552490234375,68871.28295898438,2598.6101150512695,3311.949462890625,2094
2095,-54262.408447265625,68997.49145507812,2604.1091918945312,3313.500244140625,2095
2096,-54351.40380859375,69124.1943359375,2609.4507217407227,3315.050048828125,2096
2097,-54439.495849609375,69251.42822265625,2614.7279739379883,3316.59912109375,2097
2098,-54526.62353515625,69379.21142578125,2620.0185775756836,3318.147216796875,2098
2099,-54612.750244140625,69507.55615234375,2625.3612518310547,3319.6943359375,2099
2100,-54697.869873046875,69636.45629882812,2630.7533264160156,3321.24072265625,2100
2101,-54781.99462890625,69765.89965820312,2636.1738204956055,3322.7861328125,2101
2102,-54865.12451171875,69895.88623046875,2641.584014892578,3324.330810546875,2102
2103,-54947.25341796875,70026.3916015625,2646.961212158203,3325.874267578125,2103
2104,-55028.375244140625,70157.421875,2652.3086547851562,3327.416748046875,2104
2105,-55108.477783203125,70288.97705078125,2657.6475143432617,3328.95849609375,2105
2106,-55187.554931640625,70421.05102539062,2662.9798889160156,3330.49951171875,2106
2107,-55265.625,70553.62548828125,2668.292236328125,3332.03955078125,2107
2108,-55342.7001953125,70686.70043945312,2673.5610961914062,3333.578857421875,2108
2109,-55418.780517578125,70820.26977539062,2678.7710189819336,3335.117431640625,2109
2110,-55493.83544921875,70954.35791015625,2683.941650390625,3336.655517578125,2110
2111,-55567.828369140625,71089.013671875,2689.131736755371,3338.193603515625,2111
2112,-55640.716552734375,71224.23706054688,2694.403648376465,3339.7314453125,2112
2113,-55712.51220703125,71360.04028320312,2699.7730255126953,3341.269287109375,2113
2114,-55783.294677734375,71496.38671875,2705.1843643188477,3342.806884765625,2114
2115,-55853.1494140625,71633.22143554688,2710.5194091796875,3344.3447265625,2115
2116,-55922.16796875,71770.49560546875,2715.651321411133,3345.8828125,2116
2117,-55990.362548828125,71908.18481445312,2720.5150604248047,3347.4208984375,2117
2118,-56057.659912109375,72046.3134765625,2725.1543045043945,3348.958740234375,2118
2119,-56123.931884765625,72184.95483398438,2729.707145690918,3350.496826171875,2119
2120,-56189.044189453125,72324.15161132812,2734.3177795410156,3352.034912109375,2120
2121,-56252.96630859375,72463.90380859375,2739.093589782715,3353.572998046875,2121
2122,-56315.68603515625,72604.19921875,2744.0673828125,3355.111328125,2122
2123,-56377.20947265625,72745.01953125,2749.203300476074,3356.649658203125,2123
2124,-56437.56103515625,72886.34643554688,2754.426956176758,3358.187744140625,2124
2125,-56496.832275390625,73028.13720703125,2759.6424102783203,3359.72607421875,2125
2126,-56555.108642578125,73170.35522460938,2764.747428894043,3361.264404296875,2126
2127,-56612.445068359375,73312.96997070312,2769.6557998657227,3362.802978515625,2127
2128,-56668.88427734375,73455.96923828125,2774.332809448242,3364.341796875,2128
2129,-56724.35302734375,73599.35302734375,2778.8331985473633,3365.880615234375,2129
2130,-56778.72314453125,73743.1640625,2783.2773208618164,3367.41943359375,2130
2131,-56831.87255859375,73887.41455078125,2787.788963317871,3368.958251953125,2131
2132,-56883.758544921875,74032.11669921875,2792.4713134765625,3370.496826171875,2132
2133,-56934.31396484375,74177.28271484375,2797.427558898926,3372.035400390625,2133
2134,-56983.526611328125,74322.900390625,2802.6906967163086,3373.573974609375,2134
2135,-57031.451416015625,74468.9453125,2808.2077026367188,3375.11279296875,2135
2136,-57078.1982421875,74615.36865234375,2813.833236694336,3376.651611328125,2136
2137,-57123.895263671875,74762.12768554688,2819.39754486084,3378.1904296875,2137
2138,-57168.670654296875,74909.18579101562,2824.732780456543,3379.729248046875,2138
2139,-57212.5732421875,75056.51245117188,2829.7744750976562,3381.26806640625,2139
2140,-57255.5419921875,75204.11987304688,2834.5611572265625,3382.806884765625,2140
2141,-57297.418212890625,75352.05078125,2839.2471313476562,3384.345703125,2141
2142,-57338.043212890625,75500.32348632812,2843.9924240112305,3385.884521484375,2142
2143,-57377.3193359375,75648.9501953125,2848.927879333496,3387.42333984375,2143
2144,-57415.228271484375,75797.900390625,2854.08878326416,3388.9619140625,2144
2145,-57451.81884765625,75947.18017578125,2859.4091415405273,3390.50048828125,2145
2146,-57487.158203125,76096.7529296875,2864.7727966308594,3392.0390625,2146
2147,-57521.356201171875,76246.57592773438,2870.069694519043,3393.57763671875,2147
2148,-57554.449462890625,76396.64306640625,2875.2267837524414,3395.115966796875,2148
2149,-57586.456298828125,76546.93603515625,2880.2310943603516,3396.654296875,2149
2150,-57617.27294921875,76697.49755859375,2885.1659774780273,3398.192626953125,2150
2151,-57646.74072265625,76848.33984375,2890.1803970336914,3399.731201171875,2151
2152,-57674.81689453125,76999.44458007812,2895.3807830810547,3401.269775390625,2152
2153,-57701.513671875,77150.79345703125,2900.792694091797,3402.80859375,2153
2154,-57726.873779296875,77302.36206054688,2906.3934326171875,3404.34716796875,2154
2155,-57750.9521484375,77454.150390625,2912.1097564697266,3405.885986328125,2155
2156,-57773.86474609375,77606.13403320312,2917.825508117676,3407.4248046875,2156
2157,-57795.703125,77758.31909179688,2923.428535461426,3408.964111328125,2157
2158,-57816.485595703125,77910.66284179688,2928.859329223633,3410.50341796875,2158
2159,-57836.138916015625,78063.1591796875,2934.1657638549805,3412.042724609375,2159
2160,-57854.52880859375,78215.8203125,2939.4773483276367,3413.58203125,2160
2161,-57871.563720703125,78368.65844726562,2944.9234008789062,3415.12158203125,2161
2162,-57887.2802734375,78521.66748046875,2950.551986694336,3416.66162109375,2162
2163,-57901.763916015625,78674.82299804688,2956.2891006469727,3418.201904296875,2163
2164,-57915.130615234375,78828.1005859375,2961.991500854492,3419.742431640625,2164
2165,-57927.4658203125,78981.494140625,2967.5228118896484,3421.283203125,2165
2166,-57938.812255859375,79134.97314453125,2972.813606262207,3422.823974609375,2166
2167,-57949.0966796875,79288.55590820312,2977.9003143310547,3424.364990234375,2167
2168,-57958.172607421875,79442.236328125,2982.9057693481445,3425.906005859375,2168
2169,-57965.8935546875,79596.01440429688,2987.995147705078,3427.447509765625,2169
2170,-57972.13134765625,79749.853515625,2993.3252334594727,3428.989013671875,2170
2171,-57976.873779296875,79903.75366210938,2998.9768981933594,3430.53076171875,2171
2172,-57980.1513671875,80057.69653320312,3004.9219131469727,3432.072509765625,2172
2173,-57982.080078125,80211.68212890625,3011.03572845459,3433.61474609375,2173
2174,-57982.781982421875,80365.70434570312,3017.152214050293,3435.1572265625,2174
2175,-57982.373046875,80519.7265625,3023.1250762939453,3436.699462890625,2175
2176,-57980.908203125,80673.78540039062,3028.881072998047,3438.2421875,2176
2177,-57978.369140625,80827.86865234375,3034.4240188598633,3439.78515625,2177
2178,-57974.69482421875,80981.97021484375,3039.821243286133,3441.32861328125,2178
2179,-57969.793701171875,81136.03515625,3045.1608657836914,3442.8720703125,2179
2180,-57963.56201171875,81290.07568359375,3050.5569458007812,3444.415771484375,2180
2181,-57955.908203125,81444.04907226562,3056.11515045166,3445.95947265625,2181
2182,-57946.771240234375,81597.93701171875,3061.903190612793,3447.503173828125,2182
2183,-57936.19384765625,81751.73950195312,3067.9229736328125,3449.047119140625,2183
2184,-57924.285888671875,81905.47485351562,3074.078941345215,3450.59130859375,2184
2185,-57911.26708984375,82059.16137695312,3080.1868438720703,3452.1357421875,2185
2186,-57897.32666015625,82212.8173828125,3086.033821105957,3453.6806640625,2186
2187,-57882.635498046875,82366.43676757812,3091.4491653442383,3455.225830078125,2187
2188,-57867.236328125,82520.01342773438,3096.377372741699,3456.771240234375,2188
2189,-57851.019287109375,82673.54736328125,3100.8934020996094,3458.31689453125,2189
2190,-57833.795166015625,82827.05078125,3105.1687240600586,3459.863037109375,2190
2191,-57815.423583984375,82980.48706054688,3109.377098083496,3461.409912109375,2191
2192,-57795.843505859375,83133.82568359375,3113.6383056640625,3462.957275390625,2192
2193,-57775.10986328125,83287.060546875,3117.9710388183594,3464.505126953125,2193
2194,-57753.289794921875,83440.19165039062,3122.3068237304688,3466.053466796875,2194
2195,-57730.46875,83593.21899414062,3126.5546798706055,3467.602294921875,2195
2196,-57706.707763671875,83746.16088867188,3130.657958984375,3469.151611328125,2196
2197,-57682.012939453125,83899.00512695312,3134.6216201782227,3470.701416015625,2197
2198,-57656.378173828125,84051.77001953125,3138.496208190918,3472.251953125,2198
2199,-57629.803466796875,84204.44946289062,3142.3507690429688,3473.80322265625,2199
2200,-57602.33154296875,84357.04345703125,3146.243667602539,3475.35546875,2200
2201,-57574.017333984375,84509.55200195312,3150.198554992676,3476.908203125,2201
2202,-57544.93408203125,84661.99951171875,3154.2009353637695,3478.461669921875,2202
2203,-57515.1611328125,84814.39819335938,3158.2103729248047,3480.01611328125,2203
2204,-57484.783935546875,84966.75415039062,3162.171745300293,3481.5712890625,2204
2205,-57453.851318359375,85119.09790039062,3166.02840423584,3483.12744140625,2205
2206,-57422.42431640625,85271.41723632812,3169.755744934082,3484.684326171875,2206
2207,-57390.53955078125,85423.73046875,3173.3678817749023,3486.241943359375,2207
2208,-57358.184814453125,85576.04370117188,3176.915168762207,3487.800537109375,2208
2209,-57325.384521484375,85728.35693359375,3180.453681945801,3489.360107421875,2209
2210,-57292.144775390625,85880.67016601562,3184.0166091918945,3490.920654296875,2210
2211,-57258.489990234375,86032.9833984375,3187.583541870117,3492.482177734375,2211
2212,-57224.4384765625,86185.29663085938,3191.099166870117,3494.04443359375,2212
2213,-57190.008544921875,86337.60986328125,3194.5262908935547,3495.607666015625,2213
2214,-57155.2001953125,86489.92919921875,3197.8626251220703,3497.171630859375,2214
2215,-57120.00732421875,86642.27905273438,3201.1390686035156,3498.736572265625,2215
2216,-57084.41162109375,86794.62890625,3204.385757446289,3500.302734375,2216
2217,-57048.388671875,86946.9482421875,3207.603073120117,3501.869384765625,2217
2218,-57011.932373046875,87099.26147460938,3210.778045654297,3503.43701171875,2218
2219,-56975.01220703125,87251.5625,3213.9034271240234,3505.005615234375,2219
2220,-56937.603759765625,87403.82690429688,3217.006301879883,3506.574951171875,2220
2221,-56899.658203125,87556.04248046875,3220.1309204101562,3508.14501953125,2221
2222,-56861.163330078125,87708.20922851562,3223.3219146728516,3509.71630859375,2222
2223,-56822.0703125,87860.32104492188,3226.6075134277344,3511.288330078125,2223
2224,-56782.40966796875,88012.37182617188,3229.960250854492,3512.861083984375,2224
2225,-56742.19970703125,88164.3798828125,3233.2935333251953,3514.43505859375,2225
2226,-56701.50146484375,88316.35131835938,3236.479949951172,3516.010009765625,2226
2227,-56660.3515625,88468.28002929688,3239.398956298828,3517.58544921875,2227
2228,-56618.76220703125,88620.166015625,3242.0005798339844,3519.16162109375,2228
2229,-56576.6845703125,88772.00317382812,3244.3382263183594,3520.738525390625,2229
2230,-56534.027099609375,88923.77319335938,3246.549606323242,3522.31640625,2230
2231,-56490.72265625,89075.45776367188,3248.7815856933594,3523.89501953125,2231
2232,-56446.771240234375,89227.04467773438,3251.145553588867,3525.474853515625,2232
2233,-56402.20947265625,89378.5400390625,3253.697967529297,3527.055419921875,2233
2234,-56357.098388671875,89529.96826171875,3256.435012817383,3528.636962890625,2234
2235,-56311.4990234375,89681.34155273438,3259.300994873047,3530.219482421875,2235
2236,-56265.496826171875,89832.67822265625,3262.210464477539,3531.802490234375,2236
2237,-56219.1650390625,89984.02709960938,3265.0524139404297,3533.38671875,2237
2238,-56172.564697265625,90135.400390625,3267.727279663086,3534.971923828125,2238
2239,-56125.738525390625,90286.7919921875,3270.1915740966797,3536.55810546875,2239
2240,-56078.7109375,90438.22021484375,3272.464370727539,3538.14501953125,2240
2241,-56031.500244140625,90589.68505859375,3274.6273040771484,3539.73291015625,2241
2242,-55984.112548828125,90741.19873046875,3276.793670654297,3541.32177734375,2242
2243,-55936.572265625,90892.76123046875,3279.0462493896484,3542.91162109375,2243
2244,-55888.87939453125,91044.37866210938,3281.397247314453,3544.50244140625,2244
2245,-55841.05224609375,91196.06323242188,3283.7867736816406,3546.09423828125,2245
2246,-55793.115234375,91347.81494140625,3286.0958099365234,3547.68701171875,2246
2247,-55745.0927734375,91499.6337890625,3288.2083892822266,3549.28076171875,2247
2248,-55696.990966796875,91651.51977539062,3290.0726318359375,3550.875244140625,2248
2249,-55648.81591796875,91803.47290039062,3291.7388916015625,3552.470703125,2249
2250,-55600.5615234375,91955.50537109375,3293.341064453125,3554.067138671875,2250
2251,-55552.215576171875,92107.61108398438,3295.0424194335938,3555.664306640625,2251
2252,-55503.778076171875,92259.7900390625,3296.9730377197266,3557.262451171875,2252
2253,-55455.242919921875,92412.0361328125,3299.175262451172,3558.86181640625,2253
2254,-55406.610107421875,92564.36767578125,3301.6075134277344,3560.46240234375,2254
2255,-55357.8857421875,92716.76635742188,3304.172134399414,3562.06396484375,2255
2256,-55309.075927734375,92869.23217773438,3306.778335571289,3563.666259765625,2256
2257,-55260.186767578125,93021.77124023438,3309.355926513672,3565.26953125,2257
2258,-55211.23046875,93174.3896484375,3311.8595123291016,3566.873779296875,2258
2259,-55162.200927734375,93327.09350585938,3314.2398834228516,3568.47900390625,2259
2260,-55113.104248046875,93479.87670898438,3316.4432525634766,3570.085205078125,2260
2261,-55063.946533203125,93632.72705078125,3318.4364318847656,3571.692138671875,2261
2262,-55014.7216796875,93785.65063476562,3320.2423095703125,3573.2998046875,2262
2263,-54965.4296875,93938.64135742188,3321.9390869140625,3574.908447265625,2263
2264,-54916.064453125,94091.70532226562,3323.6312866210938,3576.517822265625,2264
2265,-54866.6259765625,94244.84252929688,3325.4329681396484,3578.128173828125,2265
2266,-54817.095947265625,94398.04077148438,3327.439498901367,3579.739501953125,2266
2267,-54767.462158203125,94551.31225585938,3329.6756744384766,3581.351806640625,2267
2268,-54717.730712890625,94704.65698242188,3332.0892333984375,3582.965087890625,2268
2269,-54667.901611328125,94858.06274414062,3334.5611572265625,3584.579345703125,2269
2270,-54617.987060546875,95011.54174804688,3336.960220336914,3586.194580078125,2270
2271,-54567.987060546875,95165.07568359375,3339.1983032226562,3587.810546875,2271
2272,-54517.8955078125,95318.67065429688,3341.2498474121094,3589.42724609375,2272
2273,-54467.706298828125,95472.32666015625,3343.1640625,3591.044921875,2273
2274,-54417.41943359375,95626.03759765625,3345.0294494628906,3592.66357421875,2274
2275,-54367.0166015625,95779.8095703125,3346.98486328125,3594.283203125,2275
2276,-54316.510009765625,95933.63037109375,3349.163055419922,3595.903564453125,2276
2277,-54265.88134765625,96087.50610351562,3351.634979248047,3597.52490234375,2277
2278,-54215.130615234375,96241.44287109375,3354.375457763672,3599.147216796875,2278
2279,-54164.263916015625,96395.44067382812,3357.2601318359375,3600.7705078125,2279
2280,-54113.29345703125,96549.49340820312,3360.1192474365234,3602.39453125,2280
2281,-54062.237548828125,96703.60107421875,3362.8196716308594,3604.01953125,2281
2282,-54011.083984375,96857.763671875,3365.325927734375,3605.645263671875,2282
2283,-53959.82666015625,97011.98120117188,3367.6876068115234,3607.27197265625,2283
2284,-53908.4716796875,97166.24755859375,3369.9905395507812,3608.899169921875,2284
2285,-53857.01904296875,97320.5810546875,3372.329330444336,3610.52734375,2285
2286,-53805.45654296875,97474.96337890625,3374.7756958007812,3612.156494140625,2286
2287,-53753.802490234375,97629.40063476562,3377.3773193359375,3613.786376953125,2287
2288,-53702.056884765625,97783.89282226562,3380.158233642578,3615.4169921875,2288
2289,-53650.238037109375,97938.44604492188,3383.1111907958984,3617.048583984375,2289
2290,-53598.35205078125,98093.06640625,3386.1865997314453,3618.680908203125,2290
2291,-53546.4111328125,98247.75390625,3389.324188232422,3620.314208984375,2291
2292,-53494.403076171875,98402.5146484375,3392.46826171875,3621.948486328125,2292
2293,-53442.34619140625,98557.33642578125,3395.5764770507812,3623.583251953125,2293
2294,-53390.234375,98712.22534179688,3398.6576080322266,3625.218994140625,2294
2295,-53338.0615234375,98867.16918945312,3401.785659790039,3626.85546875,2295
2296,-53285.83984375,99022.18017578125,3405.0704956054688,3628.49267578125,2296
2297,-53233.58154296875,99177.25219726562,3408.6048126220703,3630.130615234375,2297
2298,-53181.28662109375,99332.40966796875,3412.3756408691406,3631.76953125,2298
2299,-53128.973388671875,99487.65258789062,3416.260528564453,3633.409423828125,2299
2300,-53076.6357421875,99642.97485351562,3420.0820922851562,3635.050048828125,2300
2301,-53024.298095703125,99798.35815429688,3423.724365234375,3636.691162109375,2301
2302,-52971.917724609375,99953.80859375,3427.174758911133,3638.333251953125,2302
2303,-52919.537353515625,100109.33837890625,3430.513381958008,3639.975830078125,2303
2304,-52867.156982421875,100264.94750976562,3433.8733673095703,3641.619140625,2304
2305,-52814.776611328125,100420.63598632812,3437.3756408691406,3643.26318359375,2305
2306,-52762.432861328125,100576.416015625,3441.0778045654297,3644.908203125,2306
2307,-52710.09521484375,100732.28759765625,3444.9588775634766,3646.553955078125,2307
2308,-52657.80029296875,100888.24462890625,3448.929214477539,3648.20068359375,2308
2309,-52605.517578125,101044.287109375,3452.902603149414,3649.84814453125,2309
2310,-52553.271484375,101200.40893554688,3456.843948364258,3651.49609375,2310
2311,-52501.07421875,101356.62231445312,3460.7757568359375,3653.144775390625,2311
2312,-52448.92578125,101512.939453125,3464.7430419921875,3654.794189453125,2312
2313,-52396.844482421875,101669.35424804688,3468.7652587890625,3656.4443359375,2313
2314,-52344.82421875,101825.86669921875,3472.8225708007812,3658.095458984375,2314
2315,-52292.864990234375,101982.48291015625,3476.871109008789,3659.747314453125,2315
2316,-52240.972900390625,102139.19677734375,3480.878448486328,3661.399658203125,2316
2317,-52189.166259765625,102296.00219726562,3484.8358154296875,3663.052734375,2317
2318,-52137.457275390625,102452.9296875,3488.772964477539,3664.706787109375,2318
2319,-52085.85205078125,102609.94873046875,3492.7200317382812,3666.361328125,2319
2320,-52034.368896484375,102767.08984375,3496.7029571533203,3668.0166015625,2320
2321,-51983.001708984375,102924.35302734375,3500.7274627685547,3669.6728515625,2321
2322,-51931.75048828125,103081.7138671875,3504.7901153564453,3671.32958984375,2322
2323,-51880.615234375,103239.19677734375,3508.8722229003906,3672.987060546875,2323
2324,-51829.6142578125,103396.78955078125,3512.9722595214844,3674.64501953125,2324
2325,-51778.759765625,103554.4921875,3517.1112060546875,3676.3037109375,2325
2326,-51728.070068359375,103712.31689453125,3521.3211059570312,3677.962890625,2326
2327,-51677.5634765625,103870.27587890625,3525.6214141845703,3679.622802734375,2327
2328,-51627.23388671875,104028.38134765625,3529.9896240234375,3681.283935546875,2328
2329,-51577.08740234375,104186.5966796875,3534.3711853027344,3682.945556640625,2329
2330,-51527.142333984375,104344.95849609375,3538.7306213378906,3684.60791015625,2330
2331,-51477.423095703125,104503.4423828125,3543.0870056152344,3686.270751953125,2331
2332,-51427.947998046875,104662.07275390625,3547.5067138671875,3687.934326171875,2332
2333,-51378.741455078125,104820.849609375,3552.045440673828,3689.598388671875,2333
2334,-51329.803466796875,104979.79736328125,3556.690216064453,3691.26318359375,2334
2335,-51281.11572265625,105138.8916015625,3561.3502502441406,3692.9287109375,2335
2336,-51232.67822265625,105298.13232421875,3565.917205810547,3694.594970703125,2336
2337,-51184.48486328125,105457.50732421875,3570.3426361083984,3696.26171875,2337
2338,-51136.53259277344,105617.00439453125,3574.651336669922,3697.928955078125,2338
2339,-51088.83056640625,105776.66015625,3578.9337158203125,3699.596923828125,2339
2340,-51041.357421875,105936.43798828125,3583.285903930664,3701.265380859375,2340
2341,-50994.08874511719,106096.35009765625,3587.7525329589844,3702.9345703125,2341
2342,-50946.98791503906,106256.38427734375,3592.3179626464844,3704.604248046875,2342
2343,-50900.03356933594,106416.51611328125,3596.9146728515625,3706.2744140625,2343
2344,-50853.22265625,106576.7333984375,3601.483917236328,3707.9453125,2344
2345,-50806.55212402344,106736.9140625,3605.9974670410156,3709.615234375,2345
2346,-50760.07995605469,106896.8505859375,3610.4454040527344,3711.282470703125,2346
2347,-50713.90075683594,107056.14013671875,3614.8094177246094,3712.9423828125,2347
2348,-50668.10607910156,107214.39208984375,3619.0685272216797,3714.59130859375,2348
2349,-50622.73254394531,107371.44775390625,3623.2471466064453,3716.227783203125,2349
2350,-50577.789306640625,107527.28271484375,3627.411651611328,3717.851318359375,2350
2351,-50533.28857421875,107681.8603515625,3631.6490173339844,3719.46142578125,2351
2352,-50489.21813964844,107835.205078125,3636.024856567383,3721.05859375,2352
2353,-50445.59326171875,107987.3046875,3640.5834197998047,3722.642578125,2353
2354,-50402.392578125,108138.2080078125,3645.3277587890625,3724.2138671875,2354
2355,-50359.60998535156,108287.9150390625,3650.2246856689453,3725.772705078125,2355
2356,-50317.218017578125,108436.42578125,3655.200958251953,3727.319091796875,2356
2357,-50275.19836425781,108583.82568359375,3660.158920288086,3728.853759765625,2357
2358,-50233.53576660156,108730.029296875,3665.010452270508,3730.375732421875,2358
2359,-50192.22106933594,108875.03662109375,3669.6975708007812,3731.88525390625,2359
2360,-50145.43762207031,109039.29443359375,3674.8401641845703,3733.5947265625,2360
2361,-50099.13330078125,109201.96533203125,3679.8583984375,3735.287841796875,2361
2362,-50053.314208984375,109363.0126953125,3685.0452423095703,3736.964111328125,2362
2363,-50007.940673828125,109522.6318359375,3690.6265258789062,3738.62548828125,2363
2364,-49963.00354003906,109680.79833984375,3696.661376953125,3740.27197265625,2364
2365,-49918.45703125,109837.646484375,3702.873992919922,3741.904541015625,2365
2366,-49874.237060546875,109993.32275390625,3708.8062286376953,3743.52490234375,2366
2367,-49830.32531738281,110147.91259765625,3714.2494201660156,3745.134033203125,2367
2368,-49786.7431640625,110301.37939453125,3719.239044189453,3746.731201171875,2368
2369,-49743.5791015625,110453.3935546875,3723.9410400390625,3748.313232421875,2369
2370,-49700.946044921875,110603.6865234375,3728.744125366211,3749.877197265625,2370
2371,-49658.843994140625,110752.4169921875,3733.839797973633,3751.4248046875,2371
2372,-49617.291259765625,110899.51171875,3739.2322540283203,3752.955322265625,2372
2373,-49576.25732421875,111045.1171875,3744.8165893554688,3754.47021484375,2373
2374,-49530.65490722656,111207.23876953125,3751.108169555664,3756.156494140625,2374
2375,-49485.62927246094,111367.61474609375,3757.250213623047,3757.824462890625,2375
2376,-49441.253662109375,111526.03759765625,3763.2240295410156,3759.4716796875,2376
2377,-49397.515869140625,111682.62939453125,3769.0383911132812,3761.099365234375,2377
2378,-49354.327392578125,111837.6708984375,3774.5643615722656,3762.710693359375,2378
2379,-49311.64245605469,111991.27197265625,3779.720687866211,3764.306640625,2379
2380,-49269.464111328125,112143.37158203125,3784.5809936523438,3765.88671875,2380
2381,-49227.84118652344,112293.76220703125,3789.2715454101562,3767.448974609375,2381
2382,-49186.89880371094,112442.0654296875,3793.976593017578,3768.9892578125,2382
2383,-49146.71630859375,112588.2080078125,3799.013137817383,3770.5068359375,2383
2384,-49102.90832519531,112748.20556640625,3805.0567626953125,3772.167724609375,2384
2385,-49059.93347167969,112905.7861328125,3811.4261627197266,3773.80322265625,2385
2386,-49017.64221191406,113061.19384765625,3817.7722930908203,3775.416015625,2386
2387,-48975.83312988281,113214.92919921875,3823.625946044922,3777.011474609375,2387
2388,-48934.4482421875,113367.17529296875,3828.8761138916016,3778.591064453125,2388
2389,-48893.56994628906,113517.63916015625,3833.723831176758,3780.15185546875,2389
2390,-48853.3447265625,113665.83251953125,3838.578414916992,3781.689208984375,2390
2391,-48813.87023925781,113811.42578125,3843.670654296875,3783.199462890625,2391
2392,-48771.2890625,113968.64013671875,3849.578094482422,3784.830322265625,2392
2393,-48729.45251464844,114123.15673828125,3855.569839477539,3786.43310546875,2393
2394,-48688.287353515625,114275.20751953125,3861.3819122314453,3788.01025390625,2394
2395,-48647.83630371094,114424.658203125,3867.0772552490234,3789.560546875,2395
2396,-48608.099365234375,114571.30126953125,3872.8641510009766,3791.08203125,2396
2397,-48565.618896484375,114727.94189453125,3879.3827056884766,3792.707275390625,2397
2398,-48523.98986816406,114881.45751953125,3886.022186279297,3794.30029296875,2398
2399,-48483.12072753906,115032.14111328125,3892.5628662109375,3795.86376953125,2399
2400,-48442.97180175781,115180.126953125,3898.891830444336,3797.3994140625,2400
2401,-48403.57971191406,115325.3173828125,3905.087661743164,3798.906005859375,2401
2402,-48361.79504394531,115479.33349609375,3911.817169189453,3800.504150390625,2402
2403,-48320.99914550781,115629.77294921875,3918.6599731445312,3802.0654296875,2403
2404,-48281.16760253906,115776.81884765625,3925.474166870117,3803.591552734375,2404
2405,-48239.306640625,115931.72607421875,3932.616424560547,3805.19873046875,2405
2406,-48198.54431152344,116083.19091796875,3939.529800415039,3806.769775390625,2406
2407,-48158.94470214844,116231.2744140625,3946.3077545166016,3808.30517578125,2407
2408,-48117.89245605469,116386.474609375,3953.351593017578,3809.9130859375,2408
2409,-48078.3935546875,116538.037109375,3960.124969482422,3811.481689453125,2409
2410,-48040.62194824219,116685.9619140625,3966.7701721191406,3813.0107421875,2410
2411,-48002.37121582031,116839.95361328125,3973.6312866210938,3814.599853515625,2411
2412,-47966.27197265625,116990.41748046875,3980.055618286133,3816.1494140625,2412
2413,-47932.45849609375,117137.4267578125,3986.087417602539,3817.659912109375,2413
2414,-47899.27673339844,117289.8681640625,3992.266082763672,3819.22216796875,2414
2415,-47869.18640136719,117438.3544921875,3998.3360290527344,3820.7392578125,2415
2416,-47840.73486328125,117591.30859375,4004.6241760253906,3822.297119140625,2416
2417,-47816.15905761719,117740.17333984375,4010.6689453125,3823.807861328125,2417
2418,-47794.61364746094,117893.0908203125,4016.675567626953,3825.35400390625,2418
2419,-47776.544189453125,118049.462890625,4022.516632080078,3826.929931640625,2419
2420,-47763.336181640625,118201.220703125,4027.9285430908203,3828.454833984375,2420
2421,-47755.04150390625,118356.06689453125,4033.179473876953,3830.007080078125,2421
2422,-47752.6611328125,118506.53076171875,4038.022994995117,3831.51318359375,2422
2423,-47756.121826171875,118659.11865234375,4042.6483154296875,3833.040771484375,2423
2424,-47765.82336425781,118813.0859375,4046.8101501464844,3834.58447265625,2424
2425,-47782.696533203125,118962.353515625,4050.5191802978516,3836.087646484375,2425
2426,-47807.91015625,119113.65966796875,4053.7933349609375,3837.62255859375,2426
2427,-47839.94445800781,119260.55908203125,4056.129837036133,3839.126708984375,2427
2428,-47879.55017089844,119408.92333984375,4057.4657440185547,3840.662841796875,2428
2429,-47926.36413574219,119552.197265625,4058.5060119628906,3842.170654296875,2429
2430,-47982.55310058594,119695.81298828125,4059.006881713867,3843.713623046875,2430
2431,-48047.113037109375,119833.0322265625,4059.732437133789,3845.231201171875,2431
2432,-48122.528076171875,119968.310546875,4061.0275268554688,3846.78125,2432
2433,-48205.21545410156,120096.25244140625,4062.221145629883,3848.305908203125,2433
2434,-48298.101806640625,120220.9716796875,4063.2308959960938,3849.8623046875,2434
2435,-48395.08056640625,120335.498046875,4063.744354248047,3851.36474609375,2435
2436,-48499.676513671875,120444.873046875,4063.836669921875,3852.880126953125,2436
2437,-48612.078857421875,120548.3642578125,4063.6695861816406,3854.41015625,2437
2438,-48730.43212890625,120643.9208984375,4063.033676147461,3855.93359375,2438
2439,-48853.47900390625,120730.01708984375,4062.4561309814453,3857.43798828125,2439
2440,-48982.90100097656,120809.2529296875,4061.699676513672,3858.958251953125,2440
2441,-49118.243408203125,120881.25,4060.5228424072266,3860.494384765625,2441
2442,-49259.503173828125,120945.458984375,4059.1224670410156,3862.049560546875,2442
2443,-49400.57067871094,120999.169921875,4057.7301025390625,3863.5625,2443
2444,-49546.63391113281,121043.78662109375,4056.7413330078125,3865.09375,2444
2445,-49697.412109375,121078.64990234375,4056.3743591308594,3866.64501953125,2445
2446,-49846.85363769531,121102.50244140625,4056.986618041992,3868.162353515625,2446
2447,-50000.45166015625,121117.12646484375,4058.636474609375,3869.709228515625,2447
2448,-50151.01318359375,121123.35205078125,4060.650634765625,3871.22021484375,2448
2449,-50304.7607421875,121122.81494140625,4063.2625579833984,3872.761962890625,2449
2450,-50455.00793457031,121117.1875,4065.8157348632812,3874.269775390625,2450
2451,-50608.10546875,121107.84912109375,4068.328094482422,3875.807861328125,2451
2452,-50757.89794921875,121095.7275390625,4070.641326904297,3877.31494140625,2452
2453,-50910.70251464844,121080.029296875,4072.564697265625,3878.855224609375,2453
2454,-51066.424560546875,121059.55810546875,4074.3274688720703,3880.43017578125,2454
2455,-51217.32177734375,121035.09521484375,4075.900650024414,3881.962890625,2455
2456,-51369.580078125,121005.45654296875,4077.252197265625,3883.518310546875,2456
2457,-51522.711181640625,120970.34912109375,4078.543472290039,3885.09375,2457
2458,-51670.208740234375,120932.12890625,4079.9339294433594,3886.621826171875,2458
2459,-51819.659423828125,120889.66064453125,4081.3941955566406,3888.17919921875,2459
2460,-51963.6474609375,120845.8740234375,4082.6892852783203,3889.688720703125,2460
2461,-52109.808349609375,120798.92578125,4083.842086791992,3891.227783203125,2461
2462,-52258.111572265625,120748.93798828125,4084.8682403564453,3892.796875,2462
2463,-52400.592041015625,120698.64501953125,4085.7616424560547,3894.311767578125,2463
2464,-52544.915771484375,120645.3125,4086.492919921875,3895.854736328125,2464
2465,-52690.88134765625,120588.73291015625,4087.1150970458984,3897.424072265625,2465
2466,-52829.99267578125,120532.2265625,4087.6724243164062,3898.929443359375,2466
2467,-52970.41015625,120472.88818359375,4088.1698608398438,3900.457763671875,2467
2468,-53111.95068359375,120410.60791015625,4088.888168334961,3902.0078125,2468
2469,-53254.083251953125,120345.9228515625,4089.9898529052734,3903.5732421875,2469
2470,-53397.613525390625,120278.64990234375,4091.3578033447266,3905.161865234375,2470
2471,-53533.917236328125,120213.28125,4092.783737182617,3906.67724609375,2471
2472,-53671.478271484375,120146.1181640625,4094.2089080810547,3908.212158203125,2472
2473,-53810.455322265625,120077.11181640625,4095.5718994140625,3909.767822265625,2473
2474,-53950.79345703125,120006.1767578125,4097.006988525391,3911.34375,2474
2475,-54092.449951171875,119933.251953125,4098.698806762695,3912.9404296875,2475
2476,-54226.458740234375,119863.00048828125,4100.502395629883,3914.45751953125,2476
2477,-54361.62109375,119790.97900390625,4102.4993896484375,3915.99267578125,2477
2478,-54497.943115234375,119717.1875,4104.632568359375,3917.546630859375,2478
2479,-54635.491943359375,119641.63818359375,4106.897354125977,3919.119873046875,2479
2480,-54774.31640625,119564.55078125,4109.275054931641,3920.711669921875,2480
2481,-54914.508056640625,119486.04736328125,4111.75422668457,3922.322021484375,2481
2482,-55046.697998046875,119411.58447265625,4114.210510253906,3923.84326171875,2482
2483,-55180.23681640625,119335.986328125,4116.833114624023,3925.381591796875,2483
2484,-55315.155029296875,119259.3017578125,4119.668960571289,3926.937255859375,2484
2485,-55451.483154296875,119181.6162109375,4122.594833374023,3928.509765625,2485
2486,-55589.22119140625,119102.978515625,4125.453186035156,3930.099853515625,2486
2487,-55728.326416015625,119023.486328125,4128.163528442383,3931.705810546875,2487
2488,-55858.77685546875,118948.91357421875,4130.638885498047,3933.21240234375,2488
2489,-55990.545654296875,118873.583984375,4133.218765258789,3934.734619140625,2489
2490,-56123.602294921875,118797.57080078125,4135.979080200195,3936.270751953125,2490
2491,-56257.745361328125,118720.947265625,4138.898849487305,3937.8193359375,2491
2492,-56392.48046875,118643.98193359375,4141.788482666016,3939.375,2492
2493,-56528.271484375,118566.40625,4144.572448730469,3940.94287109375,2493
2494,-56664.95361328125,118488.34228515625,4147.298431396484,3942.520751953125,2494
2495,-56802.532958984375,118409.814453125,4150.019073486328,3944.10888671875,2495
2496,-56941.033935546875,118330.810546875,4152.7618408203125,3945.70703125,2496
2497,-57080.43212890625,118251.3427734375,4155.471038818359,3947.3154296875,2497
2498,-57220.745849609375,118171.39892578125,4158.039855957031,3948.93408203125,2498
2499,-57361.962890625,118090.966796875,4160.453414916992,3950.562744140625,2499
2500,-57493.133544921875,118016.259765625,4162.658309936523,3952.075927734375,2500
2501,-57625.09765625,117941.11328125,4164.94255065918,3953.59814453125,2501
2502,-57757.867431640625,117865.52734375,4167.345428466797,3955.1298828125,2502
2503,-57891.400146484375,117789.501953125,4169.880294799805,3956.670166015625,2503
2504,-58025.7080078125,117713.0615234375,4172.4456787109375,3958.219482421875,2504
2505,-58160.809326171875,117636.1572265625,4174.907684326172,3959.77783203125,2505
2506,-58296.728515625,117558.8134765625,4177.216339111328,3961.345458984375,2506
2507,-58433.41064453125,117481.06689453125,4179.427719116211,3962.92138671875,2507
2508,-58570.9228515625,117402.880859375,4181.579208374023,3964.507080078125,2508
2509,-58709.259033203125,117324.25537109375,4183.706283569336,3966.10205078125,2509
2510,-58848.406982421875,117245.1904296875,4185.81428527832,3967.706298828125,2510
2511,-58988.34228515625,117165.72265625,4187.8692626953125,3969.3193359375,2511
2512,-59129.095458984375,117085.82763671875,4189.859771728516,3970.941650390625,2512
2513,-59270.709228515625,117005.517578125,4191.823577880859,3972.5732421875,2513
2514,-59401.23291015625,116931.5185546875,4193.662643432617,3974.07763671875,2514
2515,-59532.45849609375,116857.16552734375,4195.583724975586,3975.58984375,2515
2516,-59664.385986328125,116782.421875,4197.573089599609,3977.10986328125,2516
2517,-59797.00927734375,116707.31201171875,4199.5391845703125,3978.637451171875,2517
2518,-59930.328369140625,116631.8359375,4201.289749145508,3980.17333984375,2518
2519,-60064.29443359375,116555.9814453125,4202.7008056640625,3981.71630859375,2519
2520,-60198.870849609375,116479.7607421875,4203.802490234375,3983.2666015625,2520
2521,-60334.210205078125,116403.13720703125,4204.773712158203,3984.82568359375,2521
2522,-60470.32470703125,116326.08642578125,4205.859756469727,3986.393310546875,2522
2523,-60607.1533203125,116248.6572265625,4207.206726074219,3987.96923828125,2523
2524,-60744.66552734375,116170.849609375,4208.726119995117,3989.552978515625,2524
2525,-60882.843017578125,116092.68798828125,4210.19401550293,3991.144287109375,2525
2526,-61021.6796875,116014.14794921875,4211.444091796875,3992.742919921875,2526
2527,-61161.19384765625,115935.2783203125,4212.497711181641,3994.348876953125,2527
2528,-61301.42822265625,115856.04248046875,4213.542175292969,3995.963134765625,2528
2529,-61442.352294921875,115776.4404296875,4214.744186401367,3997.58544921875,2529
2530,-61583.97216796875,115696.52099609375,4216.103363037109,3999.215087890625,2530
2531,-61726.23291015625,115616.24755859375,4217.400741577148,4000.851806640625,2531
2532,-61869.1162109375,115535.65673828125,4218.387603759766,4002.49560546875,2532
2533,-62012.335205078125,115454.89501953125,4218.979644775391,4004.143310546875,2533
2534,-62155.999755859375,115373.88916015625,4219.340133666992,4005.796142578125,2534
2535,-62287.060546875,115300,4219.702529907227,4007.3046875,2535
2536,-62418.548583984375,115225.91552734375,4220.253372192383,4008.8173828125,2536
2537,-62550.445556640625,115151.6357421875,4221.030426025391,4010.3349609375,2537
2538,-62682.72705078125,115077.1240234375,4221.964263916016,4011.85693359375,2538
2539,-62815.41748046875,115002.392578125,4222.932815551758,4013.3837890625,2539
2540,-62948.516845703125,114927.44140625,4223.851013183594,4014.9150390625,2540
2541,-63082.012939453125,114852.2705078125,4224.699401855469,4016.45068359375,2541
2542,-63215.911865234375,114776.8798828125,4225.448989868164,4017.9912109375,2542
2543,-63350.23193359375,114701.25732421875,4226.057052612305,4019.53662109375,2543
2544,-63484.9365234375,114625.390625,4226.469039916992,4021.0859375,2544
2545,-63620.03173828125,114549.2919921875,4226.633453369141,4022.64013671875,2545
2546,-63755.52978515625,114472.96142578125,4226.602935791016,4024.198974609375,2546
2547,-63891.461181640625,114396.38671875,4226.518249511719,4025.762939453125,2547
2548,-64027.825927734375,114319.6044921875,4226.537704467773,4027.331298828125,2548
2549,-64164.630126953125,114242.61474609375,4226.727676391602,4028.90478515625,2549
2550,-64301.861572265625,114165.41748046875,4227.040100097656,4030.48291015625,2550
2551,-64439.520263671875,114088.04931640625,4227.370452880859,4032.06591796875,2551
2552,-64577.6123046875,114010.46142578125,4227.6092529296875,4033.6533203125,2552
2553,-64716.17431640625,113932.65380859375,4227.714920043945,4035.24609375,2553
2554,-64855.206298828125,113854.62646484375,4227.704620361328,4036.84423828125,2554
2555,-64994.708251953125,113776.37939453125,4227.622222900391,4038.447509765625,2555
2556,-65134.686279296875,113697.91259765625,4227.544403076172,4040.0556640625,2556
2557,-65275.140380859375,113619.22607421875,4227.544784545898,4041.6689453125,2557
2558,-65416.0888671875,113540.3076171875,4227.634429931641,4043.2880859375,2558
2559,-65557.51342773438,113461.14501953125,4227.722549438477,4044.912109375,2559
2560,-65699.38354492188,113381.7626953125,4227.708053588867,4046.541259765625,2560
2561,-65841.68701171875,113302.18505859375,4227.531433105469,4048.175048828125,2561
2562,-65984.49096679688,113222.36328125,4227.184295654297,4049.814208984375,2562
2563,-66127.78930664062,113142.3095703125,4226.694107055664,4051.459228515625,2563
2564,-66271.54541015625,113062.0361328125,4226.080322265625,4053.10888671875,2564
2565,-66415.73486328125,112981.54296875,4225.396728515625,4054.763671875,2565
2566,-66560.38818359375,112900.79345703125,4224.753189086914,4056.423828125,2566
2567,-66705.517578125,112819.78759765625,4224.260330200195,4058.089111328125,2567
2568,-66836.54174804688,112746.66748046875,4223.833847045898,4059.593505859375,2568
2569,-66967.92602539062,112673.33984375,4223.234176635742,4061.10205078125,2569
2570,-67099.57275390625,112599.8779296875,4222.3175048828125,4062.613525390625,2570
2571,-67231.4697265625,112526.25732421875,4221.023178100586,4064.127685546875,2571
2572,-67363.8427734375,112452.3681640625,4219.522857666016,4065.647705078125,2572
2573,-67496.64916992188,112378.23486328125,4218.050384521484,4067.17236328125,2573
2574,-67629.84008789062,112303.90625,4216.774749755859,4068.70166015625,2574
2575,-67763.39111328125,112229.3701171875,4215.720748901367,4070.235107421875,2575
2576,-67897.29614257812,112154.62646484375,4214.750289916992,4071.7724609375,2576
2577,-68031.52465820312,112079.69970703125,4213.661575317383,4073.3134765625,2577
2578,-68166.0888671875,112004.55322265625,4212.326431274414,4074.858154296875,2578
2579,-68301.00708007812,111929.18701171875,4210.774612426758,4076.4072265625,2579
2580,-68436.26708984375,111853.564453125,4209.1644287109375,4077.9609375,2580
2581,-68571.82006835938,111777.62451171875,4207.667541503906,4079.518310546875,2581
2582,-68707.59887695312,111701.28173828125,4206.364059448242,4081.079833984375,2582
2583,-68843.52416992188,111624.365234375,4205.204391479492,4082.64501953125,2583
2584,-68979.5166015625,111546.8017578125,4204.036331176758,4084.214111328125,2584
2585,-69115.49682617188,111468.505859375,4202.680587768555,4085.78662109375,2585
2586,-69251.37939453125,111389.36767578125,4201.047134399414,4087.363037109375,2586
2587,-69387.0361328125,111309.2041015625,4199.201583862305,4088.942626953125,2587
2588,-69522.32666015625,111227.74658203125,4197.343063354492,4090.52587890625,2588
2589,-69657.080078125,111144.775390625,4195.669937133789,4092.112060546875,2589
2590,-69791.2353515625,111060.24169921875,4194.258880615234,4093.701416015625,2590
2591,-69924.7802734375,110974.1943359375,4193.032073974609,4095.293212890625,2591
2592,-70057.6904296875,110886.669921875,4191.814422607422,4096.88818359375,2592
2593,-70189.94750976562,110797.75390625,4190.462112426758,4098.48583984375,2593
2594,-70321.52099609375,110707.421875,4188.962936401367,4100.0849609375,2594
2595,-70452.3193359375,110615.52734375,4187.427139282227,4101.68701171875,2595
2596,-70582.01293945312,110522.15576171875,4185.970687866211,4103.28857421875,2596
2597,-70710.67504882812,110427.16064453125,4184.660720825195,4104.89111328125,2597
2598,-70838.33618164062,110330.56640625,4183.485794067383,4106.49560546875,2598
2599,-70965.02685546875,110232.43408203125,4182.357406616211,4108.1015625,2599
2600,-71090.81420898438,110132.82470703125,4181.180572509766,4109.70947265625,2600
2601,-71215.72875976562,110031.79931640625,4179.909515380859,4111.3193359375,2601
2602,-71339.7705078125,109929.38232421875,4178.521728515625,4112.93115234375,2602
2603,-71462.92724609375,109825.5859375,4177.025985717773,4114.544921875,2603
2604,-71585.1806640625,109720.42236328125,4175.440216064453,4116.16064453125,2604
2605,-71706.51245117188,109613.90380859375,4173.775863647461,4117.7783203125,2605
2606,-71826.91040039062,109505.99365234375,4172.048187255859,4119.3984375,2606
2607,-71946.37451171875,109396.728515625,4170.257568359375,4121.0205078125,2607
2608,-72064.95361328125,109286.181640625,4168.366241455078,4122.64501953125,2608
2609,-72182.666015625,109174.37744140625,4166.310501098633,4124.271484375,2609
2610,-72299.52392578125,109061.38916015625,4164.02702331543,4125.89990234375,2610
2611,-72415.58227539062,108947.25341796875,4161.462783813477,4127.53076171875,2611
2612,-72530.87158203125,108831.99462890625,4158.588027954102,4129.1640625,2612
2613,-72645.44067382812,108715.6494140625,4155.342483520508,4130.80029296875,2613
2614,-72759.3505859375,108598.37646484375,4151.641845703125,4132.4384765625,2614
2615,-72872.57690429688,108480.224609375,4147.427749633789,4134.07861328125,2615
2616,-72985.009765625,108361.12060546875,4142.760467529297,4135.7197265625,2616
2617,-73096.52099609375,108240.88134765625,4137.773895263672,4137.36328125,2617
2618,-73207.00073242188,108119.4091796875,4132.622146606445,4139.0087890625,2618
2619,-73316.38793945312,107996.71630859375,4127.358245849609,4140.65625,2619
2620,-73424.63989257812,107872.8515625,4121.964645385742,4142.3046875,2620
2621,-73531.71997070312,107747.86376953125,4116.39518737793,4143.9541015625,2621
2622,-73637.646484375,107621.7041015625,4110.626983642578,4145.60498046875,2622
2623,-73742.44995117188,107494.42138671875,4104.651260375977,4147.25732421875,2623
2624,-73846.15478515625,107366.015625,4098.461151123047,4148.91162109375,2624
2625,-73948.681640625,107236.474609375,4092.083740234375,4150.5673828125,2625
2626,-74049.853515625,107105.72509765625,4085.6521606445312,4152.22412109375,2626
2627,-74149.48120117188,106973.62060546875,4079.354476928711,4153.88232421875,2627
2628,-74247.52807617188,106840.1123046875,4073.3016967773438,4155.54248046875,2628
2629,-74344.00634765625,106705.23681640625,4067.498779296875,4157.2041015625,2629
2630,-74438.90991210938,106569.05517578125,4061.8831634521484,4158.86767578125,2630
2631,-74532.25708007812,106431.60400390625,4056.4041137695312,4160.53271484375,2631
2632,-74624.0478515625,106292.95654296875,4050.992202758789,4162.19873046875,2632
2633,-74714.2822265625,106153.11279296875,4045.6336975097656,4163.8662109375,2633
2634,-74802.9296875,106012.02392578125,4040.3697967529297,4165.53564453125,2634
2635,-74889.88647460938,105869.66552734375,4035.2855682373047,4167.20654296875,2635
2636,-74975.12817382812,105726.08642578125,4030.3787231445312,4168.87939453125,2636
2637,-75058.68530273438,105581.33544921875,4025.615692138672,4170.5537109375,2637
2638,-75140.61889648438,105435.44921875,4020.906448364258,4172.22998046875,2638
2639,-75221.03881835938,105288.4765625,4016.139602661133,4173.908203125,2639
2640,-75299.96948242188,105140.49072265625,4011.2586975097656,4175.58837890625,2640
2641,-75377.34985351562,104991.49169921875,4006.2816619873047,4177.27001953125,2641
2642,-75453.08837890625,104841.41845703125,4001.2954711914062,4178.9541015625,2642
2643,-75527.099609375,104690.27099609375,3996.3924407958984,4180.6396484375,2643
2644,-75599.29809570312,104538.037109375,3991.646957397461,4182.3271484375,2644
2645,-75669.6044921875,104384.70458984375,3987.1109008789062,4184.0166015625,2645
2646,-75730.42602539062,104247.509765625,3983.296585083008,4185.52001953125,2646
2647,-75789.61791992188,104109.4482421875,3979.7359466552734,4187.02490234375,2647
2648,-75847.119140625,103970.5322265625,3976.4774322509766,4188.53076171875,2648
2649,-75902.89916992188,103830.74951171875,3973.5530853271484,4190.0380859375,2649
2650,-75956.97631835938,103690.17333984375,3970.9487915039062,4191.54638671875,2650
2651,-76009.38720703125,103548.81591796875,3968.6203002929688,4193.05615234375,2651
2652,-76060.17456054688,103406.7138671875,3966.5054321289062,4194.5673828125,2652
2653,-76109.33837890625,103263.916015625,3964.5618438720703,4196.07958984375,2653
2654,-76156.86645507812,103120.4345703125,3962.787628173828,4197.59326171875,2654
2655,-76202.70385742188,102976.26953125,3961.2319946289062,4199.10791015625,2655
2656,-76246.74072265625,102831.40869140625,3959.9903106689453,4200.6240234375,2656
2657,-76288.85498046875,102685.87646484375,3959.170150756836,4202.14111328125,2657
2658,-76328.98559570312,102539.6728515625,3958.8497161865234,4203.6591796875,2658
2659,-76367.14477539062,102392.81616210938,3959.0438842773438,4205.17822265625,2659
2660,-76403.36303710938,102245.35522460938,3959.694290161133,4206.6982421875,2660
2661,-76437.70751953125,102097.3388671875,3960.712432861328,4208.21923828125,2661
2662,-76470.23315429688,101948.80981445312,3962.0121002197266,4209.74169921875,2662
2663,-76500.97045898438,101799.78637695312,3963.559341430664,4211.26513671875,2663
2664,-76529.92553710938,101650.28076171875,3965.3518676757812,4212.78955078125,2664
2665,-76557.14721679688,101500.32348632812,3967.3904418945312,4214.3154296875,2665
2666,-76582.6416015625,101349.94506835938,3969.6624755859375,4215.84228515625,2666
2667,-76606.48193359375,101199.13940429688,3972.117233276367,4217.37060546875,2667
2668,-76628.80249023438,101047.95532226562,3974.6700286865234,4218.900390625,2668
2669,-76649.70092773438,100896.42333984375,3977.224349975586,4220.431640625,2669
2670,-76669.25659179688,100744.56176757812,3979.7115325927734,4221.96435546875,2670
2671,-76687.48168945312,100592.37060546875,3982.12890625,4223.4990234375,2671
2672,-76704.35180664062,100439.85595703125,3984.5245361328125,4225.03515625,2672
2673,-76719.8486328125,100287.02392578125,3986.9632720947266,4226.57275390625,2673
2674,-76733.97827148438,100133.88671875,3989.4752502441406,4228.1123046875,2674
2675,-76746.79565429688,99980.46264648438,3992.0326232910156,4229.6533203125,2675
2676,-76758.36181640625,99826.77001953125,3994.5892333984375,4231.1962890625,2676
2677,-76768.73779296875,99672.8271484375,3997.097396850586,4232.74072265625,2677
2678,-76778.0029296875,99518.6279296875,3999.5315551757812,4234.287109375,2678
2679,-76786.23657226562,99364.16625976562,4001.8810272216797,4235.83544921875,2679
2680,-76793.505859375,99209.45434570312,4004.1213989257812,4237.3857421875,2680
2681,-76799.88403320312,99054.51049804688,4006.221389770508,4238.93798828125,2681
2682,-76805.45043945312,98899.33471679688,4008.1520080566406,4240.4921875,2682
2683,-76810.2783203125,98743.92700195312,4009.909439086914,4242.04833984375,2683
2684,-76814.3798828125,98588.28735351562,4011.5169525146484,4243.60693359375,2684
2685,-76817.78564453125,98432.421875,4013.0104064941406,4245.16748046875,2685
2686,-76820.51391601562,98276.33056640625,4014.4275665283203,4246.72998046875,2686
2687,-76822.59521484375,98120.01953125,4015.7867431640625,4248.29443359375,2687
2688,-76824.06005859375,97963.48266601562,4017.0764923095703,4249.861328125,2688
2689,-76824.95727539062,97806.73217773438,4018.2449340820312,4251.43017578125,2689
2690,-76825.32958984375,97649.76806640625,4019.244384765625,4253.0009765625,2690
2691,-76825.18310546875,97492.59033203125,4020.0729370117188,4254.57421875,2691
2692,-76824.52392578125,97335.205078125,4020.76416015625,4256.1494140625,2692
2693,-76823.388671875,97177.59399414062,4021.3245391845703,4257.7265625,2693
2694,-76821.8017578125,97019.75708007812,4021.714401245117,4259.30615234375,2694
2695,-76819.84252929688,96861.72485351562,4021.8650817871094,4260.8876953125,2695
2696,-76817.54760742188,96703.49731445312,4021.7620849609375,4262.47119140625,2696
2697,-76814.92309570312,96545.06225585938,4021.500778198242,4264.05712890625,2697
2698,-76811.92016601562,96386.38305664062,4021.2173461914062,4265.6455078125,2698
2699,-76808.57543945312,96227.48413085938,4021.0376739501953,4267.236328125,2699
2700,-76804.91333007812,96068.359375,4020.9976196289062,4268.8291015625,2700
2701,-76800.9765625,95909.01489257812,4021.0620880126953,4270.42431640625,2701
2702,-76796.81396484375,95749.462890625,4021.179962158203,4272.021484375,2702
2703,-76792.44384765625,95589.697265625,4021.30126953125,4273.62109375,2703
2704,-76787.87841796875,95429.7119140625,4021.417236328125,4275.22265625,2704
2705,-76783.11767578125,95269.50073242188,4021.542739868164,4276.82666015625,2705
2706,-76778.16772460938,95109.06372070312,4021.6705322265625,4278.43310546875,2706
2707,-76773.04077148438,94948.4130859375,4021.779251098633,4280.04150390625,2707
2708,-76767.74291992188,94787.548828125,4021.8460083007812,4281.65234375,2708
2709,-76762.24975585938,94626.4892578125,4021.8883514404297,4283.26513671875,2709
2710,-76756.54296875,94465.2099609375,4021.9539642333984,4284.88037109375,2710
2711,-76750.60424804688,94303.71704101562,4022.079849243164,4286.49755859375,2711
2712,-76744.40307617188,94142.01049804688,4022.2801208496094,4288.1171875,2712
2713,-76737.84790039062,93980.10864257812,4022.541046142578,4289.73876953125,2713
2714,-76730.87158203125,93818.02368164062,4022.830581665039,4291.3623046875,2714
2715,-76723.388671875,93655.74951171875,4023.1346130371094,4292.98779296875,2715
2716,-76715.30151367188,93493.310546875,4023.4493255615234,4294.615234375,2716
2717,-76706.53686523438,93330.70068359375,4023.782730102539,4296.24462890625,2717
2718,-76697.01538085938,93167.93823242188,4024.136734008789,4297.8759765625,2718
2719,-76686.6943359375,93005.03540039062,4024.5182037353516,4299.50927734375,2719
2720,-76675.537109375,92842.00439453125,4024.9008178710938,4301.14453125,2720
2721,-76663.51928710938,92678.85131835938,4025.248336791992,4302.78173828125,2721
2722,-76650.60424804688,92515.58227539062,4025.5443572998047,4304.42041015625,2722
2723,-76636.76147460938,92352.21557617188,4025.7884979248047,4306.06103515625,2723
2724,-76621.96655273438,92188.76342773438,4025.992965698242,4307.70361328125,2724
2725,-76606.1767578125,92025.2197265625,4026.173782348633,4309.34765625,2725
2726,-76589.39819335938,91861.60888671875,4026.343536376953,4310.99365234375,2726
2727,-76571.62475585938,91697.9248046875,4026.5003204345703,4312.64111328125,2727
2728,-76552.84423828125,91534.18579101562,4026.6517639160156,4314.2900390625,2728
2729,-76533.04443359375,91370.39794921875,4026.828384399414,4315.94091796875,2729
2730,-76512.21313476562,91206.57348632812,4027.0565032958984,4317.59326171875,2730
2731,-76490.34423828125,91042.70629882812,4027.353286743164,4319.24755859375,2731
2732,-76467.46826171875,90878.79638671875,4027.6905059814453,4320.9033203125,2732
2733,-76443.64013671875,90714.85595703125,4027.999496459961,4322.56103515625,2733
2734,-76418.896484375,90550.89111328125,4028.2054901123047,4324.22021484375,2734
2735,-76393.25561523438,90386.90795898438,4028.271484375,4325.880859375,2735
2736,-76366.69921875,90222.89428710938,4028.2039642333984,4327.54345703125,2736
2737,-76339.23950195312,90058.8623046875,4028.009796142578,4329.20751953125,2737
2738,-76310.89477539062,89894.7998046875,4027.667236328125,4330.87353515625,2738
2739,-76281.67724609375,89730.7373046875,4027.1400451660156,4332.541015625,2739
2740,-76251.60522460938,89566.6748046875,4026.4114379882812,4334.2099609375,2740
2741,-76220.63598632812,89402.6123046875,4025.516891479492,4335.88037109375,2741
2742,-76188.6962890625,89238.58642578125,4024.542999267578,4337.55224609375,2742
2743,-76155.72509765625,89074.5849609375,4023.5958099365234,4339.22607421875,2743
2744,-76121.68579101562,88910.63842773438,4022.753143310547,4340.9013671875,2744
2745,-76086.5966796875,88746.74072265625,4022.0191955566406,4342.57861328125,2745
2746,-76050.52490234375,88582.87963867188,4021.3123321533203,4344.25732421875,2746
2747,-76013.53759765625,88419.0673828125,4020.5101013183594,4345.9375,2747
2748,-75975.66528320312,88255.31616210938,4019.5396423339844,4347.619140625,2748
2749,-75936.87133789062,88091.61987304688,4018.426513671875,4349.30224609375,2749
2750,-75897.07641601562,87927.99072265625,4017.2576904296875,4350.9873046875,2750
2751,-75856.28051757812,87764.43481445312,4016.092300415039,4352.673828125,2751
2752,-75814.51416015625,87600.9521484375,4014.932632446289,4354.36181640625,2752
2753,-75771.82006835938,87437.548828125,4013.723373413086,4356.0517578125,2753
2754,-75728.23486328125,87274.27978515625,4012.4061584472656,4357.74267578125,2754
2755,-75683.85009765625,87111.29760742188,4010.9371185302734,4359.43310546875,2755
2756,-75638.64135742188,86948.45581054688,4009.2971801757812,4361.1240234375,2756
2757,-75592.64526367188,86785.71166992188,4007.4981689453125,4362.81591796875,2757
2758,-75545.81909179688,86623.05908203125,4005.5679321289062,4364.50927734375,2758
2759,-75498.21166992188,86460.498046875,4003.564453125,4366.2041015625,2759
2760,-75449.78637695312,86298.03466796875,4001.5750885009766,4367.900390625,2760
2761,-75400.59814453125,86135.65673828125,3999.665069580078,4369.59814453125,2761
2762,-75350.68359375,85973.33374023438,3997.8515625,4371.29736328125,2762
2763,-75300.10986328125,85811.05346679688,3996.0987091064453,4372.998046875,2763
2764,-75248.96240234375,85648.79760742188,3994.321060180664,4374.7001953125,2764
2765,-75197.29614257812,85486.54174804688,3992.4339294433594,4376.40380859375,2765
2766,-75145.14770507812,85324.28588867188,3990.4022216796875,4378.10888671875,2766
2767,-75092.5048828125,85162.03002929688,3988.219451904297,4379.8154296875,2767
2768,-75039.36157226562,84999.77416992188,3985.911178588867,4381.52392578125,2768
2769,-74985.6689453125,84837.51831054688,3983.5304260253906,4383.23388671875,2769
2770,-74931.396484375,84675.30517578125,3981.1290740966797,4384.9453125,2770
2771,-74876.4892578125,84513.134765625,3978.717803955078,4386.658203125,2771
2772,-74820.93505859375,84351.03149414062,3976.245880126953,4388.37255859375,2772
2773,-74771.81396484375,84209.23461914062,3973.9307403564453,4389.87451171875,2773
2774,-74722.2412109375,84067.48657226562,3971.3653564453125,4391.37744140625,2774
2775,-74672.20458984375,83925.79345703125,3968.490219116211,4392.88134765625,2775
2776,-74621.68579101562,83784.1796875,3965.2999877929688,4394.38623046875,2776
2777,-74570.60546875,83642.6513671875,3961.852264404297,4395.89208984375,2777
2778,-74518.86596679688,83501.2451171875,3958.26416015625,4397.39892578125,2778
2779,-74466.35131835938,83360.01586914062,3954.678726196289,4398.90673828125,2779
2780,-74412.98828125,83218.994140625,3951.2191772460938,4400.416015625,2780
2781,-74358.75854492188,83078.18603515625,3947.945022583008,4401.92626953125,2781
2782,-74303.662109375,82937.59155273438,3944.8348999023438,4403.4375,2782
2783,-74247.76611328125,82797.19848632812,3941.776657104492,4404.94970703125,2783
2784,-74191.1376953125,82657.00073242188,3938.6260986328125,4406.462890625,2784
2785,-74133.81958007812,82516.9921875,3935.2798461914062,4407.97705078125,2785
2786,-74075.81176757812,82377.17895507812,3931.7054748535156,4409.4921875,2786
2787,-74017.07153320312,82237.5732421875,3927.9422760009766,4411.00830078125,2787
2788,-73957.53173828125,82098.18725585938,3924.063491821289,4412.525390625,2788
2789,-73897.16796875,81959.05151367188,3920.132827758789,4414.04345703125,2789
2790,-73835.986328125,81820.166015625,3916.1514282226562,4415.5625,2790
2791,-73774.0478515625,81681.5185546875,3912.073516845703,4417.08251953125,2791
2792,-73711.38305664062,81543.10913085938,3907.830047607422,4418.603515625,2792
2793,-73648.01635742188,81404.94995117188,3903.3782958984375,4420.125,2793
2794,-73583.90502929688,81267.041015625,3898.7438201904297,4421.6474609375,2794
2795,-73518.96362304688,81129.42504882812,3894.0174102783203,4423.1708984375,2795
2796,-73453.125,80992.13256835938,3889.3165588378906,4424.69482421875,2796
2797,-73386.3525390625,80855.18188476562,3884.7427368164062,4426.2197265625,2797
2798,-73318.64624023438,80718.5791015625,3880.331039428711,4427.74560546875,2798
2799,-73250.07934570312,80582.28759765625,3876.0257720947266,4429.2724609375,2799
2800,-73180.70678710938,80446.29516601562,3871.7147827148438,4430.80078125,2800
2801,-73110.595703125,80310.58959960938,3867.2794342041016,4432.32958984375,2801
2802,-73039.78271484375,80175.15258789062,3862.656021118164,4433.859375,2802
2803,-72968.2373046875,80040.0146484375,3857.8628540039062,4435.39013671875,2803
2804,-72895.9228515625,79905.17578125,3852.9537200927734,4436.921875,2804
2805,-72822.83325195312,79770.63598632812,3847.9660034179688,4438.45458984375,2805
2806,-72748.974609375,79636.39526367188,3842.919158935547,4439.98828125,2806
2807,-72674.34692382812,79502.49633789062,3837.8211975097656,4441.52294921875,2807
2808,-72598.92578125,79368.95141601562,3832.706832885742,4443.05810546875,2808
2809,-72522.68676757812,79235.76049804688,3827.618408203125,4444.59423828125,2809
2810,-72445.63598632812,79102.92358398438,3822.5772857666016,4446.13134765625,2810
2811,-72367.80395507812,78970.4345703125,3817.5609588623047,4447.66943359375,2811
2812,-72289.2333984375,78838.26904296875,3812.5076293945312,4449.20849609375,2812
2813,-72209.97314453125,78706.4208984375,3807.3402404785156,4450.74853515625,2813
2814,-72130.06591796875,78574.86572265625,3801.999282836914,4452.28955078125,2814
2815,-72049.51171875,78443.603515625,3796.4733123779297,4453.83154296875,2815
2816,-71968.28002929688,78312.65258789062,3790.8092498779297,4455.37451171875,2816
2817,-71886.32202148438,78182.03125,3785.098648071289,4456.91845703125,2817
2818,-71803.61938476562,78051.75170898438,3779.43115234375,4458.46337890625,2818
2819,-71720.17211914062,77921.82006835938,3773.8525390625,4460.00927734375,2819
2820,-71636.02294921875,77792.20581054688,3768.3425903320312,4461.55615234375,2820
2821,-71551.21459960938,77662.87841796875,3762.8173828125,4463.1044921875,2821
2822,-71465.8203125,77533.83178710938,3757.1868896484375,4464.65380859375,2822
2823,-71379.8828125,77405.03540039062,3751.370620727539,4466.2041015625,2823
2824,-71293.42651367188,77276.47094726562,3745.323944091797,4467.75537109375,2824
2825,-71206.43310546875,77148.14453125,3739.0636444091797,4469.3076171875,2825
2826,-71118.89038085938,77020.068359375,3732.6587677001953,4470.86083984375,2826
2827,-71030.72509765625,76892.27905273438,3726.207733154297,4472.41552734375,2827
2828,-70941.92504882812,76764.78881835938,3719.808578491211,4473.97119140625,2828
2829,-70852.48413085938,76637.59765625,3713.5231018066406,4475.5283203125,2829
2830,-70762.41455078125,76510.70556640625,3707.3570251464844,4477.08642578125,2830
2831,-70671.73461914062,76384.11254882812,3701.267623901367,4478.6455078125,2831
2832,-70580.47485351562,76257.79418945312,3695.1961517333984,4480.2060546875,2832
2833,-70488.65966796875,76131.75048828125,3689.0907287597656,4481.767578125,2833
2834,-70396.2890625,76005.96923828125,3682.9421997070312,4483.330078125,2834
2835,-70303.3203125,75880.48706054688,3676.7921447753906,4484.8935546875,2835
2836,-70209.75341796875,75755.31005859375,3670.7130432128906,4486.4580078125,2836
2837,-70115.54565429688,75630.46875,3664.790725708008,4488.02392578125,2837
2838,-70020.6787109375,75505.9814453125,3659.113311767578,4489.5908203125,2838
2839,-69925.15258789062,75381.84814453125,3653.722381591797,4491.15869140625,2839
2840,-69828.96118164062,75258.06274414062,3648.617172241211,4492.72802734375,2840
2841,-69732.14721679688,75134.619140625,3643.7545776367188,4494.29833984375,2841
2842,-69634.72900390625,75011.50512695312,3639.058303833008,4495.86962890625,2842
2843,-69536.72485351562,74888.71459960938,3634.4470977783203,4497.44189453125,2843
2844,-69438.16528320312,74766.22314453125,3629.877471923828,4499.015625,2844
2845,-69339.05639648438,74644.03076171875,3625.3341674804688,4500.59033203125,2845
2846,-69239.39819335938,74522.13745117188,3620.8099365234375,4502.166015625,2846
2847,-69139.21508789062,74400.51879882812,3616.2986755371094,4503.7431640625,2847
2848,-69038.51318359375,74279.18090820312,3611.7774963378906,4505.3212890625,2848
2849,-68937.32299804688,74158.10546875,3607.213592529297,4506.900390625,2849
2850,-68835.64453125,74037.3046875,3602.591323852539,4508.48046875,2850
2851,-68733.48999023438,73916.7724609375,3597.910690307617,4510.06201171875,2851
2852,-68630.85327148438,73796.50268554688,3593.1777954101562,4511.64453125,2852
2853,-68527.734375,73676.49536132812,3588.3914947509766,4513.22802734375,2853
2854,-68424.15771484375,73556.74438476562,3583.536148071289,4514.81298828125,2854
2855,-68320.13549804688,73437.22534179688,3578.5751342773438,4516.39892578125,2855
2856,-68215.69213867188,73317.9443359375,3573.4764099121094,4517.98583984375,2856
2857,-68110.82763671875,73198.89526367188,3568.2491302490234,4519.57373046875,2857
2858,-68005.52368164062,73080.09643554688,3562.937545776367,4521.16259765625,2858
2859,-67899.76806640625,72961.5478515625,3557.6011657714844,4522.7529296875,2859
2860,-67793.54858398438,72843.24340820312,3552.2754669189453,4524.34423828125,2860
2861,-67686.90185546875,72725.1708984375,3546.9356536865234,4525.93701171875,2861
2862,-67579.8583984375,72607.30590820312,3541.4993286132812,4527.53076171875,2862
2863,-67472.45483398438,72489.64233398438,3535.8985900878906,4529.12548828125,2863
2864,-67364.68505859375,72372.17407226562,3530.11474609375,4530.72119140625,2864
2865,-67256.53686523438,72254.91333007812,3524.185562133789,4532.318359375,2865
2866,-67147.97973632812,72137.87231445312,3518.1869506835938,4533.91650390625,2866
2867,-67039.00756835938,72021.05712890625,3512.165069580078,4535.515625,2867
2868,-66929.63256835938,71904.44946289062,3506.1031341552734,4537.1162109375,2868
2869,-66819.89135742188,71788.037109375,3499.943161010742,4538.7177734375,2869
2870,-66709.79614257812,71671.82006835938,3493.627166748047,4540.3203125,2870
2871,-66599.37133789062,71555.7861328125,3487.1395111083984,4541.92431640625,2871
2872,-66488.59252929688,71439.94750976562,3480.5381774902344,4543.529296875,2872
2873,-66377.42919921875,71324.31640625,3473.9253997802734,4545.13525390625,2873
2874,-66265.87524414062,71208.88671875,3467.403030395508,4546.74267578125,2874
2875,-66153.9306640625,71093.65844726562,3461.049270629883,4548.35107421875,2875
2876,-66041.6259765625,70978.60717773438,3454.883575439453,4549.96044921875,2876
2877,-65928.97338867188,70863.70849609375,3448.8739013671875,4551.5712890625,2877
2878,-65816.015625,70748.94409179688,3442.9466247558594,4553.18310546875,2878
2879,-65702.79541015625,70634.27734375,3437.008285522461,4554.79638671875,2879
2880,-65589.33715820312,70519.69604492188,3430.987548828125,4556.41064453125,2880
2881,-65475.653076171875,70405.18188476562,3424.8641967773438,4558.0263671875,2881
2882,-65361.749267578125,70290.72875976562,3418.667984008789,4559.64306640625,2882
2883,-65247.6318359375,70176.318359375,3412.4610900878906,4561.2607421875,2883
2884,-65133.31298828125,70061.94458007812,3406.299591064453,4562.8798828125,2884
2885,-65018.804931640625,69947.58911132812,3400.203323364258,4564.5,2885
2886,-64904.119873046875,69833.25805664062,3394.1566467285156,4566.12109375,2886
2887,-64789.263916015625,69718.92700195312,3388.1290435791016,4567.74365234375,2887
2888,-64674.261474609375,69604.55932617188,3382.0899963378906,4569.3671875,2888
2889,-64559.1064453125,69490.185546875,3376.020050048828,4570.9921875,2889
2890,-64443.804931640625,69375.81176757812,3369.925308227539,4572.6181640625,2890
2891,-64328.375244140625,69261.41357421875,3363.828659057617,4574.2451171875,2891
2892,-64212.799072265625,69146.9970703125,3357.7587127685547,4575.873046875,2892
2893,-64097.0947265625,69032.5439453125,3351.748275756836,4577.50244140625,2893
2894,-63981.26220703125,68918.05419921875,3345.8141326904297,4579.1328125,2894
2895,-63865.3076171875,68803.52172851562,3339.95361328125,4580.76416015625,2895
2896,-63749.2431640625,68688.94653320312,3334.1381072998047,4582.39697265625,2896
2897,-63633.06884765625,68574.32250976562,3328.3313751220703,4584.03076171875,2897
2898,-63516.78466796875,68459.63745117188,3322.5074768066406,4585.66552734375,2898
2899,-63400.4150390625,68344.90356445312,3316.6580200195312,4587.30126953125,2899
2900,-63283.94775390625,68230.11474609375,3310.7898712158203,4588.93798828125,2900
2901,-63167.3828125,68115.27099609375,3304.8938751220703,4590.576171875,2901
2902,-63050.714111328125,68000.36010742188,3298.904800415039,4592.21533203125,2902
2903,-62933.966064453125,67885.39428710938,3292.702865600586,4593.85546875,2903
2904,-62817.138671875,67770.37963867188,3286.1587524414062,4595.4970703125,2904
2905,-62700.262451171875,67655.322265625,3279.2205810546875,4597.13916015625,2905
2906,-62583.331298828125,67540.22216796875,3271.9593048095703,4598.7822265625,2906
2907,-62466.30859375,67425.06103515625,3264.537811279297,4600.42626953125,2907
2908,-62349.200439453125,67309.82666015625,3257.133102416992,4602.0712890625,2908
2909,-62231.99462890625,67194.51904296875,3249.8687744140625,4603.7177734375,2909
2910,-62114.691162109375,67079.13818359375,3242.7413940429688,4605.365234375,2910
2911,-61997.296142578125,66963.67797851562,3235.6468200683594,4607.01416015625,2911
2912,-61879.82177734375,66848.15673828125,3228.436279296875,4608.6640625,2912
2913,-61762.286376953125,66732.58666992188,3220.9877014160156,4610.31494140625,2913
2914,-61644.683837890625,66616.9677734375,3213.2858276367188,4611.966796875,2914
2915,-61527.001953125,66501.2939453125,3205.428695678711,4613.61962890625,2915
2916,-61409.234619140625,66385.55297851562,3197.566032409668,4615.2734375,2916
2917,-61291.36962890625,66269.74487304688,3189.820098876953,4616.92822265625,2917
2918,-61173.394775390625,66153.86352539062,3182.2202682495117,4618.58447265625,2918
2919,-61055.316162109375,66037.92114257812,3174.689483642578,4620.24169921875,2919
2920,-60937.14599609375,65921.92993164062,3167.108726501465,4621.89990234375,2920
2921,-60818.902587890625,65805.90209960938,3159.386444091797,4623.55908203125,2921
2922,-60700.57373046875,65689.83154296875,3151.503372192383,4625.21923828125,2922
2923,-60582.1533203125,65573.7060546875,3143.5014724731445,4626.88037109375,2923
2924,-60463.641357421875,65457.51953125,3135.438919067383,4628.54248046875,2924
2925,-60345.037841796875,65341.2841796875,3127.351188659668,4630.20556640625,2925
2926,-60226.336669921875,65224.993896484375,3119.2214965820312,4631.8701171875,2926
2927,-60107.53173828125,65108.660888671875,3111.0048294067383,4633.53564453125,2927
2928,-59988.641357421875,64992.291259765625,3102.6607513427734,4635.2021484375,2928
2929,-59869.66552734375,64875.89111328125,3094.180679321289,4636.869140625,2929
2930,-59750.592041015625,64759.4482421875,3085.604667663574,4638.53759765625,2930
2931,-59631.427001953125,64642.95654296875,3076.997184753418,4640.20703125,2931
2932,-59512.158203125,64526.416015625,3068.4301376342773,4641.87744140625,2932
2933,-59392.78564453125,64409.820556640625,3059.966468811035,4643.548828125,2933
2934,-59273.3154296875,64293.170166015625,3051.631736755371,4645.22119140625,2934
2935,-59153.74755859375,64176.458740234375,3043.404197692871,4646.89453125,2935
2936,-59034.088134765625,64059.686279296875,3035.2264404296875,4648.56884765625,2936
2937,-58914.349365234375,63942.85888671875,3027.034568786621,4650.244140625,2937
2938,-58794.525146484375,63825.9765625,3018.785858154297,4651.9208984375,2938
2939,-58674.62158203125,63709.04541015625,3010.456085205078,4653.59814453125,2939
2940,-58554.632568359375,63592.05322265625,3002.0063400268555,4655.27685546875,2940
2941,-58434.5703125,63475.006103515625,2993.410301208496,4656.95654296875,2941
2942,-58314.447021484375,63357.91015625,2984.667205810547,4658.63671875,2942
2943,-58194.25048828125,63240.7470703125,2975.8026123046875,4660.318359375,2943
2944,-58073.98681640625,63123.529052734375,2966.855812072754,4662.00048828125,2944
2945,-57953.64990234375,63006.23779296875,2957.8500747680664,4663.68408203125,2945
2946,-57833.233642578125,62888.897705078125,2948.776054382324,4665.36865234375,2946
2947,-57712.738037109375,62771.502685546875,2939.6236419677734,4667.05419921875,2947
2948,-57592.17529296875,62654.052734375,2930.4073333740234,4668.740234375,2948
2949,-57471.533203125,62536.5478515625,2921.167755126953,4670.42724609375,2949
2950,-57350.811767578125,62418.98193359375,2911.9789123535156,4672.115234375,2950
2951,-57230.010986328125,62301.3427734375,2902.9327392578125,4673.80419921875,2951
2952,-57109.130859375,62183.63037109375,2894.1102981567383,4675.494140625,2952
2953,-56988.1591796875,62065.850830078125,2885.5308532714844,4677.18505859375,2953
2954,-56867.08984375,61947.998046875,2877.121353149414,4678.87744140625,2954
2955,-56745.928955078125,61830.084228515625,2868.745803833008,4680.57080078125,2955
2956,-56624.700927734375,61712.12158203125,2860.285186767578,4682.26513671875,2956
2957,-56503.521728515625,61594.2138671875,2851.711845397949,4683.95849609375,2957
2958,-56382.354736328125,61476.318359375,2843.0862426757812,4685.65185546875,2958
2959,-56261.1328125,61358.380126953125,2834.5043182373047,4687.345703125,2959
2960,-56139.85595703125,61240.386962890625,2826.0438919067383,4689.04052734375,2960
2961,-56018.505859375,61122.32666015625,2817.7248001098633,4690.736328125,2961
2962,-55897.0947265625,61004.217529296875,2809.4919204711914,4692.4326171875,2962
2963,-55775.6103515625,60886.0595703125,2801.2500762939453,4694.1298828125,2963
2964,-55654.0771484375,60767.85888671875,2792.894172668457,4695.828125,2964
2965,-55532.501220703125,60649.615478515625,2784.354782104492,4697.52685546875,2965
2966,-55410.882568359375,60531.3232421875,2775.615882873535,4699.22607421875,2966
2967,-55289.22119140625,60412.97607421875,2766.6872024536133,4700.92626953125,2967
2968,-55167.510986328125,60294.580078125,2757.59334564209,4702.62744140625,2968
2969,-55045.733642578125,60176.13525390625,2748.351287841797,4704.3291015625,2969
2970,-54923.907470703125,60057.647705078125,2738.9488220214844,4706.03173828125,2970
2971,-54802.0263671875,59939.12353515625,2729.3643951416016,4707.73486328125,2971
2972,-54680.096435546875,59820.556640625,2719.5791244506836,4709.43896484375,2972
2973,-54558.11767578125,59701.947021484375,2709.6099853515625,4711.1435546875,2973
2974,-54436.083984375,59583.294677734375,2699.517822265625,4712.84912109375,2974
2975,-54313.995361328125,59464.58740234375,2689.3550872802734,4714.5556640625,2975
2976,-54191.839599609375,59345.8251953125,2679.1440963745117,4716.26318359375,2976
2977,-54069.622802734375,59227.01416015625,2668.836212158203,4717.97119140625,2977
2978,-53947.35107421875,59108.154296875,2658.332633972168,4719.68017578125,2978
2979,-53825.030517578125,58989.2578125,2647.5780487060547,4721.39013671875,2979
2980,-53702.667236328125,58870.3369140625,2636.593818664551,4723.1005859375,2980
2981,-53580.242919921875,58751.373291015625,2625.4791259765625,4724.81201171875,2981
2982,-53457.757568359375,58632.354736328125,2614.361000061035,4726.52392578125,2982
2983,-53335.198974609375,58513.26904296875,2603.3512115478516,4728.23681640625,2983
2984,-53212.56103515625,58394.12841796875,2592.523765563965,4729.95068359375,2984
2985,-53089.849853515625,58274.920654296875,2581.895065307617,4731.66552734375,2985
2986,-52967.0654296875,58155.645751953125,2571.4147567749023,4733.380859375,2986
2987,-52844.207763671875,58036.309814453125,2560.976791381836,4735.09716796875,2987
2988,-52721.30126953125,57916.9189453125,2550.475311279297,4736.814453125,2988
2989,-52598.32763671875,57797.4853515625,2539.864921569824,4738.53271484375,2989
2990,-52475.299072265625,57678.009033203125,2529.1797637939453,4740.25146484375,2990
2991,-52352.203369140625,57558.477783203125,2518.532180786133,4741.97119140625,2991
2992,-52229.046630859375,57438.885498046875,2508.0764770507812,4743.69140625,2992
2993,-52105.810546875,57319.219970703125,2497.9148864746094,4745.41259765625,2993
2994,-51982.489013671875,57199.481201171875,2488.035774230957,4747.134765625,2994
2995,-51859.100341796875,57079.6630859375,2478.306770324707,4748.85791015625,2995
2996,-51735.662841796875,56959.77783203125,2468.550491333008,4750.58203125,2996
2997,-51612.188720703125,56839.83154296875,2458.627700805664,4752.306640625,2997
2998,-51488.677978515625,56719.83642578125,2448.4718322753906,4754.0322265625,2998
2999,-51365.14892578125,56599.774169921875,2438.0916595458984,4755.75830078125,2999
3000,-51241.58935546875,56479.638671875,2427.5745391845703,4757.4853515625,3000
3001,-51118.00842285156,56359.417724609375,2417.042350769043,4759.21337890625,3001
3002,-50994.39392089844,56239.105224609375,2406.602668762207,4760.94189453125,3002
3003,-50870.751953125,56118.68896484375,2396.31290435791,4762.67138671875,3003
3004,-50747.08557128906,55998.162841796875,2386.1574172973633,4764.4013671875,3004
3005,-50623.39782714844,55877.5390625,2376.0604858398438,4766.13232421875,3005
3006,-50499.70703125,55756.805419921875,2365.9154891967773,4767.8642578125,3006
3007,-50376.01318359375,55635.980224609375,2355.6358337402344,4769.5966796875,3007
3008,-50252.325439453125,55515.057373046875,2345.2173233032227,4771.330078125,3008
3009,-50128.6376953125,55394.03076171875,2334.7591400146484,4773.06396484375,3009
3010,-50004.93469238281,55272.88818359375,2324.4056701660156,4774.798828125,3010
3011,-49881.231689453125,55151.617431640625,2314.2690658569336,4776.53466796875,3011
3012,-49757.53479003906,55030.206298828125,2304.385185241699,4778.27099609375,3012
3013,-49633.84704589844,54908.642578125,2294.7010040283203,4780.00830078125,3013
3014,-49510.17761230469,54786.932373046875,2285.124969482422,4781.74658203125,3014
3015,-49386.53869628906,54665.07568359375,2275.5678176879883,4783.48583984375,3015
3016,-49262.93029785156,54543.084716796875,2265.985679626465,4785.2255859375,3016
3017,-49139.35852050781,54420.947265625,2256.3865661621094,4786.9658203125,3017
3018,-49015.8203125,54298.6572265625,2246.824073791504,4788.70703125,3018
3019,-48892.32482910156,54176.20849609375,2237.395668029785,4790.44921875,3019
3020,-48768.88732910156,54053.5888671875,2228.235626220703,4792.19189453125,3020
3021,-48645.501708984375,53930.77392578125,2219.5247650146484,4793.935546875,3021
3022,-48522.16796875,53807.757568359375,2211.3386154174805,4795.6796875,3022
3023,-48398.870849609375,53684.539794921875,2203.634452819824,4797.4248046875,3023
3024,-48275.60119628906,53561.14501953125,2196.162796020508,4799.1708984375,3024
3025,-48152.38037109375,53437.59765625,2188.595390319824,4800.91796875,3025
3026,-48029.23278808594,53313.916015625,2180.6894302368164,4802.66552734375,3026
3027,-47906.170654296875,53190.1123046875,2172.3682403564453,4804.41357421875,3027
3028,-47783.203125,53066.12548828125,2163.7208938598633,4806.162109375,3028
3029,-47660.36071777344,52941.925048828125,2154.9388885498047,4807.91162109375,3029
3030,-47537.65563964844,52817.486572265625,2146.201705932617,4809.66162109375,3030
3031,-47415.10009765625,52692.78564453125,2137.6161575317383,4811.41259765625,3031
3032,-47292.694091796875,52567.822265625,2129.1839599609375,4813.1640625,3032
3033,-47187.89367675781,52460.504150390625,2122.0245361328125,4814.666015625,3033
3034,-47083.221435546875,52353.009033203125,2114.8828506469727,4816.16845703125,3034
3035,-46978.668212890625,52245.32470703125,2107.7455520629883,4817.67138671875,3035
3036,-46874.24621582031,52137.457275390625,2100.640869140625,4819.1748046875,3036
3037,-46769.96154785156,52029.3701171875,2093.619728088379,4820.6787109375,3037
3038,-46665.814208984375,51921.063232421875,2086.717414855957,4822.18310546875,3038
3039,-46561.798095703125,51812.548828125,2079.9333572387695,4823.68798828125,3039
3040,-46457.91015625,51703.839111328125,2073.2261657714844,4825.193359375,3040
3041,-46354.15344238281,51594.921875,2066.5327072143555,4826.69970703125,3041
3042,-46250.531005859375,51485.8154296875,2059.7965240478516,4828.2060546875,3042
3043,-46147.04895019531,51376.519775390625,2052.985954284668,4829.712890625,3043
3044,-46043.707275390625,51267.041015625,2046.0996627807617,4831.22021484375,3044
3045,-45940.51818847656,51157.35168457031,2039.1654968261719,4832.72802734375,3045
3046,-45837.48779296875,51047.442626953125,2032.2370529174805,4834.236328125,3046
3047,-45734.63134765625,50937.30163574219,2025.3782272338867,4835.7451171875,3047
3048,-45631.951904296875,50826.91955566406,2018.637466430664,4837.25439453125,3048
3049,-45529.45251464844,50716.29333496094,2012.0357513427734,4838.76416015625,3049
3050,-45427.130126953125,50605.426025390625,2005.550765991211,4840.2744140625,3050
3051,-45324.9755859375,50494.33288574219,1999.1205215454102,4841.78515625,3051
3052,-45222.991943359375,50383.02307128906,1992.6654815673828,4843.29638671875,3052
3053,-45121.17614746094,50271.49353027344,1986.1209869384766,4844.80810546875,3053
3054,-45019.53430175781,50159.76257324219,1979.4485092163086,4846.3203125,3054
3055,-44918.06945800781,50047.81188964844,1972.6402282714844,4847.8330078125,3055
3056,-44816.78466796875,49935.64453125,1965.7094955444336,4849.34619140625,3056
3057,-44715.68603515625,49823.25439453125,1958.674430847168,4850.85986328125,3057
3058,-44614.78576660156,49710.63232421875,1951.5506744384766,4852.3740234375,3058
3059,-44514.08386230469,49597.78137207031,1944.3489074707031,4853.888671875,3059
3060,-44413.580322265625,49484.69543457031,1937.0803833007812,4855.4033203125,3060
3061,-44313.27819824219,49371.37756347656,1929.765510559082,4856.91845703125,3061
3062,-44213.19274902344,49257.818603515625,1922.4254608154297,4858.43408203125,3062
3063,-44113.30871582031,49144.012451171875,1915.0733947753906,4859.9501953125,3063
3064,-44013.6474609375,49029.95300292969,1907.7213287353516,4861.466796875,3064
3065,-43914.21813964844,48915.63720703125,1900.3782272338867,4862.98388671875,3065
3066,-43815.01159667969,48801.06506347656,1893.05419921875,4864.50146484375,3066
3067,-43716.033935546875,48686.236572265625,1885.7624053955078,4866.01953125,3067
3068,-43617.28515625,48571.14562988281,1878.5070419311523,4867.5380859375,3068
3069,-43518.756103515625,48455.80139160156,1871.2724685668945,4869.05712890625,3069
3070,-43420.440673828125,48340.21301269531,1864.0230178833008,4870.57666015625,3070
3071,-43322.332763671875,48224.38659667969,1856.7218780517578,4872.0966796875,3071
3072,-43224.44763183594,48108.32214355469,1849.3535995483398,4873.6171875,3072
3073,-43126.79748535156,47992.01965332031,1841.9265747070312,4875.1376953125,3073
3074,-43029.36706542969,47875.46691894531,1834.4593048095703,4876.65869140625,3074
3075,-42932.171630859375,47758.66394042969,1826.9628524780273,4878.18017578125,3075
3076,-42835.198974609375,47641.61682128906,1819.430160522461,4879.7021484375,3076
3077,-42738.446044921875,47524.32861328125,1811.8547439575195,4881.224609375,3077
3078,-42641.93420410156,47406.79626464844,1804.256248474121,4882.74755859375,3078
3079,-42545.66955566406,47289.00451660156,1796.6867446899414,4884.27099609375,3079
3080,-42449.66735839844,47170.93505859375,1789.2341613769531,4885.794921875,3080
3081,-42353.93981933594,47052.57568359375,1781.991958618164,4887.31884765625,3081
3082,-42258.49609375,46933.91418457031,1775.0368118286133,4888.84326171875,3082
3083,-42163.32702636719,46814.95056152344,1768.4051513671875,4890.3681640625,3083
3084,-42068.42956542969,46695.684814453125,1762.088394165039,4891.89404296875,3084
3085,-41973.797607421875,46576.12609863281,1756.0100555419922,4893.42041015625,3085
3086,-41879.41589355469,46456.29577636719,1750.0482559204102,4894.947265625,3086
3087,-41785.27526855469,46336.20910644531,1744.0826416015625,4896.474609375,3087
3088,-41691.387939453125,46215.88439941406,1738.0359649658203,4898.001953125,3088
3089,-41597.76611328125,46095.3125,1731.892967224121,4899.52978515625,3089
3090,-41504.42199707031,45974.47814941406,1725.6927490234375,4901.05810546875,3090
3091,-41411.37390136719,45853.35998535156,1719.4927215576172,4902.5869140625,3091
3092,-41318.64013671875,45731.94580078125,1713.340187072754,4904.1162109375,3092
3093,-41226.226806640625,45610.2294921875,1707.2675704956055,4905.64599609375,3093
3094,-41134.15222167969,45488.20495605469,1701.3011932373047,4907.17578125,3094
3095,-41042.42248535156,45365.863037109375,1695.4544067382812,4908.7060546875,3095
3096,-40951.04064941406,45243.20983886719,1689.719581604004,4910.23681640625,3096
3097,-40860.00671386719,45120.24230957031,1684.061050415039,4911.76806640625,3097
3098,-40769.305419921875,44996.97570800781,1678.4187316894531,4913.2998046875,3098
3099,-40678.93371582031,44873.42529296875,1672.7243423461914,4914.83154296875,3099
3100,-40588.88244628906,44749.59716796875,1666.928482055664,4916.36376953125,3100
3101,-40499.14855957031,44625.506591796875,1661.0210418701172,4917.896484375,3101
3102,-40409.72900390625,44501.1474609375,1655.027961730957,4919.4296875,3102
3103,-40320.63903808594,44376.50451660156,1649.0104675292969,4920.962890625,3103
3104,-40231.89697265625,44251.57775878906,1643.0477142333984,4922.49658203125,3104
3105,-40143.48449707031,44126.35803222656,1637.2062683105469,4924.03076171875,3105
3106,-40055.401611328125,44000.848388671875,1631.53076171875,4925.5654296875,3106
3107,-39967.626953125,43875.06103515625,1626.0356903076172,4927.1005859375,3107
3108,-39880.14831542969,43749.00817871094,1620.692253112793,4928.63623046875,3108
3109,-39792.94128417969,43622.705078125,1615.437889099121,4930.17236328125,3109
3110,-39705.99060058594,43496.17919921875,1610.194969177246,4931.70849609375,3110
3111,-39619.28405761719,43369.43359375,1604.8931121826172,4933.2451171875,3111
3112,-39532.82470703125,43242.48352050781,1599.493408203125,4934.7822265625,3112
3113,-39446.62170410156,43115.31677246094,1594.0024375915527,4936.31982421875,3113
3114,-39360.693359375,42987.91809082031,1588.4553909301758,4937.85791015625,3114
3115,-39275.054931640625,42860.27526855469,1582.898998260498,4939.39599609375,3115
3116,-39189.73693847656,42732.37609863281,1577.3822784423828,4940.9345703125,3116
3117,-39104.74853515625,42604.21142578125,1571.9476699829102,4942.4736328125,3117
3118,-39020.10803222656,42475.762939453125,1566.620922088623,4944.01318359375,3118
3119,-38935.83068847656,42347.027587890625,1561.40718460083,4945.552734375,3119
3120,-38851.92565917969,42217.999267578125,1556.284523010254,4947.0927734375,3120
3121,-38768.41125488281,42088.671875,1551.2185096740723,4948.63330078125,3121
3122,-38685.296630859375,41959.04846191406,1546.1857795715332,4950.17431640625,3122
3123,-38602.606201171875,41829.119873046875,1541.1789894104004,4951.71533203125,3123
3124,-38520.34912109375,41698.876953125,1536.2096786499023,4953.2568359375,3124
3125,-38438.53759765625,41568.31359863281,1531.282615661621,4954.79833984375,3125
3126,-38357.16552734375,41437.432861328125,1526.377296447754,4956.34033203125,3126
3127,-38276.23291015625,41306.24694824219,1521.4486122131348,4957.8828125,3127
3128,-38195.72448730469,41174.76501464844,1516.444492340088,4959.42578125,3128
3129,-38115.65246582031,41042.99621582031,1511.3276481628418,4960.96875,3129
3130,-38036.01989746094,40910.94055175781,1506.0964584350586,4962.51171875,3130
3131,-37956.854248046875,40778.57971191406,1500.7855415344238,4964.05517578125,3131
3132,-37878.173828125,40645.904541015625,1495.4421997070312,4965.5986328125,3132
3133,-37799.98779296875,40512.90588378906,1490.0910377502441,4967.142578125,3133
3134,-37722.27783203125,40379.58984375,1484.7214698791504,4968.68701171875,3134
3135,-37645.03479003906,40245.97473144531,1479.3047904968262,4970.2314453125,3135
3136,-37568.267822265625,40112.06359863281,1473.8143920898438,4971.7763671875,3136
3137,-37491.986083984375,39977.8564453125,1468.2570457458496,4973.3212890625,3137
3138,-37416.20788574219,39843.33801269531,1462.6775741577148,4974.8662109375,3138
3139,-37340.960693359375,39708.489990234375,1457.1441650390625,4976.41162109375,3139
3140,-37266.26281738281,39573.31237792969,1451.7081260681152,4977.95703125,3140
3141,-37192.09899902344,39437.80212402344,1446.388339996338,4979.5029296875,3141
3142,-37118.46008300781,39301.96533203125,1441.1622047424316,4981.04931640625,3142
3143,-37045.32775878906,39165.814208984375,1435.9737396240234,4982.595703125,3143
3144,-36972.6806640625,39029.376220703125,1430.7500839233398,4984.142578125,3144
3145,-36900.48522949219,38892.67272949219,1425.4183769226074,4985.689453125,3145
3146,-36828.72619628906,38755.718994140625,1419.9247360229492,4987.23681640625,3146
3147,-36757.40661621094,38618.52111816406,1414.2382621765137,4988.7841796875,3147
3148,-36686.53564453125,38481.072998046875,1408.3709716796875,4990.33203125,3148
3149,-36616.143798828125,38343.359375,1402.3820877075195,4991.8798828125,3149
3150,-36546.26770019531,38205.35888671875,1396.3561058044434,4993.42822265625,3150
3151,-36476.93786621094,38067.05627441406,1390.3806686401367,4994.9765625,3151
3152,-36408.17565917969,37928.436279296875,1384.5325469970703,4996.525390625,3152
3153,-36339.98718261719,37789.50500488281,1378.8619995117188,4998.07421875,3153
3154,-36272.37548828125,37650.24719238281,1373.3850479125977,4999.62353515625,3154
3155,-36205.33142089844,37510.67810058594,1368.0767059326172,5001.1728515625,3155
3156,-36138.82141113281,37370.80993652344,1362.8806114196777,5002.72265625,3156
3157,-36072.83630371094,37230.66101074219,1357.730484008789,5004.27294921875,3157
3158,-36007.36389160156,37090.24963378906,1352.5829315185547,5005.8232421875,3158
3159,-35942.39807128906,36949.57275390625,1347.4228858947754,5007.3740234375,3159
3160,-35877.94494628906,36808.63342285156,1342.261791229248,5008.9248046875,3160
3161,-35814.01062011719,36667.425537109375,1337.1195793151855,5010.47607421875,3161
3162,-35750.60119628906,36525.9521484375,1332.020092010498,5012.02734375,3162
3163,-35687.71667480469,36384.21325683594,1326.9838333129883,5013.5791015625,3163
3164,-35625.35400390625,36242.2119140625,1322.0208168029785,5015.130859375,3164
3165,-35563.507080078125,36099.95422363281,1317.1140670776367,5016.68310546875,3165
3166,-35502.166748046875,35957.44323730469,1312.2445106506348,5018.2353515625,3166
3167,-35441.34216308594,35814.68505859375,1307.4058532714844,5019.7880859375,3167
3168,-35381.04553222656,35671.6796875,1302.6206970214844,5021.3408203125,3168
3169,-35321.27990722656,35528.424072265625,1297.9263305664062,5022.89404296875,3169
3170,-35262.02392578125,35384.91516113281,1293.3467864990234,5024.44775390625,3170
3171,-35203.265380859375,35241.16516113281,1288.8812065124512,5026.00146484375,3171
3172,-35144.98596191406,35097.18933105469,1284.4951629638672,5027.5556640625,3172
3173,-35087.16125488281,34952.99377441406,1280.1424026489258,5029.10986328125,3173
3174,-35029.77600097656,34808.59069824219,1275.7851600646973,5030.66455078125,3174
3175,-34972.83020019531,34663.98620605469,1271.4058876037598,5032.2197265625,3175
3176,-34916.32385253906,34519.189453125,1267.0161247253418,5033.77490234375,3176
3177,-34860.25695800781,34374.188232421875,1262.6605987548828,5035.330078125,3177
3178,-34804.63562011719,34228.985595703125,1258.3856582641602,5036.8857421875,3178
3179,-34749.45373535156,34083.57238769531,1254.2094230651855,5038.44189453125,3179
3180,-34694.696044921875,33937.96081542969,1250.1065254211426,5039.99853515625,3180
3181,-34640.33508300781,33792.16613769531,1246.0185050964355,5041.55517578125,3181
3182,-34586.36474609375,33646.19445800781,1241.8838500976562,5043.1123046875,3182
3183,-34532.76672363281,33500.06408691406,1237.6678466796875,5044.66943359375,3183
3184,-34479.547119140625,33353.77197265625,1233.3730697631836,5046.22705078125,3184
3185,-34426.715087890625,33207.31506347656,1229.040813446045,5047.78466796875,3185
3186,-34374.28283691406,33060.68420410156,1224.7299194335938,5049.3427734375,3186
3187,-34322.259521484375,32913.873291015625,1220.4937934875488,5050.9013671875,3187
3188,-34270.64208984375,32766.879272460938,1216.3515090942383,5052.4599609375,3188
3189,-34219.41833496094,32619.711303710938,1212.2865676879883,5054.01904296875,3189
3190,-34168.57604980469,32472.37548828125,1208.2542419433594,5055.57861328125,3190
3191,-34118.09997558594,32324.887084960938,1204.2065620422363,5057.13818359375,3191
3192,-34067.99011230469,32177.243041992188,1200.1132011413574,5058.6982421875,3192
3193,-34018.24645996094,32029.452514648438,1195.9678649902344,5060.25830078125,3193
3194,-33968.86901855469,31881.509399414062,1191.7766571044922,5061.81884765625,3194
3195,-33919.85778808594,31733.416748046875,1187.5567436218262,5063.37939453125,3195
3196,-33871.22497558594,31585.16845703125,1183.344554901123,5064.9404296875,3196
3197,-33822.97668457031,31436.764526367188,1179.1869163513184,5066.50146484375,3197
3198,-33775.115966796875,31288.201904296875,1175.1371383666992,5068.06298828125,3198
3199,-33727.65197753906,31139.474487304688,1171.2328910827637,5069.625,3199
3200,-33680.572509765625,30990.58837890625,1167.4729347229004,5071.18701171875,3200
3201,-33633.8623046875,30841.546630859375,1163.8129234313965,5072.74951171875,3201
3202,-33587.5,30692.361450195312,1160.1880073547363,5074.3125,3202
3203,-33541.47644042969,30543.0419921875,1156.5431594848633,5075.87548828125,3203
3204,-33495.782470703125,30393.59130859375,1152.8425216674805,5077.43896484375,3204
3205,-33450.41809082031,30244.015502929688,1149.0636825561523,5079.00244140625,3205
3206,-33405.364990234375,30094.317626953125,1145.1936721801758,5080.56640625,3206
3207,-33360.64147949219,29944.491577148438,1141.2375450134277,5082.130859375,3207
3208,-33316.24755859375,29794.54345703125,1137.2282028198242,5083.6953125,3208
3209,-33272.20764160156,29644.467163085938,1133.2358360290527,5085.26025390625,3209
3210,-33228.53698730469,29494.253540039062,1129.3540000915527,5086.8251953125,3210
3211,-33185.25390625,29343.893432617188,1125.6555557250977,5088.390625,3211
3212,-33142.36145019531,29193.3837890625,1122.1697807312012,5089.9560546875,3212
3213,-33099.847412109375,29042.724609375,1118.8799858093262,5091.52197265625,3213
3214,-33057.70568847656,28891.921997070312,1115.743064880371,5093.08837890625,3214
3215,-33015.9423828125,28740.985107421875,1112.7202033996582,5094.65478515625,3215
3216,-32974.554443359375,28589.913940429688,1109.7942352294922,5096.2216796875,3216
3217,-32933.544921875,28438.70849609375,1106.9520950317383,5097.78857421875,3217
3218,-32892.90771484375,28287.368774414062,1104.170322418213,5099.35595703125,3218
3219,-32852.63977050781,28135.897827148438,1101.417636871338,5100.923828125,3219
3220,-32812.738037109375,27984.3017578125,1098.6698150634766,5102.49169921875,3220
3221,-32773.20556640625,27832.586669921875,1095.9234237670898,5104.06005859375,3221
3222,-32734.048461914062,27680.746459960938,1093.199634552002,5105.62841796875,3222
3223,-32695.27587890625,27528.7841796875,1090.5206680297852,5107.197265625,3223
3224,-32656.884765625,27376.693725585938,1087.8969192504883,5108.76611328125,3224
3225,-32618.8720703125,27224.484252929688,1085.3218078613281,5110.33544921875,3225
3226,-32581.243896484375,27072.149658203125,1082.784652709961,5111.90478515625,3226
3227,-32544.000244140625,26919.699096679688,1080.2892684936523,5113.474609375,3227
3228,-32507.156372070312,26767.12646484375,1077.86283493042,5115.04443359375,3228
3229,-32470.7275390625,26614.4287109375,1075.5444526672363,5116.61474609375,3229
3230,-32434.716796875,26461.605834960938,1073.3672142028809,5118.18505859375,3230
3231,-32399.12109375,26308.65478515625,1071.3403701782227,5119.755859375,3231
3232,-32363.931274414062,26155.57861328125,1069.4281578063965,5121.32666015625,3232
3233,-32329.116821289062,26002.383422851562,1067.5498962402344,5122.89794921875,3233
3234,-32294.6533203125,25849.08447265625,1065.606689453125,5124.4697265625,3234
3235,-32260.528564453125,25695.693969726562,1063.5168075561523,5126.04150390625,3235
3236,-32226.736450195312,25542.218017578125,1061.2524032592773,5127.61328125,3236
3237,-32193.295288085938,25388.65203857422,1058.8459968566895,5129.185546875,3237
3238,-32160.235595703125,25234.986877441406,1056.3703536987305,5130.7578125,3238
3239,-32127.57568359375,25081.214904785156,1053.9023399353027,5132.330078125,3239
3240,-32095.321655273438,24927.333068847656,1051.493263244629,5133.90283203125,3240
3241,-32063.46435546875,24773.341369628906,1049.1602897644043,5135.4755859375,3241
3242,-32032.003784179688,24619.239807128906,1046.8968391418457,5137.048828125,3242
3243,-32000.930786132812,24465.0390625,1044.678020477295,5138.6220703125,3243
3244,-31970.242309570312,24310.739135742188,1042.4802780151367,5140.19580078125,3244
3245,-31939.92919921875,24156.341552734375,1040.2788162231445,5141.76953125,3245
3246,-31909.991455078125,24001.85089111328,1038.0548477172852,5143.34375,3246
3247,-31880.419921875,23847.265625,1035.7991218566895,5144.91796875,3247
3248,-31851.20849609375,23692.593383789062,1033.5174560546875,5146.4921875,3248
3249,-31822.348022460938,23537.831115722656,1031.2240600585938,5148.06689453125,3249
3250,-31793.829345703125,23382.980346679688,1028.9258003234863,5149.6416015625,3250
3251,-31765.6494140625,23228.042602539062,1026.6087532043457,5151.216796875,3251
3252,-31737.789916992188,23073.023986816406,1024.233341217041,5152.7919921875,3252
3253,-31710.238647460938,22917.930603027344,1021.7674255371094,5154.36767578125,3253
3254,-31682.992553710938,22762.767028808594,1019.2028999328613,5155.943359375,3254
3255,-31656.057739257812,22607.530212402344,1016.5615081787109,5157.51953125,3255
3256,-31629.434204101562,22452.218627929688,1013.8767242431641,5159.095703125,3256
3257,-31603.121948242188,22296.829223632812,1011.1649513244629,5160.67236328125,3257
3258,-31577.11181640625,22141.363525390625,1008.4255218505859,5162.2490234375,3258
3259,-31551.40380859375,21985.824584960938,1005.637264251709,5163.826171875,3259
3260,-31525.985717773438,21830.213928222656,1002.7742385864258,5165.4033203125,3260
3261,-31500.8544921875,21674.537658691406,999.8093605041504,5166.98095703125,3261
3262,-31475.991821289062,21518.798828125,996.7185974121094,5168.55859375,3262
3263,-31451.397705078125,21362.998962402344,993.4845924377441,5170.13623046875,3263
3264,-31427.059936523438,21207.144165039062,990.1124954223633,5171.71435546875,3264
3265,-31402.978515625,21051.22528076172,986.6305351257324,5173.29248046875,3265
3266,-31379.147338867188,20895.249938964844,983.067512512207,5174.87109375,3266
3267,-31355.545043945312,20739.212036132812,979.4378280639648,5176.44970703125,3267
3268,-31332.162475585938,20583.11767578125,975.7369995117188,5178.02880859375,3268
3269,-31308.984375,20426.96990966797,971.9444274902344,5179.60791015625,3269
3270,-31285.989379882812,20270.77178955078,968.0413246154785,5181.1875,3270
3271,-31263.165283203125,20114.527893066406,964.0152931213379,5182.76708984375,3271
3272,-31240.5029296875,19958.238220214844,959.8557472229004,5184.34716796875,3272
3273,-31217.9931640625,19801.904296875,955.5641174316406,5185.92724609375,3273
3274,-31195.632934570312,19645.529174804688,951.1532783508301,5187.5078125,3274
3275,-31173.422241210938,19489.111328125,946.6512680053711,5189.08837890625,3275
3276,-31151.35498046875,19332.64617919922,942.080020904541,5190.66943359375,3276
3277,-31129.425048828125,19176.133728027344,937.4453544616699,5192.2509765625,3277
3278,-31107.62939453125,19019.578552246094,932.7309608459473,5193.83251953125,3278
3279,-31085.958862304688,18862.98065185547,927.9088020324707,5195.41455078125,3279
3280,-31064.404296875,18706.344604492188,922.9345321655273,5196.99658203125,3280
3281,-31042.953491210938,18549.67498779297,917.766284942627,5198.5791015625,3281
3282,-31021.59423828125,18392.977905273438,912.3635292053223,5200.16162109375,3282
3283,-31000.3173828125,18236.257934570312,906.7170143127441,5201.74462890625,3283
3284,-30979.11376953125,18079.51202392578,900.8651733398438,5203.32763671875,3284
3285,-30957.980346679688,17922.735595703125,894.877815246582,5204.9111328125,3285
3286,-30936.9140625,17765.92559814453,888.8284683227539,5206.49462890625,3286
3287,-30915.911865234375,17609.07745361328,882.7545166015625,5208.07861328125,3287
3288,-30894.961547851562,17452.191162109375,876.6427040100098,5209.66259765625,3288
3289,-30874.044799804688,17295.269775390625,870.4413414001465,5211.2470703125,3289
3290,-30853.155517578125,17138.32550048828,864.0849113464355,5212.83203125,3290
3291,-30832.281494140625,16981.362915039062,857.5321197509766,5214.4169921875,3291
3292,-30811.41357421875,16824.38507080078,850.7758140563965,5216.00244140625,3292
3293,-30790.557861328125,16667.388916015625,843.8430786132812,5217.587890625,3293
3294,-30769.7021484375,16510.369873046875,836.771297454834,5219.173828125,3294
3295,-30748.846435546875,16353.324890136719,829.5951843261719,5220.759765625,3295
3296,-30727.99072265625,16196.25244140625,822.3296165466309,5222.34619140625,3296
3297,-30707.135009765625,16039.152526855469,814.9598121643066,5223.93310546875,3297
3298,-30686.288452148438,15882.028198242188,807.4430465698242,5225.52001953125,3298
3299,-30665.451049804688,15724.884033203125,799.7291564941406,5227.107421875,3299
3300,-30644.610595703125,15567.729187011719,791.7893886566162,5228.69482421875,3300
3301,-30623.7548828125,15410.565185546875,783.6302757263184,5230.28271484375,3301
3302,-30602.899169921875,15253.38134765625,775.3061771392822,5231.87060546875,3302
3303,-30582.04345703125,15096.176147460938,766.8865203857422,5233.458984375,3303
3304,-30561.172485351562,14938.9404296875,758.442211151123,5235.04736328125,3304
3305,-30540.29541015625,14781.672668457031,750.0333309173584,5236.63623046875,3305
3306,-30519.403076171875,14624.368286132812,741.7063236236572,5238.2255859375,3306
3307,-30498.49853515625,14467.025756835938,733.485746383667,5239.8154296875,3307
3308,-30477.587890625,14309.642028808594,725.3548622131348,5241.4052734375,3308
3309,-30456.661987304688,14152.220153808594,717.2609806060791,5242.99560546875,3309
3310,-30435.733032226562,13994.764709472656,709.1323852539062,5244.58642578125,3310
3311,-30414.794921875,13837.284851074219,700.9155750274658,5246.17724609375,3311
3312,-30393.84765625,13679.782104492188,692.5957679748535,5247.7685546875,3312
3313,-30372.900390625,13522.254943847656,684.2097759246826,5249.3603515625,3313
3314,-30351.937866210938,13364.697265625,675.8360385894775,5250.9521484375,3314
3315,-30330.972290039062,13207.1044921875,667.5583839416504,5252.54443359375,3315
3316,-30309.991455078125,13049.468994140625,659.4551086425781,5254.13671875,3316
3317,-30288.998413085938,12891.787719726562,651.5655994415283,5255.7294921875,3317
3318,-30267.990112304688,12734.058380126953,643.8751220703125,5257.32275390625,3318
3319,-30246.963500976562,12576.28402709961,636.3353252410889,5258.91650390625,3319
3320,-30225.918579101562,12418.470764160156,628.8802146911621,5260.5107421875,3320
3321,-30204.855346679688,12260.626983642578,621.450138092041,5262.10498046875,3321
3322,-30183.773803710938,12102.754974365234,614.0100002288818,5263.69970703125,3322
3323,-30162.673950195312,11944.851684570312,606.5517425537109,5265.294921875,3323
3324,-30141.561889648438,11786.919403076172,599.0681648254395,5266.89013671875,3324
3325,-30120.431518554688,11628.956604003906,591.5614128112793,5268.48583984375,3325
3326,-30099.298095703125,11470.96176147461,584.0377807617188,5270.08203125,3326
3327,-30078.1494140625,11312.939453125,576.5035152435303,5271.67822265625,3327
3328,-30056.988525390625,11154.888153076172,568.974494934082,5273.27490234375,3328
3329,-30035.818481445312,10996.806335449219,561.4726066589355,5274.87158203125,3329
3330,-30014.630126953125,10838.697052001953,554.0229320526123,5276.46875,3330
3331,-29993.42041015625,10680.55648803711,546.6567516326904,5278.06640625,3331
3332,-29972.1923828125,10522.380828857422,539.415979385376,5279.6640625,3332
3333,-29950.942993164062,10364.169311523438,532.3336124420166,5281.26220703125,3333
3334,-29929.67529296875,10205.91812133789,525.4234790802002,5282.86083984375,3334
3335,-29908.38623046875,10047.627258300781,518.6689376831055,5284.45947265625,3335
3336,-29887.078857421875,9889.297485351562,512.0204925537109,5286.05859375,3336
3337,-29865.750122070312,9730.936431884766,505.411434173584,5287.658203125,3337
3338,-29844.39697265625,9572.549438476562,498.79002571105957,5289.2578125,3338
3339,-29823.0224609375,9414.140319824219,492.1389102935791,5290.85791015625,3339
3340,-29801.62353515625,9255.708312988281,485.4772090911865,5292.4580078125,3340
3341,-29780.194091796875,9097.25112915039,478.8445472717285,5294.05859375,3341
3342,-29758.737182617188,8938.765716552734,472.2905158996582,5295.65966796875,3342
3343,-29737.249755859375,8780.248260498047,465.861177444458,5297.2607421875,3343
3344,-29715.73486328125,8621.697235107422,459.58499908447266,5298.8623046875,3344
3345,-29694.192504882812,8463.113403320312,453.4736633300781,5300.4638671875,3345
3346,-29672.616577148438,8304.496002197266,447.52259254455566,5302.06591796875,3346
3347,-29651.01318359375,8145.8465576171875,441.72706604003906,5303.66845703125,3347
3348,-29629.379272460938,7987.168884277344,436.08927726745605,5305.27099609375,3348
3349,-29607.708740234375,7828.459930419922,430.6148052215576,5306.8740234375,3349
3350,-29586.007690429688,7669.718933105469,425.3013610839844,5308.47705078125,3350
3351,-29564.27001953125,7510.945892333984,420.1301097869873,5310.08056640625,3351
3352,-29542.495727539062,7352.143859863281,415.07091522216797,5311.6845703125,3352
3353,-29520.681762695312,7193.315887451172,410.0918769836426,5313.28857421875,3353
3354,-29498.825073242188,7034.4635009765625,405.1703929901123,5314.89306640625,3354
3355,-29476.9287109375,6875.590515136719,400.29382705688477,5316.49755859375,3355
3356,-29454.99267578125,6716.695404052734,395.4632520675659,5318.1025390625,3356
3357,-29433.02001953125,6557.7789306640625,390.7020568847656,5319.70751953125,3357
3358,-29411.013793945312,6398.841094970703,386.04674339294434,5321.31298828125,3358
3359,-29388.973999023438,6239.878082275391,381.53653144836426,5322.91845703125,3359
3360,-29366.900634765625,6080.885696411133,377.1807909011841,5324.5244140625,3360
3361,-29344.790649414062,5921.865463256836,372.9530096054077,5326.130859375,3361
3362,-29322.637939453125,5762.821197509766,368.80977153778076,5327.7373046875,3362
3363,-29300.442504882812,5603.759765625,364.72225189208984,5329.34423828125,3363
3364,-29278.204345703125,5444.682312011719,360.69326400756836,5330.951171875,3364
3365,-29255.92041015625,5285.585784912109,356.74147605895996,5332.55810546875,3365
3366,-29233.59375,5126.468276977539,352.8867483139038,5334.16552734375,3366
3367,-29211.221313476562,4967.330551147461,349.1424560546875,5335.77294921875,3367
3368,-29188.803100585938,4808.172607421875,345.523738861084,5337.380859375,3368
3369,-29166.336059570312,4648.993682861328,342.033314704895,5338.9892578125,3369
3370,-29143.814086914062,4489.794158935547,338.66124153137207,5340.59765625,3370
3371,-29121.237182617188,4330.576324462891,335.3923797607422,5342.2060546875,3371
3372,-29098.605346679688,4171.345520019531,332.21914768218994,5343.81494140625,3372
3373,-29075.918579101562,4012.100601196289,329.15518283843994,5345.423828125,3373
3374,-29053.173828125,3852.838134765625,326.21171474456787,5347.033203125,3374
3375,-29030.37109375,3693.5562133789062,323.3834505081177,5348.642578125,3375
3376,-29007.510375976562,3534.2567443847656,320.63708305358887,5350.25244140625,3376
3377,-28984.5947265625,3374.942398071289,317.91796684265137,5351.8623046875,3377
3378,-28961.614990234375,3215.6150817871094,315.1735544204712,5353.47265625,3378
3379,-28938.571166992188,3056.281280517578,312.3610496520996,5355.0830078125,3379
3380,-28915.46630859375,2896.9446182250977,309.4658613204956,5356.693359375,3380
3381,-28892.294311523438,2737.6039505004883,306.50885105133057,5358.30419921875,3381
3382,-28869.052124023438,2578.2567977905273,303.53174209594727,5359.9150390625,3382
3383,-28845.742797851562,2418.9035415649414,300.5751609802246,5361.52587890625,3383
3384,-28822.360229492188,2259.5569610595703,297.6757049560547,5363.13671875,3384
3385,-28798.91357421875,2100.266456604004,294.8622465133667,5364.7470703125,3385
3386,-28775.42724609375,1941.2649154663086,292.167067527771,5366.35498046875,3386
3387,-28751.971435546875,1782.9313278198242,289.61853981018066,5367.9560546875,3387
3388,-28728.579711914062,1625.5136489868164,287.24303245544434,5369.5478515625,3388
3389,-28705.252075195312,1469.0350532531738,285.0466012954712,5371.13037109375,3389
3390,-28681.988525390625,1313.4889602661133,283.00557136535645,5372.70361328125,3390
3391,-28658.779907226562,1158.8624000549316,281.0628652572632,5374.267578125,3391
3392,-28635.629272460938,1005.1456451416016,279.13873195648193,5375.822265625,3392
3393,-28612.542724609375,852.3399353027344,277.16925144195557,5377.3681640625,3393
3394,-28589.520263671875,700.4654884338379,275.14054775238037,5378.90478515625,3394
3395,-28566.561889648438,549.5445728302002,273.10352325439453,5380.431640625,3395
3396,-28543.66455078125,399.58512783050537,271.1400032043457,5381.94873046875,3396
3397,-28520.81298828125,250.57883262634277,269.32990550994873,5383.45654296875,3397
3398,-28494.223022460938,77.91931629180908,267.4543619155884,5385.20361328125,3398
3399,-28467.715454101562,-93.49024295806885,265.7836675643921,5386.9384765625,3399
3400,-28441.293334960938,-263.67506980895996,264.1836166381836,5388.6611328125,3400
3401,-28414.971923828125,-432.65929222106934,262.4884843826294,5390.37158203125,3401
3402,-28388.763427734375,-600.444221496582,260.5858564376831,5392.0703125,3402
3403,-28362.6708984375,-767.0145034790039,258.4588289260864,5393.7568359375,3403
3404,-28336.691284179688,-932.3712348937988,256.18417263031006,5395.43115234375,3404
3405,-28310.797119140625,-1096.572208404541,253.87699604034424,5397.09375,3405
3406,-28284.994506835938,-1259.5582962036133,251.63915157318115,5398.744140625,3406
3407,-28259.295654296875,-1421.2794303894043,249.53324794769287,5400.3818359375,3407
3408,-28233.706665039062,-1581.723976135254,247.58098125457764,5402.0068359375,3408
3409,-28208.233642578125,-1740.9076690673828,245.76828479766846,5403.619140625,3409
3410,-28182.888793945312,-1898.8548278808594,244.02809143066406,5405.21923828125,3410
3411,-28157.67822265625,-2055.5892944335938,242.26610660552979,5406.80712890625,3411
3412,-28132.598876953125,-2211.112403869629,240.41054248809814,5408.3828125,3412
3413,-28107.67822265625,-2365.4111862182617,238.45906257629395,5409.9462890625,3413
3414,-28082.916259765625,-2518.4810638427734,236.4746332168579,5411.4970703125,3414
3415,-28058.285522460938,-2670.3697204589844,234.557843208313,5413.0361328125,3415
3416,-28033.804321289062,-2821.0763931274414,232.79008865356445,5414.5634765625,3416
3417,-28009.47265625,-2970.559310913086,231.2046766281128,5416.078125,3417
3418,-27985.311889648438,-3118.791961669922,229.8048973083496,5417.580078125,3418
3419,-27957.89794921875,-3286.6744995117188,228.4123182296753,5419.28125,3419
3420,-27930.712890625,-3452.9369354248047,227.20649242401123,5420.96630859375,3420
3421,-27903.762817382812,-3617.587661743164,226.1497974395752,5422.634765625,3421
3422,-27877.05078125,-3780.6419372558594,225.1997709274292,5424.287109375,3422
3423,-27850.576782226562,-3942.1016693115234,224.32472705841064,5425.92333984375,3423
3424,-27824.3408203125,-4101.952743530273,223.52426052093506,5427.54345703125,3424
3425,-27798.348999023438,-4260.1959228515625,222.81203269958496,5429.1474609375,3425
3426,-27772.604370117188,-4416.8426513671875,222.18406200408936,5430.7353515625,3426
3427,-27747.103881835938,-4571.912002563477,221.6236114501953,5432.30712890625,3427
3428,-27721.847534179688,-4725.429534912109,221.11430168151855,5433.86328125,3428
3429,-27696.826171875,-4877.414321899414,220.66278457641602,5435.40380859375,3429
3430,-27672.042846679688,-5027.869033813477,220.3054428100586,5436.9287109375,3430
3431,-27647.494506835938,-5176.816177368164,220.07651329040527,5438.4384765625,3431
3432,-27620.172119140625,-5342.510604858398,219.9920892715454,5440.1181640625,3432
3433,-27593.170166015625,-5506.208419799805,220.05865573883057,5441.77734375,3433
3434,-27566.482543945312,-5667.942428588867,220.20249366760254,5443.4169921875,3434
3435,-27540.10009765625,-5827.759170532227,220.32556533813477,5445.037109375,3435
3436,-27514.016723632812,-5985.697174072266,220.35293579101562,5446.63818359375,3436
3437,-27488.247680664062,-6141.7144775390625,220.3080654144287,5448.2197265625,3437
3438,-27462.814331054688,-6295.708465576172,220.28281688690186,5449.78076171875,3438
3439,-27437.725830078125,-6447.5860595703125,220.38729190826416,5451.3203125,3439
3440,-27412.979125976562,-6597.394561767578,220.64509391784668,5452.8388671875,3440
3441,-27385.8642578125,-6761.568450927734,221.0432767868042,5454.5029296875,3441
3442,-27359.127807617188,-6923.500823974609,221.39763832092285,5456.14453125,3442
3443,-27332.748413085938,-7083.315277099609,221.60229682922363,5457.7646484375,3443
3444,-27306.692504882812,-7241.032409667969,221.70448303222656,5459.36328125,3444
3445,-27281.005859375,-7396.498870849609,221.8843936920166,5460.939453125,3445
3446,-27255.703735351562,-7549.537658691406,222.28055000305176,5462.49072265625,3446
3447,-27230.79833984375,-7700.128936767578,222.94716835021973,5464.01708984375,3447
3448,-27206.280517578125,-7848.375701904297,223.7980842590332,5465.52001953125,3448
3449,-27179.733276367188,-8008.901214599609,224.76141452789307,5467.1474609375,3449
3450,-27153.582763671875,-8166.9525146484375,225.64420700073242,5468.74951171875,3450
3451,-27127.810668945312,-8322.630310058594,226.46450996398926,5470.32763671875,3451
3452,-27102.432250976562,-8475.79345703125,227.30402946472168,5471.88037109375,3452
3453,-27077.462768554688,-8626.40609741211,228.24299335479736,5473.4072265625,3453
3454,-27050.68359375,-8787.689971923828,229.39600944519043,5475.04248046875,3454
3455,-27024.35302734375,-8946.063232421875,230.6159496307373,5476.64794921875,3455
3456,-26998.406982421875,-9101.698303222656,231.79967403411865,5478.22607421875,3456
3457,-26972.86376953125,-9254.625701904297,232.88252353668213,5479.77685546875,3457
3458,-26947.69287109375,-9404.959869384766,233.85279178619385,5481.30126953125,3458
3459,-26920.828247070312,-9564.861297607422,234.81223583221436,5482.9228515625,3459
3460,-26894.369506835938,-9721.681213378906,235.69598197937012,5484.513671875,3460
3461,-26868.301391601562,-9875.422668457031,236.50922775268555,5486.0732421875,3461
3462,-26842.584228515625,-10026.1962890625,237.2636079788208,5487.60302734375,3462
3463,-26815.283203125,-10185.270690917969,238.01791667938232,5489.21728515625,3463
3464,-26788.388061523438,-10340.846252441406,238.7474775314331,5490.79638671875,3464
3465,-26761.8896484375,-10492.848205566406,239.51129913330078,5492.33935546875,3465
3466,-26735.720825195312,-10641.437530517578,240.3243064880371,5493.84814453125,3466
3467,-26707.827758789062,-10797.296142578125,241.17815494537354,5495.431640625,3467
3468,-26679.827880859375,-10950.057220458984,241.9313907623291,5496.98486328125,3468
3469,-26651.443481445312,-11100.25405883789,242.70856380462646,5498.513671875,3469
3470,-26622.6318359375,-11247.805786132812,243.6384677886963,5500.01708984375,3470
3471,-26591.54052734375,-11401.37939453125,244.86427307128906,5501.58447265625,3471
3472,-26560.256958007812,-11550.424194335938,246.25508785247803,5503.107421875,3472
3473,-26526.602172851562,-11704.003143310547,247.85139560699463,5504.68017578125,3473
3474,-26492.367553710938,-11852.875518798828,249.43792819976807,5506.2080078125,3474
3475,-26455.426025390625,-12005.489349365234,251.04873180389404,5507.7783203125,3475
3476,-26417.257690429688,-12152.96859741211,252.6089906692505,5509.30224609375,3476
3477,-26374.697875976562,-12303.25698852539,254.18198108673096,5510.86474609375,3477
3478,-26328.948974609375,-12448.748779296875,255.67078590393066,5512.39013671875,3478
3479,-26276.690673828125,-12597.144317626953,257.167649269104,5513.9638671875,3479
3480,-26219.90966796875,-12740.926361083984,258.6259603500366,5515.51025390625,3480
3481,-26158.154296875,-12880.668640136719,260.08522510528564,5517.03857421875,3481
3482,-26091.162109375,-13016.961669921875,261.5500211715698,5518.5576171875,3482
3483,-26019.473266601562,-13150.35400390625,262.912392616272,5520.072265625,3483
3484,-25943.307495117188,-13281.123352050781,264.12196159362793,5521.5859375,3484
3485,-25862.887573242188,-13408.724975585938,265.2108907699585,5523.0947265625,3485
3486,-25774.462890625,-13538.446044921875,266.1863327026367,5524.6650390625,3486
3487,-25682.061767578125,-13663.426208496094,266.98503494262695,5526.2197265625,3487
3488,-25585.061645507812,-13784.230041503906,267.6594018936157,5527.76953125,3488
3489,-25483.384704589844,-13900.971984863281,268.19007396698,5529.31787109375,3489
3490,-25377.842712402344,-14012.725830078125,268.52002143859863,5530.85546875,3490
3491,-25269.01092529297,-14118.75,268.7134027481079,5532.375,3491
3492,-25157.05108642578,-14218.757629394531,268.87004375457764,5533.87646484375,3492
3493,-25036.683654785156,-14317.301940917969,268.8072681427002,5535.43212890625,3493
3494,-24913.32550048828,-14409.768676757812,268.31960678100586,5536.97412109375,3494
3495,-24787.12615966797,-14496.083068847656,267.4828767776489,5538.50341796875,3495
3496,-24658.87451171875,-14575.981140136719,266.2692070007324,5540.0146484375,3496
3497,-24522.946166992188,-14652.557373046875,264.64710235595703,5541.5751953125,3497
3498,-24385.34393310547,-14721.71630859375,262.9260540008545,5543.11572265625,3498
3499,-24246.275329589844,-14783.395385742188,261.2632751464844,5544.63720703125,3499
3500,-24105.918884277344,-14837.846374511719,259.5545291900635,5546.14306640625,3500
3501,-23958.370971679688,-14887.396240234375,257.53204822540283,5547.69970703125,3501
3502,-23809.706115722656,-14930.030822753906,255.0874948501587,5549.24658203125,3502
3503,-23658.84246826172,-14965.959167480469,252.48334407806396,5550.7978515625,3503
3504,-23511.260986328125,-14994.47021484375,249.6448278427124,5552.30126953125,3504
3505,-23360.7177734375,-15016.087341308594,247.13640213012695,5553.82275390625,3505
3506,-23207.289123535156,-15030.587768554688,245.1096534729004,5555.3642578125,3506
3507,-23051.556396484375,-15038.389587402344,242.9600954055786,5556.923828125,3507
3508,-22901.466369628906,-15038.986206054688,240.9221649169922,5558.42529296875,3508
3509,-22750.059509277344,-15032.363891601562,239.24190998077393,5559.94091796875,3509
3510,-22597.793579101562,-15018.49365234375,237.84480094909668,5561.47021484375,3510
3511,-22444.41375732422,-14997.386169433594,236.67428493499756,5563.0185546875,3511
3512,-22289.828491210938,-14969.418334960938,235.50472259521484,5564.58984375,3512
3513,-22141.261291503906,-14936.631774902344,234.10711288452148,5566.111328125,3513
3514,-21992.477416992188,-14897.776794433594,232.6338768005371,5567.6494140625,3514
3515,-21843.450927734375,-14853.544616699219,230.58812618255615,5569.2041015625,3515
3516,-21700.485229492188,-14806.60400390625,228.52678298950195,5570.708984375,3516
3517,-21555.833435058594,-14755.45654296875,226.68132781982422,5572.24365234375,3517
3518,-21409.011840820312,-14700.379943847656,225.16770362854004,5573.81201171875,3518
3519,-21267.068481445312,-14644.320678710938,224.17056560516357,5575.33837890625,3519
3520,-21122.390747070312,-14584.384155273438,223.39940071105957,5576.904296875,3520
3521,-20983.743286132812,-14523.62060546875,222.9361057281494,5578.41796875,3521
3522,-20844.93408203125,-14458.976745605469,222.14312553405762,5579.94921875,3522
3523,-20706.118774414062,-14389.961242675781,221.12622261047363,5581.49951171875,3523
3524,-20567.733764648438,-14316.001892089844,220.2669382095337,5583.06884765625,3524
3525,-20430.224609375,-14237.222290039062,219.40431594848633,5584.65380859375,3525
3526,-20301.058959960938,-14158.773803710938,218.32520961761475,5586.1650390625,3526
3527,-20172.6318359375,-14076.634216308594,217.02442169189453,5587.689453125,3527
3528,-20045.445251464844,-13991.009521484375,215.60978889465332,5589.22265625,3528
3529,-19918.84765625,-13901.679992675781,214.08376693725586,5590.77197265625,3529
3530,-19792.324829101562,-13808.515930175781,212.46228218078613,5592.34326171875,3530
3531,-19665.97900390625,-13711.532592773438,210.88979244232178,5593.93603515625,3531
3532,-19547.158813476562,-13616.748046875,209.49456691741943,5595.4560546875,3532
3533,-19428.45458984375,-13518.582153320312,208.16493034362793,5596.99658203125,3533
3534,-19309.83123779297,-13417.300415039062,206.79163932800293,5598.556640625,3534
3535,-19191.146850585938,-13313.0615234375,205.2152156829834,5600.13623046875,3535
3536,-19079.59747314453,-13212.716674804688,203.52447032928467,5601.63671875,3536
3537,-18967.65899658203,-13109.886169433594,201.697039604187,5603.15673828125,3537
3538,-18855.2978515625,-13004.722595214844,199.76967573165894,5604.69580078125,3538
3539,-18742.364501953125,-12897.381591796875,197.6557493209839,5606.25390625,3539
3540,-18628.713989257812,-12787.90283203125,195.40778398513794,5607.83203125,3540
3541,-18514.190673828125,-12676.404571533203,193.13833713531494,5609.4306640625,3541
3542,-18406.41326904297,-12570.648956298828,191.0292148590088,5610.94091796875,3542
3543,-18297.63641357422,-12463.358306884766,188.9836549758911,5612.46875,3543
3544,-18187.791442871094,-12354.576873779297,186.99936866760254,5614.0146484375,3544
3545,-18076.878356933594,-12244.483947753906,184.9669337272644,5615.57763671875,3545
3546,-17964.865112304688,-12133.137512207031,182.7587604522705,5617.1572265625,3546
3547,-17851.681518554688,-12020.509338378906,180.35855293273926,5618.75439453125,3547
3548,-17737.274169921875,-11906.499481201172,177.88598537445068,5620.36962890625,3548
3549,-17630.133056640625,-11799.50180053711,175.45974254608154,5621.8837890625,3549
3550,-17522.250366210938,-11691.503143310547,172.83923625946045,5623.41064453125,3550
3551,-17413.851928710938,-11582.681274414062,169.92357969284058,5624.94677734375,3551
3552,-17304.916381835938,-11472.93472290039,166.91232919692993,5626.4931640625,3552
3553,-17195.852661132812,-11362.603759765625,163.85523080825806,5628.044921875,3553
3554,-17086.17706298828,-11251.251983642578,160.8307123184204,5629.6083984375,3554
3555,-16976.004028320312,-11138.861083984375,157.80291557312012,5631.1826171875,3555
3556,-16865.403747558594,-11025.486755371094,154.6958565711975,5632.7666015625,3556
3557,-16754.312133789062,-10911.078643798828,151.50609016418457,5634.36181640625,3557
3558,-16642.76580810547,-10795.648193359375,148.30737113952637,5635.96728515625,3558
3559,-16530.74188232422,-10679.183959960938,145.1529622077942,5637.58349609375,3559
3560,-16426.904296875,-10570.793151855469,142.1969771385193,5639.0849609375,3560
3561,-16322.637939453125,-10461.554718017578,139.20416831970215,5640.59521484375,3561
3562,-16217.877197265625,-10351.520538330078,135.92761754989624,5642.11474609375,3562
3563,-16112.59765625,-10240.715789794922,132.53896236419678,5643.6435546875,3563
3564,-16006.840515136719,-10129.153442382812,129.14717197418213,5645.18115234375,3564
3565,-15900.514221191406,-10016.633605957031,125.94795227050781,5646.7294921875,3565
3566,-15793.727111816406,-9903.207397460938,123.03845882415771,5648.28759765625,3566
3567,-15686.492919921875,-9788.968658447266,120.26890516281128,5649.8544921875,3567
3568,-15578.868103027344,-9673.90365600586,117.45907068252563,5651.43017578125,3568
3569,-15470.779418945312,-9557.86361694336,114.49946165084839,5653.01611328125,3569
3570,-15362.300109863281,-9440.814208984375,111.47335767745972,5654.6123046875,3570
3571,-15253.52783203125,-9322.806549072266,108.47324132919312,5656.21728515625,3571
3572,-15144.450378417969,-9203.813934326172,105.57836294174194,5657.83154296875,3572
3573,-15035.012817382812,-9083.779907226562,102.86113023757935,5659.4560546875,3573
3574,-14925.230407714844,-8962.720489501953,100.33847093582153,5661.09033203125,3574
3575,-14824.275207519531,-8850.912475585938,98.15924167633057,5662.59716796875,3575
3576,-14722.998046875,-8738.343811035156,96.01913094520569,5664.111328125,3576
3577,-14621.340942382812,-8625.018310546875,93.84214878082275,5665.6337890625,3577
3578,-14519.253540039062,-8510.936737060547,91.62842035293579,5667.1650390625,3578
3579,-14416.722106933594,-8396.125030517578,89.46606516838074,5668.70458984375,3579
3580,-14313.729858398438,-8280.613708496094,87.478107213974,5670.25244140625,3580
3581,-14210.243225097656,-8164.429473876953,85.72643995285034,5671.80859375,3581
3582,-14106.222534179688,-8047.599029541016,84.17360782623291,5673.373046875,3582
3583,-14001.6357421875,-7930.168914794922,82.73809552192688,5674.94580078125,3583
3584,-13896.453857421875,-7812.212371826172,81.34677410125732,5676.5263671875,3584
3585,-13790.614318847656,-7693.7835693359375,79.96013760566711,5678.11474609375,3585
3586,-13684.068298339844,-7574.8931884765625,78.55086922645569,5679.71142578125,3586
3587,-13576.799011230469,-7455.582427978516,77.1227478981018,5681.31591796875,3587
3588,-13471.382141113281,-7338.904571533203,75.71095824241638,5682.888671875,3588
3589,-13366.374206542969,-7223.015594482422,74.31515455245972,5684.45263671875,3589
3590,-13261.849975585938,-7107.880401611328,72.95069694519043,5686.0078125,3590
3591,-13157.981872558594,-6993.669128417969,71.62985801696777,5687.5517578125,3591
3592,-13054.89501953125,-6880.518341064453,70.35875916481018,5689.08251953125,3592
3593,-12952.725219726562,-6768.504333496094,69.13760304450989,5690.5986328125,3593
3594,-12851.364135742188,-6657.517242431641,67.96106696128845,5692.1015625,3594
3595,-12750.67367553711,-6547.393035888672,66.82133674621582,5693.59375,3595
3596,-12650.474548339844,-6437.926483154297,65.70997834205627,5695.07763671875,3596
3597,-12550.556182861328,-6328.900527954102,64.61926698684692,5696.556640625,3597
3598,-12450.83236694336,-6220.177459716797,63.54396343231201,5698.0322265625,3598
3599,-12351.138305664062,-6111.605453491211,62.480342388153076,5699.50634765625,3599
3600,-12251.335906982422,-6003.078079223633,61.427223682403564,5700.98095703125,3600
3601,-12151.435089111328,-5894.5831298828125,60.386115312576294,5702.4560546875,3601
3602,-12051.321411132812,-5786.073684692383,59.35996174812317,5703.9326171875,3602
3603,-11950.870513916016,-5677.500534057617,58.353447914123535,5705.41162109375,3603
3604,-11849.988555908203,-5568.819808959961,57.3727011680603,5706.89453125,3604
3605,-11748.49853515625,-5459.919738769531,56.4245343208313,5708.38330078125,3605
3606,-11646.075439453125,-5350.573348999023,55.51544427871704,5709.88134765625,3606
3607,-11542.347717285156,-5240.5029296875,54.651522636413574,5711.39404296875,3607
3608,-11437.037658691406,-5129.463577270508,53.8382887840271,5712.92431640625,3608
3609,-11329.994201660156,-5017.300033569336,53.08024287223816,5714.474609375,3609
3610,-11221.214294433594,-4904.0191650390625,52.380430698394775,5716.044921875,3610
3611,-11110.982513427734,-4789.850234985352,51.74059271812439,5717.6318359375,3611
