-117.1654,0.1869,36.8761,0.000089
-116.8271,0.1863,36.5280,0.000174
-116.4860,0.1857,36.1774,0.000261
-116.1443,0.1851,35.8266,0.000345
-115.8005,0.1846,35.4740,0.000430
-115.4542,0.1844,35.1186,0.000519
-115.1070,0.1842,34.7622,0.000604
-114.7593,0.1840,34.4048,0.000692
-114.4103,0.1836,34.0460,0.000781
-114.0592,0.1833,33.6849,0.000868
-113.7082,0.1829,33.3238,0.000957
-113.3541,0.1823,32.9597,0.001047
-112.9982,0.1813,32.5957,0.001139
-112.6413,0.1804,32.2321,0.001229
-112.2816,0.1795,31.8663,0.001319
-111.9223,0.1786,31.5013,0.001411
-111.5613,0.1771,31.1340,0.001502
-111.1991,0.1755,30.7648,0.001594
-110.8365,0.1734,30.3949,0.001686
-110.4726,0.1713,30.0238,0.001778
-110.1066,0.1689,29.6503,0.001871
-109.7400,0.1666,29.2765,0.001964
-109.3730,0.1640,28.9020,0.002058
-109.0036,0.1617,28.5255,0.002150
-108.6343,0.1591,28.1490,0.002244
-108.2626,0.1568,27.7702,0.002341
-107.8891,0.1546,27.3899,0.002432
-107.5147,0.1523,27.0096,0.002528
-107.1390,0.1500,26.6282,0.002623
-106.7604,0.1480,26.2444,0.002718
-106.3825,0.1459,25.8620,0.002813
-106.0015,0.1439,25.4767,0.002908
-105.6192,0.1418,25.0905,0.003002
-105.2373,0.1398,24.7049,0.003099
-104.8523,0.1379,24.3165,0.003195
-104.4655,0.1359,23.9271,0.003291
-104.0779,0.1340,23.5382,0.003387
-103.6881,0.1321,23.1476,0.003484
-103.2963,0.1302,22.7560,0.003580
-102.9052,0.1282,22.3655,0.003678
-102.5106,0.1261,21.9723,0.003775
-102.1139,0.1239,21.5772,0.003872
-101.7181,0.1217,21.1829,0.003971
-101.3220,0.1195,20.7877,0.004069
-100.9231,0.1173,20.3896,0.004166
-100.5248,0.1154,19.9919,0.004265
-100.1243,0.1134,19.5919,0.004366
-99.7231,0.1114,19.1907,0.004463
-99.3218,0.1087,18.7896,0.004562
-98.9190,0.1057,18.3863,0.004665
-98.5130,0.1027,17.9797,0.004764
-98.1098,0.0991,17.5757,0.004863
-97.7020,0.0947,17.1671,0.004965
-97.2940,0.0903,16.7584,0.005066
-96.8849,0.0859,16.3486,0.005167
-96.4733,0.0819,15.9363,0.005269
-96.0618,0.0779,15.5244,0.005373
-95.6500,0.0739,15.1120,0.005471
-95.2348,0.0703,14.6963,0.005574
-94.8181,0.0669,14.2790,0.005678
-94.4034,0.0635,13.8638,0.005783
-93.9864,0.0605,13.4466,0.005883
-93.5651,0.0577,13.0248,0.005988
-93.1460,0.0554,12.6051,0.006091
-92.7250,0.0531,12.1836,0.006198
-92.3020,0.0509,11.7610,0.006334
-91.8782,0.0483,11.3381,0.006431
-91.4531,0.0454,10.9145,0.006466
-90.1682,0.0350,9.6368,0.006832
-89.7375,0.0309,9.2091,0.006923
-89.3058,0.0271,8.7801,0.007248
-88.4402,0.0201,7.9193,0.007250
-88.0075,0.0174,7.4891,0.007322
-87.5718,0.0151,7.0559,0.007457
-87.1351,0.0127,6.6216,0.007575
-86.6998,0.0103,6.1888,0.007681
-86.2611,0.0078,5.7526,0.007789
-85.8214,0.0049,5.3151,0.007898
-85.3825,0.0019,4.8785,0.008007
-84.9413,-0.0016,4.4399,0.008116
-84.5004,-0.0052,4.0013,0.008224
-84.0575,-0.0087,3.5617,0.008333
-83.6125,-0.0119,3.1212,0.008443
-83.1651,-0.0150,2.6799,0.008553
-82.7186,-0.0176,2.2411,0.008661
-82.2713,-0.0201,1.8024,0.008772
-81.8200,-0.0224,1.3604,0.008883
-81.3712,-0.0244,0.9198,0.008991
-80.9221,-0.0264,0.4782,0.009101
-80.4718,-0.0284,0.0350,0.009211
-80.0225,-0.0304,-0.4076,0.009323
-79.5714,-0.0326,-0.8525,0.009433
-79.1203,-0.0348,-1.2975,0.009543
-78.6695,-0.0371,-1.7425,0.009655
-78.2169,-0.0395,-2.1895,0.009766
-77.7631,-0.0421,-2.6383,0.009878
-77.3051,-0.0444,-3.0911,0.009990
-76.8567,-0.0467,-3.5345,0.010101
-76.4028,-0.0486,-3.9836,0.010212
-75.9465,-0.0505,-4.4352,0.010324
-75.4937,-0.0524,-4.8844,0.010437
-75.0366,-0.0543,-5.3392,0.010549
-74.5832,-0.0559,-5.7912,0.010661
-74.1317,-0.0576,-6.2430,0.010773
-73.6779,-0.0593,-6.6984,0.010886
-73.2296,-0.0611,-7.1504,0.010997
-72.7855,-0.0628,-7.6004,0.011107
-72.3402,-0.0644,-8.0532,0.011219
-71.8998,-0.0660,-8.5019,0.011328
-71.4593,-0.0677,-8.9499,0.011438
-71.0180,-0.0695,-9.3976,0.011548
-70.5805,-0.0711,-9.8407,0.011658
-70.1425,-0.0728,-10.2842,0.011767
-69.7020,-0.0748,-10.7300,0.011876
-69.2661,-0.0767,-11.1709,0.011985
-68.8327,-0.0785,-11.6092,0.012093
-68.3948,-0.0802,-12.0518,0.012201
-67.9614,-0.0820,-12.4898,0.012309
-67.5294,-0.0833,-12.9265,0.012417
-67.0936,-0.0844,-13.3670,0.012524
-66.6635,-0.0853,-13.8019,0.012633
-66.2323,-0.0860,-14.2380,0.012740
-65.8009,-0.0864,-14.6748,0.012847
-65.3703,-0.0866,-15.1109,0.012955
-64.9413,-0.0863,-15.5457,0.013061
-64.5092,-0.0860,-15.9837,0.013169
-64.0811,-0.0857,-16.4174,0.013275
-63.6502,-0.0851,-16.8541,0.013383
-63.2197,-0.0848,-17.2898,0.013489
-62.7870,-0.0847,-17.7271,0.013597
-62.3549,-0.0846,-18.1633,0.013705
-61.9200,-0.0844,-18.6018,0.013812
-61.4888,-0.0844,-19.0360,0.013919
-61.0550,-0.0844,-19.4728,0.014027
-60.6183,-0.0841,-19.9123,0.014135
-60.1862,-0.0833,-20.3469,0.014244
-59.7509,-0.0825,-20.7844,0.014351
-59.3129,-0.0816,-21.2243,0.014460
-58.8795,-0.0803,-21.6595,0.014568
-58.4437,-0.0787,-22.0978,0.014675
-58.0050,-0.0769,-22.5390,0.014783
-57.5706,-0.0750,-22.9759,0.014890
-57.1345,-0.0732,-23.4142,0.014999
-56.6959,-0.0715,-23.8545,0.015109
-56.2590,-0.0700,-24.2923,0.015216
-55.8209,-0.0685,-24.7310,0.015325
-55.3819,-0.0670,-25.1702,0.015433
-54.9433,-0.0655,-25.6088,0.015541
-54.5036,-0.0640,-26.0482,0.015650
-54.0610,-0.0627,-26.4901,0.015760
-53.6217,-0.0618,-26.9285,0.015868
-53.1805,-0.0609,-27.3683,0.015977
-52.7388,-0.0607,-27.8085,0.016087
-52.2978,-0.0608,-28.2472,0.016196
-51.8555,-0.0613,-28.6873,0.016304
-51.4119,-0.0617,-29.1283,0.016414
-50.9686,-0.0619,-29.5687,0.016522
-50.5253,-0.0613,-30.0085,0.016632
-50.0814,-0.0607,-30.4488,0.016740
-49.6357,-0.0596,-30.8903,0.016851
-49.1909,-0.0583,-31.3304,0.016960
-48.7462,-0.0571,-31.7701,0.017070
-48.3014,-0.0561,-32.2096,0.017179
-47.8541,-0.0554,-32.6512,0.017288
-47.4079,-0.0550,-33.0918,0.017398
-46.9624,-0.0548,-33.5318,0.017507
-46.5146,-0.0547,-33.9741,0.017617
-46.0682,-0.0546,-34.4152,0.017728
-45.6199,-0.0543,-34.8581,0.017836
-45.1739,-0.0540,-35.2991,0.017947
-44.7255,-0.0534,-35.7422,0.018057
-44.2776,-0.0530,-36.1850,0.018167
-43.8305,-0.0525,-36.6269,0.018277
-43.3803,-0.0521,-37.0718,0.018389
-42.9322,-0.0516,-37.5148,0.018498
-42.4833,-0.0513,-37.9587,0.018609
-42.0345,-0.0510,-38.4031,0.018719
-41.5859,-0.0507,-38.8474,0.018830
-41.1379,-0.0508,-39.2915,0.018941
-40.6886,-0.0512,-39.7371,0.019051
-40.2397,-0.0514,-40.1824,0.019161
-39.7919,-0.0518,-40.6270,0.019273
-39.3406,-0.0524,-41.0752,0.019383
-38.8906,-0.0530,-41.5219,0.019495
-38.4408,-0.0536,-41.9680,0.019605
-37.9894,-0.0544,-42.4151,0.019717
-37.5376,-0.0550,-42.8623,0.019828
-37.0879,-0.0557,-43.3074,0.019938
-36.6350,-0.0563,-43.7557,0.020050
-36.1834,-0.0570,-44.2031,0.020161
-35.7313,-0.0577,-44.6511,0.020273
-35.2789,-0.0584,-45.0993,0.020384
-34.8286,-0.0589,-45.5461,0.020495
-34.3769,-0.0591,-45.9951,0.020604
-33.9240,-0.0591,-46.4466,0.020715
-33.4735,-0.0592,-46.8964,0.020827
-33.0242,-0.0593,-47.3464,0.020940
-32.5729,-0.0591,-47.7991,0.021053
-32.1225,-0.0589,-48.2517,0.021164
-31.6728,-0.0586,-48.7043,0.021276
-31.2228,-0.0585,-49.1572,0.021389
-30.7718,-0.0584,-49.6114,0.021501
-30.3216,-0.0581,-50.0649,0.021613
-29.8705,-0.0579,-50.5196,0.021724
-29.4194,-0.0578,-50.9741,0.021837
-28.9663,-0.0574,-51.4301,0.021949
-28.5160,-0.0570,-51.8832,0.022061
-28.0631,-0.0565,-52.3385,0.022173
-27.6094,-0.0557,-52.7941,0.022286
-27.1579,-0.0548,-53.2472,0.022398
-26.7033,-0.0537,-53.7031,0.022511
-26.2496,-0.0527,-54.1578,0.022622
-25.7948,-0.0515,-54.6135,0.022735
-25.3404,-0.0501,-55.0692,0.022849
-24.8861,-0.0487,-55.5250,0.022961
-24.4317,-0.0473,-55.9808,0.023074
-23.9779,-0.0463,-56.4361,0.023186
-23.5220,-0.0455,-56.8935,0.023298
-23.0676,-0.0447,-57.3495,0.023412
-22.6127,-0.0442,-57.8058,0.023525
-22.1579,-0.0439,-58.2620,0.023637
-21.7016,-0.0434,-58.7197,0.023750
-21.2452,-0.0426,-59.1772,0.023862
-20.7892,-0.0416,-59.6343,0.023976
-20.3336,-0.0404,-60.0906,0.024088
-19.8764,-0.0387,-60.5489,0.024202
-19.4197,-0.0370,-61.0064,0.024314
-18.9621,-0.0350,-61.4655,0.024428
-18.5075,-0.0330,-61.9223,0.024541
-18.0501,-0.0308,-62.3825,0.024655
-17.5941,-0.0289,-62.8413,0.024768
-17.1380,-0.0270,-63.3008,0.024882
-16.6816,-0.0252,-63.7607,0.024995
-16.2239,-0.0231,-64.2216,0.025108
-15.7691,-0.0209,-64.6794,0.025221
-15.3121,-0.0188,-65.1393,0.025334
-14.8530,-0.0158,-65.6018,0.025448
-14.3961,-0.0126,-66.0618,0.025562
-13.9385,-0.0092,-66.5222,0.025676
-13.4802,-0.0054,-66.9836,0.025789
-13.0240,0.0091,-67.4437,0.025902
-12.5670,0.0085,-67.9037,0.026016
-12.1082,0.0081,-68.3654,0.026130
-11.6509,0.0069,-68.8261,0.026244
-11.1914,0.0056,-69.2893,0.026358
-10.7340,0.0042,-69.7503,0.026472
-10.2746,0.0031,-70.2131,0.026585
-9.8146,0.0024,-70.6763,0.026699
-9.3547,0.0018,-71.1386,0.026813
-8.8934,0.0010,-71.6003,0.026927
-8.4316,0.0009,-72.0602,0.027041
-7.9663,0.0007,-72.5227,0.027155
-7.5044,0.0008,-72.9809,0.027269
-7.0404,0.0010,-73.4407,0.027382
-6.5737,0.0012,-73.9028,0.027497
-6.1103,0.0018,-74.3619,0.027612
-5.6459,0.0023,-74.8221,0.027726
-5.1807,0.0031,-75.2833,0.027840
-4.7170,0.0039,-75.7443,0.027955
-4.2567,0.0039,-76.2048,0.028069
-3.7967,0.0039,-76.6689,0.028183
-3.3376,0.0039,-77.1348,0.028297
-2.8811,0.0032,-77.5995,0.028411
-2.4225,0.0024,-78.0672,0.028526
-1.9628,0.0017,-78.5346,0.028641
-1.5018,0.0012,-79.0020,0.028756
-1.0415,0.0009,-79.4677,0.028870
-0.5787,0.0007,-79.9343,0.028985
-0.1163,0.0000,-80.3994,0.029098
0.3484,-0.0007,-80.8657,0.029214
0.8124,-0.0018,-81.3306,0.029329
1.2774,-0.0029,-81.7955,0.029442
1.7432,-0.0037,-82.2607,0.029558
2.2081,-0.0041,-82.7250,0.029673
2.6736,-0.0044,-83.1904,0.029788
3.1386,-0.0042,-83.6556,0.029903
3.6041,-0.0037,-84.1214,0.030017
4.0704,-0.0031,-84.5881,0.030133
4.5341,-0.0025,-85.0521,0.030248
5.0010,-0.0023,-85.5195,0.030363
5.4650,-0.0027,-85.9835,0.030479
5.9315,-0.0031,-86.4503,0.030593
6.3975,-0.0041,-86.9161,0.030708
6.8636,-0.0051,-87.3821,0.030823
7.3333,-0.0061,-87.8514,0.030940
7.7979,-0.0073,-88.3154,0.031055
8.2667,-0.0086,-88.7832,0.031169
8.7337,-0.0099,-89.2491,0.031284
9.2000,-0.0110,-89.7141,0.031399
9.6685,-0.0120,-90.1816,0.031514
10.1364,-0.0130,-90.6487,0.031630
10.6028,-0.0136,-91.1151,0.031746
11.0704,-0.0139,-91.5841,0.031861
11.5380,-0.0145,-92.0536,0.031978
12.0027,-0.0151,-92.5207,0.032093
12.4699,-0.0161,-92.9910,0.032209
12.9353,-0.0174,-93.4598,0.032324
13.4006,-0.0191,-93.9282,0.032440
13.8695,-0.0209,-94.3998,0.032555
14.3373,-0.0225,-94.8696,0.032671
14.8056,-0.0236,-95.3390,0.032786
15.2739,-0.0242,-95.8078,0.032902
15.7427,-0.0245,-96.2768,0.033019
16.2132,-0.0248,-96.7470,0.033134
16.6844,-0.0249,-97.2174,0.033250
17.1525,-0.0259,-97.6852,0.033366
17.6214,-0.0269,-98.1540,0.033482
18.0912,-0.0280,-98.6240,0.033598
18.5607,-0.0292,-99.0939,0.033712
19.0299,-0.0303,-99.5632,0.033831
19.4993,-0.0305,-100.0327,0.033946
19.9700,-0.0303,-100.5026,0.034062
20.4403,-0.0298,-100.9715,0.034178
20.9101,-0.0291,-101.4392,0.034294
21.3801,-0.0285,-101.9066,0.034409
21.8515,-0.0280,-102.3751,0.034526
22.3225,-0.0278,-102.8430,0.034642
22.7924,-0.0275,-103.3099,0.034756
23.2622,-0.0273,-103.7775,0.034874
23.7318,-0.0268,-104.2453,0.034988
24.2004,-0.0262,-104.7125,0.035104
24.6695,-0.0256,-105.1805,0.035219
25.1375,-0.0250,-105.6477,0.035334
25.6068,-0.0245,-106.1162,0.035450
26.0744,-0.0242,-106.5828,0.035566
26.5429,-0.0238,-107.0499,0.035682
27.0112,-0.0233,-107.5170,0.035797
27.4813,-0.0224,-107.9857,0.035912
27.9504,-0.0214,-108.4534,0.036028
28.4168,-0.0204,-108.9186,0.036143
28.8866,-0.0200,-109.3866,0.036258
29.3525,-0.0199,-109.8510,0.036373
29.8203,-0.0202,-110.3170,0.036488
30.2875,-0.0207,-110.7827,0.036604
30.7554,-0.0212,-111.2493,0.036719
31.2223,-0.0220,-111.7154,0.036834
31.6899,-0.0228,-112.1820,0.036949
32.1558,-0.0229,-112.6478,0.037064
32.6224,-0.0233,-113.1142,0.037180
33.1053,-0.0239,-113.5974,0.037299
33.5551,-0.0244,-114.0476,0.037411
34.0200,-0.0247,-114.5132,0.037525
34.4844,-0.0250,-114.9782,0.037640
34.9495,-0.0255,-115.4439,0.037754
35.4153,-0.0260,-115.9107,0.037870
35.8793,-0.0266,-116.3758,0.037985
36.3459,-0.0270,-116.8434,0.038101
36.8096,-0.0274,-117.3083,0.038214
37.2746,-0.0269,-117.7744,0.038330
37.7379,-0.0264,-118.2385,0.038444
38.2026,-0.0259,-118.7042,0.038559
38.6673,-0.0247,-119.1701,0.038674
39.1308,-0.0234,-119.6347,0.038788
39.5966,-0.0221,-120.1016,0.038903
40.0580,-0.0209,-120.5639,0.039018
40.5213,-0.0198,-121.0282,0.039132
40.9856,-0.0186,-121.4936,0.039246
41.4483,-0.0172,-121.9574,0.039360
41.9122,-0.0157,-122.4224,0.039475
42.3738,-0.0143,-122.8852,0.039589
42.8351,-0.0128,-123.3477,0.039703
43.2980,-0.0115,-123.8117,0.039818
43.7606,-0.0102,-124.2754,0.039932
44.2204,-0.0090,-124.7364,0.040045
44.6828,-0.0078,-125.2000,0.040160
45.1437,-0.0073,-125.6621,0.040274
45.6050,-0.0072,-126.1243,0.040387
46.0666,-0.0069,-126.5867,0.040502
46.5267,-0.0069,-127.0476,0.040616
46.9876,-0.0070,-127.5091,0.040729
47.4474,-0.0069,-127.9696,0.040843
47.9067,-0.0067,-128.4296,0.040956
48.3695,-0.0062,-128.8928,0.041072
48.8290,-0.0053,-129.3529,0.041185
49.2876,-0.0045,-129.8122,0.041298
49.7459,-0.0035,-130.2713,0.041411
50.2064,-0.0027,-130.7325,0.041525
50.6650,-0.0023,-131.1917,0.041637
51.1229,-0.0022,-131.6502,0.041751
51.5827,-0.0020,-132.1104,0.041865
52.0429,-0.0018,-132.5711,0.041978
52.5002,-0.0013,-133.0287,0.042091
52.9596,-0.0008,-133.4882,0.042205
53.4202,-0.0004,-133.9482,0.042318
53.8781,-0.0002,-134.4056,0.042432
54.3385,-0.0000,-134.8651,0.042544
54.7976,-0.0003,-135.3230,0.042659
55.2561,-0.0010,-135.7805,0.042770
55.7160,-0.0018,-136.2392,0.042885
56.1754,-0.0021,-136.6971,0.042997
56.6345,-0.0024,-137.1549,0.043111
57.0946,-0.0026,-137.6132,0.043224
57.5545,-0.0028,-138.0715,0.043337
58.0124,-0.0030,-138.5276,0.043450
58.4729,-0.0031,-138.9860,0.043564
58.9325,-0.0032,-139.4434,0.043677
59.3902,-0.0032,-139.8987,0.043789
59.8507,-0.0033,-140.3572,0.043903
60.3095,-0.0035,-140.8139,0.044016
60.7686,-0.0038,-141.2713,0.044130
61.2379,-0.0040,-141.7392,0.044245
61.6864,-0.0042,-142.1865,0.044355
62.1442,-0.0042,-142.6433,0.044468
62.6010,-0.0034,-143.0995,0.044581
63.0607,-0.0024,-143.5583,0.044694
63.5175,-0.0015,-144.0144,0.044807
63.9745,-0.0000,-144.4711,0.044921
64.4331,0.0017,-144.9289,0.045034
64.8911,0.0028,-145.3862,0.045146
65.3479,0.0040,-145.8422,0.045259
65.8067,0.0048,-146.3002,0.045373
66.2642,0.0055,-146.7572,0.045486
66.7206,0.0062,-147.2133,0.045599
67.1774,0.0068,-147.6698,0.045711
67.6352,0.0074,-148.1269,0.045824
68.0917,0.0078,-148.5831,0.045937
68.5490,0.0082,-149.0399,0.046049
69.0066,0.0086,-149.4971,0.046163
69.4627,0.0087,-149.9525,0.046276
69.9216,0.0088,-150.4105,0.046389
70.3776,0.0086,-150.8659,0.046501
70.8339,0.0085,-151.3213,0.046614
71.2916,0.0085,-151.7781,0.046727
71.7498,0.0083,-152.2356,0.046840
72.2053,0.0082,-152.6906,0.046952
72.6626,0.0081,-153.1477,0.047065
73.1190,0.0080,-153.6040,0.047179
73.5726,0.0080,-154.0577,0.047291
74.0306,0.0080,-154.5159,0.047404
74.4862,0.0078,-154.9717,0.047516
74.9435,0.0077,-155.4292,0.047629
75.3983,0.0075,-155.8843,0.047742
75.8539,0.0069,-156.3404,0.047855
76.3107,0.0067,-156.7977,0.047968
76.7641,0.0069,-157.2519,0.048079
77.2199,0.0076,-157.7086,0.048193
77.6773,0.0089,-158.1667,0.048305
78.1313,0.0101,-158.6216,0.048419
78.5863,0.0115,-159.0775,0.048531
79.0413,0.0128,-159.5339,0.048643
79.4971,0.0141,-159.9913,0.048756
79.9493,0.0146,-160.4452,0.048868
80.4045,0.0149,-160.9026,0.048981
80.8589,0.0153,-161.3596,0.049094
81.3102,0.0155,-161.8138,0.049206
81.7639,0.0160,-162.2708,0.049318
82.2174,0.0165,-162.7272,0.049430
82.6700,0.0169,-163.1824,0.049542
83.1218,0.0178,-163.6370,0.049655
83.5747,0.0184,-164.0925,0.049766
84.0283,0.0190,-164.5486,0.049879
84.4793,0.0196,-165.0020,0.049992
84.9314,0.0203,-165.4565,0.050103
85.3841,0.0212,-165.9118,0.050215
85.8348,0.0222,-166.3649,0.050327
86.2855,0.0231,-166.8185,0.050438
86.7379,0.0240,-167.2737,0.050550
87.1865,0.0246,-167.7253,0.050660
87.6378,0.0248,-168.1795,0.050773
88.0870,0.0245,-168.6318,0.050884
88.5375,0.0239,-169.0854,0.050998
88.9889,0.0232,-169.5400,0.051109
89.4377,0.0230,-169.9919,0.051221
89.8860,0.0227,-170.4433,0.051332
90.3358,0.0224,-170.8961,0.051444
90.7867,0.0229,-171.3499,0.051556
91.2339,0.0233,-171.8004,0.051667
91.6822,0.0237,-172.2520,0.051778
92.1324,0.0240,-172.7056,0.051890
92.5787,0.0244,-173.1551,0.052001
93.0285,0.0247,-173.6083,0.052112
93.4756,0.0244,-174.0587,0.052223
93.9227,0.0240,-174.5090,0.052334
94.3714,0.0238,-174.9602,0.052445
94.8198,0.0234,-175.4109,0.052556
95.2666,0.0226,-175.8598,0.052667
95.7138,0.0216,-176.3086,0.052778
96.1631,0.0207,-176.7595,0.052889
96.6088,0.0193,-177.2068,0.052999
97.0569,0.0180,-177.6564,0.053110
97.5049,0.0166,-178.1057,0.053221
97.9498,0.0147,-178.5523,0.053332
98.3991,0.0128,-179.0035,0.053443
98.8449,0.0111,-179.4515,0.053553
99.2905,0.0097,-179.8997,0.053664
99.7353,0.0082,-180.3473,0.053774
100.1809,0.0068,-180.7957,0.053885
100.6259,0.0054,-181.2435,0.053995
101.0699,0.0038,-181.6904,0.054105
101.5144,0.0022,-182.1378,0.054215
101.9598,0.0007,-182.5859,0.054326
102.4050,-0.0007,-183.0338,0.054436
102.8497,-0.0020,-183.4809,0.054547
103.2934,-0.0032,-183.9269,0.054657
103.7364,-0.0044,-184.3723,0.054767
104.1810,-0.0059,-184.8194,0.054877
104.6245,-0.0077,-185.2654,0.054987
105.0679,-0.0098,-185.7116,0.055097
105.5117,-0.0118,-186.1585,0.055207
105.9529,-0.0138,-186.6035,0.055317
106.3959,-0.0158,-187.0510,0.055427
106.8380,-0.0176,-187.4979,0.055537
107.2780,-0.0191,-187.9432,0.055646
107.7189,-0.0206,-188.3901,0.055756
108.1607,-0.0218,-188.8377,0.055866
108.5995,-0.0231,-189.2820,0.055975
109.0406,-0.0239,-189.7284,0.056085
109.4822,-0.0247,-190.1757,0.056195
109.9209,-0.0255,-190.6203,0.056304
110.3616,-0.0262,-191.0675,0.056414
110.8009,-0.0272,-191.5143,0.056524
111.2375,-0.0283,-191.9592,0.056633
111.6764,-0.0296,-192.4069,0.056743
112.1132,-0.0313,-192.8531,0.056852
112.5492,-0.0331,-193.2993,0.056961
112.9853,-0.0348,-193.7462,0.057070
113.4238,-0.0369,-194.1958,0.057180
113.8565,-0.0388,-194.6401,0.057288
114.2929,-0.0405,-195.0886,0.057398
114.7283,-0.0419,-195.5370,0.057507
115.1622,-0.0425,-195.9843,0.057616
115.5958,-0.0427,-196.4320,0.057725
116.0309,-0.0428,-196.8818,0.057835
116.4618,-0.0424,-197.3273,0.057943
116.8951,-0.0417,-197.7762,0.058053
117.3285,-0.0409,-198.2265,0.058162
117.7578,-0.0402,-198.6740,0.058270
118.1881,-0.0394,-199.1237,0.058379
118.6165,-0.0391,-199.5726,0.058488
119.0439,-0.0389,-200.0201,0.058597
119.4755,-0.0389,-200.4711,0.058705
119.9069,-0.0386,-200.9212,0.058814
120.3366,-0.0381,-201.3695,0.058923
120.7655,-0.0377,-201.8168,0.059031
121.1972,-0.0365,-202.2668,0.059141
121.6259,-0.0349,-202.7139,0.059249
122.0567,-0.0333,-203.1632,0.059357
122.4854,-0.0300,-203.6120,0.059466
122.9132,-0.0283,-204.0585,0.059574
123.3402,-0.0266,-204.5046,0.059682
123.7686,-0.0249,-204.9531,0.059791
124.1965,-0.0231,-205.4018,0.059899
124.6229,-0.0214,-205.8495,0.060007
125.0511,-0.0172,-206.2992,0.060115
125.4697,-0.0157,-206.7524,0.060224
125.8952,-0.0145,-207.2004,0.060332
126.3216,-0.0134,-207.6490,0.060440
126.7466,-0.0122,-208.0965,0.060548
127.1711,-0.0111,-208.5435,0.060656
127.6127,-0.0122,-208.9959,0.060764
128.0193,-0.0053,-209.4437,0.060872
128.4523,-0.0048,-209.9003,0.060982
128.8808,-0.0042,-210.3530,0.061091
129.2923,-0.0037,-210.7884,0.061196
129.7336,-0.0101,-211.2363,0.061304
130.1385,-0.0026,-211.6863,0.061412
130.5598,-0.0014,-212.1328,0.061519
131.0036,-0.0146,-212.5821,0.061627
131.4074,0.0023,-213.0296,0.061735
131.8490,-0.0011,-213.4764,0.061842
132.2547,0.0056,-213.9252,0.061951
132.6771,0.0073,-214.3715,0.062060
133.1201,-0.0071,-214.8190,0.062167
133.5223,0.0106,-215.2638,0.062275
133.9653,0.0097,-215.7110,0.062381
134.3687,0.0149,-216.1560,0.062488
134.7915,0.0169,-216.6006,0.062594
135.2356,0.0048,-217.0466,0.062702
135.6397,0.0207,-217.4897,0.062809
136.0849,0.0188,-217.9345,0.062917
136.5091,-0.0007,-218.3760,0.063024
136.9150,0.0244,-218.8174,0.063131
137.3598,0.0141,-219.2596,0.063238
137.7659,0.0261,-219.7017,0.063345
138.2092,0.0259,-220.1434,0.063452
138.6332,0.0062,-220.5842,0.063559
139.0390,0.0288,-221.0260,0.063666
139.4812,0.0184,-221.4652,0.063773
139.8872,0.0306,-221.9050,0.063879
140.3321,0.0308,-222.3447,0.063987
140.7578,0.0142,-222.7829,0.064093
141.1650,0.0339,-223.2214,0.064200
141.6143,0.0265,-223.6634,0.064307
142.0370,0.0069,-224.0966,0.064413
142.4424,0.0368,-224.5311,0.064520
142.8908,0.0194,-224.9710,0.064627
143.2942,0.0393,-225.4039,0.064732
143.7383,0.0324,-225.8394,0.064838
144.1672,0.0159,-226.2777,0.064945
144.5724,0.0431,-226.7102,0.065051
145.0198,0.0287,-227.1457,0.065158
145.4254,0.0453,-227.5761,0.065263
145.8717,0.0413,-228.0088,0.065370
146.2983,0.0214,-228.4412,0.065475
146.7060,0.0477,-228.8741,0.065581
147.1510,0.0332,-229.3066,0.065687
147.5762,0.0160,-229.7379,0.065793
148.0020,0.0474,-230.1696,0.065900
148.4273,0.0276,-230.6003,0.066007
148.8325,0.0510,-231.0303,0.066112
149.2754,0.0389,-231.4603,0.066218
149.7022,0.0194,-231.8927,0.066323
150.1248,0.0511,-232.3200,0.066427
150.5496,0.0314,-232.7479,0.066532
150.9545,0.0558,-233.1750,0.066637
151.3946,0.0464,-233.5991,0.066742
151.8195,0.0264,-234.0271,0.066846
152.2373,0.0578,-234.4481,0.066950
152.6588,0.0379,-234.8722,0.067055
153.0602,0.0609,-235.2952,0.067159
153.4960,0.0483,-235.7143,0.067262
153.9139,0.0278,-236.1340,0.067365
154.3313,0.0612,-236.5527,0.067468
154.7461,0.0409,-236.9679,0.067571
155.1412,0.0636,-237.3825,0.067673
155.5779,0.0507,-237.8004,0.067776
155.9804,0.0290,-238.2029,0.067878
156.4043,0.0595,-238.6268,0.067980
156.8209,0.0362,-239.0430,0.068083
157.2120,0.0619,-239.4527,0.068184
157.6450,0.0426,-239.8656,0.068285
158.0421,0.0597,-240.2805,0.068390
158.4738,0.0517,-240.6917,0.068490
158.8867,0.0294,-241.1030,0.068592
159.2810,0.0567,-241.5149,0.068695
159.7156,0.0355,-241.9294,0.068799
160.1047,0.0543,-242.3366,0.068898
160.5382,0.0414,-242.7494,0.069001
160.9515,0.0186,-243.1603,0.069101
161.3641,0.0498,-243.5694,0.069202
161.7813,0.0272,-243.9816,0.069304
162.1747,0.0477,-244.3889,0.069405
162.6106,0.0332,-244.7993,0.069507
163.0052,0.0449,-245.2066,0.069608
163.4373,0.0393,-245.6138,0.069708
163.8509,0.0168,-246.0214,0.069810
164.2463,0.0418,-246.4294,0.069911
164.6776,0.0258,-246.8354,0.070012
165.0705,0.0396,-247.2410,0.070112
165.5044,0.0319,-247.6493,0.070213
165.9179,0.0093,-248.0560,0.070315
166.3090,0.0364,-248.4592,0.070414
166.7439,0.0165,-248.8680,0.070517
167.1359,0.0358,-249.2720,0.070617
167.5647,0.0237,-249.6747,0.070718
167.9554,0.0349,-250.0771,0.070816
168.3820,0.0333,-250.4775,0.070917
168.7905,0.0110,-250.8782,0.071015
169.1784,0.0337,-251.2772,0.071114
169.6047,0.0174,-251.6763,0.071212
169.9882,0.0328,-252.0705,0.071309
170.4128,0.0251,-252.4671,0.071407
170.7950,0.0339,-252.8588,0.071505
171.1972,0.0340,-253.2502,0.071601
171.6197,0.0123,-253.6415,0.071699
171.9989,0.0340,-254.0264,0.071795
172.4192,0.0187,-254.4127,0.071890
172.7985,0.0338,-254.7953,0.071985
173.2169,0.0237,-255.1777,0.072080
173.5931,0.0320,-255.5557,0.072175
174.0100,0.0279,-255.9350,0.072269
174.3906,0.0301,-256.3112,0.072362
174.7875,0.0289,-256.6801,0.072454
175.2090,0.0109,-257.0504,0.072548
175.5894,0.0261,-257.4154,0.072639
176.0055,0.0142,-257.7762,0.072731
176.3836,0.0231,-258.1389,0.072824
176.7945,0.0145,-258.4991,0.072916
177.1662,0.0169,-258.8589,0.073006
177.5581,0.0144,-259.2199,0.073097
177.9459,0.0119,-259.5768,0.073187
178.3335,0.0094,-259.9326,0.073275
178.7211,0.0068,-260.2881,0.073363
179.1054,0.0044,-260.6403,0.073452
179.4895,0.0019,-260.9933,0.073538
179.8747,-0.0009,-261.3478,0.073628
180.2542,-0.0036,-261.6973,0.073713
180.6351,-0.0062,-262.0483,0.073801
181.0347,-0.0103,-262.3983,0.073887
181.3947,-0.0115,-262.7471,0.073973
181.7733,-0.0142,-263.0943,0.074061
182.1642,-0.0153,-263.4320,0.074145
182.5441,-0.0164,-263.7757,0.074232
182.9215,-0.0174,-264.1155,0.074314
183.3027,-0.0183,-264.4577,0.074400
183.6815,-0.0191,-264.7964,0.074486
184.0607,-0.0200,-265.1343,0.074567
184.4377,-0.0210,-265.4695,0.074654
184.8155,-0.0220,-265.8037,0.074737
185.1919,-0.0232,-266.1354,0.074820
185.5695,-0.0246,-266.4672,0.074903
185.9457,-0.0259,-266.7968,0.074986
186.3209,-0.0273,-267.1244,0.075067
186.6986,-0.0286,-267.4531,0.075150
187.0742,-0.0295,-267.7788,0.075233
187.4475,-0.0304,-268.1012,0.075315
187.8266,-0.0314,-268.4256,0.075393
188.2068,-0.0319,-268.7444,0.075475
188.5884,-0.0322,-269.0580,0.075556
188.9738,-0.0326,-269.3696,0.075637
189.3586,-0.0331,-269.6773,0.075719
189.7428,-0.0335,-269.9846,0.075799
190.1216,-0.0339,-270.2919,0.075876
190.5049,-0.0343,-270.6039,0.075958
190.8806,-0.0349,-270.9087,0.076033
191.2650,-0.0354,-271.2161,0.076116
191.6518,-0.0359,-271.5202,0.076196
192.0407,-0.0365,-271.8187,0.076274
192.4359,-0.0371,-272.1164,0.076355
192.8327,-0.0372,-272.4097,0.076434
193.2337,-0.0374,-272.6998,0.076511
193.6400,-0.0377,-272.9861,0.076592
194.0486,-0.0380,-273.2699,0.076673
194.4604,-0.0382,-273.5502,0.076752
194.8777,-0.0384,-273.8281,0.076832
195.2988,-0.0385,-274.1020,0.076909
195.7213,-0.0382,-274.3702,0.076994
196.1501,-0.0378,-274.6370,0.077074
196.5825,-0.0372,-274.9001,0.077154
197.0167,-0.0363,-275.1571,0.077232
197.4560,-0.0352,-275.4127,0.077313
197.8994,-0.0340,-275.6641,0.077392
198.3445,-0.0327,-275.9099,0.077474
198.7970,-0.0314,-276.1525,0.077554
199.2527,-0.0295,-276.3891,0.077634
199.7106,-0.0267,-276.6197,0.077721
200.1730,-0.0228,-276.8447,0.077799
200.6404,-0.0229,-277.0614,0.077879
201.1101,-0.0228,-277.2754,0.077963
201.5827,-0.0226,-277.4848,0.078043
202.0595,-0.0224,-277.6894,0.078123
202.5389,-0.0221,-277.8900,0.078204
203.0237,-0.0216,-278.0876,0.078287
203.5099,-0.0209,-278.2796,0.078373
203.9998,-0.0198,-278.4669,0.078454
204.4963,-0.0183,-278.6493,0.078538
204.9938,-0.0165,-278.8275,0.078624
205.4938,-0.0145,-279.0002,0.078705
206.0004,-0.0124,-279.1687,0.078789
206.5091,-0.0102,-279.3331,0.078877
207.0160,-0.0080,-279.4982,0.078964
207.5237,-0.0057,-279.6666,0.079047
208.0378,-0.0032,-279.8366,0.079133
208.5491,-0.0006,-280.0041,0.079220
209.0642,0.0021,-280.1699,0.079307
209.5848,0.0048,-280.3352,0.079391
210.1098,0.0076,-280.4992,0.079477
210.6376,0.0103,-280.6601,0.079569
211.1691,0.0131,-280.8174,0.079655
211.7033,0.0162,-280.9713,0.079740
212.2449,0.0195,-281.1235,0.079827
212.7874,0.0232,-281.2709,0.079916
213.3369,0.0272,-281.4115,0.080004
213.8920,0.0314,-281.5476,0.080090
214.4484,0.0361,-281.6774,0.080181
215.0083,0.0410,-281.8008,0.080274
215.5745,0.0459,-281.9197,0.080365
216.1406,0.0509,-282.0325,0.080456
216.7085,0.0562,-282.1398,0.080546
217.2814,0.0618,-282.2422,0.080637
217.8592,0.0676,-282.3379,0.080733
218.4354,0.0737,-282.4283,0.080824
219.0128,0.0800,-282.5127,0.080919
219.5956,0.0863,-282.5917,0.081013
220.1776,0.0928,-282.6651,0.081107
220.7577,0.0995,-282.7361,0.081205
221.3414,0.1064,-282.8075,0.081298
221.9258,0.1137,-282.8760,0.081395
222.5123,0.1214,-282.9413,0.081489
223.1044,0.1294,-283.0016,0.081585
223.6933,0.1372,-283.0577,0.081675
224.2866,0.1450,-283.1102,0.081770
224.8799,0.1525,-283.1592,0.081857
225.4737,0.1595,-283.2074,0.081951
226.0710,0.1665,-283.2546,0.082046
226.6689,0.1734,-283.2975,0.082139
227.2726,0.1805,-283.3343,0.082237
227.8791,0.1872,-283.3633,0.082336
228.4852,0.1937,-283.3866,0.082433
229.0908,0.2002,-283.4034,0.082531
229.7016,0.2066,-283.4141,0.082636
230.3137,0.2133,-283.4187,0.082743
230.9235,0.2203,-283.4173,0.082846
231.5401,0.2278,-283.4095,0.082953
232.1516,0.2358,-283.3954,0.083060
232.7657,0.2441,-283.3734,0.083158
233.3804,0.2522,-283.3470,0.083256
233.9943,0.2602,-283.3152,0.083354
234.6106,0.2680,-283.2783,0.083444
235.2294,0.2757,-283.2357,0.083534
235.8462,0.2835,-283.1873,0.083624
236.4617,0.2919,-283.1320,0.083720
237.0847,0.3010,-283.0694,0.083813
237.7035,0.3107,-282.9991,0.083907
238.3236,0.3211,-282.9238,0.084007
238.9448,0.3319,-282.8418,0.084104
239.5670,0.3438,-282.7541,0.084205
240.1890,0.3560,-282.6614,0.084313
240.8078,0.3689,-282.5644,0.084416
241.4290,0.3820,-282.4658,0.084525
242.0483,0.3954,-282.3668,0.084629
242.6713,0.4091,-282.2641,0.084737
243.2918,0.4228,-282.1589,0.084838
243.9135,0.4365,-282.0500,0.084936
244.5375,0.4504,-281.9377,0.085039
245.1602,0.4644,-281.8224,0.085133
245.7825,0.4786,-281.7036,0.085230
246.4064,0.4930,-281.5798,0.085332
247.0311,0.5078,-281.4503,0.085432
247.6539,0.5228,-281.3163,0.085531
248.2826,0.5465,-281.1891,0.085633
248.9057,0.5678,-281.0457,0.085737
249.5219,0.5890,-280.8992,0.085840
250.1298,0.5935,-280.7359,0.085944
250.7561,0.6311,-280.5912,0.086053
251.3731,0.6329,-280.4117,0.086155
251.9726,0.6717,-280.2608,0.086259
252.5856,0.6803,-280.0676,0.086362
253.1841,0.6772,-279.8878,0.086464
253.7794,0.7250,-279.7050,0.086570
254.3750,0.7216,-279.5130,0.086672
254.9483,0.7127,-279.3256,0.086773
255.5360,0.7289,-279.1298,0.086879
256.1182,0.7450,-278.9294,0.086980
256.6951,0.7610,-278.7223,0.087080
257.2683,0.7774,-278.5123,0.087184
257.8543,0.7862,-278.3489,0.087283
258.4210,0.8091,-278.1471,0.087385
258.9882,0.8328,-277.9516,0.087485
259.5574,0.8570,-277.7589,0.087591
260.1174,0.8810,-277.5655,0.087690
260.6810,0.9048,-277.3673,0.087788
261.2443,0.9288,-277.1685,0.087889
261.7845,0.9424,-276.9306,0.087987
262.3463,0.9593,-276.7285,0.088087
262.9057,0.9769,-276.5200,0.088186
263.4565,0.9943,-276.3050,0.088285
264.0060,1.0118,-276.0831,0.088384
264.5546,1.0295,-275.8562,0.088480
265.0937,1.0469,-275.6294,0.088576
265.6353,1.0647,-275.4018,0.088675
266.1761,1.0821,-275.1757,0.088772
266.7115,1.0993,-274.9523,0.088868
267.2479,1.1162,-274.7292,0.088968
267.7801,1.1328,-274.5078,0.089064
268.3141,1.1493,-274.2866,0.089160
268.8453,1.1661,-274.0659,0.089256
269.3782,1.1824,-273.8443,0.089355
269.9063,1.1984,-273.6251,0.089450
270.4372,1.2143,-273.4038,0.089548
270.9661,1.2300,-273.1825,0.089642
271.4909,1.2458,-272.9619,0.089740
272.0168,1.2621,-272.7383,0.089834
272.5416,1.2780,-272.5143,0.089931
273.0634,1.2936,-272.2894,0.090029
273.5853,1.3091,-272.0650,0.090124
274.1074,1.3247,-271.8413,0.090222
274.6262,1.3403,-271.6197,0.090314
275.1475,1.3566,-271.3960,0.090413
275.6688,1.3728,-271.1707,0.090509
276.1856,1.3889,-270.9450,0.090604
276.7028,1.4052,-270.7177,0.090702
277.2200,1.4216,-270.4897,0.090794
277.7349,1.4380,-270.2627,0.090888
278.2546,1.4555,-270.0357,0.090984
278.7666,1.4723,-269.8110,0.091080
279.2805,1.4892,-269.5854,0.091174
279.7961,1.5065,-269.3573,0.091269
280.3091,1.5236,-269.1278,0.091365
280.8205,1.5409,-268.8967,0.091458
281.3321,1.5586,-268.6635,0.091552
281.8405,1.5759,-268.4284,0.091646
282.3497,1.5931,-268.1895,0.091742
282.8570,1.6103,-267.9485,0.091836
283.3635,1.6273,-267.7051,0.091927
283.8695,1.6445,-267.4594,0.092026
284.3698,1.6613,-267.2143,0.092120
284.8724,1.6779,-266.9680,0.092210
285.3935,1.7005,-266.7669,0.092305
285.8936,1.7127,-266.5273,0.092399
286.3964,1.7242,-266.2841,0.092494
286.8969,1.7353,-266.0399,0.092587
287.3972,1.7455,-265.7919,0.092679
287.8946,1.7548,-265.5404,0.092770
288.3918,1.7625,-265.2833,0.092866
288.8895,1.7700,-265.0229,0.092957
289.3827,1.7765,-264.7599,0.093051
289.8551,1.7917,-264.4515,0.093144
290.3429,1.8067,-264.1745,0.093238
290.8271,1.8216,-263.8920,0.093328
291.3134,1.8794,-263.6004,0.093420
291.7932,1.8713,-263.3070,0.093513
292.2407,1.8908,-263.0166,0.093606
292.7347,1.9077,-262.7245,0.093700
293.2079,1.8988,-262.4317,0.093791
293.6664,1.9356,-262.1565,0.093880
294.1404,1.9319,-261.8421,0.093972
294.5975,1.9549,-261.5603,0.094064
295.0599,1.9644,-261.2609,0.094155
295.5212,1.9738,-260.9607,0.094244
295.9837,1.9828,-260.6546,0.094334
296.4338,1.9948,-260.3351,0.094425
296.8896,2.0091,-260.0199,0.094516
297.3410,2.0233,-259.7000,0.094605
297.7879,2.0373,-259.3757,0.094695
298.2350,2.0512,-259.0440,0.094787
298.6723,2.0641,-258.7102,0.094877
299.1081,2.0758,-258.3672,0.094965
299.5373,2.0861,-258.0165,0.095055
299.9652,2.0957,-257.6592,0.095143
300.3858,2.1046,-257.2994,0.095234
300.8022,2.1131,-256.9355,0.095322
301.2155,2.1215,-256.5681,0.095414
301.6281,2.1300,-256.2031,0.095501
302.0389,2.1386,-255.8412,0.095590
302.4495,2.1475,-255.4771,0.095680
302.8631,2.1566,-255.1062,0.095771
303.2709,2.1658,-254.7411,0.095861
303.6792,2.1754,-254.3783,0.095949
304.0928,2.1851,-254.0122,0.096037
304.5044,2.1950,-253.6479,0.096126
304.9177,2.2049,-253.2805,0.096212
305.3287,2.2147,-252.9089,0.096301
305.7348,2.2241,-252.5328,0.096390
306.1407,2.2334,-252.1493,0.096478
306.5419,2.2424,-251.7613,0.096566
306.9387,2.2511,-251.3709,0.096652
307.3345,2.2595,-250.9754,0.096740
307.7278,2.2674,-250.5774,0.096831
308.1202,2.2750,-250.1808,0.096920
308.5128,2.2825,-249.7867,0.097005
308.9077,2.2900,-249.3888,0.097098
309.2997,2.2975,-248.9883,0.097188
309.6867,2.3049,-248.5833,0.097273
310.0731,2.3123,-248.1715,0.097365
310.4544,2.3197,-247.7565,0.097453
310.8326,2.3269,-247.3360,0.097542
311.2035,2.3340,-246.9135,0.097624
311.5695,2.3413,-246.4875,0.097715
311.9313,2.3487,-246.0572,0.097801
312.2858,2.3561,-245.6254,0.097888
312.6341,2.3635,-245.1889,0.097975
312.9771,2.3708,-244.7516,0.098061
313.3128,2.3777,-244.3134,0.098143
313.6428,2.3843,-243.8703,0.098230
313.9651,2.3907,-243.4248,0.098315
314.2818,2.3969,-242.9740,0.098398
314.5936,2.4031,-242.5167,0.098486
314.8905,2.4089,-242.0670,0.098566
315.1840,2.4142,-241.6065,0.098649
315.4694,2.4190,-241.1469,0.098730
315.7475,2.4233,-240.6835,0.098812
316.0184,2.4272,-240.2173,0.098892
316.2811,2.4309,-239.7496,0.098977
316.5375,2.4346,-239.2780,0.099057
316.7879,2.4383,-238.8021,0.099139
317.0324,2.4422,-238.3221,0.099224
317.2707,2.4461,-237.8370,0.099305
317.5073,2.4502,-237.3515,0.099392
317.7393,2.4542,-236.8642,0.099474
317.9668,2.4582,-236.3718,0.099556
318.1873,2.4621,-235.8756,0.099639
318.4028,2.4660,-235.3719,0.099725
318.6107,2.4700,-234.8676,0.099805
318.8140,2.4741,-234.3569,0.099887
319.0104,2.4783,-233.8449,0.099974
319.2008,2.4826,-233.3243,0.100060
319.3848,2.4869,-232.8041,0.100144
319.5626,2.4908,-232.2786,0.100231
319.7325,2.4944,-231.7543,0.100317
319.8963,2.4976,-231.2262,0.100404
320.0546,2.5006,-230.6930,0.100489
320.2063,2.5035,-230.1647,0.100576
320.3598,2.5064,-229.6325,0.100663
320.5109,2.5095,-229.1023,0.100749
320.6613,2.5126,-228.5651,0.100835
320.8063,2.5156,-228.0269,0.100922
320.9454,2.5182,-227.4856,0.101007
321.0787,2.5207,-226.9398,0.101094
321.2053,2.5228,-226.3918,0.101182
321.3270,2.5249,-225.8353,0.101272
321.4415,2.5269,-225.2811,0.101358
321.5497,2.5286,-224.7206,0.101447
321.6538,2.5301,-224.1575,0.101539
321.7529,2.5313,-223.5906,0.101624
321.8449,2.5321,-223.0197,0.101718
321.9265,2.5324,-222.4516,0.101804
321.9999,2.5325,-221.8754,0.101891
322.0631,2.5323,-221.3021,0.101981
322.1165,2.5318,-220.7300,0.102069
322.1604,2.5312,-220.1593,0.102154
322.1932,2.5305,-219.5847,0.102241
322.2187,2.5298,-219.0150,0.102332
322.2355,2.5291,-218.4476,0.102413
322.2434,2.5284,-217.8772,0.102500
322.2428,2.5277,-217.3112,0.102587
322.2342,2.5269,-216.7422,0.102670
322.2176,2.5259,-216.1702,0.102756
322.1934,2.5246,-215.6010,0.102841
322.1662,2.5231,-215.0309,0.102929
322.1415,2.5218,-214.4586,0.103015
322.1144,2.5206,-213.8890,0.103108
322.0817,2.5195,-213.3139,0.103195
322.0432,2.5184,-212.7377,0.103286
321.9988,2.5173,-212.1608,0.103376
321.9492,2.5165,-211.5809,0.103465
321.8939,2.5160,-210.9992,0.103555
321.8318,2.5160,-210.4143,0.103647
321.7659,2.5159,-209.8318,0.103734
321.6935,2.5161,-209.2452,0.103829
321.6126,2.5162,-208.6582,0.103917
321.5238,2.5163,-208.0698,0.104010
321.4279,2.5161,-207.4817,0.104099
321.3237,2.5159,-206.8914,0.104193
321.2124,2.5158,-206.3043,0.104284
321.0909,2.5158,-205.7168,0.104374
320.9611,2.5159,-205.1315,0.104472
320.8224,2.5158,-204.5475,0.104562
320.6752,2.5159,-203.9672,0.104658
320.5187,2.5162,-203.3847,0.104751
320.3539,2.5165,-202.8053,0.104844
320.1816,2.5166,-202.2305,0.104941
320.0030,2.5167,-201.6560,0.105035
319.8211,2.5167,-201.0835,0.105133
319.6313,2.5166,-200.5074,0.105225
319.4375,2.5162,-199.9353,0.105325
319.2364,2.5154,-199.3633,0.105420
319.0280,2.5142,-198.7915,0.105517
318.8115,2.5127,-198.2169,0.105613
318.5911,2.5107,-197.6502,0.105713
318.3669,2.5084,-197.0814,0.105809
318.1423,2.5057,-196.5111,0.105906
317.9143,2.5027,-195.9427,0.106008
317.6713,2.4987,-195.3775,0.106109
317.4328,2.4918,-194.8041,0.106208
317.1932,2.4848,-194.2386,0.106309
316.9485,2.4777,-193.6677,0.106409
316.7027,2.4706,-193.0965,0.106511
316.4549,2.4633,-192.5251,0.106613
316.2146,2.4641,-191.9379,0.106715
315.9558,2.4794,-191.3671,0.106821
315.6825,2.4842,-190.7933,0.106924
315.4290,2.5072,-190.2309,0.107028
315.1354,2.4870,-189.6546,0.107130
314.8613,2.4625,-189.0860,0.107235
314.5864,2.4894,-188.5175,0.107340
314.3055,2.4590,-187.9605,0.107447
314.0392,2.4185,-187.3864,0.107554
313.7591,2.4126,-186.8149,0.107659
313.4803,2.4067,-186.2451,0.107765
313.2382,2.4152,-185.6526,0.107871
312.9604,2.4181,-185.0819,0.107977
312.6798,2.4203,-184.5059,0.108085
312.4009,2.4216,-183.9349,0.108193
312.1205,2.4230,-183.3546,0.108300
311.8032,2.4086,-182.7944,0.108410
311.5206,2.3961,-182.2112,0.108521
311.2316,2.3834,-181.6266,0.108628
310.9316,2.3703,-181.0405,0.108740
310.6278,2.3569,-180.4635,0.108849
310.3198,2.3423,-179.8832,0.108961
310.0074,2.3271,-179.3017,0.109073
309.6907,2.3119,-178.7231,0.109185
309.3680,2.2962,-178.1457,0.109297
309.0464,2.2797,-177.5700,0.109408
308.7258,2.2634,-176.9911,0.109521
308.4048,2.2474,-176.4086,0.109633
308.0840,2.2310,-175.8282,0.109747
307.7479,2.2136,-175.2251,0.109866
307.4311,2.1967,-174.6666,0.109974
307.0958,2.1798,-174.0832,0.110087
306.7601,2.1634,-173.5034,0.110203
306.4190,2.1471,-172.9203,0.110319
306.0744,2.1299,-172.3384,0.110433
305.7280,2.1128,-171.7581,0.110550
305.3764,2.0954,-171.1764,0.110666
305.0231,2.0773,-170.5966,0.110784
304.6677,2.0591,-170.0175,0.110899
304.3116,2.0408,-169.4363,0.111016
303.9534,2.0222,-168.8524,0.111136
303.5956,2.0027,-168.2725,0.111253
303.2352,1.9826,-167.6892,0.111371
302.8712,1.9615,-167.1019,0.111491
302.5091,1.9409,-166.5211,0.111610
302.1424,1.9203,-165.9327,0.111731
301.7756,1.8995,-165.3448,0.111851
301.4081,1.8775,-164.7551,0.111972
301.0400,1.8554,-164.1648,0.112093
300.6688,1.8337,-163.5683,0.112216
300.2952,1.8117,-162.9669,0.112340
299.9198,1.7896,-162.3627,0.112463
299.5407,1.7669,-161.7522,0.112588
299.1614,1.7450,-161.1419,0.112713
298.7805,1.7233,-160.5276,0.112840
298.3975,1.7019,-159.9094,0.112967
298.0136,1.6800,-159.2904,0.113092
297.6271,1.6586,-158.6682,0.113222
297.2391,1.6378,-158.0445,0.113348
296.8452,1.6171,-157.4174,0.113480
296.4473,1.5962,-156.7931,0.113607
296.0417,1.5754,-156.1647,0.113737
295.6344,1.5550,-155.5387,0.113866
295.2218,1.5344,-154.9104,0.113996
294.8076,1.5135,-154.2815,0.114128
294.3924,1.4925,-153.6525,0.114257
293.9733,1.4713,-153.0190,0.114391
293.5525,1.4499,-152.3864,0.114523
293.1247,1.4277,-151.7451,0.114657
292.7025,1.4060,-151.1157,0.114788
292.2724,1.3839,-150.4764,0.114922
291.8420,1.3615,-149.8392,0.115056
291.4076,1.3389,-149.1980,0.115192
291.0123,1.3233,-148.5321,0.115325
290.5787,1.2943,-147.8889,0.115462
290.1417,1.2648,-147.2404,0.115598
289.7047,1.2362,-146.5900,0.115735
289.2698,1.2091,-145.9387,0.115871
288.8344,1.1824,-145.2854,0.116009
288.3928,1.1556,-144.6230,0.116149
287.9547,1.1294,-143.9634,0.116285
287.5152,1.1054,-143.2997,0.116424
287.0366,1.0747,-142.6542,0.116563
286.5913,1.0557,-141.9902,0.116703
286.1358,1.0361,-141.3200,0.116844
285.6791,1.0163,-140.6555,0.116985
285.2163,0.9962,-139.9886,0.117125
284.7484,1.0117,-139.3097,0.117266
284.2779,0.9790,-138.6422,0.117408
283.8232,0.9956,-137.9817,0.117550
283.3435,0.9685,-137.3099,0.117694
282.8542,0.9346,-136.6457,0.117835
282.3757,0.9017,-135.9760,0.117979
281.8951,0.8690,-135.3066,0.118123
281.4164,0.8368,-134.6386,0.118267
280.9547,0.8378,-133.9725,0.118410
280.4729,0.8115,-133.2988,0.118555
279.9937,0.7851,-132.6278,0.118699
279.5142,0.7585,-131.9565,0.118843
279.0190,0.7282,-131.2836,0.118987
278.5437,0.6950,-130.6155,0.119130
278.0884,0.6781,-129.9524,0.119273
277.6187,0.6506,-129.2899,0.119415
277.1482,0.6230,-128.6227,0.119556
276.6737,0.5928,-127.9657,0.119699
276.2108,0.5679,-127.2962,0.119842
275.7520,0.5427,-126.6280,0.119983
275.2981,0.5167,-125.9621,0.120125
274.8445,0.4899,-125.2935,0.120267
274.3917,0.4623,-124.6216,0.120409
273.9417,0.4350,-123.9500,0.120551
273.4901,0.4073,-123.2728,0.120694
273.0383,0.3803,-122.5949,0.120835
272.5864,0.3535,-121.9181,0.120978
272.1317,0.3273,-121.2372,0.121122
271.6773,0.3016,-120.5570,0.121264
271.2193,0.2762,-119.8718,0.121407
270.7590,0.2509,-119.1833,0.121550
270.2994,0.2256,-118.4956,0.121705
269.8371,0.2000,-117.8042,0.121841
269.3728,0.1737,-117.1103,0.121988
268.9088,0.1470,-116.4164,0.122134
268.4429,0.1198,-115.7201,0.122281
267.9731,0.0917,-115.0183,0.122429
267.5020,0.0631,-114.3145,0.122576
267.0304,0.0343,-113.6104,0.122725
266.5564,0.0047,-112.9031,0.122873
266.0825,-0.0252,-112.1959,0.123021
265.6048,-0.0556,-111.4834,0.123172
265.1250,-0.0865,-110.7676,0.123322
264.6464,-0.1171,-110.0535,0.123473
264.1588,-0.1481,-109.3265,0.123626
263.6791,-0.1787,-108.6115,0.123777
263.1944,-0.2094,-107.8889,0.123930
262.7074,-0.2405,-107.1623,0.124083
262.2187,-0.2719,-106.4326,0.124236
261.7315,-0.3030,-105.7044,0.124389
261.2404,-0.3342,-104.9685,0.124545
260.7511,-0.3650,-104.2337,0.124700
260.2603,-0.3958,-103.4959,0.124855
259.7690,-0.4271,-102.7559,0.125012
259.2735,-0.4588,-102.0085,0.125169
258.7816,-0.4905,-101.2644,0.125326
258.2853,-0.5222,-100.5120,0.125485
257.7918,-0.5538,-99.7619,0.125643
257.2975,-0.5857,-99.0090,0.125799
256.8024,-0.6180,-98.2521,0.125959
256.3064,-0.6506,-97.4910,0.126121
255.8112,-0.6831,-96.7281,0.126280
255.3138,-0.7155,-95.9589,0.126441
254.8169,-0.7477,-95.1879,0.126603
254.3044,-0.7805,-94.3900,0.126770
253.8274,-0.8111,-93.6434,0.126927
253.3325,-0.8432,-92.8655,0.127089
252.8385,-0.8756,-92.0834,0.127253
252.3465,-0.9081,-91.2987,0.127417
251.8561,-0.9403,-90.5106,0.127581
251.3675,-0.9728,-89.7190,0.127746
250.8801,-1.0054,-88.9237,0.127909
250.3925,-1.0385,-88.1221,0.128076
249.9075,-1.0717,-87.3183,0.128242
249.4250,-1.1046,-86.5127,0.128407
248.9431,-1.1368,-85.7018,0.128574
248.4654,-1.1688,-84.8915,0.128741
247.9870,-1.2007,-84.0743,0.128909
247.5099,-1.2329,-83.2535,0.129076
247.0329,-1.2657,-82.4305,0.129245
246.5531,-1.2991,-81.6010,0.129415
246.0768,-1.3326,-80.7757,0.129583
245.5978,-1.3657,-79.9440,0.129752
245.1194,-1.3983,-79.1104,0.129923
244.6420,-1.4307,-78.2743,0.130094
244.1683,-1.4631,-77.4399,0.130262
243.6919,-1.4961,-76.5957,0.130434
243.2198,-1.5294,-75.7561,0.130604
242.7469,-1.5634,-74.9105,0.130776
242.2715,-1.5984,-74.0571,0.130949
241.7986,-1.6342,-73.2039,0.131125
241.3280,-1.6704,-72.3497,0.131299
240.8603,-1.7063,-71.4944,0.131472
240.3911,-1.7424,-70.6297,0.131646
239.9303,-1.7785,-69.7736,0.131819
239.4711,-1.8155,-68.9135,0.131992
239.0141,-1.8529,-68.0523,0.132165
238.5592,-1.8910,-67.1877,0.132339
238.1096,-1.9289,-66.3261,0.132511
237.6615,-1.9670,-65.4606,0.132685
237.2195,-2.0050,-64.5997,0.132858
236.7785,-2.0434,-63.7340,0.133030
236.3435,-2.0813,-62.8721,0.133202
235.9112,-2.1197,-62.0075,0.133374
235.4817,-2.1591,-61.1419,0.133546
235.0592,-2.1994,-60.2820,0.133717
234.6388,-2.2411,-59.4178,0.133886
234.2195,-2.2833,-58.5466,0.134059
233.8072,-2.3252,-57.6806,0.134228
233.4014,-2.3669,-56.8193,0.134398
232.9957,-2.4107,-55.9493,0.134569
232.5970,-2.4576,-55.0830,0.134738
232.2030,-2.5071,-54.2169,0.134906
231.8104,-2.5627,-53.3548,0.135076
231.4366,-2.6091,-52.4750,0.135244
231.0661,-2.6471,-51.6035,0.135413
230.6943,-2.6931,-50.7302,0.135584
230.3265,-2.7395,-49.8586,0.135751
229.9439,-2.7928,-48.9805,0.135918
229.5843,-2.8417,-48.1043,0.136087
229.2305,-2.8937,-47.2307,0.136255
228.8813,-2.9454,-46.3569,0.136422
228.5343,-2.9961,-45.4785,0.136590
228.1933,-3.0467,-44.6061,0.136757
227.8539,-3.0964,-43.7262,0.136926
227.5211,-3.1459,-42.8521,0.137092
227.1918,-3.1663,-41.9760,0.137259
226.8682,-3.2067,-41.1034,0.137424
226.5466,-3.2795,-40.2241,0.137591
226.2364,-3.3315,-39.3636,0.137757
225.9282,-3.3764,-38.4883,0.137921
225.6297,-3.4202,-37.6110,0.138086
225.3411,-3.4629,-36.7335,0.138251
225.0601,-3.5040,-35.8532,0.138415
224.7894,-3.5434,-34.9749,0.138579
224.5287,-3.5817,-34.0960,0.138744
224.2783,-3.6183,-33.2150,0.138908
224.0332,-3.6555,-32.3279,0.139070
223.7950,-3.6919,-31.4401,0.139235
223.5631,-3.7280,-30.5557,0.139397
223.3353,-3.7641,-29.6670,0.139559
223.1107,-3.8002,-28.7774,0.139722
222.8910,-3.8363,-27.8938,0.139883
222.6730,-3.8724,-27.0025,0.140045
222.4606,-3.9083,-26.1163,0.140207
222.2510,-3.9431,-25.2305,0.140369
222.0455,-3.9778,-24.3423,0.140529
221.8464,-4.0106,-23.4548,0.140690
221.6554,-4.0427,-22.5745,0.140850
221.4718,-4.0732,-21.6901,0.141010
221.2967,-4.1031,-20.8026,0.141171
221.1302,-4.1315,-19.9196,0.141330
220.9728,-4.1591,-19.0368,0.141490
220.8213,-4.1863,-18.1495,0.141650
220.6775,-4.2059,-17.2618,0.141809
220.5410,-4.2013,-16.3690,0.141968
220.4167,-4.2315,-15.4873,0.142127
220.2989,-4.2622,-14.6075,0.142284
220.1872,-4.2913,-13.7249,0.142442
220.0844,-4.3210,-12.8442,0.142600
219.9930,-4.3459,-11.9657,0.142758
219.9076,-4.3756,-11.0870,0.142915
219.8328,-4.3915,-10.2194,0.143072
219.7829,-4.3894,-9.3498,0.143228
219.7162,-4.4166,-8.4578,0.143385
219.6745,-4.4479,-7.5817,0.143541
219.6420,-4.4791,-6.7068,0.143695
219.6153,-4.5101,-5.8351,0.143851
219.5932,-4.5375,-4.9596,0.144004
219.5747,-4.5684,-4.0861,0.144159
219.5615,-4.5991,-3.2124,0.144314
219.5684,-4.5858,-2.3555,0.144468
219.5698,-4.6084,-1.4892,0.144622
219.5641,-4.6342,-0.6016,0.144776
219.5778,-4.6610,0.2619,0.144929
219.5951,-4.6880,1.1303,0.145084
219.6149,-4.7141,1.9946,0.145237
219.6384,-4.7360,2.8606,0.145390
219.6775,-4.7306,3.7073,0.145545
219.7077,-4.7512,4.5746,0.145698
219.7416,-4.7725,5.4338,0.145851
219.7800,-4.7934,6.2948,0.146005
219.8112,-4.8195,7.1722,0.146157
219.8601,-4.8466,8.0366,0.146310
219.9153,-4.8731,8.8970,0.146465
219.9784,-4.8951,9.7598,0.146617
220.0588,-4.8956,10.6023,0.146771
220.1333,-4.9140,11.4598,0.146923
220.2141,-4.9313,12.3215,0.147078
220.3010,-4.9472,13.1848,0.147233
220.3941,-4.9624,14.0459,0.147388
220.4818,-4.9770,14.9224,0.147542
220.5878,-4.9957,15.7894,0.147699
220.7117,-5.0029,16.6346,0.147853
220.8291,-5.0152,17.4917,0.148008
220.9402,-5.0287,18.3591,0.148165
221.0706,-5.0386,19.2222,0.148321
221.2063,-5.0478,20.0815,0.148474
221.3478,-5.0561,20.9428,0.148630
221.4958,-5.0630,21.8074,0.148784
221.6494,-5.0690,22.6715,0.148942
221.8091,-5.0740,23.5303,0.149101
221.9735,-5.0782,24.3915,0.149258
222.1426,-5.0812,25.2549,0.149415
222.3178,-5.0826,26.1228,0.149574
222.4977,-5.0822,26.9876,0.149732
222.6824,-5.0799,27.8525,0.149889
222.8730,-5.0753,28.7212,0.150050
223.0672,-5.0691,29.5838,0.150208
223.2683,-5.0609,30.4501,0.150368
223.4728,-5.0511,31.3155,0.150528
223.6820,-5.0396,32.1853,0.150687
223.8940,-5.0265,33.0542,0.150846
224.1100,-5.0116,33.9246,0.151007
224.3298,-4.9959,34.7957,0.151167
224.5532,-4.9787,35.6683,0.151329
224.7801,-4.9603,36.5412,0.151490
225.0101,-4.9408,37.4130,0.151651
225.2455,-4.9206,38.2918,0.151813
225.4811,-4.9001,39.1668,0.151974
225.7181,-4.8788,40.0432,0.152135
225.9581,-4.8565,40.9245,0.152298
226.1987,-4.8335,41.8021,0.152460
226.4416,-4.8098,42.6814,0.152622
226.6876,-4.7853,43.5643,0.152785
226.9369,-4.7596,44.4513,0.152950
227.1867,-4.7336,45.3316,0.153113
227.4400,-4.7066,46.2182,0.153277
227.6964,-4.6790,47.1085,0.153441
227.9538,-4.6510,47.9959,0.153605
228.2135,-4.6224,48.8840,0.153771
228.4763,-4.5936,49.7749,0.153937
228.7414,-4.5646,50.6642,0.154103
229.0101,-4.5352,51.5568,0.154269
229.2821,-4.5055,52.4501,0.154437
229.5556,-4.4755,53.3413,0.154604
229.8340,-4.4450,54.2401,0.154769
230.1150,-4.4142,55.1410,0.154937
230.3956,-4.3834,56.0316,0.155105
230.6813,-4.3517,56.9308,0.155273
230.9695,-4.3198,57.8294,0.155441
231.2612,-4.2872,58.7300,0.155609
231.5546,-4.2544,59.6276,0.155777
231.8524,-4.2209,60.5298,0.155947
232.1523,-4.1872,61.4317,0.156120
232.4559,-4.1532,62.3359,0.156290
232.7641,-4.1187,63.2454,0.156462
233.0725,-4.0842,64.1470,0.156632
233.3837,-4.0491,65.0486,0.156804
233.6990,-4.0132,65.9546,0.156976
234.0193,-3.9764,66.8646,0.157146
234.3406,-3.9395,67.7702,0.157318
234.6654,-3.9024,68.6770,0.157492
234.9946,-3.8649,69.5880,0.157661
235.3249,-3.8277,70.4940,0.157832
235.6613,-3.7902,71.4094,0.158009
235.9986,-3.7530,72.3195,0.158182
236.3397,-3.7159,73.2322,0.158356
236.6820,-3.6790,74.1410,0.158527
237.0291,-3.6421,75.0532,0.158702
237.3786,-3.6051,75.9652,0.158877
237.7325,-3.5671,76.8823,0.159051
238.0877,-3.5288,77.7986,0.159226
238.4427,-3.4898,78.7131,0.159399
238.8010,-3.4499,79.6342,0.159574
239.1594,-3.4104,80.5536,0.159748
239.5175,-3.3719,81.4706,0.159923
239.8806,-3.3333,82.3984,0.160100
240.2425,-3.2945,83.3227,0.160275
240.6049,-3.2552,84.2483,0.160450
240.9665,-3.2156,85.1709,0.160628
241.3316,-3.1753,86.1028,0.160802
241.6953,-3.1346,87.0311,0.160980
242.0618,-3.0931,87.9672,0.161155
242.4266,-3.0509,88.8993,0.161331
242.7931,-3.0078,89.8367,0.161507
243.1612,-2.9649,90.7778,0.161686
243.5255,-2.9223,91.7098,0.161861
243.8937,-2.8795,92.6524,0.162040
244.2636,-2.8359,93.5995,0.162218
244.6312,-2.7919,94.5410,0.162395
245.0029,-2.7468,95.4934,0.162577
245.3725,-2.7016,96.4404,0.162752
245.7441,-2.6560,97.3929,0.162932
246.1150,-2.6103,98.3436,0.163109
246.4887,-2.5633,99.3011,0.163291
246.8648,-2.5150,100.2648,0.163473
247.2398,-2.4660,101.2255,0.163655
247.6169,-2.4161,102.1918,0.163835
247.9962,-2.3656,103.1631,0.164019
248.3752,-2.3149,104.1340,0.164200
248.7586,-2.2634,105.1159,0.164385
249.1403,-2.2117,106.0936,0.164567
249.5232,-2.1592,107.0740,0.164754
249.9102,-2.1054,108.0647,0.164940
250.2959,-2.0506,109.0520,0.165122
250.6842,-1.9948,110.0463,0.165313
251.0763,-1.9381,111.0505,0.165499
251.4650,-1.8818,112.0462,0.165688
251.8574,-1.8251,113.0511,0.165877
252.2504,-1.7685,114.0574,0.166066
252.6440,-1.7112,115.0646,0.166253
253.0387,-1.6524,116.0749,0.166445
253.4365,-1.5923,117.0931,0.166637
253.8321,-1.5308,118.1059,0.166826
254.2286,-1.4681,119.1207,0.167018
254.6249,-1.4049,120.1351,0.167209
255.0446,-1.3373,121.2090,0.167409
255.6125,-1.2446,122.6623,0.167682
256.0044,-1.1797,123.6659,0.167871
256.3974,-1.1139,124.6733,0.168061
256.7866,-1.0485,125.6710,0.168247
257.1765,-0.9825,126.6710,0.168440
257.5660,-0.9161,127.6706,0.168626
257.9533,-0.8497,128.6642,0.168812
258.3399,-0.7834,129.6568,0.168997
258.7245,-0.7175,130.6446,0.169183
259.1076,-0.6527,131.6290,0.169369
259.4900,-0.5883,132.6117,0.169553
259.8730,-0.5238,133.5963,0.169734
260.2542,-0.4590,134.5771,0.169922
260.6353,-0.3942,135.5578,0.170107
261.0137,-0.3299,136.5322,0.170289
261.3910,-0.2652,137.5043,0.170470
261.7658,-0.2000,138.4703,0.170653
262.1417,-0.1341,139.4392,0.170833
262.5166,-0.0684,140.4058,0.171016
262.8904,-0.0033,141.3703,0.171198
263.2625,0.0603,142.3301,0.171375
263.6320,0.1222,143.2838,0.171555
264.0027,0.1837,144.2413,0.171734
264.3730,0.2448,145.1977,0.171913
264.7405,0.3056,146.1471,0.172091
265.1089,0.3672,147.0992,0.172270
265.4753,0.4289,148.0467,0.172449
265.8389,0.4902,148.9870,0.172622
266.2039,0.5513,149.9315,0.172801
266.5723,0.6132,150.8849,0.172980
266.9287,0.6733,151.8071,0.173153
267.2899,0.7345,152.7417,0.173326
267.6517,0.7960,153.6786,0.173500
268.0107,0.8563,154.6092,0.173676
268.3686,0.9165,155.5367,0.173852
268.7259,0.9769,156.4635,0.174025
269.0810,1.0367,157.3851,0.174197
269.4378,1.0967,158.3119,0.174371
269.7913,1.1558,159.2308,0.174541
270.1442,1.2140,160.1482,0.174715
270.4959,1.2703,161.0624,0.174884
270.8473,1.3264,161.9765,0.175058
271.1972,1.3814,162.8862,0.175228
271.5500,1.4367,163.8037,0.175399
271.8962,1.4910,164.7042,0.175568
272.2435,1.5453,165.6086,0.175736
272.5898,1.5987,166.5099,0.175905
272.9358,1.6517,167.4106,0.176074
273.2803,1.7040,168.3075,0.176244
273.6263,1.7560,169.2086,0.176411
273.9681,1.8060,170.0995,0.176578
274.3107,1.8557,170.9926,0.176745
274.6516,1.9047,171.8816,0.176912
274.9916,1.9531,172.7694,0.177076
275.3305,2.0011,173.6554,0.177244
275.6688,2.0487,174.5409,0.177407
276.0063,2.0959,175.4251,0.177577
276.3433,2.1431,176.3087,0.177740
276.6773,2.1898,177.1862,0.177908
277.0115,2.2365,178.0652,0.178070
277.3435,2.2827,178.9390,0.178233
277.6781,2.3290,179.8209,0.178398
278.0106,2.3749,180.6980,0.178562
278.3421,2.4203,181.5730,0.178725
278.6747,2.4658,182.4522,0.178890
279.0070,2.5113,183.3316,0.179057
279.3385,2.5563,184.2103,0.179219
279.6715,2.6012,185.0936,0.179384
280.0027,2.6451,185.9727,0.179548
280.3363,2.6890,186.8575,0.179716
280.6671,2.7317,187.7357,0.179882
280.9991,2.7742,188.6168,0.180045
281.3306,2.8164,189.4969,0.180211
281.6653,2.8587,190.3857,0.180379
281.9966,2.9003,191.2658,0.180540
282.3300,2.9419,192.1514,0.180707
282.6621,2.9830,193.0347,0.180872
282.9956,3.0241,193.9201,0.181036
283.3287,3.0640,194.8049,0.181202
283.6632,3.1036,195.6928,0.181370
283.9972,3.1428,196.5788,0.181534
284.3328,3.1826,197.4690,0.181703
284.6671,3.2238,198.3553,0.181868
285.0032,3.2620,199.2458,0.182034
285.3385,3.3003,200.1347,0.182200
285.6762,3.3386,201.0302,0.182366
286.0127,3.3762,201.9230,0.182533
286.3498,3.4131,202.8178,0.182703
286.6849,3.4486,203.7075,0.182870
287.0270,3.4834,204.6167,0.183040
287.3591,3.5163,205.4992,0.183204
287.6974,3.5489,206.3972,0.183371
288.0356,3.5809,207.2951,0.183541
288.3753,3.6133,208.1969,0.183705
288.7144,3.6462,209.0968,0.183879
289.0532,3.6790,209.9960,0.184046
289.3935,3.7112,210.8992,0.184215
289.7343,3.7430,211.8041,0.184383
290.0757,3.7738,212.7094,0.184554
290.4174,3.8038,213.6163,0.184721
290.7576,3.8334,214.5186,0.184892
291.1003,3.8630,215.4275,0.185062
291.4439,3.8919,216.3391,0.185232
291.7891,3.9201,217.2549,0.185402
292.1295,3.9474,218.1589,0.185572
292.4745,3.9742,219.0749,0.185743
292.8177,4.0007,219.9868,0.185917
293.1620,4.0264,220.9002,0.186086
293.5079,4.0505,221.8174,0.186260
293.8550,4.0735,222.7355,0.186430
294.2042,4.0957,223.6578,0.186603
294.5518,4.1180,224.5734,0.186772
294.9017,4.1411,225.4925,0.186945
295.2528,4.1642,226.4124,0.187119
295.6060,4.1866,227.3351,0.187293
295.9593,4.2082,228.2565,0.187466
296.3145,4.2287,229.1802,0.187641
296.6701,4.2485,230.1028,0.187810
297.0250,4.2682,231.0208,0.187982
297.3814,4.2877,231.9401,0.188158
297.7368,4.3066,232.8548,0.188325
298.0942,4.3247,233.7716,0.188497
298.4512,4.3418,234.6820,0.188671
298.8094,4.3585,235.5894,0.188841
299.1686,4.3749,236.4926,0.189013
299.5307,4.3916,237.3972,0.189181
299.8930,4.4084,238.2955,0.189351
300.2578,4.4254,239.1937,0.189521
300.6240,4.4416,240.0887,0.189693
300.9904,4.4568,240.9777,0.189862
301.3589,4.4716,241.8645,0.190029
301.7314,4.4861,242.7535,0.190197
302.1030,4.4997,243.6334,0.190365
302.4783,4.5125,244.5152,0.190533
302.8533,4.5252,245.3896,0.190699
303.2331,4.5377,246.2675,0.190867
303.6114,4.5501,247.1359,0.191033
303.9923,4.5624,248.0040,0.191200
304.3766,4.5747,248.8729,0.191368
304.7611,4.5866,249.7361,0.191536
305.1475,4.5978,250.5975,0.191699
305.5350,4.6088,251.4556,0.191864
305.9232,4.6196,252.3093,0.192029
306.3128,4.6301,253.1600,0.192194
306.7061,4.6403,254.0120,0.192358
307.0986,4.6503,254.8573,0.192520
307.4939,4.6600,255.7036,0.192682
307.8892,4.6693,256.5455,0.192849
308.2820,4.6779,257.3778,0.193009
308.6759,4.6863,258.2109,0.193172
309.0691,4.6943,259.0403,0.193336
309.4578,4.7019,259.8584,0.193495
309.8453,4.7095,260.6728,0.193653
310.2274,4.7168,261.4755,0.193807
310.6061,4.7239,262.2701,0.193965
310.9813,4.7308,263.0569,0.194119
311.3532,4.7372,263.8364,0.194272
311.7220,4.7431,264.6093,0.194424
312.0884,4.7488,265.3767,0.194574
312.4516,4.7542,266.1372,0.194723
312.8106,4.7594,266.8886,0.194869
313.1675,4.7646,267.6360,0.195014
313.5224,4.7700,268.3785,0.195165
313.8744,4.7754,269.1139,0.195309
314.2235,4.7804,269.8419,0.195450
314.5699,4.7851,270.5626,0.195596
314.9131,4.7894,271.2750,0.195737
315.2553,4.7936,271.9836,0.195878
315.5951,4.7978,272.6849,0.196015
315.9340,4.8020,273.3831,0.196154
316.2687,4.8062,274.0711,0.196291
316.6031,4.8102,274.7568,0.196426
316.9350,4.8138,275.4359,0.196559
317.2630,4.8170,276.1063,0.196695
317.5913,4.8199,276.7757,0.196827
317.9159,4.8226,277.4365,0.196955
318.2395,4.8253,278.0936,0.197090
318.5605,4.8281,278.7462,0.197217
318.8770,4.8312,279.3896,0.197348
319.1926,4.8343,280.0311,0.197477
319.5056,4.8374,280.6670,0.197605
319.8163,4.8404,281.2978,0.197731
320.1249,4.8433,281.9242,0.197856
320.4331,4.8461,282.5493,0.197985
320.7383,4.8485,283.1673,0.198110
321.0426,4.8509,283.7828,0.198234
321.3452,4.8532,284.3939,0.198357
321.6427,4.8556,284.9933,0.198477
321.9394,4.8580,285.5895,0.198596
322.2319,4.8604,286.1759,0.198718
322.5241,4.8627,286.7608,0.198836
322.8163,4.8650,287.3440,0.198957
323.1079,4.8672,287.9247,0.199075
323.3990,4.8691,288.5031,0.199198
323.6872,4.8710,289.0750,0.199313
323.9766,4.8726,289.6479,0.199434
324.2639,4.8742,290.2153,0.199550
324.5512,4.8755,290.7808,0.199665
324.8394,4.8765,291.3448,0.199778
325.1251,4.8774,291.9018,0.199895
325.4118,4.8784,292.4586,0.200005
325.6991,4.8797,293.0130,0.200124
325.9854,4.8812,293.5623,0.200238
326.2735,4.8830,294.1085,0.200352
326.5623,4.8852,294.6504,0.200469
326.8523,4.8873,295.1896,0.200582
327.1415,4.8892,295.7224,0.200692
327.4319,4.8911,296.2530,0.200808
327.7213,4.8929,296.7784,0.200916
328.0128,4.8948,297.3019,0.201030
328.3035,4.8965,297.8205,0.201139
328.5951,4.8980,298.3369,0.201249
328.8850,4.8995,298.8446,0.201360
329.1770,4.9007,299.3507,0.201472
329.4681,4.9017,299.8501,0.201578
329.7605,4.9024,300.3476,0.201687
330.0543,4.9031,300.8434,0.201795
330.3492,4.9038,301.3358,0.201910
330.6455,4.9048,301.8283,0.202020
330.9407,4.9056,302.3146,0.202128
331.2343,4.9066,302.7938,0.202236
331.5277,4.9074,303.2686,0.202344
331.8199,4.9083,303.7380,0.202454
332.1113,4.9093,304.2021,0.202563
332.3994,4.9102,304.6570,0.202668
332.6911,4.9111,305.1129,0.202774
332.9803,4.9119,305.5622,0.202880
333.2717,4.9128,306.0118,0.202984
333.5641,4.9138,306.4595,0.203093
333.8573,4.9149,306.9046,0.203198
334.1500,4.9161,307.3448,0.203303
334.4455,4.9173,307.7843,0.203407
334.7426,4.9185,308.2199,0.203507
335.0416,4.9197,308.6515,0.203610
335.3438,4.9208,309.0790,0.203711
335.6505,4.9217,309.5041,0.203811
335.9588,4.9224,309.9209,0.203916
336.2726,4.9230,310.3358,0.204014
336.5890,4.9234,310.7444,0.204114
336.9102,4.9235,311.1498,0.204217
337.2345,4.9234,311.5509,0.204316
337.5623,4.9234,311.9481,0.204419
337.8918,4.9234,312.3362,0.204514
338.2269,4.9237,312.7213,0.204612
338.5673,4.9242,313.0996,0.204714
338.9120,4.9250,313.4708,0.204811
339.2628,4.9259,313.8358,0.204913
339.6184,4.9268,314.1926,0.205010
339.9803,4.9277,314.5440,0.205108
340.3451,4.9286,314.8865,0.205207
340.7145,4.9294,315.2186,0.205307
341.0891,4.9302,315.5463,0.205403
341.4687,4.9310,315.8667,0.205500
341.8550,4.9319,316.1820,0.205601
342.2415,4.9329,316.4865,0.205700
342.6338,4.9340,316.7877,0.205801
343.0286,4.9352,317.0847,0.205900
343.4241,4.9368,317.3740,0.205997
343.8275,4.9382,317.6581,0.206099
344.2287,4.9398,317.9342,0.206197
344.6362,4.9415,318.2060,0.206296
345.0456,4.9432,318.4695,0.206399
345.4611,4.9449,318.7284,0.206497
345.8762,4.9468,318.9778,0.206598
346.2978,4.9487,319.2229,0.206697
346.7188,4.9506,319.4590,0.206796
347.1449,4.9525,319.6861,0.206895
347.5724,4.9544,319.9065,0.206995
348.0092,4.9583,320.1098,0.207091
348.4424,4.9632,320.3186,0.207188
348.8755,4.9680,320.5273,0.207288
349.3212,4.9783,320.7128,0.207386
349.7550,4.9875,320.9062,0.207483
350.1921,4.9971,321.0911,0.207583
350.6313,5.0057,321.2683,0.207680
351.0649,5.0130,321.4435,0.207776
351.5092,5.0192,321.6068,0.207874
351.9501,5.0257,321.7601,0.207968
352.3946,5.0318,321.9035,0.208066
352.8396,5.0383,322.0364,0.208164
353.2863,5.0446,322.1596,0.208258
353.7269,5.0473,322.2939,0.208352
354.1752,5.0501,322.3991,0.208446
354.6301,5.0531,322.4933,0.208544
355.0814,5.0561,322.5883,0.208636
355.5326,5.0594,322.6852,0.208731
355.9840,5.0628,322.7771,0.208824
356.4338,5.0664,322.8610,0.208919
356.8857,5.0699,322.9388,0.209015
357.3357,5.0736,323.0091,0.209109
357.7845,5.0772,323.0696,0.209201
358.2324,5.0809,323.1170,0.209297
358.6804,5.0845,323.1567,0.209390
359.1239,5.0882,323.1844,0.209487
359.5681,5.0918,323.1979,0.209581
360.0090,5.0807,323.2137,0.209674
360.4504,5.0837,323.2044,0.209766
360.8913,5.0866,323.1856,0.209861
361.3331,5.0898,323.1586,0.209954
361.7749,5.0940,323.1367,0.210047
362.2169,5.0993,323.1127,0.210143
362.6556,5.1047,323.0858,0.210233
363.0927,5.1107,323.0502,0.210325
363.5254,5.1161,323.0052,0.210417
363.9567,5.1220,322.9515,0.210511
364.3824,5.1358,322.8752,0.210603
364.8089,5.1404,322.8070,0.210696
365.2325,5.1451,322.7332,0.210788
365.6523,5.1498,322.6476,0.210879
366.0682,5.1545,322.5531,0.210970
366.4790,5.1592,322.4500,0.211063
366.8879,5.1639,322.3390,0.211156
367.2937,5.1686,322.2203,0.211245
367.6961,5.1734,322.0940,0.211336
368.0932,5.1781,321.9605,0.211425
368.4883,5.1829,321.8195,0.211515
368.8767,5.1876,321.6693,0.211606
369.2646,5.1923,321.5141,0.211696
369.6457,5.1969,321.3527,0.211788
370.0146,5.2015,321.1638,0.211873
370.3868,5.2048,320.9878,0.211961
370.7547,5.2080,320.8057,0.212048
371.1194,5.2110,320.6164,0.212131
371.4784,5.2144,320.4199,0.212216
371.8296,5.2173,320.2148,0.212299
372.1789,5.2208,320.0049,0.212384
372.5240,5.2238,319.7892,0.212471
372.8626,5.2271,319.5680,0.212556
373.1955,5.2303,319.3411,0.212636
373.5246,5.2334,319.1072,0.212716
373.8471,5.2369,318.8688,0.212803
374.1683,5.2398,318.6219,0.212885
374.4791,5.2429,318.3729,0.212966
374.7912,5.2456,318.1207,0.213047
375.0984,5.2483,317.8636,0.213128
375.4003,5.2512,317.6014,0.213207
375.6909,5.2550,317.3258,0.213291
375.9832,5.2572,317.0533,0.213369
376.2701,5.2589,316.7767,0.213448
376.5546,5.2605,316.4935,0.213527
376.8332,5.2626,316.2064,0.213607
377.1066,5.2634,315.9112,0.213688
377.3773,5.2650,315.6130,0.213767
377.6442,5.2661,315.3091,0.213848
377.9071,5.2669,314.9993,0.213927
378.1649,5.2684,314.6853,0.214007
378.4175,5.2685,314.3667,0.214085
378.6674,5.2691,314.0415,0.214166
378.9105,5.2698,313.7128,0.214245
379.1644,5.2681,313.3881,0.214324
379.3971,5.2704,313.0456,0.214406
379.6215,5.2724,312.6990,0.214484
379.8378,5.2744,312.3456,0.214561
380.0456,5.2767,311.9876,0.214642
380.2443,5.2784,311.6262,0.214720
380.4335,5.2803,311.2618,0.214799
380.6155,5.2823,310.8931,0.214875
380.7856,5.2838,310.5225,0.214952
380.9522,5.2855,310.1479,0.215028
381.1102,5.2871,309.7718,0.215104
381.2600,5.2885,309.3923,0.215181
381.4023,5.2900,309.0091,0.215256
381.5376,5.2913,308.6214,0.215333
381.6668,5.2925,308.2281,0.215411
381.7866,5.2938,307.8345,0.215487
381.8959,5.2949,307.4345,0.215565
382.0159,5.2960,307.0356,0.215640
382.1181,5.2970,306.6265,0.215718
382.2195,5.2980,306.2118,0.215797
382.3187,5.2994,305.7964,0.215875
382.4162,5.3008,305.3773,0.215954
382.5115,5.3023,304.9528,0.216034
382.6077,5.3040,304.5219,0.216112
382.7083,5.3061,304.0878,0.216193
382.8135,5.3082,303.6541,0.216274
382.9197,5.3105,303.2151,0.216355
383.0249,5.3126,302.7742,0.216438
383.1289,5.3148,302.3268,0.216517
383.2299,5.3169,301.8802,0.216603
383.3301,5.3191,301.4278,0.216687
383.4285,5.3213,300.9730,0.216771
383.5249,5.3236,300.5132,0.216855
383.6179,5.3260,300.0515,0.216943
383.7088,5.3283,299.5859,0.217029
383.7961,5.3305,299.1168,0.217116
383.8799,5.3325,298.6452,0.217202
383.9617,5.3345,298.1685,0.217289
384.0410,5.3365,297.6888,0.217379
384.1183,5.3384,297.2055,0.217466
384.1939,5.3402,296.7164,0.217557
384.2665,5.3420,296.2270,0.217645
384.3392,5.3438,295.7307,0.217736
384.4096,5.3454,295.2334,0.217828
384.4780,5.3468,294.7333,0.217921
384.5444,5.3480,294.2282,0.218012
384.6086,5.3491,293.7191,0.218104
384.6702,5.3498,293.2086,0.218197
384.7310,5.3502,292.6917,0.218288
384.7945,5.3506,292.1690,0.218384
384.8623,5.3513,291.6450,0.218477
384.9333,5.3517,291.1134,0.218572
385.0067,5.3527,290.5820,0.218666
385.0833,5.3538,290.0475,0.218763
385.1621,5.3554,289.5086,0.218860
385.2428,5.3568,288.9662,0.218953
385.3244,5.3584,288.4246,0.219051
385.4055,5.3604,287.8765,0.219146
385.4855,5.3622,287.3267,0.219245
385.5654,5.3637,286.7753,0.219343
385.6463,5.3656,286.2174,0.219441
385.7276,5.3673,285.6584,0.219538
385.8100,5.3693,285.0965,0.219638
385.8929,5.3711,284.5318,0.219737
385.9768,5.3731,283.9615,0.219838
386.0606,5.3749,283.3904,0.219936
386.1446,5.3770,282.8177,0.220036
386.2296,5.3787,282.2378,0.220139
386.3150,5.3803,281.6577,0.220238
386.4007,5.3818,281.0745,0.220338
386.4876,5.3828,280.4862,0.220443
386.5747,5.3838,279.8963,0.220546
386.6626,5.3846,279.3041,0.220648
386.7520,5.3855,278.7061,0.220754
386.8417,5.3861,278.1074,0.220854
386.9331,5.3874,277.5014,0.220959
387.0255,5.3888,276.8953,0.221066
387.1185,5.3906,276.2880,0.221171
387.2136,5.3930,275.6752,0.221274
387.3108,5.3952,275.0604,0.221384
387.4099,5.3976,274.4404,0.221489
387.5105,5.4005,273.8210,0.221595
387.6132,5.4031,273.1968,0.221704
387.7181,5.4052,272.5682,0.221813
387.8248,5.4076,271.9368,0.221924
387.9335,5.4094,271.3055,0.222030
388.0453,5.4115,270.6700,0.222142
388.1601,5.4134,270.0293,0.222253
388.2768,5.4150,269.3900,0.222362
388.3959,5.4168,268.7480,0.222474
388.5187,5.4188,268.1011,0.222585
388.6441,5.4205,267.4502,0.222696
388.7714,5.4223,266.8009,0.222810
388.9019,5.4245,266.1471,0.222921
389.0371,5.4265,265.4886,0.223034
389.1770,5.4287,264.8291,0.223147
389.3249,5.4310,264.1646,0.223262
389.4799,5.4331,263.5009,0.223377
389.6423,5.4355,262.8351,0.223495
389.8096,5.4375,262.1687,0.223606
389.9820,5.4398,261.5014,0.223723
390.1599,5.4418,260.8315,0.223841
390.3438,5.4439,260.1574,0.223956
390.5329,5.4464,259.4836,0.224071
390.7272,5.4490,258.8089,0.224189
390.9275,5.4519,258.1334,0.224307
391.1344,5.4548,257.4568,0.224426
391.3448,5.4578,256.7813,0.224544
391.5612,5.4607,256.1005,0.224662
391.7823,5.4633,255.4200,0.224782
392.0087,5.4656,254.7383,0.224903
392.2406,5.4679,254.0549,0.225023
392.4771,5.4700,253.3729,0.225142
392.7220,5.4719,252.6804,0.225263
392.9677,5.4737,252.0004,0.225384
393.2214,5.4752,251.3144,0.225506
393.4806,5.4767,250.6241,0.225627
393.7443,5.4783,249.9352,0.225752
394.0129,5.4798,249.2462,0.225873
394.2874,5.4810,248.5558,0.225997
394.5690,5.4818,247.8612,0.226123
394.8549,5.4828,247.1709,0.226249
395.1505,5.4853,246.4752,0.226374
395.4521,5.4865,245.7846,0.226502
395.7586,5.4868,245.0938,0.226629
396.0729,5.4862,244.3993,0.226756
396.3911,5.4846,243.7095,0.226887
396.7175,5.4821,243.0144,0.227015
397.0471,5.4794,242.3230,0.227145
397.3839,5.4765,241.6281,0.227275
397.7278,5.4737,240.9307,0.227406
398.0759,5.4711,240.2405,0.227540
398.4322,5.4680,239.5458,0.227669
398.7937,5.4640,238.8541,0.227803
399.1630,5.4586,238.1599,0.227932
399.5350,5.4518,237.4709,0.228066
399.9132,5.4433,236.7778,0.228197
400.2932,5.4334,236.0843,0.228328
400.6765,5.4222,235.3890,0.228464
401.0623,5.4104,234.6961,0.228596
401.4600,5.3976,233.9960,0.228732
401.8612,5.3840,233.3032,0.228865
402.2711,5.3696,232.6095,0.229000
402.6880,5.3547,231.9181,0.229138
403.1138,5.3395,231.2258,0.229274
403.5501,5.3248,230.5330,0.229407
403.9933,5.3107,229.8451,0.229545
404.4453,5.2971,229.1598,0.229680
404.9085,5.2839,228.4747,0.229816
405.3764,5.2702,227.7945,0.229951
405.8530,5.2556,227.1155,0.230089
406.3358,5.2397,226.4414,0.230225
406.8271,5.2231,225.7684,0.230362
407.3281,5.2059,225.0956,0.230503
407.8353,5.1887,224.4284,0.230641
408.3515,5.1718,223.7631,0.230777
408.8771,5.1556,223.1026,0.230921
409.4109,5.1399,222.4441,0.231060
409.9552,5.1242,221.7883,0.231198
410.5067,5.1088,221.1385,0.231339
411.0685,5.0938,220.4915,0.231477
411.6351,5.0790,219.8518,0.231617
412.2099,5.0645,219.2120,0.231757
412.7874,5.0500,218.5746,0.231896
413.3688,5.0352,217.9384,0.232036
413.9529,5.0196,217.3047,0.232180
414.5441,5.0025,216.6704,0.232322
415.1441,4.9833,216.0360,0.232469
415.7470,4.9628,215.4091,0.232609
416.3594,4.9410,214.7826,0.232752
416.9807,4.9189,214.1572,0.232904
417.6049,4.8968,213.5383,0.233050
418.2400,4.8739,212.9187,0.233199
418.8791,4.8504,212.3020,0.233351
419.5231,4.8259,211.6899,0.233498
420.1748,4.8007,211.0801,0.233647
420.8307,4.7752,210.4756,0.233794
421.4996,4.7490,209.8685,0.233948
422.1666,4.7230,209.2719,0.234093
422.8464,4.6968,208.6713,0.234244
423.5239,4.6710,208.0783,0.234395
424.2106,4.6448,207.4834,0.234546
424.9008,4.6182,206.8909,0.234695
425.5934,4.5914,206.3026,0.234855
426.2976,4.5647,205.7098,0.235011
426.9968,4.5392,205.1250,0.235164
427.7046,4.5139,204.5352,0.235318
428.4116,4.4888,203.9465,0.235476
429.1208,4.4635,203.3569,0.235630
429.8352,4.4377,202.7661,0.235788
430.5507,4.4116,202.1779,0.235943
431.2717,4.3849,201.5883,0.236100
431.9940,4.3580,201.0008,0.236256
432.7198,4.3307,200.4123,0.236415
433.4435,4.3032,199.8265,0.236578
434.1652,4.2757,199.2438,0.236730
434.8873,4.2487,198.6625,0.236891
435.6051,4.2217,198.0866,0.237044
436.3235,4.1943,197.5118,0.237203
437.0416,4.1666,196.9389,0.237356
437.7592,4.1383,196.3685,0.237514
438.4775,4.1092,195.7990,0.237671
439.1931,4.0799,195.2330,0.237824
439.9082,4.0504,194.6689,0.237982
440.6202,4.0206,194.1087,0.238136
441.3365,3.9903,193.5470,0.238294
442.0473,3.9598,192.9911,0.238450
442.7599,3.9293,192.4353,0.238609
443.4692,3.8992,191.8826,0.238766
444.1787,3.8700,191.3298,0.238925
444.8838,3.8411,190.7802,0.239079
445.5891,3.8119,190.2290,0.239244
446.2921,3.7830,189.6779,0.239406
446.9887,3.7547,189.1300,0.239563
447.6867,3.7267,188.5793,0.239731
448.3794,3.6993,188.0307,0.239891
449.0695,3.6720,187.4818,0.240054
449.7586,3.6447,186.9319,0.240215
450.4455,3.6175,186.3819,0.240378
451.1291,3.5905,185.8329,0.240541
451.8126,3.5634,185.2824,0.240700
452.4930,3.5364,184.7352,0.240859
453.1718,3.5099,184.1889,0.241021
453.8526,3.4838,183.6404,0.241180
454.5272,3.4587,183.0968,0.241342
455.2026,3.4338,182.5513,0.241500
455.8760,3.4095,182.0058,0.241660
456.5422,3.3855,181.4639,0.241823
457.2062,3.3613,180.9210,0.241977
457.8676,3.3373,180.3754,0.242135
458.5267,3.3130,179.8252,0.242294
459.1786,3.2890,179.2756,0.242452
459.8231,3.2653,178.7272,0.242608
460.4687,3.2417,178.1727,0.242764
461.1066,3.2187,177.6193,0.242916
461.7401,3.1959,177.0641,0.243072
462.3653,3.1736,176.5104,0.243226
462.9866,3.1517,175.9550,0.243382
463.5981,3.1300,175.4064,0.243531
464.2147,3.1087,174.8559,0.243683
464.8253,3.0879,174.3107,0.243835
465.4325,3.0675,173.7686,0.243980
466.0398,3.0469,173.2263,0.244126
466.6457,3.0261,172.6850,0.244275
467.2471,3.0053,172.1470,0.244419
467.8389,2.9850,171.6164,0.244563
468.4252,2.9654,171.0868,0.244704
469.0032,2.9460,170.5589,0.244845
469.5656,2.9277,170.0381,0.244981
470.1205,2.9100,169.5185,0.245118
470.6677,2.8929,169.0005,0.245252
471.2045,2.8771,168.4864,0.245389
471.7344,2.8623,167.9732,0.245518
472.2586,2.8481,167.4588,0.245655
472.7761,2.8345,166.9429,0.245784
473.2898,2.8212,166.4253,0.245914
473.7938,2.8079,165.9111,0.246044
474.2986,2.7954,165.3894,0.246174
474.7949,2.7833,164.8705,0.246302
475.2848,2.7716,164.3527,0.246433
475.7717,2.7599,163.8320,0.246558
476.2465,2.7531,163.2981,0.246685
476.7401,2.7444,162.7771,0.246809
477.1864,2.7406,162.2507,0.246933
477.6453,2.7330,161.7260,0.247060
478.1205,2.7155,161.1956,0.247184
478.5472,2.7182,160.6649,0.247307
478.9848,2.7097,160.1299,0.247429
479.4264,2.6829,159.5963,0.247549
479.8421,2.6558,159.0544,0.247671
480.2454,2.6791,158.5105,0.247795
480.6339,2.6533,157.9626,0.247915
481.0175,2.6266,157.4091,0.248033
481.3800,2.5970,156.8666,0.248154
481.7441,2.5851,156.3070,0.248273
482.0987,2.5730,155.7471,0.248392
482.4484,2.5610,155.1853,0.248511
482.7879,2.5490,154.6252,0.248630
483.1161,2.5371,154.0579,0.248747
483.4277,2.5257,153.4918,0.248864
483.7381,2.5137,152.9196,0.248979
484.0420,2.5022,152.3446,0.249096
484.3397,2.4910,151.7700,0.249211
484.6323,2.4801,151.1943,0.249325
484.9213,2.4693,150.6198,0.249441
485.2079,2.4587,150.0464,0.249555
485.4911,2.4482,149.4711,0.249667
485.7706,2.4377,148.8901,0.249782
486.0384,2.4275,148.3250,0.249894
486.3055,2.4171,147.7526,0.250006
486.5697,2.4068,147.1775,0.250117
486.8268,2.3968,146.6082,0.250228
487.0807,2.3863,146.0352,0.250340
487.3288,2.3757,145.4646,0.250452
487.5720,2.3649,144.8898,0.250562
487.8036,2.3544,144.3163,0.250673
488.0249,2.3437,143.7513,0.250782
488.2427,2.3330,143.1782,0.250891
488.4543,2.3229,142.6099,0.250998
488.6644,2.3123,142.0376,0.251108
488.8692,2.3017,141.4678,0.251216
489.0697,2.2912,140.8965,0.251325
489.2651,2.2805,140.3252,0.251432
489.4541,2.2696,139.7536,0.251539
489.6380,2.2587,139.1859,0.251646
489.8180,2.2477,138.6183,0.251752
489.9947,2.2364,138.0475,0.251860
490.1660,2.2251,137.4798,0.251966
490.3337,2.2137,136.9106,0.252071
490.4965,2.2021,136.3435,0.252177
490.6553,2.1904,135.7735,0.252282
490.8096,2.1787,135.2019,0.252388
490.9567,2.1669,134.6315,0.252493
491.1000,2.1551,134.0587,0.252599
491.2381,2.1434,133.4866,0.252705
491.3729,2.1314,132.9108,0.252809
491.5052,2.1344,132.3212,0.252915
491.6315,2.1513,131.7424,0.253019
491.7589,2.1171,131.1582,0.253125
491.8708,2.1340,130.5903,0.253234
492.0148,2.1012,129.9933,0.253338
492.1393,2.0665,129.4093,0.253446
492.2427,2.0787,128.8370,0.253551
492.3703,2.0446,128.2398,0.253660
492.4652,2.0415,127.6635,0.253766
492.5709,2.0214,127.0749,0.253873
492.6902,1.9858,126.4705,0.253979
492.7756,1.9818,125.8928,0.254086
492.8685,1.9600,125.2973,0.254194
492.9533,1.9389,124.6991,0.254302
493.0332,1.9168,124.0966,0.254411
493.1234,1.8954,123.4953,0.254517
493.1984,1.8768,122.8898,0.254625
493.2705,1.8582,122.2841,0.254734
493.3391,1.8396,121.6732,0.254845
493.4029,1.8215,121.0625,0.254952
493.4625,1.8035,120.4494,0.255063
493.5172,1.7857,119.8323,0.255176
493.5692,1.7677,119.2128,0.255283
493.6187,1.7493,118.5894,0.255397
493.6683,1.7305,117.9631,0.255508
493.7174,1.7108,117.3341,0.255623
493.7650,1.6906,116.7004,0.255738
493.8099,1.6696,116.0653,0.255851
493.8521,1.6485,115.4270,0.255968
493.8899,1.6268,114.7867,0.256081
493.9243,1.6050,114.1410,0.256198
493.9553,1.5833,113.4924,0.256314
493.9832,1.5614,112.8284,0.256431
494.0067,1.5405,112.1857,0.256546
494.0271,1.5194,111.5265,0.256665
494.0440,1.4986,110.8692,0.256787
494.0576,1.4778,110.2036,0.256905
494.0666,1.4574,109.5372,0.257027
494.0731,1.4370,108.8663,0.257146
494.0767,1.4163,108.1912,0.257271
494.0774,1.3953,107.5148,0.257394
494.0753,1.3742,106.8366,0.257514
494.0704,1.3528,106.1514,0.257642
494.0623,1.3315,105.4620,0.257766
494.0504,1.3106,104.7692,0.257887
494.0348,1.2896,104.0798,0.258014
494.0165,1.2686,103.3793,0.258141
493.9950,1.2477,102.6821,0.258266
493.9699,1.2266,101.9774,0.258396
493.9417,1.2053,101.2700,0.258521
493.9102,1.1838,100.5557,0.258654
493.8760,1.1624,99.8449,0.258783
493.8400,1.1411,99.1255,0.258914
493.8028,1.1197,98.4009,0.259045
493.7650,1.0987,97.6753,0.259179
493.7273,1.0772,96.9456,0.259316
493.6891,1.0552,96.2106,0.259451
493.6505,1.0326,95.4733,0.259588
493.6107,1.0096,94.7286,0.259722
493.5704,0.9865,93.9836,0.259862
493.5290,0.9634,93.2344,0.260000
493.4868,0.9403,92.4822,0.260136
493.4435,0.9178,91.7258,0.260276
493.3987,0.8951,90.9558,0.260416
493.3539,0.8731,90.2011,0.260554
493.3076,0.8508,89.4332,0.260699
493.2602,0.8285,88.6596,0.260841
493.2117,0.8064,87.8835,0.260985
493.1623,0.7847,87.1076,0.261128
493.1118,0.7629,86.3246,0.261273
493.0604,0.7410,85.5407,0.261416
493.0081,0.7191,84.7516,0.261560
492.9548,0.6971,83.9572,0.261714
492.9008,0.6753,83.1652,0.261854
492.8456,0.6529,82.3627,0.262003
492.7904,0.6303,81.5612,0.262150
492.7347,0.6070,80.7560,0.262302
492.6786,0.5835,79.9467,0.262448
492.6220,0.5597,79.1340,0.262606
492.5651,0.5358,78.3179,0.262756
492.5078,0.5126,77.4992,0.262905
492.4498,0.4896,76.6759,0.263058
492.3913,0.4671,75.8494,0.263209
492.3323,0.4448,75.0193,0.263361
492.2734,0.4228,74.1887,0.263511
492.2141,0.4006,73.3521,0.263671
492.1546,0.3786,72.5118,0.263822
492.0955,0.3567,71.6732,0.263975
492.0360,0.3339,70.8292,0.264129
491.9768,0.3107,69.9822,0.264283
491.9178,0.2864,69.1320,0.264435
491.8592,0.2620,68.2792,0.264591
491.8008,0.2381,67.4206,0.264746
491.7432,0.2150,66.5604,0.264897
491.6862,0.1925,65.6977,0.265054
491.6297,0.1709,64.8302,0.265207
491.5737,0.1489,63.9594,0.265361
491.5182,0.1269,63.0914,0.265514
491.4630,0.1043,62.2169,0.265665
491.4077,0.0818,61.3375,0.265820
491.3530,0.0595,60.4606,0.265975
491.2982,0.0369,59.5770,0.266127
491.2440,0.0141,58.6888,0.266280
491.1909,-0.0089,57.8010,0.266431
491.1385,-0.0321,56.9102,0.266586
491.0872,-0.0556,56.0155,0.266740
491.0367,-0.0792,55.1187,0.266895
490.9870,-0.1033,54.2183,0.267044
490.9383,-0.1279,53.3133,0.267202
490.8906,-0.1531,52.4103,0.267356
490.8436,-0.1786,51.5011,0.267511
490.7978,-0.2042,50.5889,0.267665
490.7533,-0.2299,49.6746,0.267821
490.7106,-0.2555,48.7581,0.267976
490.6700,-0.2807,47.8344,0.268136
490.6328,-0.3061,46.9149,0.268288
490.5984,-0.3317,45.9889,0.268444
490.5667,-0.3581,45.0572,0.268604
490.5379,-0.3849,44.1296,0.268758
490.5117,-0.4122,43.1950,0.268918
490.4873,-0.4393,42.2548,0.269077
490.4660,-0.4659,41.3161,0.269235
490.4482,-0.4925,40.3764,0.269394
490.4343,-0.5198,39.4279,0.269558
490.4248,-0.5481,38.4821,0.269718
490.4200,-0.5773,37.5307,0.269878
490.4198,-0.6061,36.5769,0.270038
490.4245,-0.6340,35.6228,0.270199
490.4348,-0.6615,34.6627,0.270359
490.4493,-0.6893,33.6979,0.270523
490.4684,-0.7172,32.7350,0.270686
490.4917,-0.7450,31.7724,0.270846
490.5199,-0.7717,30.8049,0.271007
490.5531,-0.7964,29.8346,0.271171
490.5913,-0.8201,28.8606,0.271337
490.6334,-0.8435,27.8880,0.271500
490.6796,-0.8673,26.9149,0.271667
490.7276,-0.8917,25.9384,0.271833
490.7783,-0.9156,24.9565,0.271998
490.8316,-0.9388,23.9772,0.272164
490.8881,-0.9609,22.9923,0.272329
490.9473,-0.9820,22.0078,0.272494
491.0098,-1.0016,21.0204,0.272664
491.0756,-1.0194,20.0364,0.272827
491.1471,-1.0355,19.0467,0.272994
491.2227,-1.0496,18.0551,0.273161
491.3027,-1.0619,17.0679,0.273325
491.3873,-1.0748,16.0800,0.273493
491.4758,-1.0886,15.0932,0.273659
491.5680,-1.1026,14.1101,0.273825
491.6642,-1.1164,13.1284,0.273993
491.7653,-1.1300,12.1451,0.274157
491.8722,-1.1436,11.1537,0.274327
491.9819,-1.1575,10.1762,0.274492
492.0983,-1.1717,9.1931,0.274663
492.2213,-1.1862,8.2171,0.274830
492.3529,-1.2008,7.2335,0.275000
492.4910,-1.2150,6.2601,0.275165
492.6372,-1.2294,5.2824,0.275331
492.7900,-1.2442,4.3118,0.275494
492.9519,-1.2590,3.3387,0.275665
493.1183,-1.2733,2.3760,0.275823
493.2921,-1.2872,1.4118,0.275988
493.4725,-1.3005,0.4512,0.276150
493.6591,-1.3135,-0.5036,0.276312
493.8530,-1.3265,-1.4584,0.276477
494.0536,-1.3393,-2.4105,0.276640
494.2606,-1.3517,-3.3580,0.276806
494.4731,-1.3638,-4.2987,0.276970
494.6927,-1.3752,-5.2406,0.277130
494.9160,-1.3858,-6.1824,0.277292
495.1438,-1.3959,-7.1228,0.277456
495.3755,-1.4053,-8.0578,0.277622
495.6124,-1.4141,-8.9922,0.277776
495.8548,-1.4232,-9.9260,0.277942
496.1022,-1.4323,-10.8575,0.278105
496.3564,-1.4414,-11.7926,0.278264
496.6138,-1.4495,-12.7220,0.278426
496.8754,-1.4570,-13.6493,0.278589
497.1382,-1.4632,-14.5711,0.278748
497.4054,-1.4685,-15.4978,0.278911
497.6786,-1.4723,-16.4243,0.279074
497.9600,-1.4749,-17.3522,0.279235
498.2481,-1.4768,-18.2748,0.279402
498.5433,-1.4776,-19.1972,0.279558
498.8442,-1.4781,-20.1107,0.279722
499.1521,-1.4789,-21.0286,0.279883
499.4652,-1.4803,-21.9416,0.280046
499.7867,-1.4830,-22.8586,0.280211
500.1130,-1.4866,-23.7689,0.280371
500.4458,-1.4906,-24.6762,0.280535
500.7880,-1.4948,-25.5874,0.280702
501.1355,-1.4991,-26.4910,0.280860
501.4920,-1.5035,-27.3940,0.281027
501.8528,-1.5081,-28.2908,0.281189
502.2226,-1.5129,-29.1919,0.281352
502.5937,-1.5183,-30.0839,0.281517
502.9714,-1.5237,-30.9816,0.281678
503.3521,-1.5288,-31.8745,0.281844
503.7383,-1.5336,-32.7677,0.282010
504.1287,-1.5382,-33.6582,0.282172
504.5258,-1.5424,-34.5512,0.282335
504.9240,-1.5462,-35.4366,0.282501
505.3264,-1.5494,-36.3234,0.282664
505.7399,-1.5527,-37.2250,0.282835
506.1440,-1.5565,-38.0942,0.282998
506.5617,-1.5615,-38.9816,0.283163
506.9829,-1.5672,-39.8657,0.283332
507.4156,-1.5731,-40.7615,0.283500
507.8394,-1.5790,-41.6319,0.283667
508.2696,-1.5849,-42.5117,0.283834
508.7156,-1.5911,-43.4206,0.284009
509.1367,-1.5967,-44.2732,0.284174
509.5738,-1.6023,-45.1523,0.284339
510.0151,-1.6077,-46.0325,0.284508
510.4599,-1.6131,-46.9123,0.284678
510.9092,-1.6187,-47.7941,0.284848
511.3600,-1.6245,-48.6737,0.285020
511.8169,-1.6306,-49.5636,0.285192
512.2631,-1.6374,-50.4330,0.285364
512.7151,-1.6448,-51.3126,0.285537
513.1700,-1.6528,-52.1966,0.285707
513.6233,-1.6605,-53.0757,0.285878
514.0786,-1.6676,-53.9574,0.286053
514.5342,-1.6739,-54.8385,0.286224
514.9890,-1.6797,-55.7169,0.286400
515.4464,-1.6855,-56.5993,0.286571
515.9005,-1.6916,-57.4750,0.286744
516.3516,-1.6979,-58.3443,0.286913
516.8049,-1.7044,-59.2173,0.287086
517.2554,-1.7108,-60.0845,0.287257
517.7056,-1.7168,-60.9505,0.287427
518.1593,-1.7228,-61.8222,0.287598
518.6031,-1.7282,-62.6740,0.287768
519.0518,-1.7330,-63.5346,0.287935
519.4984,-1.7376,-64.3905,0.288103
519.9531,-1.7421,-65.2607,0.288277
520.3901,-1.7463,-66.0969,0.288439
520.8340,-1.7504,-66.9459,0.288606
521.2780,-1.7547,-67.7938,0.288772
521.7210,-1.7591,-68.6391,0.288940
522.1633,-1.7640,-69.4819,0.289102
522.6031,-1.7689,-70.3198,0.289271
523.0466,-1.7738,-71.1630,0.289436
523.4851,-1.7787,-71.9960,0.289601
523.9286,-1.7838,-72.8389,0.289766
524.3621,-1.7895,-73.6646,0.289928
524.7980,-1.7958,-74.4962,0.290091
525.2280,-1.8019,-75.3170,0.290256
525.6602,-1.8079,-76.1441,0.290417
526.0923,-1.8134,-76.9724,0.290584
526.5198,-1.8184,-77.7933,0.290746
526.9507,-1.8233,-78.6222,0.290911
527.3726,-1.8279,-79.4354,0.291075
527.7953,-1.8322,-80.2511,0.291238
528.2175,-1.8365,-81.0665,0.291398
528.6381,-1.8408,-81.8793,0.291560
529.0591,-1.8456,-82.6934,0.291727
529.4802,-1.8507,-83.5088,0.291891
529.8961,-1.8556,-84.3142,0.292052
530.3105,-1.8601,-85.1174,0.292218
530.7358,-1.8642,-85.9420,0.292380
531.1403,-1.8681,-86.7267,0.292539
531.5515,-1.8723,-87.5252,0.292704
531.9620,-1.8765,-88.3235,0.292864
532.3706,-1.8809,-89.1193,0.293026
532.7801,-1.8853,-89.9170,0.293186
533.1868,-1.8895,-90.7101,0.293348
533.5934,-1.8938,-91.5035,0.293504
533.9989,-1.8978,-92.2952,0.293670
534.4041,-1.9016,-93.0869,0.293828
534.8088,-1.9057,-93.8786,0.293989
535.2093,-1.9097,-94.6622,0.294143
535.6129,-1.9141,-95.4526,0.294308
536.0146,-1.9186,-96.2411,0.294466
536.4158,-1.9231,-97.0302,0.294625
536.8157,-1.9275,-97.8182,0.294784
537.2162,-1.9319,-98.6097,0.294941
537.6130,-1.9364,-99.3968,0.295100
538.0091,-1.9412,-100.1854,0.295261
538.4030,-1.9464,-100.9745,0.295416
538.7943,-1.9522,-101.7654,0.295572
539.1819,-1.9579,-102.5586,0.295732
539.5654,-1.9635,-103.3552,0.295887
539.9407,-1.9685,-104.1532,0.296045
540.3085,-1.9725,-104.9515,0.296203
540.6693,-1.9760,-105.7555,0.296361
541.0212,-1.9793,-106.5611,0.296517
541.3650,-1.9830,-107.3685,0.296674
541.7009,-1.9870,-108.1793,0.296833
542.0281,-1.9916,-108.9923,0.296987
542.3470,-1.9961,-109.8081,0.297148
542.6575,-2.0002,-110.6288,0.297304
542.9623,-2.0036,-111.4469,0.297458
543.2631,-2.0061,-112.2660,0.297614
543.5579,-2.0078,-113.0874,0.297769
543.8448,-2.0091,-113.9120,0.297929
544.1218,-2.0104,-114.7365,0.298083
544.3908,-2.0117,-115.5657,0.298240
544.6504,-2.0128,-116.3937,0.298395
544.9016,-2.0134,-117.2248,0.298551
545.1496,-2.0137,-118.0573,0.298704
545.3948,-2.0140,-118.8901,0.298860
545.6345,-2.0142,-119.7251,0.299015
545.8666,-2.0145,-120.5619,0.299170
546.0903,-2.0151,-121.3990,0.299325
546.3075,-2.0157,-122.2368,0.299479
546.5203,-2.0165,-123.0770,0.299633
546.7313,-2.0178,-123.9177,0.299789
546.9415,-2.0192,-124.7566,0.299940
547.1503,-2.0214,-125.5994,0.300096
547.3559,-2.0238,-126.4414,0.300247
547.5571,-2.0267,-127.2811,0.300401
547.7560,-2.0300,-128.1290,0.300555
547.9483,-2.0334,-128.9635,0.300706
548.1387,-2.0368,-129.8047,0.300859
548.3257,-2.0400,-130.6467,0.301013
548.5068,-2.0436,-131.4895,0.301166
548.6818,-2.0476,-132.3282,0.301318
548.8524,-2.0521,-133.1729,0.301470
549.0162,-2.0571,-134.0138,0.301622
549.1738,-2.0628,-134.8570,0.301775
549.3239,-2.0687,-135.7007,0.301926
549.4680,-2.0754,-136.5467,0.302080
549.6066,-2.0822,-137.3905,0.302230
549.7415,-2.0892,-138.2352,0.302382
549.8604,-2.0900,-139.0861,0.302535
550.0023,-2.0952,-139.9395,0.302685
550.1072,-2.0962,-140.7773,0.302836
550.2227,-2.1017,-141.6225,0.302986
550.3336,-2.1056,-142.4743,0.303138
550.4384,-2.1093,-143.3223,0.303291
550.5530,-2.1185,-144.1785,0.303442
550.6476,-2.1302,-145.0280,0.303592
550.7398,-2.1455,-145.8784,0.303744
550.8123,-2.1287,-146.7132,0.303892
550.8962,-2.1338,-147.5606,0.304044
550.9758,-2.1414,-148.4093,0.304194
551.0663,-2.1573,-149.2692,0.304344
551.1378,-2.1739,-150.1172,0.304494
551.2052,-2.1896,-150.9690,0.304645
551.2678,-2.2027,-151.8150,0.304796
551.3125,-2.1771,-152.6494,0.304946
551.3808,-2.1854,-153.5082,0.305094
551.4278,-2.2038,-154.3531,0.305244
551.4666,-2.2217,-155.2003,0.305393
551.4988,-2.2411,-156.0466,0.305544
551.5239,-2.2607,-156.8969,0.305692
551.5268,-2.2324,-157.7217,0.305842
551.5351,-2.2434,-158.5672,0.305991
551.5505,-2.2636,-159.4239,0.306141
551.5451,-2.2841,-160.2659,0.306289
551.5328,-2.3048,-161.1072,0.306438
551.5128,-2.3240,-161.9497,0.306587
551.4739,-2.2959,-162.7771,0.306735
551.4577,-2.3129,-163.6335,0.306884
551.4258,-2.3339,-164.4776,0.307034
551.3904,-2.3537,-165.3195,0.307181
551.3507,-2.3714,-166.1662,0.307330
551.3080,-2.3933,-167.0103,0.307479
551.2625,-2.4153,-167.8493,0.307626
551.2128,-2.3855,-168.6931,0.307776
551.1584,-2.4056,-169.5316,0.307923
551.0972,-2.4279,-170.3698,0.308073
551.0274,-2.4505,-171.2083,0.308221
550.9475,-2.4725,-172.0401,0.308368
550.8560,-2.4897,-172.8717,0.308516
550.7467,-2.4602,-173.6876,0.308664
550.6531,-2.4817,-174.5288,0.308813
550.5385,-2.5036,-175.3552,0.308960
550.4141,-2.5242,-176.1821,0.309108
550.2829,-2.5465,-177.0060,0.309255
550.1467,-2.5688,-177.8336,0.309404
550.0079,-2.5394,-178.6560,0.309551
549.8642,-2.5580,-179.4824,0.309699
549.7193,-2.5783,-180.3067,0.309846
549.5720,-2.6009,-181.1343,0.309993
549.4219,-2.6237,-181.9645,0.310142
549.2706,-2.6444,-182.7844,0.310290
549.1064,-2.6184,-183.5953,0.310436
548.9608,-2.6356,-184.4347,0.310584
548.8029,-2.6576,-185.2579,0.310732
548.6408,-2.6749,-186.0815,0.310881
548.4734,-2.6947,-186.9058,0.311028
548.3036,-2.7158,-187.7238,0.311176
548.1315,-2.7230,-188.5341,0.311325
547.9414,-2.7182,-189.3463,0.311471
547.7592,-2.7344,-190.1576,0.311620
547.5710,-2.7504,-190.9740,0.311768
547.3875,-2.7725,-191.8058,0.311916
547.1893,-2.7912,-192.6177,0.312064
546.9849,-2.8142,-193.4326,0.312213
546.7691,-2.8186,-194.2225,0.312359
546.5560,-2.8363,-195.0301,0.312507
546.3345,-2.8536,-195.8412,0.312655
546.1197,-2.8691,-196.6496,0.312803
545.8869,-2.8822,-197.4504,0.312952
545.6367,-2.8954,-198.2878,0.313107
545.4011,-2.9069,-199.0577,0.313248
545.1515,-2.9186,-199.8559,0.313397
544.8954,-2.9302,-200.6556,0.313545
544.6332,-2.9413,-201.4553,0.313694
544.3662,-2.9517,-202.2512,0.313842
544.0933,-2.9613,-203.0471,0.313993
543.8144,-2.9703,-203.8430,0.314144
543.5309,-2.9787,-204.6335,0.314292
543.2401,-2.9870,-205.4273,0.314441
542.9434,-2.9951,-206.2168,0.314594
542.6411,-3.0036,-207.0079,0.314741
542.3321,-3.0123,-207.8011,0.314893
542.0194,-3.0209,-208.5900,0.315044
541.7052,-3.0296,-209.3804,0.315194
541.3876,-3.0385,-210.1804,0.315349
541.0699,-3.0478,-210.9786,0.315498
540.7532,-3.0570,-211.7698,0.315650
540.4285,-3.0664,-212.5707,0.315802
540.1029,-3.0756,-213.3652,0.315955
539.7731,-3.0842,-214.1601,0.316106
539.4389,-3.0923,-214.9573,0.316259
539.0990,-3.1001,-215.7596,0.316416
538.7590,-3.1079,-216.5536,0.316567
538.4144,-3.1166,-217.3509,0.316723
538.0649,-3.1264,-218.1520,0.316876
537.7131,-3.1375,-218.9479,0.317035
537.3565,-3.1491,-219.7465,0.317189
536.9952,-3.1612,-220.5465,0.317342
536.6308,-3.1731,-221.3446,0.317500
536.2585,-3.1850,-222.1503,0.317656
535.8871,-3.1972,-222.9449,0.317813
535.5095,-3.2097,-223.7443,0.317968
535.1264,-3.2223,-224.5453,0.318124
534.7389,-3.2351,-225.3428,0.318284
534.3461,-3.2482,-226.1427,0.318441
533.9489,-3.2618,-226.9417,0.318600
533.5462,-3.2762,-227.7421,0.318762
533.1404,-3.2904,-228.5394,0.318919
532.7292,-3.3050,-229.3396,0.319082
532.3137,-3.3190,-230.1390,0.319237
531.8954,-3.3326,-230.9351,0.319400
531.4695,-3.3462,-231.7370,0.319563
531.0410,-3.3595,-232.5338,0.319725
530.6078,-3.3730,-233.3316,0.319883
530.1701,-3.3862,-234.1280,0.320046
529.7245,-3.3993,-234.9285,0.320210
529.2770,-3.4120,-235.7218,0.320371
528.8221,-3.4250,-236.5181,0.320535
528.3639,-3.4386,-237.3108,0.320698
527.9011,-3.4533,-238.1019,0.320864
527.4305,-3.4688,-238.8956,0.321027
526.9576,-3.4850,-239.6851,0.321191
526.4772,-3.5010,-240.4771,0.321353
525.9933,-3.5173,-241.2655,0.321521
525.5048,-3.5336,-242.0516,0.321683
525.0091,-3.5501,-242.8397,0.321848
524.5086,-3.5663,-243.6256,0.322016
524.0027,-3.5825,-244.4108,0.322181
523.4921,-3.5987,-245.1936,0.322348
522.9758,-3.6151,-245.9792,0.322517
522.4588,-3.6312,-246.7589,0.322684
521.9345,-3.6474,-247.5419,0.322853
521.4094,-3.6636,-248.3191,0.323021
520.8790,-3.6800,-249.0992,0.323188
520.3455,-3.6965,-249.8786,0.323356
519.8109,-3.7132,-250.6563,0.323530
519.2762,-3.7308,-251.4320,0.323699
518.7443,-3.7484,-252.2028,0.323864
518.2114,-3.7660,-252.9740,0.324031
517.6797,-3.7833,-253.7430,0.324198
517.1478,-3.8006,-254.5118,0.324365
516.6166,-3.8168,-255.2788,0.324532
516.0891,-3.8327,-256.0403,0.324698
515.5596,-3.8487,-256.8047,0.324864
515.0325,-3.8646,-257.5657,0.325027
514.5045,-3.8803,-258.3281,0.325195
513.9826,-3.8957,-259.0819,0.325357
513.4583,-3.9109,-259.8400,0.325523
512.9371,-3.9259,-260.5953,0.325686
512.4184,-3.9411,-261.3494,0.325854
511.9026,-3.9563,-262.1020,0.326015
511.3859,-3.9716,-262.8586,0.326180
510.8741,-3.9867,-263.6103,0.326342
510.3651,-4.0015,-264.3609,0.326503
509.8558,-4.0161,-265.1142,0.326666
509.3513,-4.0303,-265.8634,0.326826
508.8492,-4.0441,-266.6123,0.326988
508.3475,-4.0576,-267.3644,0.327146
507.8520,-4.0703,-268.1114,0.327303
507.3565,-4.0829,-268.8610,0.327466
506.8640,-4.0950,-269.6070,0.327622
506.3744,-4.1070,-270.3483,0.327778
505.8832,-4.1190,-271.0920,0.327938
505.3936,-4.1310,-271.8334,0.328093
504.9059,-4.1430,-272.5726,0.328249
504.4203,-4.1552,-273.3095,0.328404
503.9346,-4.1680,-274.0478,0.328561
503.4525,-4.1815,-274.7820,0.328712
502.9728,-4.1956,-275.5137,0.328863
502.4913,-4.2104,-276.2505,0.329017
502.0142,-4.2249,-276.9811,0.329169
501.5392,-4.2393,-277.7102,0.329321
501.0629,-4.2534,-278.4419,0.329472
500.5898,-4.2669,-279.1690,0.329620
500.1173,-4.2800,-279.8954,0.329774
499.6449,-4.2925,-280.6223,0.329921
499.1752,-4.3047,-281.3455,0.330068
498.7082,-4.3167,-282.0663,0.330220
498.2428,-4.3290,-282.7864,0.330362
497.7761,-4.3415,-283.5094,0.330514
497.3138,-4.3536,-284.2271,0.330663
496.8504,-4.3658,-284.9473,0.330811
496.3912,-4.3772,-285.6622,0.330956
495.9321,-4.3887,-286.3778,0.331102
495.4724,-4.4001,-287.0959,0.331250
495.0175,-4.4118,-287.8082,0.331394
494.5641,-4.4231,-288.5211,0.331541
494.1094,-4.4346,-289.2374,0.331688
493.6587,-4.4461,-289.9489,0.331833
493.2087,-4.4575,-290.6593,0.331979
492.7589,-4.4686,-291.3692,0.332125
492.3097,-4.4801,-292.0786,0.332272
491.8617,-4.4913,-292.7866,0.332416
491.4149,-4.5025,-293.4927,0.332558
490.9690,-4.5139,-294.1980,0.332703
490.5250,-4.5253,-294.9005,0.332848
490.0793,-4.5367,-295.6060,0.332991
489.6352,-4.5476,-296.3091,0.333137
489.1916,-4.5581,-297.0121,0.333280
488.7486,-4.5682,-297.7144,0.333424
488.3080,-4.5782,-298.4135,0.333567
487.8683,-4.5880,-299.1117,0.333711
487.4276,-4.5978,-299.8119,0.333854
486.9893,-4.6077,-300.5095,0.333998
486.5513,-4.6176,-301.2077,0.334140
486.1141,-4.6274,-301.9067,0.334283
485.6806,-4.6369,-302.6014,0.334424
485.2444,-4.6464,-303.3018,0.334567
484.8105,-4.6560,-303.9996,0.334708
484.3784,-4.6662,-304.6962,0.334852
483.9455,-4.6764,-305.3969,0.334994
483.5169,-4.6865,-306.0934,0.335133
483.0882,-4.6965,-306.7924,0.335277
482.6600,-4.7061,-307.4940,0.335420
482.2340,-4.7158,-308.1948,0.335559
481.8098,-4.7254,-308.8951,0.335702
481.3867,-4.7350,-309.5966,0.335845
480.9634,-4.7451,-310.3017,0.335985
480.5447,-4.7551,-311.0033,0.336125
480.1253,-4.7652,-311.7084,0.336266
479.7103,-4.7761,-312.4097,0.336408
479.2946,-4.7870,-313.1158,0.336549
478.8806,-4.7980,-313.8225,0.336690
478.4686,-4.8095,-314.5297,0.336831
478.0587,-4.8211,-315.2385,0.336972
477.6519,-4.8329,-315.9500,0.337111
477.2485,-4.8448,-316.6681,0.337253
476.8526,-4.8564,-317.3830,0.337393
476.4563,-4.8682,-318.1078,0.337534
476.0686,-4.8799,-318.8268,0.337675
475.6829,-4.8913,-319.5526,0.337814
475.3003,-4.9028,-320.2821,0.337956
474.9245,-4.9141,-321.0091,0.338094
474.5501,-4.9251,-321.7435,0.338237
474.1816,-4.9358,-322.4786,0.338375
473.8174,-4.9463,-323.2192,0.338516
473.4581,-4.9564,-323.9598,0.338657
473.1025,-4.9663,-324.7050,0.338799
472.7528,-4.9761,-325.4500,0.338935
472.4075,-4.9861,-326.1977,0.339077
472.0652,-4.9964,-326.9503,0.339217
471.7290,-5.0067,-327.7033,0.339359
471.3964,-5.0196,-328.4599,0.339500
471.0701,-5.0293,-329.2186,0.339640
470.7469,-5.0390,-329.9828,0.339782
470.4305,-5.0482,-330.7449,0.339923
470.1159,-5.0574,-331.5092,0.340063
469.8018,-5.0671,-332.2756,0.340204
469.4909,-5.0768,-333.0385,0.340345
469.1790,-5.0871,-333.8102,0.340483
468.8730,-5.0978,-334.5745,0.340626
468.5671,-5.1086,-335.3463,0.340766
468.2630,-5.1196,-336.1181,0.340909
467.9611,-5.1301,-336.8908,0.341049
467.6612,-5.1408,-337.6649,0.341190
467.3626,-5.1516,-338.4421,0.341332
467.0662,-5.1630,-339.2212,0.341476
466.7750,-5.1751,-339.9983,0.341617
466.4850,-5.1876,-340.7827,0.341761
466.1997,-5.2002,-341.5659,0.341903
465.9179,-5.2140,-342.3518,0.342042
465.6381,-5.2280,-343.1423,0.342187
465.3610,-5.2427,-343.9358,0.342329
465.0894,-5.2583,-344.7247,0.342471
464.8194,-5.2742,-345.5206,0.342611
464.5521,-5.2905,-346.3197,0.342757
464.2905,-5.3069,-347.1130,0.342901
464.0295,-5.3239,-347.9138,0.343042
463.7718,-5.3414,-348.7165,0.343184
463.5175,-5.3594,-349.5165,0.343326
463.2635,-5.3780,-350.3264,0.343470
463.0164,-5.3964,-351.1252,0.343613
462.7687,-5.4153,-351.9368,0.343757
462.5258,-5.4339,-352.7449,0.343898
462.2854,-5.4531,-353.5589,0.344043
462.0522,-5.4726,-354.3700,0.344187
461.8248,-5.4933,-355.1869,0.344330
461.6016,-5.5146,-356.0069,0.344479
461.3838,-5.5367,-356.8297,0.344619
461.1712,-5.5588,-357.6568,0.344764
460.9651,-5.5812,-358.4833,0.344906
460.7646,-5.6040,-359.3123,0.345052
460.5691,-5.6270,-360.1461,0.345194
460.3803,-5.6499,-360.9784,0.345339
460.1992,-5.6727,-361.8117,0.345485
460.0226,-5.6954,-362.6513,0.345628
459.8525,-5.7179,-363.4932,0.345771
459.6905,-5.7402,-364.3309,0.345913
459.5327,-5.7627,-365.1776,0.346059
459.3792,-5.7853,-366.0182,0.346202
459.2275,-5.8088,-366.8616,0.346344
459.0786,-5.8327,-367.7082,0.346490
458.9347,-5.8578,-368.5562,0.346638
458.7970,-5.8828,-369.4040,0.346780
458.6654,-5.9087,-370.2560,0.346927
458.5389,-5.9349,-371.1126,0.347075
458.4186,-5.9614,-371.9657,0.347218
458.3022,-5.9885,-372.8241,0.347364
458.1905,-6.0161,-373.6826,0.347511
458.0845,-6.0441,-374.5414,0.347657
457.9851,-6.0724,-375.4049,0.347807
457.8923,-6.1008,-376.2669,0.347949
457.8054,-6.1295,-377.1337,0.348097
457.7249,-6.1588,-378.0008,0.348244
457.6491,-6.1881,-378.8658,0.348388
457.5755,-6.2176,-379.7361,0.348537
457.5051,-6.2470,-380.6059,0.348681
457.4383,-6.2760,-381.4781,0.348827
457.3768,-6.3045,-382.3511,0.348975
457.3217,-6.3328,-383.2305,0.349120
457.2721,-6.3610,-384.1031,0.349265
457.2269,-6.3895,-384.9777,0.349412
457.1838,-6.4187,-385.8592,0.349559
457.1419,-6.4481,-386.7344,0.349710
457.1019,-6.4777,-387.6097,0.349855
457.0642,-6.5081,-388.4940,0.350003
457.0317,-6.5384,-389.3743,0.350156
457.0048,-6.5694,-390.2598,0.350306
456.9819,-6.6006,-391.1417,0.350456
456.9638,-6.6325,-392.0281,0.350604
456.9500,-6.6647,-392.9172,0.350757
456.9410,-6.6974,-393.8075,0.350906
456.9380,-6.7301,-394.6996,0.351057
456.9422,-6.7625,-395.5881,0.351209
456.9525,-6.7957,-396.4838,0.351357
456.9713,-6.8280,-397.3791,0.351504
456.9960,-6.8601,-398.2724,0.351656
457.0253,-6.8917,-399.1671,0.351806
457.0565,-6.9233,-400.0609,0.351954
457.0892,-6.9550,-400.9567,0.352105
457.1251,-6.9876,-401.8555,0.352257
457.1649,-7.0208,-402.7558,0.352409
457.2104,-7.0548,-403.6512,0.352558
457.2622,-7.0894,-404.5530,0.352711
457.3211,-7.1245,-405.4593,0.352864
457.3843,-7.1590,-406.3582,0.353013
457.4535,-7.1940,-407.2649,0.353167
457.5280,-7.2288,-408.1700,0.353319
457.6085,-7.2637,-409.0709,0.353470
457.6974,-7.2984,-409.9837,0.353621
457.7925,-7.3328,-410.8839,0.353775
457.8972,-7.3670,-411.7956,0.353926
458.0064,-7.4004,-412.6994,0.354080
458.1193,-7.4337,-413.6052,0.354229
458.2362,-7.4672,-414.5161,0.354387
458.3566,-7.5010,-415.4192,0.354538
458.4826,-7.5356,-416.3253,0.354694
458.6162,-7.5710,-417.2356,0.354853
458.7563,-7.6076,-418.1477,0.355004
458.9014,-7.6440,-419.0543,0.355156
459.0508,-7.6809,-419.9637,0.355312
459.2007,-7.7174,-420.8748,0.355466
459.3534,-7.7538,-421.7861,0.355623
459.5099,-7.7900,-422.6931,0.355778
459.6752,-7.8263,-423.6064,0.355926
459.8478,-7.8628,-424.5199,0.356085
460.0265,-7.8991,-425.4274,0.356241
460.2131,-7.9363,-426.3443,0.356396
460.4010,-7.9733,-427.2526,0.356550
460.5885,-8.0104,-428.1650,0.356707
460.7762,-8.0477,-429.0715,0.356865
460.9686,-8.0855,-429.9858,0.357021
461.1663,-8.1241,-430.9005,0.357179
461.3670,-8.1626,-431.8087,0.357337
461.5734,-8.2020,-432.7225,0.357493
461.7831,-8.2413,-433.6372,0.357651
461.9940,-8.2805,-434.5525,0.357803
462.2034,-8.3191,-435.4635,0.357961
462.4146,-8.3573,-436.3765,0.358122
462.6286,-8.3953,-437.2912,0.358278
462.8436,-8.4328,-438.1992,0.358434
463.0618,-8.4705,-439.1099,0.358594
463.2802,-8.5079,-440.0132,0.358748
463.5004,-8.5454,-440.9164,0.358908
463.7242,-8.5823,-441.8216,0.359067
463.9490,-8.6188,-442.7172,0.359223
464.1773,-8.6551,-443.6133,0.359376
464.4084,-8.6913,-444.5080,0.359532
464.6410,-8.7281,-445.3978,0.359687
464.8746,-8.7650,-446.2858,0.359844
465.1084,-8.8022,-447.1734,0.360002
465.3425,-8.8392,-448.0573,0.360155
465.5793,-8.8760,-448.9395,0.360313
465.8185,-8.9120,-449.8178,0.360468
466.0593,-8.9479,-450.6934,0.360611
466.3025,-8.9835,-451.5675,0.360778
466.5478,-9.0189,-452.4399,0.360927
466.7951,-9.0542,-453.3102,0.361082
467.0435,-9.0895,-454.1751,0.361235
467.2949,-9.1249,-455.0414,0.361387
467.5477,-9.1607,-455.9036,0.361541
467.8027,-9.1965,-456.7641,0.361695
468.0565,-9.2321,-457.6175,0.361849
468.3109,-9.2672,-458.4730,0.362003
468.5651,-9.3023,-459.3284,0.362159
468.8170,-9.3366,-460.1754,0.362312
469.0699,-9.3707,-461.0244,0.362465
469.3227,-9.4043,-461.8731,0.362618
469.5753,-9.4372,-462.7198,0.362773
469.8259,-9.4697,-463.5605,0.362924
470.0775,-9.5020,-464.4025,0.363078
470.3288,-9.5339,-465.2431,0.363230
470.5801,-9.5659,-466.0822,0.363382
470.8305,-9.5979,-466.9171,0.363535
471.0810,-9.6300,-467.7516,0.363683
471.3303,-9.6624,-468.5824,0.363839
471.5795,-9.6949,-469.4142,0.363988
471.8278,-9.7272,-470.2424,0.364139
472.0766,-9.7595,-471.0729,0.364293
472.3233,-9.7919,-471.8970,0.364442
472.5693,-9.8239,-472.7184,0.364597
472.8164,-9.8561,-473.5420,0.364748
473.0626,-9.8881,-474.3604,0.364898
473.3086,-9.9198,-475.1761,0.365050
473.5545,-9.9517,-475.9903,0.365200
473.8011,-9.9835,-476.8051,0.365348
474.0459,-10.0150,-477.6143,0.365497
474.2901,-10.0468,-478.4224,0.365652
474.5337,-10.0785,-479.2291,0.365805
474.7766,-10.1097,-480.0336,0.365956
475.0177,-10.1400,-480.8315,0.366109
475.2575,-10.1695,-481.6256,0.366259
475.4948,-10.1983,-482.4121,0.366407
475.7292,-10.2268,-483.1895,0.366554
475.9594,-10.2548,-483.9532,0.366702
476.1863,-10.2830,-484.7067,0.366846
476.4075,-10.3104,-485.4416,0.366992
476.6235,-10.3375,-486.1608,0.367128
476.8354,-10.3639,-486.8669,0.367266
477.0430,-10.3899,-487.5601,0.367396
477.2471,-10.4157,-488.2430,0.367530
477.4484,-10.4414,-488.9169,0.367662
477.6477,-10.4673,-489.5858,0.367801
477.8451,-10.4935,-490.2489,0.367926
478.0395,-10.5198,-490.9028,0.368062
478.2313,-10.5459,-491.5503,0.368188
478.4188,-10.5716,-492.1886,0.368324
478.6006,-10.5966,-492.8150,0.368452
478.7781,-10.6211,-493.4327,0.368584
478.9518,-10.6453,-494.0440,0.368711
479.1225,-10.6692,-494.6505,0.368837
479.2903,-10.6930,-495.2518,0.368959
479.4562,-10.7168,-495.8509,0.369085
479.6185,-10.7406,-496.4425,0.369201
479.7797,-10.7644,-497.0352,0.369324
479.9382,-10.7878,-497.6231,0.369443
480.0951,-10.8109,-498.2103,0.369564
480.2501,-10.8336,-498.7944,0.369685
480.4022,-10.8558,-499.3746,0.369801
480.5516,-10.8774,-499.9547,0.369922
480.6973,-10.8985,-500.5311,0.370044
480.8407,-10.9196,-501.1083,0.370166
480.9789,-10.9400,-501.6730,0.370282
481.1154,-10.9601,-502.2394,0.370395
481.2487,-10.9800,-502.8013,0.370512
481.3783,-10.9995,-503.3561,0.370625
481.5061,-11.0189,-503.9132,0.370737
481.6296,-11.0379,-504.4631,0.370848
481.7489,-11.0567,-505.0115,0.370955
481.8637,-11.0756,-505.5582,0.371067
481.9747,-11.0944,-506.1034,0.371174
482.0814,-11.1132,-506.6425,0.371285
482.1852,-11.1323,-507.1846,0.371391
482.2852,-11.1511,-507.7213,0.371496
482.3813,-11.1699,-508.2531,0.371601
482.4731,-11.1888,-508.7875,0.371704
482.5583,-11.2070,-509.3150,0.371812
482.6353,-11.2251,-509.8407,0.371916
482.7045,-11.2430,-510.3679,0.372017
482.7656,-11.2604,-510.8914,0.372121
482.8192,-11.2777,-511.4137,0.372221
482.8642,-11.2947,-511.9307,0.372322
482.9019,-11.3116,-512.4470,0.372423
482.9325,-11.3284,-512.9606,0.372521
482.9537,-11.3454,-513.4763,0.372621
482.9692,-11.3624,-513.9877,0.372721
482.9779,-11.3792,-514.4967,0.372818
482.9795,-11.3961,-515.0043,0.372919
482.9749,-11.4135,-515.5095,0.373016
482.9630,-11.4315,-516.0134,0.373116
482.9415,-11.4497,-516.5140,0.373208
482.9057,-11.4687,-517.0105,0.373304
482.8621,-11.4874,-517.5029,0.373398
482.8081,-11.5052,-517.9958,0.373493
482.7445,-11.5215,-518.4832,0.373585
482.6718,-11.5376,-518.9678,0.373679
482.5908,-11.5529,-519.4504,0.373774
482.5036,-11.5677,-519.9302,0.373867
482.4129,-11.5820,-520.4119,0.373963
482.3188,-11.5958,-520.8868,0.374051
482.2175,-11.6095,-521.3599,0.374146
482.1123,-11.6229,-521.8322,0.374238
482.0012,-11.6359,-522.2990,0.374329
481.8841,-11.6489,-522.7629,0.374421
481.7597,-11.6616,-523.2250,0.374508
481.6284,-11.6741,-523.6774,0.374600
481.4870,-11.6867,-524.1282,0.374691
481.3250,-11.7014,-524.5740,0.374781
481.1685,-11.7086,-525.0173,0.374867
481.0162,-11.7165,-525.4623,0.374956
480.8457,-11.7201,-525.9057,0.375045
480.6937,-11.7232,-526.3462,0.375130
480.5358,-11.7261,-526.7816,0.375220
480.3685,-11.7282,-527.2104,0.375305
480.1896,-11.7301,-527.6315,0.375393
480.0109,-11.7356,-528.0466,0.375480
479.8098,-11.7389,-528.4535,0.375563
479.6027,-11.7420,-528.8486,0.375648
479.4048,-11.7484,-529.2468,0.375734
479.1796,-11.7565,-529.6332,0.375818
478.9492,-11.7645,-530.0186,0.375903
478.7243,-11.7725,-530.4069,0.375988
478.5052,-11.7806,-530.7991,0.376071
478.3004,-11.7993,-531.1952,0.376156
478.0764,-11.8076,-531.5743,0.376237
477.8419,-11.8163,-531.9467,0.376318
477.5952,-11.8258,-532.3068,0.376401
477.3427,-11.8353,-532.6545,0.376482
477.0806,-11.8454,-532.9988,0.376564
476.8135,-11.8561,-533.3310,0.376644
476.5380,-11.8674,-533.6558,0.376723
476.2561,-11.8792,-533.9744,0.376806
475.9658,-11.8891,-534.2827,0.376885
475.6712,-11.8990,-534.5848,0.376962
475.3701,-11.9087,-534.8802,0.377043
475.0686,-11.9181,-535.1733,0.377122
474.7662,-11.9273,-535.4618,0.377202
474.4589,-11.9364,-535.7466,0.377280
474.1501,-11.9454,-536.0274,0.377357
473.8393,-11.9540,-536.3062,0.377434
473.5176,-11.9487,-536.5679,0.377513
473.2022,-11.9583,-536.8314,0.377590
472.8862,-11.9671,-537.0917,0.377664
472.5639,-11.9759,-537.3475,0.377741
472.2388,-11.9844,-537.5923,0.377819
471.9105,-11.9927,-537.8276,0.377895
471.5788,-12.0006,-538.0571,0.377972
471.2433,-12.0084,-538.2804,0.378045
470.9044,-12.0157,-538.4978,0.378120
470.5532,-12.0231,-538.6865,0.378198
470.2075,-12.0326,-538.8912,0.378271
469.8592,-12.0416,-539.0905,0.378346
469.5036,-12.0506,-539.2850,0.378422
469.1465,-12.0593,-539.4708,0.378499
468.7835,-12.0681,-539.6526,0.378576
468.4124,-12.0771,-539.8327,0.378652
468.0350,-12.0846,-539.9954,0.378729
467.6542,-12.0953,-540.1607,0.378807
467.2674,-12.1055,-540.3253,0.378888
466.8749,-12.1160,-540.4858,0.378965
466.4758,-12.1264,-540.6423,0.379048
466.0753,-12.1377,-540.8173,0.379126
465.6620,-12.1433,-540.9662,0.379211
465.2422,-12.1485,-541.1134,0.379293
464.8214,-12.1513,-541.2767,0.379380
464.3894,-12.1499,-541.4169,0.379464
463.9548,-12.1486,-541.5520,0.379548
463.5113,-12.1466,-541.6830,0.379637
463.0636,-12.1439,-541.8096,0.379723
462.6092,-12.1407,-541.9329,0.379812
462.1499,-12.1369,-542.0515,0.379900
461.6837,-12.1326,-542.1658,0.379994
461.2141,-12.1279,-542.2741,0.380083
460.7401,-12.1228,-542.3777,0.380176
460.2604,-12.1172,-542.4738,0.380269
459.7739,-12.1112,-542.5659,0.380361
459.2845,-12.1047,-542.6508,0.380452
458.7904,-12.0979,-542.7296,0.380548
458.2896,-12.0908,-542.8022,0.380645
457.7838,-12.0834,-542.8680,0.380741
457.2776,-12.0758,-542.9255,0.380841
456.7705,-12.0680,-542.9738,0.380937
456.2530,-12.0599,-543.0142,0.381033
455.7300,-12.0520,-543.0536,0.381133
455.2071,-12.0438,-543.0905,0.381233
454.6813,-12.0355,-543.1227,0.381332
454.1562,-12.0272,-543.1484,0.381430
453.6283,-12.0187,-543.1646,0.381531
453.1020,-12.0098,-543.1700,0.381634
452.5714,-12.0002,-543.1649,0.381733
452.0399,-11.9903,-543.1472,0.381836
451.5065,-11.9800,-543.1233,0.381938
450.9696,-11.9695,-543.0909,0.382040
450.4261,-11.9581,-543.0494,0.382142
449.8798,-11.9462,-543.0018,0.382250
449.3268,-11.9338,-542.9564,0.382355
448.7511,-11.9201,-542.9129,0.382462
448.2046,-11.9070,-542.8719,0.382567
447.6363,-11.8930,-542.8257,0.382675
447.0636,-11.8784,-542.7772,0.382786
446.4906,-11.8634,-542.7244,0.382894
445.9087,-11.8477,-542.6671,0.383004
445.3259,-11.8317,-542.6064,0.383119
444.7379,-11.8151,-542.5419,0.383227
444.1436,-11.7977,-542.4727,0.383344
443.5471,-11.7800,-542.3987,0.383455
442.9478,-11.7621,-542.3202,0.383571
442.3400,-11.7435,-542.2357,0.383684
441.7326,-11.7250,-542.1487,0.383796
441.1195,-11.7059,-542.0577,0.383916
440.4991,-11.6865,-541.9622,0.384032
439.8773,-11.6668,-541.8628,0.384150
439.2485,-11.6468,-541.7583,0.384263
438.6209,-11.6266,-541.6504,0.384382
437.9809,-11.6056,-541.5356,0.384502
437.3432,-11.5844,-541.4181,0.384621
436.7027,-11.5629,-541.2961,0.384740
436.0523,-11.5408,-541.1684,0.384862
435.4016,-11.5187,-541.0368,0.384978
434.7451,-11.4962,-540.8998,0.385104
434.0842,-11.4738,-540.7581,0.385223
433.4188,-11.4515,-540.6111,0.385349
432.7511,-11.4293,-540.4594,0.385475
432.0807,-11.4073,-540.3018,0.385598
431.4026,-11.3849,-540.1393,0.385723
430.7257,-11.3621,-539.9727,0.385852
430.0411,-11.3384,-539.7999,0.385980
429.3510,-11.3140,-539.6215,0.386109
428.6621,-11.2894,-539.4393,0.386236
427.9638,-11.2644,-539.2503,0.386369
427.2660,-11.2392,-539.0573,0.386500
426.5623,-11.2133,-538.8569,0.386633
425.8536,-11.1874,-538.6517,0.386764
425.1458,-11.1617,-538.4423,0.386902
424.4299,-11.1359,-538.2272,0.387036
423.7101,-11.1099,-538.0090,0.387172
422.9863,-11.0840,-537.7883,0.387308
422.2559,-11.0579,-537.5643,0.387443
421.5222,-11.0318,-537.3381,0.387586
420.7849,-11.0054,-537.1095,0.387725
420.0408,-10.9789,-536.8792,0.387865
419.2915,-10.9523,-536.6476,0.388007
418.5407,-10.9256,-536.4155,0.388152
417.7822,-10.8984,-536.1812,0.388293
417.0215,-10.8710,-535.9460,0.388440
416.2584,-10.8433,-535.7103,0.388583
415.4876,-10.8149,-535.4727,0.388728
414.7150,-10.7862,-535.2350,0.388878
413.9403,-10.7568,-534.9971,0.389024
413.1567,-10.7270,-534.7567,0.389171
412.3742,-10.6971,-534.5172,0.389318
411.5872,-10.6671,-534.2769,0.389465
410.7950,-10.6367,-534.0353,0.389611
410.0005,-10.6059,-533.7936,0.389761
409.2053,-10.5750,-533.5520,0.389912
408.4005,-10.5433,-533.3083,0.390058
407.5942,-10.5115,-533.0646,0.390209
406.7865,-10.4794,-532.8206,0.390358
405.9722,-10.4473,-532.5754,0.390507
405.1592,-10.4158,-532.3307,0.390655
404.3423,-10.3846,-532.0854,0.390801
403.5197,-10.3534,-531.8389,0.390954
402.6962,-10.3221,-531.5928,0.391104
401.8692,-10.2912,-531.3458,0.391253
401.0321,-10.2604,-531.0967,0.391406
400.2014,-10.2299,-530.8499,0.391557
399.3614,-10.1991,-530.6009,0.391707
398.5158,-10.1680,-530.3508,0.391861
397.6711,-10.1366,-530.1022,0.392017
396.8201,-10.1052,-529.8524,0.392173
395.9633,-10.0740,-529.6021,0.392326
395.1083,-10.0429,-529.3532,0.392483
394.2452,-10.0118,-529.1028,0.392636
393.3772,-9.9807,-528.8516,0.392795
392.5081,-9.9494,-528.6004,0.392950
391.6314,-9.9209,-528.3477,0.393110
390.7507,-9.8916,-528.0944,0.393268
389.8659,-9.8622,-527.8406,0.393425
388.9766,-9.8320,-527.5865,0.393588
388.0832,-9.8008,-527.3317,0.393749
387.1851,-9.7684,-527.0761,0.393910
386.2765,-9.7336,-526.8187,0.394075
385.3703,-9.6967,-526.5625,0.394236
384.4552,-9.6580,-526.3045,0.394401
383.5361,-9.6184,-526.0462,0.394568
382.6088,-9.5780,-525.7865,0.394732
381.6811,-9.5366,-525.5275,0.394900
380.7415,-9.4932,-525.2667,0.395071
379.8034,-9.4480,-525.0074,0.395241
378.8597,-9.4011,-524.7475,0.395410
377.9107,-9.3534,-524.4869,0.395578
376.9508,-9.3036,-524.2242,0.395750
375.9929,-9.2523,-523.9627,0.395924
375.0256,-9.1993,-523.6998,0.396092
374.0552,-9.1454,-523.4370,0.396271
373.0827,-9.0911,-523.1744,0.396441
372.1028,-9.0361,-522.9110,0.396619
371.1195,-8.9794,-522.6476,0.396789
370.1326,-8.9215,-522.3840,0.396970
369.1406,-8.8624,-522.1202,0.397148
368.1432,-8.8014,-521.8558,0.397325
367.1458,-8.7388,-521.5933,0.397501
366.1401,-8.6745,-521.3304,0.397680
365.1319,-8.6098,-521.0686,0.397864
364.1171,-8.5449,-520.8066,0.398046
363.0954,-8.4792,-520.5454,0.398225
362.0730,-8.4127,-520.2859,0.398412
361.0512,-8.3449,-520.0290,0.398589
360.0215,-8.2759,-519.7726,0.398778
358.9871,-8.2058,-519.5174,0.398961
357.9478,-8.1347,-519.2632,0.399148
356.9070,-8.0618,-519.0110,0.399332
355.8564,-7.9873,-518.7593,0.399520
354.8011,-7.9119,-518.5092,0.399707
353.7487,-7.8371,-518.2615,0.399893
352.6914,-7.7624,-518.0146,0.400084
351.6319,-7.6871,-517.7693,0.400271
350.5610,-7.6103,-517.5236,0.400462
349.4918,-7.5329,-517.2808,0.400651
348.4210,-7.4556,-517.0397,0.400846
347.3447,-7.3782,-516.7996,0.401034
346.2681,-7.3014,-516.5617,0.401226
345.1867,-7.2237,-516.3253,0.401419
344.1062,-7.1453,-516.0916,0.401613
343.0223,-7.0664,-515.8591,0.401803
341.9405,-6.9882,-515.6289,0.401997
340.8502,-6.9102,-515.3987,0.402188
339.7659,-6.8331,-515.1719,0.402380
338.6700,-6.7552,-514.9449,0.402581
337.5840,-6.6783,-514.7222,0.402767
336.4893,-6.6018,-514.5000,0.402971
335.3880,-6.5261,-514.2775,0.403162
334.2965,-6.4530,-514.0585,0.403354
333.1963,-6.3813,-513.8395,0.403552
332.0938,-6.3111,-513.6212,0.403751
330.9919,-6.2432,-513.4043,0.403947
329.8811,-6.1756,-513.1868,0.404142
328.7732,-6.1088,-512.9712,0.404342
327.6601,-6.0423,-512.7563,0.404540
326.5398,-5.9765,-512.5416,0.404739
325.4232,-5.9122,-512.3291,0.404937
324.3004,-5.8479,-512.1172,0.405131
323.1726,-5.7837,-511.9062,0.405331
322.0432,-5.7198,-511.6970,0.405536
320.9165,-5.6563,-511.4901,0.405732
319.7751,-5.5923,-511.2822,0.405933
318.6349,-5.5280,-511.0763,0.406135
317.5005,-5.4638,-510.8730,0.406336
316.3480,-5.3984,-510.6682,0.406539
315.2034,-5.3332,-510.4668,0.406742
314.0569,-5.2677,-510.2668,0.406941
312.9064,-5.2001,-510.0682,0.407143
311.7518,-5.1310,-509.8706,0.407346
310.5991,-5.0617,-509.6753,0.407547
309.4419,-4.9926,-509.4808,0.407752
308.2858,-4.9247,-509.2878,0.407954
307.1244,-4.8572,-509.0961,0.408155
305.9658,-4.7909,-508.9068,0.408363
304.8006,-4.7247,-508.7183,0.408563
303.6354,-4.6591,-508.5317,0.408767
302.4677,-4.5936,-508.3465,0.408971
301.2976,-4.5281,-508.1632,0.409178
300.1288,-4.4623,-507.9839,0.409378
298.9532,-4.3948,-507.8076,0.409587
297.7748,-4.3265,-507.6345,0.409793
296.6021,-4.2587,-507.4656,0.409994
295.4194,-4.1924,-507.2987,0.410205
294.2424,-4.1279,-507.1352,0.410406
293.0607,-4.0641,-506.9746,0.410610
291.8810,-4.0005,-506.8181,0.410821
290.6937,-3.9370,-506.6649,0.411027
289.5076,-3.8751,-506.5162,0.411235
288.3193,-3.8143,-506.3700,0.411446
287.1307,-3.7538,-506.2274,0.411648
285.9404,-3.6939,-506.0886,0.411857
284.7474,-3.6336,-505.9538,0.412063
283.5542,-3.5729,-505.8239,0.412269
282.3595,-3.5127,-505.6989,0.412480
281.1645,-3.4541,-505.5789,0.412687
279.9667,-3.3970,-505.4636,0.412891
278.7687,-3.3402,-505.3519,0.413097
277.5692,-3.2832,-505.2436,0.413306
276.3701,-3.2274,-505.1389,0.413518
275.1706,-3.1723,-505.0377,0.413727
273.9640,-3.1173,-504.9395,0.413935
272.7566,-3.0632,-504.8455,0.414146
271.5443,-3.0107,-504.7555,0.414353
270.3531,-2.9606,-504.6704,0.414560
269.1447,-2.9108,-504.5871,0.414771
267.9384,-2.8618,-504.5063,0.414981
266.7314,-2.8143,-504.4274,0.415190
265.5219,-2.7682,-504.3501,0.415396
264.3096,-2.7235,-504.2754,0.415608
263.0974,-2.6803,-504.2041,0.415819
261.8856,-2.6383,-504.1364,0.416027
260.6721,-2.5971,-504.0721,0.416239
259.4561,-2.5562,-504.0100,0.416449
258.2434,-2.5164,-503.9502,0.416658
257.0272,-2.4776,-503.8922,0.416868
255.8082,-2.4390,-503.8364,0.417079
254.5906,-2.4011,-503.7831,0.417291
253.3701,-2.3638,-503.7317,0.417501
252.1483,-2.3272,-503.6818,0.417712
250.9230,-2.2916,-503.6334,0.417924
249.7047,-2.2560,-503.5865,0.418136
248.4813,-2.2196,-503.5412,0.418345
247.2545,-2.1822,-503.4974,0.418559
246.0344,-2.1445,-503.4554,0.418771
244.8036,-2.1065,-503.4150,0.418982
243.5765,-2.0686,-503.3764,0.419190
242.3525,-2.0307,-503.3399,0.419404
241.1190,-1.9935,-503.3050,0.419616
239.8888,-1.9583,-503.2723,0.419830
238.6601,-1.9240,-503.2410,0.420042
237.4282,-1.8903,-503.2117,0.420252
236.1923,-1.8572,-503.1855,0.420470
234.9593,-1.8245,-503.1626,0.420681
233.7268,-1.7917,-503.1428,0.420892
232.4832,-1.7600,-503.1261,0.421106
231.2514,-1.7293,-503.1126,0.421318
230.0120,-1.7002,-503.1028,0.421534
228.7651,-1.6718,-503.0961,0.421747
227.5337,-1.6437,-503.0929,0.421962
226.2931,-1.6157,-503.0933,0.422175
225.0520,-1.5883,-503.0974,0.422389
223.8088,-1.5611,-503.1048,0.422608
222.5690,-1.5349,-503.1158,0.422821
221.3234,-1.5094,-503.1305,0.423040
220.0803,-1.4845,-503.1488,0.423251
218.8352,-1.4596,-503.1701,0.423464
217.5885,-1.4338,-503.1949,0.423684
216.3463,-1.4077,-503.2233,0.423898
215.1018,-1.3817,-503.2554,0.424116
213.8567,-1.3564,-503.2903,0.424333
212.6098,-1.3325,-503.3273,0.424549
211.3674,-1.3097,-503.3668,0.424768
210.1169,-1.2873,-503.4093,0.424982
208.8719,-1.2659,-503.4539,0.425201
207.6229,-1.2459,-503.5010,0.425418
206.3649,-1.2271,-503.5508,0.425636
205.1284,-1.2093,-503.6011,0.425855
203.8778,-1.1922,-503.6530,0.426069
202.6271,-1.1764,-503.7060,0.426287
201.3757,-1.1622,-503.7604,0.426508
200.1244,-1.1477,-503.8175,0.426723
198.8710,-1.1327,-503.8777,0.426940
197.6158,-1.1183,-503.9404,0.427158
196.3631,-1.1050,-504.0056,0.427376
195.1044,-1.0930,-504.0734,0.427597
193.8542,-1.0822,-504.1425,0.427807
192.5973,-1.0728,-504.2133,0.428027
191.3390,-1.0651,-504.2856,0.428250
190.0836,-1.0599,-504.3588,0.428464
188.8241,-1.0568,-504.4334,0.428683
187.5696,-1.0537,-504.5091,0.428903
186.3097,-1.0507,-504.5871,0.429120
185.0509,-1.0485,-504.6668,0.429339
183.7875,-1.0473,-504.7482,0.429558
182.5298,-1.0472,-504.8306,0.429777
181.2630,-1.0484,-504.9152,0.429994
180.0017,-1.0513,-505.0018,0.430213
178.7429,-1.0559,-505.0906,0.430432
177.4792,-1.0609,-505.1814,0.430647
176.2172,-1.0661,-505.2739,0.430869
174.9573,-1.0706,-505.3687,0.431089
173.7016,-1.0756,-505.4663,0.431305
172.4473,-1.0811,-505.5670,0.431526
171.1954,-1.0875,-505.6705,0.431742
169.9488,-1.0934,-505.7765,0.431956
168.6983,-1.0997,-505.8862,0.432174
167.4574,-1.1063,-505.9978,0.432387
166.2158,-1.1140,-506.1123,0.432602
164.9760,-1.1221,-506.2290,0.432821
163.7395,-1.1295,-506.3474,0.433036
162.5072,-1.1367,-506.4676,0.433247
161.2760,-1.1446,-506.5905,0.433464
160.0511,-1.1540,-506.7152,0.433677
158.8267,-1.1644,-506.8420,0.433892
157.6003,-1.1752,-506.9721,0.434107
156.3839,-1.1864,-507.1039,0.434319
155.1628,-1.1985,-507.2394,0.434532
153.9426,-1.2105,-507.3777,0.434749
152.7330,-1.2211,-507.5170,0.434959
151.5253,-1.2304,-507.6586,0.435170
150.3158,-1.2391,-507.8031,0.435385
149.1139,-1.2487,-507.9493,0.435594
147.9127,-1.2592,-508.0980,0.435808
146.7107,-1.2702,-508.2483,0.436015
145.5150,-1.2817,-508.3987,0.436226
144.3211,-1.2924,-508.5493,0.436439
143.1287,-1.3017,-508.7005,0.436645
141.9380,-1.3099,-508.8523,0.436858
140.7506,-1.3181,-509.0044,0.437065
139.5658,-1.3267,-509.1567,0.437274
138.3850,-1.3356,-509.3089,0.437486
137.2060,-1.3453,-509.4614,0.437691
136.0252,-1.3564,-509.6146,0.437905
134.8537,-1.3690,-509.7665,0.438108
133.6798,-1.3828,-509.9185,0.438315
132.5053,-1.3965,-510.0701,0.438525
131.3370,-1.4095,-510.2202,0.438727
130.1707,-1.4227,-510.3691,0.438936
129.0067,-1.4355,-510.5173,0.439142
127.8510,-1.4486,-510.6640,0.439343
126.6997,-1.4623,-510.8101,0.439547
125.5496,-1.4761,-510.9555,0.439750
124.4093,-1.4891,-511.0994,0.439954
123.2743,-1.5015,-511.2422,0.440153
122.1404,-1.5135,-511.3849,0.440353
121.0142,-1.5253,-511.5262,0.440551
119.8935,-1.5359,-511.6665,0.440752
118.7757,-1.5451,-511.8062,0.440946
117.6699,-1.5535,-511.9442,0.441141
116.5661,-1.5625,-512.0815,0.441337
115.4659,-1.5724,-512.2183,0.441530
114.3726,-1.5824,-512.3537,0.441722
113.2883,-1.5913,-512.4877,0.441917
112.2046,-1.5994,-512.6208,0.442105
111.1344,-1.6070,-512.7514,0.442293
110.0681,-1.6138,-512.8807,0.442485
109.0080,-1.6207,-513.0087,0.442671
107.9560,-1.6280,-513.1349,0.442854
106.9085,-1.6351,-513.2595,0.443044
105.8614,-1.6417,-513.3825,0.443226
104.8220,-1.6480,-513.5027,0.443407
103.7845,-1.6542,-513.6210,0.443594
102.7552,-1.6605,-513.7363,0.443776
101.7232,-1.6667,-513.8501,0.443961
100.7000,-1.6733,-513.9609,0.444141
99.6865,-1.6793,-514.0687,0.444320
98.6712,-1.6855,-514.1746,0.444503
97.6621,-1.6918,-514.2767,0.444680
96.6616,-1.6984,-514.3753,0.444862
95.6638,-1.7047,-514.4706,0.445038
94.6726,-1.7104,-514.5624,0.445214
93.6824,-1.7153,-514.6509,0.445389
92.7002,-1.7189,-514.7387,0.445568
91.7209,-1.7215,-514.8258,0.445742
90.7461,-1.7237,-514.9118,0.445920
89.7813,-1.7260,-514.9962,0.446095
88.8149,-1.7286,-515.0799,0.446265
87.8597,-1.7313,-515.1617,0.446439
86.9071,-1.7342,-515.2409,0.446608
85.9656,-1.7366,-515.3163,0.446776
85.0268,-1.7387,-515.3882,0.446945
84.0921,-1.7404,-515.4567,0.447115
83.1680,-1.7417,-515.5205,0.447278
82.2521,-1.7428,-515.5801,0.447448
81.3445,-1.7438,-515.6353,0.447611
80.4396,-1.7450,-515.6868,0.447774
79.5403,-1.7464,-515.7347,0.447932
78.6532,-1.7480,-515.7784,0.448096
77.7649,-1.7494,-515.8186,0.448256
76.8886,-1.7504,-515.8553,0.448413
76.0188,-1.7515,-515.8877,0.448569
75.1517,-1.7525,-515.9155,0.448720
74.2963,-1.7537,-515.9384,0.448876
73.4470,-1.7552,-515.9561,0.449030
72.6031,-1.7569,-515.9681,0.449182
71.7658,-1.7581,-515.9747,0.449329
70.9373,-1.7583,-515.9756,0.449478
70.1117,-1.7577,-515.9728,0.449624
69.2939,-1.7566,-515.9655,0.449773
68.4822,-1.7555,-515.9535,0.449918
67.6770,-1.7548,-515.9366,0.450062
66.8754,-1.7544,-515.9149,0.450205
66.0815,-1.7539,-515.8882,0.450349
65.2913,-1.7531,-515.8566,0.450487
64.5066,-1.7519,-515.8191,0.450629
63.7285,-1.7499,-515.7776,0.450768
62.9514,-1.7477,-515.7311,0.450908
62.1844,-1.7455,-515.6790,0.451043
61.4208,-1.7435,-515.6211,0.451179
60.6591,-1.7416,-515.5575,0.451316
59.9046,-1.7392,-515.4886,0.451448
59.1553,-1.7358,-515.4144,0.451583
58.4119,-1.7308,-515.3339,0.451718
57.6672,-1.7248,-515.2491,0.451850
56.9357,-1.7173,-515.1602,0.451983
56.2038,-1.7084,-515.0656,0.452115
55.4755,-1.6980,-514.9642,0.452245
54.7551,-1.6870,-514.8530,0.452374
54.0396,-1.6753,-514.7318,0.452504
53.3298,-1.6629,-514.6016,0.452633
52.6243,-1.6497,-514.4610,0.452762
51.9253,-1.6361,-514.3140,0.452888
51.2297,-1.6222,-514.1594,0.453017
50.5380,-1.6084,-513.9974,0.453143
49.8492,-1.5948,-513.8278,0.453269
49.1657,-1.5813,-513.6510,0.453396
48.4875,-1.5677,-513.4703,0.453520
47.8037,-1.5538,-513.2864,0.453645
47.1325,-1.5400,-513.1031,0.453770
46.4599,-1.5261,-512.9149,0.453891
45.7889,-1.5123,-512.7234,0.454017
45.1225,-1.4964,-512.5145,0.454139
44.4576,-1.4770,-512.3150,0.454263
43.7986,-1.4585,-512.1154,0.454384
43.1235,-1.4445,-511.9279,0.454507
42.4769,-1.4218,-511.7185,0.454629
41.8222,-1.4041,-511.5213,0.454750
41.1551,-1.3948,-511.3323,0.454870
40.5246,-1.3677,-511.1193,0.454989
39.8835,-1.3493,-510.9102,0.455108
39.2281,-1.3460,-510.7033,0.455228
38.6114,-1.3112,-510.4732,0.455348
37.9678,-1.2950,-510.2600,0.455465
37.3416,-1.2943,-510.0342,0.455583
36.7348,-1.2519,-509.7956,0.455701
36.1036,-1.2365,-509.5687,0.455818
35.4907,-1.2343,-509.3260,0.455935
34.9030,-1.1869,-509.0715,0.456051
34.2871,-1.1767,-508.8268,0.456165
33.6898,-1.1726,-508.5640,0.456281
33.1051,-1.1169,-508.2968,0.456397
32.5235,-1.1112,-508.0204,0.456512
31.9439,-1.1046,-507.7360,0.456626
31.4217,-1.0564,-507.3789,0.456740
30.8555,-1.0203,-507.0887,0.456854
30.2979,-0.9843,-506.7909,0.456967
29.7365,-0.9501,-506.4892,0.457080
29.1821,-0.9181,-506.1892,0.457192
28.6277,-0.8875,-505.8856,0.457304
28.0764,-0.8572,-505.5752,0.457416
27.5237,-0.8409,-505.2802,0.457527
26.9736,-0.8310,-504.9854,0.457639
26.4236,-0.8275,-504.6814,0.457749
25.8681,-0.8306,-504.3723,0.457859
25.3358,-0.8009,-504.0490,0.457970
24.8023,-0.7705,-503.7206,0.458080
24.2783,-0.7398,-503.3918,0.458190
23.7597,-0.7085,-503.0586,0.458298
23.2429,-0.6764,-502.7213,0.458408
22.7315,-0.6440,-502.3834,0.458518
22.2232,-0.6111,-502.0418,0.458626
21.7074,-0.5609,-501.6913,0.458734
21.2066,-0.4973,-501.3486,0.458842
20.7007,-0.4832,-501.0027,0.458951
20.1978,-0.4686,-500.6599,0.459058
19.6959,-0.4032,-500.3206,0.459167
19.1979,-0.3891,-499.9755,0.459274
18.7245,-0.3358,-499.6281,0.459382
18.2190,-0.3073,-499.2807,0.459488
17.7347,-0.2930,-498.9272,0.459594
17.2745,-0.2400,-498.5730,0.459702
16.7725,-0.2110,-498.2164,0.459808
16.3131,-0.1749,-497.8557,0.459915
15.8375,-0.1420,-497.4896,0.460022
15.3492,-0.1134,-497.1187,0.460128
14.9032,-0.0751,-496.7437,0.460235
14.4294,-0.0369,-496.3738,0.460343
13.9649,-0.0003,-495.9902,0.460449
13.5047,0.0339,-495.6062,0.460555
13.0455,0.0667,-495.2195,0.460663
12.5863,0.0986,-494.8275,0.460769
12.1275,0.1298,-494.4308,0.460875
11.6722,0.1602,-494.0337,0.460984
11.2123,0.1907,-493.6318,0.461093
10.7552,0.2209,-493.2300,0.461197
10.2956,0.2511,-492.8222,0.461308
9.8384,0.2812,-492.4129,0.461415
9.3836,0.3111,-492.0011,0.461523
8.9248,0.3410,-491.5811,0.461635
8.4719,0.3705,-491.1622,0.461744
8.0181,0.4001,-490.7385,0.461854
7.5645,0.4298,-490.3113,0.461965
7.1094,0.4596,-489.8784,0.462077
6.6561,0.4894,-489.4454,0.462187
6.2020,0.5192,-489.0076,0.462300
5.7469,0.5491,-488.5648,0.462413
5.2957,0.5786,-488.1218,0.462526
4.8414,0.6078,-487.6713,0.462641
4.3894,0.6365,-487.2197,0.462754
3.9359,0.6652,-486.7627,0.462869
3.4816,0.6936,-486.3013,0.462984
3.0303,0.7216,-485.8388,0.463099
2.5741,0.7498,-485.3690,0.463217
2.1185,0.7777,-484.8962,0.463334
1.6637,0.8051,-484.4207,0.463450
1.2069,0.8325,-483.9394,0.463569
0.7492,0.8601,-483.4536,0.463685
0.2912,0.8879,-482.9634,0.463805
-0.1776,0.9170,-482.4568,0.463927
-0.6265,0.9451,-481.9683,0.464047
-1.0867,0.9745,-481.4638,0.464168
-1.5482,1.0040,-480.9538,0.464292
-2.0096,1.0333,-480.4401,0.464416
-2.4708,1.0618,-479.9226,0.464540
-2.9351,1.0903,-479.3974,0.464666
-3.3982,1.1182,-478.8701,0.464792
-3.8647,1.1461,-478.3374,0.464917
-4.3342,1.1745,-477.7999,0.465046
-4.8041,1.2033,-477.2605,0.465174
-5.2774,1.2330,-476.7150,0.465304
-5.7538,1.2634,-476.1647,0.465436
-6.2299,1.2942,-475.6139,0.465566
-6.7115,1.3256,-475.0568,0.465698
-7.1965,1.3572,-474.4963,0.465831
-7.6830,1.3887,-473.9344,0.465965
-8.1732,1.4201,-473.3680,0.466097
-8.6657,1.4515,-472.7991,0.466233
-9.1619,1.4831,-472.2258,0.466370
-9.6588,1.5147,-471.6518,0.466505
-10.1597,1.5466,-471.0731,0.466642
-10.6652,1.5790,-470.4892,0.466782
-11.1704,1.6118,-469.9051,0.466921
-11.6801,1.6452,-469.3156,0.467061
-12.1927,1.6789,-468.7223,0.467203
-12.7059,1.7125,-468.1276,0.467342
-13.2228,1.7464,-467.5289,0.467483
-13.7427,1.7803,-466.9264,0.467623
-14.2643,1.8141,-466.3223,0.467767
-14.7905,1.8482,-465.7130,0.467911
-15.3199,1.8823,-465.1009,0.468054
-15.8501,1.9164,-464.4881,0.468197
-16.3873,1.9501,-463.8685,0.468343
-16.9239,1.9856,-463.2500,0.468487
-17.4647,2.0212,-462.6271,0.468633
-18.0097,2.0571,-461.9995,0.468780
-18.5554,2.0929,-461.3715,0.468926
-19.1041,2.1287,-460.7405,0.469073
-19.6568,2.1646,-460.1049,0.469221
-20.2108,2.2003,-459.4677,0.469368
-20.7654,2.2358,-458.8296,0.469515
-21.3231,2.2715,-458.1877,0.469666
-21.8766,2.3070,-457.5504,0.469812
-22.4303,2.3424,-456.9129,0.469960
-22.9840,2.3775,-456.2754,0.470106
-23.5339,2.4122,-455.6423,0.470252
-24.0835,2.4464,-455.0100,0.470397
-24.6349,2.4806,-454.3757,0.470543
-25.1827,2.5145,-453.7455,0.470688
-25.7293,2.5481,-453.1173,0.470833
-26.2780,2.5818,-452.4874,0.470977
-26.8233,2.6152,-451.8620,0.471119
-27.3700,2.6485,-451.2357,0.471264
-27.9136,2.6814,-450.6139,0.471405
-28.4580,2.7141,-449.9918,0.471548
-29.0007,2.7462,-449.3730,0.471690
-29.5442,2.7780,-448.7551,0.471833
-30.0873,2.8091,-448.1399,0.471973
-30.6326,2.8402,-447.5244,0.472116
-31.1756,2.8711,-446.9131,0.472256
-31.7177,2.9020,-446.3046,0.472396
-32.2608,2.9326,-445.6968,0.472539
-32.8042,2.9625,-445.0907,0.472680
-33.3452,2.9916,-444.4890,0.472818
-33.8905,3.0200,-443.8848,0.472958
-34.4334,3.0477,-443.2859,0.473097
-34.9778,3.0745,-442.6901,0.473236
-35.5237,3.1012,-442.0968,0.473376
-36.0703,3.1276,-441.5070,0.473514
-36.6189,3.1541,-440.9189,0.473651
-37.1690,3.1807,-440.3333,0.473790
-37.7184,3.2077,-439.7520,0.473928
-38.2716,3.2353,-439.1717,0.474065
-38.8258,3.2629,-438.5980,0.474200
-39.3836,3.2910,-438.0308,0.474337
-39.9492,3.3193,-437.4629,0.474473
-40.5116,3.3474,-436.9060,0.474607
-41.0783,3.3752,-436.3523,0.474744
-41.6509,3.4029,-435.8000,0.474877
-42.2199,3.4297,-435.2584,0.475012
-42.7941,3.4562,-434.7194,0.475146
-43.3715,3.4822,-434.1851,0.475279
-43.9529,3.5078,-433.6568,0.475412
-44.5388,3.5333,-433.1313,0.475548
-45.1257,3.5585,-432.6131,0.475680
-45.7140,3.5835,-432.1015,0.475813
-46.3043,3.6080,-431.5956,0.475945
-46.9028,3.6327,-431.0899,0.476077
-47.4965,3.6570,-430.5961,0.476209
-48.0967,3.6815,-430.1048,0.476341
-48.7033,3.7065,-429.6174,0.476471
-49.3032,3.7314,-429.1418,0.476600
-49.9113,3.7567,-428.6664,0.476729
-50.5173,3.7821,-428.1961,0.476858
-51.1230,3.8081,-427.7293,0.476987
-51.7298,3.8347,-427.2662,0.477116
-52.3426,3.8622,-426.8037,0.477245
-52.9522,3.8904,-426.3520,0.477373
-53.5682,3.9198,-425.9049,0.477501
-54.1896,3.9505,-425.4638,0.477627
-54.8086,3.9812,-425.0314,0.477751
-55.4345,4.0120,-424.6020,0.477878
-56.0614,4.0425,-424.1792,0.478003
-56.6899,4.0727,-423.7639,0.478129
-57.3247,4.1024,-423.3542,0.478254
-57.9657,4.1316,-422.9502,0.478380
-58.6077,4.1594,-422.5558,0.478506
-59.2533,4.1858,-422.1709,0.478631
-59.9076,4.2121,-421.7881,0.478758
-60.5587,4.2370,-421.4165,0.478888
-61.2162,4.2611,-421.0510,0.479014
-61.8789,4.2843,-420.6919,0.479139
-62.5448,4.3067,-420.3405,0.479266
-63.2128,4.3287,-419.9975,0.479392
-63.8886,4.3507,-419.6601,0.479521
-64.5651,4.3724,-419.3342,0.479647
-65.2420,4.3944,-419.0153,0.479771
-65.9265,4.4167,-418.6979,0.479898
-66.6054,4.4393,-418.3880,0.480022
-67.2886,4.4621,-418.0823,0.480149
-67.9781,4.4855,-417.7804,0.480272
-68.6649,4.5091,-417.4865,0.480399
-69.3580,4.5328,-417.1967,0.480522
-70.0541,4.5566,-416.9135,0.480648
-70.7508,4.5803,-416.6350,0.480773
-71.4482,4.6040,-416.3624,0.480901
-72.1518,4.6277,-416.0933,0.481025
-72.8547,4.6512,-415.8317,0.481151
-73.5633,4.6747,-415.5760,0.481275
-74.2749,4.6980,-415.3267,0.481400
-74.9858,4.7212,-415.0852,0.481527
-75.7057,4.7444,-414.8493,0.481652
-76.4248,4.7676,-414.6196,0.481776
-77.1432,4.7908,-414.3969,0.481901
-77.8633,4.8145,-414.1769,0.482030
-78.5865,4.8388,-413.9567,0.482154
-79.3075,4.8634,-413.7398,0.482280
-80.0280,4.8884,-413.5262,0.482404
-80.7519,4.9142,-413.3147,0.482531
-81.4790,4.9409,-413.1058,0.482656
-82.2088,4.9684,-412.9015,0.482785
-82.9399,4.9963,-412.7024,0.482909
-83.6696,5.0240,-412.5102,0.483036
-84.4043,5.0514,-412.3219,0.483161
-85.1440,5.0781,-412.1381,0.483288
-85.8802,5.1037,-411.9616,0.483416
-86.6226,5.1285,-411.7904,0.483542
-87.3695,5.1525,-411.6257,0.483672
-88.1149,5.1754,-411.4702,0.483799
-88.8649,5.1980,-411.3200,0.483929
-89.6205,5.2202,-411.1772,0.484058
-90.3735,5.2418,-411.0438,0.484187
-91.1289,5.2633,-410.9189,0.484315
-91.8930,5.2848,-410.8011,0.484442
-92.6522,5.3061,-410.6923,0.484567
-93.4140,5.3276,-410.5912,0.484693
-94.1847,5.3494,-410.4987,0.484826
-94.9487,5.3711,-410.4140,0.484949
-95.7230,5.3931,-410.3369,0.485082
-96.4937,5.4148,-410.2692,0.485207
-97.2710,5.4365,-410.2093,0.485339
-98.0470,5.4578,-410.1577,0.485467
-98.8291,5.4790,-410.1132,0.485597
-99.6097,5.5001,-410.0769,0.485729
-100.3913,5.5212,-410.0491,0.485859
-101.1829,5.5429,-410.0310,0.485989
-101.9688,5.5648,-410.0202,0.486121
-102.7584,5.5873,-410.0172,0.486253
-103.5487,5.6104,-410.0184,0.486384
-104.3360,5.6341,-410.0210,0.486511
-105.1278,5.6590,-410.0265,0.486642
-105.9213,5.6848,-410.0356,0.486774
-106.7148,5.7116,-410.0484,0.486906
-107.5119,5.7396,-410.0656,0.487038
-108.3101,5.7683,-410.0859,0.487172
-109.1094,5.7975,-410.1116,0.487304
-109.9131,5.8267,-410.1444,0.487439
-110.7203,5.8560,-410.1841,0.487574
-111.5237,5.8850,-410.2301,0.487708
-112.3316,5.9142,-410.2825,0.487843
-113.1413,5.9436,-410.3415,0.487977
-113.9519,5.9732,-410.4080,0.488114
-114.7620,6.0036,-410.4797,0.488249
-115.5779,6.0352,-410.5583,0.488385
-116.3884,6.0677,-410.6430,0.488523
-117.2026,6.1011,-410.7350,0.488666
-118.0248,6.1351,-410.8348,0.488804
-118.8349,6.1687,-410.9406,0.488941
-119.6532,6.2028,-411.0550,0.489079
-120.4749,6.2373,-411.1786,0.489221
-121.2898,6.2719,-411.3083,0.489359
-122.1093,6.3070,-411.4476,0.489498
-122.9298,6.3424,-411.5958,0.489645
-123.7482,6.3777,-411.7526,0.489780
-124.5677,6.4131,-411.9186,0.489922
-125.3892,6.4483,-412.0940,0.490065
-126.2114,6.4860,-412.2650,0.490208
-127.0273,6.5264,-412.4585,0.490352
-127.8503,6.5602,-412.6725,0.490491
-128.6564,6.6050,-412.8517,0.490636
-129.4753,6.6441,-413.0502,0.490781
-130.2917,6.6828,-413.2504,0.490923
-131.1158,6.7078,-413.4738,0.491067
-131.9362,6.7320,-413.6870,0.491213
-132.7578,6.7560,-413.9047,0.491357
-133.5679,6.8314,-414.1216,0.491502
-134.3790,6.7985,-414.3391,0.491645
-135.1990,6.8330,-414.5581,0.491792
-136.0349,6.8853,-414.7379,0.491936
-136.8558,6.9366,-414.9549,0.492085
-137.6733,6.9880,-415.1717,0.492229
-138.4812,7.0231,-415.4364,0.492375
-139.3127,7.0573,-415.6647,0.492524
-140.1418,7.0906,-415.8956,0.492671
-140.9756,7.1247,-416.1338,0.492817
-141.8012,7.1586,-416.3775,0.492964
-142.6320,7.1922,-416.6267,0.493111
-143.4620,7.2251,-416.8765,0.493260
-144.2926,7.2577,-417.1302,0.493410
-145.1210,7.2892,-417.3912,0.493558
-145.9472,7.3194,-417.6606,0.493706
-146.7793,7.3498,-417.9383,0.493858
-147.6078,7.3797,-418.2202,0.494007
-148.4328,7.4092,-418.5013,0.494158
-149.2608,7.4385,-418.7832,0.494308
-150.0940,7.4680,-419.0688,0.494460
-150.9196,7.4977,-419.3574,0.494610
-151.7499,7.5286,-419.6558,0.494760
-152.5811,7.5603,-419.9618,0.494913
-153.4077,7.5924,-420.2738,0.495064
-154.2360,7.6260,-420.5957,0.495217
-155.0631,7.6599,-420.9157,0.495368
-155.8929,7.6942,-421.2361,0.495522
-156.7209,7.7289,-421.5573,0.495673
-157.5438,7.7637,-421.8790,0.495825
-158.3754,7.7987,-422.2054,0.495983
-159.2077,7.8334,-422.5318,0.496138
-160.0384,7.8676,-422.8575,0.496294
-160.8687,7.9014,-423.1834,0.496449
-161.7048,7.9346,-423.5121,0.496606
-162.5436,7.9676,-423.8418,0.496762
-163.3786,8.0002,-424.1698,0.496918
-164.2229,8.0330,-424.5018,0.497076
-165.0593,8.0657,-424.8312,0.497232
-165.9029,8.0986,-425.1643,0.497390
-166.7446,8.1316,-425.4977,0.497548
-167.5899,8.1647,-425.8359,0.497708
-168.4361,8.1977,-426.1779,0.497864
-169.2832,8.2316,-426.5214,0.498026
-170.1247,8.2657,-426.8604,0.498184
-170.9743,8.3004,-427.2000,0.498346
-171.8223,8.3354,-427.5373,0.498504
-172.6702,8.3708,-427.8731,0.498664
-173.5238,8.4067,-428.2096,0.498827
-174.3807,8.4436,-428.5469,0.498987
-175.2386,8.4805,-428.8836,0.499149
-176.0951,8.5172,-429.2181,0.499308
-176.9541,8.5536,-429.5520,0.499469
-177.8207,8.5906,-429.8886,0.499632
-178.6789,8.6270,-430.2224,0.499790
-179.5431,8.6634,-430.5597,0.499955
-180.4103,8.6995,-430.8998,0.500116
-181.2732,8.7358,-431.2405,0.500277
-182.1394,8.7722,-431.5852,0.500441
-183.0112,8.8084,-431.9336,0.500604
-183.8758,8.8441,-432.2798,0.500766
-184.7416,8.8798,-432.6265,0.500927
-185.6155,8.9160,-432.9768,0.501093
-186.4858,8.9522,-433.3264,0.501257
-187.3577,8.9877,-433.6780,0.501418
-188.2294,9.0236,-434.0311,0.501584
-189.1030,9.0600,-434.3866,0.501748
-189.9720,9.0955,-434.7412,0.501912
-190.8460,9.1312,-435.0984,0.502078
-191.7230,9.1671,-435.4571,0.502242
-192.5983,9.2029,-435.8156,0.502407
-193.4814,9.2388,-436.1781,0.502574
-194.3569,9.2742,-436.5379,0.502741
-195.2345,9.3095,-436.8994,0.502906
-196.1211,9.3459,-437.2654,0.503072
-196.9979,9.3810,-437.6279,0.503237
-197.8833,9.4160,-437.9939,0.503405
-198.7691,9.4505,-438.3601,0.503573
-199.6508,9.4843,-438.7246,0.503739
-200.5341,9.5179,-439.0896,0.503907
-201.4278,9.5508,-439.4585,0.504077
-202.3161,9.5830,-439.8249,0.504245
-203.2095,9.6155,-440.1927,0.504413
-204.1006,9.6478,-440.5594,0.504582
-204.9930,9.6800,-440.9260,0.504750
-205.8889,9.7129,-441.2939,0.504919
-206.7872,9.7463,-441.6624,0.505090
-207.6837,9.7799,-442.0299,0.505256
-208.5836,9.8142,-442.3987,0.505428
-209.4897,9.8491,-442.7701,0.505599
-210.3885,9.8849,-443.1388,0.505767
-211.2899,9.9214,-443.5092,0.505938
-212.1997,9.9579,-443.8834,0.506111
-213.1020,9.9938,-444.2549,0.506281
-214.0082,10.0295,-444.6287,0.506451
-214.9176,10.0650,-445.0042,0.506621
-215.8289,10.0998,-445.3810,0.506796
-216.7398,10.1334,-445.7583,0.506965
-217.6515,10.1667,-446.1362,0.507140
-218.5622,10.1995,-446.5140,0.507313
-219.4758,10.2317,-446.8934,0.507486
-220.3939,10.2640,-447.2748,0.507660
-221.3057,10.2963,-447.6529,0.507832
-222.2264,10.3300,-448.0344,0.508007
-223.1464,10.3642,-448.4153,0.508180
-224.0635,10.3987,-448.7944,0.508353
-224.9846,10.4342,-449.1748,0.508527
-225.9296,10.4765,-449.5136,0.508704
-226.8526,10.5107,-449.8889,0.508878
-227.7803,10.5457,-450.2643,0.509053
-228.7092,10.5810,-450.6392,0.509228
-229.6408,10.6162,-451.0147,0.509404
-230.5773,10.6514,-451.3913,0.509581
-231.5146,10.6859,-451.7685,0.509756
-232.4486,10.7196,-452.1451,0.509934
-233.3865,10.7525,-452.5245,0.510109
-234.3320,10.7843,-452.9082,0.510288
-235.2669,10.8148,-453.2898,0.510464
-236.2060,10.8448,-453.6752,0.510642
-237.1515,10.8736,-454.0652,0.510820
-238.0886,10.9017,-454.4535,0.510998
-239.0348,10.9301,-454.8465,0.511175
-239.9654,10.9373,-455.2795,0.511356
-240.9068,10.9706,-455.6723,0.511533
-241.8518,11.0049,-456.0695,0.511712
-242.7986,11.0398,-456.4705,0.511891
-243.7463,11.0753,-456.8735,0.512072
-244.6884,11.1111,-457.2757,0.512250
-245.6468,11.1534,-457.6875,0.512430
-246.5714,11.1868,-458.0898,0.512611
-247.5390,11.2718,-458.5119,0.512793
-248.4839,11.3118,-458.9149,0.512974
-249.4334,11.3197,-459.3478,0.513154
-250.3828,11.3551,-459.7669,0.513336
-251.3296,11.3904,-460.1837,0.513516
-252.2699,11.4162,-460.5945,0.513700
-253.2204,11.4488,-461.0084,0.513881
-254.1695,11.4823,-461.4185,0.514062
-255.1309,11.5169,-461.8323,0.514246
-256.0884,11.5517,-462.2411,0.514427
-257.0504,11.5861,-462.6475,0.514609
-258.0137,11.6204,-463.0514,0.514794
-258.9809,11.6555,-463.4538,0.514976
-259.9535,11.6916,-463.8554,0.515160
-260.9220,11.7286,-464.2521,0.515343
-261.8953,11.7663,-464.6479,0.515528
-262.8738,11.8042,-465.0428,0.515713
-263.8518,11.8415,-465.4346,0.515897
-264.8323,11.8784,-465.8248,0.516080
-265.8172,11.9153,-466.2159,0.516266
-266.8000,11.9517,-466.6058,0.516450
-267.7868,11.9878,-466.9969,0.516636
-268.7777,12.0241,-467.3889,0.516822
-269.7655,12.0602,-467.7788,0.517007
-270.7561,12.0970,-468.1700,0.517195
-271.7499,12.1339,-468.5631,0.517381
-272.7449,12.1703,-468.9580,0.517565
-273.7380,12.2064,-469.3539,0.517754
-274.7341,12.2422,-469.7523,0.517939
-275.7256,12.2786,-470.1499,0.518129
-276.7238,12.3020,-470.5599,0.518314
-277.7227,12.3406,-470.9589,0.518502
-278.7278,12.3845,-471.3506,0.518689
-279.7199,12.4311,-471.7496,0.518876
-280.7177,12.4677,-472.1518,0.519065
-281.7137,12.5040,-472.5536,0.519252
-282.7130,12.5408,-472.9568,0.519439
-283.7092,12.5785,-473.3593,0.519630
-284.7050,12.6161,-473.7616,0.519815
-285.7034,12.6538,-474.1650,0.520003
-286.7044,12.6914,-474.5702,0.520193
-287.6992,12.7287,-474.9745,0.520378
-288.6973,12.7663,-475.3820,0.520567
-289.6974,12.8038,-475.7918,0.520755
-290.6911,12.8420,-476.1999,0.520944
-291.6894,12.8804,-476.6113,0.521132
-292.6894,12.9189,-477.0250,0.521321
-293.6839,12.9574,-477.4380,0.521509
-294.6822,12.9965,-477.8539,0.521696
-295.6854,13.0358,-478.2734,0.521886
-296.6780,13.0748,-478.6898,0.522074
-297.6775,13.1145,-479.1103,0.522263
-298.6756,13.1545,-479.5313,0.522449
-299.6729,13.1950,-479.9520,0.522637
-300.6787,13.2357,-480.3776,0.522829
-301.6768,13.2756,-480.8018,0.523019
-302.6747,13.3155,-481.2281,0.523206
-303.6742,13.3559,-481.6577,0.523399
-304.6776,13.3969,-482.0912,0.523588
-305.6768,13.4382,-482.5263,0.523778
-306.6756,13.4789,-482.9639,0.523967
-307.6765,13.5192,-483.4064,0.524156
-308.6780,13.5594,-483.8543,0.524349
-309.6754,13.6006,-484.3052,0.524540
-310.6735,13.6430,-484.7617,0.524733
-311.6744,13.6866,-485.2246,0.524923
-312.6678,13.7299,-485.6854,0.525115
-313.6652,13.7731,-486.1487,0.525306
-314.6649,13.8159,-486.6144,0.525500
-315.6595,13.8580,-487.0789,0.525688
-316.6567,13.8998,-487.5463,0.525880
-317.6520,13.9415,-488.0153,0.526074
-318.6511,13.9834,-488.4890,0.526266
-319.6521,14.0263,-488.9666,0.526459
-320.6465,14.0701,-489.4441,0.526647
-321.6467,14.1144,-489.9264,0.526846
-322.6474,14.1589,-490.4096,0.527038
-323.6399,14.2027,-490.8894,0.527231
-324.6389,14.2461,-491.3736,0.527422
-325.6351,14.2884,-491.8585,0.527613
-326.6325,14.3299,-492.3459,0.527806
-327.6359,14.3714,-492.8380,0.527999
-328.6376,14.4130,-493.3314,0.528194
-329.6356,14.4560,-493.8248,0.528386
-330.6321,14.5017,-494.3199,0.528578
-331.6385,14.5485,-494.8222,0.528774
-332.6349,14.5945,-495.3219,0.528970
-333.6305,14.6391,-495.8228,0.529162
-334.6319,14.6829,-496.3303,0.529355
-335.6308,14.7259,-496.8404,0.529551
-336.6289,14.7686,-497.3553,0.529742
-337.6238,14.8109,-497.8736,0.529936
-338.6212,14.8535,-498.3989,0.530128
-339.6185,14.8963,-498.9290,0.530324
-340.6089,14.9388,-499.4604,0.530518
-341.6017,14.9811,-499.9965,0.530710
-342.5910,15.0225,-500.5342,0.530908
-343.5832,15.0638,-501.0774,0.531103
-344.5728,15.1051,-501.6245,0.531296
-345.5630,15.1473,-502.1776,0.531492
-346.5467,15.1899,-502.7328,0.531685
-347.5326,15.2331,-503.2952,0.531878
-348.5173,15.2760,-503.8606,0.532077
-349.5016,15.3193,-504.4303,0.532273
-350.4803,15.3629,-505.0024,0.532464
-351.4576,15.4074,-505.5798,0.532659
-352.4381,15.4524,-506.1651,0.532860
-353.4106,15.4964,-506.7520,0.533052
-354.3847,15.5396,-507.3470,0.533250
-355.3550,15.5826,-507.9489,0.533447
-356.3211,15.6261,-508.5555,0.533642
-357.2893,15.6701,-509.1716,0.533845
-358.2507,15.7144,-509.7908,0.534038
-359.2135,15.7596,-510.4157,0.534238
-360.1665,15.8048,-511.0393,0.534434
-361.1195,15.8507,-511.6684,0.534628
-362.0737,15.8974,-512.3044,0.534826
-363.0218,15.9446,-512.9432,0.535023
-363.9744,15.9928,-513.5901,0.535222
-364.9174,16.0403,-514.2359,0.535416
-365.9045,16.0894,-514.9167,0.535623
-366.8058,16.1336,-515.5440,0.535813
-367.7481,16.1794,-516.2032,0.536011
-368.6833,16.2247,-516.8627,0.536206
-369.6190,16.2713,-517.5284,0.536404
-370.5563,16.3193,-518.2026,0.536605
-371.4882,16.3691,-518.8790,0.536800
-372.4163,16.4201,-519.5593,0.537000
-373.3426,16.4712,-520.2451,0.537199
-374.2685,16.5213,-520.9355,0.537394
-375.1931,16.5701,-521.6276,0.537595
-376.1099,16.6181,-522.3170,0.537794
-377.0327,16.6662,-523.0142,0.537991
-377.9531,16.7145,-523.7153,0.538190
-378.8666,16.7630,-524.4164,0.538389
-379.7847,16.8115,-525.1264,0.538587
-380.6956,16.8592,-525.8371,0.538788
-381.6091,16.9064,-526.5554,0.538989
-382.5154,16.9540,-527.2740,0.539188
-383.4246,17.0027,-528.0006,0.539389
-384.3280,17.0510,-528.7292,0.539591
-385.2244,17.0984,-529.4584,0.539790
-386.1266,17.1457,-530.1974,0.539990
-387.0223,17.1923,-530.9344,0.540191
-387.9153,17.2383,-531.6735,0.540391
-388.8118,17.2839,-532.4199,0.540589
-389.7029,17.3292,-533.1678,0.540792
-390.5894,17.3744,-533.9188,0.540992
-391.4750,17.4194,-534.6763,0.541193
-392.3587,17.4637,-535.4393,0.541396
-393.2394,17.5072,-536.2079,0.541596
-394.1113,17.5496,-536.9745,0.541798
-394.9806,17.5919,-537.7464,0.542000
-395.8500,17.6344,-538.5248,0.542198
-396.7112,17.6769,-539.3006,0.542402
-397.5724,17.7201,-540.0802,0.542601
-398.4305,17.7636,-540.8616,0.542803
-399.2884,17.8072,-541.6478,0.543003
-400.1375,17.8504,-542.4311,0.543203
-400.9862,17.8936,-543.2181,0.543404
-401.8356,17.9367,-544.0099,0.543607
-402.6804,17.9791,-544.8012,0.543807
-403.5226,18.0209,-545.5939,0.544010
-404.3620,18.0622,-546.3882,0.544209
-405.1986,18.1033,-547.1837,0.544408
-406.0363,18.1446,-547.9843,0.544609
-406.8694,18.1862,-548.7845,0.544809
-407.6969,18.2280,-549.5828,0.545009
-408.5251,18.2702,-550.3864,0.545211
-409.3527,18.3128,-551.1931,0.545409
-410.1745,18.3549,-551.9974,0.545612
-410.9947,18.3963,-552.8007,0.545812
-411.8191,18.4379,-553.6092,0.546013
-412.6377,18.4793,-554.4131,0.546215
-413.4584,18.5204,-555.2197,0.546416
-414.2775,18.5612,-556.0258,0.546615
-415.0920,18.6022,-556.8292,0.546813
-415.9088,18.6440,-557.6371,0.547014
-416.7209,18.6856,-558.4432,0.547212
-417.5338,18.7271,-559.2515,0.547415
-418.3470,18.7685,-560.0611,0.547613
-419.1639,18.8100,-560.8742,0.547816
-419.9697,18.8509,-561.6763,0.548012
-420.7815,18.8928,-562.4837,0.548214
-421.5929,18.9350,-563.2906,0.548415
-422.4010,18.9774,-564.0941,0.548613
-423.2103,19.0200,-564.8979,0.548810
-424.0211,19.0630,-565.7026,0.549012
-424.8285,19.1060,-566.5032,0.549211
-425.6422,19.1493,-567.3091,0.549409
-426.4497,19.1930,-568.1081,0.549610
-427.2597,19.2369,-568.9082,0.549806
-428.0721,19.2811,-569.7100,0.550007
-428.8831,19.3251,-570.5094,0.550206
-429.6910,19.3687,-571.3055,0.550402
-430.5025,19.4123,-572.1052,0.550603
-431.3134,19.4559,-572.9040,0.550801
-432.1205,19.4988,-573.6990,0.551000
-432.9299,19.5417,-574.4961,0.551199
-433.7419,19.5847,-575.2956,0.551398
-434.5481,19.6276,-576.0894,0.551594
-435.3562,19.6709,-576.8848,0.551793
-436.1676,19.7151,-577.6838,0.551992
-436.9721,19.7609,-578.4760,0.552190
-437.7786,19.8055,-579.2708,0.552387
-438.5861,19.8504,-580.0670,0.552586
-439.3923,19.8953,-580.8624,0.552783
-440.1987,19.9403,-581.6582,0.552981
-441.0067,19.9857,-582.4557,0.553181
-441.8101,20.0310,-583.2490,0.553378
-442.6155,20.0761,-584.0447,0.553576
-443.4186,20.1200,-584.8381,0.553772
-444.2237,20.1641,-585.6339,0.553973
-445.0247,20.2068,-586.4261,0.554169
-445.8323,20.2473,-587.2255,0.554368
-446.6315,20.2874,-588.0170,0.554564
-447.4330,20.3271,-588.8116,0.554763
-448.2393,20.3665,-589.6121,0.554961
-449.0364,20.4054,-590.4039,0.555157
-449.8405,20.4461,-591.2031,0.555356
-450.6421,20.4874,-592.0001,0.555553
-451.4398,20.5285,-592.7929,0.555750
-452.2391,20.5708,-593.5873,0.555947
-453.0405,20.6136,-594.3837,0.556144
-453.8396,20.6562,-595.1777,0.556342
-454.6379,20.6992,-595.9713,0.556538
-455.4410,20.7424,-596.7693,0.556737
-456.2374,20.7854,-597.5610,0.556933
-457.0380,20.8299,-598.3568,0.557130
-457.8376,20.8744,-599.1519,0.557328
-458.6324,20.9186,-599.9424,0.557524
-459.4338,20.9626,-600.7399,0.557722
-460.2316,21.0063,-601.5341,0.557918
-461.0272,21.0494,-602.3264,0.558115
-461.8240,21.0912,-603.1204,0.558311
-462.6216,21.1329,-603.9151,0.558508
-463.4179,21.1747,-604.7083,0.558705
-464.2165,21.2169,-605.5029,0.558901
-465.0167,21.2592,-606.2983,0.559101
-465.8115,21.3024,-607.0871,0.559295
-466.6104,21.3473,-607.8784,0.559492
-467.4122,21.3922,-608.6714,0.559691
-468.2082,21.4371,-609.4572,0.559885
-469.0081,21.4823,-610.2450,0.560083
-469.8088,21.5277,-611.0323,0.560280
-470.6099,21.5720,-611.8181,0.560476
-471.4144,21.6160,-612.6058,0.560673
-472.2186,21.6589,-613.3889,0.560870
-473.0221,21.7014,-614.1679,0.561067
-473.8263,21.7434,-614.9478,0.561262
-474.6327,21.7851,-615.7277,0.561458
-475.4414,21.8275,-616.5082,0.561655
-476.2469,21.8688,-617.2867,0.561852
-477.0665,21.9197,-618.0768,0.562049
-477.8736,21.9658,-618.8558,0.562244
-478.6809,22.0115,-619.6356,0.562442
-479.4876,22.0537,-620.3951,0.562638
-480.2938,22.0962,-621.1732,0.562833
-481.1010,22.1390,-621.9536,0.563028
-481.9082,22.1823,-622.7361,0.563227
-482.6964,22.2057,-623.5203,0.563422
-483.5181,22.2510,-624.3207,0.563620
-484.3206,22.2998,-625.1025,0.563815
-485.1252,22.3492,-625.8871,0.564012
-485.9261,22.3986,-626.6694,0.564209
-486.7271,22.4486,-627.4334,0.564405
-487.5260,22.4936,-628.2149,0.564600
-488.3264,22.5390,-628.9981,0.564796
-489.1265,22.5844,-629.7820,0.564991
-489.9267,22.6022,-630.5856,0.565187
-490.7250,22.6524,-631.3685,0.565383
-491.5251,22.7020,-632.1536,0.565579
-492.3208,22.7510,-632.9347,0.565776
-493.1158,22.8046,-633.7156,0.565969
-493.9165,22.8518,-634.4836,0.566166
-494.7087,22.8944,-635.2629,0.566361
-495.5052,22.9378,-636.0471,0.566557
-496.2859,22.9802,-636.8354,0.566754
-497.0961,22.9936,-637.6351,0.566947
-497.8900,23.0430,-638.4189,0.567142
-498.6847,23.0928,-639.2043,0.567338
-499.4742,23.1479,-639.9857,0.567532
-500.2679,23.1989,-640.7718,0.567729
-501.0553,23.2501,-641.5522,0.567922
-501.8437,23.2966,-642.3162,0.568117
-502.6346,23.3418,-643.1016,0.568312
-503.4068,23.3762,-643.8874,0.568508
-504.2123,23.3996,-644.6862,0.568701
-505.0002,23.4496,-645.4667,0.568895
-505.7892,23.5053,-646.2476,0.569089
-506.5787,23.5561,-647.0284,0.569284
-507.3669,23.6073,-647.8067,0.569478
-508.1581,23.6585,-648.5871,0.569673
-508.9440,23.7098,-649.3625,0.569867
-509.7299,23.7569,-650.1193,0.570059
-510.5197,23.8040,-650.8986,0.570253
-511.3089,23.8125,-651.6958,0.570446
-512.0974,23.8634,-652.4730,0.570641
-512.8826,23.9189,-653.2471,0.570834
-513.6688,23.9688,-654.0222,0.571027
-514.4518,24.0183,-654.7949,0.571220
-515.2351,24.0674,-655.5685,0.571412
-516.0176,24.1156,-656.3422,0.571603
-516.7945,24.1628,-657.1121,0.571795
-517.5771,24.2101,-657.8907,0.571989
-518.3508,24.2528,-658.6439,0.572180
-519.1249,24.2570,-659.4370,0.572370
-519.9003,24.3044,-660.2139,0.572562
-520.6667,24.3520,-660.9838,0.572751
-521.4380,24.3997,-661.7618,0.572942
-522.2032,24.4475,-662.5358,0.573131
-522.9657,24.4954,-663.3087,0.573321
-523.7260,24.5429,-664.0812,0.573510
-524.4846,24.5901,-664.8558,0.573699
-525.2395,24.6414,-665.6309,0.573888
-525.9915,24.6827,-666.3872,0.574074
-526.7469,24.7246,-667.1691,0.574264
-527.4810,24.7398,-667.9506,0.574453
-528.2494,24.7757,-668.7512,0.574642
-528.9894,24.8214,-669.5240,0.574826
-529.7369,24.8675,-670.3065,0.575016
-530.4764,24.9127,-671.0840,0.575204
-531.2135,24.9621,-671.8647,0.575390
-531.9512,25.0066,-672.6511,0.575577
-532.6810,25.0481,-673.4166,0.575763
-533.4091,25.0851,-674.2057,0.575949
-534.1364,25.1222,-675.0007,0.576135
-534.8582,25.1591,-675.7955,0.576320
-535.5751,25.1958,-676.5909,0.576505
-536.2870,25.2329,-677.3878,0.576690
-536.9969,25.2708,-678.1903,0.576876
-537.7051,25.3056,-679.0180,0.577064
-538.4174,25.3477,-679.8174,0.577250
-539.0959,25.3873,-680.6239,0.577431
-539.7950,25.4300,-681.4421,0.577618
-540.4825,25.4716,-682.2548,0.577801
-541.1725,25.5125,-683.0777,0.577987
-541.8544,25.5520,-683.8987,0.578171
-542.5324,25.5910,-684.7239,0.578355
-543.2078,25.6301,-685.5562,0.578542
-543.8753,25.6692,-686.3870,0.578723
-544.5416,25.7087,-687.2250,0.578909
-545.2005,25.7476,-688.0620,0.579094
-545.8603,25.7858,-688.9078,0.579281
-546.5101,25.8231,-689.7469,0.579463
-547.1608,25.8602,-690.5931,0.579646
-547.8121,25.8977,-691.4471,0.579830
-548.4496,25.9348,-692.2940,0.580015
-549.0876,25.9684,-693.1517,0.580200
-549.7215,26.0032,-694.0148,0.580380
-550.3494,26.0382,-694.8807,0.580567
-550.9678,26.0739,-695.7469,0.580747
-551.5845,26.1110,-696.6251,0.580933
-552.1933,26.1488,-697.5044,0.581116
-552.7948,26.1864,-698.3810,0.581299
-553.3967,26.2241,-699.2655,0.581484
-553.9910,26.2624,-700.1457,0.581666
-554.5834,26.3017,-701.0321,0.581849
-555.1723,26.3411,-701.9237,0.582029
-555.7540,26.3792,-702.8152,0.582216
-556.3302,26.4160,-703.7086,0.582396
-556.9048,26.4523,-704.6102,0.582579
-557.4738,26.4893,-705.5131,0.582762
-558.0435,26.5283,-706.4290,0.582948
-558.5981,26.5678,-707.3303,0.583128
-559.1469,26.6078,-708.2327,0.583312
-559.6953,26.6482,-709.1474,0.583492
-560.2396,26.6884,-710.0699,0.583674
-560.7717,26.7277,-710.9877,0.583858
-561.3004,26.7662,-711.9140,0.584039
-561.8232,26.8037,-712.8425,0.584223
-562.3440,26.8408,-713.7780,0.584404
-562.8568,26.8771,-714.7067,0.584586
-563.3685,26.9143,-715.6444,0.584770
-563.8737,26.9525,-716.5817,0.584952
-564.3718,26.9912,-717.5182,0.585132
-564.8679,27.0304,-718.4632,0.585320
-565.3562,27.0692,-719.4050,0.585502
-565.8417,27.1076,-720.3524,0.585683
-566.3245,27.1460,-721.3042,0.585863
-566.8011,27.1846,-722.2541,0.586044
-567.2747,27.2238,-723.2053,0.586225
-567.7454,27.2632,-724.1608,0.586407
-568.2112,27.3015,-725.1158,0.586591
-568.6729,27.3392,-726.0747,0.586772
-569.1317,27.3771,-727.0411,0.586954
-569.5828,27.4150,-728.0038,0.587135
-570.0281,27.4532,-728.9675,0.587317
-570.4699,27.4911,-729.9380,0.587499
-570.9097,27.5286,-730.9149,0.587681
-571.3392,27.5648,-731.8820,0.587863
-571.7689,27.6009,-732.8616,0.588043
-572.1906,27.6354,-733.8376,0.588224
-572.6073,27.6694,-734.8160,0.588407
-573.0182,27.7037,-735.8000,0.588590
-573.4229,27.7386,-736.7916,0.588770
-573.8154,27.7737,-737.7816,0.588951
-574.2023,27.8090,-738.7769,0.589134
-574.5812,27.8443,-739.7755,0.589313
-574.9524,27.8795,-740.7776,0.589494
-575.3159,27.9149,-741.7809,0.589675
-575.6708,27.9496,-742.7830,0.589854
-576.0207,27.9840,-743.7950,0.590037
-576.3620,28.0182,-744.8065,0.590217
-576.6943,28.0514,-745.8162,0.590400
-577.0205,28.0847,-746.8368,0.590580
-577.3383,28.1183,-747.8542,0.590760
-577.6497,28.1527,-748.8783,0.590943
-577.9550,28.1878,-749.9030,0.591126
-578.2545,28.2232,-750.9266,0.591310
-578.5505,28.2588,-751.9585,0.591490
-578.8374,28.2934,-752.9789,0.591672
-579.1227,28.3280,-754.0159,0.591856
-579.4009,28.3624,-755.0535,0.592037
-579.6718,28.3966,-756.0834,0.592219
-579.9404,28.4312,-757.1274,0.592400
-580.2027,28.4662,-758.1655,0.592582
-580.4630,28.5023,-759.2073,0.592764
-580.7183,28.5389,-760.2449,0.592944
-580.9706,28.5766,-761.2922,0.593127
-581.2161,28.6142,-762.3397,0.593312
-581.4556,28.6514,-763.3940,0.593498
-581.6879,28.6878,-764.4410,0.593675
-581.9161,28.7246,-765.4977,0.593863
-582.1378,28.7616,-766.5535,0.594046
-582.3528,28.7997,-767.6138,0.594226
-582.5604,28.8386,-768.6793,0.594414
-582.7586,28.8773,-769.7457,0.594599
-582.9482,28.9151,-770.8148,0.594777
-583.1275,28.9522,-771.8824,0.594959
-583.2999,28.9894,-772.9577,0.595142
-583.4634,29.0272,-774.0342,0.595329
-583.6177,29.0656,-775.1102,0.595514
-583.7642,29.1045,-776.1915,0.595698
-583.9011,29.1435,-777.2696,0.595883
-584.0297,29.1831,-778.3558,0.596070
-584.1484,29.2226,-779.4417,0.596255
-584.2559,29.2612,-780.5238,0.596438
-584.3577,29.2992,-781.6142,0.596624
-584.4543,29.3364,-782.7026,0.596811
-584.5464,29.3730,-783.7878,0.596999
-584.6337,29.4103,-784.8794,0.597181
-584.7148,29.4482,-785.9741,0.597366
-584.7892,29.4865,-787.0660,0.597552
-584.8574,29.5242,-788.1595,0.597740
-584.9194,29.5611,-789.2567,0.597929
-584.9765,29.5979,-790.3511,0.598114
-585.0275,29.6349,-791.4464,0.598302
-585.0725,29.6724,-792.5486,0.598490
-585.1111,29.7100,-793.6478,0.598677
-585.1431,29.7479,-794.7487,0.598863
-585.1689,29.7867,-795.8553,0.599053
-585.1875,29.8258,-796.9594,0.599241
-585.1993,29.8652,-798.0616,0.599427
-585.2039,29.9051,-799.1703,0.599614
-585.2024,29.9445,-800.2755,0.599799
-585.1936,29.9838,-801.3819,0.599985
-585.1772,30.0235,-802.4922,0.600175
-585.1530,30.0632,-803.6026,0.600363
-585.1208,30.1020,-804.7082,0.600553
-585.0808,30.1403,-805.8252,0.600740
-585.0336,30.1779,-806.9335,0.600939
-584.9773,30.2159,-808.0452,0.601122
-584.9131,30.2548,-809.1611,0.601318
-584.8408,30.2943,-810.2698,0.601502
-584.7597,30.3344,-811.3818,0.601695
-584.6700,30.3756,-812.4997,0.601883
-584.5721,30.4172,-813.6117,0.602072
-584.4653,30.4590,-814.7195,0.602260
-584.3512,30.5012,-815.8324,0.602451
-584.2339,30.5432,-816.9488,0.602644
-584.1162,30.5843,-818.0533,0.602834
-583.9943,30.6250,-819.1648,0.603024
-583.8660,30.6646,-820.2772,0.603218
-583.7323,30.7023,-821.3872,0.603407
-583.5932,30.7381,-822.4985,0.603597
-583.4487,30.7727,-823.6159,0.603791
-583.3001,30.8059,-824.7257,0.603985
-583.1447,30.8393,-825.8430,0.604181
-582.9852,30.8722,-826.9564,0.604374
-582.8344,30.9085,-828.0722,0.604565
-582.6661,30.9465,-829.1853,0.604762
-582.4915,30.9848,-830.3011,0.604953
-582.3121,31.0229,-831.4101,0.605149
-582.1264,31.0605,-832.5280,0.605340
-581.9398,31.0971,-833.6400,0.605534
-581.7515,31.1333,-834.7521,0.605731
-581.5360,31.1425,-835.8539,0.605926
-581.3493,31.1669,-836.9895,0.606119
-581.1489,31.2008,-838.1006,0.606311
-580.9428,31.2351,-839.2163,0.606508
-580.7230,31.2491,-840.3077,0.606703
-580.5189,31.2401,-841.4272,0.606897
-580.3036,31.2674,-842.5428,0.607091
-580.1279,31.3064,-843.6659,0.607289
-579.9117,31.3501,-844.7742,0.607488
-579.7019,31.3922,-845.8857,0.607679
-579.4901,31.4342,-847.0038,0.607876
-579.2748,31.4749,-848.1171,0.608072
-579.0104,31.4959,-849.2261,0.608271
-578.7890,31.5241,-850.3470,0.608471
-578.5666,31.5501,-851.4596,0.608667
-578.3413,31.5750,-852.5797,0.608864
-578.1129,31.5995,-853.6990,0.609064
-577.8814,31.6237,-854.8156,0.609259
-577.6445,31.6464,-855.9360,0.609456
-577.4037,31.6693,-857.0558,0.609658
-577.1594,31.6925,-858.1760,0.609859
-576.9130,31.7165,-859.2898,0.610056
-576.6619,31.7421,-860.4106,0.610253
-576.4077,31.7680,-861.5303,0.610454
-576.1513,31.7941,-862.6451,0.610654
-575.8913,31.8199,-863.7651,0.610853
-575.6275,31.8454,-864.8875,0.611051
-575.3603,31.8706,-866.0060,0.611255
-575.0870,31.8955,-867.1279,0.611452
-574.8106,31.9171,-868.2429,0.611655
-574.5306,31.9373,-869.3548,0.611853
-574.2435,31.9569,-870.4764,0.612053
-573.9554,31.9758,-871.5898,0.612256
-573.6631,31.9966,-872.7104,0.612454
-573.3706,32.0170,-873.8254,0.612656
-573.0754,32.0373,-874.9435,0.612859
-572.7785,32.0579,-876.0615,0.613057
-572.4816,32.0791,-877.1727,0.613257
-572.1818,32.1009,-878.2885,0.613457
-571.8815,32.1234,-879.4023,0.613657
-571.5784,32.1461,-880.5225,0.613860
-571.2749,32.1682,-881.6370,0.614060
-570.9688,32.1910,-882.7507,0.614259
-570.6576,32.2144,-883.8712,0.614463
-570.3438,32.2372,-884.9891,0.614665
-570.0279,32.2591,-886.1036,0.614865
-569.7090,32.2809,-887.2224,0.615065
-569.3891,32.3022,-888.3386,0.615269
-569.0689,32.3232,-889.4485,0.615473
-568.7438,32.3441,-890.5683,0.615674
-568.4185,32.3640,-891.6833,0.615875
-568.0922,32.3833,-892.7955,0.616074
-567.7634,32.4030,-893.9111,0.616278
-567.4334,32.4224,-895.0269,0.616480
-567.1035,32.4418,-896.1397,0.616681
-566.7709,32.4611,-897.2593,0.616883
-566.4384,32.4802,-898.3760,0.617091
-566.1078,32.4997,-899.4859,0.617289
-565.7737,32.5198,-900.6077,0.617492
-565.4421,32.5399,-901.7205,0.617696
-565.1092,32.5602,-902.8361,0.617899
-564.7747,32.5808,-903.9561,0.618106
-564.4416,32.6010,-905.0706,0.618307
-564.1055,32.6209,-906.1924,0.618511
-563.8162,32.6472,-907.3235,0.618714
-563.4856,32.6586,-908.4438,0.618916
-563.1542,32.6699,-909.5665,0.619121
-562.8256,32.6808,-910.6832,0.619324
-562.4969,32.6919,-911.8088,0.619529
-562.1717,32.7014,-912.9294,0.619732
-561.8434,32.7106,-914.0626,0.619944
-561.5205,32.7202,-915.1818,0.620141
-561.1964,32.7298,-916.3103,0.620351
-560.8727,32.7392,-917.4395,0.620556
-560.5054,32.7418,-918.5697,0.620765
-560.1801,32.7567,-919.6901,0.620965
-559.8500,32.7724,-920.8116,0.621170
-559.5140,32.7887,-921.9399,0.621375
-559.1739,32.8058,-923.0708,0.621582
-558.8326,32.8241,-924.1949,0.621785
-558.4846,32.8686,-925.3289,0.621991
-558.1312,32.8915,-926.4543,0.622201
-557.7756,32.9202,-927.5771,0.622401
-557.4390,32.9407,-928.6860,0.622609
-557.0682,32.9167,-929.8199,0.622812
-556.7150,32.9405,-930.9401,0.623021
-556.3652,32.9645,-932.0564,0.623226
-556.0134,32.9877,-933.1853,0.623433
-555.6844,33.0025,-934.2920,0.623637
-555.3394,33.0135,-935.4162,0.623840
-554.9799,33.0063,-936.5555,0.624049
-554.6393,33.0274,-937.6827,0.624255
-554.3191,33.0452,-938.7968,0.624460
-553.9805,33.0556,-939.9280,0.624668
-553.6441,33.0667,-941.0575,0.624875
-553.3101,33.0779,-942.1833,0.625082
-552.9595,33.0817,-943.3248,0.625286
-552.6439,33.1007,-944.4467,0.625492
-552.3149,33.1126,-945.5769,0.625698
-551.9865,33.1246,-946.7111,0.625906
-551.6602,33.1374,-947.8429,0.626112
-551.3177,33.1469,-948.9852,0.626319
-551.0081,33.1644,-950.1118,0.626522
-550.6557,33.1686,-951.2350,0.626728
-550.3313,33.1840,-952.3679,0.626933
-550.0029,33.1996,-953.5078,0.627143
-549.6873,33.2135,-954.6461,0.627348
-549.3578,33.2254,-955.7786,0.627553
-549.0262,33.2381,-956.9163,0.627759
-548.6953,33.2522,-958.0503,0.627968
-548.3644,33.2676,-959.1829,0.628174
-548.0327,33.2831,-960.3178,0.628376
-547.7014,33.2988,-961.4517,0.628586
-547.3713,33.3150,-962.5806,0.628794
-547.0406,33.3315,-963.7103,0.628994
-546.7114,33.3479,-964.8357,0.629199
-546.3831,33.3633,-965.9565,0.629407
-546.0543,33.3773,-967.0795,0.629612
-545.7270,33.3909,-968.1971,0.629811
-545.3992,33.4050,-969.3142,0.630017
-545.0723,33.4207,-970.4287,0.630219
-544.7470,33.4370,-971.5375,0.630423
-544.4226,33.4537,-972.6437,0.630622
-544.0975,33.4713,-973.7519,0.630825
-543.7742,33.4895,-974.8542,0.631023
-543.4516,33.5083,-975.9534,0.631225
-543.1281,33.5273,-977.0556,0.631422
-542.8063,33.5456,-978.1520,0.631626
-542.4856,33.5636,-979.2446,0.631825
-542.1647,33.5822,-980.3373,0.632028
-541.8448,33.6009,-981.4261,0.632223
-541.5269,33.6195,-982.5088,0.632420
-541.2069,33.6371,-983.5959,0.632613
-540.8890,33.6544,-984.6783,0.632813
-540.5729,33.6714,-985.7544,0.633015
-540.2555,33.6900,-986.8342,0.633205
-539.9390,33.7096,-987.9113,0.633403
-539.6249,33.7305,-988.9816,0.633601
-539.3099,33.7511,-990.0524,0.633795
-538.9960,33.7715,-991.1211,0.633990
-538.6838,33.7921,-992.1848,0.634184
-538.3711,33.8126,-993.2499,0.634374
-538.0602,33.8330,-994.3098,0.634566
-537.7498,33.8533,-995.3669,0.634759
-537.4390,33.8738,-996.4263,0.634955
-537.1293,33.8945,-997.4813,0.635146
-536.8223,33.9156,-998.5280,0.635339
-536.5139,33.9376,-999.5786,0.635529
-536.2055,33.9598,-1000.6296,0.635720
-535.8996,33.9822,-1001.6716,0.635912
-535.5923,34.0050,-1002.7179,0.636101
-535.2869,34.0286,-1003.7578,0.636292
-534.9826,34.0528,-1004.7935,0.636481
-534.6773,34.0770,-1005.8329,0.636669
-534.3741,34.1004,-1006.8644,0.636858
-534.0713,34.1234,-1007.8949,0.637044
-533.7686,34.1462,-1008.9250,0.637234
-533.4667,34.1702,-1009.9527,0.637421
-533.1663,34.1953,-1010.9751,0.637610
-532.8654,34.2208,-1011.9992,0.637791
-532.5665,34.2463,-1013.0161,0.637978
-532.2678,34.2719,-1014.0320,0.638165
-531.9675,34.2980,-1015.0542,0.638350
-531.6700,34.3242,-1016.0655,0.638535
-531.3733,34.3505,-1017.0746,0.638719
-531.0756,34.3767,-1018.0863,0.638905
-530.7800,34.4021,-1019.0908,0.639088
-530.4846,34.4267,-1020.0942,0.639275
-530.1893,34.4508,-1021.0972,0.639457
-529.8945,34.4752,-1022.0988,0.639639
-529.6021,34.4996,-1023.0927,0.639818
-529.3077,34.5243,-1024.0924,0.640005
-529.0151,34.5492,-1025.0862,0.640187
-528.7244,34.5740,-1026.0731,0.640368
-528.4319,34.5991,-1027.0660,0.640548
-528.1415,34.6242,-1028.0520,0.640727
-527.8521,34.6492,-1029.0349,0.640907
-527.5615,34.6745,-1030.0211,0.641086
-527.2723,34.7003,-1031.0012,0.641270
-526.9842,34.7267,-1031.9777,0.641448
-526.6944,34.7546,-1032.9583,0.641624
-526.4067,34.7821,-1033.9309,0.641801
-526.1196,34.8093,-1034.9017,0.641982
-525.8325,34.8359,-1035.8723,0.642157
-525.5470,34.8617,-1036.8363,0.642332
-525.2605,34.8871,-1037.8022,0.642516
-524.9732,34.9124,-1038.7705,0.642692
-524.6889,34.9372,-1039.7283,0.642862
-524.4045,34.9618,-1040.6869,0.643041
-524.1206,34.9861,-1041.6440,0.643216
-523.8372,35.0107,-1042.5997,0.643388
-523.5560,35.0358,-1043.5481,0.643566
-523.2728,35.0619,-1044.5034,0.643742
-522.9915,35.0888,-1045.4520,0.643915
-522.7109,35.1159,-1046.3978,0.644084
-522.4301,35.1425,-1047.3436,0.644264
-522.1505,35.1686,-1048.2850,0.644437
-521.8713,35.1941,-1049.2247,0.644614
-521.5922,35.2196,-1050.1642,0.644784
-521.3141,35.2447,-1051.0999,0.644951
-521.0372,35.2699,-1052.0317,0.645123
-520.7591,35.2955,-1052.9685,0.645300
-520.4840,35.3209,-1053.8949,0.645465
-520.2089,35.3461,-1054.8217,0.645638
-519.9323,35.3717,-1055.7531,0.645814
-519.6582,35.3974,-1056.6757,0.645980
-519.3845,35.4230,-1057.5972,0.646151
-519.1100,35.4485,-1058.5204,0.646321
-518.8373,35.4738,-1059.4379,0.646486
-518.5660,35.4992,-1060.3506,0.646657
-518.2930,35.5248,-1061.2683,0.646825
-518.0215,35.5504,-1062.1814,0.646992
-517.7521,35.5755,-1063.0872,0.647159
-517.4807,35.6001,-1063.9998,0.647327
-517.2114,35.6240,-1064.9054,0.647495
-516.9424,35.6479,-1065.8101,0.647657
-516.6733,35.6723,-1066.7147,0.647824
-516.4059,35.6980,-1067.6150,0.647990
-516.1395,35.7246,-1068.5111,0.648155
-515.8723,35.7516,-1069.4106,0.648316
-515.6073,35.7784,-1070.3026,0.648485
-515.3418,35.8051,-1071.1956,0.648645
-515.0757,35.8315,-1072.0912,0.648813
-514.8115,35.8574,-1072.9792,0.648971
-514.5482,35.8834,-1073.8645,0.649136
-514.2834,35.9097,-1074.7546,0.649298
-514.0209,35.9356,-1075.6368,0.649458
-513.7596,35.9614,-1076.5142,0.649621
-513.4958,35.9876,-1077.3998,0.649779
-513.2358,36.0133,-1078.2737,0.649942
-512.9752,36.0390,-1079.1488,0.650098
-512.7141,36.0649,-1080.0255,0.650263
-512.4545,36.0900,-1080.8975,0.650420
-512.1956,36.1149,-1081.7671,0.650583
-511.9366,36.1398,-1082.6373,0.650736
-511.6789,36.1645,-1083.5043,0.650894
-511.4232,36.1891,-1084.3656,0.651056
-511.1666,36.2135,-1085.2319,0.651217
-510.9117,36.2379,-1086.0927,0.651376
-510.6585,36.2624,-1086.9498,0.651527
-510.4044,36.2878,-1087.8108,0.651687
-510.1516,36.3140,-1088.6677,0.651841
-509.8997,36.3407,-1089.5229,0.652002
-509.6482,36.3673,-1090.3773,0.652153
-509.3983,36.3939,-1091.2266,0.652311
-509.1494,36.4204,-1092.0737,0.652471
-508.9005,36.4468,-1092.9220,0.652622
-508.6528,36.4736,-1093.7672,0.652776
-508.4064,36.5074,-1094.6100,0.652931
-508.1584,36.5383,-1095.4561,0.653079
-507.9131,36.5693,-1096.2932,0.653232
-507.6673,36.6002,-1097.1323,0.653386
-507.4217,36.6298,-1097.9709,0.653541
-507.1772,36.6578,-1098.8049,0.653692
-506.9328,36.6839,-1099.6390,0.653848
-506.6894,36.7102,-1100.4686,0.653998
-506.4456,36.7366,-1101.3009,0.654150
-506.2034,36.7638,-1102.1289,0.654302
-505.9637,36.7931,-1102.9524,0.654450
-505.7225,36.8233,-1103.7822,0.654604
-505.4836,36.8525,-1104.6029,0.654753
-505.2455,36.8814,-1105.4211,0.654901
-505.0072,36.9102,-1106.2418,0.655056
-504.7694,36.9397,-1107.0603,0.655196
-504.5337,36.9696,-1107.8727,0.655346
-504.2966,36.9994,-1108.6912,0.655495
-504.0616,37.0294,-1109.5028,0.655644
-503.8287,37.0587,-1110.3115,0.655794
-503.5950,37.0873,-1111.1213,0.655939
-503.3635,37.1152,-1111.9291,0.656084
-503.1329,37.1437,-1112.7351,0.656237
-502.9027,37.1739,-1113.5406,0.656385
-502.6728,37.2045,-1114.3466,0.656531
-502.4463,37.2337,-1115.1416,0.656678
-502.2188,37.2626,-1115.9414,0.656823
-501.9914,37.2903,-1116.7405,0.656965
-501.7652,37.3183,-1117.5358,0.657111
-501.5397,37.3488,-1118.3296,0.657259
-501.3147,37.3796,-1119.1250,0.657404
-501.0930,37.4096,-1119.9133,0.657542
-500.8708,37.4380,-1120.7064,0.657691
-500.6526,37.4649,-1121.4910,0.657834
-500.4330,37.4905,-1122.2795,0.657979
-500.2150,37.5164,-1123.0653,0.658118
-499.9990,37.5423,-1123.8468,0.658262
-499.7864,37.5679,-1124.6211,0.658401
-499.5724,37.5946,-1125.3986,0.658546
-499.3596,37.6234,-1126.1726,0.658681
-499.1482,37.6527,-1126.9417,0.658827
-498.9365,37.6822,-1127.7120,0.658967
-498.7267,37.7082,-1128.4760,0.659106
-498.5162,37.7321,-1129.2423,0.659248
-498.3077,37.7547,-1130.0035,0.659392
-498.0983,37.7801,-1130.7671,0.659524
-497.8906,37.8072,-1131.5244,0.659662
-497.6830,37.8352,-1132.2816,0.659801
-497.4763,37.8632,-1133.0365,0.659937
-497.2708,37.8905,-1133.7864,0.660072
-497.0657,37.9188,-1134.5391,0.660212
-496.8627,37.9488,-1135.2866,0.660346
-496.6615,37.9799,-1136.0338,0.660483
-496.4609,38.0091,-1136.7773,0.660619
-496.2630,38.0362,-1137.5194,0.660756
-496.0670,38.0637,-1138.2589,0.660890
-495.8729,38.0776,-1138.9974,0.661024
-495.6787,38.1023,-1139.7358,0.661151
-495.4869,38.1274,-1140.4706,0.661288
-495.2965,38.1533,-1141.2043,0.661423
-495.1083,38.1799,-1141.9349,0.661555
-494.9210,38.2067,-1142.6650,0.661684
-494.7348,38.2335,-1143.3949,0.661816
-494.5506,38.2601,-1144.1207,0.661950
-494.3665,38.2863,-1144.8452,0.662082
-494.1825,38.3122,-1145.5684,0.662209
-493.9986,38.3381,-1146.2903,0.662339
-493.8154,38.3641,-1147.0107,0.662471
-493.6342,38.3906,-1147.7245,0.662599
-493.4557,38.4169,-1148.4304,0.662730
-493.2794,38.4430,-1149.1290,0.662859
-493.1040,38.4692,-1149.8262,0.662979
-492.9307,38.4949,-1150.5170,0.663105
-492.7584,38.5202,-1151.2080,0.663227
-492.5887,38.5445,-1151.8942,0.663349
-492.4194,38.5690,-1152.5813,0.663477
-492.2523,38.5935,-1153.2625,0.663598
-492.0859,38.6186,-1153.9442,0.663720
-491.9210,38.6442,-1154.6229,0.663843
-491.7588,38.6696,-1155.2950,0.663964
-491.5980,38.6950,-1155.9668,0.664086
-491.4392,38.7203,-1156.6359,0.664205
-491.2815,38.7448,-1157.3044,0.664330
-491.1262,38.7689,-1157.9679,0.664445
-490.9723,38.7929,-1158.6317,0.664569
-490.8201,38.8170,-1159.2917,0.664683
-490.6691,38.8413,-1159.9473,0.664803
-490.5177,38.8663,-1160.6042,0.664920
-490.3675,38.8914,-1161.2559,0.665036
-490.2175,38.9164,-1161.9066,0.665158
-490.0684,38.9410,-1162.5526,0.665271
-489.9195,38.9650,-1163.1985,0.665391
-489.7716,38.9890,-1163.8402,0.665509
-489.6240,39.0130,-1164.4824,0.665625
-489.4777,39.0361,-1165.1178,0.665739
-489.3327,39.0596,-1165.7516,0.665854
-489.1886,39.0827,-1166.3857,0.665972
-489.0470,39.1055,-1167.0139,0.666082
-488.9077,39.1284,-1167.6404,0.666195
-488.7698,39.1516,-1168.2675,0.666310
-488.6361,39.1753,-1168.8844,0.666429
-488.5032,39.1997,-1169.5038,0.666533
-488.3719,39.2244,-1170.1185,0.666651
-488.2439,39.2486,-1170.7240,0.666766
-488.1180,39.2723,-1171.3236,0.666874
-487.9936,39.2956,-1171.9218,0.666991
-487.8721,39.3182,-1172.5106,0.667095
-487.7520,39.3404,-1173.0973,0.667202
-487.6329,39.3615,-1173.6831,0.667315
-487.5168,39.3819,-1174.2609,0.667423
-487.4019,39.4017,-1174.8351,0.667535
-487.2890,39.4212,-1175.4064,0.667644
-487.1797,39.4404,-1175.9656,0.667748
-487.0748,39.4592,-1176.5186,0.667855
-486.9736,39.4779,-1177.0647,0.667965
-486.8776,39.4965,-1177.5975,0.668063
-486.7852,39.5153,-1178.1233,0.668171
-486.6967,39.5337,-1178.6427,0.668268
-486.6122,39.5519,-1179.1514,0.668372
-486.5314,39.5699,-1179.6536,0.668475
-486.4539,39.5875,-1180.1495,0.668578
-486.3801,39.6044,-1180.6378,0.668676
-486.3088,39.6206,-1181.1210,0.668772
-486.2387,39.6373,-1181.6047,0.668869
-486.1709,39.6533,-1182.0839,0.668968
-486.1042,39.6689,-1182.5592,0.669066
-486.0380,39.6844,-1183.0339,0.669164
-485.9738,39.6996,-1183.5077,0.669258
-485.9121,39.7143,-1183.9777,0.669363
-485.8528,39.7288,-1184.4454,0.669460
-485.7957,39.7432,-1184.9102,0.669553
-485.7421,39.7574,-1185.3722,0.669656
-485.6926,39.7715,-1185.8324,0.669760
-485.6484,39.7853,-1186.2870,0.669855
-485.6111,39.7988,-1186.7368,0.669957
-485.5793,39.8121,-1187.1846,0.670057
-485.5512,39.8250,-1187.6235,0.670153
-485.5289,39.8376,-1188.0604,0.670249
-485.5154,39.8498,-1188.4919,0.670341
-485.5066,39.8616,-1188.9166,0.670434
-485.5025,39.8732,-1189.3395,0.670533
-485.5030,39.8842,-1189.7573,0.670633
-485.5070,39.8949,-1190.1710,0.670730
-485.5142,39.9051,-1190.5793,0.670824
-485.5253,39.9152,-1190.9868,0.670921
-485.5407,39.9249,-1191.3827,0.671008
-485.5611,39.9343,-1191.7781,0.671101
-485.5839,39.9436,-1192.1675,0.671186
-485.6107,39.9525,-1192.5499,0.671269
-485.6414,39.9611,-1192.9283,0.671351
-485.6755,39.9696,-1193.2999,0.671432
-485.7147,39.9776,-1193.6653,0.671516
-485.7608,39.9851,-1194.0227,0.671597
-485.8148,39.9921,-1194.3756,0.671681
-485.8763,39.9985,-1194.7205,0.671763
-485.9415,40.0045,-1195.0629,0.671840
-486.0143,40.0101,-1195.4009,0.671916
-486.0945,40.0154,-1195.7323,0.671994
-486.1829,40.0209,-1196.0583,0.672082
-486.3032,40.0364,-1196.3802,0.672160
-486.4161,40.0532,-1196.6909,0.672245
-486.5564,40.0844,-1197.0004,0.672319
-486.6645,40.1095,-1197.3119,0.672399
-486.7657,40.1297,-1197.6272,0.672474
-486.8644,40.1486,-1197.9390,0.672551
-486.9698,40.1666,-1198.2455,0.672621
-487.0628,40.1782,-1198.5505,0.672695
-487.1808,40.1905,-1198.8495,0.672768
-487.3058,40.2021,-1199.1448,0.672840
-487.4339,40.2131,-1199.4326,0.672907
-487.5695,40.2231,-1199.7130,0.672979
-487.7018,40.2222,-1199.9923,0.673042
-487.8540,40.2290,-1200.2600,0.673114
-488.0112,40.2352,-1200.5248,0.673180
-488.1726,40.2404,-1200.7842,0.673243
-488.3374,40.2443,-1201.0383,0.673316
-488.5084,40.2465,-1201.2903,0.673384
-488.6822,40.2486,-1201.5437,0.673446
-488.8489,40.2513,-1201.7991,0.673509
-489.0271,40.2597,-1202.0417,0.673572
-489.1949,40.2601,-1202.2916,0.673643
-489.3650,40.2605,-1202.5360,0.673687
-489.7306,40.2615,-1203.0071,0.673828
-489.9168,40.2619,-1203.2416,0.673891
-490.1161,40.2637,-1203.4624,0.673950
-490.3038,40.2616,-1203.6904,0.674013
-490.5031,40.2604,-1203.9100,0.674077
-490.7093,40.2599,-1204.1265,0.674140
-490.9225,40.2595,-1204.3416,0.674204
-491.1334,40.2586,-1204.5642,0.674268
-491.3389,40.2569,-1204.7932,0.674333
-491.5435,40.2550,-1205.0215,0.674390
-491.7517,40.2538,-1205.2412,0.674453
-491.9724,40.2534,-1205.4539,0.674516
-492.2028,40.2540,-1205.6533,0.674572
-492.4395,40.2553,-1205.8492,0.674638
-492.6816,40.2569,-1206.0405,0.674700
-492.9295,40.2588,-1206.2294,0.674760
-493.1808,40.2611,-1206.4142,0.674825
-493.4372,40.2637,-1206.5962,0.674890
-493.6821,40.2635,-1206.7891,0.674949
-493.9470,40.2633,-1206.9639,0.675012
-494.2165,40.2631,-1207.1306,0.675070
-494.4907,40.2628,-1207.2960,0.675135
-494.7677,40.2626,-1207.4556,0.675197
-495.0392,40.2430,-1207.6219,0.675262
-495.3268,40.2389,-1207.7728,0.675325
-495.6180,40.2348,-1207.9177,0.675392
-495.9148,40.2306,-1208.0565,0.675459
-496.2158,40.2268,-1208.1882,0.675520
-496.5229,40.2248,-1208.3126,0.675585
-496.8315,40.2249,-1208.4327,0.675650
-497.1438,40.2261,-1208.5459,0.675716
-497.4593,40.2284,-1208.6530,0.675782
-497.7766,40.2315,-1208.7531,0.675847
-498.0956,40.2354,-1208.8440,0.675910
-498.4131,40.2395,-1208.9247,0.675974
-498.7346,40.2445,-1208.9974,0.676039
-499.0562,40.2498,-1209.0624,0.676103
-499.3756,40.2557,-1209.1149,0.676167
-499.6972,40.2620,-1209.1615,0.676230
-500.0212,40.2686,-1209.2008,0.676294
-500.3443,40.2858,-1209.2178,0.676355
-500.6732,40.2893,-1209.2450,0.676422
-501.0033,40.2927,-1209.2682,0.676482
-501.3348,40.2940,-1209.2632,0.676547
-501.6720,40.2895,-1209.2682,0.676614
-502.0045,40.2851,-1209.2527,0.676678
-502.3524,40.2728,-1209.2432,0.676744
-502.7090,40.2589,-1209.2471,0.676811
-503.0606,40.2557,-1209.2217,0.676881
-503.4242,40.2589,-1209.2056,0.676945
-503.7797,40.2653,-1209.1628,0.677013
-504.1441,40.2715,-1209.1129,0.677079
-504.5125,40.2776,-1209.0614,0.677150
-504.8901,40.2835,-1209.0106,0.677222
-505.2649,40.2897,-1208.9631,0.677291
-505.6483,40.2957,-1208.9144,0.677363
-506.0308,40.3016,-1208.8618,0.677434
-506.4184,40.3067,-1208.8002,0.677504
-506.8128,40.3117,-1208.7201,0.677582
-507.2074,40.3169,-1208.6334,0.677653
-507.6076,40.3223,-1208.5420,0.677726
-508.0093,40.3274,-1208.4424,0.677804
-508.4142,40.3333,-1208.3374,0.677880
-508.8220,40.3388,-1208.2244,0.677957
-509.2359,40.3437,-1208.1074,0.678037
-509.6546,40.3485,-1207.9862,0.678117
-510.0770,40.3530,-1207.8588,0.678195
-510.5058,40.3572,-1207.7280,0.678277
-510.9405,40.3611,-1207.5961,0.678365
-511.3786,40.3651,-1207.4607,0.678448
-511.8211,40.3689,-1207.3186,0.678530
-512.2671,40.3725,-1207.1722,0.678619
-512.7181,40.3762,-1207.0211,0.678702
-513.1698,40.3803,-1206.8661,0.678791
-513.6289,40.3846,-1206.7045,0.678884
-514.0900,40.3893,-1206.5396,0.678975
-514.5561,40.3943,-1206.3704,0.679067
-515.0258,40.3994,-1206.1968,0.679159
-515.4967,40.4045,-1206.0159,0.679251
-515.9749,40.4095,-1205.8290,0.679345
-516.4532,40.4145,-1205.6398,0.679442
-516.9417,40.4196,-1205.4458,0.679539
-517.4319,40.4248,-1205.2515,0.679637
-517.9283,40.4298,-1205.0541,0.679733
-518.4276,40.4350,-1204.8540,0.679831
-518.9298,40.4402,-1204.6503,0.679927
-519.4380,40.4451,-1204.4388,0.680033
-519.9464,40.4502,-1204.2245,0.680130
-520.4588,40.4553,-1204.0052,0.680234
-520.9766,40.4604,-1203.7805,0.680333
-521.4966,40.4653,-1203.5518,0.680435
-522.0182,40.4697,-1203.3195,0.680544
-522.5458,40.4741,-1203.0811,0.680643
-523.0765,40.4781,-1202.8384,0.680754
-523.6079,40.4815,-1202.5919,0.680862
-524.1460,40.4849,-1202.3396,0.680967
-524.6858,40.4892,-1202.0841,0.681079
-525.2310,40.4937,-1201.8232,0.681189
-525.7769,40.4980,-1201.5588,0.681294
-526.3237,40.5032,-1201.2905,0.681408
-526.8721,40.5085,-1201.0182,0.681521
-527.4218,40.5133,-1200.7415,0.681631
-527.9789,40.5176,-1200.4591,0.681747
-528.5393,40.5222,-1200.1732,0.681860
-529.1051,40.5262,-1199.8817,0.681978
-529.6699,40.5303,-1199.5880,0.682092
-530.2386,40.5346,-1199.2906,0.682212
-530.8122,40.5397,-1198.9884,0.682329
-531.3867,40.5458,-1198.6830,0.682445
-531.9611,40.5525,-1198.3751,0.682559
-532.5392,40.5598,-1198.0624,0.682680
-533.1225,40.5680,-1197.7440,0.682802
-533.7067,40.5756,-1197.4230,0.682918
-534.3002,40.5835,-1197.0955,0.683044
-534.8911,40.5917,-1196.7698,0.683162
-535.4932,40.6002,-1196.4380,0.683287
-536.0966,40.6087,-1196.1056,0.683409
-536.7047,40.6173,-1195.7700,0.683535
-537.3168,40.6267,-1195.4313,0.683652
-537.9336,40.6367,-1195.0890,0.683782
-538.5540,40.6464,-1194.7438,0.683912
-539.1774,40.6561,-1194.3965,0.684036
-539.8088,40.6662,-1194.0447,0.684167
-540.4406,40.6764,-1193.6919,0.684295
-541.0791,40.6870,-1193.3347,0.684433
-541.7205,40.6980,-1192.9755,0.684561
-542.3652,40.7097,-1192.6133,0.684696
-543.0158,40.7218,-1192.2465,0.684832
-543.6660,40.7342,-1191.8792,0.684953
-544.3270,40.7474,-1191.5052,0.685093
-544.9872,40.7614,-1191.1306,0.685229
-545.6550,40.7758,-1190.7515,0.685367
-546.3256,40.7908,-1190.3700,0.685503
-546.9973,40.8052,-1189.9871,0.685642
-547.6812,40.8199,-1189.5967,0.685780
-548.3618,40.8340,-1189.2073,0.685917
-549.0479,40.8481,-1188.8140,0.686059
-549.7392,40.8647,-1188.4175,0.686197
-550.4361,40.8794,-1188.0179,0.686342
-551.1366,40.8938,-1187.6167,0.686485
-551.8458,40.9086,-1187.2104,0.686631
-552.5544,40.9226,-1186.8041,0.686770
-553.2719,40.9366,-1186.3926,0.686919
-553.9890,40.9502,-1185.9812,0.687059
-554.7105,40.9641,-1185.5670,0.687209
-555.4350,40.9787,-1185.1514,0.687355
-556.1679,40.9938,-1184.7308,0.687497
-556.9039,41.0093,-1184.3091,0.687650
-557.6444,41.0254,-1183.8844,0.687800
-558.3893,41.0412,-1183.4575,0.687951
-559.1288,41.0566,-1183.0334,0.688103
-559.8755,41.0717,-1182.6056,0.688245
-560.6295,41.0862,-1182.1732,0.688406
-561.3835,41.1002,-1181.7410,0.688554
-562.1469,41.1139,-1181.3032,0.688713
-562.9120,41.1275,-1180.8644,0.688866
-563.6761,41.1416,-1180.4261,0.689019
-564.4466,41.1564,-1179.9847,0.689173
-565.2216,41.1725,-1179.5405,0.689333
-565.9994,41.1887,-1179.0947,0.689488
-566.7792,41.2045,-1178.6478,0.689644
-567.5649,41.2197,-1178.1978,0.689799
-568.3505,41.2349,-1177.7478,0.689964
-569.1396,41.2504,-1177.2954,0.690124
-569.9376,41.2665,-1176.8381,0.690280
-570.7314,41.2825,-1176.3834,0.690443
-571.5333,41.2986,-1175.9241,0.690604
-572.3391,41.3139,-1175.4629,0.690767
-573.1461,41.3286,-1175.0009,0.690932
-573.9567,41.3432,-1174.5370,0.691097
-574.7695,41.3575,-1174.0719,0.691260
-575.5888,41.3727,-1173.6030,0.691427
-576.4080,41.3879,-1173.1344,0.691589
-577.2350,41.4030,-1172.6613,0.691758
-578.0629,41.4175,-1172.1881,0.691926
-578.8948,41.4311,-1171.7131,0.692090
-579.7293,41.4441,-1171.2375,0.692260
-580.5679,41.4568,-1170.7596,0.692432
-581.4118,41.4696,-1170.2791,0.692598
-582.2569,41.4824,-1169.7975,0.692771
-583.1045,41.4953,-1169.3141,0.692938
-583.9569,41.5081,-1168.8285,0.693108
-584.8134,41.5210,-1168.3411,0.693284
-585.6731,41.5339,-1167.8524,0.693461
-586.5345,41.5470,-1167.3634,0.693630
-587.4011,41.5604,-1166.8721,0.693807
-588.2718,41.5737,-1166.3784,0.693983
-589.1444,41.5862,-1165.8834,0.694159
-590.0201,41.5981,-1165.3870,0.694336
-590.9014,41.6096,-1164.8877,0.694509
-591.7845,41.6205,-1164.3873,0.694687
-592.6679,41.6312,-1163.8873,0.694864
-593.5580,41.6422,-1163.3835,0.695045
-594.4508,41.6536,-1162.8785,0.695222
-595.3505,41.6648,-1162.3696,0.695409
-596.2455,41.6755,-1161.8636,0.695592
-597.1502,41.6860,-1161.3524,0.695771
-598.0632,41.6968,-1160.8365,0.695954
-598.9684,41.7075,-1160.3260,0.696131
-599.8791,41.7181,-1159.8129,0.696323
-600.7933,41.7278,-1159.2979,0.696500
-601.7151,41.7363,-1158.7792,0.696686
-602.6335,41.7445,-1158.2626,0.696873
-603.5613,41.7535,-1157.7415,0.697057
-604.4927,41.7632,-1157.2189,0.697245
-605.4235,41.7725,-1156.6973,0.697433
-606.3599,41.7810,-1156.1724,0.697622
-607.3019,41.7885,-1155.6449,0.697806
-608.2440,41.7959,-1155.1177,0.697996
-609.1859,41.8038,-1154.5909,0.698190
-610.1332,41.8118,-1154.0618,0.698378
-611.0873,41.8201,-1153.5291,0.698569
-612.0418,41.8287,-1152.9965,0.698759
-613.0001,41.8371,-1152.4617,0.698953
-613.9596,41.8436,-1151.9260,0.699144
-614.9238,41.8489,-1151.3877,0.699342
-615.8903,41.8537,-1150.8481,0.699530
-616.8572,41.8590,-1150.3083,0.699728
-617.8286,41.8638,-1149.7661,0.699921
-618.8044,41.8679,-1149.2217,0.700113
-619.7752,41.8717,-1148.6805,0.700310
-620.7572,41.8760,-1148.1329,0.700509
-621.7349,41.8808,-1147.5880,0.700704
-622.7087,41.8860,-1147.0454,0.700900
-623.6852,41.8916,-1146.5010,0.701097
-624.6624,41.8976,-1145.9562,0.701291
-625.6366,41.9040,-1145.4130,0.701489
-626.6108,41.9098,-1144.8695,0.701682
-627.5867,41.9144,-1144.3251,0.701878
-628.5601,41.9186,-1143.7821,0.702075
-629.5283,41.9235,-1143.2417,0.702265
-630.4985,41.9292,-1142.7003,0.702463
-631.4705,41.9333,-1142.1578,0.702656
-632.4310,41.9360,-1141.6216,0.702851
-633.3941,41.9372,-1141.0834,0.703041
-634.3546,41.9389,-1140.5460,0.703239
-635.3143,41.9414,-1140.0093,0.703431
-636.2730,41.9439,-1139.4734,0.703623
-637.2292,41.9457,-1138.9393,0.703817
-638.1831,41.9464,-1138.4064,0.704009
-639.1362,41.9463,-1137.8743,0.704195
-640.0881,41.9467,-1137.3422,0.704392
-641.0366,41.9476,-1136.8118,0.704575
-641.9854,41.9486,-1136.2812,0.704766
-642.9284,41.9492,-1135.7545,0.704960
-643.8740,41.9494,-1135.2264,0.705147
-644.8185,41.9497,-1134.6995,0.705333
-645.7599,41.9505,-1134.1741,0.705527
-646.6971,41.9514,-1133.6514,0.705712
-647.6364,41.9522,-1133.1271,0.705900
-648.5705,41.9524,-1132.6056,0.706093
-649.5057,41.9521,-1132.0839,0.706278
-650.4389,41.9517,-1131.5631,0.706465
-651.3677,41.9507,-1131.0452,0.706652
-652.2987,41.9494,-1130.5262,0.706834
-653.2265,41.9480,-1130.0089,0.707021
-654.1509,41.9467,-1129.4933,0.707204
-655.0758,41.9455,-1128.9771,0.707391
-655.9999,41.9444,-1128.4609,0.707581
-656.9173,41.9431,-1127.9474,0.707765
-657.8414,41.9417,-1127.4294,0.707949
-658.7537,41.9403,-1126.9170,0.708133
-659.6639,41.9385,-1126.4048,0.708318
-660.5763,41.9361,-1125.8905,0.708496
-661.4879,41.9332,-1125.3759,0.708688
-662.3984,41.9299,-1124.8613,0.708865
-663.3028,41.9266,-1124.3494,0.709043
-664.2069,41.9234,-1123.8354,0.709231
-665.1082,41.9205,-1123.3209,0.709409
-666.0028,41.9145,-1122.8080,0.709593
-666.8994,41.9074,-1122.2922,0.709775
-667.7905,41.9005,-1121.7783,0.709961
-668.6841,41.8935,-1121.2616,0.710136
-669.5739,41.8861,-1120.7451,0.710313
-670.4597,41.8782,-1120.2295,0.710498
-671.3469,41.8701,-1119.7113,0.710675
-672.2307,41.8624,-1119.1932,0.710853
-673.1125,41.8549,-1118.6741,0.711036
-673.9933,41.8475,-1118.1537,0.711219
-674.8730,41.8398,-1117.6322,0.711393
-675.7495,41.8318,-1117.1108,0.711575
-676.6271,41.8236,-1116.5870,0.711753
-677.5034,41.8153,-1116.0624,0.711937
-678.3754,41.8065,-1115.5398,0.712112
-679.2502,41.7974,-1115.0156,0.712290
-680.1305,41.7882,-1114.4882,0.712467
-681.0010,41.7794,-1113.9658,0.712649
-681.8755,41.7708,-1113.4407,0.712825
-682.7513,41.7619,-1112.9143,0.713001
-683.6229,41.7529,-1112.3900,0.713187
-684.5004,41.7436,-1111.8624,0.713364
-685.3721,41.7340,-1111.3384,0.713550
-686.2473,41.7238,-1110.8124,0.713723
-687.1211,41.7135,-1110.2869,0.713909
-687.9964,41.7035,-1109.7606,0.714089
-688.8719,41.6939,-1109.2341,0.714271
-689.7443,41.6851,-1108.7095,0.714449
-690.6153,41.6764,-1108.1857,0.714633
-691.4822,41.6675,-1107.6641,0.714813
-692.3542,41.6581,-1107.1388,0.714996
-693.2180,41.6478,-1106.6171,0.715182
-694.0819,41.6369,-1106.0939,0.715360
-694.9440,41.6259,-1105.5698,0.715546
-695.8004,41.6151,-1105.0470,0.715727
-696.6514,41.6050,-1104.5248,0.715912
-697.5007,41.5952,-1104.0009,0.716085
-698.3443,41.5849,-1103.4780,0.716269
-699.1840,41.5745,-1102.9545,0.716445
-700.0182,41.5639,-1102.4304,0.716631
-700.8489,41.5537,-1101.9048,0.716802
-701.6752,41.5437,-1101.3776,0.716980
-702.4946,41.5341,-1100.8502,0.717158
-703.3089,41.5248,-1100.3226,0.717334
-704.1223,41.5154,-1099.7909,0.717512
-704.9241,41.5061,-1099.2623,0.717686
-705.7203,41.4963,-1098.7330,0.717859
-706.5164,41.4862,-1098.1990,0.718034
-707.3039,41.4760,-1097.6669,0.718204
-708.0860,41.4659,-1097.1345,0.718380
-708.8618,41.4559,-1096.6017,0.718547
-709.6365,41.4456,-1096.0654,0.718716
-710.4050,41.4350,-1095.5292,0.718889
-711.1685,41.4239,-1094.9922,0.719053
-711.9285,41.4124,-1094.4534,0.719223
-712.6801,41.4009,-1093.9153,0.719389
-713.4306,41.3895,-1093.3743,0.719550
-714.1760,41.3776,-1092.8324,0.719719
-714.9140,41.3657,-1092.2915,0.719882
-715.6492,41.3533,-1091.7482,0.720046
-716.3804,41.3408,-1091.2029,0.720211
-717.1071,41.3277,-1090.6562,0.720372
-717.8273,41.3142,-1090.1088,0.720533
-718.5410,41.3001,-1089.5588,0.720695
-719.2469,41.2856,-1089.0084,0.720853
-719.9500,41.2701,-1088.4534,0.721013
-720.6466,41.2538,-1087.8971,0.721174
-721.3394,41.2372,-1087.3357,0.721329
-722.0233,41.2200,-1086.7729,0.721493
-722.7021,41.2017,-1086.2067,0.721646
-723.3777,41.1820,-1085.6350,0.721802
-724.0428,41.1616,-1085.0640,0.721962
-724.7051,41.1397,-1084.4852,0.722117
-725.3614,41.1167,-1083.9048,0.722277
-726.0116,41.0929,-1083.3209,0.722426
-726.6573,41.0683,-1082.7330,0.722585
-727.2973,41.0427,-1082.1415,0.722738
-727.9222,41.0208,-1081.5355,0.722891
-728.5461,40.9995,-1080.9384,0.723046
-729.1638,40.9768,-1080.3322,0.723200
-729.7857,40.9485,-1079.7269,0.723353
-730.3860,40.9115,-1079.1105,0.723507
-730.9683,40.8954,-1078.4830,0.723660
-731.5454,40.8801,-1077.8645,0.723812
-732.1502,40.8470,-1077.2391,0.723967
-732.7314,40.8076,-1076.6117,0.724118
-733.3087,40.7685,-1075.9830,0.724273
-733.8662,40.7406,-1075.3567,0.724424
-734.4304,40.7103,-1074.7246,0.724574
-734.9918,40.6794,-1074.0870,0.724723
-735.5451,40.6361,-1073.4454,0.724875
-736.0956,40.6043,-1072.8091,0.725025
-736.6425,40.5722,-1072.1656,0.725174
-737.1811,40.5400,-1071.5206,0.725324
-737.7148,40.5080,-1070.8705,0.725475
-738.2387,40.4766,-1070.2196,0.725622
-738.7570,40.4448,-1069.5648,0.725773
-739.2682,40.4143,-1068.9043,0.725921
-739.7686,40.3831,-1068.2435,0.726067
-740.2642,40.3524,-1067.5774,0.726218
-740.7512,40.3221,-1066.9098,0.726364
-741.2342,40.2909,-1066.2362,0.726511
-741.7101,40.2611,-1065.5599,0.726661
-742.1805,40.2299,-1064.8828,0.726807
-742.6456,40.1998,-1064.2025,0.726955
-743.1018,40.1691,-1063.5211,0.727101
-743.5573,40.1382,-1062.8345,0.727249
-744.0071,40.1081,-1062.1453,0.727396
-744.4500,40.0770,-1061.4586,0.727541
-744.8889,40.0479,-1060.7660,0.727685
-745.3234,40.0175,-1060.0710,0.727833
-745.7514,39.9892,-1059.3749,0.727978
-746.1737,39.9605,-1058.6757,0.728123
-746.5905,39.9331,-1057.9741,0.728270
-747.0031,39.9060,-1057.2686,0.728415
-747.4106,39.8791,-1056.5621,0.728559
-747.8129,39.8525,-1055.8517,0.728706
-748.2131,39.8254,-1055.1375,0.728851
-748.6069,39.7994,-1054.4224,0.728997
-748.9970,39.7729,-1053.7043,0.729143
-749.3838,39.7470,-1052.9808,0.729291
-749.7635,39.7214,-1052.2596,0.729433
-750.1380,39.7094,-1051.5291,0.729580
-750.5108,39.6814,-1050.7968,0.729728
-750.8765,39.6536,-1050.0646,0.729874
-751.2391,39.6260,-1049.3247,0.730020
-751.5964,39.6378,-1048.5720,0.730166
-751.9395,39.6030,-1047.8290,0.730315
-752.2773,39.5664,-1047.0786,0.730460
-752.6089,39.5346,-1046.3256,0.730606
-752.9351,39.4998,-1045.5724,0.730753
-753.2507,39.4642,-1044.8125,0.730904
-753.5348,39.4614,-1044.0577,0.731048
-753.8289,39.4320,-1043.2886,0.731196
-754.1158,39.4043,-1042.5165,0.731347
-754.4127,39.3760,-1041.7306,0.731492
-754.6831,39.3420,-1040.9506,0.731638
-754.9462,39.3081,-1040.1627,0.731790
-755.1817,39.2950,-1039.3853,0.731937
-755.4308,39.2682,-1038.5922,0.732090
-755.6726,39.2424,-1037.7964,0.732238
-755.9202,39.2208,-1036.9973,0.732387
-756.1459,39.2009,-1036.1985,0.732537
-756.3694,39.1814,-1035.3910,0.732685
-756.5891,39.1627,-1034.5809,0.732836
-756.8037,39.1445,-1033.7698,0.732988
-757.0143,39.1272,-1032.9507,0.733136
-757.2195,39.1112,-1032.1407,0.733288
-757.4257,39.0959,-1031.3164,0.733439
-757.6259,39.0819,-1030.4988,0.733591
-757.8231,39.0686,-1029.6707,0.733745
-758.0139,39.0567,-1028.8418,0.733898
-758.2008,39.0467,-1028.0055,0.734049
-758.3803,39.0383,-1027.1747,0.734203
-758.5549,39.0320,-1026.3380,0.734359
-758.7256,39.0268,-1025.4967,0.734514
-758.8915,39.0223,-1024.6522,0.734667
-759.0544,39.0187,-1023.8016,0.734827
-759.2145,39.0159,-1022.9526,0.734984
-759.3729,39.0148,-1022.0959,0.735145
-759.5283,39.0156,-1021.2365,0.735298
-759.6810,39.0181,-1020.3738,0.735458
-759.8294,39.0227,-1019.5104,0.735617
-759.9749,39.0282,-1018.6432,0.735774
-760.1171,39.0349,-1017.7709,0.735935
-760.2545,39.0425,-1016.9009,0.736096
-760.3884,39.0509,-1016.0200,0.736256
-760.5168,39.0600,-1015.1439,0.736420
-760.6416,39.0699,-1014.2607,0.736580
-760.7624,39.0808,-1013.3720,0.736743
-760.8784,39.0921,-1012.4835,0.736905
-760.9897,39.1038,-1011.5893,0.737071
-761.0968,39.1154,-1010.6972,0.737231
-761.2003,39.1269,-1009.7973,0.737399
-761.3002,39.1386,-1008.8959,0.737560
-761.3976,39.1512,-1007.9880,0.737727
-761.4916,39.1643,-1007.0798,0.737891
-761.5822,39.1778,-1006.1683,0.738055
-761.6694,39.1914,-1005.2549,0.738222
-761.7532,39.2050,-1004.3358,0.738387
-761.8339,39.2185,-1003.4154,0.738552
-761.9115,39.2323,-1002.4902,0.738724
-761.9854,39.2466,-1001.5663,0.738889
-762.0566,39.2611,-1000.6345,0.739056
-762.1253,39.2759,-999.7019,0.739227
-762.1930,39.2905,-998.7609,0.739395
-762.2582,39.3050,-997.8254,0.739564
-762.3216,39.3197,-996.8813,0.739731
-762.3828,39.3348,-995.9359,0.739900
-762.4413,39.3500,-994.9899,0.740076
-762.4975,39.3657,-994.0370,0.740242
-762.5505,39.3812,-993.0828,0.740417
-762.6016,39.3966,-992.1202,0.740585
-762.6495,39.4115,-991.1669,0.740760
-762.6951,39.4263,-990.2058,0.740933
-762.7380,39.4407,-989.2416,0.741104
-762.7792,39.4546,-988.2715,0.741278
-762.8184,39.4680,-987.2997,0.741447
-762.8555,39.4814,-986.3228,0.741624
-762.8902,39.4947,-985.3475,0.741795
-762.9225,39.5080,-984.3680,0.741970
-762.9529,39.5210,-983.3821,0.742146
-762.9810,39.5330,-982.3967,0.742320
-763.0068,39.5441,-981.4069,0.742495
-763.0308,39.5546,-980.4143,0.742674
-763.0532,39.5653,-979.4164,0.742852
-763.0739,39.5763,-978.4160,0.743027
-763.0929,39.5873,-977.4154,0.743203
-763.1106,39.5990,-976.4088,0.743383
-763.1261,39.6107,-975.3997,0.743558
-763.1395,39.6219,-974.3911,0.743739
-763.1503,39.6321,-973.3763,0.743917
-763.1580,39.6409,-972.3591,0.744100
-763.1633,39.6482,-971.3392,0.744281
-763.1662,39.6545,-970.3134,0.744460
-763.1663,39.6604,-969.2850,0.744640
-763.1639,39.6653,-968.2574,0.744827
-763.1591,39.6704,-967.2230,0.745003
-763.1522,39.6750,-966.1904,0.745188
-763.1435,39.6800,-965.1484,0.745372
-763.1332,39.6855,-964.1034,0.745558
-763.1210,39.6912,-963.0593,0.745742
-763.1074,39.6968,-962.0104,0.745925
-763.0919,39.7023,-960.9566,0.746111
-763.0744,39.7079,-959.9014,0.746298
-763.0557,39.7138,-958.8430,0.746484
-763.0349,39.7202,-957.7818,0.746672
-763.0126,39.7268,-956.7196,0.746856
-762.9885,39.7334,-955.6485,0.747045
-762.9632,39.7397,-954.5798,0.747230
-762.9358,39.7461,-953.5081,0.747424
-762.9064,39.7527,-952.4281,0.747608
-762.8742,39.7587,-951.3495,0.747801
-762.8394,39.7642,-950.2713,0.747988
-762.8013,39.7692,-949.1916,0.748177
-762.7598,39.7745,-948.0969,0.748371
-762.7145,39.7809,-947.0106,0.748562
-762.6670,39.7884,-945.9224,0.748756
-762.6159,39.7963,-944.8240,0.748949
-762.5628,39.8041,-943.7280,0.749142
-762.5078,39.8113,-942.6256,0.749335
-762.4514,39.8186,-941.5204,0.749529
-762.3932,39.8260,-940.4136,0.749725
-762.3333,39.8338,-939.3046,0.749919
-762.2722,39.8422,-938.1903,0.750117
-762.2101,39.8497,-937.0751,0.750315
-762.1473,39.8566,-935.9570,0.750511
-762.0831,39.8633,-934.8315,0.750711
-762.0184,39.8704,-933.7109,0.750911
-761.9517,39.8781,-932.5811,0.751111
-761.8832,39.8860,-931.4525,0.751310
-761.8120,39.8934,-930.3177,0.751513
-761.7375,39.9001,-929.1882,0.751714
-761.6592,39.9067,-928.0559,0.751917
-761.5775,39.9137,-926.9152,0.752118
-761.4921,39.9206,-925.7720,0.752321
-761.4043,39.9267,-924.6322,0.752529
-761.3148,39.9319,-923.4893,0.752727
-761.2227,39.9367,-922.3387,0.752935
-761.1282,39.9407,-921.1938,0.753142
-761.0314,39.9434,-920.0479,0.753342
-760.9320,39.9448,-918.8968,0.753550
-760.8310,39.9461,-917.7491,0.753759
-760.7277,39.9476,-916.5999,0.753963
-760.6218,39.9530,-915.4487,0.754166
-760.5135,39.9550,-914.2993,0.754368
-760.4033,39.9572,-913.1521,0.754578
-760.2909,39.9592,-912.0038,0.754784
-760.1754,39.9608,-910.8547,0.754988
-760.0563,39.9615,-909.7080,0.755191
-759.9339,39.9620,-908.5566,0.755397
-759.8098,39.9620,-907.4142,0.755601
-759.6817,39.9616,-906.2653,0.755808
-759.5509,39.9607,-905.1193,0.756009
-759.4173,39.9599,-903.9716,0.756216
-759.2816,39.9586,-902.8328,0.756416
-759.1421,39.9568,-901.6894,0.756625
-758.9976,39.9540,-900.5374,0.756830
-758.8514,39.9508,-899.3999,0.757032
-758.7005,39.9468,-898.2542,0.757236
-758.5462,39.9425,-897.1129,0.757440
-758.3879,39.9377,-895.9713,0.757644
-758.2260,39.9325,-894.8329,0.757853
-758.0596,39.9271,-893.6919,0.758053
-757.8887,39.9216,-892.5469,0.758258
-757.7155,39.9162,-891.4116,0.758464
-757.5361,39.9112,-890.2671,0.758668
-757.3544,39.9060,-889.1313,0.758871
-757.1672,39.8999,-887.9897,0.759075
-756.9775,39.8926,-886.8584,0.759280
-756.7822,39.8846,-885.7197,0.759483
-756.5817,39.8768,-884.5769,0.759691
-756.3784,39.8699,-883.4448,0.759895
-756.1704,39.8633,-882.3121,0.760094
-755.9567,39.8563,-881.1750,0.760300
-755.7397,39.8488,-880.0419,0.760503
-755.5192,39.8412,-878.9133,0.760706
-755.2937,39.8330,-877.7834,0.760909
-755.0624,39.8245,-876.6474,0.761115
-754.8292,39.8155,-875.5227,0.761318
-754.5900,39.8059,-874.3904,0.761523
-754.3487,39.7958,-873.2698,0.761726
-754.0994,39.7853,-872.1362,0.761927
-753.8488,39.7748,-871.0151,0.762133
-753.5932,39.7642,-869.8933,0.762336
-753.3314,39.7532,-868.7659,0.762537
-753.0670,39.7415,-867.6478,0.762742
-752.7974,39.7290,-866.5272,0.762944
-752.5240,39.7167,-865.4116,0.763149
-752.2445,39.7049,-864.2899,0.763353
-751.9612,39.6941,-863.1766,0.763553
-751.6738,39.6830,-862.0654,0.763758
-751.3804,39.6711,-860.9485,0.763961
-751.0839,39.6588,-859.8381,0.764160
-750.7820,39.6463,-858.7262,0.764363
-750.4767,39.6340,-857.6207,0.764566
-750.1658,39.6213,-856.5122,0.764766
-749.8516,39.6082,-855.4094,0.764969
-749.5330,39.5946,-854.3070,0.765172
-749.2065,39.5802,-853.1971,0.765375
-748.8796,39.5650,-852.1005,0.765577
-748.5479,39.5494,-851.0026,0.765777
-748.2108,39.5336,-849.9026,0.765980
-747.8700,39.5179,-848.8054,0.766182
-747.5255,39.5020,-847.7125,0.766382
-747.1768,39.4851,-846.6220,0.766584
-746.8226,39.4667,-845.5285,0.766788
-746.4642,39.4473,-844.4374,0.766987
-746.1041,39.4277,-843.3544,0.767187
-745.7378,39.4071,-842.2667,0.767388
-745.3658,39.3854,-841.1772,0.767594
-744.9926,39.3629,-840.0970,0.767795
-744.6132,39.3392,-839.0129,0.767997
-744.2316,39.3148,-837.9376,0.768197
-743.8441,39.2897,-836.8585,0.768399
-743.4511,39.2651,-835.7794,0.768602
-743.0538,39.2413,-834.7014,0.768805
-742.6545,39.2180,-833.6334,0.769004
-742.2493,39.1945,-832.5637,0.769205
-741.8376,39.1704,-831.4905,0.769408
-741.4233,39.1457,-830.4233,0.769610
-741.0051,39.1211,-829.3601,0.769811
-740.5800,39.0960,-828.2939,0.770015
-740.1520,39.0702,-827.2359,0.770215
-739.7197,39.0438,-826.1779,0.770417
-739.2803,39.0170,-825.1168,0.770618
-738.8387,38.9904,-824.0651,0.770819
-738.3914,38.9634,-823.0143,0.771021
-737.9372,38.9358,-821.9620,0.771223
-737.4791,38.9073,-820.9133,0.771424
-737.0157,38.8779,-819.8656,0.771628
-736.5502,38.8464,-818.8274,0.771828
-736.0771,38.8135,-817.7843,0.772030
-735.5993,38.7791,-816.7433,0.772231
-735.1193,38.7441,-815.7108,0.772431
-734.6297,38.7092,-814.6710,0.772635
-734.1386,38.6750,-813.6434,0.772835
-733.6393,38.6414,-812.6128,0.773038
-733.1362,38.6079,-811.5890,0.773238
-732.6261,38.5743,-810.5656,0.773442
-732.1110,38.5412,-809.5480,0.773643
-731.5895,38.5085,-808.5305,0.773845
-731.0604,38.4750,-807.5117,0.774046
-730.5284,38.4407,-806.5003,0.774248
-729.9922,38.4059,-805.4930,0.774449
-729.4518,38.3705,-804.4871,0.774652
-728.9036,38.3349,-803.4756,0.774854
-728.3567,38.2999,-802.4755,0.775055
-727.8049,38.2646,-801.4761,0.775256
-727.2491,38.2276,-800.4765,0.775458
-726.6906,38.1892,-799.4763,0.775658
-726.1293,38.1501,-798.4754,0.775861
-725.5692,38.1116,-797.4800,0.776063
-725.0037,38.0738,-796.4787,0.776265
-724.4390,38.0369,-795.4814,0.776467
-723.8736,38.0004,-794.4862,0.776666
-723.3030,37.9634,-793.4850,0.776871
-722.7368,37.9253,-792.4930,0.777072
-722.1640,37.8864,-791.4920,0.777275
-721.5952,37.8476,-790.5011,0.777476
-721.0234,37.8083,-789.5106,0.777677
-720.4469,37.7680,-788.5174,0.777879
-719.8694,37.7271,-787.5306,0.778082
-719.2862,37.6853,-786.5430,0.778284
-718.7004,37.6437,-785.5640,0.778484
-718.1065,37.6029,-784.5820,0.778689
-717.5074,37.5625,-783.6041,0.778891
-716.9066,37.5227,-782.6364,0.779093
-716.2977,37.4825,-781.6682,0.779295
-715.6826,37.4422,-780.7029,0.779496
-715.0585,37.4014,-779.7363,0.779699
-714.4324,37.3604,-778.7798,0.779901
-713.8011,37.3181,-777.8295,0.780102
-713.1617,37.2743,-776.8748,0.780304
-712.5203,37.2301,-775.9265,0.780506
-711.8757,37.1859,-774.9844,0.780707
-711.2258,37.1406,-774.0452,0.780910
-710.5675,37.0935,-773.1035,0.781110
-709.9066,37.0457,-772.1678,0.781313
-709.2407,36.9983,-771.2357,0.781516
-708.5677,36.9512,-770.3049,0.781718
-707.8891,36.9046,-769.3784,0.781919
-707.2081,36.8583,-768.4570,0.782123
-706.5204,36.8115,-767.5365,0.782323
-705.8309,36.7647,-766.6233,0.782526
-705.1339,36.7179,-765.7100,0.782730
-704.4318,36.6718,-764.8000,0.782931
-703.7288,36.6266,-763.8983,0.783135
-703.0165,36.5811,-762.9944,0.783336
-702.3029,36.5363,-762.0985,0.783539
-701.5815,36.4922,-761.2006,0.783742
-700.8574,36.4496,-760.3085,0.783944
-700.1296,36.4071,-759.4215,0.784145
-699.3961,36.3652,-758.5355,0.784349
-698.6599,36.3242,-757.6548,0.784552
-697.9188,36.2838,-756.7776,0.784753
-697.1715,36.2440,-755.9022,0.784955
-696.4209,36.2044,-755.0325,0.785162
-695.6682,36.1654,-754.1663,0.785363
-694.9084,36.1268,-753.2977,0.785563
-694.1486,36.0894,-752.4329,0.785768
-693.3828,36.0534,-751.5658,0.785972
-692.6135,36.0179,-750.6983,0.786176
-691.8493,35.9832,-749.8398,0.786379
-691.0769,35.9487,-748.9752,0.786582
-690.3010,35.9148,-748.1102,0.786789
-689.5249,35.8812,-747.2479,0.786989
-688.7449,35.8477,-746.3835,0.787196
-687.9606,35.8138,-745.5170,0.787402
-687.1750,35.7798,-744.6516,0.787610
-686.3928,35.7461,-743.7922,0.787813
-685.6020,35.7118,-742.9259,0.788019
-684.8103,35.6766,-742.0610,0.788227
-684.0197,35.6413,-741.1995,0.788432
-683.2184,35.6055,-740.3292,0.788642
-682.4267,35.5698,-739.4717,0.788846
-681.6257,35.5333,-738.6061,0.789055
-680.8195,35.4961,-737.7379,0.789265
-680.0139,35.4585,-736.8724,0.789473
-679.2087,35.4203,-736.0099,0.789679
-678.3983,35.3817,-735.1442,0.789889
-677.5871,35.3427,-734.2805,0.790096
-676.7687,35.3028,-733.4119,0.790310
-675.9578,35.2631,-732.5537,0.790513
-675.1365,35.2227,-731.6872,0.790728
-674.3176,35.1817,-730.8262,0.790937
-673.4918,35.1396,-729.9601,0.791147
-672.6646,35.0974,-729.0955,0.791360
-671.8405,35.0555,-728.2365,0.791567
-671.0090,35.0139,-727.3721,0.791779
-670.1747,34.9720,-726.5070,0.791990
-669.3436,34.9293,-725.6462,0.792202
-668.5023,34.8844,-724.7754,0.792411
-667.6704,34.8391,-723.9158,0.792626
-666.8314,34.7922,-723.0498,0.792839
-665.9899,34.7444,-722.1823,0.793050
-665.1473,34.6958,-721.3148,0.793264
-664.3037,34.6469,-720.4471,0.793477
-663.4574,34.5984,-719.5785,0.793692
-662.6120,34.5501,-718.7114,0.793903
-661.7620,34.5024,-717.8412,0.794118
-660.9081,34.4550,-716.9677,0.794331
-660.0581,34.4076,-716.0992,0.794547
-659.2009,34.3603,-715.2242,0.794764
-658.3424,34.3130,-714.3487,0.794978
-657.4832,34.2657,-713.4738,0.795197
-656.6246,34.2188,-712.6003,0.795410
-655.7631,34.1719,-711.7249,0.795628
-654.8982,34.1247,-710.8468,0.795846
-654.0317,34.0770,-709.9678,0.796063
-653.1640,34.0290,-709.0880,0.796282
-652.2975,33.9815,-708.2101,0.796493
-651.4250,33.9342,-707.3271,0.796716
-650.5515,33.8870,-706.4435,0.796934
-649.6802,33.8396,-705.5629,0.797149
-648.8028,33.7919,-704.6769,0.797370
-647.9266,33.7448,-703.7926,0.797586
-647.0500,33.6985,-702.9087,0.797803
-646.1697,33.6522,-702.0217,0.798023
-645.2869,33.6060,-701.1328,0.798246
-644.4061,33.5598,-700.2463,0.798465
-643.5197,33.5127,-699.3549,0.798683
-642.6349,33.4649,-698.4655,0.798902
-641.7441,33.4164,-697.5709,0.799123
-640.8547,33.3688,-696.6777,0.799345
-639.9678,33.3222,-695.7881,0.799565
-639.0734,33.2752,-694.8912,0.799785
-638.1763,33.2277,-693.9926,0.800014
-637.2867,33.1810,-693.1022,0.800232
-636.3880,33.1349,-692.2033,0.800457
-635.4900,33.0899,-691.3054,0.800677
-634.5919,33.0447,-690.4080,0.800897
-633.6888,32.9983,-689.5062,0.801124
-632.7859,32.9516,-688.6052,0.801347
-631.8808,32.9045,-687.7023,0.801573
-630.9786,32.8581,-686.8030,0.801793
-630.0749,32.8116,-685.9030,0.802017
-629.1651,32.7646,-684.9971,0.802237
-628.2532,32.7170,-684.0900,0.802467
-627.3430,32.6677,-683.1851,0.802691
-626.4302,32.6172,-682.2781,0.802921
-625.5146,32.5653,-681.3686,0.803142
-624.5999,32.5127,-680.4603,0.803367
-623.6872,32.4600,-679.5550,0.803595
-622.7668,32.4067,-678.6421,0.803821
-621.8464,32.3530,-677.7299,0.804050
-620.9294,32.2985,-676.8215,0.804274
-620.0052,32.2422,-675.9063,0.804501
-619.0811,32.1846,-674.9920,0.804732
-618.1548,32.1261,-674.0762,0.804957
-617.2318,32.0679,-673.1644,0.805184
-616.2993,32.0094,-672.2440,0.805413
-615.3729,31.9513,-671.3301,0.805642
-614.4395,31.8927,-670.4099,0.805874
-613.5068,31.8345,-669.4910,0.806103
-612.5783,31.7769,-668.5770,0.806331
-611.6381,31.7172,-667.6516,0.806561
-610.7051,31.6566,-666.7337,0.806789
-609.7691,31.5953,-665.8137,0.807020
-608.8294,31.5339,-664.8906,0.807250
-607.8908,31.4727,-663.9697,0.807481
-606.9492,31.4110,-663.0461,0.807712
-606.0067,31.3492,-662.1210,0.807942
-605.0641,31.2874,-661.1957,0.808172
-604.1236,31.2253,-660.2726,0.808407
-603.1780,31.1621,-659.3445,0.808638
-602.2332,31.0984,-658.4171,0.808871
-601.2914,31.0353,-657.4927,0.809103
-600.3416,30.9715,-656.5606,0.809336
-599.3950,30.9074,-655.6315,0.809566
-598.4489,30.8421,-654.7025,0.809798
-597.4995,30.7767,-653.7699,0.810028
-596.5511,30.7111,-652.8369,0.810264
-595.6049,30.6448,-651.9043,0.810498
-594.6562,30.5774,-650.9681,0.810730
-593.7064,30.5097,-650.0298,0.810964
-592.7585,30.4425,-649.0933,0.811197
-591.8073,30.3750,-648.1529,0.811434
-590.8563,30.3075,-647.2124,0.811669
-589.9045,30.2406,-646.2706,0.811902
-588.9563,30.1748,-645.3315,0.812136
-588.0017,30.1084,-644.3849,0.812370
-587.0511,30.0415,-643.4417,0.812605
-586.0950,29.9728,-642.4923,0.812841
-585.1449,29.9042,-641.5487,0.813079
-584.1909,29.8359,-640.6014,0.813311
-583.2377,29.7680,-639.6547,0.813544
-582.2773,29.6993,-638.7004,0.813786
-581.3238,29.6304,-637.7529,0.814017
-580.3641,29.5602,-636.7985,0.814257
-579.4080,29.4896,-635.8477,0.814493
-578.4489,29.4175,-634.8933,0.814731
-577.4905,29.3442,-633.9400,0.814966
-576.5262,29.2708,-632.9810,0.815206
-575.5677,29.1983,-632.0278,0.815442
-574.6013,29.1246,-631.0667,0.815680
-573.6404,29.0507,-630.1109,0.815915
-572.6752,28.9767,-629.1509,0.816154
-571.7078,28.9036,-628.1888,0.816396
-570.7413,28.8317,-627.2274,0.816637
-569.7758,28.7608,-626.2669,0.816875
-568.8037,28.6893,-625.3007,0.817113
-567.8340,28.6179,-624.3369,0.817353
-566.8660,28.5466,-623.3751,0.817590
-565.8904,28.4745,-622.4061,0.817831
-564.9169,28.4030,-621.4391,0.818076
-563.9448,28.3329,-620.4738,0.818313
-562.9685,28.2631,-619.5043,0.818553
-561.9911,28.1939,-618.5341,0.818795
-561.0150,28.1250,-617.5653,0.819033
-560.0399,28.0559,-616.5978,0.819276
-559.0594,27.9861,-615.6253,0.819519
-558.0776,27.9164,-614.6517,0.819759
-557.0963,27.8465,-613.6789,0.820001
-556.1126,27.7765,-612.7039,0.820244
-555.1283,27.7072,-611.7285,0.820486
-554.1409,27.6378,-610.7502,0.820729
-553.1569,27.5680,-609.7753,0.820973
-552.1722,27.4981,-608.8004,0.821217
-551.1811,27.4272,-607.8192,0.821460
-550.1949,27.3554,-606.8430,0.821707
-549.2056,27.2810,-605.8635,0.821947
-548.2120,27.2043,-604.8801,0.822192
-547.2238,27.1262,-603.9024,0.822436
-546.2285,27.0463,-602.9177,0.822681
-545.2405,26.9669,-601.9409,0.822924
-544.2445,26.8866,-600.9568,0.823173
-543.2466,26.8060,-599.9715,0.823414
-542.2525,26.7257,-598.9905,0.823660
-541.2524,26.6438,-598.0046,0.823907
-540.2515,26.5603,-597.0187,0.824153
-539.2477,26.4758,-596.0304,0.824400
-538.2476,26.3901,-595.0466,0.824648
-537.2453,26.3019,-594.0613,0.824892
-536.2425,26.2125,-593.0760,0.825139
-535.2381,26.1236,-592.0902,0.825386
-534.2302,26.0348,-591.1017,0.825633
-533.2217,25.9458,-590.1136,0.825883
-532.2167,25.8568,-589.1290,0.826127
-531.2017,25.7675,-588.1348,0.826379
-530.1921,25.6796,-587.1460,0.826626
-529.1809,25.5913,-586.1556,0.826874
-528.1701,25.5023,-585.1661,0.827119
-527.1509,25.4121,-584.1689,0.827371
-526.1392,25.3223,-583.1788,0.827618
-525.1216,25.2321,-582.1836,0.827869
-524.1044,25.1430,-581.1887,0.828116
-523.0915,25.0556,-580.1982,0.828366
-522.0704,24.9696,-579.2001,0.828614
-521.0522,24.8853,-578.2047,0.828864
-520.0302,24.8012,-577.2054,0.829116
-519.0073,24.7178,-576.2053,0.829364
-517.9900,24.6347,-575.2107,0.829614
-516.9666,24.5503,-574.2103,0.829868
-515.9410,24.4646,-573.2072,0.830120
-514.9156,24.3782,-572.2048,0.830369
-513.8942,24.2914,-571.2065,0.830619
-512.8672,24.2042,-570.2028,0.830870
-511.8419,24.1179,-569.2006,0.831122
-510.8132,24.0319,-568.1946,0.831373
-509.7874,23.9469,-567.1909,0.831625
-508.7578,23.8617,-566.1828,0.831877
-507.7303,23.7756,-565.1766,0.832129
-506.6999,23.6900,-564.1674,0.832380
-505.6729,23.6062,-563.1609,0.832634
-504.6419,23.5220,-562.1500,0.832886
-503.6072,23.4353,-561.1351,0.833140
-502.5815,23.3479,-560.1285,0.833392
-501.5477,23.2608,-559.1140,0.833645
-500.5134,23.1744,-558.0984,0.833900
-499.4849,23.0893,-557.0879,0.834151
-498.4502,23.0047,-556.0710,0.834407
-497.4163,22.9205,-555.0545,0.834657
-496.3828,22.8379,-554.0380,0.834914
-495.3479,22.7559,-553.0197,0.835166
-494.3080,22.6733,-551.9965,0.835422
-493.2772,22.5914,-550.9822,0.835675
-492.2398,22.5094,-549.9614,0.835931
-491.1997,22.4274,-548.9378,0.836185
-490.1660,22.3468,-547.9200,0.836437
-489.1267,22.2682,-546.8961,0.836693
-488.0871,22.1917,-545.8708,0.836951
-487.0506,22.1162,-544.8476,0.837202
-486.0114,22.0421,-543.8207,0.837458
-484.9716,21.9742,-542.7928,0.837714
-483.9371,21.9062,-541.7687,0.837967
-482.8959,21.8367,-540.7372,0.838225
-481.8557,21.7665,-539.7064,0.838481
-480.8236,21.6969,-538.6834,0.838737
-479.7839,21.6263,-537.6531,0.838990
-478.7397,21.5554,-536.6182,0.839248
-477.7059,21.4860,-535.5933,0.839503
-476.6716,21.4171,-534.5679,0.839757
-475.6313,21.3478,-533.5366,0.840012
-474.5973,21.2794,-532.5113,0.840267
-473.5623,21.2106,-531.4849,0.840521
-472.5226,21.1410,-530.4538,0.840778
-471.4900,21.0711,-529.4295,0.841033
-470.4571,21.0005,-528.4045,0.841286
-469.4207,20.9300,-527.3762,0.841538
-468.3924,20.8607,-526.3557,0.841793
-467.3579,20.7916,-525.3283,0.842048
-466.3224,20.7232,-524.2991,0.842304
-465.2965,20.6570,-523.2787,0.842554
-464.2640,20.5916,-522.2509,0.842809
-463.2268,20.5260,-521.2175,0.843065
-462.2036,20.4612,-520.1971,0.843318
-461.1732,20.3958,-519.1686,0.843572
-460.1429,20.3293,-518.1392,0.843825
-459.1175,20.2629,-517.1132,0.844078
-458.0913,20.1970,-516.0848,0.844329
-457.0612,20.1310,-515.0511,0.844584
-456.0381,20.0654,-514.0226,0.844838
-455.0106,20.0005,-512.9880,0.845094
-453.9828,19.9371,-511.9512,0.845347
-452.9669,19.8742,-510.9237,0.845598
-451.9442,19.8091,-509.8870,0.845853
-450.9235,19.7428,-508.8503,0.846105
-449.9062,19.6756,-507.8154,0.846358
-448.8856,19.6081,-506.7747,0.846612
-447.8659,19.5408,-505.7322,0.846865
-446.8519,19.4742,-504.6932,0.847119
-445.8361,19.4082,-503.6496,0.847372
-444.8224,19.3422,-502.6052,0.847625
-443.8125,19.2749,-501.5619,0.847878
-442.8055,19.2058,-500.5190,0.848131
-441.7937,19.1349,-499.4684,0.848382
-440.7894,19.0641,-498.4231,0.848637
-439.7805,18.9936,-497.3693,0.848890
-438.7729,18.9234,-496.3142,0.849145
-437.7736,18.8530,-495.2646,0.849395
-436.7694,18.7821,-494.2064,0.849648
-435.7682,18.7119,-493.1475,0.849901
-434.7740,18.6431,-492.0918,0.850153
-433.7803,18.5747,-491.0334,0.850404
-432.7780,18.5050,-489.9616,0.850659
-431.7906,18.4356,-488.9012,0.850911
-430.8002,18.3657,-487.8333,0.851162
-429.8136,18.2951,-486.7646,0.851418
-428.8292,18.2238,-485.6938,0.851669
-427.8448,18.1527,-484.6188,0.851922
-426.8609,18.0813,-483.5396,0.852175
-425.8876,18.0099,-482.4667,0.852427
-424.9099,17.9373,-481.3838,0.852680
-423.9334,17.8652,-480.2968,0.852933
-422.9654,17.7948,-479.2143,0.853186
-421.9973,17.7247,-478.1257,0.853438
-421.0284,17.6558,-477.0299,0.853690
-420.0708,17.5891,-475.9409,0.853942
-419.1118,17.5238,-474.8439,0.854195
-418.1504,17.4587,-473.7376,0.854449
-417.1989,17.3950,-472.6368,0.854699
-416.2533,17.3336,-471.5372,0.854950
-415.3015,17.2728,-470.4234,0.855206
-414.3580,17.2126,-469.3140,0.855457
-413.4209,17.1531,-468.2058,0.855711
-412.4770,17.0946,-467.0832,0.855960
-411.5456,17.0389,-465.9686,0.856214
-410.6158,16.9840,-464.8481,0.856467
-409.6849,16.9281,-463.7189,0.856721
-408.7654,16.8710,-462.5967,0.856971
-407.8444,16.8132,-461.4655,0.857222
-406.9234,16.7560,-460.3280,0.857475
-406.0114,16.6996,-459.1942,0.857726
-405.1024,16.6432,-458.0573,0.857977
-404.1917,16.5862,-456.9108,0.858228
-403.2939,16.5302,-455.7734,0.858478
-402.3927,16.4748,-454.6247,0.858732
-401.4936,16.4204,-453.4707,0.858983
-400.6052,16.3675,-452.3222,0.859233
-399.7150,16.3142,-451.1649,0.859484
-398.8295,16.2614,-450.0056,0.859738
-397.9515,16.2091,-448.8481,0.859989
-397.0767,16.1567,-447.6866,0.860238
-396.2003,16.1040,-446.5150,0.860491
-395.3347,16.0516,-445.3495,0.860741
-394.4699,15.9993,-444.1782,0.860995
-393.6009,15.9471,-442.9923,0.861248
-392.7484,15.8970,-441.8208,0.861500
-391.8943,15.8477,-440.6374,0.861750
-391.0435,15.7986,-439.4491,0.862002
-390.2029,15.7495,-438.2660,0.862253
-389.3643,15.6999,-437.0773,0.862502
-388.5286,15.6488,-435.8843,0.862757
-387.6974,15.5963,-434.6894,0.863009
-386.8692,15.5427,-433.4902,0.863261
-386.0444,15.4899,-432.2858,0.863512
-385.2262,15.4393,-431.0825,0.863766
-384.4145,15.3899,-429.8783,0.864015
-383.6028,15.3400,-428.6641,0.864266
-382.7987,15.2904,-427.4517,0.864518
-381.9987,15.2416,-426.2353,0.864766
-381.2012,15.1929,-425.0121,0.865019
-380.4133,15.1444,-423.7937,0.865266
-379.6273,15.0961,-422.5675,0.865519
-378.8416,15.0483,-421.3329,0.865771
-378.0675,15.0019,-420.1060,0.866022
-377.2973,14.9558,-418.8743,0.866271
-376.5270,14.9095,-417.6316,0.866521
-375.7666,14.8631,-416.3935,0.866771
-375.0113,14.8152,-415.1520,0.867021
-374.2582,14.7655,-413.9029,0.867274
-373.5118,14.7151,-412.6523,0.867522
-372.7716,14.6654,-411.4013,0.867774
-372.0343,14.6166,-410.1427,0.868024
-371.3034,14.5684,-408.8828,0.868272
-370.5805,14.5203,-407.6247,0.868524
-369.8593,14.4722,-406.3584,0.868772
-369.1453,14.4245,-405.0932,0.869022
-368.4341,14.3764,-403.8225,0.869272
-367.7299,14.3278,-402.5536,0.869520
-367.0173,14.2791,-401.2605,0.869775
-366.3307,14.2324,-400.0033,0.870021
-365.6356,14.1847,-398.7190,0.870270
-364.9509,14.1363,-397.4433,0.870520
-364.2674,14.0865,-396.1605,0.870770
-363.5858,14.0361,-394.8715,0.871022
-362.9140,13.9859,-393.5901,0.871269
-362.2420,13.9341,-392.2984,0.871519
-361.5757,13.8813,-391.0061,0.871769
-360.9135,13.8277,-389.7130,0.872021
-360.2552,13.7745,-388.4171,0.872270
-359.6006,13.7228,-387.1163,0.872521
-358.9518,13.6728,-385.8150,0.872770
-358.3079,13.6240,-384.5126,0.873019
-357.6680,13.5751,-383.2084,0.873273
-357.0320,13.5254,-381.9030,0.873518
-356.3934,13.4731,-380.5815,0.873772
-355.7702,13.4218,-379.2834,0.874018
-355.1450,13.3712,-377.9726,0.874266
-354.5242,13.3213,-376.6617,0.874519
-353.9048,13.2710,-375.3441,0.874767
-353.2900,13.2208,-374.0274,0.875016
-352.6779,13.1720,-372.7068,0.875267
-352.0725,13.1252,-371.3907,0.875515
-351.4692,13.0796,-370.0674,0.875765
-350.8689,13.0334,-368.7429,0.876016
-350.2731,12.9871,-367.4182,0.876267
-349.6810,12.9409,-366.0923,0.876517
-349.0917,12.8949,-364.7629,0.876764
-348.5062,12.8501,-363.4312,0.877017
-347.9251,12.8056,-362.0997,0.877265
-347.3499,12.7610,-360.7712,0.877515
-346.7745,12.7159,-359.4314,0.877764
-346.2043,12.6717,-358.0942,0.878013
-345.6402,12.6289,-356.7601,0.878265
-345.0781,12.5878,-355.4155,0.878516
-344.5241,12.5477,-354.0722,0.878763
-343.9747,12.5074,-352.7223,0.879014
-343.4343,12.4674,-351.3768,0.879264
-342.8984,12.4277,-350.0236,0.879514
-342.3691,12.3894,-348.6642,0.879764
-341.8500,12.3523,-347.3120,0.880013
-341.3356,12.3146,-345.9505,0.880263
-340.8290,12.2771,-344.5895,0.880515
-340.3292,12.2394,-343.2236,0.880765
-339.8385,12.2013,-341.8599,0.881013
-339.3522,12.1620,-340.4857,0.881265
-338.8741,12.1224,-339.1116,0.881517
-338.4063,12.0832,-337.7437,0.881765
-337.9427,12.0438,-336.3648,0.882016
-337.4843,12.0041,-334.9857,0.882265
-337.0309,11.9649,-333.6035,0.882521
-336.5868,11.9267,-332.2317,0.882769
-336.1425,11.8890,-330.8408,0.883018
-335.7051,11.8521,-329.4532,0.883269
-335.2756,11.8154,-328.0740,0.883518
-334.8499,11.7780,-326.6934,0.883768
-334.4265,11.7402,-325.3087,0.884018
-334.0039,11.7035,-323.9158,0.884271
-333.5888,11.6672,-322.5345,0.884519
-333.1733,11.6314,-321.1402,0.884772
-332.7623,11.5967,-319.7486,0.885022
-332.3571,11.5618,-318.3654,0.885270
-331.9519,11.5262,-316.9704,0.885522
-331.5499,11.4906,-315.5756,0.885774
-331.1528,11.4559,-314.1853,0.886026
-330.7566,11.4209,-312.7894,0.886274
-330.3620,11.3858,-311.3900,0.886525
-329.9741,11.3515,-310.0038,0.886774
-329.5849,11.3174,-308.6028,0.887025
-329.2019,11.2836,-307.2132,0.887277
-328.8191,11.2487,-305.8144,0.887527
-328.4376,11.2132,-304.4087,0.887782
-328.0636,11.1770,-303.0173,0.888028
-327.6896,11.1407,-301.6154,0.888279
-327.3190,11.1047,-300.2136,0.888531
-326.9501,11.0689,-298.8053,0.888784
-326.5892,11.0351,-297.4134,0.889033
-326.2265,11.0021,-296.0002,0.889285
-325.8697,10.9702,-294.5964,0.889537
-325.5179,10.9387,-293.2006,0.889785
-325.1653,10.9071,-291.7859,0.890037
-324.8193,10.8761,-290.3866,0.890285
-324.4754,10.8459,-288.9827,0.890538
-324.1323,10.8163,-287.5673,0.890789
-323.7949,10.7877,-286.1617,0.891040
-323.4612,10.7596,-284.7560,0.891289
-323.1297,10.7314,-283.3433,0.891541
-322.8023,10.7034,-281.9316,0.891792
-322.4801,10.6756,-280.5277,0.892042
-322.1574,10.6485,-279.1083,0.892295
-321.8377,10.6224,-277.6967,0.892545
-321.5217,10.5976,-276.2918,0.892797
-321.2056,10.5740,-274.8747,0.893047
-320.8804,10.5532,-273.4653,0.893297
-320.5726,10.5356,-272.0574,0.893545
-320.2652,10.5177,-270.6372,0.893798
-319.9734,10.4980,-269.2049,0.894050
-319.6657,10.4826,-267.8116,0.894299
-319.3812,10.4562,-266.3759,0.894550
-319.0781,10.4442,-264.9718,0.894800
-318.8026,10.4033,-263.5464,0.895053
-318.5076,10.4027,-262.1440,0.895300
-318.2273,10.3814,-260.7242,0.895552
-317.9621,10.3490,-259.2906,0.895802
-317.6781,10.3381,-257.8831,0.896052
-317.4196,10.3045,-256.4473,0.896305
-317.1424,10.2978,-255.0505,0.896555
-316.8869,10.2551,-253.6119,0.896807
-316.6229,10.2577,-252.1945,0.897058
-316.3499,10.2416,-250.7943,0.897308
-316.0990,10.2125,-249.3587,0.897556
-315.8278,10.2061,-247.9588,0.897807
-315.5790,10.1674,-246.5263,0.898057
-315.3096,10.1709,-245.1252,0.898308
-315.0621,10.1285,-243.6888,0.898558
-314.8058,10.1314,-242.2752,0.898808
-314.5488,10.0824,-240.8543,0.899059
-314.2932,10.0850,-239.4362,0.899307
-314.0285,10.0783,-238.0388,0.899557
-313.7854,10.0372,-236.6076,0.899807
-313.5212,10.0375,-235.2071,0.900059
-313.2784,9.9925,-233.7741,0.900310
-313.0265,9.9918,-232.3643,0.900557
-312.7739,9.9379,-230.9448,0.900809
-312.5229,9.9357,-229.5316,0.901059
-312.2616,9.9233,-228.1346,0.901309
-312.0210,9.8784,-226.6993,0.901557
-311.7608,9.8738,-225.3040,0.901808
-311.5220,9.8199,-223.8721,0.902058
-311.2739,9.8159,-222.4586,0.902310
-311.0263,9.7668,-221.0441,0.902558
-310.7791,9.7616,-219.6273,0.902808
-310.5351,9.7301,-218.2223,0.903059
-310.2880,9.6964,-216.8037,0.903306
-310.0319,9.6837,-215.4044,0.903557
-309.7967,9.6289,-213.9691,0.903809
-309.5527,9.6202,-212.5610,0.904057
-309.3082,9.5594,-211.1500,0.904308
-309.0623,9.5554,-209.7326,0.904558
-308.8178,9.4929,-208.3254,0.904808
-308.5725,9.4807,-206.9143,0.905056
-308.3155,9.4574,-205.5143,0.905303
-308.0817,9.4002,-204.0896,0.905554
-307.8257,9.3840,-202.6932,0.905804
-307.5912,9.3149,-201.2614,0.906053
-307.3471,9.2972,-199.8521,0.906306
-307.1024,9.2337,-198.4344,0.906555
-306.8595,9.2146,-197.0270,0.906807
-306.6059,9.1843,-195.6340,0.907055
-306.3733,9.1246,-194.2039,0.907302
-306.1197,9.0997,-192.8056,0.907554
-305.8898,9.0299,-191.3807,0.907807
-305.6489,9.0072,-189.9676,0.908055
-305.3963,8.9653,-188.5645,0.908307
-305.1678,8.9131,-187.1405,0.908554
-304.9166,8.8709,-185.7423,0.908805
-304.6872,8.8079,-184.3121,0.909056
-304.4375,8.7715,-182.9196,0.909304
-304.2092,8.7005,-181.4907,0.909555
-303.9586,8.6681,-180.0903,0.909806
-303.7196,8.6153,-178.6781,0.910056
-303.4907,8.5550,-177.2449,0.910309
-303.2407,8.5034,-175.8477,0.910557
-303.0131,8.4383,-174.4198,0.910808
-302.7626,8.3857,-173.0212,0.911061
-302.5343,8.3078,-171.5891,0.911310
-302.2845,8.2603,-170.1937,0.911561
-302.0557,8.1898,-168.7605,0.911811
-301.8152,8.1292,-167.3436,0.912064
-301.5648,8.0652,-165.9500,0.912314
-301.3349,7.9894,-164.5155,0.912566
-301.0829,7.9301,-163.1107,0.912819
-300.8546,7.8519,-161.6817,0.913067
-300.6042,7.7931,-160.2832,0.913320
-300.3748,7.7039,-158.8434,0.913574
-300.1260,7.6504,-157.4491,0.913823
-299.8876,7.5783,-156.0298,0.914072
-299.6602,7.5030,-154.5929,0.914327
-299.4113,7.4319,-153.1886,0.914575
-299.1854,7.3564,-151.7574,0.914829
-298.9370,7.2827,-150.3524,0.915080
-298.7100,7.1983,-148.9115,0.915336
-298.4630,7.1312,-147.5143,0.915585
-298.2252,7.0541,-146.0904,0.915838
-297.9877,6.9772,-144.6698,0.916090
-297.7491,6.9009,-143.2460,0.916342
-297.5099,6.8263,-141.8225,0.916596
-297.2718,6.7523,-140.4064,0.916848
-297.0317,6.6788,-138.9776,0.917100
-296.7931,6.6082,-137.5574,0.917350
-296.5646,6.5312,-136.1167,0.917606
-296.3275,6.4583,-134.7033,0.917859
-296.0887,6.3870,-133.2794,0.918112
-295.8510,6.3158,-131.8563,0.918365
-295.6142,6.2443,-130.4283,0.918617
-295.3791,6.1724,-128.9967,0.918869
-295.1469,6.1008,-127.5734,0.919122
-294.9117,6.0285,-126.1207,0.919381
-294.6835,5.9592,-124.7061,0.919631
-294.4529,5.8905,-123.2753,0.919884
-294.2244,5.8208,-121.8516,0.920134
-293.9955,5.7506,-120.4216,0.920391
-293.7666,5.6804,-118.9879,0.920648
-293.5383,5.6109,-117.5563,0.920900
-293.3093,5.5415,-116.1186,0.921151
-293.0812,5.4725,-114.6850,0.921408
-292.8534,5.4039,-113.2530,0.921663
-292.6247,5.3366,-111.8161,0.921913
-292.3971,5.2703,-110.3863,0.922169
-292.1685,5.2053,-108.9495,0.922424
-291.9398,5.1411,-107.5148,0.922676
-291.7116,5.0779,-106.0809,0.922929
-291.4828,5.0156,-104.6439,0.923185
-291.2548,4.9536,-103.2104,0.923442
-291.0272,4.8913,-101.7787,0.923695
-290.7964,4.8280,-100.3279,0.923952
-290.5725,4.7671,-98.9231,0.924200
-290.3463,4.7060,-97.5036,0.924455
-290.1194,4.6451,-96.0806,0.924705
-289.8930,4.5849,-94.6611,0.924956
-289.6664,4.5258,-93.2421,0.925207
-289.4406,4.4673,-91.8291,0.925460
-289.2145,4.4099,-90.4154,0.925708
-288.9887,4.3534,-89.0024,0.925959
-288.7636,4.2985,-87.5957,0.926212
-288.5381,4.2443,-86.1868,0.926460
-288.3130,4.1906,-84.7822,0.926708
-288.0883,4.1376,-83.3800,0.926958
-287.8635,4.0863,-81.9782,0.927205
-287.6399,4.0369,-80.5828,0.927453
-287.4156,3.9884,-79.1856,0.927701
-287.1924,3.9403,-77.7925,0.927944
-286.9681,3.8918,-76.3951,0.928195
-286.7462,3.8443,-75.0137,0.928442
-286.5229,3.7970,-73.6235,0.928685
-286.2994,3.7500,-72.2327,0.928936
-286.0774,3.7052,-70.8526,0.929175
-285.8563,3.6628,-69.4760,0.929422
-285.6337,3.6213,-68.0940,0.929667
-285.4123,3.5808,-66.7201,0.929910
-285.1910,3.5404,-65.3460,0.930154
-284.9688,3.5002,-63.9665,0.930399
-284.7496,3.4613,-62.6030,0.930643
-284.5289,3.4226,-61.2284,0.930882
-284.3105,3.3850,-59.8643,0.931129
-284.0927,3.3490,-58.5015,0.931367
-283.8743,3.3143,-57.1333,0.931610
-283.6581,3.2808,-55.7778,0.931849
-283.4421,3.2473,-54.4194,0.932088
-283.2268,3.2138,-53.0634,0.932332
-283.0123,3.1816,-51.7077,0.932572
-282.7991,3.1510,-50.3577,0.932809
-282.5856,3.1214,-49.0027,0.933051
-282.3742,3.0925,-47.6541,0.933289
-282.1640,3.0639,-46.3104,0.933529
-281.9545,3.0366,-44.9651,0.933768
-281.7470,3.0109,-43.6273,0.934006
-281.5395,2.9856,-42.2844,0.934242
-281.3334,2.9605,-40.9461,0.934480
-281.1283,2.9363,-39.6111,0.934717
-280.9237,2.9131,-38.2778,0.934950
-280.7199,2.8902,-36.9459,0.935186
-280.5161,2.8674,-35.6132,0.935426
-280.3146,2.8446,-34.2926,0.935657
-280.1131,2.8219,-32.9675,0.935891
-279.9120,2.7991,-31.6415,0.936129
-279.7126,2.7763,-30.3221,0.936364
-279.5133,2.7530,-29.0001,0.936597
-279.3151,2.7300,-27.6826,0.936828
-279.1174,2.7078,-26.3662,0.937060
-278.9207,2.6866,-25.0553,0.937295
-278.7244,2.6669,-23.7417,0.937528
-278.5291,2.6490,-22.4340,0.937760
-278.3347,2.6313,-21.1287,0.937989
-278.1405,2.6131,-19.8210,0.938223
-277.9471,2.5941,-18.5154,0.938451
-277.7558,2.5755,-17.2214,0.938683
-277.5636,2.5567,-15.9194,0.938913
-277.3720,2.5376,-14.6202,0.939146
-277.1816,2.5185,-13.3281,0.939375
-276.9911,2.5004,-12.0347,0.939601
-276.8008,2.4836,-10.7432,0.939829
-276.6112,2.4674,-9.4555,0.940061
-276.4227,2.4513,-8.1723,0.940287
-276.2339,2.4353,-6.8861,0.940515
-276.0452,2.4190,-5.6007,0.940748
-275.8583,2.4027,-4.3265,0.940968
-275.6702,2.3871,-3.0434,0.941203
-275.4818,2.3720,-1.7582,0.941427
-275.2963,2.3575,-0.4943,0.941651
-275.1099,2.3424,0.7770,0.941873
-274.9234,2.3268,2.0478,0.942100
-274.7371,2.3111,3.3155,0.942322
-274.5510,2.2951,4.5799,0.942549
-274.3645,2.2789,5.8457,0.942773
-274.1793,2.2627,7.1025,0.942995
-273.9927,2.2456,8.3675,0.943217
-273.8076,2.2278,9.6216,0.943442
-273.6217,2.2096,10.8781,0.943661
-273.4359,2.1915,12.1332,0.943887
-273.2501,2.1736,13.3835,0.944110
-273.0644,2.1562,14.6325,0.944329
-272.8789,2.1393,15.8776,0.944550
-272.6920,2.1228,17.1290,0.944774
-272.5066,2.1069,18.3674,0.944992
-272.3198,2.0916,19.6120,0.945214
-272.1333,2.0771,20.8506,0.945435
-271.9466,2.0627,22.0871,0.945647
-271.7594,2.0491,23.3253,0.945871
-271.5732,2.0363,24.5547,0.946089
-271.3857,2.0236,25.7895,0.946309
-271.1986,2.0106,27.0185,0.946525
-271.0117,1.9973,28.2455,0.946742
-270.8242,1.9843,29.4732,0.946961
-270.6370,1.9719,30.6961,0.947177
-270.4492,1.9605,31.9191,0.947397
-270.2620,1.9506,33.1363,0.947611
-270.0740,1.9420,34.3573,0.947827
-269.8849,1.9344,35.5817,0.948042
-269.6991,1.9278,36.7823,0.948257
-269.5109,1.9212,37.9958,0.948471
-269.3230,1.9146,39.2036,0.948682
-269.1348,1.9084,40.4105,0.948894
-268.9458,1.9027,41.6193,0.949109
-268.7575,1.8977,42.8217,0.949327
-268.5685,1.8946,44.0245,0.949541
-268.3793,1.8920,45.2272,0.949750
-268.1909,1.8907,46.4203,0.949964
-268.0015,1.8895,47.6186,0.950172
-267.8128,1.8890,48.8114,0.950390
-267.6236,1.8890,50.0062,0.950597
-267.4359,1.8899,51.1904,0.950810
-267.2492,1.8906,52.3675,0.951015
-267.0621,1.8916,53.5472,0.951227
-266.8752,1.8932,54.7252,0.951435
-266.6906,1.8954,55.8911,0.951640
-266.5063,1.8974,57.0567,0.951848
-266.3221,1.8991,58.2230,0.952055
-266.1404,1.9008,59.3757,0.952256
-265.9597,1.9029,60.5250,0.952461
-265.7796,1.9055,61.6720,0.952665
-265.6013,1.9080,62.8083,0.952865
-265.4249,1.9103,63.9331,0.953065
-265.2490,1.9122,65.0545,0.953265
-265.0755,1.9139,66.1616,0.953459
-264.9019,1.9154,67.2696,0.953655
-264.7308,1.9170,68.3629,0.953847
-264.5612,1.9190,69.4481,0.954036
-264.3922,1.9215,70.5289,0.954230
-264.2239,1.9244,71.6029,0.954420
-264.0580,1.9274,72.6628,0.954609
-263.8939,1.9303,73.7112,0.954795
-263.7304,1.9332,74.7557,0.954977
-263.5699,1.9357,75.7800,0.955161
-263.4110,1.9385,76.7939,0.955338
-263.2538,1.9419,77.7948,0.955521
-263.0985,1.9461,78.7811,0.955697
-262.9458,1.9506,79.7506,0.955863
-262.7941,1.9552,80.7116,0.956035
-262.6428,1.9597,81.6688,0.956202
-262.4939,1.9645,82.6086,0.956370
-262.3457,1.9696,83.5442,0.956533
-262.1984,1.9748,84.4729,0.956701
-262.0529,1.9799,85.3901,0.956862
-261.9087,1.9845,86.2993,0.957025
-261.7662,1.9887,87.1983,0.957186
-261.6251,1.9929,88.0882,0.957343
-261.4848,1.9975,88.9712,0.957498
-261.3464,2.0022,89.8423,0.957651
-261.2094,2.0069,90.7035,0.957804
-261.0732,2.0111,91.5599,0.957956
-260.9390,2.0152,92.4033,0.958108
-260.8059,2.0189,93.2391,0.958255
-260.6731,2.0223,94.0730,0.958404
-260.5417,2.0255,94.8979,0.958553
-260.4116,2.0286,95.7140,0.958693
-260.2814,2.0320,96.5312,0.958839
-260.1523,2.0358,97.3403,0.958984
-260.0247,2.0395,98.1409,0.959126
-259.8971,2.0435,98.9417,0.959271
-259.7713,2.0477,99.7312,0.959409
-259.6461,2.0519,100.5169,0.959547
-259.5210,2.0560,101.3015,0.959688
-259.3980,2.0601,102.0732,0.959826
-259.2755,2.0643,102.8414,0.959964
-259.1542,2.0685,103.6028,0.960099
-259.0337,2.0727,104.3584,0.960231
-258.9156,2.0767,105.0996,0.960364
-258.7990,2.0807,105.8318,0.960497
-258.6850,2.0849,106.5475,0.960625
-258.5724,2.0890,107.2545,0.960750
-258.4608,2.0934,107.9537,0.960878
-258.3498,2.0980,108.6505,0.961002
-258.2396,2.1030,109.3429,0.961132
-258.1296,2.1081,110.0317,0.961256
-258.0198,2.1135,110.7169,0.961384
-257.9100,2.1188,111.3971,0.961502
-257.7997,2.1243,112.0730,0.961631
-257.6888,2.1297,112.7439,0.961756
-257.5768,2.1352,113.4109,0.961874
-257.4641,2.1405,114.0729,0.961993
-257.3501,2.1461,114.7333,0.962118
-257.2356,2.1521,115.3899,0.962238
-257.1212,2.1584,116.0395,0.962361
-257.0056,2.1649,116.6880,0.962480
-256.8894,2.1716,117.3317,0.962603
-256.7733,2.1781,117.9670,0.962719
-256.6558,2.1844,118.6032,0.962843
-256.5383,2.1906,119.2317,0.962961
-256.4201,2.1968,119.8555,0.963080
-256.3020,2.2030,120.4735,0.963198
-256.1834,2.2090,121.0869,0.963321
-256.0634,2.2150,121.6951,0.963445
-255.9430,2.2209,122.2910,0.963568
-255.8201,2.2270,122.8795,0.963686
-255.6952,2.2332,123.4546,0.963810
-255.5675,2.2391,124.0232,0.963928
-255.4378,2.2450,124.5774,0.964045
-255.3070,2.2508,125.1228,0.964162
-255.1748,2.2562,125.6568,0.964276
-255.0406,2.2616,126.1839,0.964391
-254.9048,2.2667,126.7034,0.964504
-254.7669,2.2716,127.2163,0.964617
-254.6265,2.2765,127.7254,0.964728
-254.4841,2.2811,128.2297,0.964840
-254.3396,2.2856,128.7297,0.964942
-254.1915,2.2899,129.2254,0.965047
-254.0411,2.2942,129.7177,0.965148
-253.8873,2.2984,130.2044,0.965251
-253.7301,2.3026,130.6869,0.965351
-253.5695,2.3068,131.1641,0.965450
-253.4043,2.3107,131.6356,0.965548
-253.2348,2.3144,132.1000,0.965645
-253.0603,2.3180,132.5611,0.965743
-252.8813,2.3213,133.0159,0.965839
-252.6999,2.3246,133.4656,0.965932
-252.5133,2.3277,133.9125,0.966028
-252.3234,2.3305,134.3515,0.966119
-252.1287,2.3332,134.7835,0.966212
-251.9280,2.3356,135.2110,0.966305
-251.7208,2.3379,135.6358,0.966395
-251.5122,2.3401,136.0484,0.966484
-251.2952,2.3422,136.4561,0.966576
-251.0750,2.3443,136.8565,0.966664
-250.8483,2.3465,137.2528,0.966752
-250.6174,2.3487,137.6411,0.966838
-250.3805,2.3509,138.0223,0.966925
-250.1379,2.3531,138.3935,0.967011
-249.8871,2.3553,138.7574,0.967096
-249.6309,2.3573,139.1122,0.967178
-249.3688,2.3591,139.4556,0.967263
-249.1032,2.3607,139.7946,0.967347
-248.8327,2.3620,140.1272,0.967430
-248.5591,2.3629,140.4503,0.967512
-248.2811,2.3635,140.7665,0.967591
-247.9989,2.3638,141.0757,0.967672
-247.7135,2.3636,141.3774,0.967750
-247.4247,2.3630,141.6809,0.967829
-247.1359,2.3640,141.9797,0.967906
-246.8583,2.3670,142.2843,0.967984
-246.5628,2.3756,142.5694,0.968059
-246.2815,2.3860,142.8509,0.968133
-245.9944,2.3950,143.1247,0.968209
-245.7159,2.3979,143.3947,0.968282
-245.4269,2.4017,143.6523,0.968356
-245.1313,2.4045,143.8994,0.968427
-244.8457,2.3990,144.1466,0.968499
-244.5384,2.3943,144.3680,0.968573
-244.2320,2.3896,144.5799,0.968642
-243.9335,2.3710,144.7959,0.968711
-243.6204,2.3616,144.9938,0.968782
-243.3068,2.3519,145.1809,0.968850
-242.9918,2.3425,145.3585,0.968919
-242.6730,2.3332,145.5300,0.968988
-242.3532,2.3242,145.6931,0.969055
-242.0278,2.3152,145.8464,0.969123
-241.7039,2.3070,145.9995,0.969190
-241.3855,2.2996,146.1550,0.969256
-241.0689,2.2931,146.3121,0.969323
-240.7538,2.2871,146.4630,0.969389
-240.4378,2.2814,146.6038,0.969453
-240.1213,2.2758,146.7308,0.969516
-239.8002,2.2701,146.8470,0.969580
-239.4780,2.2646,146.9503,0.969645
-239.1566,2.2592,147.0478,0.969709
-238.8326,2.2538,147.1376,0.969773
-238.5095,2.2477,147.2191,0.969834
-238.1850,2.2421,147.2940,0.969897
-237.8592,2.2368,147.3620,0.969959
-237.5286,2.2318,147.4279,0.970022
-237.1984,2.2278,147.5012,0.970084
-236.8695,2.2249,147.5774,0.970146
-236.5422,2.2222,147.6507,0.970210
-236.2138,2.2190,147.7114,0.970272
-235.8824,2.2156,147.7588,0.970336
-235.5486,2.2120,147.7969,0.970398
-235.2117,2.2083,147.8290,0.970461
-234.8734,2.2048,147.8558,0.970525
-234.5319,2.2013,147.8767,0.970589
-234.1901,2.1978,147.8883,0.970653
-233.8463,2.1943,147.8964,0.970717
-233.4981,2.1908,147.8984,0.970784
-233.1486,2.1872,147.8941,0.970850
-232.7973,2.1838,147.8835,0.970916
-232.4490,2.1819,147.8504,0.970982
-232.0918,2.1758,147.8256,0.971050
-231.7376,2.1697,147.7936,0.971117
-231.3804,2.1636,147.7546,0.971186
-231.0224,2.1575,147.7045,0.971255
-230.6679,2.1528,147.6295,0.971324
-230.3047,2.1420,147.5671,0.971393
-229.9374,2.1309,147.4974,0.971463
-229.5711,2.1192,147.4196,0.971534
-229.2147,2.1090,147.3226,0.971604
-228.8527,2.0944,147.2265,0.971675
-228.4871,2.0782,147.1280,0.971747
-228.1070,2.0592,147.0442,0.971820
-227.7321,2.0495,146.9384,0.971894
-227.3499,2.0391,146.8378,0.971970
-226.9712,2.0351,146.7214,0.972046
-226.5893,2.0315,146.5982,0.972122
-226.2079,2.0283,146.4691,0.972200
-225.8219,2.0236,146.3326,0.972277
-225.4361,2.0202,146.1901,0.972356
-225.0485,2.0172,146.0409,0.972436
-224.6597,2.0132,145.8889,0.972515
-224.2693,2.0090,145.7278,0.972597
-223.8826,2.0045,145.5563,0.972680
-223.4956,2.0001,145.3736,0.972763
-223.1091,1.9954,145.1811,0.972845
-222.7252,1.9904,144.9805,0.972927
-222.3367,1.9848,144.7697,0.973010
-221.9583,1.9789,144.5528,0.973096
-221.5753,1.9724,144.3274,0.973182
-221.1930,1.9656,144.0918,0.973269
-220.8126,1.9585,143.8476,0.973357
-220.4345,1.9509,143.5954,0.973445
-220.0540,1.9430,143.3334,0.973531
-219.6740,1.9347,143.0660,0.973619
-219.2966,1.9263,142.7931,0.973707
-218.9185,1.9180,142.5108,0.973795
-218.5432,1.9149,142.2175,0.973884
-218.1698,1.9126,141.9183,0.973975
-217.7989,1.9110,141.6104,0.974063
-217.4317,1.9097,141.2958,0.974154
-217.0659,1.9084,140.9730,0.974241
-216.7018,1.9071,140.6421,0.974329
-216.3398,1.9060,140.3025,0.974419
-215.9783,1.9047,139.9546,0.974509
-215.6198,1.9028,139.5995,0.974600
-215.2617,1.9010,139.2398,0.974691
-214.9045,1.8991,138.8757,0.974782
-214.5448,1.8967,138.5031,0.974874
-214.1885,1.8940,138.1267,0.974964
-213.8307,1.8910,137.7401,0.975058
-213.4735,1.8878,137.3502,0.975153
-213.1107,1.8845,136.9561,0.975251
-212.7424,1.8807,136.5573,0.975351
-212.3694,1.8767,136.1600,0.975449
-211.9901,1.8721,135.7595,0.975553
-211.6080,1.8673,135.3565,0.975660
-211.2213,1.8621,134.9484,0.975766
-210.8347,1.8568,134.5401,0.975876
-210.4426,1.8516,134.1255,0.975990
-210.0514,1.8464,133.7108,0.976102
-209.6553,1.8413,133.2881,0.976220
-209.2586,1.8361,132.8613,0.976339
-208.8643,1.8309,132.4333,0.976456
-208.4659,1.8253,131.9982,0.976574
-208.0668,1.8193,131.5600,0.976695
-207.6650,1.8129,131.1165,0.976813
-207.2622,1.8063,130.6694,0.976933
-206.8562,1.7997,130.2179,0.977055
-206.4467,1.7932,129.7622,0.977182
-206.0372,1.7867,129.3064,0.977306
-205.6234,1.7809,128.8448,0.977428
-205.2064,1.7751,128.3786,0.977555
-204.7908,1.7695,127.9132,0.977676
-204.3725,1.7642,127.4437,0.977803
-203.9503,1.7587,126.9698,0.977932
-203.5268,1.7526,126.4950,0.978056
-203.0991,1.7462,126.0157,0.978187
-202.6707,1.7390,125.5357,0.978316
-202.2406,1.7316,125.0540,0.978444
-201.8030,1.7240,124.5634,0.978576
-201.3629,1.7163,124.0706,0.978706
-200.9207,1.7084,123.5761,0.978838
-200.4733,1.7001,123.0772,0.978971
-200.0235,1.6920,122.5778,0.979098
-199.5707,1.6838,122.0779,0.979224
-199.1115,1.6755,121.5734,0.979359
-198.6484,1.6672,121.0666,0.979487
-198.1865,1.6590,120.5623,0.979616
-197.7202,1.6507,120.0520,0.979750
-197.2506,1.6423,119.5373,0.979882
-196.7840,1.6340,119.0257,0.980007
-196.3127,1.6255,118.5094,0.980141
-195.8372,1.6166,117.9893,0.980268
-195.3601,1.6072,117.4683,0.980401
-194.8773,1.5975,116.9415,0.980529
-194.3958,1.5872,116.4159,0.980660
-193.9126,1.5767,115.8882,0.980786
-193.4271,1.5657,115.3580,0.980920
-192.9358,1.5544,114.8214,0.981050
-192.4462,1.5429,114.2870,0.981177
-191.9522,1.5310,113.7484,0.981306
-191.4536,1.5194,113.2054,0.981441
-190.9548,1.5077,112.6625,0.981573
-190.4524,1.4960,112.1154,0.981699
-189.9470,1.4845,111.5651,0.981833
-189.4423,1.4730,111.0156,0.981965
-188.9335,1.4616,110.4620,0.982094
-188.4214,1.4500,109.9044,0.982229
-187.9103,1.4384,109.3482,0.982360
-187.3951,1.4265,108.7872,0.982496
-186.8783,1.4145,108.2246,0.982631
-186.3579,1.4024,107.6583,0.982763
-185.8345,1.3901,107.0896,0.982901
-185.3081,1.3774,106.5180,0.983038
-184.7817,1.3635,105.9475,0.983175
-184.2525,1.3494,105.3745,0.983313
-183.7188,1.3351,104.7967,0.983456
-183.1834,1.3200,104.2178,0.983593
-182.6456,1.3045,103.6363,0.983733
-182.1094,1.2891,103.0566,0.983875
-181.5672,1.2733,102.4704,0.984017
-181.0240,1.2575,101.8836,0.984157
-180.4802,1.2417,101.2968,0.984303
-179.9391,1.2257,100.7136,0.984442
-179.3939,1.2099,100.1260,0.984587
-178.8514,1.1934,99.5421,0.984728
-178.3083,1.1771,98.9578,0.984872
-177.7626,1.1598,98.3709,0.985014
-177.2195,1.1427,97.7872,0.985157
-176.6762,1.1256,97.2040,0.985302
-176.1308,1.1088,96.6192,0.985441
-175.5876,1.0924,96.0372,0.985583
-175.0426,1.0760,95.4542,0.985726
-174.4967,1.0600,94.8705,0.985865
-173.9532,1.0442,94.2905,0.986009
-173.4092,1.0288,93.7103,0.986152
-172.8605,1.0139,93.1265,0.986291
-172.3161,0.9997,92.5486,0.986432
-171.7710,0.9853,91.9711,0.986574
-171.2211,0.9706,91.3895,0.986715
-170.6745,0.9553,90.8124,0.986855
-170.1254,0.9400,90.2344,0.986996
-169.5768,0.9243,89.6587,0.987137
-169.0265,0.9089,89.0831,0.987278
-168.4755,0.8937,88.5091,0.987419
-167.9225,0.8788,87.9352,0.987561
-167.3687,0.8641,87.3626,0.987702
-166.8141,0.8498,86.7918,0.987842
-166.2572,0.8355,86.2205,0.987983
-165.7008,0.8216,85.6520,0.988125
-165.1409,0.8078,85.0818,0.988267
-164.5809,0.7946,84.5138,0.988411
-164.0218,0.7817,83.9482,0.988553
-163.4613,0.7697,83.3813,0.988691
-162.8996,0.7581,82.8135,0.988836
-162.3390,0.7463,82.2470,0.988978
-161.7806,0.7343,81.6833,0.989121
-161.2189,0.7219,81.1162,0.989262
-160.6557,0.7094,80.5479,0.989406
-160.0953,0.6969,79.9828,0.989549
-159.5307,0.6845,79.4135,0.989692
-158.9699,0.6720,78.8481,0.989833
-158.4091,0.6592,78.2829,0.989974
-157.8465,0.6464,77.7162,0.990117
-157.2798,0.6338,77.1458,0.990263
-156.7192,0.6215,76.5819,0.990401
-156.1547,0.6100,76.0150,0.990547
-155.5881,0.5991,75.4469,0.990685
-155.0222,0.5883,74.8799,0.990824
-154.4584,0.5780,74.3149,0.990966
-153.8960,0.5679,73.7509,0.991106
-153.3319,0.5579,73.1851,0.991247
-152.7725,0.5481,72.6241,0.991387
-152.2129,0.5388,72.0627,0.991526
-151.6531,0.5296,71.5011,0.991664
-151.0953,0.5209,70.9416,0.991804
-150.5409,0.5124,70.3856,0.991940
-149.9847,0.5042,69.8277,0.992077
-149.4310,0.4966,69.2723,0.992213
-148.8811,0.4897,68.7206,0.992349
-148.3289,0.4830,68.1670,0.992486
-147.7794,0.4766,67.6161,0.992617
-147.2308,0.4702,67.0660,0.992754
-146.6836,0.4638,66.5172,0.992886
-146.1375,0.4573,65.9694,0.993022
-145.5920,0.4505,65.4220,0.993153
-145.0491,0.4438,64.8769,0.993285
-144.5084,0.4369,64.3338,0.993416
-143.9681,0.4298,63.7908,0.993547
-143.4277,0.4223,63.2476,0.993681
-142.8915,0.4147,62.7081,0.993812
-142.3555,0.4071,62.1686,0.993945
-141.8195,0.3994,61.6288,0.994075
-141.2859,0.3919,61.0916,0.994209
-140.7527,0.3843,60.5543,0.994340
-140.2208,0.3778,60.0181,0.994469
-139.6915,0.3716,59.4844,0.994600
-139.1631,0.3655,58.9516,0.994730
-138.6354,0.3598,58.4194,0.994860
-138.1079,0.3539,57.8874,0.994992
-137.5830,0.3479,57.3579,0.995121
-137.0584,0.3420,56.8287,0.995250
-136.5343,0.3363,56.3000,0.995379
-136.0110,0.3311,55.7720,0.995510
-135.4893,0.3265,55.2450,0.995637
-134.9701,0.3223,54.7209,0.995767
-134.4503,0.3181,54.1961,0.995891
-133.9307,0.3140,53.6715,0.996023
-133.4146,0.3096,53.1508,0.996150
-132.8975,0.3043,52.6288,0.996277
-132.3819,0.2986,52.1083,0.996406
-131.8668,0.2931,51.5885,0.996533
-131.3519,0.2874,51.0687,0.996660
-130.8395,0.2815,50.5514,0.996786
-130.3258,0.2756,50.0330,0.996914
-129.8171,0.2700,49.5195,0.997040
-129.3051,0.2645,49.0030,0.997164
-128.7941,0.2593,48.4880,0.997291
-128.2838,0.2544,47.9736,0.997416
-127.7756,0.2500,47.4616,0.997541
-127.2666,0.2456,46.9490,0.997666
-126.7605,0.2414,46.4392,0.997790
-126.2533,0.2371,45.9285,0.997914
-125.7470,0.2324,45.4187,0.998036
-125.2426,0.2278,44.9108,0.998158
-124.7386,0.2233,44.4035,0.998281
-124.2347,0.2189,43.8965,0.998405
-123.7319,0.2149,43.3905,0.998525
-123.2282,0.2110,42.8839,0.998649
-122.7279,0.2073,42.3814,0.998768
-122.2256,0.2039,41.8775,0.998889
-121.7223,0.2006,41.3728,0.999013
-121.2247,0.1977,40.8749,0.999131
-120.7241,0.1951,40.3743,0.999252
-120.2247,0.1927,39.8743,0.999376
-119.7265,0.1911,39.3750,0.999494
-119.2307,0.1898,38.8784,0.999615
-118.7317,0.1888,38.3788,0.999737
-118.2369,0.1882,37.8830,0.999848
-117.7419,0.1877,37.3869,0.999960
