# TrackBridge. Unreal-oriented centimetres: X=AC X, Y=AC Z, Z=AC Y.
mtllib model.mtl
o AC_TIME_0_L_0
usemtl material_0
v -9175.920868 -6049.902725 -40.000001
v -9175.920868 -6249.902725 -40.000001
v -8975.920868 -6249.902725 -40.000001
v -8975.920868 -6049.902725 -40.000001
v -9175.920868 -6049.902725 160.000002
v -8975.920868 -6049.902725 160.000002
v -8975.920868 -6249.902725 160.000002
v -9175.920868 -6249.902725 160.000002
v -9175.920868 -6049.902725 -40.000001
v -8975.920868 -6049.902725 -40.000001
v -8975.920868 -6049.902725 160.000002
v -9175.920868 -6049.902725 160.000002
v -8975.920868 -6049.902725 -40.000001
v -8975.920868 -6249.902725 -40.000001
v -8975.920868 -6249.902725 160.000002
v -8975.920868 -6049.902725 160.000002
v -8975.920868 -6249.902725 -40.000001
v -9175.920868 -6249.902725 -40.000001
v -9175.920868 -6249.902725 160.000002
v -8975.920868 -6249.902725 160.000002
v -9175.920868 -6249.902725 -40.000001
v -9175.920868 -6049.902725 -40.000001
v -9175.920868 -6049.902725 160.000002
v -9175.920868 -6249.902725 160.000002
vt 1 1
vt 1 2
vt 0 2
vt 0 1
vt 0 1
vt 1 1
vt 1 2
vt 0 2
vt 0 1
vt 1 1
vt 1 2
vt 0 2
vt 0 1
vt 1 1
vt 1 2
vt 0 2
vt 0 1
vt 1 1
vt 1 2
vt 0 2
vt 0 1
vt 1 1
vt 1 2
vt 0 2
vn 0 0 -1
vn 0 0 -1
vn 0 0 -1
vn 0 0 -1
vn 0 0 1
vn 0 0 1
vn 0 0 1
vn 0 0 1
vn 0 1 0
vn 0 1 0
vn 0 1 0
vn 0 1 0
vn 1 0 0
vn 1 0 0
vn 1 0 0
vn 1 0 0
vn 0 -1 0
vn 0 -1 0
vn 0 -1 0
vn 0 -1 0
vn -1 0 0
vn -1 0 0
vn -1 0 0
vn -1 0 0
f 1/1/1 3/3/3 2/2/2
f 3/3/3 1/1/1 4/4/4
f 5/5/5 7/7/7 6/6/6
f 7/7/7 5/5/5 8/8/8
f 9/9/9 11/11/11 10/10/10
f 11/11/11 9/9/9 12/12/12
f 13/13/13 15/15/15 14/14/14
f 15/15/15 13/13/13 16/16/16
f 17/17/17 19/19/19 18/18/18
f 19/19/19 17/17/17 20/20/20
f 21/21/21 23/23/23 22/22/22
f 23/23/23 21/21/21 24/24/24
o AC_TIME_0_R_1
usemtl material_0
v -12232.730865 -3008.387756 -40.000001
v -12232.730865 -3208.387756 -40.000001
v -12032.730865 -3208.387756 -40.000001
v -12032.730865 -3008.387756 -40.000001
v -12232.730865 -3008.387756 160.000002
v -12032.730865 -3008.387756 160.000002
v -12032.730865 -3208.387756 160.000002
v -12232.730865 -3208.387756 160.000002
v -12232.730865 -3008.387756 -40.000001
v -12032.730865 -3008.387756 -40.000001
v -12032.730865 -3008.387756 160.000002
v -12232.730865 -3008.387756 160.000002
v -12032.730865 -3008.387756 -40.000001
v -12032.730865 -3208.387756 -40.000001
v -12032.730865 -3208.387756 160.000002
v -12032.730865 -3008.387756 160.000002
v -12032.730865 -3208.387756 -40.000001
v -12232.730865 -3208.387756 -40.000001
v -12232.730865 -3208.387756 160.000002
v -12032.730865 -3208.387756 160.000002
v -12232.730865 -3208.387756 -40.000001
v -12232.730865 -3008.387756 -40.000001
v -12232.730865 -3008.387756 160.000002
v -12232.730865 -3208.387756 160.000002
vt 1 1
vt 1 2
vt 0 2
vt 0 1
vt 0 1
vt 1 1
vt 1 2
vt 0 2
vt 0 1
vt 1 1
vt 1 2
vt 0 2
vt 0 1
vt 1 1
vt 1 2
vt 0 2
vt 0 1
vt 1 1
vt 1 2
vt 0 2
vt 0 1
vt 1 1
vt 1 2
vt 0 2
vn 0 0 -1
vn 0 0 -1
vn 0 0 -1
vn 0 0 -1
vn 0 0 1
vn 0 0 1
vn 0 0 1
vn 0 0 1
vn 0 1 0
vn 0 1 0
vn 0 1 0
vn 0 1 0
vn 1 0 0
vn 1 0 0
vn 1 0 0
vn 1 0 0
vn 0 -1 0
vn 0 -1 0
vn 0 -1 0
vn 0 -1 0
vn -1 0 0
vn -1 0 0
vn -1 0 0
vn -1 0 0
f 25/25/25 27/27/27 26/26/26
f 27/27/27 25/25/25 28/28/28
f 29/29/29 31/31/31 30/30/30
f 31/31/31 29/29/29 32/32/32
f 33/33/33 35/35/35 34/34/34
f 35/35/35 33/33/33 36/36/36
f 37/37/37 39/39/39 38/38/38
f 39/39/39 37/37/37 40/40/40
f 41/41/41 43/43/43 42/42/42
f 43/43/43 41/41/41 44/44/44
f 45/45/45 47/47/47 46/46/46
f 47/47/47 45/45/45 48/48/48
o AC_TIME_1_R_2
usemtl material_0
v 46123.995972 32288.720703 -566.552734
v 45938.070679 32215.026855 -566.552734
v 46011.764526 32029.101563 -566.552734
v 46197.689819 32102.79541 -566.552734
v 46123.995972 32288.720703 -366.552734
v 46197.689819 32102.79541 -366.552734
v 46011.764526 32029.101563 -366.552734
v 45938.070679 32215.026855 -366.552734
v 46123.995972 32288.720703 -566.552734
v 46197.689819 32102.79541 -566.552734
v 46197.689819 32102.79541 -366.552734
v 46123.995972 32288.720703 -366.552734
v 46197.689819 32102.79541 -566.552734
v 46011.764526 32029.101563 -566.552734
v 46011.764526 32029.101563 -366.552734
v 46197.689819 32102.79541 -366.552734
v 46011.764526 32029.101563 -566.552734
v 45938.070679 32215.026855 -566.552734
v 45938.070679 32215.026855 -366.552734
v 46011.764526 32029.101563 -366.552734
v 45938.070679 32215.026855 -566.552734
v 46123.995972 32288.720703 -566.552734
v 46123.995972 32288.720703 -366.552734
v 45938.070679 32215.026855 -366.552734
vt 1 1
vt 1 2
vt 0 2
vt 0 1
vt 0 1
vt 1 1
vt 1 2
vt 0 2
vt 0 1
vt 1 1
vt 1 2
vt 0 2
vt 0 1
vt 1 1
vt 1 2
vt 0 2
vt 0 1
vt 1 1
vt 1 2
vt 0 2
vt 0 1
vt 1 1
vt 1 2
vt 0 2
vn 0 0 -1
vn 0 0 -1
vn 0 0 -1
vn 0 0 -1
vn 0 0 1
vn 0 0 1
vn 0 0 1
vn 0 0 1
vn 0.92964 0.368468 0
vn 0.92964 0.368468 0
vn 0.92964 0.368468 0
vn 0.92964 0.368468 0
vn 0.368468 -0.92964 0
vn 0.368468 -0.92964 0
vn 0.368468 -0.92964 0
vn 0.368468 -0.92964 0
vn -0.92964 -0.368468 0
vn -0.92964 -0.368468 0
vn -0.92964 -0.368468 0
vn -0.92964 -0.368468 0
vn -0.368468 0.92964 0
vn -0.368468 0.92964 0
vn -0.368468 0.92964 0
vn -0.368468 0.92964 0
f 49/49/49 51/51/51 50/50/50
f 51/51/51 49/49/49 52/52/52
f 53/53/53 55/55/55 54/54/54
f 55/55/55 53/53/53 56/56/56
f 57/57/57 59/59/59 58/58/58
f 59/59/59 57/57/57 60/60/60
f 61/61/61 63/63/63 62/62/62
f 63/63/63 61/61/61 64/64/64
f 65/65/65 67/67/67 66/66/66
f 67/67/67 65/65/65 68/68/68
f 69/69/69 71/71/71 70/70/70
f 71/71/71 69/69/69 72/72/72
o AC_TIME_1_L_3
usemtl material_0
v 49475.161743 34177.554321 -566.552734
v 49289.23645 34103.860474 -566.552734
v 49362.930298 33917.935181 -566.552734
v 49548.855591 33991.629028 -566.552734
v 49475.161743 34177.554321 -366.552734
v 49548.855591 33991.629028 -366.552734
v 49362.930298 33917.935181 -366.552734
v 49289.23645 34103.860474 -366.552734
v 49475.161743 34177.554321 -566.552734
v 49548.855591 33991.629028 -566.552734
v 49548.855591 33991.629028 -366.552734
v 49475.161743 34177.554321 -366.552734
v 49548.855591 33991.629028 -566.552734
v 49362.930298 33917.935181 -566.552734
v 49362.930298 33917.935181 -366.552734
v 49548.855591 33991.629028 -366.552734
v 49362.930298 33917.935181 -566.552734
v 49289.23645 34103.860474 -566.552734
v 49289.23645 34103.860474 -366.552734
v 49362.930298 33917.935181 -366.552734
v 49289.23645 34103.860474 -566.552734
v 49475.161743 34177.554321 -566.552734
v 49475.161743 34177.554321 -366.552734
v 49289.23645 34103.860474 -366.552734
vt 1 1
vt 1 2
vt 0 2
vt 0 1
vt 0 1
vt 1 1
vt 1 2
vt 0 2
vt 0 1
vt 1 1
vt 1 2
vt 0 2
vt 0 1
vt 1 1
vt 1 2
vt 0 2
vt 0 1
vt 1 1
vt 1 2
vt 0 2
vt 0 1
vt 1 1
vt 1 2
vt 0 2
vn 0 0 -1
vn 0 0 -1
vn 0 0 -1
vn 0 0 -1
vn 0 0 1
vn 0 0 1
vn 0 0 1
vn 0 0 1
vn 0.92964 0.368468 0
vn 0.92964 0.368468 0
vn 0.92964 0.368468 0
vn 0.92964 0.368468 0
vn 0.368468 -0.92964 0
vn 0.368468 -0.92964 0
vn 0.368468 -0.92964 0
vn 0.368468 -0.92964 0
vn -0.92964 -0.368468 0
vn -0.92964 -0.368468 0
vn -0.92964 -0.368468 0
vn -0.92964 -0.368468 0
vn -0.368468 0.92964 0
vn -0.368468 0.92964 0
vn -0.368468 0.92964 0
vn -0.368468 0.92964 0
f 73/73/73 75/75/75 74/74/74
f 75/75/75 73/73/73 76/76/76
f 77/77/77 79/79/79 78/78/78
f 79/79/79 77/77/77 80/80/80
f 81/81/81 83/83/83 82/82/82
f 83/83/83 81/81/81 84/84/84
f 85/85/85 87/87/87 86/86/86
f 87/87/87 85/85/85 88/88/88
f 89/89/89 91/91/91 90/90/90
f 91/91/91 89/89/89 92/92/92
f 93/93/93 95/95/95 94/94/94
f 95/95/95 93/93/93 96/96/96
o AC_TIME_2_L_4
usemtl material_0
v -50365.063477 103849.182129 3476.16272
v -50505.804443 103991.271973 3476.16272
v -50647.900391 103850.524902 3476.16272
v -50507.159424 103708.435059 3476.16272
v -50365.063477 103849.182129 3676.16272
v -50507.159424 103708.435059 3676.16272
v -50647.900391 103850.524902 3676.16272
v -50505.804443 103991.271973 3676.16272
v -50365.063477 103849.182129 3476.16272
v -50507.159424 103708.435059 3476.16272
v -50507.159424 103708.435059 3676.16272
v -50365.063477 103849.182129 3676.16272
v -50507.159424 103708.435059 3476.16272
v -50647.900391 103850.524902 3476.16272
v -50647.900391 103850.524902 3676.16272
v -50507.159424 103708.435059 3676.16272
v -50647.900391 103850.524902 3476.16272
v -50505.804443 103991.271973 3476.16272
v -50505.804443 103991.271973 3676.16272
v -50647.900391 103850.524902 3676.16272
v -50505.804443 103991.271973 3476.16272
v -50365.063477 103849.182129 3476.16272
v -50365.063477 103849.182129 3676.16272
v -50505.804443 103991.271973 3676.16272
vt 1 1
vt 1 2
vt 0 2
vt 0 1
vt 0 1
vt 1 1
vt 1 2
vt 0 2
vt 0 1
vt 1 1
vt 1 2
vt 0 2
vt 0 1
vt 1 1
vt 1 2
vt 0 2
vt 0 1
vt 1 1
vt 1 2
vt 0 2
vt 0 1
vt 1 1
vt 1 2
vt 0 2
vn 0 0 -1
vn 0 0 -1
vn 0 0 -1
vn 0 0 -1
vn 0 0 1
vn 0 0 1
vn 0 0 1
vn 0 0 1
vn 0.703712 -0.710486 0
vn 0.703712 -0.710486 0
vn 0.703712 -0.710486 0
vn 0.703712 -0.710486 0
vn -0.710486 -0.703712 0
vn -0.710486 -0.703712 0
vn -0.710486 -0.703712 0
vn -0.710486 -0.703712 0
vn -0.703712 0.710486 0
vn -0.703712 0.710486 0
vn -0.703712 0.710486 0
vn -0.703712 0.710486 0
vn 0.710486 0.703712 0
vn 0.710486 0.703712 0
vn 0.710486 0.703712 0
vn 0.710486 0.703712 0
f 97/97/97 99/99/99 98/98/98
f 99/99/99 97/97/97 100/100/100
f 101/101/101 103/103/103 102/102/102
f 103/103/103 101/101/101 104/104/104
f 105/105/105 107/107/107 106/106/106
f 107/107/107 105/105/105 108/108/108
f 109/109/109 111/111/111 110/110/110
f 111/111/111 109/109/109 112/112/112
f 113/113/113 115/115/115 114/114/114
f 115/115/115 113/113/113 116/116/116
f 117/117/117 119/119/119 118/118/118
f 119/119/119 117/117/117 120/120/120
o AC_TIME_2_R_5
usemtl material_0
v -54182.049561 104910.473633 3476.16272
v -54322.790527 105052.563477 3476.16272
v -54464.886475 104911.816406 3476.16272
v -54324.145508 104769.726563 3476.16272
v -54182.049561 104910.473633 3676.16272
v -54324.145508 104769.726563 3676.16272
v -54464.886475 104911.816406 3676.16272
v -54322.790527 105052.563477 3676.16272
v -54182.049561 104910.473633 3476.16272
v -54324.145508 104769.726563 3476.16272
v -54324.145508 104769.726563 3676.16272
v -54182.049561 104910.473633 3676.16272
v -54324.145508 104769.726563 3476.16272
v -54464.886475 104911.816406 3476.16272
v -54464.886475 104911.816406 3676.16272
v -54324.145508 104769.726563 3676.16272
v -54464.886475 104911.816406 3476.16272
v -54322.790527 105052.563477 3476.16272
v -54322.790527 105052.563477 3676.16272
v -54464.886475 104911.816406 3676.16272
v -54322.790527 105052.563477 3476.16272
v -54182.049561 104910.473633 3476.16272
v -54182.049561 104910.473633 3676.16272
v -54322.790527 105052.563477 3676.16272
vt 1 1
vt 1 2
vt 0 2
vt 0 1
vt 0 1
vt 1 1
vt 1 2
vt 0 2
vt 0 1
vt 1 1
vt 1 2
vt 0 2
vt 0 1
vt 1 1
vt 1 2
vt 0 2
vt 0 1
vt 1 1
vt 1 2
vt 0 2
vt 0 1
vt 1 1
vt 1 2
vt 0 2
vn 0 0 -1
vn 0 0 -1
vn 0 0 -1
vn 0 0 -1
vn 0 0 1
vn 0 0 1
vn 0 0 1
vn 0 0 1
vn 0.703712 -0.710486 0
vn 0.703712 -0.710486 0
vn 0.703712 -0.710486 0
vn 0.703712 -0.710486 0
vn -0.710486 -0.703712 0
vn -0.710486 -0.703712 0
vn -0.710486 -0.703712 0
vn -0.710486 -0.703712 0
vn -0.703712 0.710486 0
vn -0.703712 0.710486 0
vn -0.703712 0.710486 0
vn -0.703712 0.710486 0
vn 0.710486 0.703712 0
vn 0.710486 0.703712 0
vn 0.710486 0.703712 0
vn 0.710486 0.703712 0
f 121/121/121 123/123/123 122/122/122
f 123/123/123 121/121/121 124/124/124
f 125/125/125 127/127/127 126/126/126
f 127/127/127 125/125/125 128/128/128
f 129/129/129 131/131/131 130/130/130
f 131/131/131 129/129/129 132/132/132
f 133/133/133 135/135/135 134/134/134
f 135/135/135 133/133/133 136/136/136
f 137/137/137 139/139/139 138/138/138
f 139/139/139 137/137/137 140/140/140
f 141/141/141 143/143/143 142/142/142
f 143/143/143 141/141/141 144/144/144
o AC_PIT_0_6
usemtl material_0
v -702.303267 3276.734543 -89.999986
v -702.303219 3276.734543 110.000026
v -560.704088 3135.491371 110.000026
v -560.704136 3135.491371 -89.999986
v -419.816542 3559.93309 -89.999998
v -278.217387 3418.689728 -89.999998
v -278.217387 3418.689728 110.000002
v -419.816494 3559.93309 110.000002
v -702.303267 3276.734543 -89.999986
v -560.704136 3135.491371 -89.999986
v -278.217387 3418.689728 -89.999998
v -419.816542 3559.93309 -89.999998
v -560.704136 3135.491371 -89.999986
v -560.704088 3135.491371 110.000026
v -278.217387 3418.689728 110.000002
v -278.217387 3418.689728 -89.999998
v -560.704088 3135.491371 110.000026
v -702.303219 3276.734543 110.000026
v -419.816494 3559.93309 110.000002
v -278.217387 3418.689728 110.000002
v -702.303219 3276.734543 110.000026
v -702.303267 3276.734543 -89.999986
v -419.816542 3559.93309 -89.999998
v -419.816494 3559.93309 110.000002
vt 1 1
vt 1 2
vt 0 2
vt 0 1
vt 0 1
vt 1 1
vt 1 2
vt 0 2
vt 0 1
vt 1 1
vt 1 2
vt 0 2
vt 0 1
vt 1 1
vt 1 2
vt 0 2
vt 0 1
vt 1 1
vt 1 2
vt 0 2
vt 0 1
vt 1 1
vt 1 2
vt 0 2
vn -0.706217 -0.707996 0
vn -0.706217 -0.707996 0
vn -0.706217 -0.707996 0
vn -0.706217 -0.707996 0
vn 0.706217 0.707996 0
vn 0.706217 0.707996 0
vn 0.706217 0.707996 0
vn 0.706217 0.707996 0
vn 0 0 -1
vn 0 0 -1
vn 0 0 -1
vn 0 0 -1
vn 0.707996 -0.706217 0
vn 0.707996 -0.706217 0
vn 0.707996 -0.706217 0
vn 0.707996 -0.706217 0
vn 0 0 1
vn 0 0 1
vn 0 0 1
vn 0 0 1
vn -0.707996 0.706217 0
vn -0.707996 0.706217 0
vn -0.707996 0.706217 0
vn -0.707996 0.706217 0
f 145/145/145 147/147/147 146/146/146
f 147/147/147 145/145/145 148/148/148
f 149/149/149 151/151/151 150/150/150
f 151/151/151 149/149/149 152/152/152
f 153/153/153 155/155/155 154/154/154
f 155/155/155 153/153/153 156/156/156
f 157/157/157 159/159/159 158/158/158
f 159/159/159 157/157/157 160/160/160
f 161/161/161 163/163/163 162/162/162
f 163/163/163 161/161/161 164/164/164
f 165/165/165 167/167/167 166/166/166
f 167/167/167 165/165/165 168/168/168
o AC_START_0_7
usemtl material_0
v -1589.706421 6059.86557 -71.329331
v -1589.706421 6059.86557 128.670669
v -1447.473049 5919.260788 128.670669
v -1447.473049 5919.260788 -71.329331
v -1308.497143 6344.332123 -71.329349
v -1166.263771 6203.727341 -71.329349
v -1166.263771 6203.727341 128.670657
v -1308.497143 6344.332123 128.670657
v -1589.706421 6059.86557 -71.329331
v -1447.473049 5919.260788 -71.329331
v -1166.263771 6203.727341 -71.329349
v -1308.497143 6344.332123 -71.329349
v -1447.473049 5919.260788 -71.329331
v -1447.473049 5919.260788 128.670669
v -1166.263771 6203.727341 128.670657
v -1166.263771 6203.727341 -71.329349
v -1447.473049 5919.260788 128.670669
v -1589.706421 6059.86557 128.670669
v -1308.497143 6344.332123 128.670657
v -1166.263771 6203.727341 128.670657
v -1589.706421 6059.86557 128.670669
v -1589.706421 6059.86557 -71.329331
v -1308.497143 6344.332123 -71.329349
v -1308.497143 6344.332123 128.670657
vt 1 1
vt 1 2
vt 0 2
vt 0 1
vt 0 1
vt 1 1
vt 1 2
vt 0 2
vt 0 1
vt 1 1
vt 1 2
vt 0 2
vt 0 1
vt 1 1
vt 1 2
vt 0 2
vt 0 1
vt 1 1
vt 1 2
vt 0 2
vt 0 1
vt 1 1
vt 1 2
vt 0 2
vn -0.703023 -0.711167 0
vn -0.703023 -0.711167 0
vn -0.703023 -0.711167 0
vn -0.703023 -0.711167 0
vn 0.703023 0.711167 0
vn 0.703023 0.711167 0
vn 0.703023 0.711167 0
vn 0.703023 0.711167 0
vn 0 0 -1
vn 0 0 -1
vn 0 0 -1
vn 0 0 -1
vn 0.711167 -0.703023 0
vn 0.711167 -0.703023 0
vn 0.711167 -0.703023 0
vn 0.711167 -0.703023 0
vn 0 0 1
vn 0 0 1
vn 0 0 1
vn 0 0 1
vn -0.711167 0.703023 0
vn -0.711167 0.703023 0
vn -0.711167 0.703023 0
vn -0.711167 0.703023 0
f 169/169/169 171/171/171 170/170/170
f 171/171/171 169/169/169 172/172/172
f 173/173/173 175/175/175 174/174/174
f 175/175/175 173/173/173 176/176/176
f 177/177/177 179/179/179 178/178/178
f 179/179/179 177/177/177 180/180/180
f 181/181/181 183/183/183 182/182/182
f 183/183/183 181/181/181 184/184/184
f 185/185/185 187/187/187 186/186/186
f 187/187/187 185/185/185 188/188/188
f 189/189/189 191/191/191 190/190/190
f 191/191/191 189/189/189 192/192/192
o AC_HOTLAP_START_0_8
usemtl material_0
v -30635.614014 15798.448181 715.513849
v -30634.417725 15791.571045 915.392017
v -30831.445313 15757.23114 915.392017
v -30832.644653 15764.108276 715.513849
v -30566.976929 15404.627991 701.554012
v -30764.007568 15370.288086 701.554012
v -30762.808228 15363.41095 901.432133
v -30565.777588 15397.75238 901.432133
v -30635.614014 15798.448181 715.513849
v -30832.644653 15764.108276 715.513849
v -30764.007568 15370.288086 701.554012
v -30566.976929 15404.627991 701.554012
v -30832.644653 15764.108276 715.513849
v -30831.445313 15757.23114 915.392017
v -30762.808228 15363.41095 901.432133
v -30764.007568 15370.288086 701.554012
v -30831.445313 15757.23114 915.392017
v -30634.417725 15791.571045 915.392017
v -30565.777588 15397.75238 901.432133
v -30762.808228 15363.41095 901.432133
v -30634.417725 15791.571045 915.392017
v -30635.614014 15798.448181 715.513849
v -30566.976929 15404.627991 701.554012
v -30565.777588 15397.75238 901.432133
vt 1 1
vt 1 2
vt 0 2
vt 0 1
vt 0 1
vt 1 1
vt 1 2
vt 0 2
vt 0 1
vt 1 1
vt 1 2
vt 0 2
vt 0 1
vt 1 1
vt 1 2
vt 0 2
vt 0 1
vt 1 1
vt 1 2
vt 0 2
vt 0 1
vt 1 1
vt 1 2
vt 0 2
vn -0.171595 0.984549 0.0349
vn -0.171595 0.984549 0.0349
vn -0.171595 0.984549 0.0349
vn -0.171595 0.984549 0.0349
vn 0.171595 -0.984549 -0.0349
vn 0.171595 -0.984549 -0.0349
vn 0.171595 -0.984549 -0.0349
vn 0.171595 -0.984549 -0.0349
vn -0.005992 0.034381 -0.999391
vn -0.005992 0.034381 -0.999391
vn -0.005992 0.034381 -0.999391
vn -0.005992 0.034381 -0.999391
vn -0.985149 -0.1717 0
vn -0.985149 -0.1717 0
vn -0.985149 -0.1717 0
vn -0.985149 -0.1717 0
vn 0.005992 -0.034381 0.999391
vn 0.005992 -0.034381 0.999391
vn 0.005992 -0.034381 0.999391
vn 0.005992 -0.034381 0.999391
vn 0.985149 0.1717 0
vn 0.985149 0.1717 0
vn 0.985149 0.1717 0
vn 0.985149 0.1717 0
f 193/193/193 195/195/195 194/194/194
f 195/195/195 193/193/193 196/196/196
f 197/197/197 199/199/199 198/198/198
f 199/199/199 197/197/197 200/200/200
f 201/201/201 203/203/203 202/202/202
f 203/203/203 201/201/201 204/204/204
f 205/205/205 207/207/207 206/206/206
f 207/207/207 205/205/205 208/208/208
f 209/209/209 211/211/211 210/210/210
f 211/211/211 209/209/209 212/212/212
f 213/213/213 215/215/215 214/214/214
f 215/215/215 213/213/213 216/216/216
o AC_PIT_1_9
usemtl material_0
v 2699.88842 6667.38205 -89.999986
v 2699.88842 6667.38205 110.000026
v 2842.832375 6527.500153 110.000026
v 2842.832375 6527.500153 -89.999986
v 2979.652977 6953.269958 -89.999998
v 3122.596931 6813.387299 -89.999998
v 3122.596931 6813.387299 110.000002
v 2979.652977 6953.269958 110.000002
v 2699.88842 6667.38205 -89.999986
v 2842.832375 6527.500153 -89.999986
v 3122.596931 6813.387299 -89.999998
v 2979.652977 6953.269958 -89.999998
v 2842.832375 6527.500153 -89.999986
v 2842.832375 6527.500153 110.000026
v 3122.596931 6813.387299 110.000002
v 3122.596931 6813.387299 -89.999998
v 2842.832375 6527.500153 110.000026
v 2699.88842 6667.38205 110.000026
v 2979.652977 6953.269958 110.000002
v 3122.596931 6813.387299 110.000002
v 2699.88842 6667.38205 110.000026
v 2699.88842 6667.38205 -89.999986
v 2979.652977 6953.269958 -89.999998
v 2979.652977 6953.269958 110.000002
vt 1 1
vt 1 2
vt 0 2
vt 0 1
vt 0 1
vt 1 1
vt 1 2
vt 0 2
vt 0 1
vt 1 1
vt 1 2
vt 0 2
vt 0 1
vt 1 1
vt 1 2
vt 0 2
vt 0 1
vt 1 1
vt 1 2
vt 0 2
vt 0 1
vt 1 1
vt 1 2
vt 0 2
vn -0.699412 -0.714719 0
vn -0.699412 -0.714719 0
vn -0.699412 -0.714719 0
vn -0.699412 -0.714719 0
vn 0.699412 0.714719 0
vn 0.699412 0.714719 0
vn 0.699412 0.714719 0
vn 0.699412 0.714719 0
vn 0 0 -1
vn 0 0 -1
vn 0 0 -1
vn 0 0 -1
vn 0.714719 -0.699412 0
vn 0.714719 -0.699412 0
vn 0.714719 -0.699412 0
vn 0.714719 -0.699412 0
vn 0 0 1
vn 0 0 1
vn 0 0 1
vn 0 0 1
vn -0.714719 0.699412 0
vn -0.714719 0.699412 0
vn -0.714719 0.699412 0
vn -0.714719 0.699412 0
f 217/217/217 219/219/219 218/218/218
f 219/219/219 217/217/217 220/220/220
f 221/221/221 223/223/223 222/222/222
f 223/223/223 221/221/221 224/224/224
f 225/225/225 227/227/227 226/226/226
f 227/227/227 225/225/225 228/228/228
f 229/229/229 231/231/231 230/230/230
f 231/231/231 229/229/229 232/232/232
f 233/233/233 235/235/235 234/234/234
f 235/235/235 233/233/233 236/236/236
f 237/237/237 239/239/239 238/238/238
f 239/239/239 237/237/237 240/240/240
o AC_START_1_10
usemtl material_0
v -1584.439945 4921.68808 -72.513413
v -1584.439945 4921.68808 127.486587
v -1442.206573 4781.083298 127.486587
v -1442.206573 4781.083298 -72.513413
v -1303.230667 5206.154633 -72.513431
v -1160.997295 5065.54985 -72.513431
v -1160.997295 5065.54985 127.486575
v -1303.230667 5206.154633 127.486575
v -1584.439945 4921.68808 -72.513413
v -1442.206573 4781.083298 -72.513413
v -1160.997295 5065.54985 -72.513431
v -1303.230667 5206.154633 -72.513431
v -1442.206573 4781.083298 -72.513413
v -1442.206573 4781.083298 127.486587
v -1160.997295 5065.54985 127.486575
v -1160.997295 5065.54985 -72.513431
v -1442.206573 4781.083298 127.486587
v -1584.439945 4921.68808 127.486587
v -1303.230667 5206.154633 127.486575
v -1160.997295 5065.54985 127.486575
v -1584.439945 4921.68808 127.486587
v -1584.439945 4921.68808 -72.513413
v -1303.230667 5206.154633 -72.513431
v -1303.230667 5206.154633 127.486575
vt 1 1
vt 1 2
vt 0 2
vt 0 1
vt 0 1
vt 1 1
vt 1 2
vt 0 2
vt 0 1
vt 1 1
vt 1 2
vt 0 2
vt 0 1
vt 1 1
vt 1 2
vt 0 2
vt 0 1
vt 1 1
vt 1 2
vt 0 2
vt 0 1
vt 1 1
vt 1 2
vt 0 2
vn -0.703023 -0.711167 0
vn -0.703023 -0.711167 0
vn -0.703023 -0.711167 0
vn -0.703023 -0.711167 0
vn 0.703023 0.711167 0
vn 0.703023 0.711167 0
vn 0.703023 0.711167 0
vn 0.703023 0.711167 0
vn 0 0 -1
vn 0 0 -1
vn 0 0 -1
vn 0 0 -1
vn 0.711167 -0.703023 0
vn 0.711167 -0.703023 0
vn 0.711167 -0.703023 0
vn 0.711167 -0.703023 0
vn 0 0 1
vn 0 0 1
vn 0 0 1
vn 0 0 1
vn -0.711167 0.703023 0
vn -0.711167 0.703023 0
vn -0.711167 0.703023 0
vn -0.711167 0.703023 0
f 241/241/241 243/243/243 242/242/242
f 243/243/243 241/241/241 244/244/244
f 245/245/245 247/247/247 246/246/246
f 247/247/247 245/245/245 248/248/248
f 249/249/249 251/251/251 250/250/250
f 251/251/251 249/249/249 252/252/252
f 253/253/253 255/255/255 254/254/254
f 255/255/255 253/253/253 256/256/256
f 257/257/257 259/259/259 258/258/258
f 259/259/259 257/257/257 260/260/260
f 261/261/261 263/263/263 262/262/262
f 263/263/263 261/261/261 264/264/264
o AC_START_2_11
usemtl material_0
v -2722.045326 4926.136398 -76.547837
v -2722.045326 4926.136398 123.452163
v -2579.811859 4785.531616 123.452163
v -2579.811859 4785.531616 -76.547837
v -2440.835953 5210.602951 -76.547855
v -2298.602486 5069.998169 -76.547855
v -2298.602486 5069.998169 123.452151
v -2440.835953 5210.602951 123.452151
v -2722.045326 4926.136398 -76.547837
v -2579.811859 4785.531616 -76.547837
v -2298.602486 5069.998169 -76.547855
v -2440.835953 5210.602951 -76.547855
v -2579.811859 4785.531616 -76.547837
v -2579.811859 4785.531616 123.452163
v -2298.602486 5069.998169 123.452151
v -2298.602486 5069.998169 -76.547855
v -2579.811859 4785.531616 123.452163
v -2722.045326 4926.136398 123.452163
v -2440.835953 5210.602951 123.452151
v -2298.602486 5069.998169 123.452151
v -2722.045326 4926.136398 123.452163
v -2722.045326 4926.136398 -76.547837
v -2440.835953 5210.602951 -76.547855
v -2440.835953 5210.602951 123.452151
vt 1 1
vt 1 2
vt 0 2
vt 0 1
vt 0 1
vt 1 1
vt 1 2
vt 0 2
vt 0 1
vt 1 1
vt 1 2
vt 0 2
vt 0 1
vt 1 1
vt 1 2
vt 0 2
vt 0 1
vt 1 1
vt 1 2
vt 0 2
vt 0 1
vt 1 1
vt 1 2
vt 0 2
vn -0.703023 -0.711167 0
vn -0.703023 -0.711167 0
vn -0.703023 -0.711167 0
vn -0.703023 -0.711167 0
vn 0.703023 0.711167 0
vn 0.703023 0.711167 0
vn 0.703023 0.711167 0
vn 0.703023 0.711167 0
vn 0 0 -1
vn 0 0 -1
vn 0 0 -1
vn 0 0 -1
vn 0.711167 -0.703023 0
vn 0.711167 -0.703023 0
vn 0.711167 -0.703023 0
vn 0.711167 -0.703023 0
vn 0 0 1
vn 0 0 1
vn 0 0 1
vn 0 0 1
vn -0.711167 0.703023 0
vn -0.711167 0.703023 0
vn -0.711167 0.703023 0
vn -0.711167 0.703023 0
f 265/265/265 267/267/267 266/266/266
f 267/267/267 265/265/265 268/268/268
f 269/269/269 271/271/271 270/270/270
f 271/271/271 269/269/269 272/272/272
f 273/273/273 275/275/275 274/274/274
f 275/275/275 273/273/273 276/276/276
f 277/277/277 279/279/279 278/278/278
f 279/279/279 277/277/277 280/280/280
f 281/281/281 283/283/283 282/282/282
f 283/283/283 281/281/281 284/284/284
f 285/285/285 287/287/287 286/286/286
f 287/287/287 285/285/285 288/288/288
o AC_START_3_12
usemtl material_0
v -2721.176529 3785.559845 -75.082994
v -2721.176529 3785.559845 124.917006
v -2578.623009 3645.279694 124.917006
v -2578.623009 3645.279694 -75.082994
v -2440.616417 4070.666885 -75.083011
v -2298.062897 3930.386734 -75.083011
v -2298.062897 3930.386734 124.916995
v -2440.616417 4070.666885 124.916995
v -2721.176529 3785.559845 -75.082994
v -2578.623009 3645.279694 -75.082994
v -2298.062897 3930.386734 -75.083011
v -2440.616417 4070.666885 -75.083011
v -2578.623009 3645.279694 -75.082994
v -2578.623009 3645.279694 124.917006
v -2298.062897 3930.386734 124.916995
v -2298.062897 3930.386734 -75.083011
v -2578.623009 3645.279694 124.917006
v -2721.176529 3785.559845 124.917006
v -2440.616417 4070.666885 124.916995
v -2298.062897 3930.386734 124.916995
v -2721.176529 3785.559845 124.917006
v -2721.176529 3785.559845 -75.082994
v -2440.616417 4070.666885 -75.083011
v -2440.616417 4070.666885 124.916995
vt 1 1
vt 1 2
vt 0 2
vt 0 1
vt 0 1
vt 1 1
vt 1 2
vt 0 2
vt 0 1
vt 1 1
vt 1 2
vt 0 2
vt 0 1
vt 1 1
vt 1 2
vt 0 2
vt 0 1
vt 1 1
vt 1 2
vt 0 2
vt 0 1
vt 1 1
vt 1 2
vt 0 2
vn -0.7014 -0.712768 0
vn -0.7014 -0.712768 0
vn -0.7014 -0.712768 0
vn -0.7014 -0.712768 0
vn 0.7014 0.712768 0
vn 0.7014 0.712768 0
vn 0.7014 0.712768 0
vn 0.7014 0.712768 0
vn 0 0 -1
vn 0 0 -1
vn 0 0 -1
vn 0 0 -1
vn 0.712768 -0.7014 0
vn 0.712768 -0.7014 0
vn 0.712768 -0.7014 0
vn 0.712768 -0.7014 0
vn 0 0 1
vn 0 0 1
vn 0 0 1
vn 0 0 1
vn -0.712768 0.7014 0
vn -0.712768 0.7014 0
vn -0.712768 0.7014 0
vn -0.712768 0.7014 0
f 289/289/289 291/291/291 290/290/290
f 291/291/291 289/289/289 292/292/292
f 293/293/293 295/295/295 294/294/294
f 295/295/295 293/293/293 296/296/296
f 297/297/297 299/299/299 298/298/298
f 299/299/299 297/297/297 300/300/300
f 301/301/301 303/303/303 302/302/302
f 303/303/303 301/301/301 304/304/304
f 305/305/305 307/307/307 306/306/306
f 307/307/307 305/305/305 308/308/308
f 309/309/309 311/311/311 310/310/310
f 311/311/311 309/309/309 312/312/312
o AC_START_4_13
usemtl material_0
v -3855.654144 3799.352264 -76.480699
v -3855.654144 3799.352264 123.519301
v -3715.381241 3656.791687 123.519301
v -3715.381241 3656.791687 -76.480699
v -3570.532608 4079.89769 -76.480716
v -3430.259705 3937.337112 -76.480716
v -3430.259705 3937.337112 123.519289
v -3570.532608 4079.89769 123.519289
v -3855.654144 3799.352264 -76.480699
v -3715.381241 3656.791687 -76.480699
v -3430.259705 3937.337112 -76.480716
v -3570.532608 4079.89769 -76.480716
v -3715.381241 3656.791687 -76.480699
v -3715.381241 3656.791687 123.519301
v -3430.259705 3937.337112 123.519289
v -3430.259705 3937.337112 -76.480716
v -3715.381241 3656.791687 123.519301
v -3855.654144 3799.352264 123.519301
v -3570.532608 4079.89769 123.519289
v -3430.259705 3937.337112 123.519289
v -3855.654144 3799.352264 123.519301
v -3855.654144 3799.352264 -76.480699
v -3570.532608 4079.89769 -76.480716
v -3570.532608 4079.89769 123.519289
vt 1 1
vt 1 2
vt 0 2
vt 0 1
vt 0 1
vt 1 1
vt 1 2
vt 0 2
vt 0 1
vt 1 1
vt 1 2
vt 0 2
vt 0 1
vt 1 1
vt 1 2
vt 0 2
vt 0 1
vt 1 1
vt 1 2
vt 0 2
vt 0 1
vt 1 1
vt 1 2
vt 0 2
vn -0.712803 -0.701364 0
vn -0.712803 -0.701364 0
vn -0.712803 -0.701364 0
vn -0.712803 -0.701364 0
vn 0.712803 0.701364 0
vn 0.712803 0.701364 0
vn 0.712803 0.701364 0
vn 0.712803 0.701364 0
vn 0 0 -1
vn 0 0 -1
vn 0 0 -1
vn 0 0 -1
vn 0.701364 -0.712803 0
vn 0.701364 -0.712803 0
vn 0.701364 -0.712803 0
vn 0.701364 -0.712803 0
vn 0 0 1
vn 0 0 1
vn 0 0 1
vn 0 0 1
vn -0.701364 0.712803 0
vn -0.701364 0.712803 0
vn -0.701364 0.712803 0
vn -0.701364 0.712803 0
f 313/313/313 315/315/315 314/314/314
f 315/315/315 313/313/313 316/316/316
f 317/317/317 319/319/319 318/318/318
f 319/319/319 317/317/317 320/320/320
f 321/321/321 323/323/323 322/322/322
f 323/323/323 321/321/321 324/324/324
f 325/325/325 327/327/327 326/326/326
f 327/327/327 325/325/325 328/328/328
f 329/329/329 331/331/331 330/330/330
f 331/331/331 329/329/329 332/332/332
f 333/333/333 335/335/335 334/334/334
f 335/335/335 333/333/333 336/336/336
o AC_START_5_14
usemtl material_0
v -3849.943542 2655.331993 -81.284165
v -3849.943542 2655.331993 118.715835
v -3707.710266 2514.727402 118.715835
v -3707.710266 2514.727402 -81.284165
v -3568.733978 2939.798737 -81.284183
v -3426.500702 2799.194145 -81.284183
v -3426.500702 2799.194145 118.715823
v -3568.733978 2939.798737 118.715823
v -3849.943542 2655.331993 -81.284165
v -3707.710266 2514.727402 -81.284165
v -3426.500702 2799.194145 -81.284183
v -3568.733978 2939.798737 -81.284183
v -3707.710266 2514.727402 -81.284165
v -3707.710266 2514.727402 118.715835
v -3426.500702 2799.194145 118.715823
v -3426.500702 2799.194145 -81.284183
v -3707.710266 2514.727402 118.715835
v -3849.943542 2655.331993 118.715835
v -3568.733978 2939.798737 118.715823
v -3426.500702 2799.194145 118.715823
v -3849.943542 2655.331993 118.715835
v -3849.943542 2655.331993 -81.284165
v -3568.733978 2939.798737 -81.284183
v -3568.733978 2939.798737 118.715823
vt 1 1
vt 1 2
vt 0 2
vt 0 1
vt 0 1
vt 1 1
vt 1 2
vt 0 2
vt 0 1
vt 1 1
vt 1 2
vt 0 2
vt 0 1
vt 1 1
vt 1 2
vt 0 2
vt 0 1
vt 1 1
vt 1 2
vt 0 2
vt 0 1
vt 1 1
vt 1 2
vt 0 2
vn -0.703023 -0.711167 0
vn -0.703023 -0.711167 0
vn -0.703023 -0.711167 0
vn -0.703023 -0.711167 0
vn 0.703023 0.711167 0
vn 0.703023 0.711167 0
vn 0.703023 0.711167 0
vn 0.703023 0.711167 0
vn 0 0 -1
vn 0 0 -1
vn 0 0 -1
vn 0 0 -1
vn 0.711167 -0.703023 0
vn 0.711167 -0.703023 0
vn 0.711167 -0.703023 0
vn 0.711167 -0.703023 0
vn 0 0 1
vn 0 0 1
vn 0 0 1
vn 0 0 1
vn -0.711167 0.703023 0
vn -0.711167 0.703023 0
vn -0.711167 0.703023 0
vn -0.711167 0.703023 0
f 337/337/337 339/339/339 338/338/338
f 339/339/339 337/337/337 340/340/340
f 341/341/341 343/343/343 342/342/342
f 343/343/343 341/341/341 344/344/344
f 345/345/345 347/347/347 346/346/346
f 347/347/347 345/345/345 348/348/348
f 349/349/349 351/351/351 350/350/350
f 351/351/351 349/349/349 352/352/352
f 353/353/353 355/355/355 354/354/354
f 355/355/355 353/353/353 356/356/356
f 357/357/357 359/359/359 358/358/358
f 359/359/359 357/357/357 360/360/360
o AC_START_6_15
usemtl material_0
v -4984.362793 2661.792374 -80.240464
v -4984.362793 2661.792374 119.759536
v -4842.129517 2521.187782 119.759536
v -4842.129517 2521.187782 -80.240464
v -4703.153229 2946.259117 -80.240482
v -4560.919952 2805.654526 -80.240482
v -4560.919952 2805.654526 119.759524
v -4703.153229 2946.259117 119.759524
v -4984.362793 2661.792374 -80.240464
v -4842.129517 2521.187782 -80.240464
v -4560.919952 2805.654526 -80.240482
v -4703.153229 2946.259117 -80.240482
v -4842.129517 2521.187782 -80.240464
v -4842.129517 2521.187782 119.759536
v -4560.919952 2805.654526 119.759524
v -4560.919952 2805.654526 -80.240482
v -4842.129517 2521.187782 119.759536
v -4984.362793 2661.792374 119.759536
v -4703.153229 2946.259117 119.759524
v -4560.919952 2805.654526 119.759524
v -4984.362793 2661.792374 119.759536
v -4984.362793 2661.792374 -80.240464
v -4703.153229 2946.259117 -80.240482
v -4703.153229 2946.259117 119.759524
vt 1 1
vt 1 2
vt 0 2
vt 0 1
vt 0 1
vt 1 1
vt 1 2
vt 0 2
vt 0 1
vt 1 1
vt 1 2
vt 0 2
vt 0 1
vt 1 1
vt 1 2
vt 0 2
vt 0 1
vt 1 1
vt 1 2
vt 0 2
vt 0 1
vt 1 1
vt 1 2
vt 0 2
vn -0.703023 -0.711167 0
vn -0.703023 -0.711167 0
vn -0.703023 -0.711167 0
vn -0.703023 -0.711167 0
vn 0.703023 0.711167 0
vn 0.703023 0.711167 0
vn 0.703023 0.711167 0
vn 0.703023 0.711167 0
vn 0 0 -1
vn 0 0 -1
vn 0 0 -1
vn 0 0 -1
vn 0.711167 -0.703023 0
vn 0.711167 -0.703023 0
vn 0.711167 -0.703023 0
vn 0.711167 -0.703023 0
vn 0 0 1
vn 0 0 1
vn 0 0 1
vn 0 0 1
vn -0.711167 0.703023 0
vn -0.711167 0.703023 0
vn -0.711167 0.703023 0
vn -0.711167 0.703023 0
f 361/361/361 363/363/363 362/362/362
f 363/363/363 361/361/361 364/364/364
f 365/365/365 367/367/367 366/366/366
f 367/367/367 365/365/365 368/368/368
f 369/369/369 371/371/371 370/370/370
f 371/371/371 369/369/369 372/372/372
f 373/373/373 375/375/375 374/374/374
f 375/375/375 373/373/373 376/376/376
f 377/377/377 379/379/379 378/378/378
f 379/379/379 377/377/377 380/380/380
f 381/381/381 383/383/383 382/382/382
f 383/383/383 381/381/381 384/384/384
o AC_START_7_16
usemtl material_0
v -4981.236649 1532.202816 -76.236558
v -4981.236649 1532.202816 123.763442
v -4839.003372 1391.598129 123.763442
v -4839.003372 1391.598129 -76.236558
v -4700.027084 1816.669464 -76.236576
v -4557.793808 1676.064873 -76.236576
v -4557.793808 1676.064873 123.76343
v -4700.027084 1816.669464 123.76343
v -4981.236649 1532.202816 -76.236558
v -4839.003372 1391.598129 -76.236558
v -4557.793808 1676.064873 -76.236576
v -4700.027084 1816.669464 -76.236576
v -4839.003372 1391.598129 -76.236558
v -4839.003372 1391.598129 123.763442
v -4557.793808 1676.064873 123.76343
v -4557.793808 1676.064873 -76.236576
v -4839.003372 1391.598129 123.763442
v -4981.236649 1532.202816 123.763442
v -4700.027084 1816.669464 123.76343
v -4557.793808 1676.064873 123.76343
v -4981.236649 1532.202816 123.763442
v -4981.236649 1532.202816 -76.236558
v -4700.027084 1816.669464 -76.236576
v -4700.027084 1816.669464 123.76343
vt 1 1
vt 1 2
vt 0 2
vt 0 1
vt 0 1
vt 1 1
vt 1 2
vt 0 2
vt 0 1
vt 1 1
vt 1 2
vt 0 2
vt 0 1
vt 1 1
vt 1 2
vt 0 2
vt 0 1
vt 1 1
vt 1 2
vt 0 2
vt 0 1
vt 1 1
vt 1 2
vt 0 2
vn -0.703023 -0.711167 0
vn -0.703023 -0.711167 0
vn -0.703023 -0.711167 0
vn -0.703023 -0.711167 0
vn 0.703023 0.711167 0
vn 0.703023 0.711167 0
vn 0.703023 0.711167 0
vn 0.703023 0.711167 0
vn 0 0 -1
vn 0 0 -1
vn 0 0 -1
vn 0 0 -1
vn 0.711167 -0.703023 0
vn 0.711167 -0.703023 0
vn 0.711167 -0.703023 0
vn 0.711167 -0.703023 0
vn 0 0 1
vn 0 0 1
vn 0 0 1
vn 0 0 1
vn -0.711167 0.703023 0
vn -0.711167 0.703023 0
vn -0.711167 0.703023 0
vn -0.711167 0.703023 0
f 385/385/385 387/387/387 386/386/386
f 387/387/387 385/385/385 388/388/388
f 389/389/389 391/391/391 390/390/390
f 391/391/391 389/389/389 392/392/392
f 393/393/393 395/395/395 394/394/394
f 395/395/395 393/393/393 396/396/396
f 397/397/397 399/399/399 398/398/398
f 399/399/399 397/397/397 400/400/400
f 401/401/401 403/403/403 402/402/402
f 403/403/403 401/401/401 404/404/404
f 405/405/405 407/407/407 406/406/406
f 407/407/407 405/405/405 408/408/408
o AC_START_8_17
usemtl material_0
v -6119.245529 1534.45673 -80.277085
v -6119.245529 1534.45673 119.722915
v -5979.046249 1391.823769 119.722915
v -5979.046249 1391.823769 -80.277085
v -5833.979416 1814.855385 -80.277103
v -5693.780136 1672.222519 -80.277103
v -5693.780136 1672.222519 119.722903
v -5833.979416 1814.855385 119.722903
v -6119.245529 1534.45673 -80.277085
v -5979.046249 1391.823769 -80.277085
v -5693.780136 1672.222519 -80.277103
v -5833.979416 1814.855385 -80.277103
v -5979.046249 1391.823769 -80.277085
v -5979.046249 1391.823769 119.722915
v -5693.780136 1672.222519 119.722903
v -5693.780136 1672.222519 -80.277103
v -5979.046249 1391.823769 119.722915
v -6119.245529 1534.45673 119.722915
v -5833.979416 1814.855385 119.722903
v -5693.780136 1672.222519 119.722903
v -6119.245529 1534.45673 119.722915
v -6119.245529 1534.45673 -80.277085
v -5833.979416 1814.855385 -80.277103
v -5833.979416 1814.855385 119.722903
vt 1 1
vt 1 2
vt 0 2
vt 0 1
vt 0 1
vt 1 1
vt 1 2
vt 0 2
vt 0 1
vt 1 1
vt 1 2
vt 0 2
vt 0 1
vt 1 1
vt 1 2
vt 0 2
vt 0 1
vt 1 1
vt 1 2
vt 0 2
vt 0 1
vt 1 1
vt 1 2
vt 0 2
vn -0.713165 -0.700997 0
vn -0.713165 -0.700997 0
vn -0.713165 -0.700997 0
vn -0.713165 -0.700997 0
vn 0.713165 0.700997 0
vn 0.713165 0.700997 0
vn 0.713165 0.700997 0
vn 0.713165 0.700997 0
vn 0 0 -1
vn 0 0 -1
vn 0 0 -1
vn 0 0 -1
vn 0.700997 -0.713165 0
vn 0.700997 -0.713165 0
vn 0.700997 -0.713165 0
vn 0.700997 -0.713165 0
vn 0 0 1
vn 0 0 1
vn 0 0 1
vn 0 0 1
vn -0.700997 0.713165 0
vn -0.700997 0.713165 0
vn -0.700997 0.713165 0
vn -0.700997 0.713165 0
f 409/409/409 411/411/411 410/410/410
f 411/411/411 409/409/409 412/412/412
f 413/413/413 415/415/415 414/414/414
f 415/415/415 413/413/413 416/416/416
f 417/417/417 419/419/419 418/418/418
f 419/419/419 417/417/417 420/420/420
f 421/421/421 423/423/423 422/422/422
f 423/423/423 421/421/421 424/424/424
f 425/425/425 427/427/427 426/426/426
f 427/427/427 425/425/425 428/428/428
f 429/429/429 431/431/431 430/430/430
f 431/431/431 429/429/429 432/432/432
o AC_START_9_18
usemtl material_0
v -6112.940216 395.378852 -79.831529
v -6112.940216 395.378876 120.168471
v -5969.392014 256.116915 120.168471
v -5969.392014 256.116915 -79.831529
v -5834.41658 682.475424 -79.831547
v -5690.868378 543.213511 -79.831547
v -5690.868378 543.213511 120.168459
v -5834.41658 682.475424 120.168459
v -6112.940216 395.378852 -79.831529
v -5969.392014 256.116915 -79.831529
v -5690.868378 543.213511 -79.831547
v -5834.41658 682.475424 -79.831547
v -5969.392014 256.116915 -79.831529
v -5969.392014 256.116915 120.168471
v -5690.868378 543.213511 120.168459
v -5690.868378 543.213511 -79.831547
v -5969.392014 256.116915 120.168471
v -6112.940216 395.378876 120.168471
v -5834.41658 682.475424 120.168459
v -5690.868378 543.213511 120.168459
v -6112.940216 395.378876 120.168471
v -6112.940216 395.378852 -79.831529
v -5834.41658 682.475424 -79.831547
v -5834.41658 682.475424 120.168459
vt 1 1
vt 1 2
vt 0 2
vt 0 1
vt 0 1
vt 1 1
vt 1 2
vt 0 2
vt 0 1
vt 1 1
vt 1 2
vt 0 2
vt 0 1
vt 1 1
vt 1 2
vt 0 2
vt 0 1
vt 1 1
vt 1 2
vt 0 2
vt 0 1
vt 1 1
vt 1 2
vt 0 2
vn -0.69631 -0.717741 0
vn -0.69631 -0.717741 0
vn -0.69631 -0.717741 0
vn -0.69631 -0.717741 0
vn 0.69631 0.717741 0
vn 0.69631 0.717741 0
vn 0.69631 0.717741 0
vn 0.69631 0.717741 0
vn 0 0 -1
vn 0 0 -1
vn 0 0 -1
vn 0 0 -1
vn 0.717741 -0.69631 0
vn 0.717741 -0.69631 0
vn 0.717741 -0.69631 0
vn 0.717741 -0.69631 0
vn 0 0 1
vn 0 0 1
vn 0 0 1
vn 0 0 1
vn -0.717741 0.69631 0
vn -0.717741 0.69631 0
vn -0.717741 0.69631 0
vn -0.717741 0.69631 0
f 433/433/433 435/435/435 434/434/434
f 435/435/435 433/433/433 436/436/436
f 437/437/437 439/439/439 438/438/438
f 439/439/439 437/437/437 440/440/440
f 441/441/441 443/443/443 442/442/442
f 443/443/443 441/441/441 444/444/444
f 445/445/445 447/447/447 446/446/446
f 447/447/447 445/445/445 448/448/448
f 449/449/449 451/451/451 450/450/450
f 451/451/451 449/449/449 452/452/452
f 453/453/453 455/455/455 454/454/454
f 455/455/455 453/453/453 456/456/456
o AC_START_10_19
usemtl material_0
v -7248.032379 400.525141 -77.902818
v -7248.032379 400.525141 122.097182
v -7105.799103 259.920478 122.097182
v -7105.799103 259.920478 -77.902818
v -6966.823578 684.991884 -77.902836
v -6824.590302 544.387197 -77.902836
v -6824.590302 544.387197 122.09717
v -6966.823578 684.991884 122.09717
v -7248.032379 400.525141 -77.902818
v -7105.799103 259.920478 -77.902818
v -6824.590302 544.387197 -77.902836
v -6966.823578 684.991884 -77.902836
v -7105.799103 259.920478 -77.902818
v -7105.799103 259.920478 122.097182
v -6824.590302 544.387197 122.09717
v -6824.590302 544.387197 -77.902836
v -7105.799103 259.920478 122.097182
v -7248.032379 400.525141 122.097182
v -6966.823578 684.991884 122.09717
v -6824.590302 544.387197 122.09717
v -7248.032379 400.525141 122.097182
v -7248.032379 400.525141 -77.902818
v -6966.823578 684.991884 -77.902836
v -6966.823578 684.991884 122.09717
vt 1 1
vt 1 2
vt 0 2
vt 0 1
vt 0 1
vt 1 1
vt 1 2
vt 0 2
vt 0 1
vt 1 1
vt 1 2
vt 0 2
vt 0 1
vt 1 1
vt 1 2
vt 0 2
vt 0 1
vt 1 1
vt 1 2
vt 0 2
vt 0 1
vt 1 1
vt 1 2
vt 0 2
vn -0.703023 -0.711167 0
vn -0.703023 -0.711167 0
vn -0.703023 -0.711167 0
vn -0.703023 -0.711167 0
vn 0.703023 0.711167 0
vn 0.703023 0.711167 0
vn 0.703023 0.711167 0
vn 0.703023 0.711167 0
vn 0 0 -1
vn 0 0 -1
vn 0 0 -1
vn 0 0 -1
vn 0.711167 -0.703023 0
vn 0.711167 -0.703023 0
vn 0.711167 -0.703023 0
vn 0.711167 -0.703023 0
vn 0 0 1
vn 0 0 1
vn 0 0 1
vn 0 0 1
vn -0.711167 0.703023 0
vn -0.711167 0.703023 0
vn -0.711167 0.703023 0
vn -0.711167 0.703023 0
f 457/457/457 459/459/459 458/458/458
f 459/459/459 457/457/457 460/460/460
f 461/461/461 463/463/463 462/462/462
f 463/463/463 461/461/461 464/464/464
f 465/465/465 467/467/467 466/466/466
f 467/467/467 465/465/465 468/468/468
f 469/469/469 471/471/471 470/470/470
f 471/471/471 469/469/469 472/472/472
f 473/473/473 475/475/475 474/474/474
f 475/475/475 473/473/473 476/476/476
f 477/477/477 479/479/479 478/478/478
f 479/479/479 477/477/477 480/480/480
o AC_START_11_20
usemtl material_0
v -7245.406342 -727.957344 -83.640122
v -7245.406342 -727.957344 116.359878
v -7106.459808 -871.810341 116.359878
v -7106.459808 -871.810341 -83.640122
v -6957.700348 -450.063086 -83.64014
v -6818.753815 -593.916082 -83.64014
v -6818.753815 -593.916082 116.359866
v -6957.700348 -450.063086 116.359866
v -7245.406342 -727.957344 -83.640122
v -7106.459808 -871.810341 -83.640122
v -6818.753815 -593.916082 -83.64014
v -6957.700348 -450.063086 -83.64014
v -7106.459808 -871.810341 -83.640122
v -7106.459808 -871.810341 116.359878
v -6818.753815 -593.916082 116.359866
v -6818.753815 -593.916082 -83.64014
v -7106.459808 -871.810341 116.359878
v -7245.406342 -727.957344 116.359878
v -6957.700348 -450.063086 116.359866
v -6818.753815 -593.916082 116.359866
v -7245.406342 -727.957344 116.359878
v -7245.406342 -727.957344 -83.640122
v -6957.700348 -450.063086 -83.64014
v -6957.700348 -450.063086 116.359866
vt 1 1
vt 1 2
vt 0 2
vt 0 1
vt 0 1
vt 1 1
vt 1 2
vt 0 2
vt 0 1
vt 1 1
vt 1 2
vt 0 2
vt 0 1
vt 1 1
vt 1 2
vt 0 2
vt 0 1
vt 1 1
vt 1 2
vt 0 2
vt 0 1
vt 1 1
vt 1 2
vt 0 2
vn -0.719265 -0.694736 0
vn -0.719265 -0.694736 0
vn -0.719265 -0.694736 0
vn -0.719265 -0.694736 0
vn 0.719265 0.694736 0
vn 0.719265 0.694736 0
vn 0.719265 0.694736 0
vn 0.719265 0.694736 0
vn 0 0 -1
vn 0 0 -1
vn 0 0 -1
vn 0 0 -1
vn 0.694736 -0.719265 0
vn 0.694736 -0.719265 0
vn 0.694736 -0.719265 0
vn 0.694736 -0.719265 0
vn 0 0 1
vn 0 0 1
vn 0 0 1
vn 0 0 1
vn -0.694736 0.719265 0
vn -0.694736 0.719265 0
vn -0.694736 0.719265 0
vn -0.694736 0.719265 0
f 481/481/481 483/483/483 482/482/482
f 483/483/483 481/481/481 484/484/484
f 485/485/485 487/487/487 486/486/486
f 487/487/487 485/485/485 488/488/488
f 489/489/489 491/491/491 490/490/490
f 491/491/491 489/489/489 492/492/492
f 493/493/493 495/495/495 494/494/494
f 495/495/495 493/493/493 496/496/496
f 497/497/497 499/499/499 498/498/498
f 499/499/499 497/497/497 500/500/500
f 501/501/501 503/503/503 502/502/502
f 503/503/503 501/501/501 504/504/504
o AC_START_12_21
usemtl material_0
v -8382.414246 -727.864218 -79.062486
v -8382.414246 -727.864218 120.937514
v -8243.036652 -871.30003 120.937514
v -8243.036652 -871.30003 -79.062486
v -8095.542145 -449.108601 -79.062504
v -7956.164551 -592.544413 -79.062504
v -7956.164551 -592.544413 120.937502
v -8095.542145 -449.108601 120.937502
v -8382.414246 -727.864218 -79.062486
v -8243.036652 -871.30003 -79.062486
v -7956.164551 -592.544413 -79.062504
v -8095.542145 -449.108601 -79.062504
v -8243.036652 -871.30003 -79.062486
v -8243.036652 -871.30003 120.937514
v -7956.164551 -592.544413 120.937502
v -7956.164551 -592.544413 -79.062504
v -8243.036652 -871.30003 120.937514
v -8382.414246 -727.864218 120.937514
v -8095.542145 -449.108601 120.937502
v -7956.164551 -592.544413 120.937502
v -8382.414246 -727.864218 120.937514
v -8382.414246 -727.864218 -79.062486
v -8095.542145 -449.108601 -79.062504
v -8095.542145 -449.108601 120.937502
vt 1 1
vt 1 2
vt 0 2
vt 0 1
vt 0 1
vt 1 1
vt 1 2
vt 0 2
vt 0 1
vt 1 1
vt 1 2
vt 0 2
vt 0 1
vt 1 1
vt 1 2
vt 0 2
vt 0 1
vt 1 1
vt 1 2
vt 0 2
vt 0 1
vt 1 1
vt 1 2
vt 0 2
vn -0.717179 -0.696889 0
vn -0.717179 -0.696889 0
vn -0.717179 -0.696889 0
vn -0.717179 -0.696889 0
vn 0.717179 0.696889 0
vn 0.717179 0.696889 0
vn 0.717179 0.696889 0
vn 0.717179 0.696889 0
vn 0 0 -1
vn 0 0 -1
vn 0 0 -1
vn 0 0 -1
vn 0.696889 -0.717179 0
vn 0.696889 -0.717179 0
vn 0.696889 -0.717179 0
vn 0.696889 -0.717179 0
vn 0 0 1
vn 0 0 1
vn 0 0 1
vn 0 0 1
vn -0.696889 0.717179 0
vn -0.696889 0.717179 0
vn -0.696889 0.717179 0
vn -0.696889 0.717179 0
f 505/505/505 507/507/507 506/506/506
f 507/507/507 505/505/505 508/508/508
f 509/509/509 511/511/511 510/510/510
f 511/511/511 509/509/509 512/512/512
f 513/513/513 515/515/515 514/514/514
f 515/515/515 513/513/513 516/516/516
f 517/517/517 519/519/519 518/518/518
f 519/519/519 517/517/517 520/520/520
f 521/521/521 523/523/523 522/522/522
f 523/523/523 521/521/521 524/524/524
f 525/525/525 527/527/527 526/526/526
f 527/527/527 525/525/525 528/528/528
o AC_START_13_22
usemtl material_0
v -8375.540924 -1866.065788 -82.376695
v -8375.540924 -1866.065788 117.623305
v -8233.307648 -2006.67038 117.623305
v -8233.307648 -2006.67038 -82.376695
v -8094.332123 -1581.599045 -82.376713
v -7952.098846 -1722.203636 -82.376713
v -7952.098846 -1722.203636 117.623293
v -8094.332123 -1581.599045 117.623293
v -8375.540924 -1866.065788 -82.376695
v -8233.307648 -2006.67038 -82.376695
v -7952.098846 -1722.203636 -82.376713
v -8094.332123 -1581.599045 -82.376713
v -8233.307648 -2006.67038 -82.376695
v -8233.307648 -2006.67038 117.623305
v -7952.098846 -1722.203636 117.623293
v -7952.098846 -1722.203636 -82.376713
v -8233.307648 -2006.67038 117.623305
v -8375.540924 -1866.065788 117.623305
v -8094.332123 -1581.599045 117.623293
v -7952.098846 -1722.203636 117.623293
v -8375.540924 -1866.065788 117.623305
v -8375.540924 -1866.065788 -82.376695
v -8094.332123 -1581.599045 -82.376713
v -8094.332123 -1581.599045 117.623293
vt 1 1
vt 1 2
vt 0 2
vt 0 1
vt 0 1
vt 1 1
vt 1 2
vt 0 2
vt 0 1
vt 1 1
vt 1 2
vt 0 2
vt 0 1
vt 1 1
vt 1 2
vt 0 2
vt 0 1
vt 1 1
vt 1 2
vt 0 2
vt 0 1
vt 1 1
vt 1 2
vt 0 2
vn -0.703023 -0.711167 0
vn -0.703023 -0.711167 0
vn -0.703023 -0.711167 0
vn -0.703023 -0.711167 0
vn 0.703023 0.711167 0
vn 0.703023 0.711167 0
vn 0.703023 0.711167 0
vn 0.703023 0.711167 0
vn 0 0 -1
vn 0 0 -1
vn 0 0 -1
vn 0 0 -1
vn 0.711167 -0.703023 0
vn 0.711167 -0.703023 0
vn 0.711167 -0.703023 0
vn 0.711167 -0.703023 0
vn 0 0 1
vn 0 0 1
vn 0 0 1
vn 0 0 1
vn -0.711167 0.703023 0
vn -0.711167 0.703023 0
vn -0.711167 0.703023 0
vn -0.711167 0.703023 0
f 529/529/529 531/531/531 530/530/530
f 531/531/531 529/529/529 532/532/532
f 533/533/533 535/535/535 534/534/534
f 535/535/535 533/533/533 536/536/536
f 537/537/537 539/539/539 538/538/538
f 539/539/539 537/537/537 540/540/540
f 541/541/541 543/543/543 542/542/542
f 543/543/543 541/541/541 544/544/544
f 545/545/545 547/547/547 546/546/546
f 547/547/547 545/545/545 548/548/548
f 549/549/549 551/551/551 550/550/550
f 551/551/551 549/549/549 552/552/552
o AC_START_14_23
usemtl material_0
v -9509.722137 -1861.74984 -81.632066
v -9509.722137 -1861.74984 118.367934
v -9367.488861 -2002.354431 118.367934
v -9367.488861 -2002.354431 -81.632066
v -9228.513336 -1577.283096 -81.632084
v -9086.28006 -1717.887688 -81.632084
v -9086.28006 -1717.887688 118.367922
v -9228.513336 -1577.283096 118.367922
v -9509.722137 -1861.74984 -81.632066
v -9367.488861 -2002.354431 -81.632066
v -9086.28006 -1717.887688 -81.632084
v -9228.513336 -1577.283096 -81.632084
v -9367.488861 -2002.354431 -81.632066
v -9367.488861 -2002.354431 118.367934
v -9086.28006 -1717.887688 118.367922
v -9086.28006 -1717.887688 -81.632084
v -9367.488861 -2002.354431 118.367934
v -9509.722137 -1861.74984 118.367934
v -9228.513336 -1577.283096 118.367922
v -9086.28006 -1717.887688 118.367922
v -9509.722137 -1861.74984 118.367934
v -9509.722137 -1861.74984 -81.632066
v -9228.513336 -1577.283096 -81.632084
v -9228.513336 -1577.283096 118.367922
vt 1 1
vt 1 2
vt 0 2
vt 0 1
vt 0 1
vt 1 1
vt 1 2
vt 0 2
vt 0 1
vt 1 1
vt 1 2
vt 0 2
vt 0 1
vt 1 1
vt 1 2
vt 0 2
vt 0 1
vt 1 1
vt 1 2
vt 0 2
vt 0 1
vt 1 1
vt 1 2
vt 0 2
vn -0.703023 -0.711167 0
vn -0.703023 -0.711167 0
vn -0.703023 -0.711167 0
vn -0.703023 -0.711167 0
vn 0.703023 0.711167 0
vn 0.703023 0.711167 0
vn 0.703023 0.711167 0
vn 0.703023 0.711167 0
vn 0 0 -1
vn 0 0 -1
vn 0 0 -1
vn 0 0 -1
vn 0.711167 -0.703023 0
vn 0.711167 -0.703023 0
vn 0.711167 -0.703023 0
vn 0.711167 -0.703023 0
vn 0 0 1
vn 0 0 1
vn 0 0 1
vn 0 0 1
vn -0.711167 0.703023 0
vn -0.711167 0.703023 0
vn -0.711167 0.703023 0
vn -0.711167 0.703023 0
f 553/553/553 555/555/555 554/554/554
f 555/555/555 553/553/553 556/556/556
f 557/557/557 559/559/559 558/558/558
f 559/559/559 557/557/557 560/560/560
f 561/561/561 563/563/563 562/562/562
f 563/563/563 561/561/561 564/564/564
f 565/565/565 567/567/567 566/566/566
f 567/567/567 565/565/565 568/568/568
f 569/569/569 571/571/571 570/570/570
f 571/571/571 569/569/569 572/572/572
f 573/573/573 575/575/575 574/574/574
f 575/575/575 573/573/573 576/576/576
o AC_START_15_24
usemtl material_0
v -9504.540253 -2999.196243 -71.286607
v -9504.540253 -2999.196243 128.713393
v -9360.945129 -3138.409615 128.713393
v -9360.945129 -3138.409615 -71.286607
v -9226.113892 -2712.005424 -71.286625
v -9082.518768 -2851.218796 -71.286625
v -9082.518768 -2851.218796 128.713381
v -9226.113892 -2712.005424 128.713381
v -9504.540253 -2999.196243 -71.286607
v -9360.945129 -3138.409615 -71.286607
v -9082.518768 -2851.218796 -71.286625
v -9226.113892 -2712.005424 -71.286625
v -9360.945129 -3138.409615 -71.286607
v -9360.945129 -3138.409615 128.713393
v -9082.518768 -2851.218796 128.713381
v -9082.518768 -2851.218796 -71.286625
v -9360.945129 -3138.409615 128.713393
v -9504.540253 -2999.196243 128.713393
v -9226.113892 -2712.005424 128.713381
v -9082.518768 -2851.218796 128.713381
v -9504.540253 -2999.196243 128.713393
v -9504.540253 -2999.196243 -71.286607
v -9226.113892 -2712.005424 -71.286625
v -9226.113892 -2712.005424 128.713381
vt 1 1
vt 1 2
vt 0 2
vt 0 1
vt 0 1
vt 1 1
vt 1 2
vt 0 2
vt 0 1
vt 1 1
vt 1 2
vt 0 2
vt 0 1
vt 1 1
vt 1 2
vt 0 2
vt 0 1
vt 1 1
vt 1 2
vt 0 2
vt 0 1
vt 1 1
vt 1 2
vt 0 2
vn -0.696067 -0.717977 0
vn -0.696067 -0.717977 0
vn -0.696067 -0.717977 0
vn -0.696067 -0.717977 0
vn 0.696067 0.717977 0
vn 0.696067 0.717977 0
vn 0.696067 0.717977 0
vn 0.696067 0.717977 0
vn 0 0 -1
vn 0 0 -1
vn 0 0 -1
vn 0 0 -1
vn 0.717977 -0.696067 0
vn 0.717977 -0.696067 0
vn 0.717977 -0.696067 0
vn 0.717977 -0.696067 0
vn 0 0 1
vn 0 0 1
vn 0 0 1
vn 0 0 1
vn -0.717977 0.696067 0
vn -0.717977 0.696067 0
vn -0.717977 0.696067 0
vn -0.717977 0.696067 0
f 577/577/577 579/579/579 578/578/578
f 579/579/579 577/577/577 580/580/580
f 581/581/581 583/583/583 582/582/582
f 583/583/583 581/581/581 584/584/584
f 585/585/585 587/587/587 586/586/586
f 587/587/587 585/585/585 588/588/588
f 589/589/589 591/591/591 590/590/590
f 591/591/591 589/589/589 592/592/592
f 593/593/593 595/595/595 594/594/594
f 595/595/595 593/593/593 596/596/596
f 597/597/597 599/599/599 598/598/598
f 599/599/599 597/597/597 600/600/600
o AC_START_16_25
usemtl material_0
v -10642.513275 -2991.86573 -71.439195
v -10642.513275 -2991.86573 128.560805
v -10500.279999 -3132.470322 128.560805
v -10500.279999 -3132.470322 -71.439195
v -10361.304474 -2707.398987 -71.439213
v -10219.071198 -2848.003578 -71.439213
v -10219.071198 -2848.003578 128.560793
v -10361.304474 -2707.398987 128.560793
v -10642.513275 -2991.86573 -71.439195
v -10500.279999 -3132.470322 -71.439195
v -10219.071198 -2848.003578 -71.439213
v -10361.304474 -2707.398987 -71.439213
v -10500.279999 -3132.470322 -71.439195
v -10500.279999 -3132.470322 128.560805
v -10219.071198 -2848.003578 128.560793
v -10219.071198 -2848.003578 -71.439213
v -10500.279999 -3132.470322 128.560805
v -10642.513275 -2991.86573 128.560805
v -10361.304474 -2707.398987 128.560793
v -10219.071198 -2848.003578 128.560793
v -10642.513275 -2991.86573 128.560805
v -10642.513275 -2991.86573 -71.439195
v -10361.304474 -2707.398987 -71.439213
v -10361.304474 -2707.398987 128.560793
vt 1 1
vt 1 2
vt 0 2
vt 0 1
vt 0 1
vt 1 1
vt 1 2
vt 0 2
vt 0 1
vt 1 1
vt 1 2
vt 0 2
vt 0 1
vt 1 1
vt 1 2
vt 0 2
vt 0 1
vt 1 1
vt 1 2
vt 0 2
vt 0 1
vt 1 1
vt 1 2
vt 0 2
vn -0.703023 -0.711167 0
vn -0.703023 -0.711167 0
vn -0.703023 -0.711167 0
vn -0.703023 -0.711167 0
vn 0.703023 0.711167 0
vn 0.703023 0.711167 0
vn 0.703023 0.711167 0
vn 0.703023 0.711167 0
vn 0 0 -1
vn 0 0 -1
vn 0 0 -1
vn 0 0 -1
vn 0.711167 -0.703023 0
vn 0.711167 -0.703023 0
vn 0.711167 -0.703023 0
vn 0.711167 -0.703023 0
vn 0 0 1
vn 0 0 1
vn 0 0 1
vn 0 0 1
vn -0.711167 0.703023 0
vn -0.711167 0.703023 0
vn -0.711167 0.703023 0
vn -0.711167 0.703023 0
f 601/601/601 603/603/603 602/602/602
f 603/603/603 601/601/601 604/604/604
f 605/605/605 607/607/607 606/606/606
f 607/607/607 605/605/605 608/608/608
f 609/609/609 611/611/611 610/610/610
f 611/611/611 609/609/609 612/612/612
f 613/613/613 615/615/615 614/614/614
f 615/615/615 613/613/613 616/616/616
f 617/617/617 619/619/619 618/618/618
f 619/619/619 617/617/617 620/620/620
f 621/621/621 623/623/623 622/622/622
f 623/623/623 621/621/621 624/624/624
o AC_START_17_26
usemtl material_0
v -10635.449219 -4125.188446 -55.643296
v -10635.449219 -4125.188446 144.356704
v -10493.215942 -4265.793228 144.356704
v -10493.215942 -4265.793228 -55.643296
v -10354.240417 -3840.721893 -55.643314
v -10212.007141 -3981.326675 -55.643314
v -10212.007141 -3981.326675 144.356692
v -10354.240417 -3840.721893 144.356692
v -10635.449219 -4125.188446 -55.643296
v -10493.215942 -4265.793228 -55.643296
v -10212.007141 -3981.326675 -55.643314
v -10354.240417 -3840.721893 -55.643314
v -10493.215942 -4265.793228 -55.643296
v -10493.215942 -4265.793228 144.356704
v -10212.007141 -3981.326675 144.356692
v -10212.007141 -3981.326675 -55.643314
v -10493.215942 -4265.793228 144.356704
v -10635.449219 -4125.188446 144.356704
v -10354.240417 -3840.721893 144.356692
v -10212.007141 -3981.326675 144.356692
v -10635.449219 -4125.188446 144.356704
v -10635.449219 -4125.188446 -55.643296
v -10354.240417 -3840.721893 -55.643314
v -10354.240417 -3840.721893 144.356692
vt 1 1
vt 1 2
vt 0 2
vt 0 1
vt 0 1
vt 1 1
vt 1 2
vt 0 2
vt 0 1
vt 1 1
vt 1 2
vt 0 2
vt 0 1
vt 1 1
vt 1 2
vt 0 2
vt 0 1
vt 1 1
vt 1 2
vt 0 2
vt 0 1
vt 1 1
vt 1 2
vt 0 2
vn -0.703023 -0.711167 0
vn -0.703023 -0.711167 0
vn -0.703023 -0.711167 0
vn -0.703023 -0.711167 0
vn 0.703023 0.711167 0
vn 0.703023 0.711167 0
vn 0.703023 0.711167 0
vn 0.703023 0.711167 0
vn 0 0 -1
vn 0 0 -1
vn 0 0 -1
vn 0 0 -1
vn 0.711167 -0.703023 0
vn 0.711167 -0.703023 0
vn 0.711167 -0.703023 0
vn 0.711167 -0.703023 0
vn 0 0 1
vn 0 0 1
vn 0 0 1
vn 0 0 1
vn -0.711167 0.703023 0
vn -0.711167 0.703023 0
vn -0.711167 0.703023 0
vn -0.711167 0.703023 0
f 625/625/625 627/627/627 626/626/626
f 627/627/627 625/625/625 628/628/628
f 629/629/629 631/631/631 630/630/630
f 631/631/631 629/629/629 632/632/632
f 633/633/633 635/635/635 634/634/634
f 635/635/635 633/633/633 636/636/636
f 637/637/637 639/639/639 638/638/638
f 639/639/639 637/637/637 640/640/640
f 641/641/641 643/643/643 642/642/642
f 643/643/643 641/641/641 644/644/644
f 645/645/645 647/647/647 646/646/646
f 647/647/647 645/645/645 648/648/648
o AC_START_18_27
usemtl material_0
v -11776.561737 -4119.555664 -52.866197
v -11776.561737 -4119.555664 147.133803
v -11636.629486 -4262.450409 147.133803
v -11636.629486 -4262.450409 -52.866197
v -11490.772247 -3839.690781 -52.866215
v -11350.839996 -3982.585526 -52.866215
v -11350.839996 -3982.585526 147.133791
v -11490.772247 -3839.690781 147.133791
v -11776.561737 -4119.555664 -52.866197
v -11636.629486 -4262.450409 -52.866197
v -11350.839996 -3982.585526 -52.866215
v -11490.772247 -3839.690781 -52.866215
v -11636.629486 -4262.450409 -52.866197
v -11636.629486 -4262.450409 147.133803
v -11350.839996 -3982.585526 147.133791
v -11350.839996 -3982.585526 -52.866215
v -11636.629486 -4262.450409 147.133803
v -11776.561737 -4119.555664 147.133803
v -11490.772247 -3839.690781 147.133791
v -11350.839996 -3982.585526 147.133791
v -11776.561737 -4119.555664 147.133803
v -11776.561737 -4119.555664 -52.866197
v -11490.772247 -3839.690781 -52.866215
v -11490.772247 -3839.690781 147.133791
vt 1 1
vt 1 2
vt 0 2
vt 0 1
vt 0 1
vt 1 1
vt 1 2
vt 0 2
vt 0 1
vt 1 1
vt 1 2
vt 0 2
vt 0 1
vt 1 1
vt 1 2
vt 0 2
vt 0 1
vt 1 1
vt 1 2
vt 0 2
vt 0 1
vt 1 1
vt 1 2
vt 0 2
vn -0.714474 -0.699662 0
vn -0.714474 -0.699662 0
vn -0.714474 -0.699662 0
vn -0.714474 -0.699662 0
vn 0.714474 0.699662 0
vn 0.714474 0.699662 0
vn 0.714474 0.699662 0
vn 0.714474 0.699662 0
vn 0 0 -1
vn 0 0 -1
vn 0 0 -1
vn 0 0 -1
vn 0.699662 -0.714474 0
vn 0.699662 -0.714474 0
vn 0.699662 -0.714474 0
vn 0.699662 -0.714474 0
vn 0 0 1
vn 0 0 1
vn 0 0 1
vn 0 0 1
vn -0.699662 0.714474 0
vn -0.699662 0.714474 0
vn -0.699662 0.714474 0
vn -0.699662 0.714474 0
f 649/649/649 651/651/651 650/650/650
f 651/651/651 649/649/649 652/652/652
f 653/653/653 655/655/655 654/654/654
f 655/655/655 653/653/653 656/656/656
f 657/657/657 659/659/659 658/658/658
f 659/659/659 657/657/657 660/660/660
f 661/661/661 663/663/663 662/662/662
f 663/663/663 661/661/661 664/664/664
f 665/665/665 667/667/667 666/666/666
f 667/667/667 665/665/665 668/668/668
f 669/669/669 671/671/671 670/670/670
f 671/671/671 669/669/669 672/672/672
o AC_START_19_28
usemtl material_0
v -11771.447754 -5261.918259 -53.476548
v -11771.447754 -5261.918259 146.523452
v -11629.214478 -5402.523041 146.523452
v -11629.214478 -5402.523041 -53.476548
v -11490.238953 -4977.451706 -53.476566
v -11348.005676 -5118.056488 -53.476566
v -11348.005676 -5118.056488 146.52344
v -11490.238953 -4977.451706 146.52344
v -11771.447754 -5261.918259 -53.476548
v -11629.214478 -5402.523041 -53.476548
v -11348.005676 -5118.056488 -53.476566
v -11490.238953 -4977.451706 -53.476566
v -11629.214478 -5402.523041 -53.476548
v -11629.214478 -5402.523041 146.523452
v -11348.005676 -5118.056488 146.52344
v -11348.005676 -5118.056488 -53.476566
v -11629.214478 -5402.523041 146.523452
v -11771.447754 -5261.918259 146.523452
v -11490.238953 -4977.451706 146.52344
v -11348.005676 -5118.056488 146.52344
v -11771.447754 -5261.918259 146.523452
v -11771.447754 -5261.918259 -53.476548
v -11490.238953 -4977.451706 -53.476566
v -11490.238953 -4977.451706 146.52344
vt 1 1
vt 1 2
vt 0 2
vt 0 1
vt 0 1
vt 1 1
vt 1 2
vt 0 2
vt 0 1
vt 1 1
vt 1 2
vt 0 2
vt 0 1
vt 1 1
vt 1 2
vt 0 2
vt 0 1
vt 1 1
vt 1 2
vt 0 2
vt 0 1
vt 1 1
vt 1 2
vt 0 2
vn -0.703023 -0.711167 0
vn -0.703023 -0.711167 0
vn -0.703023 -0.711167 0
vn -0.703023 -0.711167 0
vn 0.703023 0.711167 0
vn 0.703023 0.711167 0
vn 0.703023 0.711167 0
vn 0.703023 0.711167 0
vn 0 0 -1
vn 0 0 -1
vn 0 0 -1
vn 0 0 -1
vn 0.711167 -0.703023 0
vn 0.711167 -0.703023 0
vn 0.711167 -0.703023 0
vn 0.711167 -0.703023 0
vn 0 0 1
vn 0 0 1
vn 0 0 1
vn 0 0 1
vn -0.711167 0.703023 0
vn -0.711167 0.703023 0
vn -0.711167 0.703023 0
vn -0.711167 0.703023 0
f 673/673/673 675/675/675 674/674/674
f 675/675/675 673/673/673 676/676/676
f 677/677/677 679/679/679 678/678/678
f 679/679/679 677/677/677 680/680/680
f 681/681/681 683/683/683 682/682/682
f 683/683/683 681/681/681 684/684/684
f 685/685/685 687/687/687 686/686/686
f 687/687/687 685/685/685 688/688/688
f 689/689/689 691/691/691 690/690/690
f 691/691/691 689/689/689 692/692/692
f 693/693/693 695/695/695 694/694/694
f 695/695/695 693/693/693 696/696/696
o AC_START_20_29
usemtl material_0
v -12906.541443 -5258.329773 -45.572492
v -12906.541443 -5258.329773 154.427516
v -12764.307404 -5398.934555 154.427516
v -12764.307404 -5398.934555 -45.572492
v -12625.331879 -4973.86322 -45.57251
v -12483.098602 -5114.468002 -45.57251
v -12483.098602 -5114.468002 154.427493
v -12625.331879 -4973.86322 154.427493
v -12906.541443 -5258.329773 -45.572492
v -12764.307404 -5398.934555 -45.572492
v -12483.098602 -5114.468002 -45.57251
v -12625.331879 -4973.86322 -45.57251
v -12764.307404 -5398.934555 -45.572492
v -12764.307404 -5398.934555 154.427516
v -12483.098602 -5114.468002 154.427493
v -12483.098602 -5114.468002 -45.57251
v -12764.307404 -5398.934555 154.427516
v -12906.541443 -5258.329773 154.427516
v -12625.331879 -4973.86322 154.427493
v -12483.098602 -5114.468002 154.427493
v -12906.541443 -5258.329773 154.427516
v -12906.541443 -5258.329773 -45.572492
v -12625.331879 -4973.86322 -45.57251
v -12625.331879 -4973.86322 154.427493
vt 1 1
vt 1 2
vt 0 2
vt 0 1
vt 0 1
vt 1 1
vt 1 2
vt 0 2
vt 0 1
vt 1 1
vt 1 2
vt 0 2
vt 0 1
vt 1 1
vt 1 2
vt 0 2
vt 0 1
vt 1 1
vt 1 2
vt 0 2
vt 0 1
vt 1 1
vt 1 2
vt 0 2
vn -0.703023 -0.711167 0
vn -0.703023 -0.711167 0
vn -0.703023 -0.711167 0
vn -0.703023 -0.711167 0
vn 0.703023 0.711167 0
vn 0.703023 0.711167 0
vn 0.703023 0.711167 0
vn 0.703023 0.711167 0
vn 0 0 -1
vn 0 0 -1
vn 0 0 -1
vn 0 0 -1
vn 0.711167 -0.703023 0
vn 0.711167 -0.703023 0
vn 0.711167 -0.703023 0
vn 0.711167 -0.703023 0
vn 0 0 1
vn 0 0 1
vn 0 0 1
vn 0 0 1
vn -0.711167 0.703023 0
vn -0.711167 0.703023 0
vn -0.711167 0.703023 0
vn -0.711167 0.703023 0
f 697/697/697 699/699/699 698/698/698
f 699/699/699 697/697/697 700/700/700
f 701/701/701 703/703/703 702/702/702
f 703/703/703 701/701/701 704/704/704
f 705/705/705 707/707/707 706/706/706
f 707/707/707 705/705/705 708/708/708
f 709/709/709 711/711/711 710/710/710
f 711/711/711 709/709/709 712/712/712
f 713/713/713 715/715/715 714/714/714
f 715/715/715 713/713/713 716/716/716
f 717/717/717 719/719/719 718/718/718
f 719/719/719 717/717/717 720/720/720
o AC_START_21_30
usemtl material_0
v -12898.147583 -6396.224594 -39.45677
v -12898.147583 -6396.224594 160.543239
v -12754.602814 -6535.489655 160.543239
v -12754.602814 -6535.489655 -39.45677
v -12619.617462 -6109.134293 -39.456788
v -12476.072693 -6248.399353 -39.456788
v -12476.072693 -6248.399353 160.543215
v -12619.617462 -6109.134293 160.543215
v -12898.147583 -6396.224594 -39.45677
v -12754.602814 -6535.489655 -39.45677
v -12476.072693 -6248.399353 -39.456788
v -12619.617462 -6109.134293 -39.456788
v -12754.602814 -6535.489655 -39.45677
v -12754.602814 -6535.489655 160.543239
v -12476.072693 -6248.399353 160.543215
v -12476.072693 -6248.399353 -39.456788
v -12754.602814 -6535.489655 160.543239
v -12898.147583 -6396.224594 160.543239
v -12619.617462 -6109.134293 160.543215
v -12476.072693 -6248.399353 160.543215
v -12898.147583 -6396.224594 160.543239
v -12898.147583 -6396.224594 -39.45677
v -12619.617462 -6109.134293 -39.456788
v -12619.617462 -6109.134293 160.543215
vt 1 1
vt 1 2
vt 0 2
vt 0 1
vt 0 1
vt 1 1
vt 1 2
vt 0 2
vt 0 1
vt 1 1
vt 1 2
vt 0 2
vt 0 1
vt 1 1
vt 1 2
vt 0 2
vt 0 1
vt 1 1
vt 1 2
vt 0 2
vt 0 1
vt 1 1
vt 1 2
vt 0 2
vn -0.696326 -0.717726 0
vn -0.696326 -0.717726 0
vn -0.696326 -0.717726 0
vn -0.696326 -0.717726 0
vn 0.696326 0.717726 0
vn 0.696326 0.717726 0
vn 0.696326 0.717726 0
vn 0.696326 0.717726 0
vn 0 0 -1
vn 0 0 -1
vn 0 0 -1
vn 0 0 -1
vn 0.717726 -0.696326 0
vn 0.717726 -0.696326 0
vn 0.717726 -0.696326 0
vn 0.717726 -0.696326 0
vn 0 0 1
vn 0 0 1
vn 0 0 1
vn 0 0 1
vn -0.717726 0.696326 0
vn -0.717726 0.696326 0
vn -0.717726 0.696326 0
vn -0.717726 0.696326 0
f 721/721/721 723/723/723 722/722/722
f 723/723/723 721/721/721 724/724/724
f 725/725/725 727/727/727 726/726/726
f 727/727/727 725/725/725 728/728/728
f 729/729/729 731/731/731 730/730/730
f 731/731/731 729/729/729 732/732/732
f 733/733/733 735/735/735 734/734/734
f 735/735/735 733/733/733 736/736/736
f 737/737/737 739/739/739 738/738/738
f 739/739/739 737/737/737 740/740/740
f 741/741/741 743/743/743 742/742/742
f 743/743/743 741/741/741 744/744/744
o AC_START_22_31
usemtl material_0
v -14034.976196 -6387.812805 -35.281965
v -14034.976196 -6387.812805 164.718044
v -13892.74292 -6528.417969 164.718044
v -13892.74292 -6528.417969 -35.281965
v -13753.765869 -6103.346252 -35.281983
v -13611.532593 -6243.951035 -35.281983
v -13611.532593 -6243.951035 164.71802
v -13753.765869 -6103.346252 164.71802
v -14034.976196 -6387.812805 -35.281965
v -13892.74292 -6528.417969 -35.281965
v -13611.532593 -6243.951035 -35.281983
v -13753.765869 -6103.346252 -35.281983
v -13892.74292 -6528.417969 -35.281965
v -13892.74292 -6528.417969 164.718044
v -13611.532593 -6243.951035 164.71802
v -13611.532593 -6243.951035 -35.281983
v -13892.74292 -6528.417969 164.718044
v -14034.976196 -6387.812805 164.718044
v -13753.765869 -6103.346252 164.71802
v -13611.532593 -6243.951035 164.71802
v -14034.976196 -6387.812805 164.718044
v -14034.976196 -6387.812805 -35.281965
v -13753.765869 -6103.346252 -35.281983
v -13753.765869 -6103.346252 164.71802
vt 1 1
vt 1 2
vt 0 2
vt 0 1
vt 0 1
vt 1 1
vt 1 2
vt 0 2
vt 0 1
vt 1 1
vt 1 2
vt 0 2
vt 0 1
vt 1 1
vt 1 2
vt 0 2
vt 0 1
vt 1 1
vt 1 2
vt 0 2
vt 0 1
vt 1 1
vt 1 2
vt 0 2
vn -0.703023 -0.711167 0
vn -0.703023 -0.711167 0
vn -0.703023 -0.711167 0
vn -0.703023 -0.711167 0
vn 0.703023 0.711167 0
vn 0.703023 0.711167 0
vn 0.703023 0.711167 0
vn 0.703023 0.711167 0
vn 0 0 -1
vn 0 0 -1
vn 0 0 -1
vn 0 0 -1
vn 0.711167 -0.703023 0
vn 0.711167 -0.703023 0
vn 0.711167 -0.703023 0
vn 0.711167 -0.703023 0
vn 0 0 1
vn 0 0 1
vn 0 0 1
vn 0 0 1
vn -0.711167 0.703023 0
vn -0.711167 0.703023 0
vn -0.711167 0.703023 0
vn -0.711167 0.703023 0
f 745/745/745 747/747/747 746/746/746
f 747/747/747 745/745/745 748/748/748
f 749/749/749 751/751/751 750/750/750
f 751/751/751 749/749/749 752/752/752
f 753/753/753 755/755/755 754/754/754
f 755/755/755 753/753/753 756/756/756
f 757/757/757 759/759/759 758/758/758
f 759/759/759 757/757/757 760/760/760
f 761/761/761 763/763/763 762/762/762
f 763/763/763 761/761/761 764/764/764
f 765/765/765 767/767/767 766/766/766
f 767/767/767 765/765/765 768/768/768
o AC_START_23_32
usemtl material_0
v -14033.776855 -7516.592407 -34.079573
v -14033.776855 -7516.592407 165.920436
v -13893.347168 -7658.998108 165.920436
v -13893.347168 -7658.998108 -34.079573
v -13748.965454 -7235.731506 -34.07959
v -13608.535767 -7378.137207 -34.07959
v -13608.535767 -7378.136444 165.920413
v -13748.965454 -7235.731506 165.920413
v -14033.776855 -7516.592407 -34.079573
v -13893.347168 -7658.998108 -34.079573
v -13608.535767 -7378.137207 -34.07959
v -13748.965454 -7235.731506 -34.07959
v -13893.347168 -7658.998108 -34.079573
v -13893.347168 -7658.998108 165.920436
v -13608.535767 -7378.136444 165.920413
v -13608.535767 -7378.137207 -34.07959
v -13893.347168 -7658.998108 165.920436
v -14033.776855 -7516.592407 165.920436
v -13748.965454 -7235.731506 165.920413
v -13608.535767 -7378.136444 165.920413
v -14033.776855 -7516.592407 165.920436
v -14033.776855 -7516.592407 -34.079573
v -13748.965454 -7235.731506 -34.07959
v -13748.965454 -7235.731506 165.920413
vt 1 1
vt 1 2
vt 0 2
vt 0 1
vt 0 1
vt 1 1
vt 1 2
vt 0 2
vt 0 1
vt 1 1
vt 1 2
vt 0 2
vt 0 1
vt 1 1
vt 1 2
vt 0 2
vt 0 1
vt 1 1
vt 1 2
vt 0 2
vt 0 1
vt 1 1
vt 1 2
vt 0 2
vn -0.712027 -0.702152 0
vn -0.712027 -0.702152 0
vn -0.712027 -0.702152 0
vn -0.712027 -0.702152 0
vn 0.712027 0.702152 0
vn 0.712027 0.702152 0
vn 0.712027 0.702152 0
vn 0.712027 0.702152 0
vn 0 0 -1
vn 0 0 -1
vn 0 0 -1
vn 0 0 -1
vn 0.702152 -0.712027 0
vn 0.702152 -0.712027 0
vn 0.702152 -0.712027 0
vn 0.702152 -0.712027 0
vn 0 0 1
vn 0 0 1
vn 0 0 1
vn 0 0 1
vn -0.702152 0.712027 0
vn -0.702152 0.712027 0
vn -0.702152 0.712027 0
vn -0.702152 0.712027 0
f 769/769/769 771/771/771 770/770/770
f 771/771/771 769/769/769 772/772/772
f 773/773/773 775/775/775 774/774/774
f 775/775/775 773/773/773 776/776/776
f 777/777/777 779/779/779 778/778/778
f 779/779/779 777/777/777 780/780/780
f 781/781/781 783/783/783 782/782/782
f 783/783/783 781/781/781 784/784/784
f 785/785/785 787/787/787 786/786/786
f 787/787/787 785/785/785 788/788/788
f 789/789/789 791/791/791 790/790/790
f 791/791/791 789/789/789 792/792/792
o AC_START_24_33
usemtl material_0
v -15165.994263 -7516.918945 -21.243879
v -15165.994263 -7516.918945 178.75613
v -15023.760986 -7657.524109 178.75613
v -15023.760986 -7657.524109 -21.243879
v -14884.783936 -7232.452393 -21.243897
v -14742.550659 -7373.056793 -21.243897
v -14742.550659 -7373.056793 178.756106
v -14884.783936 -7232.452393 178.756106
v -15165.994263 -7516.918945 -21.243879
v -15023.760986 -7657.524109 -21.243879
v -14742.550659 -7373.056793 -21.243897
v -14884.783936 -7232.452393 -21.243897
v -15023.760986 -7657.524109 -21.243879
v -15023.760986 -7657.524109 178.75613
v -14742.550659 -7373.056793 178.756106
v -14742.550659 -7373.056793 -21.243897
v -15023.760986 -7657.524109 178.75613
v -15165.994263 -7516.918945 178.75613
v -14884.783936 -7232.452393 178.756106
v -14742.550659 -7373.056793 178.756106
v -15165.994263 -7516.918945 178.75613
v -15165.994263 -7516.918945 -21.243879
v -14884.783936 -7232.452393 -21.243897
v -14884.783936 -7232.452393 178.756106
vt 1 1
vt 1 2
vt 0 2
vt 0 1
vt 0 1
vt 1 1
vt 1 2
vt 0 2
vt 0 1
vt 1 1
vt 1 2
vt 0 2
vt 0 1
vt 1 1
vt 1 2
vt 0 2
vt 0 1
vt 1 1
vt 1 2
vt 0 2
vt 0 1
vt 1 1
vt 1 2
vt 0 2
vn -0.703023 -0.711167 0
vn -0.703023 -0.711167 0
vn -0.703023 -0.711167 0
vn -0.703023 -0.711167 0
vn 0.703023 0.711167 0
vn 0.703023 0.711167 0
vn 0.703023 0.711167 0
vn 0.703023 0.711167 0
vn 0 0 -1
vn 0 0 -1
vn 0 0 -1
vn 0 0 -1
vn 0.711167 -0.703023 0
vn 0.711167 -0.703023 0
vn 0.711167 -0.703023 0
vn 0.711167 -0.703023 0
vn 0 0 1
vn 0 0 1
vn 0 0 1
vn 0 0 1
vn -0.711167 0.703023 0
vn -0.711167 0.703023 0
vn -0.711167 0.703023 0
vn -0.711167 0.703023 0
f 793/793/793 795/795/795 794/794/794
f 795/795/795 793/793/793 796/796/796
f 797/797/797 799/799/799 798/798/798
f 799/799/799 797/797/797 800/800/800
f 801/801/801 803/803/803 802/802/802
f 803/803/803 801/801/801 804/804/804
f 805/805/805 807/807/807 806/806/806
f 807/807/807 805/805/805 808/808/808
f 809/809/809 811/811/811 810/810/810
f 811/811/811 809/809/809 812/812/812
f 813/813/813 815/815/815 814/814/814
f 815/815/815 813/813/813 816/816/816
o AC_START_25_34
usemtl material_0
v -15163.534546 -8649.909973 -12.68675
v -15163.534546 -8649.909973 187.313259
v -15021.30127 -8790.515137 187.313259
v -15021.30127 -8790.515137 -12.68675
v -14882.324219 -8365.44342 -12.686768
v -14740.090942 -8506.047821 -12.686768
v -14740.090942 -8506.047821 187.313235
v -14882.324219 -8365.44342 187.313235
v -15163.534546 -8649.909973 -12.68675
v -15021.30127 -8790.515137 -12.68675
v -14740.090942 -8506.047821 -12.686768
v -14882.324219 -8365.44342 -12.686768
v -15021.30127 -8790.515137 -12.68675
v -15021.30127 -8790.515137 187.313259
v -14740.090942 -8506.047821 187.313235
v -14740.090942 -8506.047821 -12.686768
v -15021.30127 -8790.515137 187.313259
v -15163.534546 -8649.909973 187.313259
v -14882.324219 -8365.44342 187.313235
v -14740.090942 -8506.047821 187.313235
v -15163.534546 -8649.909973 187.313259
v -15163.534546 -8649.909973 -12.68675
v -14882.324219 -8365.44342 -12.686768
v -14882.324219 -8365.44342 187.313235
vt 1 1
vt 1 2
vt 0 2
vt 0 1
vt 0 1
vt 1 1
vt 1 2
vt 0 2
vt 0 1
vt 1 1
vt 1 2
vt 0 2
vt 0 1
vt 1 1
vt 1 2
vt 0 2
vt 0 1
vt 1 1
vt 1 2
vt 0 2
vt 0 1
vt 1 1
vt 1 2
vt 0 2
vn -0.703023 -0.711167 0
vn -0.703023 -0.711167 0
vn -0.703023 -0.711167 0
vn -0.703023 -0.711167 0
vn 0.703023 0.711167 0
vn 0.703023 0.711167 0
vn 0.703023 0.711167 0
vn 0.703023 0.711167 0
vn 0 0 -1
vn 0 0 -1
vn 0 0 -1
vn 0 0 -1
vn 0.711167 -0.703023 0
vn 0.711167 -0.703023 0
vn 0.711167 -0.703023 0
vn 0.711167 -0.703023 0
vn 0 0 1
vn 0 0 1
vn 0 0 1
vn 0 0 1
vn -0.711167 0.703023 0
vn -0.711167 0.703023 0
vn -0.711167 0.703023 0
vn -0.711167 0.703023 0
f 817/817/817 819/819/819 818/818/818
f 819/819/819 817/817/817 820/820/820
f 821/821/821 823/823/823 822/822/822
f 823/823/823 821/821/821 824/824/824
f 825/825/825 827/827/827 826/826/826
f 827/827/827 825/825/825 828/828/828
f 829/829/829 831/831/831 830/830/830
f 831/831/831 829/829/829 832/832/832
f 833/833/833 835/835/835 834/834/834
f 835/835/835 833/833/833 836/836/836
f 837/837/837 839/839/839 838/838/838
f 839/839/839 837/837/837 840/840/840
o AC_START_26_35
usemtl material_0
v -16297.958374 -8655.892944 5.288103
v -16297.958374 -8655.892944 205.2881
v -16155.725098 -8796.498108 205.2881
v -16155.725098 -8796.498108 5.288103
v -16016.748047 -8371.426392 5.288086
v -15874.514771 -8512.030792 5.288086
v -15874.514771 -8512.030792 205.2881
v -16016.748047 -8371.426392 205.2881
v -16297.958374 -8655.892944 5.288103
v -16155.725098 -8796.498108 5.288103
v -15874.514771 -8512.030792 5.288086
v -16016.748047 -8371.426392 5.288086
v -16155.725098 -8796.498108 5.288103
v -16155.725098 -8796.498108 205.2881
v -15874.514771 -8512.030792 205.2881
v -15874.514771 -8512.030792 5.288086
v -16155.725098 -8796.498108 205.2881
v -16297.958374 -8655.892944 205.2881
v -16016.748047 -8371.426392 205.2881
v -15874.514771 -8512.030792 205.2881
v -16297.958374 -8655.892944 205.2881
v -16297.958374 -8655.892944 5.288103
v -16016.748047 -8371.426392 5.288086
v -16016.748047 -8371.426392 205.2881
vt 1 1
vt 1 2
vt 0 2
vt 0 1
vt 0 1
vt 1 1
vt 1 2
vt 0 2
vt 0 1
vt 1 1
vt 1 2
vt 0 2
vt 0 1
vt 1 1
vt 1 2
vt 0 2
vt 0 1
vt 1 1
vt 1 2
vt 0 2
vt 0 1
vt 1 1
vt 1 2
vt 0 2
vn -0.703023 -0.711167 0
vn -0.703023 -0.711167 0
vn -0.703023 -0.711167 0
vn -0.703023 -0.711167 0
vn 0.703023 0.711167 0
vn 0.703023 0.711167 0
vn 0.703023 0.711167 0
vn 0.703023 0.711167 0
vn 0 0 -1
vn 0 0 -1
vn 0 0 -1
vn 0 0 -1
vn 0.711167 -0.703023 0
vn 0.711167 -0.703023 0
vn 0.711167 -0.703023 0
vn 0.711167 -0.703023 0
vn 0 0 1
vn 0 0 1
vn 0 0 1
vn 0 0 1
vn -0.711167 0.703023 0
vn -0.711167 0.703023 0
vn -0.711167 0.703023 0
vn -0.711167 0.703023 0
f 841/841/841 843/843/843 842/842/842
f 843/843/843 841/841/841 844/844/844
f 845/845/845 847/847/847 846/846/846
f 847/847/847 845/845/845 848/848/848
f 849/849/849 851/851/851 850/850/850
f 851/851/851 849/849/849 852/852/852
f 853/853/853 855/855/855 854/854/854
f 855/855/855 853/853/853 856/856/856
f 857/857/857 859/859/859 858/858/858
f 859/859/859 857/857/857 860/860/860
f 861/861/861 863/863/863 862/862/862
f 863/863/863 861/861/861 864/864/864
o AC_START_27_36
usemtl material_0
v -16292.58728 -9784.500885 18.380144
v -16292.58728 -9784.500885 218.380141
v -16150.354004 -9925.106049 218.380141
v -16150.354004 -9925.106049 18.380144
v -16011.376953 -9500.034332 18.380126
v -15869.143677 -9640.638733 18.380126
v -15869.143677 -9640.638733 218.380141
v -16011.376953 -9500.034332 218.380141
v -16292.58728 -9784.500885 18.380144
v -16150.354004 -9925.106049 18.380144
v -15869.143677 -9640.638733 18.380126
v -16011.376953 -9500.034332 18.380126
v -16150.354004 -9925.106049 18.380144
v -16150.354004 -9925.106049 218.380141
v -15869.143677 -9640.638733 218.380141
v -15869.143677 -9640.638733 18.380126
v -16150.354004 -9925.106049 218.380141
v -16292.58728 -9784.500885 218.380141
v -16011.376953 -9500.034332 218.380141
v -15869.143677 -9640.638733 218.380141
v -16292.58728 -9784.500885 218.380141
v -16292.58728 -9784.500885 18.380144
v -16011.376953 -9500.034332 18.380126
v -16011.376953 -9500.034332 218.380141
vt 1 1
vt 1 2
vt 0 2
vt 0 1
vt 0 1
vt 1 1
vt 1 2
vt 0 2
vt 0 1
vt 1 1
vt 1 2
vt 0 2
vt 0 1
vt 1 1
vt 1 2
vt 0 2
vt 0 1
vt 1 1
vt 1 2
vt 0 2
vt 0 1
vt 1 1
vt 1 2
vt 0 2
vn -0.703023 -0.711167 0
vn -0.703023 -0.711167 0
vn -0.703023 -0.711167 0
vn -0.703023 -0.711167 0
vn 0.703023 0.711167 0
vn 0.703023 0.711167 0
vn 0.703023 0.711167 0
vn 0.703023 0.711167 0
vn 0 0 -1
vn 0 0 -1
vn 0 0 -1
vn 0 0 -1
vn 0.711167 -0.703023 0
vn 0.711167 -0.703023 0
vn 0.711167 -0.703023 0
vn 0.711167 -0.703023 0
vn 0 0 1
vn 0 0 1
vn 0 0 1
vn 0 0 1
vn -0.711167 0.703023 0
vn -0.711167 0.703023 0
vn -0.711167 0.703023 0
vn -0.711167 0.703023 0
f 865/865/865 867/867/867 866/866/866
f 867/867/867 865/865/865 868/868/868
f 869/869/869 871/871/871 870/870/870
f 871/871/871 869/869/869 872/872/872
f 873/873/873 875/875/875 874/874/874
f 875/875/875 873/873/873 876/876/876
f 877/877/877 879/879/879 878/878/878
f 879/879/879 877/877/877 880/880/880
f 881/881/881 883/883/883 882/882/882
f 883/883/883 881/881/881 884/884/884
f 885/885/885 887/887/887 886/886/886
f 887/887/887 885/885/885 888/888/888
o AC_START_28_37
usemtl material_0
v -17433.207703 -9782.555389 36.031511
v -17433.207703 -9782.555389 236.031508
v -17290.974426 -9923.160553 236.031508
v -17290.974426 -9923.160553 36.031511
v -17151.997375 -9498.088837 36.031494
v -17009.764099 -9638.693237 36.031494
v -17009.764099 -9638.693237 236.031508
v -17151.997375 -9498.088837 236.031508
v -17433.207703 -9782.555389 36.031511
v -17290.974426 -9923.160553 36.031511
v -17009.764099 -9638.693237 36.031494
v -17151.997375 -9498.088837 36.031494
v -17290.974426 -9923.160553 36.031511
v -17290.974426 -9923.160553 236.031508
v -17009.764099 -9638.693237 236.031508
v -17009.764099 -9638.693237 36.031494
v -17290.974426 -9923.160553 236.031508
v -17433.207703 -9782.555389 236.031508
v -17151.997375 -9498.088837 236.031508
v -17009.764099 -9638.693237 236.031508
v -17433.207703 -9782.555389 236.031508
v -17433.207703 -9782.555389 36.031511
v -17151.997375 -9498.088837 36.031494
v -17151.997375 -9498.088837 236.031508
vt 1 1
vt 1 2
vt 0 2
vt 0 1
vt 0 1
vt 1 1
vt 1 2
vt 0 2
vt 0 1
vt 1 1
vt 1 2
vt 0 2
vt 0 1
vt 1 1
vt 1 2
vt 0 2
vt 0 1
vt 1 1
vt 1 2
vt 0 2
vt 0 1
vt 1 1
vt 1 2
vt 0 2
vn -0.703023 -0.711167 0
vn -0.703023 -0.711167 0
vn -0.703023 -0.711167 0
vn -0.703023 -0.711167 0
vn 0.703023 0.711167 0
vn 0.703023 0.711167 0
vn 0.703023 0.711167 0
vn 0.703023 0.711167 0
vn 0 0 -1
vn 0 0 -1
vn 0 0 -1
vn 0 0 -1
vn 0.711167 -0.703023 0
vn 0.711167 -0.703023 0
vn 0.711167 -0.703023 0
vn 0.711167 -0.703023 0
vn 0 0 1
vn 0 0 1
vn 0 0 1
vn 0 0 1
vn -0.711167 0.703023 0
vn -0.711167 0.703023 0
vn -0.711167 0.703023 0
vn -0.711167 0.703023 0
f 889/889/889 891/891/891 890/890/890
f 891/891/891 889/889/889 892/892/892
f 893/893/893 895/895/895 894/894/894
f 895/895/895 893/893/893 896/896/896
f 897/897/897 899/899/899 898/898/898
f 899/899/899 897/897/897 900/900/900
f 901/901/901 903/903/903 902/902/902
f 903/903/903 901/901/901 904/904/904
f 905/905/905 907/907/907 906/906/906
f 907/907/907 905/905/905 908/908/908
f 909/909/909 911/911/911 910/910/910
f 911/911/911 909/909/909 912/912/912
o AC_START_29_38
usemtl material_0
v -17427.906799 -10917.266083 57.320571
v -17427.906799 -10917.266083 257.320571
v -17285.673523 -11057.871246 257.320571
v -17285.673523 -11057.871246 57.320571
v -17146.696472 -10632.79953 57.320559
v -17004.463196 -10773.403931 57.320559
v -17004.463196 -10773.403931 257.320571
v -17146.696472 -10632.79953 257.320571
v -17427.906799 -10917.266083 57.320571
v -17285.673523 -11057.871246 57.320571
v -17004.463196 -10773.403931 57.320559
v -17146.696472 -10632.79953 57.320559
v -17285.673523 -11057.871246 57.320571
v -17285.673523 -11057.871246 257.320571
v -17004.463196 -10773.403931 257.320571
v -17004.463196 -10773.403931 57.320559
v -17285.673523 -11057.871246 257.320571
v -17427.906799 -10917.266083 257.320571
v -17146.696472 -10632.79953 257.320571
v -17004.463196 -10773.403931 257.320571
v -17427.906799 -10917.266083 257.320571
v -17427.906799 -10917.266083 57.320571
v -17146.696472 -10632.79953 57.320559
v -17146.696472 -10632.79953 257.320571
vt 1 1
vt 1 2
vt 0 2
vt 0 1
vt 0 1
vt 1 1
vt 1 2
vt 0 2
vt 0 1
vt 1 1
vt 1 2
vt 0 2
vt 0 1
vt 1 1
vt 1 2
vt 0 2
vt 0 1
vt 1 1
vt 1 2
vt 0 2
vt 0 1
vt 1 1
vt 1 2
vt 0 2
vn -0.703023 -0.711167 0
vn -0.703023 -0.711167 0
vn -0.703023 -0.711167 0
vn -0.703023 -0.711167 0
vn 0.703023 0.711167 0
vn 0.703023 0.711167 0
vn 0.703023 0.711167 0
vn 0.703023 0.711167 0
vn 0 0 -1
vn 0 0 -1
vn 0 0 -1
vn 0 0 -1
vn 0.711167 -0.703023 0
vn 0.711167 -0.703023 0
vn 0.711167 -0.703023 0
vn 0.711167 -0.703023 0
vn 0 0 1
vn 0 0 1
vn 0 0 1
vn 0 0 1
vn -0.711167 0.703023 0
vn -0.711167 0.703023 0
vn -0.711167 0.703023 0
vn -0.711167 0.703023 0
f 913/913/913 915/915/915 914/914/914
f 915/915/915 913/913/913 916/916/916
f 917/917/917 919/919/919 918/918/918
f 919/919/919 917/917/917 920/920/920
f 921/921/921 923/923/923 922/922/922
f 923/923/923 921/921/921 924/924/924
f 925/925/925 927/927/927 926/926/926
f 927/927/927 925/925/925 928/928/928
f 929/929/929 931/931/931 930/930/930
f 931/931/931 929/929/929 932/932/932
f 933/933/933 935/935/935 934/934/934
f 935/935/935 933/933/933 936/936/936
o AC_START_30_39
usemtl material_0
v -18560.321045 -10915.674591 69.930434
v -18560.321045 -10915.674591 269.930434
v -18418.087769 -11056.279755 269.930434
v -18418.087769 -11056.279755 69.930434
v -18279.110718 -10631.208038 69.930422
v -18136.877441 -10771.812439 69.930422
v -18136.877441 -10771.812439 269.930434
v -18279.110718 -10631.208038 269.930434
v -18560.321045 -10915.674591 69.930434
v -18418.087769 -11056.279755 69.930434
v -18136.877441 -10771.812439 69.930422
v -18279.110718 -10631.208038 69.930422
v -18418.087769 -11056.279755 69.930434
v -18418.087769 -11056.279755 269.930434
v -18136.877441 -10771.812439 269.930434
v -18136.877441 -10771.812439 69.930422
v -18418.087769 -11056.279755 269.930434
v -18560.321045 -10915.674591 269.930434
v -18279.110718 -10631.208038 269.930434
v -18136.877441 -10771.812439 269.930434
v -18560.321045 -10915.674591 269.930434
v -18560.321045 -10915.674591 69.930434
v -18279.110718 -10631.208038 69.930422
v -18279.110718 -10631.208038 269.930434
vt 1 1
vt 1 2
vt 0 2
vt 0 1
vt 0 1
vt 1 1
vt 1 2
vt 0 2
vt 0 1
vt 1 1
vt 1 2
vt 0 2
vt 0 1
vt 1 1
vt 1 2
vt 0 2
vt 0 1
vt 1 1
vt 1 2
vt 0 2
vt 0 1
vt 1 1
vt 1 2
vt 0 2
vn -0.703023 -0.711167 0
vn -0.703023 -0.711167 0
vn -0.703023 -0.711167 0
vn -0.703023 -0.711167 0
vn 0.703023 0.711167 0
vn 0.703023 0.711167 0
vn 0.703023 0.711167 0
vn 0.703023 0.711167 0
vn 0 0 -1
vn 0 0 -1
vn 0 0 -1
vn 0 0 -1
vn 0.711167 -0.703023 0
vn 0.711167 -0.703023 0
vn 0.711167 -0.703023 0
vn 0.711167 -0.703023 0
vn 0 0 1
vn 0 0 1
vn 0 0 1
vn 0 0 1
vn -0.711167 0.703023 0
vn -0.711167 0.703023 0
vn -0.711167 0.703023 0
vn -0.711167 0.703023 0
f 937/937/937 939/939/939 938/938/938
f 939/939/939 937/937/937 940/940/940
f 941/941/941 943/943/943 942/942/942
f 943/943/943 941/941/941 944/944/944
f 945/945/945 947/947/947 946/946/946
f 947/947/947 945/945/945 948/948/948
f 949/949/949 951/951/951 950/950/950
f 951/951/951 949/949/949 952/952/952
f 953/953/953 955/955/955 954/954/954
f 955/955/955 953/953/953 956/956/956
f 957/957/957 959/959/959 958/958/958
f 959/959/959 957/957/957 960/960/960
o AC_START_31_40
usemtl material_0
v -18560.10437 -12046.868896 78.70729
v -18560.10437 -12046.868896 278.70729
v -18417.871094 -12187.47406 278.70729
v -18417.871094 -12187.47406 78.70729
v -18278.894043 -11762.402344 78.707278
v -18136.660767 -11903.006744 78.707278
v -18136.660767 -11903.006744 278.70729
v -18278.894043 -11762.402344 278.70729
v -18560.10437 -12046.868896 78.70729
v -18417.871094 -12187.47406 78.70729
v -18136.660767 -11903.006744 78.707278
v -18278.894043 -11762.402344 78.707278
v -18417.871094 -12187.47406 78.70729
v -18417.871094 -12187.47406 278.70729
v -18136.660767 -11903.006744 278.70729
v -18136.660767 -11903.006744 78.707278
v -18417.871094 -12187.47406 278.70729
v -18560.10437 -12046.868896 278.70729
v -18278.894043 -11762.402344 278.70729
v -18136.660767 -11903.006744 278.70729
v -18560.10437 -12046.868896 278.70729
v -18560.10437 -12046.868896 78.70729
v -18278.894043 -11762.402344 78.707278
v -18278.894043 -11762.402344 278.70729
vt 1 1
vt 1 2
vt 0 2
vt 0 1
vt 0 1
vt 1 1
vt 1 2
vt 0 2
vt 0 1
vt 1 1
vt 1 2
vt 0 2
vt 0 1
vt 1 1
vt 1 2
vt 0 2
vt 0 1
vt 1 1
vt 1 2
vt 0 2
vt 0 1
vt 1 1
vt 1 2
vt 0 2
vn -0.703023 -0.711167 0
vn -0.703023 -0.711167 0
vn -0.703023 -0.711167 0
vn -0.703023 -0.711167 0
vn 0.703023 0.711167 0
vn 0.703023 0.711167 0
vn 0.703023 0.711167 0
vn 0.703023 0.711167 0
vn 0 0 -1
vn 0 0 -1
vn 0 0 -1
vn 0 0 -1
vn 0.711167 -0.703023 0
vn 0.711167 -0.703023 0
vn 0.711167 -0.703023 0
vn 0.711167 -0.703023 0
vn 0 0 1
vn 0 0 1
vn 0 0 1
vn 0 0 1
vn -0.711167 0.703023 0
vn -0.711167 0.703023 0
vn -0.711167 0.703023 0
vn -0.711167 0.703023 0
f 961/961/961 963/963/963 962/962/962
f 963/963/963 961/961/961 964/964/964
f 965/965/965 967/967/967 966/966/966
f 967/967/967 965/965/965 968/968/968
f 969/969/969 971/971/971 970/970/970
f 971/971/971 969/969/969 972/972/972
f 973/973/973 975/975/975 974/974/974
f 975/975/975 973/973/973 976/976/976
f 977/977/977 979/979/979 978/978/978
f 979/979/979 977/977/977 980/980/980
f 981/981/981 983/983/983 982/982/982
f 983/983/983 981/981/981 984/984/984
o AC_START_32_41
usemtl material_0
v -19696.925354 -12039.52179 90.749526
v -19696.925354 -12039.52179 290.749526
v -19554.692078 -12180.126953 290.749526
v -19554.692078 -12180.126953 90.749526
v -19415.715027 -11755.055237 90.749514
v -19273.48175 -11895.659637 90.749514
v -19273.48175 -11895.659637 290.749526
v -19415.715027 -11755.055237 290.749526
v -19696.925354 -12039.52179 90.749526
v -19554.692078 -12180.126953 90.749526
v -19273.48175 -11895.659637 90.749514
v -19415.715027 -11755.055237 90.749514
v -19554.692078 -12180.126953 90.749526
v -19554.692078 -12180.126953 290.749526
v -19273.48175 -11895.659637 290.749526
v -19273.48175 -11895.659637 90.749514
v -19554.692078 -12180.126953 290.749526
v -19696.925354 -12039.52179 290.749526
v -19415.715027 -11755.055237 290.749526
v -19273.48175 -11895.659637 290.749526
v -19696.925354 -12039.52179 290.749526
v -19696.925354 -12039.52179 90.749526
v -19415.715027 -11755.055237 90.749514
v -19415.715027 -11755.055237 290.749526
vt 1 1
vt 1 2
vt 0 2
vt 0 1
vt 0 1
vt 1 1
vt 1 2
vt 0 2
vt 0 1
vt 1 1
vt 1 2
vt 0 2
vt 0 1
vt 1 1
vt 1 2
vt 0 2
vt 0 1
vt 1 1
vt 1 2
vt 0 2
vt 0 1
vt 1 1
vt 1 2
vt 0 2
vn -0.703023 -0.711167 0
vn -0.703023 -0.711167 0
vn -0.703023 -0.711167 0
vn -0.703023 -0.711167 0
vn 0.703023 0.711167 0
vn 0.703023 0.711167 0
vn 0.703023 0.711167 0
vn 0.703023 0.711167 0
vn 0 0 -1
vn 0 0 -1
vn 0 0 -1
vn 0 0 -1
vn 0.711167 -0.703023 0
vn 0.711167 -0.703023 0
vn 0.711167 -0.703023 0
vn 0.711167 -0.703023 0
vn 0 0 1
vn 0 0 1
vn 0 0 1
vn 0 0 1
vn -0.711167 0.703023 0
vn -0.711167 0.703023 0
vn -0.711167 0.703023 0
vn -0.711167 0.703023 0
f 985/985/985 987/987/987 986/986/986
f 987/987/987 985/985/985 988/988/988
f 989/989/989 991/991/991 990/990/990
f 991/991/991 989/989/989 992/992/992
f 993/993/993 995/995/995 994/994/994
f 995/995/995 993/993/993 996/996/996
f 997/997/997 999/999/999 998/998/998
f 999/999/999 997/997/997 1000/1000/1000
f 1001/1001/1001 1003/1003/1003 1002/1002/1002
f 1003/1003/1003 1001/1001/1001 1004/1004/1004
f 1005/1005/1005 1007/1007/1007 1006/1006/1006
f 1007/1007/1007 1005/1005/1005 1008/1008/1008
o AC_START_33_42
usemtl material_0
v -19690.744019 -13179.101563 97.609878
v -19690.744019 -13179.101563 297.609878
v -19548.510742 -13319.7052 297.609878
v -19548.510742 -13319.7052 97.609878
v -19409.533691 -12894.633484 97.609866
v -19267.300415 -13035.238647 97.609866
v -19267.300415 -13035.238647 297.609878
v -19409.533691 -12894.633484 297.609878
v -19690.744019 -13179.101563 97.609878
v -19548.510742 -13319.7052 97.609878
v -19267.300415 -13035.238647 97.609866
v -19409.533691 -12894.633484 97.609866
v -19548.510742 -13319.7052 97.609878
v -19548.510742 -13319.7052 297.609878
v -19267.300415 -13035.238647 297.609878
v -19267.300415 -13035.238647 97.609866
v -19548.510742 -13319.7052 297.609878
v -19690.744019 -13179.101563 297.609878
v -19409.533691 -12894.633484 297.609878
v -19267.300415 -13035.238647 297.609878
v -19690.744019 -13179.101563 297.609878
v -19690.744019 -13179.101563 97.609878
v -19409.533691 -12894.633484 97.609866
v -19409.533691 -12894.633484 297.609878
vt 1 1
vt 1 2
vt 0 2
vt 0 1
vt 0 1
vt 1 1
vt 1 2
vt 0 2
vt 0 1
vt 1 1
vt 1 2
vt 0 2
vt 0 1
vt 1 1
vt 1 2
vt 0 2
vt 0 1
vt 1 1
vt 1 2
vt 0 2
vt 0 1
vt 1 1
vt 1 2
vt 0 2
vn -0.703023 -0.711167 0
vn -0.703023 -0.711167 0
vn -0.703023 -0.711167 0
vn -0.703023 -0.711167 0
vn 0.703023 0.711167 0
vn 0.703023 0.711167 0
vn 0.703023 0.711167 0
vn 0.703023 0.711167 0
vn 0 0 -1
vn 0 0 -1
vn 0 0 -1
vn 0 0 -1
vn 0.711167 -0.703023 0
vn 0.711167 -0.703023 0
vn 0.711167 -0.703023 0
vn 0.711167 -0.703023 0
vn 0 0 1
vn 0 0 1
vn 0 0 1
vn 0 0 1
vn -0.711167 0.703023 0
vn -0.711167 0.703023 0
vn -0.711167 0.703023 0
vn -0.711167 0.703023 0
f 1009/1009/1009 1011/1011/1011 1010/1010/1010
f 1011/1011/1011 1009/1009/1009 1012/1012/1012
f 1013/1013/1013 1015/1015/1015 1014/1014/1014
f 1015/1015/1015 1013/1013/1013 1016/1016/1016
f 1017/1017/1017 1019/1019/1019 1018/1018/1018
f 1019/1019/1019 1017/1017/1017 1020/1020/1020
f 1021/1021/1021 1023/1023/1023 1022/1022/1022
f 1023/1023/1023 1021/1021/1021 1024/1024/1024
f 1025/1025/1025 1027/1027/1027 1026/1026/1026
f 1027/1027/1027 1025/1025/1025 1028/1028/1028
f 1029/1029/1029 1031/1031/1031 1030/1030/1030
f 1031/1031/1031 1029/1029/1029 1032/1032/1032
o AC_START_34_43
usemtl material_0
v -20824.597168 -13173.156738 114.992678
v -20824.597168 -13173.156738 314.99269
v -20682.363892 -13313.760376 314.99269
v -20682.363892 -13313.760376 114.992678
v -20543.386841 -12888.68866 114.992666
v -20401.153564 -13029.293823 114.992666
v -20401.153564 -13029.293823 314.992666
v -20543.386841 -12888.68866 314.992666
v -20824.597168 -13173.156738 114.992678
v -20682.363892 -13313.760376 114.992678
v -20401.153564 -13029.293823 114.992666
v -20543.386841 -12888.68866 114.992666
v -20682.363892 -13313.760376 114.992678
v -20682.363892 -13313.760376 314.99269
v -20401.153564 -13029.293823 314.992666
v -20401.153564 -13029.293823 114.992666
v -20682.363892 -13313.760376 314.99269
v -20824.597168 -13173.156738 314.99269
v -20543.386841 -12888.68866 314.992666
v -20401.153564 -13029.293823 314.992666
v -20824.597168 -13173.156738 314.99269
v -20824.597168 -13173.156738 114.992678
v -20543.386841 -12888.68866 114.992666
v -20543.386841 -12888.68866 314.992666
vt 1 1
vt 1 2
vt 0 2
vt 0 1
vt 0 1
vt 1 1
vt 1 2
vt 0 2
vt 0 1
vt 1 1
vt 1 2
vt 0 2
vt 0 1
vt 1 1
vt 1 2
vt 0 2
vt 0 1
vt 1 1
vt 1 2
vt 0 2
vt 0 1
vt 1 1
vt 1 2
vt 0 2
vn -0.703023 -0.711167 0
vn -0.703023 -0.711167 0
vn -0.703023 -0.711167 0
vn -0.703023 -0.711167 0
vn 0.703023 0.711167 0
vn 0.703023 0.711167 0
vn 0.703023 0.711167 0
vn 0.703023 0.711167 0
vn 0 0 -1
vn 0 0 -1
vn 0 0 -1
vn 0 0 -1
vn 0.711167 -0.703023 0
vn 0.711167 -0.703023 0
vn 0.711167 -0.703023 0
vn 0.711167 -0.703023 0
vn 0 0 1
vn 0 0 1
vn 0 0 1
vn 0 0 1
vn -0.711167 0.703023 0
vn -0.711167 0.703023 0
vn -0.711167 0.703023 0
vn -0.711167 0.703023 0
f 1033/1033/1033 1035/1035/1035 1034/1034/1034
f 1035/1035/1035 1033/1033/1033 1036/1036/1036
f 1037/1037/1037 1039/1039/1039 1038/1038/1038
f 1039/1039/1039 1037/1037/1037 1040/1040/1040
f 1041/1041/1041 1043/1043/1043 1042/1042/1042
f 1043/1043/1043 1041/1041/1041 1044/1044/1044
f 1045/1045/1045 1047/1047/1047 1046/1046/1046
f 1047/1047/1047 1045/1045/1045 1048/1048/1048
f 1049/1049/1049 1051/1051/1051 1050/1050/1050
f 1051/1051/1051 1049/1049/1049 1052/1052/1052
f 1053/1053/1053 1055/1055/1055 1054/1054/1054
f 1055/1055/1055 1053/1053/1053 1056/1056/1056
o AC_START_35_44
usemtl material_0
v -20824.241638 -14310.890198 117.40967
v -20824.241638 -14310.890198 317.409682
v -20682.008362 -14451.493835 317.409682
v -20682.008362 -14451.493835 117.40967
v -20543.031311 -14026.422119 117.409658
v -20400.798035 -14167.027283 117.409658
v -20400.798035 -14167.027283 317.409658
v -20543.031311 -14026.422119 317.409658
v -20824.241638 -14310.890198 117.40967
v -20682.008362 -14451.493835 117.40967
v -20400.798035 -14167.027283 117.409658
v -20543.031311 -14026.422119 117.409658
v -20682.008362 -14451.493835 117.40967
v -20682.008362 -14451.493835 317.409682
v -20400.798035 -14167.027283 317.409658
v -20400.798035 -14167.027283 117.409658
v -20682.008362 -14451.493835 317.409682
v -20824.241638 -14310.890198 317.409682
v -20543.031311 -14026.422119 317.409658
v -20400.798035 -14167.027283 317.409658
v -20824.241638 -14310.890198 317.409682
v -20824.241638 -14310.890198 117.40967
v -20543.031311 -14026.422119 117.409658
v -20543.031311 -14026.422119 317.409658
vt 1 1
vt 1 2
vt 0 2
vt 0 1
vt 0 1
vt 1 1
vt 1 2
vt 0 2
vt 0 1
vt 1 1
vt 1 2
vt 0 2
vt 0 1
vt 1 1
vt 1 2
vt 0 2
vt 0 1
vt 1 1
vt 1 2
vt 0 2
vt 0 1
vt 1 1
vt 1 2
vt 0 2
vn -0.703023 -0.711167 0
vn -0.703023 -0.711167 0
vn -0.703023 -0.711167 0
vn -0.703023 -0.711167 0
vn 0.703023 0.711167 0
vn 0.703023 0.711167 0
vn 0.703023 0.711167 0
vn 0.703023 0.711167 0
vn 0 0 -1
vn 0 0 -1
vn 0 0 -1
vn 0 0 -1
vn 0.711167 -0.703023 0
vn 0.711167 -0.703023 0
vn 0.711167 -0.703023 0
vn 0.711167 -0.703023 0
vn 0 0 1
vn 0 0 1
vn 0 0 1
vn 0 0 1
vn -0.711167 0.703023 0
vn -0.711167 0.703023 0
vn -0.711167 0.703023 0
vn -0.711167 0.703023 0
f 1057/1057/1057 1059/1059/1059 1058/1058/1058
f 1059/1059/1059 1057/1057/1057 1060/1060/1060
f 1061/1061/1061 1063/1063/1063 1062/1062/1062
f 1063/1063/1063 1061/1061/1061 1064/1064/1064
f 1065/1065/1065 1067/1067/1067 1066/1066/1066
f 1067/1067/1067 1065/1065/1065 1068/1068/1068
f 1069/1069/1069 1071/1071/1071 1070/1070/1070
f 1071/1071/1071 1069/1069/1069 1072/1072/1072
f 1073/1073/1073 1075/1075/1075 1074/1074/1074
f 1075/1075/1075 1073/1073/1073 1076/1076/1076
f 1077/1077/1077 1079/1079/1079 1078/1078/1078
f 1079/1079/1079 1077/1077/1077 1080/1080/1080
o AC_PIT_2_45
usemtl material_0
v 4968.571472 8950.022888 -89.999986
v 4968.571472 8950.022888 110.000026
v 5110.170746 8808.779144 110.000026
v 5110.170746 8808.779144 -89.999986
v 5251.058197 9233.220673 -89.999998
v 5392.657471 9091.977692 -89.999998
v 5392.657471 9091.977692 110.000002
v 5251.058197 9233.220673 110.000002
v 4968.571472 8950.022888 -89.999986
v 5110.170746 8808.779144 -89.999986
v 5392.657471 9091.977692 -89.999998
v 5251.058197 9233.220673 -89.999998
v 5110.170746 8808.779144 -89.999986
v 5110.170746 8808.779144 110.000026
v 5392.657471 9091.977692 110.000002
v 5392.657471 9091.977692 -89.999998
v 5110.170746 8808.779144 110.000026
v 4968.571472 8950.022888 110.000026
v 5251.058197 9233.220673 110.000002
v 5392.657471 9091.977692 110.000002
v 4968.571472 8950.022888 110.000026
v 4968.571472 8950.022888 -89.999986
v 5251.058197 9233.220673 -89.999998
v 5251.058197 9233.220673 110.000002
vt 1 1
vt 1 2
vt 0 2
vt 0 1
vt 0 1
vt 1 1
vt 1 2
vt 0 2
vt 0 1
vt 1 1
vt 1 2
vt 0 2
vt 0 1
vt 1 1
vt 1 2
vt 0 2
vt 0 1
vt 1 1
vt 1 2
vt 0 2
vt 0 1
vt 1 1
vt 1 2
vt 0 2
vn -0.706217 -0.707996 0
vn -0.706217 -0.707996 0
vn -0.706217 -0.707996 0
vn -0.706217 -0.707996 0
vn 0.706217 0.707996 0
vn 0.706217 0.707996 0
vn 0.706217 0.707996 0
vn 0.706217 0.707996 0
vn 0 0 -1
vn 0 0 -1
vn 0 0 -1
vn 0 0 -1
vn 0.707996 -0.706217 0
vn 0.707996 -0.706217 0
vn 0.707996 -0.706217 0
vn 0.707996 -0.706217 0
vn 0 0 1
vn 0 0 1
vn 0 0 1
vn 0 0 1
vn -0.707996 0.706217 0
vn -0.707996 0.706217 0
vn -0.707996 0.706217 0
vn -0.707996 0.706217 0
f 1081/1081/1081 1083/1083/1083 1082/1082/1082
f 1083/1083/1083 1081/1081/1081 1084/1084/1084
f 1085/1085/1085 1087/1087/1087 1086/1086/1086
f 1087/1087/1087 1085/1085/1085 1088/1088/1088
f 1089/1089/1089 1091/1091/1091 1090/1090/1090
f 1091/1091/1091 1089/1089/1089 1092/1092/1092
f 1093/1093/1093 1095/1095/1095 1094/1094/1094
f 1095/1095/1095 1093/1093/1093 1096/1096/1096
f 1097/1097/1097 1099/1099/1099 1098/1098/1098
f 1099/1099/1099 1097/1097/1097 1100/1100/1100
f 1101/1101/1101 1103/1103/1103 1102/1102/1102
f 1103/1103/1103 1101/1101/1101 1104/1104/1104
o AC_PIT_3_46
usemtl material_0
v 7137.647247 11131.721497 -89.999986
v 7137.647247 11131.721497 110.000026
v 7279.246521 10990.477753 110.000026
v 7279.246521 10990.477753 -89.999986
v 7420.133972 11414.919281 -89.999998
v 7561.733246 11273.6763 -89.999998
v 7561.733246 11273.6763 110.000002
v 7420.133972 11414.919281 110.000002
v 7137.647247 11131.721497 -89.999986
v 7279.246521 10990.477753 -89.999986
v 7561.733246 11273.6763 -89.999998
v 7420.133972 11414.919281 -89.999998
v 7279.246521 10990.477753 -89.999986
v 7279.246521 10990.477753 110.000026
v 7561.733246 11273.6763 110.000002
v 7561.733246 11273.6763 -89.999998
v 7279.246521 10990.477753 110.000026
v 7137.647247 11131.721497 110.000026
v 7420.133972 11414.919281 110.000002
v 7561.733246 11273.6763 110.000002
v 7137.647247 11131.721497 110.000026
v 7137.647247 11131.721497 -89.999986
v 7420.133972 11414.919281 -89.999998
v 7420.133972 11414.919281 110.000002
vt 1 1
vt 1 2
vt 0 2
vt 0 1
vt 0 1
vt 1 1
vt 1 2
vt 0 2
vt 0 1
vt 1 1
vt 1 2
vt 0 2
vt 0 1
vt 1 1
vt 1 2
vt 0 2
vt 0 1
vt 1 1
vt 1 2
vt 0 2
vt 0 1
vt 1 1
vt 1 2
vt 0 2
vn -0.706217 -0.707996 0
vn -0.706217 -0.707996 0
vn -0.706217 -0.707996 0
vn -0.706217 -0.707996 0
vn 0.706217 0.707996 0
vn 0.706217 0.707996 0
vn 0.706217 0.707996 0
vn 0.706217 0.707996 0
vn 0 0 -1
vn 0 0 -1
vn 0 0 -1
vn 0 0 -1
vn 0.707996 -0.706217 0
vn 0.707996 -0.706217 0
vn 0.707996 -0.706217 0
vn 0.707996 -0.706217 0
vn 0 0 1
vn 0 0 1
vn 0 0 1
vn 0 0 1
vn -0.707996 0.706217 0
vn -0.707996 0.706217 0
vn -0.707996 0.706217 0
vn -0.707996 0.706217 0
f 1105/1105/1105 1107/1107/1107 1106/1106/1106
f 1107/1107/1107 1105/1105/1105 1108/1108/1108
f 1109/1109/1109 1111/1111/1111 1110/1110/1110
f 1111/1111/1111 1109/1109/1109 1112/1112/1112
f 1113/1113/1113 1115/1115/1115 1114/1114/1114
f 1115/1115/1115 1113/1113/1113 1116/1116/1116
f 1117/1117/1117 1119/1119/1119 1118/1118/1118
f 1119/1119/1119 1117/1117/1117 1120/1120/1120
f 1121/1121/1121 1123/1123/1123 1122/1122/1122
f 1123/1123/1123 1121/1121/1121 1124/1124/1124
f 1125/1125/1125 1127/1127/1127 1126/1126/1126
f 1127/1127/1127 1125/1125/1125 1128/1128/1128
o AC_PIT_4_47
usemtl material_0
v -2960.009003 1005.673027 -89.999986
v -2960.009003 1005.673027 110.000026
v -2818.409729 864.429665 110.000026
v -2818.409729 864.429665 -89.999986
v -2677.522278 1288.871288 -89.999998
v -2535.923004 1147.627926 -89.999998
v -2535.923004 1147.627926 110.000002
v -2677.522278 1288.871288 110.000002
v -2960.009003 1005.673027 -89.999986
v -2818.409729 864.429665 -89.999986
v -2535.923004 1147.627926 -89.999998
v -2677.522278 1288.871288 -89.999998
v -2818.409729 864.429665 -89.999986
v -2818.409729 864.429665 110.000026
v -2535.923004 1147.627926 110.000002
v -2535.923004 1147.627926 -89.999998
v -2818.409729 864.429665 110.000026
v -2960.009003 1005.673027 110.000026
v -2677.522278 1288.871288 110.000002
v -2535.923004 1147.627926 110.000002
v -2960.009003 1005.673027 110.000026
v -2960.009003 1005.673027 -89.999986
v -2677.522278 1288.871288 -89.999998
v -2677.522278 1288.871288 110.000002
vt 1 1
vt 1 2
vt 0 2
vt 0 1
vt 0 1
vt 1 1
vt 1 2
vt 0 2
vt 0 1
vt 1 1
vt 1 2
vt 0 2
vt 0 1
vt 1 1
vt 1 2
vt 0 2
vt 0 1
vt 1 1
vt 1 2
vt 0 2
vt 0 1
vt 1 1
vt 1 2
vt 0 2
vn -0.706217 -0.707996 0
vn -0.706217 -0.707996 0
vn -0.706217 -0.707996 0
vn -0.706217 -0.707996 0
vn 0.706217 0.707996 0
vn 0.706217 0.707996 0
vn 0.706217 0.707996 0
vn 0.706217 0.707996 0
vn 0 0 -1
vn 0 0 -1
vn 0 0 -1
vn 0 0 -1
vn 0.707996 -0.706217 0
vn 0.707996 -0.706217 0
vn 0.707996 -0.706217 0
vn 0.707996 -0.706217 0
vn 0 0 1
vn 0 0 1
vn 0 0 1
vn 0 0 1
vn -0.707996 0.706217 0
vn -0.707996 0.706217 0
vn -0.707996 0.706217 0
vn -0.707996 0.706217 0
f 1129/1129/1129 1131/1131/1131 1130/1130/1130
f 1131/1131/1131 1129/1129/1129 1132/1132/1132
f 1133/1133/1133 1135/1135/1135 1134/1134/1134
f 1135/1135/1135 1133/1133/1133 1136/1136/1136
f 1137/1137/1137 1139/1139/1139 1138/1138/1138
f 1139/1139/1139 1137/1137/1137 1140/1140/1140
f 1141/1141/1141 1143/1143/1143 1142/1142/1142
f 1143/1143/1143 1141/1141/1141 1144/1144/1144
f 1145/1145/1145 1147/1147/1147 1146/1146/1146
f 1147/1147/1147 1145/1145/1145 1148/1148/1148
f 1149/1149/1149 1151/1151/1151 1150/1150/1150
f 1151/1151/1151 1149/1149/1149 1152/1152/1152
o AC_PIT_6_48
usemtl material_0
v 6088.856888 10064.205933 -89.999986
v 6088.856888 10064.205933 110.000026
v 6230.456161 9922.962189 110.000026
v 6230.456161 9922.962189 -89.999986
v 6371.343613 10347.403717 -89.999998
v 6512.942505 10206.160736 -89.999998
v 6512.942505 10206.160736 110.000002
v 6371.343613 10347.403717 110.000002
v 6088.856888 10064.205933 -89.999986
v 6230.456161 9922.962189 -89.999986
v 6512.942505 10206.160736 -89.999998
v 6371.343613 10347.403717 -89.999998
v 6230.456161 9922.962189 -89.999986
v 6230.456161 9922.962189 110.000026
v 6512.942505 10206.160736 110.000002
v 6512.942505 10206.160736 -89.999998
v 6230.456161 9922.962189 110.000026
v 6088.856888 10064.205933 110.000026
v 6371.343613 10347.403717 110.000002
v 6512.942505 10206.160736 110.000002
v 6088.856888 10064.205933 110.000026
v 6088.856888 10064.205933 -89.999986
v 6371.343613 10347.403717 -89.999998
v 6371.343613 10347.403717 110.000002
vt 1 1
vt 1 2
vt 0 2
vt 0 1
vt 0 1
vt 1 1
vt 1 2
vt 0 2
vt 0 1
vt 1 1
vt 1 2
vt 0 2
vt 0 1
vt 1 1
vt 1 2
vt 0 2
vt 0 1
vt 1 1
vt 1 2
vt 0 2
vt 0 1
vt 1 1
vt 1 2
vt 0 2
vn -0.706217 -0.707996 0
vn -0.706217 -0.707996 0
vn -0.706217 -0.707996 0
vn -0.706217 -0.707996 0
vn 0.706217 0.707996 0
vn 0.706217 0.707996 0
vn 0.706217 0.707996 0
vn 0.706217 0.707996 0
vn 0 0 -1
vn 0 0 -1
vn 0 0 -1
vn 0 0 -1
vn 0.707996 -0.706217 0
vn 0.707996 -0.706217 0
vn 0.707996 -0.706217 0
vn 0.707996 -0.706217 0
vn 0 0 1
vn 0 0 1
vn 0 0 1
vn 0 0 1
vn -0.707996 0.706217 0
vn -0.707996 0.706217 0
vn -0.707996 0.706217 0
vn -0.707996 0.706217 0
f 1153/1153/1153 1155/1155/1155 1154/1154/1154
f 1155/1155/1155 1153/1153/1153 1156/1156/1156
f 1157/1157/1157 1159/1159/1159 1158/1158/1158
f 1159/1159/1159 1157/1157/1157 1160/1160/1160
f 1161/1161/1161 1163/1163/1163 1162/1162/1162
f 1163/1163/1163 1161/1161/1161 1164/1164/1164
f 1165/1165/1165 1167/1167/1167 1166/1166/1166
f 1167/1167/1167 1165/1165/1165 1168/1168/1168
f 1169/1169/1169 1171/1171/1171 1170/1170/1170
f 1171/1171/1171 1169/1169/1169 1172/1172/1172
f 1173/1173/1173 1175/1175/1175 1174/1174/1174
f 1175/1175/1175 1173/1173/1173 1176/1176/1176
o AC_PIT_7_49
usemtl material_0
v 3829.216766 7802.658081 -89.999986
v 3829.216766 7802.658081 110.000026
v 3970.81604 7661.414337 110.000026
v 3970.81604 7661.414337 -89.999986
v 4111.703491 8085.855865 -89.999998
v 4253.302765 7944.612885 -89.999998
v 4253.302765 7944.612885 110.000002
v 4111.703491 8085.855865 110.000002
v 3829.216766 7802.658081 -89.999986
v 3970.81604 7661.414337 -89.999986
v 4253.302765 7944.612885 -89.999998
v 4111.703491 8085.855865 -89.999998
v 3970.81604 7661.414337 -89.999986
v 3970.81604 7661.414337 110.000026
v 4253.302765 7944.612885 110.000002
v 4253.302765 7944.612885 -89.999998
v 3970.81604 7661.414337 110.000026
v 3829.216766 7802.658081 110.000026
v 4111.703491 8085.855865 110.000002
v 4253.302765 7944.612885 110.000002
v 3829.216766 7802.658081 110.000026
v 3829.216766 7802.658081 -89.999986
v 4111.703491 8085.855865 -89.999998
v 4111.703491 8085.855865 110.000002
vt 1 1
vt 1 2
vt 0 2
vt 0 1
vt 0 1
vt 1 1
vt 1 2
vt 0 2
vt 0 1
vt 1 1
vt 1 2
vt 0 2
vt 0 1
vt 1 1
vt 1 2
vt 0 2
vt 0 1
vt 1 1
vt 1 2
vt 0 2
vt 0 1
vt 1 1
vt 1 2
vt 0 2
vn -0.706217 -0.707996 0
vn -0.706217 -0.707996 0
vn -0.706217 -0.707996 0
vn -0.706217 -0.707996 0
vn 0.706217 0.707996 0
vn 0.706217 0.707996 0
vn 0.706217 0.707996 0
vn 0.706217 0.707996 0
vn 0 0 -1
vn 0 0 -1
vn 0 0 -1
vn 0 0 -1
vn 0.707996 -0.706217 0
vn 0.707996 -0.706217 0
vn 0.707996 -0.706217 0
vn 0.707996 -0.706217 0
vn 0 0 1
vn 0 0 1
vn 0 0 1
vn 0 0 1
vn -0.707996 0.706217 0
vn -0.707996 0.706217 0
vn -0.707996 0.706217 0
vn -0.707996 0.706217 0
f 1177/1177/1177 1179/1179/1179 1178/1178/1178
f 1179/1179/1179 1177/1177/1177 1180/1180/1180
f 1181/1181/1181 1183/1183/1183 1182/1182/1182
f 1183/1183/1183 1181/1181/1181 1184/1184/1184
f 1185/1185/1185 1187/1187/1187 1186/1186/1186
f 1187/1187/1187 1185/1185/1185 1188/1188/1188
f 1189/1189/1189 1191/1191/1191 1190/1190/1190
f 1191/1191/1191 1189/1189/1189 1192/1192/1192
f 1193/1193/1193 1195/1195/1195 1194/1194/1194
f 1195/1195/1195 1193/1193/1193 1196/1196/1196
f 1197/1197/1197 1199/1199/1199 1198/1198/1198
f 1199/1199/1199 1197/1197/1197 1200/1200/1200
o AC_PIT_8_50
usemtl material_0
v 1574.150181 5547.47963 -89.999986
v 1574.150181 5547.47963 110.000026
v 1715.749359 5406.236267 110.000026
v 1715.749359 5406.236267 -89.999986
v 1856.63681 5830.678177 -89.999998
v 1998.236084 5689.434814 -89.999998
v 1998.236084 5689.434814 110.000002
v 1856.63681 5830.678177 110.000002
v 1574.150181 5547.47963 -89.999986
v 1715.749359 5406.236267 -89.999986
v 1998.236084 5689.434814 -89.999998
v 1856.63681 5830.678177 -89.999998
v 1715.749359 5406.236267 -89.999986
v 1715.749359 5406.236267 110.000026
v 1998.236084 5689.434814 110.000002
v 1998.236084 5689.434814 -89.999998
v 1715.749359 5406.236267 110.000026
v 1574.150181 5547.47963 110.000026
v 1856.63681 5830.678177 110.000002
v 1998.236084 5689.434814 110.000002
v 1574.150181 5547.47963 110.000026
v 1574.150181 5547.47963 -89.999986
v 1856.63681 5830.678177 -89.999998
v 1856.63681 5830.678177 110.000002
vt 1 1
vt 1 2
vt 0 2
vt 0 1
vt 0 1
vt 1 1
vt 1 2
vt 0 2
vt 0 1
vt 1 1
vt 1 2
vt 0 2
vt 0 1
vt 1 1
vt 1 2
vt 0 2
vt 0 1
vt 1 1
vt 1 2
vt 0 2
vt 0 1
vt 1 1
vt 1 2
vt 0 2
vn -0.706217 -0.707996 0
vn -0.706217 -0.707996 0
vn -0.706217 -0.707996 0
vn -0.706217 -0.707996 0
vn 0.706217 0.707996 0
vn 0.706217 0.707996 0
vn 0.706217 0.707996 0
vn 0.706217 0.707996 0
vn 0 0 -1
vn 0 0 -1
vn 0 0 -1
vn 0 0 -1
vn 0.707996 -0.706217 0
vn 0.707996 -0.706217 0
vn 0.707996 -0.706217 0
vn 0.707996 -0.706217 0
vn 0 0 1
vn 0 0 1
vn 0 0 1
vn 0 0 1
vn -0.707996 0.706217 0
vn -0.707996 0.706217 0
vn -0.707996 0.706217 0
vn -0.707996 0.706217 0
f 1201/1201/1201 1203/1203/1203 1202/1202/1202
f 1203/1203/1203 1201/1201/1201 1204/1204/1204
f 1205/1205/1205 1207/1207/1207 1206/1206/1206
f 1207/1207/1207 1205/1205/1205 1208/1208/1208
f 1209/1209/1209 1211/1211/1211 1210/1210/1210
f 1211/1211/1211 1209/1209/1209 1212/1212/1212
f 1213/1213/1213 1215/1215/1215 1214/1214/1214
f 1215/1215/1215 1213/1213/1213 1216/1216/1216
f 1217/1217/1217 1219/1219/1219 1218/1218/1218
f 1219/1219/1219 1217/1217/1217 1220/1220/1220
f 1221/1221/1221 1223/1223/1223 1222/1222/1222
f 1223/1223/1223 1221/1221/1221 1224/1224/1224
o AC_PIT_9_51
usemtl material_0
v -1841.614723 2141.447639 -89.999986
v -1841.614723 2141.447639 110.000026
v -1700.01545 2000.204277 110.000026
v -1700.01545 2000.204277 -89.999986
v -1559.127903 2424.645805 -89.999998
v -1417.52882 2283.402443 -89.999998
v -1417.52882 2283.402443 110.000002
v -1559.127903 2424.645805 110.000002
v -1841.614723 2141.447639 -89.999986
v -1700.01545 2000.204277 -89.999986
v -1417.52882 2283.402443 -89.999998
v -1559.127903 2424.645805 -89.999998
v -1700.01545 2000.204277 -89.999986
v -1700.01545 2000.204277 110.000026
v -1417.52882 2283.402443 110.000002
v -1417.52882 2283.402443 -89.999998
v -1700.01545 2000.204277 110.000026
v -1841.614723 2141.447639 110.000026
v -1559.127903 2424.645805 110.000002
v -1417.52882 2283.402443 110.000002
v -1841.614723 2141.447639 110.000026
v -1841.614723 2141.447639 -89.999986
v -1559.127903 2424.645805 -89.999998
v -1559.127903 2424.645805 110.000002
vt 1 1
vt 1 2
vt 0 2
vt 0 1
vt 0 1
vt 1 1
vt 1 2
vt 0 2
vt 0 1
vt 1 1
vt 1 2
vt 0 2
vt 0 1
vt 1 1
vt 1 2
vt 0 2
vt 0 1
vt 1 1
vt 1 2
vt 0 2
vt 0 1
vt 1 1
vt 1 2
vt 0 2
vn -0.706217 -0.707996 0
vn -0.706217 -0.707996 0
vn -0.706217 -0.707996 0
vn -0.706217 -0.707996 0
vn 0.706217 0.707996 0
vn 0.706217 0.707996 0
vn 0.706217 0.707996 0
vn 0.706217 0.707996 0
vn 0 0 -1
vn 0 0 -1
vn 0 0 -1
vn 0 0 -1
vn 0.707996 -0.706217 0
vn 0.707996 -0.706217 0
vn 0.707996 -0.706217 0
vn 0.707996 -0.706217 0
vn 0 0 1
vn 0 0 1
vn 0 0 1
vn 0 0 1
vn -0.707996 0.706217 0
vn -0.707996 0.706217 0
vn -0.707996 0.706217 0
vn -0.707996 0.706217 0
f 1225/1225/1225 1227/1227/1227 1226/1226/1226
f 1227/1227/1227 1225/1225/1225 1228/1228/1228
f 1229/1229/1229 1231/1231/1231 1230/1230/1230
f 1231/1231/1231 1229/1229/1229 1232/1232/1232
f 1233/1233/1233 1235/1235/1235 1234/1234/1234
f 1235/1235/1235 1233/1233/1233 1236/1236/1236
f 1237/1237/1237 1239/1239/1239 1238/1238/1238
f 1239/1239/1239 1237/1237/1237 1240/1240/1240
f 1241/1241/1241 1243/1243/1243 1242/1242/1242
f 1243/1243/1243 1241/1241/1241 1244/1244/1244
f 1245/1245/1245 1247/1247/1247 1246/1246/1246
f 1247/1247/1247 1245/1245/1245 1248/1248/1248
o AC_PIT_10_52
usemtl material_0
v -4104.404831 -133.655381 -89.999986
v -4104.404831 -133.655369 110.000026
v -3962.805557 -274.89872 110.000026
v -3962.805557 -274.898744 -89.999986
v -3821.918106 149.54288 -89.999998
v -3680.318832 8.299524 -89.999998
v -3680.318832 8.29953 110.000002
v -3821.918106 149.542892 110.000002
v -4104.404831 -133.655381 -89.999986
v -3962.805557 -274.898744 -89.999986
v -3680.318832 8.299524 -89.999998
v -3821.918106 149.54288 -89.999998
v -3962.805557 -274.898744 -89.999986
v -3962.805557 -274.89872 110.000026
v -3680.318832 8.29953 110.000002
v -3680.318832 8.299524 -89.999998
v -3962.805557 -274.89872 110.000026
v -4104.404831 -133.655369 110.000026
v -3821.918106 149.542892 110.000002
v -3680.318832 8.29953 110.000002
v -4104.404831 -133.655369 110.000026
v -4104.404831 -133.655381 -89.999986
v -3821.918106 149.54288 -89.999998
v -3821.918106 149.542892 110.000002
vt 1 1
vt 1 2
vt 0 2
vt 0 1
vt 0 1
vt 1 1
vt 1 2
vt 0 2
vt 0 1
vt 1 1
vt 1 2
vt 0 2
vt 0 1
vt 1 1
vt 1 2
vt 0 2
vt 0 1
vt 1 1
vt 1 2
vt 0 2
vt 0 1
vt 1 1
vt 1 2
vt 0 2
vn -0.706217 -0.707996 0
vn -0.706217 -0.707996 0
vn -0.706217 -0.707996 0
vn -0.706217 -0.707996 0
vn 0.706217 0.707996 0
vn 0.706217 0.707996 0
vn 0.706217 0.707996 0
vn 0.706217 0.707996 0
vn 0 0 -1
vn 0 0 -1
vn 0 0 -1
vn 0 0 -1
vn 0.707996 -0.706217 0
vn 0.707996 -0.706217 0
vn 0.707996 -0.706217 0
vn 0.707996 -0.706217 0
vn 0 0 1
vn 0 0 1
vn 0 0 1
vn 0 0 1
vn -0.707996 0.706217 0
vn -0.707996 0.706217 0
vn -0.707996 0.706217 0
vn -0.707996 0.706217 0
f 1249/1249/1249 1251/1251/1251 1250/1250/1250
f 1251/1251/1251 1249/1249/1249 1252/1252/1252
f 1253/1253/1253 1255/1255/1255 1254/1254/1254
f 1255/1255/1255 1253/1253/1253 1256/1256/1256
f 1257/1257/1257 1259/1259/1259 1258/1258/1258
f 1259/1259/1259 1257/1257/1257 1260/1260/1260
f 1261/1261/1261 1263/1263/1263 1262/1262/1262
f 1263/1263/1263 1261/1261/1261 1264/1264/1264
f 1265/1265/1265 1267/1267/1267 1266/1266/1266
f 1267/1267/1267 1265/1265/1265 1268/1268/1268
f 1269/1269/1269 1271/1271/1271 1270/1270/1270
f 1271/1271/1271 1269/1269/1269 1272/1272/1272
o AC_PIT_11_53
usemtl material_0
v -5231.615829 -1256.239128 -89.999986
v -5231.615829 -1256.239128 110.000026
v -5090.016556 -1397.482491 110.000026
v -5090.016556 -1397.482491 -89.999986
v -4949.129105 -973.040867 -89.999998
v -4807.529831 -1114.284229 -89.999998
v -4807.529831 -1114.284229 110.000002
v -4949.129105 -973.040867 110.000002
v -5231.615829 -1256.239128 -89.999986
v -5090.016556 -1397.482491 -89.999986
v -4807.529831 -1114.284229 -89.999998
v -4949.129105 -973.040867 -89.999998
v -5090.016556 -1397.482491 -89.999986
v -5090.016556 -1397.482491 110.000026
v -4807.529831 -1114.284229 110.000002
v -4807.529831 -1114.284229 -89.999998
v -5090.016556 -1397.482491 110.000026
v -5231.615829 -1256.239128 110.000026
v -4949.129105 -973.040867 110.000002
v -4807.529831 -1114.284229 110.000002
v -5231.615829 -1256.239128 110.000026
v -5231.615829 -1256.239128 -89.999986
v -4949.129105 -973.040867 -89.999998
v -4949.129105 -973.040867 110.000002
vt 1 1
vt 1 2
vt 0 2
vt 0 1
vt 0 1
vt 1 1
vt 1 2
vt 0 2
vt 0 1
vt 1 1
vt 1 2
vt 0 2
vt 0 1
vt 1 1
vt 1 2
vt 0 2
vt 0 1
vt 1 1
vt 1 2
vt 0 2
vt 0 1
vt 1 1
vt 1 2
vt 0 2
vn -0.706217 -0.707996 0
vn -0.706217 -0.707996 0
vn -0.706217 -0.707996 0
vn -0.706217 -0.707996 0
vn 0.706217 0.707996 0
vn 0.706217 0.707996 0
vn 0.706217 0.707996 0
vn 0.706217 0.707996 0
vn 0 0 -1
vn 0 0 -1
vn 0 0 -1
vn 0 0 -1
vn 0.707996 -0.706217 0
vn 0.707996 -0.706217 0
vn 0.707996 -0.706217 0
vn 0.707996 -0.706217 0
vn 0 0 1
vn 0 0 1
vn 0 0 1
vn 0 0 1
vn -0.707996 0.706217 0
vn -0.707996 0.706217 0
vn -0.707996 0.706217 0
vn -0.707996 0.706217 0
f 1273/1273/1273 1275/1275/1275 1274/1274/1274
f 1275/1275/1275 1273/1273/1273 1276/1276/1276
f 1277/1277/1277 1279/1279/1279 1278/1278/1278
f 1279/1279/1279 1277/1277/1277 1280/1280/1280
f 1281/1281/1281 1283/1283/1283 1282/1282/1282
f 1283/1283/1283 1281/1281/1281 1284/1284/1284
f 1285/1285/1285 1287/1287/1287 1286/1286/1286
f 1287/1287/1287 1285/1285/1285 1288/1288/1288
f 1289/1289/1289 1291/1291/1291 1290/1290/1290
f 1291/1291/1291 1289/1289/1289 1292/1292/1292
f 1293/1293/1293 1295/1295/1295 1294/1294/1294
f 1295/1295/1295 1293/1293/1293 1296/1296/1296
o AC_PIT_12_54
usemtl material_0
v -6289.089966 -2299.944496 -89.999986
v -6289.089966 -2299.944496 110.000026
v -6147.490692 -2441.187859 110.000026
v -6147.490692 -2441.187859 -89.999986
v -6006.603241 -2016.74633 -89.999998
v -5865.003967 -2157.989693 -89.999998
v -5865.003967 -2157.989693 110.000002
v -6006.603241 -2016.74633 110.000002
v -6289.089966 -2299.944496 -89.999986
v -6147.490692 -2441.187859 -89.999986
v -5865.003967 -2157.989693 -89.999998
v -6006.603241 -2016.74633 -89.999998
v -6147.490692 -2441.187859 -89.999986
v -6147.490692 -2441.187859 110.000026
v -5865.003967 -2157.989693 110.000002
v -5865.003967 -2157.989693 -89.999998
v -6147.490692 -2441.187859 110.000026
v -6289.089966 -2299.944496 110.000026
v -6006.603241 -2016.74633 110.000002
v -5865.003967 -2157.989693 110.000002
v -6289.089966 -2299.944496 110.000026
v -6289.089966 -2299.944496 -89.999986
v -6006.603241 -2016.74633 -89.999998
v -6006.603241 -2016.74633 110.000002
vt 1 1
vt 1 2
vt 0 2
vt 0 1
vt 0 1
vt 1 1
vt 1 2
vt 0 2
vt 0 1
vt 1 1
vt 1 2
vt 0 2
vt 0 1
vt 1 1
vt 1 2
vt 0 2
vt 0 1
vt 1 1
vt 1 2
vt 0 2
vt 0 1
vt 1 1
vt 1 2
vt 0 2
vn -0.706217 -0.707996 0
vn -0.706217 -0.707996 0
vn -0.706217 -0.707996 0
vn -0.706217 -0.707996 0
vn 0.706217 0.707996 0
vn 0.706217 0.707996 0
vn 0.706217 0.707996 0
vn 0.706217 0.707996 0
vn 0 0 -1
vn 0 0 -1
vn 0 0 -1
vn 0 0 -1
vn 0.707996 -0.706217 0
vn 0.707996 -0.706217 0
vn 0.707996 -0.706217 0
vn 0.707996 -0.706217 0
vn 0 0 1
vn 0 0 1
vn 0 0 1
vn 0 0 1
vn -0.707996 0.706217 0
vn -0.707996 0.706217 0
vn -0.707996 0.706217 0
vn -0.707996 0.706217 0
f 1297/1297/1297 1299/1299/1299 1298/1298/1298
f 1299/1299/1299 1297/1297/1297 1300/1300/1300
f 1301/1301/1301 1303/1303/1303 1302/1302/1302
f 1303/1303/1303 1301/1301/1301 1304/1304/1304
f 1305/1305/1305 1307/1307/1307 1306/1306/1306
f 1307/1307/1307 1305/1305/1305 1308/1308/1308
f 1309/1309/1309 1311/1311/1311 1310/1310/1310
f 1311/1311/1311 1309/1309/1309 1312/1312/1312
f 1313/1313/1313 1315/1315/1315 1314/1314/1314
f 1315/1315/1315 1313/1313/1313 1316/1316/1316
f 1317/1317/1317 1319/1319/1319 1318/1318/1318
f 1319/1319/1319 1317/1317/1317 1320/1320/1320
o AC_PIT_13_55
usemtl material_0
v -7322.937012 -3340.502167 -89.999986
v -7322.937012 -3340.502167 110.000026
v -7181.337738 -3481.745529 110.000026
v -7181.337738 -3481.745529 -89.999986
v -7040.450287 -3057.30381 -89.999998
v -6898.851013 -3198.547173 -89.999998
v -6898.851013 -3198.547173 110.000002
v -7040.450287 -3057.30381 110.000002
v -7322.937012 -3340.502167 -89.999986
v -7181.337738 -3481.745529 -89.999986
v -6898.851013 -3198.547173 -89.999998
v -7040.450287 -3057.30381 -89.999998
v -7181.337738 -3481.745529 -89.999986
v -7181.337738 -3481.745529 110.000026
v -6898.851013 -3198.547173 110.000002
v -6898.851013 -3198.547173 -89.999998
v -7181.337738 -3481.745529 110.000026
v -7322.937012 -3340.502167 110.000026
v -7040.450287 -3057.30381 110.000002
v -6898.851013 -3198.547173 110.000002
v -7322.937012 -3340.502167 110.000026
v -7322.937012 -3340.502167 -89.999986
v -7040.450287 -3057.30381 -89.999998
v -7040.450287 -3057.30381 110.000002
vt 1 1
vt 1 2
vt 0 2
vt 0 1
vt 0 1
vt 1 1
vt 1 2
vt 0 2
vt 0 1
vt 1 1
vt 1 2
vt 0 2
vt 0 1
vt 1 1
vt 1 2
vt 0 2
vt 0 1
vt 1 1
vt 1 2
vt 0 2
vt 0 1
vt 1 1
vt 1 2
vt 0 2
vn -0.706217 -0.707996 0
vn -0.706217 -0.707996 0
vn -0.706217 -0.707996 0
vn -0.706217 -0.707996 0
vn 0.706217 0.707996 0
vn 0.706217 0.707996 0
vn 0.706217 0.707996 0
vn 0.706217 0.707996 0
vn 0 0 -1
vn 0 0 -1
vn 0 0 -1
vn 0 0 -1
vn 0.707996 -0.706217 0
vn 0.707996 -0.706217 0
vn 0.707996 -0.706217 0
vn 0.707996 -0.706217 0
vn 0 0 1
vn 0 0 1
vn 0 0 1
vn 0 0 1
vn -0.707996 0.706217 0
vn -0.707996 0.706217 0
vn -0.707996 0.706217 0
vn -0.707996 0.706217 0
f 1321/1321/1321 1323/1323/1323 1322/1322/1322
f 1323/1323/1323 1321/1321/1321 1324/1324/1324
f 1325/1325/1325 1327/1327/1327 1326/1326/1326
f 1327/1327/1327 1325/1325/1325 1328/1328/1328
f 1329/1329/1329 1331/1331/1331 1330/1330/1330
f 1331/1331/1331 1329/1329/1329 1332/1332/1332
f 1333/1333/1333 1335/1335/1335 1334/1334/1334
f 1335/1335/1335 1333/1333/1333 1336/1336/1336
f 1337/1337/1337 1339/1339/1339 1338/1338/1338
f 1339/1339/1339 1337/1337/1337 1340/1340/1340
f 1341/1341/1341 1343/1343/1343 1342/1342/1342
f 1343/1343/1343 1341/1341/1341 1344/1344/1344
o AC_PIT_14_56
usemtl material_0
v -8352.407074 -4334.222031 -50.009751
v -8352.407074 -4334.222031 149.990261
v -8210.8078 -4475.465393 149.990261
v -8210.8078 -4475.465393 -50.009751
v -8069.920349 -4051.023483 -50.009763
v -7928.321075 -4192.266846 -50.009763
v -7928.321075 -4192.266846 149.990237
v -8069.920349 -4051.023483 149.990237
v -8352.407074 -4334.222031 -50.009751
v -8210.8078 -4475.465393 -50.009751
v -7928.321075 -4192.266846 -50.009763
v -8069.920349 -4051.023483 -50.009763
v -8210.8078 -4475.465393 -50.009751
v -8210.8078 -4475.465393 149.990261
v -7928.321075 -4192.266846 149.990237
v -7928.321075 -4192.266846 -50.009763
v -8210.8078 -4475.465393 149.990261
v -8352.407074 -4334.222031 149.990261
v -8069.920349 -4051.023483 149.990237
v -7928.321075 -4192.266846 149.990237
v -8352.407074 -4334.222031 149.990261
v -8352.407074 -4334.222031 -50.009751
v -8069.920349 -4051.023483 -50.009763
v -8069.920349 -4051.023483 149.990237
vt 1 1
vt 1 2
vt 0 2
vt 0 1
vt 0 1
vt 1 1
vt 1 2
vt 0 2
vt 0 1
vt 1 1
vt 1 2
vt 0 2
vt 0 1
vt 1 1
vt 1 2
vt 0 2
vt 0 1
vt 1 1
vt 1 2
vt 0 2
vt 0 1
vt 1 1
vt 1 2
vt 0 2
vn -0.706217 -0.707996 0
vn -0.706217 -0.707996 0
vn -0.706217 -0.707996 0
vn -0.706217 -0.707996 0
vn 0.706217 0.707996 0
vn 0.706217 0.707996 0
vn 0.706217 0.707996 0
vn 0.706217 0.707996 0
vn 0 0 -1
vn 0 0 -1
vn 0 0 -1
vn 0 0 -1
vn 0.707996 -0.706217 0
vn 0.707996 -0.706217 0
vn 0.707996 -0.706217 0
vn 0.707996 -0.706217 0
vn 0 0 1
vn 0 0 1
vn 0 0 1
vn 0 0 1
vn -0.707996 0.706217 0
vn -0.707996 0.706217 0
vn -0.707996 0.706217 0
vn -0.707996 0.706217 0
f 1345/1345/1345 1347/1347/1347 1346/1346/1346
f 1347/1347/1347 1345/1345/1345 1348/1348/1348
f 1349/1349/1349 1351/1351/1351 1350/1350/1350
f 1351/1351/1351 1349/1349/1349 1352/1352/1352
f 1353/1353/1353 1355/1355/1355 1354/1354/1354
f 1355/1355/1355 1353/1353/1353 1356/1356/1356
f 1357/1357/1357 1359/1359/1359 1358/1358/1358
f 1359/1359/1359 1357/1357/1357 1360/1360/1360
f 1361/1361/1361 1363/1363/1363 1362/1362/1362
f 1363/1363/1363 1361/1361/1361 1364/1364/1364
f 1365/1365/1365 1367/1367/1367 1366/1366/1366
f 1367/1367/1367 1365/1365/1365 1368/1368/1368
o AC_PIT_15_57
usemtl material_0
v 9244.846344 13264.927673 -89.999986
v 9244.846344 13264.927673 110.000026
v 9386.445618 13123.684692 110.000026
v 9386.445618 13123.684692 -89.999986
v 9527.333069 13548.126221 -89.999998
v 9668.932343 13406.881714 -89.999998
v 9668.932343 13406.881714 110.000002
v 9527.333069 13548.126221 110.000002
v 9244.846344 13264.927673 -89.999986
v 9386.445618 13123.684692 -89.999986
v 9668.932343 13406.881714 -89.999998
v 9527.333069 13548.126221 -89.999998
v 9386.445618 13123.684692 -89.999986
v 9386.445618 13123.684692 110.000026
v 9668.932343 13406.881714 110.000002
v 9668.932343 13406.881714 -89.999998
v 9386.445618 13123.684692 110.000026
v 9244.846344 13264.927673 110.000026
v 9527.333069 13548.126221 110.000002
v 9668.932343 13406.881714 110.000002
v 9244.846344 13264.927673 110.000026
v 9244.846344 13264.927673 -89.999986
v 9527.333069 13548.126221 -89.999998
v 9527.333069 13548.126221 110.000002
vt 1 1
vt 1 2
vt 0 2
vt 0 1
vt 0 1
vt 1 1
vt 1 2
vt 0 2
vt 0 1
vt 1 1
vt 1 2
vt 0 2
vt 0 1
vt 1 1
vt 1 2
vt 0 2
vt 0 1
vt 1 1
vt 1 2
vt 0 2
vt 0 1
vt 1 1
vt 1 2
vt 0 2
vn -0.706217 -0.707996 0
vn -0.706217 -0.707996 0
vn -0.706217 -0.707996 0
vn -0.706217 -0.707996 0
vn 0.706217 0.707996 0
vn 0.706217 0.707996 0
vn 0.706217 0.707996 0
vn 0.706217 0.707996 0
vn 0 0 -1
vn 0 0 -1
vn 0 0 -1
vn 0 0 -1
vn 0.707996 -0.706217 0
vn 0.707996 -0.706217 0
vn 0.707996 -0.706217 0
vn 0.707996 -0.706217 0
vn 0 0 1
vn 0 0 1
vn 0 0 1
vn 0 0 1
vn -0.707996 0.706217 0
vn -0.707996 0.706217 0
vn -0.707996 0.706217 0
vn -0.707996 0.706217 0
f 1369/1369/1369 1371/1371/1371 1370/1370/1370
f 1371/1371/1371 1369/1369/1369 1372/1372/1372
f 1373/1373/1373 1375/1375/1375 1374/1374/1374
f 1375/1375/1375 1373/1373/1373 1376/1376/1376
f 1377/1377/1377 1379/1379/1379 1378/1378/1378
f 1379/1379/1379 1377/1377/1377 1380/1380/1380
f 1381/1381/1381 1383/1383/1383 1382/1382/1382
f 1383/1383/1383 1381/1381/1381 1384/1384/1384
f 1385/1385/1385 1387/1387/1387 1386/1386/1386
f 1387/1387/1387 1385/1385/1385 1388/1388/1388
f 1389/1389/1389 1391/1391/1391 1390/1390/1390
f 1391/1391/1391 1389/1389/1389 1392/1392/1392
o AC_PIT_35_58
usemtl material_0
v -9685.849762 -5663.911057 -59.628892
v -9685.849762 -5663.911057 140.37112
v -9544.250488 -5805.154419 140.37112
v -9544.250488 -5805.154419 -59.628892
v -9403.363037 -5380.712509 -59.628904
v -9261.763763 -5521.955872 -59.628904
v -9261.763763 -5521.955872 140.371096
v -9403.363037 -5380.712509 140.371096
v -9685.849762 -5663.911057 -59.628892
v -9544.250488 -5805.154419 -59.628892
v -9261.763763 -5521.955872 -59.628904
v -9403.363037 -5380.712509 -59.628904
v -9544.250488 -5805.154419 -59.628892
v -9544.250488 -5805.154419 140.37112
v -9261.763763 -5521.955872 140.371096
v -9261.763763 -5521.955872 -59.628904
v -9544.250488 -5805.154419 140.37112
v -9685.849762 -5663.911057 140.37112
v -9403.363037 -5380.712509 140.371096
v -9261.763763 -5521.955872 140.371096
v -9685.849762 -5663.911057 140.37112
v -9685.849762 -5663.911057 -59.628892
v -9403.363037 -5380.712509 -59.628904
v -9403.363037 -5380.712509 140.371096
vt 1 1
vt 1 2
vt 0 2
vt 0 1
vt 0 1
vt 1 1
vt 1 2
vt 0 2
vt 0 1
vt 1 1
vt 1 2
vt 0 2
vt 0 1
vt 1 1
vt 1 2
vt 0 2
vt 0 1
vt 1 1
vt 1 2
vt 0 2
vt 0 1
vt 1 1
vt 1 2
vt 0 2
vn -0.706217 -0.707996 0
vn -0.706217 -0.707996 0
vn -0.706217 -0.707996 0
vn -0.706217 -0.707996 0
vn 0.706217 0.707996 0
vn 0.706217 0.707996 0
vn 0.706217 0.707996 0
vn 0.706217 0.707996 0
vn 0 0 -1
vn 0 0 -1
vn 0 0 -1
vn 0 0 -1
vn 0.707996 -0.706217 0
vn 0.707996 -0.706217 0
vn 0.707996 -0.706217 0
vn 0.707996 -0.706217 0
vn 0 0 1
vn 0 0 1
vn 0 0 1
vn 0 0 1
vn -0.707996 0.706217 0
vn -0.707996 0.706217 0
vn -0.707996 0.706217 0
vn -0.707996 0.706217 0
f 1393/1393/1393 1395/1395/1395 1394/1394/1394
f 1395/1395/1395 1393/1393/1393 1396/1396/1396
f 1397/1397/1397 1399/1399/1399 1398/1398/1398
f 1399/1399/1399 1397/1397/1397 1400/1400/1400
f 1401/1401/1401 1403/1403/1403 1402/1402/1402
f 1403/1403/1403 1401/1401/1401 1404/1404/1404
f 1405/1405/1405 1407/1407/1407 1406/1406/1406
f 1407/1407/1407 1405/1405/1405 1408/1408/1408
f 1409/1409/1409 1411/1411/1411 1410/1410/1410
f 1411/1411/1411 1409/1409/1409 1412/1412/1412
f 1413/1413/1413 1415/1415/1415 1414/1414/1414
f 1415/1415/1415 1413/1413/1413 1416/1416/1416
o AC_PIT_17_59
usemtl material_0
v 10601.016998 14616.217041 -89.99998
v 10601.016998 14616.217041 110.000026
v 10742.616272 14474.97406 110.000026
v 10742.616272 14474.97406 -89.99998
v 10883.503723 14899.415588 -89.999998
v 11025.102997 14758.171082 -89.999998
v 11025.102997 14758.171082 110.000014
v 10883.503723 14899.415588 110.000014
v 10601.016998 14616.217041 -89.99998
v 10742.616272 14474.97406 -89.99998
v 11025.102997 14758.171082 -89.999998
v 10883.503723 14899.415588 -89.999998
v 10742.616272 14474.97406 -89.99998
v 10742.616272 14474.97406 110.000026
v 11025.102997 14758.171082 110.000014
v 11025.102997 14758.171082 -89.999998
v 10742.616272 14474.97406 110.000026
v 10601.016998 14616.217041 110.000026
v 10883.503723 14899.415588 110.000014
v 11025.102997 14758.171082 110.000014
v 10601.016998 14616.217041 110.000026
v 10601.016998 14616.217041 -89.99998
v 10883.503723 14899.415588 -89.999998
v 10883.503723 14899.415588 110.000014
vt 1 1
vt 1 2
vt 0 2
vt 0 1
vt 0 1
vt 1 1
vt 1 2
vt 0 2
vt 0 1
vt 1 1
vt 1 2
vt 0 2
vt 0 1
vt 1 1
vt 1 2
vt 0 2
vt 0 1
vt 1 1
vt 1 2
vt 0 2
vt 0 1
vt 1 1
vt 1 2
vt 0 2
vn -0.706217 -0.707996 0
vn -0.706217 -0.707996 0
vn -0.706217 -0.707996 0
vn -0.706217 -0.707996 0
vn 0.706217 0.707996 0
vn 0.706217 0.707996 0
vn 0.706217 0.707996 0
vn 0.706217 0.707996 0
vn 0 0 -1
vn 0 0 -1
vn 0 0 -1
vn 0 0 -1
vn 0.707996 -0.706217 0
vn 0.707996 -0.706217 0
vn 0.707996 -0.706217 0
vn 0.707996 -0.706217 0
vn 0 0 1
vn 0 0 1
vn 0 0 1
vn 0 0 1
vn -0.707996 0.706217 0
vn -0.707996 0.706217 0
vn -0.707996 0.706217 0
vn -0.707996 0.706217 0
f 1417/1417/1417 1419/1419/1419 1418/1418/1418
f 1419/1419/1419 1417/1417/1417 1420/1420/1420
f 1421/1421/1421 1423/1423/1423 1422/1422/1422
f 1423/1423/1423 1421/1421/1421 1424/1424/1424
f 1425/1425/1425 1427/1427/1427 1426/1426/1426
f 1427/1427/1427 1425/1425/1425 1428/1428/1428
f 1429/1429/1429 1431/1431/1431 1430/1430/1430
f 1431/1431/1431 1429/1429/1429 1432/1432/1432
f 1433/1433/1433 1435/1435/1435 1434/1434/1434
f 1435/1435/1435 1433/1433/1433 1436/1436/1436
f 1437/1437/1437 1439/1439/1439 1438/1438/1438
f 1439/1439/1439 1437/1437/1437 1440/1440/1440
o AC_PIT_18_60
usemtl material_0
v 9920.305634 13941.159058 -89.999986
v 9920.305634 13941.159058 110.000026
v 10061.904907 13799.916077 110.000026
v 10061.904907 13799.916077 -89.999986
v 10202.792358 14224.357605 -89.999998
v 10344.391632 14083.113098 -89.999998
v 10344.391632 14083.113098 110.000002
v 10202.792358 14224.357605 110.000002
v 9920.305634 13941.159058 -89.999986
v 10061.904907 13799.916077 -89.999986
v 10344.391632 14083.113098 -89.999998
v 10202.792358 14224.357605 -89.999998
v 10061.904907 13799.916077 -89.999986
v 10061.904907 13799.916077 110.000026
v 10344.391632 14083.113098 110.000002
v 10344.391632 14083.113098 -89.999998
v 10061.904907 13799.916077 110.000026
v 9920.305634 13941.159058 110.000026
v 10202.792358 14224.357605 110.000002
v 10344.391632 14083.113098 110.000002
v 9920.305634 13941.159058 110.000026
v 9920.305634 13941.159058 -89.999986
v 10202.792358 14224.357605 -89.999998
v 10202.792358 14224.357605 110.000002
vt 1 1
vt 1 2
vt 0 2
vt 0 1
vt 0 1
vt 1 1
vt 1 2
vt 0 2
vt 0 1
vt 1 1
vt 1 2
vt 0 2
vt 0 1
vt 1 1
vt 1 2
vt 0 2
vt 0 1
vt 1 1
vt 1 2
vt 0 2
vt 0 1
vt 1 1
vt 1 2
vt 0 2
vn -0.706217 -0.707996 0
vn -0.706217 -0.707996 0
vn -0.706217 -0.707996 0
vn -0.706217 -0.707996 0
vn 0.706217 0.707996 0
vn 0.706217 0.707996 0
vn 0.706217 0.707996 0
vn 0.706217 0.707996 0
vn 0 0 -1
vn 0 0 -1
vn 0 0 -1
vn 0 0 -1
vn 0.707996 -0.706217 0
vn 0.707996 -0.706217 0
vn 0.707996 -0.706217 0
vn 0.707996 -0.706217 0
vn 0 0 1
vn 0 0 1
vn 0 0 1
vn 0 0 1
vn -0.707996 0.706217 0
vn -0.707996 0.706217 0
vn -0.707996 0.706217 0
vn -0.707996 0.706217 0
f 1441/1441/1441 1443/1443/1443 1442/1442/1442
f 1443/1443/1443 1441/1441/1441 1444/1444/1444
f 1445/1445/1445 1447/1447/1447 1446/1446/1446
f 1447/1447/1447 1445/1445/1445 1448/1448/1448
f 1449/1449/1449 1451/1451/1451 1450/1450/1450
f 1451/1451/1451 1449/1449/1449 1452/1452/1452
f 1453/1453/1453 1455/1455/1455 1454/1454/1454
f 1455/1455/1455 1453/1453/1453 1456/1456/1456
f 1457/1457/1457 1459/1459/1459 1458/1458/1458
f 1459/1459/1459 1457/1457/1457 1460/1460/1460
f 1461/1461/1461 1463/1463/1463 1462/1462/1462
f 1463/1463/1463 1461/1461/1461 1464/1464/1464
o AC_PIT_19_61
usemtl material_0
v 7847.801971 11852.391052 -89.999986
v 7847.801971 11852.391052 110.000026
v 7989.401245 11711.147308 110.000026
v 7989.401245 11711.147308 -89.999986
v 8130.288696 12135.588837 -89.999998
v 8271.88797 11994.345856 -89.999998
v 8271.88797 11994.345856 110.000002
v 8130.288696 12135.588837 110.000002
v 7847.801971 11852.391052 -89.999986
v 7989.401245 11711.147308 -89.999986
v 8271.88797 11994.345856 -89.999998
v 8130.288696 12135.588837 -89.999998
v 7989.401245 11711.147308 -89.999986
v 7989.401245 11711.147308 110.000026
v 8271.88797 11994.345856 110.000002
v 8271.88797 11994.345856 -89.999998
v 7989.401245 11711.147308 110.000026
v 7847.801971 11852.391052 110.000026
v 8130.288696 12135.588837 110.000002
v 8271.88797 11994.345856 110.000002
v 7847.801971 11852.391052 110.000026
v 7847.801971 11852.391052 -89.999986
v 8130.288696 12135.588837 -89.999998
v 8130.288696 12135.588837 110.000002
vt 1 1
vt 1 2
vt 0 2
vt 0 1
vt 0 1
vt 1 1
vt 1 2
vt 0 2
vt 0 1
vt 1 1
vt 1 2
vt 0 2
vt 0 1
vt 1 1
vt 1 2
vt 0 2
vt 0 1
vt 1 1
vt 1 2
vt 0 2
vt 0 1
vt 1 1
vt 1 2
vt 0 2
vn -0.706217 -0.707996 0
vn -0.706217 -0.707996 0
vn -0.706217 -0.707996 0
vn -0.706217 -0.707996 0
vn 0.706217 0.707996 0
vn 0.706217 0.707996 0
vn 0.706217 0.707996 0
vn 0.706217 0.707996 0
vn 0 0 -1
vn 0 0 -1
vn 0 0 -1
vn 0 0 -1
vn 0.707996 -0.706217 0
vn 0.707996 -0.706217 0
vn 0.707996 -0.706217 0
vn 0.707996 -0.706217 0
vn 0 0 1
vn 0 0 1
vn 0 0 1
vn 0 0 1
vn -0.707996 0.706217 0
vn -0.707996 0.706217 0
vn -0.707996 0.706217 0
vn -0.707996 0.706217 0
f 1465/1465/1465 1467/1467/1467 1466/1466/1466
f 1467/1467/1467 1465/1465/1465 1468/1468/1468
f 1469/1469/1469 1471/1471/1471 1470/1470/1470
f 1471/1471/1471 1469/1469/1469 1472/1472/1472
f 1473/1473/1473 1475/1475/1475 1474/1474/1474
f 1475/1475/1475 1473/1473/1473 1476/1476/1476
f 1477/1477/1477 1479/1479/1479 1478/1478/1478
f 1479/1479/1479 1477/1477/1477 1480/1480/1480
f 1481/1481/1481 1483/1483/1483 1482/1482/1482
f 1483/1483/1483 1481/1481/1481 1484/1484/1484
f 1485/1485/1485 1487/1487/1487 1486/1486/1486
f 1487/1487/1487 1485/1485/1485 1488/1488/1488
o AC_PIT_28_62
usemtl material_0
v 5326.625824 9328.334045 -89.999986
v 5326.625824 9328.334045 110.000026
v 5468.225098 9187.090302 110.000026
v 5468.225098 9187.090302 -89.999986
v 5609.112549 9611.53183 -89.999998
v 5750.711823 9470.288849 -89.999998
v 5750.711823 9470.288849 110.000002
v 5609.112549 9611.53183 110.000002
v 5326.625824 9328.334045 -89.999986
v 5468.225098 9187.090302 -89.999986
v 5750.711823 9470.288849 -89.999998
v 5609.112549 9611.53183 -89.999998
v 5468.225098 9187.090302 -89.999986
v 5468.225098 9187.090302 110.000026
v 5750.711823 9470.288849 110.000002
v 5750.711823 9470.288849 -89.999998
v 5468.225098 9187.090302 110.000026
v 5326.625824 9328.334045 110.000026
v 5609.112549 9611.53183 110.000002
v 5750.711823 9470.288849 110.000002
v 5326.625824 9328.334045 110.000026
v 5326.625824 9328.334045 -89.999986
v 5609.112549 9611.53183 -89.999998
v 5609.112549 9611.53183 110.000002
vt 1 1
vt 1 2
vt 0 2
vt 0 1
vt 0 1
vt 1 1
vt 1 2
vt 0 2
vt 0 1
vt 1 1
vt 1 2
vt 0 2
vt 0 1
vt 1 1
vt 1 2
vt 0 2
vt 0 1
vt 1 1
vt 1 2
vt 0 2
vt 0 1
vt 1 1
vt 1 2
vt 0 2
vn -0.706217 -0.707996 0
vn -0.706217 -0.707996 0
vn -0.706217 -0.707996 0
vn -0.706217 -0.707996 0
vn 0.706217 0.707996 0
vn 0.706217 0.707996 0
vn 0.706217 0.707996 0
vn 0.706217 0.707996 0
vn 0 0 -1
vn 0 0 -1
vn 0 0 -1
vn 0 0 -1
vn 0.707996 -0.706217 0
vn 0.707996 -0.706217 0
vn 0.707996 -0.706217 0
vn 0.707996 -0.706217 0
vn 0 0 1
vn 0 0 1
vn 0 0 1
vn 0 0 1
vn -0.707996 0.706217 0
vn -0.707996 0.706217 0
vn -0.707996 0.706217 0
vn -0.707996 0.706217 0
f 1489/1489/1489 1491/1491/1491 1490/1490/1490
f 1491/1491/1491 1489/1489/1489 1492/1492/1492
f 1493/1493/1493 1495/1495/1495 1494/1494/1494
f 1495/1495/1495 1493/1493/1493 1496/1496/1496
f 1497/1497/1497 1499/1499/1499 1498/1498/1498
f 1499/1499/1499 1497/1497/1497 1500/1500/1500
f 1501/1501/1501 1503/1503/1503 1502/1502/1502
f 1503/1503/1503 1501/1501/1501 1504/1504/1504
f 1505/1505/1505 1507/1507/1507 1506/1506/1506
f 1507/1507/1507 1505/1505/1505 1508/1508/1508
f 1509/1509/1509 1511/1511/1511 1510/1510/1510
f 1511/1511/1511 1509/1509/1509 1512/1512/1512
o AC_PIT_21_63
usemtl material_0
v 3061.493683 7053.843689 -89.999986
v 3061.493683 7053.843689 110.000026
v 3203.092957 6912.599945 110.000026
v 3203.092957 6912.599945 -89.999986
v 3343.980408 7337.041473 -89.999998
v 3485.579681 7195.798492 -89.999998
v 3485.579681 7195.798492 110.000002
v 3343.980408 7337.041473 110.000002
v 3061.493683 7053.843689 -89.999986
v 3203.092957 6912.599945 -89.999986
v 3485.579681 7195.798492 -89.999998
v 3343.980408 7337.041473 -89.999998
v 3203.092957 6912.599945 -89.999986
v 3203.092957 6912.599945 110.000026
v 3485.579681 7195.798492 110.000002
v 3485.579681 7195.798492 -89.999998
v 3203.092957 6912.599945 110.000026
v 3061.493683 7053.843689 110.000026
v 3343.980408 7337.041473 110.000002
v 3485.579681 7195.798492 110.000002
v 3061.493683 7053.843689 110.000026
v 3061.493683 7053.843689 -89.999986
v 3343.980408 7337.041473 -89.999998
v 3343.980408 7337.041473 110.000002
vt 1 1
vt 1 2
vt 0 2
vt 0 1
vt 0 1
vt 1 1
vt 1 2
vt 0 2
vt 0 1
vt 1 1
vt 1 2
vt 0 2
vt 0 1
vt 1 1
vt 1 2
vt 0 2
vt 0 1
vt 1 1
vt 1 2
vt 0 2
vt 0 1
vt 1 1
vt 1 2
vt 0 2
vn -0.706217 -0.707996 0
vn -0.706217 -0.707996 0
vn -0.706217 -0.707996 0
vn -0.706217 -0.707996 0
vn 0.706217 0.707996 0
vn 0.706217 0.707996 0
vn 0.706217 0.707996 0
vn 0.706217 0.707996 0
vn 0 0 -1
vn 0 0 -1
vn 0 0 -1
vn 0 0 -1
vn 0.707996 -0.706217 0
vn 0.707996 -0.706217 0
vn 0.707996 -0.706217 0
vn 0.707996 -0.706217 0
vn 0 0 1
vn 0 0 1
vn 0 0 1
vn 0 0 1
vn -0.707996 0.706217 0
vn -0.707996 0.706217 0
vn -0.707996 0.706217 0
vn -0.707996 0.706217 0
f 1513/1513/1513 1515/1515/1515 1514/1514/1514
f 1515/1515/1515 1513/1513/1513 1516/1516/1516
f 1517/1517/1517 1519/1519/1519 1518/1518/1518
f 1519/1519/1519 1517/1517/1517 1520/1520/1520
f 1521/1521/1521 1523/1523/1523 1522/1522/1522
f 1523/1523/1523 1521/1521/1521 1524/1524/1524
f 1525/1525/1525 1527/1527/1527 1526/1526/1526
f 1527/1527/1527 1525/1525/1525 1528/1528/1528
f 1529/1529/1529 1531/1531/1531 1530/1530/1530
f 1531/1531/1531 1529/1529/1529 1532/1532/1532
f 1533/1533/1533 1535/1535/1535 1534/1534/1534
f 1535/1535/1535 1533/1533/1533 1536/1536/1536
o AC_PIT_22_64
usemtl material_0
v 1953.824615 5942.424774 -89.999986
v 1953.824615 5942.424774 110.000026
v 2095.423889 5801.181412 110.000026
v 2095.423889 5801.181412 -89.999986
v 2236.31134 6225.623322 -89.999998
v 2377.910614 6084.379959 -89.999998
v 2377.910614 6084.379959 110.000002
v 2236.31134 6225.623322 110.000002
v 1953.824615 5942.424774 -89.999986
v 2095.423889 5801.181412 -89.999986
v 2377.910614 6084.379959 -89.999998
v 2236.31134 6225.623322 -89.999998
v 2095.423889 5801.181412 -89.999986
v 2095.423889 5801.181412 110.000026
v 2377.910614 6084.379959 110.000002
v 2377.910614 6084.379959 -89.999998
v 2095.423889 5801.181412 110.000026
v 1953.824615 5942.424774 110.000026
v 2236.31134 6225.623322 110.000002
v 2377.910614 6084.379959 110.000002
v 1953.824615 5942.424774 110.000026
v 1953.824615 5942.424774 -89.999986
v 2236.31134 6225.623322 -89.999998
v 2236.31134 6225.623322 110.000002
vt 1 1
vt 1 2
vt 0 2
vt 0 1
vt 0 1
vt 1 1
vt 1 2
vt 0 2
vt 0 1
vt 1 1
vt 1 2
vt 0 2
vt 0 1
vt 1 1
vt 1 2
vt 0 2
vt 0 1
vt 1 1
vt 1 2
vt 0 2
vt 0 1
vt 1 1
vt 1 2
vt 0 2
vn -0.706217 -0.707996 0
vn -0.706217 -0.707996 0
vn -0.706217 -0.707996 0
vn -0.706217 -0.707996 0
vn 0.706217 0.707996 0
vn 0.706217 0.707996 0
vn 0.706217 0.707996 0
vn 0.706217 0.707996 0
vn 0 0 -1
vn 0 0 -1
vn 0 0 -1
vn 0 0 -1
vn 0.707996 -0.706217 0
vn 0.707996 -0.706217 0
vn 0.707996 -0.706217 0
vn 0.707996 -0.706217 0
vn 0 0 1
vn 0 0 1
vn 0 0 1
vn 0 0 1
vn -0.707996 0.706217 0
vn -0.707996 0.706217 0
vn -0.707996 0.706217 0
vn -0.707996 0.706217 0
f 1537/1537/1537 1539/1539/1539 1538/1538/1538
f 1539/1539/1539 1537/1537/1537 1540/1540/1540
f 1541/1541/1541 1543/1543/1543 1542/1542/1542
f 1543/1543/1543 1541/1541/1541 1544/1544/1544
f 1545/1545/1545 1547/1547/1547 1546/1546/1546
f 1547/1547/1547 1545/1545/1545 1548/1548/1548
f 1549/1549/1549 1551/1551/1551 1550/1550/1550
f 1551/1551/1551 1549/1549/1549 1552/1552/1552
f 1553/1553/1553 1555/1555/1555 1554/1554/1554
f 1555/1555/1555 1553/1553/1553 1556/1556/1556
f 1557/1557/1557 1559/1559/1559 1558/1558/1558
f 1559/1559/1559 1557/1557/1557 1560/1560/1560
o AC_PIT_23_65
usemtl material_0
v 808.746719 4809.808731 -89.999998
v 808.746719 4809.808731 110.000002
v 950.345802 4668.565369 110.000002
v 950.345802 4668.565369 -89.999998
v 1091.233444 5093.007278 -90.000015
v 1232.832527 4951.763916 -90.000015
v 1232.832527 4951.763916 109.99999
v 1091.233444 5093.007278 109.99999
v 808.746719 4809.808731 -89.999998
v 950.345802 4668.565369 -89.999998
v 1232.832527 4951.763916 -90.000015
v 1091.233444 5093.007278 -90.000015
v 950.345802 4668.565369 -89.999998
v 950.345802 4668.565369 110.000002
v 1232.832527 4951.763916 109.99999
v 1232.832527 4951.763916 -90.000015
v 950.345802 4668.565369 110.000002
v 808.746719 4809.808731 110.000002
v 1091.233444 5093.007278 109.99999
v 1232.832527 4951.763916 109.99999
v 808.746719 4809.808731 110.000002
v 808.746719 4809.808731 -89.999998
v 1091.233444 5093.007278 -90.000015
v 1091.233444 5093.007278 109.99999
vt 1 1
vt 1 2
vt 0 2
vt 0 1
vt 0 1
vt 1 1
vt 1 2
vt 0 2
vt 0 1
vt 1 1
vt 1 2
vt 0 2
vt 0 1
vt 1 1
vt 1 2
vt 0 2
vt 0 1
vt 1 1
vt 1 2
vt 0 2
vt 0 1
vt 1 1
vt 1 2
vt 0 2
vn -0.706217 -0.707996 0
vn -0.706217 -0.707996 0
vn -0.706217 -0.707996 0
vn -0.706217 -0.707996 0
vn 0.706217 0.707996 0
vn 0.706217 0.707996 0
vn 0.706217 0.707996 0
vn 0.706217 0.707996 0
vn 0 0 -1
vn 0 0 -1
vn 0 0 -1
vn 0 0 -1
vn 0.707996 -0.706217 0
vn 0.707996 -0.706217 0
vn 0.707996 -0.706217 0
vn 0.707996 -0.706217 0
vn 0 0 1
vn 0 0 1
vn 0 0 1
vn 0 0 1
vn -0.707996 0.706217 0
vn -0.707996 0.706217 0
vn -0.707996 0.706217 0
vn -0.707996 0.706217 0
f 1561/1561/1561 1563/1563/1563 1562/1562/1562
f 1563/1563/1563 1561/1561/1561 1564/1564/1564
f 1565/1565/1565 1567/1567/1567 1566/1566/1566
f 1567/1567/1567 1565/1565/1565 1568/1568/1568
f 1569/1569/1569 1571/1571/1571 1570/1570/1570
f 1571/1571/1571 1569/1569/1569 1572/1572/1572
f 1573/1573/1573 1575/1575/1575 1574/1574/1574
f 1575/1575/1575 1573/1573/1573 1576/1576/1576
f 1577/1577/1577 1579/1579/1579 1578/1578/1578
f 1579/1579/1579 1577/1577/1577 1580/1580/1580
f 1581/1581/1581 1583/1583/1583 1582/1582/1582
f 1583/1583/1583 1581/1581/1581 1584/1584/1584
o AC_PIT_24_66
usemtl material_0
v -1473.287106 2522.537422 -89.999986
v -1473.287106 2522.537422 110.000026
v -1331.688023 2381.29406 110.000026
v -1331.688023 2381.29406 -89.999986
v -1190.800381 2805.735588 -89.999998
v -1049.201298 2664.492226 -89.999998
v -1049.201298 2664.492226 110.000002
v -1190.800381 2805.735588 110.000002
v -1473.287106 2522.537422 -89.999986
v -1331.688023 2381.29406 -89.999986
v -1049.201298 2664.492226 -89.999998
v -1190.800381 2805.735588 -89.999998
v -1331.688023 2381.29406 -89.999986
v -1331.688023 2381.29406 110.000026
v -1049.201298 2664.492226 110.000002
v -1049.201298 2664.492226 -89.999998
v -1331.688023 2381.29406 110.000026
v -1473.287106 2522.537422 110.000026
v -1190.800381 2805.735588 110.000002
v -1049.201298 2664.492226 110.000002
v -1473.287106 2522.537422 110.000026
v -1473.287106 2522.537422 -89.999986
v -1190.800381 2805.735588 -89.999998
v -1190.800381 2805.735588 110.000002
vt 1 1
vt 1 2
vt 0 2
vt 0 1
vt 0 1
vt 1 1
vt 1 2
vt 0 2
vt 0 1
vt 1 1
vt 1 2
vt 0 2
vt 0 1
vt 1 1
vt 1 2
vt 0 2
vt 0 1
vt 1 1
vt 1 2
vt 0 2
vt 0 1
vt 1 1
vt 1 2
vt 0 2
vn -0.706217 -0.707996 0
vn -0.706217 -0.707996 0
vn -0.706217 -0.707996 0
vn -0.706217 -0.707996 0
vn 0.706217 0.707996 0
vn 0.706217 0.707996 0
vn 0.706217 0.707996 0
vn 0.706217 0.707996 0
vn 0 0 -1
vn 0 0 -1
vn 0 0 -1
vn 0 0 -1
vn 0.707996 -0.706217 0
vn 0.707996 -0.706217 0
vn 0.707996 -0.706217 0
vn 0.707996 -0.706217 0
vn 0 0 1
vn 0 0 1
vn 0 0 1
vn 0 0 1
vn -0.707996 0.706217 0
vn -0.707996 0.706217 0
vn -0.707996 0.706217 0
vn -0.707996 0.706217 0
f 1585/1585/1585 1587/1587/1587 1586/1586/1586
f 1587/1587/1587 1585/1585/1585 1588/1588/1588
f 1589/1589/1589 1591/1591/1591 1590/1590/1590
f 1591/1591/1591 1589/1589/1589 1592/1592/1592
f 1593/1593/1593 1595/1595/1595 1594/1594/1594
f 1595/1595/1595 1593/1593/1593 1596/1596/1596
f 1597/1597/1597 1599/1599/1599 1598/1598/1598
f 1599/1599/1599 1597/1597/1597 1600/1600/1600
f 1601/1601/1601 1603/1603/1603 1602/1602/1602
f 1603/1603/1603 1601/1601/1601 1604/1604/1604
f 1605/1605/1605 1607/1607/1607 1606/1606/1606
f 1607/1607/1607 1605/1605/1605 1608/1608/1608
o AC_PIT_25_67
usemtl material_0
v -3743.93158 252.342439 -89.999986
v -3743.93158 252.342463 110.000026
v -3602.332306 111.099088 110.000026
v -3602.332306 111.099076 -89.999986
v -3461.444855 535.540724 -89.999998
v -3319.845581 394.297338 -89.999998
v -3319.845581 394.297361 110.000002
v -3461.444855 535.540724 110.000002
v -3743.93158 252.342439 -89.999986
v -3602.332306 111.099076 -89.999986
v -3319.845581 394.297338 -89.999998
v -3461.444855 535.540724 -89.999998
v -3602.332306 111.099076 -89.999986
v -3602.332306 111.099088 110.000026
v -3319.845581 394.297361 110.000002
v -3319.845581 394.297338 -89.999998
v -3602.332306 111.099088 110.000026
v -3743.93158 252.342463 110.000026
v -3461.444855 535.540724 110.000002
v -3319.845581 394.297361 110.000002
v -3743.93158 252.342463 110.000026
v -3743.93158 252.342439 -89.999986
v -3461.444855 535.540724 -89.999998
v -3461.444855 535.540724 110.000002
vt 1 1
vt 1 2
vt 0 2
vt 0 1
vt 0 1
vt 1 1
vt 1 2
vt 0 2
vt 0 1
vt 1 1
vt 1 2
vt 0 2
vt 0 1
vt 1 1
vt 1 2
vt 0 2
vt 0 1
vt 1 1
vt 1 2
vt 0 2
vt 0 1
vt 1 1
vt 1 2
vt 0 2
vn -0.706217 -0.707996 0
vn -0.706217 -0.707996 0
vn -0.706217 -0.707996 0
vn -0.706217 -0.707996 0
vn 0.706217 0.707996 0
vn 0.706217 0.707996 0
vn 0.706217 0.707996 0
vn 0.706217 0.707996 0
vn 0 0 -1
vn 0 0 -1
vn 0 0 -1
vn 0 0 -1
vn 0.707996 -0.706217 0
vn 0.707996 -0.706217 0
vn 0.707996 -0.706217 0
vn 0.707996 -0.706217 0
vn 0 0 1
vn 0 0 1
vn 0 0 1
vn 0 0 1
vn -0.707996 0.706217 0
vn -0.707996 0.706217 0
vn -0.707996 0.706217 0
vn -0.707996 0.706217 0
f 1609/1609/1609 1611/1611/1611 1610/1610/1610
f 1611/1611/1611 1609/1609/1609 1612/1612/1612
f 1613/1613/1613 1615/1615/1615 1614/1614/1614
f 1615/1615/1615 1613/1613/1613 1616/1616/1616
f 1617/1617/1617 1619/1619/1619 1618/1618/1618
f 1619/1619/1619 1617/1617/1617 1620/1620/1620
f 1621/1621/1621 1623/1623/1623 1622/1622/1622
f 1623/1623/1623 1621/1621/1621 1624/1624/1624
f 1625/1625/1625 1627/1627/1627 1626/1626/1626
f 1627/1627/1627 1625/1625/1625 1628/1628/1628
f 1629/1629/1629 1631/1631/1631 1630/1630/1630
f 1631/1631/1631 1629/1629/1629 1632/1632/1632
o AC_PIT_26_68
usemtl material_0
v -5938.481522 -1955.389786 -89.999986
v -5938.481522 -1955.389786 110.000026
v -5796.882248 -2096.633148 110.000026
v -5796.882248 -2096.633148 -89.999986
v -5655.994797 -1672.19162 -89.999998
v -5514.395523 -1813.434982 -89.999998
v -5514.395523 -1813.434982 110.000002
v -5655.994797 -1672.19162 110.000002
v -5938.481522 -1955.389786 -89.999986
v -5796.882248 -2096.633148 -89.999986
v -5514.395523 -1813.434982 -89.999998
v -5655.994797 -1672.19162 -89.999998
v -5796.882248 -2096.633148 -89.999986
v -5796.882248 -2096.633148 110.000026
v -5514.395523 -1813.434982 110.000002
v -5514.395523 -1813.434982 -89.999998
v -5796.882248 -2096.633148 110.000026
v -5938.481522 -1955.389786 110.000026
v -5655.994797 -1672.19162 110.000002
v -5514.395523 -1813.434982 110.000002
v -5938.481522 -1955.389786 110.000026
v -5938.481522 -1955.389786 -89.999986
v -5655.994797 -1672.19162 -89.999998
v -5655.994797 -1672.19162 110.000002
vt 1 1
vt 1 2
vt 0 2
vt 0 1
vt 0 1
vt 1 1
vt 1 2
vt 0 2
vt 0 1
vt 1 1
vt 1 2
vt 0 2
vt 0 1
vt 1 1
vt 1 2
vt 0 2
vt 0 1
vt 1 1
vt 1 2
vt 0 2
vt 0 1
vt 1 1
vt 1 2
vt 0 2
vn -0.706217 -0.707996 0
vn -0.706217 -0.707996 0
vn -0.706217 -0.707996 0
vn -0.706217 -0.707996 0
vn 0.706217 0.707996 0
vn 0.706217 0.707996 0
vn 0.706217 0.707996 0
vn 0.706217 0.707996 0
vn 0 0 -1
vn 0 0 -1
vn 0 0 -1
vn 0 0 -1
vn 0.707996 -0.706217 0
vn 0.707996 -0.706217 0
vn 0.707996 -0.706217 0
vn 0.707996 -0.706217 0
vn 0 0 1
vn 0 0 1
vn 0 0 1
vn 0 0 1
vn -0.707996 0.706217 0
vn -0.707996 0.706217 0
vn -0.707996 0.706217 0
vn -0.707996 0.706217 0
f 1633/1633/1633 1635/1635/1635 1634/1634/1634
f 1635/1635/1635 1633/1633/1633 1636/1636/1636
f 1637/1637/1637 1639/1639/1639 1638/1638/1638
f 1639/1639/1639 1637/1637/1637 1640/1640/1640
f 1641/1641/1641 1643/1643/1643 1642/1642/1642
f 1643/1643/1643 1641/1641/1641 1644/1644/1644
f 1645/1645/1645 1647/1647/1647 1646/1646/1646
f 1647/1647/1647 1645/1645/1645 1648/1648/1648
f 1649/1649/1649 1651/1651/1651 1650/1650/1650
f 1651/1651/1651 1649/1649/1649 1652/1652/1652
f 1653/1653/1653 1655/1655/1655 1654/1654/1654
f 1655/1655/1655 1653/1653/1653 1656/1656/1656
o AC_PIT_27_69
usemtl material_0
v -8012.226105 -4006.56662 -62.607408
v -8012.226105 -4006.56662 137.392604
v -7870.626831 -4147.809982 137.392604
v -7870.626831 -4147.809982 -62.607408
v -7729.73938 -3723.368073 -62.607419
v -7588.140106 -3864.611435 -62.607419
v -7588.140106 -3864.611435 137.392581
v -7729.73938 -3723.368073 137.392581
v -8012.226105 -4006.56662 -62.607408
v -7870.626831 -4147.809982 -62.607408
v -7588.140106 -3864.611435 -62.607419
v -7729.73938 -3723.368073 -62.607419
v -7870.626831 -4147.809982 -62.607408
v -7870.626831 -4147.809982 137.392604
v -7588.140106 -3864.611435 137.392581
v -7588.140106 -3864.611435 -62.607419
v -7870.626831 -4147.809982 137.392604
v -8012.226105 -4006.56662 137.392604
v -7729.73938 -3723.368073 137.392581
v -7588.140106 -3864.611435 137.392581
v -8012.226105 -4006.56662 137.392604
v -8012.226105 -4006.56662 -62.607408
v -7729.73938 -3723.368073 -62.607419
v -7729.73938 -3723.368073 137.392581
vt 1 1
vt 1 2
vt 0 2
vt 0 1
vt 0 1
vt 1 1
vt 1 2
vt 0 2
vt 0 1
vt 1 1
vt 1 2
vt 0 2
vt 0 1
vt 1 1
vt 1 2
vt 0 2
vt 0 1
vt 1 1
vt 1 2
vt 0 2
vt 0 1
vt 1 1
vt 1 2
vt 0 2
vn -0.706217 -0.707996 0
vn -0.706217 -0.707996 0
vn -0.706217 -0.707996 0
vn -0.706217 -0.707996 0
vn 0.706217 0.707996 0
vn 0.706217 0.707996 0
vn 0.706217 0.707996 0
vn 0.706217 0.707996 0
vn 0 0 -1
vn 0 0 -1
vn 0 0 -1
vn 0 0 -1
vn 0.707996 -0.706217 0
vn 0.707996 -0.706217 0
vn 0.707996 -0.706217 0
vn 0.707996 -0.706217 0
vn 0 0 1
vn 0 0 1
vn 0 0 1
vn 0 0 1
vn -0.707996 0.706217 0
vn -0.707996 0.706217 0
vn -0.707996 0.706217 0
vn -0.707996 0.706217 0
f 1657/1657/1657 1659/1659/1659 1658/1658/1658
f 1659/1659/1659 1657/1657/1657 1660/1660/1660
f 1661/1661/1661 1663/1663/1663 1662/1662/1662
f 1663/1663/1663 1661/1661/1661 1664/1664/1664
f 1665/1665/1665 1667/1667/1667 1666/1666/1666
f 1667/1667/1667 1665/1665/1665 1668/1668/1668
f 1669/1669/1669 1671/1671/1671 1670/1670/1670
f 1671/1671/1671 1669/1669/1669 1672/1672/1672
f 1673/1673/1673 1675/1675/1675 1674/1674/1674
f 1675/1675/1675 1673/1673/1673 1676/1676/1676
f 1677/1677/1677 1679/1679/1679 1678/1678/1678
f 1679/1679/1679 1677/1677/1677 1680/1680/1680
o AC_PIT_20_70
usemtl material_0
v 6787.093353 10768.32428 -89.999986
v 6787.093353 10768.32428 110.000026
v 6928.692627 10627.080536 110.000026
v 6928.692627 10627.080536 -89.999986
v 7069.580078 11051.522064 -89.999998
v 7211.179352 10910.279083 -89.999998
v 7211.179352 10910.279083 110.000002
v 7069.580078 11051.522064 110.000002
v 6787.093353 10768.32428 -89.999986
v 6928.692627 10627.080536 -89.999986
v 7211.179352 10910.279083 -89.999998
v 7069.580078 11051.522064 -89.999998
v 6928.692627 10627.080536 -89.999986
v 6928.692627 10627.080536 110.000026
v 7211.179352 10910.279083 110.000002
v 7211.179352 10910.279083 -89.999998
v 6928.692627 10627.080536 110.000026
v 6787.093353 10768.32428 110.000026
v 7069.580078 11051.522064 110.000002
v 7211.179352 10910.279083 110.000002
v 6787.093353 10768.32428 110.000026
v 6787.093353 10768.32428 -89.999986
v 7069.580078 11051.522064 -89.999998
v 7069.580078 11051.522064 110.000002
vt 1 1
vt 1 2
vt 0 2
vt 0 1
vt 0 1
vt 1 1
vt 1 2
vt 0 2
vt 0 1
vt 1 1
vt 1 2
vt 0 2
vt 0 1
vt 1 1
vt 1 2
vt 0 2
vt 0 1
vt 1 1
vt 1 2
vt 0 2
vt 0 1
vt 1 1
vt 1 2
vt 0 2
vn -0.706217 -0.707996 0
vn -0.706217 -0.707996 0
vn -0.706217 -0.707996 0
vn -0.706217 -0.707996 0
vn 0.706217 0.707996 0
vn 0.706217 0.707996 0
vn 0.706217 0.707996 0
vn 0.706217 0.707996 0
vn 0 0 -1
vn 0 0 -1
vn 0 0 -1
vn 0 0 -1
vn 0.707996 -0.706217 0
vn 0.707996 -0.706217 0
vn 0.707996 -0.706217 0
vn 0.707996 -0.706217 0
vn 0 0 1
vn 0 0 1
vn 0 0 1
vn 0 0 1
vn -0.707996 0.706217 0
vn -0.707996 0.706217 0
vn -0.707996 0.706217 0
vn -0.707996 0.706217 0
f 1681/1681/1681 1683/1683/1683 1682/1682/1682
f 1683/1683/1683 1681/1681/1681 1684/1684/1684
f 1685/1685/1685 1687/1687/1687 1686/1686/1686
f 1687/1687/1687 1685/1685/1685 1688/1688/1688
f 1689/1689/1689 1691/1691/1691 1690/1690/1690
f 1691/1691/1691 1689/1689/1689 1692/1692/1692
f 1693/1693/1693 1695/1695/1695 1694/1694/1694
f 1695/1695/1695 1693/1693/1693 1696/1696/1696
f 1697/1697/1697 1699/1699/1699 1698/1698/1698
f 1699/1699/1699 1697/1697/1697 1700/1700/1700
f 1701/1701/1701 1703/1703/1703 1702/1702/1702
f 1703/1703/1703 1701/1701/1701 1704/1704/1704
o AC_PIT_29_71
usemtl material_0
v 4184.850311 8189.442444 -89.999986
v 4184.850311 8189.442444 110.000026
v 4326.449585 8048.1987 110.000026
v 4326.449585 8048.1987 -89.999986
v 4467.337036 8472.640228 -89.999998
v 4608.93631 8331.397247 -89.999998
v 4608.93631 8331.397247 110.000002
v 4467.337036 8472.640228 110.000002
v 4184.850311 8189.442444 -89.999986
v 4326.449585 8048.1987 -89.999986
v 4608.93631 8331.397247 -89.999998
v 4467.337036 8472.640228 -89.999998
v 4326.449585 8048.1987 -89.999986
v 4326.449585 8048.1987 110.000026
v 4608.93631 8331.397247 110.000002
v 4608.93631 8331.397247 -89.999998
v 4326.449585 8048.1987 110.000026
v 4184.850311 8189.442444 110.000026
v 4467.337036 8472.640228 110.000002
v 4608.93631 8331.397247 110.000002
v 4184.850311 8189.442444 110.000026
v 4184.850311 8189.442444 -89.999986
v 4467.337036 8472.640228 -89.999998
v 4467.337036 8472.640228 110.000002
vt 1 1
vt 1 2
vt 0 2
vt 0 1
vt 0 1
vt 1 1
vt 1 2
vt 0 2
vt 0 1
vt 1 1
vt 1 2
vt 0 2
vt 0 1
vt 1 1
vt 1 2
vt 0 2
vt 0 1
vt 1 1
vt 1 2
vt 0 2
vt 0 1
vt 1 1
vt 1 2
vt 0 2
vn -0.706217 -0.707996 0
vn -0.706217 -0.707996 0
vn -0.706217 -0.707996 0
vn -0.706217 -0.707996 0
vn 0.706217 0.707996 0
vn 0.706217 0.707996 0
vn 0.706217 0.707996 0
vn 0.706217 0.707996 0
vn 0 0 -1
vn 0 0 -1
vn 0 0 -1
vn 0 0 -1
vn 0.707996 -0.706217 0
vn 0.707996 -0.706217 0
vn 0.707996 -0.706217 0
vn 0.707996 -0.706217 0
vn 0 0 1
vn 0 0 1
vn 0 0 1
vn 0 0 1
vn -0.707996 0.706217 0
vn -0.707996 0.706217 0
vn -0.707996 0.706217 0
vn -0.707996 0.706217 0
f 1705/1705/1705 1707/1707/1707 1706/1706/1706
f 1707/1707/1707 1705/1705/1705 1708/1708/1708
f 1709/1709/1709 1711/1711/1711 1710/1710/1710
f 1711/1711/1711 1709/1709/1709 1712/1712/1712
f 1713/1713/1713 1715/1715/1715 1714/1714/1714
f 1715/1715/1715 1713/1713/1713 1716/1716/1716
f 1717/1717/1717 1719/1719/1719 1718/1718/1718
f 1719/1719/1719 1717/1717/1717 1720/1720/1720
f 1721/1721/1721 1723/1723/1723 1722/1722/1722
f 1723/1723/1723 1721/1721/1721 1724/1724/1724
f 1725/1725/1725 1727/1727/1727 1726/1726/1726
f 1727/1727/1727 1725/1725/1725 1728/1728/1728
o AC_PIT_30_72
usemtl material_0
v -334.218907 3676.864243 -89.999986
v -334.218907 3676.864243 110.000026
v -192.619777 3535.62088 110.000026
v -192.619777 3535.62088 -89.999986
v -51.732183 3960.06279 -89.999998
v 89.866948 3818.819427 -89.999998
v 89.866954 3818.819427 110.000002
v -51.732177 3960.06279 110.000002
v -334.218907 3676.864243 -89.999986
v -192.619777 3535.62088 -89.999986
v 89.866948 3818.819427 -89.999998
v -51.732183 3960.06279 -89.999998
v -192.619777 3535.62088 -89.999986
v -192.619777 3535.62088 110.000026
v 89.866954 3818.819427 110.000002
v 89.866948 3818.819427 -89.999998
v -192.619777 3535.62088 110.000026
v -334.218907 3676.864243 110.000026
v -51.732177 3960.06279 110.000002
v 89.866954 3818.819427 110.000002
v -334.218907 3676.864243 110.000026
v -334.218907 3676.864243 -89.999986
v -51.732183 3960.06279 -89.999998
v -51.732177 3960.06279 110.000002
vt 1 1
vt 1 2
vt 0 2
vt 0 1
vt 0 1
vt 1 1
vt 1 2
vt 0 2
vt 0 1
vt 1 1
vt 1 2
vt 0 2
vt 0 1
vt 1 1
vt 1 2
vt 0 2
vt 0 1
vt 1 1
vt 1 2
vt 0 2
vt 0 1
vt 1 1
vt 1 2
vt 0 2
vn -0.706217 -0.707996 0
vn -0.706217 -0.707996 0
vn -0.706217 -0.707996 0
vn -0.706217 -0.707996 0
vn 0.706217 0.707996 0
vn 0.706217 0.707996 0
vn 0.706217 0.707996 0
vn 0.706217 0.707996 0
vn 0 0 -1
vn 0 0 -1
vn 0 0 -1
vn 0 0 -1
vn 0.707996 -0.706217 0
vn 0.707996 -0.706217 0
vn 0.707996 -0.706217 0
vn 0.707996 -0.706217 0
vn 0 0 1
vn 0 0 1
vn 0 0 1
vn 0 0 1
vn -0.707996 0.706217 0
vn -0.707996 0.706217 0
vn -0.707996 0.706217 0
vn -0.707996 0.706217 0
f 1729/1729/1729 1731/1731/1731 1730/1730/1730
f 1731/1731/1731 1729/1729/1729 1732/1732/1732
f 1733/1733/1733 1735/1735/1735 1734/1734/1734
f 1735/1735/1735 1733/1733/1733 1736/1736/1736
f 1737/1737/1737 1739/1739/1739 1738/1738/1738
f 1739/1739/1739 1737/1737/1737 1740/1740/1740
f 1741/1741/1741 1743/1743/1743 1742/1742/1742
f 1743/1743/1743 1741/1741/1741 1744/1744/1744
f 1745/1745/1745 1747/1747/1747 1746/1746/1746
f 1747/1747/1747 1745/1745/1745 1748/1748/1748
f 1749/1749/1749 1751/1751/1751 1750/1750/1750
f 1751/1751/1751 1749/1749/1749 1752/1752/1752
o AC_PIT_31_73
usemtl material_0
v -2617.58461 1374.98455 -89.999986
v -2617.58461 1374.98455 110.000026
v -2475.985336 1233.741188 110.000026
v -2475.985336 1233.741188 -89.999986
v -2335.097885 1658.182716 -89.999998
v -2193.498611 1516.939449 -89.999998
v -2193.498611 1516.939449 110.000002
v -2335.097885 1658.182716 110.000002
v -2617.58461 1374.98455 -89.999986
v -2475.985336 1233.741188 -89.999986
v -2193.498611 1516.939449 -89.999998
v -2335.097885 1658.182716 -89.999998
v -2475.985336 1233.741188 -89.999986
v -2475.985336 1233.741188 110.000026
v -2193.498611 1516.939449 110.000002
v -2193.498611 1516.939449 -89.999998
v -2475.985336 1233.741188 110.000026
v -2617.58461 1374.98455 110.000026
v -2335.097885 1658.182716 110.000002
v -2193.498611 1516.939449 110.000002
v -2617.58461 1374.98455 110.000026
v -2617.58461 1374.98455 -89.999986
v -2335.097885 1658.182716 -89.999998
v -2335.097885 1658.182716 110.000002
vt 1 1
vt 1 2
vt 0 2
vt 0 1
vt 0 1
vt 1 1
vt 1 2
vt 0 2
vt 0 1
vt 1 1
vt 1 2
vt 0 2
vt 0 1
vt 1 1
vt 1 2
vt 0 2
vt 0 1
vt 1 1
vt 1 2
vt 0 2
vt 0 1
vt 1 1
vt 1 2
vt 0 2
vn -0.706217 -0.707996 0
vn -0.706217 -0.707996 0
vn -0.706217 -0.707996 0
vn -0.706217 -0.707996 0
vn 0.706217 0.707996 0
vn 0.706217 0.707996 0
vn 0.706217 0.707996 0
vn 0.706217 0.707996 0
vn 0 0 -1
vn 0 0 -1
vn 0 0 -1
vn 0 0 -1
vn 0.707996 -0.706217 0
vn 0.707996 -0.706217 0
vn 0.707996 -0.706217 0
vn 0.707996 -0.706217 0
vn 0 0 1
vn 0 0 1
vn 0 0 1
vn 0 0 1
vn -0.707996 0.706217 0
vn -0.707996 0.706217 0
vn -0.707996 0.706217 0
vn -0.707996 0.706217 0
f 1753/1753/1753 1755/1755/1755 1754/1754/1754
f 1755/1755/1755 1753/1753/1753 1756/1756/1756
f 1757/1757/1757 1759/1759/1759 1758/1758/1758
f 1759/1759/1759 1757/1757/1757 1760/1760/1760
f 1761/1761/1761 1763/1763/1763 1762/1762/1762
f 1763/1763/1763 1761/1761/1761 1764/1764/1764
f 1765/1765/1765 1767/1767/1767 1766/1766/1766
f 1767/1767/1767 1765/1765/1765 1768/1768/1768
f 1769/1769/1769 1771/1771/1771 1770/1770/1770
f 1771/1771/1771 1769/1769/1769 1772/1772/1772
f 1773/1773/1773 1775/1775/1775 1774/1774/1774
f 1775/1775/1775 1773/1773/1773 1776/1776/1776
o AC_PIT_32_74
usemtl material_0
v -4869.264984 -868.664742 -89.999986
v -4869.264984 -868.664742 110.000026
v -4727.66571 -1009.908104 110.000026
v -4727.66571 -1009.908104 -89.999986
v -4586.778259 -585.46648 -89.999998
v -4445.178986 -726.709843 -89.999998
v -4445.178986 -726.709843 110.000002
v -4586.778259 -585.46648 110.000002
v -4869.264984 -868.664742 -89.999986
v -4727.66571 -1009.908104 -89.999986
v -4445.178986 -726.709843 -89.999998
v -4586.778259 -585.46648 -89.999998
v -4727.66571 -1009.908104 -89.999986
v -4727.66571 -1009.908104 110.000026
v -4445.178986 -726.709843 110.000002
v -4445.178986 -726.709843 -89.999998
v -4727.66571 -1009.908104 110.000026
v -4869.264984 -868.664742 110.000026
v -4586.778259 -585.46648 110.000002
v -4445.178986 -726.709843 110.000002
v -4869.264984 -868.664742 110.000026
v -4869.264984 -868.664742 -89.999986
v -4586.778259 -585.46648 -89.999998
v -4586.778259 -585.46648 110.000002
vt 1 1
vt 1 2
vt 0 2
vt 0 1
vt 0 1
vt 1 1
vt 1 2
vt 0 2
vt 0 1
vt 1 1
vt 1 2
vt 0 2
vt 0 1
vt 1 1
vt 1 2
vt 0 2
vt 0 1
vt 1 1
vt 1 2
vt 0 2
vt 0 1
vt 1 1
vt 1 2
vt 0 2
vn -0.706217 -0.707996 0
vn -0.706217 -0.707996 0
vn -0.706217 -0.707996 0
vn -0.706217 -0.707996 0
vn 0.706217 0.707996 0
vn 0.706217 0.707996 0
vn 0.706217 0.707996 0
vn 0.706217 0.707996 0
vn 0 0 -1
vn 0 0 -1
vn 0 0 -1
vn 0 0 -1
vn 0.707996 -0.706217 0
vn 0.707996 -0.706217 0
vn 0.707996 -0.706217 0
vn 0.707996 -0.706217 0
vn 0 0 1
vn 0 0 1
vn 0 0 1
vn 0 0 1
vn -0.707996 0.706217 0
vn -0.707996 0.706217 0
vn -0.707996 0.706217 0
vn -0.707996 0.706217 0
f 1777/1777/1777 1779/1779/1779 1778/1778/1778
f 1779/1779/1779 1777/1777/1777 1780/1780/1780
f 1781/1781/1781 1783/1783/1783 1782/1782/1782
f 1783/1783/1783 1781/1781/1781 1784/1784/1784
f 1785/1785/1785 1787/1787/1787 1786/1786/1786
f 1787/1787/1787 1785/1785/1785 1788/1788/1788
f 1789/1789/1789 1791/1791/1791 1790/1790/1790
f 1791/1791/1791 1789/1789/1789 1792/1792/1792
f 1793/1793/1793 1795/1795/1795 1794/1794/1794
f 1795/1795/1795 1793/1793/1793 1796/1796/1796
f 1797/1797/1797 1799/1799/1799 1798/1798/1798
f 1799/1799/1799 1797/1797/1797 1800/1800/1800
o AC_PIT_33_75
usemtl material_0
v -6979.50592 -3004.197502 -89.999986
v -6979.50592 -3004.197502 110.000026
v -6837.906647 -3145.440865 110.000026
v -6837.906647 -3145.440865 -89.999986
v -6697.019196 -2720.999336 -89.999998
v -6555.419922 -2862.242699 -89.999998
v -6555.419922 -2862.242699 110.000002
v -6697.019196 -2720.999336 110.000002
v -6979.50592 -3004.197502 -89.999986
v -6837.906647 -3145.440865 -89.999986
v -6555.419922 -2862.242699 -89.999998
v -6697.019196 -2720.999336 -89.999998
v -6837.906647 -3145.440865 -89.999986
v -6837.906647 -3145.440865 110.000026
v -6555.419922 -2862.242699 110.000002
v -6555.419922 -2862.242699 -89.999998
v -6837.906647 -3145.440865 110.000026
v -6979.50592 -3004.197502 110.000026
v -6697.019196 -2720.999336 110.000002
v -6555.419922 -2862.242699 110.000002
v -6979.50592 -3004.197502 110.000026
v -6979.50592 -3004.197502 -89.999986
v -6697.019196 -2720.999336 -89.999998
v -6697.019196 -2720.999336 110.000002
vt 1 1
vt 1 2
vt 0 2
vt 0 1
vt 0 1
vt 1 1
vt 1 2
vt 0 2
vt 0 1
vt 1 1
vt 1 2
vt 0 2
vt 0 1
vt 1 1
vt 1 2
vt 0 2
vt 0 1
vt 1 1
vt 1 2
vt 0 2
vt 0 1
vt 1 1
vt 1 2
vt 0 2
vn -0.706217 -0.707996 0
vn -0.706217 -0.707996 0
vn -0.706217 -0.707996 0
vn -0.706217 -0.707996 0
vn 0.706217 0.707996 0
vn 0.706217 0.707996 0
vn 0.706217 0.707996 0
vn 0.706217 0.707996 0
vn 0 0 -1
vn 0 0 -1
vn 0 0 -1
vn 0 0 -1
vn 0.707996 -0.706217 0
vn 0.707996 -0.706217 0
vn 0.707996 -0.706217 0
vn 0.707996 -0.706217 0
vn 0 0 1
vn 0 0 1
vn 0 0 1
vn 0 0 1
vn -0.707996 0.706217 0
vn -0.707996 0.706217 0
vn -0.707996 0.706217 0
vn -0.707996 0.706217 0
f 1801/1801/1801 1803/1803/1803 1802/1802/1802
f 1803/1803/1803 1801/1801/1801 1804/1804/1804
f 1805/1805/1805 1807/1807/1807 1806/1806/1806
f 1807/1807/1807 1805/1805/1805 1808/1808/1808
f 1809/1809/1809 1811/1811/1811 1810/1810/1810
f 1811/1811/1811 1809/1809/1809 1812/1812/1812
f 1813/1813/1813 1815/1815/1815 1814/1814/1814
f 1815/1815/1815 1813/1813/1813 1816/1816/1816
f 1817/1817/1817 1819/1819/1819 1818/1818/1818
f 1819/1819/1819 1817/1817/1817 1820/1820/1820
f 1821/1821/1821 1823/1823/1823 1822/1822/1822
f 1823/1823/1823 1821/1821/1821 1824/1824/1824
o AC_PIT_34_76
usemtl material_0
v 8916.963196 12903.65448 -89.999986
v 8916.963196 12903.65448 110.000026
v 9059.906769 12763.77182 110.000026
v 9059.906769 12763.77182 -89.999986
v 9196.727753 13189.541626 -89.999998
v 9339.671326 13049.659729 -89.999998
v 9339.671326 13049.659729 110.000002
v 9196.727753 13189.541626 110.000002
v 8916.963196 12903.65448 -89.999986
v 9059.906769 12763.77182 -89.999986
v 9339.671326 13049.659729 -89.999998
v 9196.727753 13189.541626 -89.999998
v 9059.906769 12763.77182 -89.999986
v 9059.906769 12763.77182 110.000026
v 9339.671326 13049.659729 110.000002
v 9339.671326 13049.659729 -89.999998
v 9059.906769 12763.77182 110.000026
v 8916.963196 12903.65448 110.000026
v 9196.727753 13189.541626 110.000002
v 9339.671326 13049.659729 110.000002
v 8916.963196 12903.65448 110.000026
v 8916.963196 12903.65448 -89.999986
v 9196.727753 13189.541626 -89.999998
v 9196.727753 13189.541626 110.000002
vt 1 1
vt 1 2
vt 0 2
vt 0 1
vt 0 1
vt 1 1
vt 1 2
vt 0 2
vt 0 1
vt 1 1
vt 1 2
vt 0 2
vt 0 1
vt 1 1
vt 1 2
vt 0 2
vt 0 1
vt 1 1
vt 1 2
vt 0 2
vt 0 1
vt 1 1
vt 1 2
vt 0 2
vn -0.699412 -0.714719 0
vn -0.699412 -0.714719 0
vn -0.699412 -0.714719 0
vn -0.699412 -0.714719 0
vn 0.699412 0.714719 0
vn 0.699412 0.714719 0
vn 0.699412 0.714719 0
vn 0.699412 0.714719 0
vn 0 0 -1
vn 0 0 -1
vn 0 0 -1
vn 0 0 -1
vn 0.714719 -0.699412 0
vn 0.714719 -0.699412 0
vn 0.714719 -0.699412 0
vn 0.714719 -0.699412 0
vn 0 0 1
vn 0 0 1
vn 0 0 1
vn 0 0 1
vn -0.714719 0.699412 0
vn -0.714719 0.699412 0
vn -0.714719 0.699412 0
vn -0.714719 0.699412 0
f 1825/1825/1825 1827/1827/1827 1826/1826/1826
f 1827/1827/1827 1825/1825/1825 1828/1828/1828
f 1829/1829/1829 1831/1831/1831 1830/1830/1830
f 1831/1831/1831 1829/1829/1829 1832/1832/1832
f 1833/1833/1833 1835/1835/1835 1834/1834/1834
f 1835/1835/1835 1833/1833/1833 1836/1836/1836
f 1837/1837/1837 1839/1839/1839 1838/1838/1838
f 1839/1839/1839 1837/1837/1837 1840/1840/1840
f 1841/1841/1841 1843/1843/1843 1842/1842/1842
f 1843/1843/1843 1841/1841/1841 1844/1844/1844
f 1845/1845/1845 1847/1847/1847 1846/1846/1846
f 1847/1847/1847 1845/1845/1845 1848/1848/1848
o AC_PIT_16_77
usemtl material_0
v -9337.671661 -5323.950958 -63.217759
v -9337.671661 -5323.950958 136.782253
v -9196.072388 -5465.194321 136.782253
v -9196.072388 -5465.194321 -63.217759
v -9055.184937 -5040.752411 -63.217771
v -8913.585663 -5181.995773 -63.217771
v -8913.585663 -5181.995773 136.782229
v -9055.184937 -5040.752411 136.782229
v -9337.671661 -5323.950958 -63.217759
v -9196.072388 -5465.194321 -63.217759
v -8913.585663 -5181.995773 -63.217771
v -9055.184937 -5040.752411 -63.217771
v -9196.072388 -5465.194321 -63.217759
v -9196.072388 -5465.194321 136.782253
v -8913.585663 -5181.995773 136.782229
v -8913.585663 -5181.995773 -63.217771
v -9196.072388 -5465.194321 136.782253
v -9337.671661 -5323.950958 136.782253
v -9055.184937 -5040.752411 136.782229
v -8913.585663 -5181.995773 136.782229
v -9337.671661 -5323.950958 136.782253
v -9337.671661 -5323.950958 -63.217759
v -9055.184937 -5040.752411 -63.217771
v -9055.184937 -5040.752411 136.782229
vt 1 1
vt 1 2
vt 0 2
vt 0 1
vt 0 1
vt 1 1
vt 1 2
vt 0 2
vt 0 1
vt 1 1
vt 1 2
vt 0 2
vt 0 1
vt 1 1
vt 1 2
vt 0 2
vt 0 1
vt 1 1
vt 1 2
vt 0 2
vt 0 1
vt 1 1
vt 1 2
vt 0 2
vn -0.706217 -0.707996 0
vn -0.706217 -0.707996 0
vn -0.706217 -0.707996 0
vn -0.706217 -0.707996 0
vn 0.706217 0.707996 0
vn 0.706217 0.707996 0
vn 0.706217 0.707996 0
vn 0.706217 0.707996 0
vn 0 0 -1
vn 0 0 -1
vn 0 0 -1
vn 0 0 -1
vn 0.707996 -0.706217 0
vn 0.707996 -0.706217 0
vn 0.707996 -0.706217 0
vn 0.707996 -0.706217 0
vn 0 0 1
vn 0 0 1
vn 0 0 1
vn 0 0 1
vn -0.707996 0.706217 0
vn -0.707996 0.706217 0
vn -0.707996 0.706217 0
vn -0.707996 0.706217 0
f 1849/1849/1849 1851/1851/1851 1850/1850/1850
f 1851/1851/1851 1849/1849/1849 1852/1852/1852
f 1853/1853/1853 1855/1855/1855 1854/1854/1854
f 1855/1855/1855 1853/1853/1853 1856/1856/1856
f 1857/1857/1857 1859/1859/1859 1858/1858/1858
f 1859/1859/1859 1857/1857/1857 1860/1860/1860
f 1861/1861/1861 1863/1863/1863 1862/1862/1862
f 1863/1863/1863 1861/1861/1861 1864/1864/1864
f 1865/1865/1865 1867/1867/1867 1866/1866/1866
f 1867/1867/1867 1865/1865/1865 1868/1868/1868
f 1869/1869/1869 1871/1871/1871 1870/1870/1870
f 1871/1871/1871 1869/1869/1869 1872/1872/1872
o AC_PIT_5_78
usemtl material_0
v 8553.503418 12560.68573 -89.999986
v 8553.503418 12560.68573 110.000026
v 8695.102692 12419.441986 110.000026
v 8695.102692 12419.441986 -89.999986
v 8835.990143 12843.884277 -89.999998
v 8977.589417 12702.640533 -89.999998
v 8977.589417 12702.640533 110.000002
v 8835.990143 12843.884277 110.000002
v 8553.503418 12560.68573 -89.999986
v 8695.102692 12419.441986 -89.999986
v 8977.589417 12702.640533 -89.999998
v 8835.990143 12843.884277 -89.999998
v 8695.102692 12419.441986 -89.999986
v 8695.102692 12419.441986 110.000026
v 8977.589417 12702.640533 110.000002
v 8977.589417 12702.640533 -89.999998
v 8695.102692 12419.441986 110.000026
v 8553.503418 12560.68573 110.000026
v 8835.990143 12843.884277 110.000002
v 8977.589417 12702.640533 110.000002
v 8553.503418 12560.68573 110.000026
v 8553.503418 12560.68573 -89.999986
v 8835.990143 12843.884277 -89.999998
v 8835.990143 12843.884277 110.000002
vt 1 1
vt 1 2
vt 0 2
vt 0 1
vt 0 1
vt 1 1
vt 1 2
vt 0 2
vt 0 1
vt 1 1
vt 1 2
vt 0 2
vt 0 1
vt 1 1
vt 1 2
vt 0 2
vt 0 1
vt 1 1
vt 1 2
vt 0 2
vt 0 1
vt 1 1
vt 1 2
vt 0 2
vn -0.706217 -0.707996 0
vn -0.706217 -0.707996 0
vn -0.706217 -0.707996 0
vn -0.706217 -0.707996 0
vn 0.706217 0.707996 0
vn 0.706217 0.707996 0
vn 0.706217 0.707996 0
vn 0.706217 0.707996 0
vn 0 0 -1
vn 0 0 -1
vn 0 0 -1
vn 0 0 -1
vn 0.707996 -0.706217 0
vn 0.707996 -0.706217 0
vn 0.707996 -0.706217 0
vn 0.707996 -0.706217 0
vn 0 0 1
vn 0 0 1
vn 0 0 1
vn 0 0 1
vn -0.707996 0.706217 0
vn -0.707996 0.706217 0
vn -0.707996 0.706217 0
vn -0.707996 0.706217 0
f 1873/1873/1873 1875/1875/1875 1874/1874/1874
f 1875/1875/1875 1873/1873/1873 1876/1876/1876
f 1877/1877/1877 1879/1879/1879 1878/1878/1878
f 1879/1879/1879 1877/1877/1877 1880/1880/1880
f 1881/1881/1881 1883/1883/1883 1882/1882/1882
f 1883/1883/1883 1881/1881/1881 1884/1884/1884
f 1885/1885/1885 1887/1887/1887 1886/1886/1886
f 1887/1887/1887 1885/1885/1885 1888/1888/1888
f 1889/1889/1889 1891/1891/1891 1890/1890/1890
f 1891/1891/1891 1889/1889/1889 1892/1892/1892
f 1893/1893/1893 1895/1895/1895 1894/1894/1894
f 1895/1895/1895 1893/1893/1893 1896/1896/1896
