-117.1089,0.1868,36.8706,0.000144
-116.7364,0.1862,36.4899,0.000276
-116.3655,0.1856,36.1113,0.000408
-115.9911,0.1849,35.7294,0.000544
-115.6156,0.1844,35.3465,0.000674
-115.2389,0.1842,34.9629,0.000813
-114.8599,0.1840,34.5773,0.000942
-114.4801,0.1837,34.1914,0.001078
-114.0990,0.1833,33.8044,0.001215
-113.7166,0.1829,33.4165,0.001349
-113.3319,0.1822,33.0261,0.001486
-112.9461,0.1810,32.6353,0.001622
-112.5570,0.1801,32.2413,0.001759
-112.1665,0.1792,31.8464,0.001897
-111.7756,0.1780,31.4514,0.002033
-111.3813,0.1763,31.0534,0.002172
-110.9851,0.1743,30.6539,0.002313
-110.5876,0.1721,30.2533,0.002449
-110.1892,0.1696,29.8520,0.002593
-109.7868,0.1671,29.4472,0.002734
-109.3846,0.1644,29.0426,0.002875
-108.9788,0.1619,28.6352,0.003016
-108.5701,0.1591,28.2246,0.003163
-108.1623,0.1567,27.8149,0.003306
-107.7494,0.1541,27.4001,0.003452
-107.3355,0.1517,26.9848,0.003595
-106.9213,0.1493,26.5691,0.003739
-106.5051,0.1471,26.1515,0.003888
-106.0806,0.1448,25.7252,0.004035
-105.6655,0.1424,25.3083,0.004182
-105.2414,0.1402,24.8824,0.004329
-104.8180,0.1381,24.4572,0.004479
-104.3937,0.1360,24.0313,0.004627
-103.9646,0.1339,23.6005,0.004783
-103.5347,0.1319,23.1687,0.004931
-103.1043,0.1297,22.7366,0.005086
-102.6699,0.1276,22.3004,0.005237
-102.2353,0.1252,21.8639,0.005391
-101.7994,0.1228,21.4259,0.005545
-101.3608,0.1203,20.9851,0.005699
-100.9206,0.1178,20.5429,0.005854
-100.4784,0.1156,20.0987,0.006009
-100.0335,0.1134,19.6517,0.006169
-99.5880,0.1111,19.2037,0.006324
-99.1413,0.1080,18.7548,0.006481
-98.6929,0.1047,18.3038,0.006639
-98.2416,0.1013,17.8497,0.006803
-97.7910,0.0967,17.3967,0.006960
-97.3361,0.0916,16.9399,0.007119
-96.8810,0.0867,16.4835,0.007281
-96.4223,0.0822,16.0239,0.007442
-95.9600,0.0777,15.5612,0.007602
-95.4988,0.0731,15.1000,0.007765
-95.0372,0.0692,14.6386,0.007929
-94.5729,0.0654,14.1743,0.008092
-94.1097,0.0619,13.7112,0.008256
-93.6391,0.0588,13.2404,0.008421
-93.1801,0.0560,12.7807,0.008583
-92.7149,0.0535,12.3138,0.008756
-92.2510,0.0511,11.8468,0.008965
-91.7873,0.0482,11.3784,0.009065
-90.3967,0.0377,9.9702,0.009580
-89.9317,0.0332,9.5005,0.009721
-89.4650,0.0289,9.0298,0.010213
-88.5298,0.0209,8.0880,0.010221
-88.0606,0.0179,7.6162,0.010339
-87.5918,0.0153,7.1449,0.010554
-87.1226,0.0127,6.6735,0.010726
-86.6530,0.0102,6.2020,0.010890
-86.1817,0.0075,5.7291,0.011056
-85.7121,0.0043,5.2580,0.011224
-85.2411,0.0011,4.7863,0.011386
-84.7700,-0.0028,4.3139,0.011554
-84.2987,-0.0067,3.8411,0.011721
-83.8279,-0.0102,3.3685,0.011886
-83.3570,-0.0137,2.8958,0.012050
-82.8880,-0.0165,2.4248,0.012218
-82.4176,-0.0193,1.9528,0.012385
-81.9464,-0.0218,1.4812,0.012552
-81.4760,-0.0240,1.0118,0.012714
-81.0025,-0.0261,0.5406,0.012880
-80.5285,-0.0282,0.0700,0.013046
-80.0564,-0.0303,-0.3984,0.013213
-79.5834,-0.0326,-0.8681,0.013378
-79.1112,-0.0349,-1.3377,0.013544
-78.6397,-0.0374,-1.8067,0.013710
-78.1675,-0.0399,-2.2769,0.013875
-77.6944,-0.0426,-2.7482,0.014042
-77.2224,-0.0450,-3.2187,0.014206
-76.7502,-0.0474,-3.6896,0.014374
-76.2777,-0.0493,-4.1607,0.014539
-75.8033,-0.0513,-4.6344,0.014708
-75.3327,-0.0533,-5.1050,0.014873
-74.8620,-0.0552,-5.5768,0.015038
-74.3907,-0.0568,-6.0498,0.015205
-73.9190,-0.0587,-6.5242,0.015373
-73.4490,-0.0605,-6.9978,0.015540
-72.9790,-0.0623,-7.4724,0.015704
-72.5089,-0.0640,-7.9480,0.015871
-72.0381,-0.0657,-8.4251,0.016038
-71.5690,-0.0675,-8.9003,0.016204
-71.0974,-0.0694,-9.3774,0.016371
-70.6263,-0.0711,-9.8532,0.016536
-70.1553,-0.0729,-10.3286,0.016705
-69.6826,-0.0751,-10.8050,0.016872
-69.2115,-0.0771,-11.2795,0.017037
-68.7372,-0.0791,-11.7568,0.017205
-68.2644,-0.0809,-12.2325,0.017371
-67.7909,-0.0826,-12.7085,0.017539
-67.3161,-0.0841,-13.1858,0.017706
-66.8421,-0.0851,-13.6622,0.017873
-66.3672,-0.0858,-14.1393,0.018039
-65.8917,-0.0864,-14.6169,0.018207
-65.4158,-0.0866,-15.0946,0.018375
-64.9399,-0.0863,-15.5721,0.018541
-64.4641,-0.0859,-16.0493,0.018709
-63.9861,-0.0856,-16.5281,0.018878
-63.5102,-0.0850,-17.0048,0.019047
-63.0326,-0.0847,-17.4828,0.019214
-62.5541,-0.0846,-17.9620,0.019384
-62.0757,-0.0845,-18.4413,0.019551
-61.5981,-0.0844,-18.9195,0.019721
-61.1203,-0.0844,-19.3983,0.019887
-60.6412,-0.0841,-19.8784,0.020057
-60.1635,-0.0833,-20.3572,0.020222
-59.6833,-0.0824,-20.8387,0.020392
-59.2041,-0.0813,-21.3191,0.020560
-58.7245,-0.0798,-21.7999,0.020728
-58.2442,-0.0779,-22.2815,0.020898
-57.7628,-0.0758,-22.7638,0.021068
-57.2825,-0.0738,-23.2452,0.021236
-56.8024,-0.0719,-23.7263,0.021407
-56.3206,-0.0702,-24.2090,0.021574
-55.8395,-0.0686,-24.6910,0.021745
-55.3567,-0.0669,-25.1746,0.021915
-54.8743,-0.0653,-25.6580,0.022085
-54.3925,-0.0636,-26.1407,0.022253
-53.9087,-0.0624,-26.6255,0.022424
-53.4248,-0.0614,-27.1102,0.022594
-52.9419,-0.0605,-27.5943,0.022762
-52.4610,-0.0608,-28.0760,0.022932
-51.9760,-0.0611,-28.5616,0.023100
-51.4918,-0.0616,-29.0468,0.023271
-51.0086,-0.0618,-29.5308,0.023441
-50.5225,-0.0613,-30.0177,0.023613
-50.0372,-0.0605,-30.5039,0.023784
-49.5533,-0.0593,-30.9884,0.023953
-49.0671,-0.0579,-31.4743,0.024123
-48.5810,-0.0567,-31.9597,0.024297
-48.0951,-0.0557,-32.4444,0.024466
-47.6062,-0.0550,-32.9314,0.024635
-47.1188,-0.0548,-33.4167,0.024807
-46.6313,-0.0548,-33.9017,0.024979
-46.1415,-0.0546,-34.3887,0.025150
-45.6530,-0.0543,-34.8738,0.025321
-45.1640,-0.0540,-35.3593,0.025491
-44.6741,-0.0533,-35.8449,0.025662
-44.1844,-0.0529,-36.3300,0.025831
-43.6939,-0.0523,-36.8153,0.026003
-43.2003,-0.0518,-37.3033,0.026177
-42.7112,-0.0514,-37.7869,0.026347
-42.2186,-0.0510,-38.2743,0.026520
-41.7270,-0.0507,-38.7610,0.026692
-41.2363,-0.0508,-39.2467,0.026862
-40.7455,-0.0511,-39.7327,0.027033
-40.2515,-0.0514,-40.2217,0.027205
-39.7598,-0.0518,-40.7087,0.027379
-39.2678,-0.0525,-41.1960,0.027551
-38.7753,-0.0532,-41.6837,0.027722
-38.2800,-0.0540,-42.1743,0.027896
-37.7895,-0.0546,-42.6601,0.028067
-37.2963,-0.0554,-43.1486,0.028240
-36.8027,-0.0562,-43.6377,0.028412
-36.3077,-0.0569,-44.1280,0.028585
-35.8142,-0.0576,-44.6170,0.028756
-35.3204,-0.0584,-45.1063,0.028928
-34.8259,-0.0589,-45.5965,0.029102
-34.3314,-0.0591,-46.0867,0.029275
-33.8373,-0.0592,-46.5764,0.029450
-33.3411,-0.0592,-47.0681,0.029624
-32.8455,-0.0592,-47.5597,0.029795
-32.3502,-0.0590,-48.0507,0.029970
-31.8545,-0.0588,-48.5423,0.030142
-31.3564,-0.0585,-49.0363,0.030317
-30.8606,-0.0585,-49.5281,0.030491
-30.3641,-0.0582,-50.0212,0.030663
-29.8682,-0.0579,-50.5145,0.030839
-29.3721,-0.0578,-51.0087,0.031012
-28.8757,-0.0574,-51.5038,0.031187
-28.3803,-0.0569,-51.9987,0.031360
-27.8844,-0.0562,-52.4945,0.031535
-27.3878,-0.0553,-52.9919,0.031710
-26.8931,-0.0542,-53.4883,0.031883
-26.3974,-0.0531,-53.9864,0.032060
-25.9016,-0.0518,-54.4852,0.032233
-25.4061,-0.0503,-54.9839,0.032408
-24.9106,-0.0488,-55.4832,0.032583
-24.4155,-0.0473,-55.9827,0.032759
-23.9195,-0.0462,-56.4834,0.032934
-23.4232,-0.0453,-56.9847,0.033110
-22.9248,-0.0445,-57.4878,0.033285
-22.4303,-0.0441,-57.9867,0.033461
-21.9335,-0.0436,-58.4878,0.033636
-21.4362,-0.0429,-58.9892,0.033811
-20.9388,-0.0420,-59.4908,0.033988
-20.4397,-0.0407,-59.9939,0.034165
-19.9429,-0.0389,-60.4947,0.034340
-19.4451,-0.0371,-60.9965,0.034514
-18.9457,-0.0349,-61.4995,0.034691
-18.4487,-0.0326,-62.0004,0.034865
-17.9521,-0.0303,-62.5007,0.035043
-17.4549,-0.0283,-63.0018,0.035219
-16.9568,-0.0263,-63.5040,0.035395
-16.4605,-0.0242,-64.0042,0.035570
-15.9624,-0.0218,-64.5064,0.035745
-15.4650,-0.0195,-65.0076,0.035922
-14.9678,-0.0166,-65.5088,0.036097
-14.4698,-0.0131,-66.0102,0.036275
-13.9712,-0.0094,-66.5117,0.036449
-13.4727,-0.0053,-67.0128,0.036624
-12.9764,0.0088,-67.5117,0.036801
-12.4771,0.0082,-68.0120,0.036977
-11.9777,0.0077,-68.5122,0.037153
-11.4776,0.0064,-69.0133,0.037330
-10.9778,0.0051,-69.5137,0.037503
-10.4765,0.0038,-70.0155,0.037683
-9.9758,0.0026,-70.5163,0.037859
-9.4762,0.0020,-71.0158,0.038033
-8.9736,0.0013,-71.5178,0.038210
-8.4723,0.0010,-72.0174,0.038385
-7.9703,0.0008,-72.5173,0.038563
-7.4681,0.0009,-73.0168,0.038741
-6.9643,0.0010,-73.5178,0.038916
-6.4603,0.0014,-74.0196,0.039093
-5.9595,0.0020,-74.5183,0.039268
-5.4551,0.0027,-75.0208,0.039448
-4.9546,0.0036,-75.5191,0.039621
-4.4501,0.0040,-76.0216,0.039799
-3.9469,0.0039,-76.5227,0.039977
-3.4467,0.0039,-77.0211,0.040153
-2.9425,0.0033,-77.5240,0.040331
-2.4400,0.0025,-78.0250,0.040507
-1.9379,0.0016,-78.5262,0.040682
-1.4347,0.0012,-79.0288,0.040860
-0.9306,0.0008,-79.5325,0.041036
-0.4296,0.0005,-80.0329,0.041214
0.0728,-0.0003,-80.5349,0.041391
0.5773,-0.0012,-81.0390,0.041568
1.0810,-0.0024,-81.5425,0.041747
1.5835,-0.0034,-82.0449,0.041922
2.0860,-0.0039,-82.5483,0.042101
2.5890,-0.0043,-83.0534,0.042275
3.0893,-0.0042,-83.5575,0.042452
3.5898,-0.0037,-84.0633,0.042633
4.0898,-0.0031,-84.5697,0.042809
4.5901,-0.0024,-85.0773,0.042988
5.0888,-0.0024,-85.5848,0.043165
5.5860,-0.0028,-86.0914,0.043341
6.0853,-0.0033,-86.6016,0.043518
6.5848,-0.0046,-87.1126,0.043698
7.0827,-0.0056,-87.6211,0.043873
7.5812,-0.0067,-88.1297,0.044050
8.0826,-0.0080,-88.6408,0.044228
8.5828,-0.0094,-89.1499,0.044405
9.0856,-0.0107,-89.6613,0.044586
9.5869,-0.0118,-90.1711,0.044763
10.0883,-0.0128,-90.6802,0.044939
10.5899,-0.0135,-91.1889,0.045119
11.0931,-0.0138,-91.6986,0.045298
11.5968,-0.0145,-92.2091,0.045474
12.0984,-0.0151,-92.7170,0.045652
12.6021,-0.0163,-93.2271,0.045834
13.1068,-0.0179,-93.7377,0.046011
13.6111,-0.0198,-94.2467,0.046190
14.1157,-0.0216,-94.7540,0.046367
14.6244,-0.0230,-95.2630,0.046544
15.1315,-0.0239,-95.7695,0.046723
15.6403,-0.0242,-96.2762,0.046903
16.1497,-0.0246,-96.7829,0.047079
16.6594,-0.0248,-97.2882,0.047260
17.1703,-0.0259,-97.7944,0.047439
17.6822,-0.0270,-98.3008,0.047618
18.1913,-0.0283,-98.8047,0.047795
18.7024,-0.0296,-99.3109,0.047974
19.2131,-0.0304,-99.8170,0.048152
19.7230,-0.0304,-100.3228,0.048333
20.2362,-0.0299,-100.8321,0.048513
20.7449,-0.0293,-101.3370,0.048689
21.2555,-0.0286,-101.8441,0.048869
21.7681,-0.0280,-102.3536,0.049051
22.2775,-0.0278,-102.8605,0.049228
22.7868,-0.0274,-103.3677,0.049409
23.2987,-0.0272,-103.8787,0.049587
23.8069,-0.0265,-104.3865,0.049767
24.3167,-0.0259,-104.8966,0.049947
24.8279,-0.0252,-105.4083,0.050126
25.3426,-0.0246,-105.9233,0.050309
25.8474,-0.0243,-106.4279,0.050486
26.3599,-0.0239,-106.9401,0.050667
26.8697,-0.0233,-107.4495,0.050847
27.3817,-0.0225,-107.9610,0.051024
27.8943,-0.0213,-108.4730,0.051207
28.4037,-0.0202,-108.9819,0.051386
28.9159,-0.0198,-109.4932,0.051564
29.4290,-0.0197,-110.0055,0.051747
29.9378,-0.0202,-110.5131,0.051924
30.4511,-0.0207,-111.0254,0.052104
30.9641,-0.0214,-111.5376,0.052284
31.4753,-0.0223,-112.0484,0.052467
31.9867,-0.0228,-112.5591,0.052643
32.4973,-0.0232,-113.0695,0.052823
33.0085,-0.0238,-113.5810,0.053004
33.5192,-0.0244,-114.0922,0.053183
34.0308,-0.0247,-114.6044,0.053363
34.5395,-0.0251,-115.1137,0.053544
35.0508,-0.0256,-115.6260,0.053723
35.5618,-0.0262,-116.1385,0.053903
36.0696,-0.0267,-116.6481,0.054081
36.5808,-0.0273,-117.1614,0.054262
37.0888,-0.0270,-117.6718,0.054441
37.5969,-0.0265,-118.1823,0.054618
38.1054,-0.0260,-118.6936,0.054797
38.6155,-0.0247,-119.2066,0.054979
39.1223,-0.0233,-119.7160,0.055158
39.6310,-0.0219,-120.2273,0.055337
40.1403,-0.0206,-120.7390,0.055515
40.6485,-0.0193,-121.2496,0.055695
41.1567,-0.0180,-121.7604,0.055873
41.6650,-0.0163,-122.2710,0.056054
42.1742,-0.0148,-122.7827,0.056233
42.6805,-0.0132,-123.2915,0.056411
43.1888,-0.0117,-123.8025,0.056590
43.6974,-0.0103,-124.3139,0.056769
44.2032,-0.0090,-124.8223,0.056946
44.7120,-0.0077,-125.3340,0.057127
45.2189,-0.0073,-125.8436,0.057303
45.7245,-0.0070,-126.3514,0.057484
46.2332,-0.0068,-126.8622,0.057663
46.7407,-0.0069,-127.3709,0.057838
47.2469,-0.0069,-127.8778,0.058018
47.7574,-0.0067,-128.3885,0.058197
48.2673,-0.0062,-128.8976,0.058375
48.7748,-0.0054,-129.4043,0.058553
49.2837,-0.0044,-129.9119,0.058730
49.7932,-0.0033,-130.4195,0.058910
50.2995,-0.0025,-130.9235,0.059088
50.8101,-0.0022,-131.4315,0.059267
51.3199,-0.0021,-131.9381,0.059444
51.8280,-0.0019,-132.4427,0.059622
52.3374,-0.0014,-132.9491,0.059800
52.8479,-0.0008,-133.4566,0.059977
53.3550,-0.0004,-133.9606,0.060158
53.8639,-0.0002,-134.4669,0.060336
54.3732,0.0000,-134.9735,0.060513
54.8806,-0.0005,-135.4783,0.060690
55.3893,-0.0013,-135.9847,0.060867
55.8960,-0.0019,-136.4892,0.061046
56.4045,-0.0025,-136.9954,0.061224
56.9145,-0.0026,-137.5033,0.061403
57.4216,-0.0029,-138.0087,0.061578
57.9276,-0.0030,-138.5129,0.061758
58.4367,-0.0033,-139.0202,0.061936
58.9451,-0.0033,-139.5267,0.062113
59.4505,-0.0033,-140.0299,0.062293
59.9599,-0.0034,-140.5371,0.062469
60.4662,-0.0037,-141.0409,0.062649
60.9745,-0.0040,-141.5466,0.062826
61.4829,-0.0042,-142.0524,0.063002
61.9917,-0.0044,-142.5586,0.063182
62.4991,-0.0036,-143.0639,0.063356
63.0067,-0.0025,-143.5686,0.063540
63.5157,-0.0015,-144.0751,0.063714
64.0217,0.0003,-144.5779,0.063890
64.5317,0.0021,-145.0841,0.064073
65.0399,0.0034,-145.5885,0.064252
65.5467,0.0045,-146.0909,0.064429
66.0575,0.0052,-146.5972,0.064607
66.5642,0.0059,-147.0994,0.064785
67.0753,0.0067,-147.6059,0.064966
67.5843,0.0074,-148.1098,0.065142
68.0935,0.0078,-148.6142,0.065318
68.6007,0.0083,-149.1163,0.065496
69.1132,0.0087,-149.6236,0.065677
69.6199,0.0087,-150.1249,0.065852
70.1290,0.0088,-150.6284,0.066034
70.6416,0.0086,-151.1353,0.066211
71.1502,0.0085,-151.6379,0.066389
71.6621,0.0083,-152.1437,0.066565
72.1725,0.0082,-152.6478,0.066747
72.6821,0.0081,-153.1509,0.066927
73.1915,0.0080,-153.6537,0.067101
73.7002,0.0080,-154.1556,0.067281
74.2095,0.0079,-154.6581,0.067456
74.7212,0.0077,-155.1628,0.067637
75.2315,0.0077,-155.6662,0.067817
75.7401,0.0071,-156.1684,0.067994
76.2485,0.0067,-156.6705,0.068173
76.7562,0.0069,-157.1720,0.068348
77.2630,0.0076,-157.6729,0.068526
77.7628,0.0091,-158.1666,0.068702
78.2654,0.0103,-158.6631,0.068878
78.7661,0.0119,-159.1576,0.069052
79.2614,0.0132,-159.6468,0.069226
79.7584,0.0145,-160.1377,0.069398
80.2515,0.0148,-160.6244,0.069569
80.7449,0.0151,-161.1118,0.069745
81.2361,0.0154,-161.5970,0.069915
81.7259,0.0157,-162.0810,0.070085
82.2121,0.0162,-162.5611,0.070256
82.6973,0.0167,-163.0401,0.070429
83.1804,0.0175,-163.5174,0.070599
83.6616,0.0181,-163.9926,0.070768
84.1436,0.0187,-164.4684,0.070936
84.6228,0.0194,-164.9416,0.071104
85.0978,0.0202,-165.4105,0.071265
85.5745,0.0213,-165.8813,0.071433
86.0483,0.0224,-166.3490,0.071600
86.5186,0.0233,-166.8135,0.071763
86.9884,0.0243,-167.2775,0.071927
87.4567,0.0247,-167.7402,0.072091
87.9216,0.0249,-168.1995,0.072252
88.3879,0.0243,-168.6604,0.072418
88.8526,0.0236,-169.1194,0.072580
89.3142,0.0229,-169.5754,0.072745
89.7737,0.0228,-170.0293,0.072905
90.2309,0.0226,-170.4810,0.073061
90.6885,0.0227,-170.9329,0.073225
91.1427,0.0233,-171.3816,0.073386
91.5988,0.0237,-171.8326,0.073539
92.0493,0.0241,-172.2777,0.073701
92.4994,0.0243,-172.7226,0.073856
92.9491,0.0247,-173.1669,0.074013
93.3962,0.0246,-173.6090,0.074170
93.8434,0.0241,-174.0508,0.074328
94.2867,0.0237,-174.4886,0.074484
94.7290,0.0234,-174.9255,0.074639
95.1700,0.0228,-175.3605,0.074793
95.6113,0.0219,-175.7951,0.074946
96.0490,0.0211,-176.2259,0.075101
96.4878,0.0202,-176.6574,0.075252
96.9244,0.0189,-177.0869,0.075406
97.3582,0.0177,-177.5135,0.075556
97.7925,0.0163,-177.9406,0.075708
98.2231,0.0146,-178.3640,0.075860
98.6528,0.0128,-178.7870,0.076009
99.0824,0.0113,-179.2098,0.076156
99.5086,0.0099,-179.6294,0.076306
99.9344,0.0087,-180.0485,0.076457
100.3589,0.0073,-180.4665,0.076607
100.7802,0.0060,-180.8811,0.076751
101.2020,0.0045,-181.2964,0.076898
101.6235,0.0029,-181.7111,0.077050
102.0410,0.0014,-182.1219,0.077192
102.4578,0.0001,-182.5318,0.077339
102.8751,-0.0012,-182.9422,0.077482
103.2889,-0.0022,-183.3490,0.077628
103.7027,-0.0033,-183.7559,0.077776
104.1135,-0.0046,-184.1598,0.077917
104.5256,-0.0061,-184.5649,0.078062
104.9323,-0.0078,-184.9649,0.078201
105.3404,-0.0098,-185.3660,0.078344
105.7489,-0.0118,-185.7674,0.078489
106.1524,-0.0137,-186.1640,0.078629
106.5568,-0.0155,-186.5614,0.078770
106.9579,-0.0173,-186.9555,0.078909
107.3602,-0.0188,-187.3509,0.079050
107.7619,-0.0202,-187.7456,0.079189
108.1619,-0.0216,-188.1387,0.079331
108.5594,-0.0229,-188.5295,0.079466
108.9578,-0.0238,-188.9209,0.079606
109.3548,-0.0245,-189.3111,0.079745
109.7481,-0.0251,-189.6979,0.079880
110.1444,-0.0258,-190.0876,0.080018
110.5379,-0.0264,-190.4749,0.080158
110.9304,-0.0270,-190.8611,0.080297
111.3230,-0.0279,-191.2478,0.080431
111.7160,-0.0289,-191.6348,0.080570
112.1066,-0.0299,-192.0196,0.080706
112.4999,-0.0314,-192.4071,0.080842
112.8926,-0.0329,-192.7939,0.080979
113.2839,-0.0345,-193.1792,0.081117
113.6765,-0.0360,-193.5657,0.081255
114.0711,-0.0374,-193.9541,0.081395
114.4651,-0.0388,-194.3422,0.081527
114.8595,-0.0401,-194.7308,0.081671
115.2556,-0.0408,-195.1208,0.081807
115.6515,-0.0413,-195.5110,0.081947
116.0480,-0.0415,-195.9018,0.082082
116.4450,-0.0415,-196.2930,0.082220
116.8431,-0.0410,-196.6852,0.082362
117.2421,-0.0403,-197.0783,0.082499
117.6417,-0.0397,-197.4720,0.082633
118.0413,-0.0391,-197.8657,0.082778
118.4434,-0.0383,-198.2616,0.082917
118.8445,-0.0377,-198.6565,0.083058
119.2492,-0.0372,-199.0548,0.083203
119.6538,-0.0367,-199.4527,0.083338
120.0603,-0.0363,-199.8519,0.083483
120.4655,-0.0358,-200.2502,0.083624
120.8732,-0.0352,-200.6505,0.083767
121.2816,-0.0345,-201.0516,0.083909
121.6907,-0.0333,-201.4534,0.084048
122.1004,-0.0319,-201.8558,0.084193
122.5118,-0.0303,-202.2595,0.084338
122.9241,-0.0288,-202.6640,0.084480
123.3368,-0.0271,-203.0687,0.084623
123.7499,-0.0253,-203.4740,0.084764
124.1642,-0.0237,-203.8800,0.084913
124.5791,-0.0224,-204.2863,0.085056
124.9979,-0.0213,-204.6961,0.085201
125.4131,-0.0202,-205.1022,0.085345
125.8330,-0.0195,-205.5125,0.085494
126.2527,-0.0189,-205.9221,0.085637
126.6746,-0.0185,-206.3337,0.085786
127.0962,-0.0182,-206.7452,0.085931
127.5194,-0.0177,-207.1586,0.086080
127.9423,-0.0172,-207.5718,0.086227
128.3668,-0.0167,-207.9867,0.086375
128.7937,-0.0162,-208.4034,0.086528
129.2201,-0.0160,-208.8203,0.086654
129.6472,-0.0156,-209.2377,0.086821
130.0772,-0.0156,-209.6576,0.086968
130.5061,-0.0156,-210.0768,0.087118
130.9353,-0.0153,-210.4967,0.087265
131.3631,-0.0148,-210.9149,0.087415
131.7898,-0.0144,-211.3323,0.087562
132.2136,-0.0137,-211.7471,0.087709
132.6379,-0.0129,-212.1619,0.087858
133.0583,-0.0121,-212.5728,0.088001
133.4805,-0.0117,-212.9857,0.088154
133.8999,-0.0112,-213.3956,0.088299
134.3175,-0.0108,-213.8037,0.088438
134.7338,-0.0102,-214.2104,0.088586
135.1500,-0.0096,-214.6176,0.088733
135.5625,-0.0087,-215.0203,0.088871
135.9746,-0.0074,-215.4233,0.089022
136.3882,-0.0060,-215.8282,0.089163
136.7971,-0.0048,-216.2277,0.089303
137.2068,-0.0035,-216.6285,0.089448
137.6166,-0.0023,-217.0291,0.089591
138.0204,-0.0016,-217.4241,0.089731
138.4271,-0.0012,-217.8216,0.089870
138.8309,-0.0008,-218.2160,0.090016
139.2326,-0.0004,-218.6086,0.090150
139.6341,0.0001,-219.0009,0.090293
140.0362,0.0005,-219.3939,0.090432
140.4357,0.0013,-219.7843,0.090574
140.8354,0.0020,-220.1748,0.090713
141.2381,0.0028,-220.5680,0.090856
141.6373,0.0036,-220.9578,0.090986
142.0403,0.0044,-221.3512,0.091132
142.4418,0.0055,-221.7433,0.091270
142.8461,0.0064,-222.1378,0.091412
143.2515,0.0070,-222.5334,0.091554
143.6580,0.0075,-222.9301,0.091693
144.0639,0.0082,-223.3264,0.091837
144.4721,0.0090,-223.7247,0.091975
144.8827,0.0095,-224.1253,0.092120
145.2928,0.0100,-224.5250,0.092261
145.7036,0.0105,-224.9258,0.092406
146.1158,0.0109,-225.3280,0.092548
146.5293,0.0112,-225.7310,0.092695
146.9443,0.0115,-226.1354,0.092840
147.3599,0.0117,-226.5398,0.092983
147.7751,0.0121,-226.9438,0.093129
148.1907,0.0123,-227.3480,0.093269
148.6073,0.0127,-227.7532,0.093417
149.0225,0.0129,-228.1570,0.093564
149.4403,0.0132,-228.5633,0.093706
149.8632,0.0136,-228.9749,0.093855
150.2771,0.0141,-229.3774,0.093998
150.6973,0.0147,-229.7859,0.094145
151.1181,0.0153,-230.1948,0.094288
151.5404,0.0162,-230.6051,0.094438
151.9641,0.0173,-231.0167,0.094583
152.3908,0.0182,-231.4307,0.094733
152.8182,0.0189,-231.8450,0.094879
153.2442,0.0194,-232.2581,0.095029
153.6726,0.0197,-232.6732,0.095179
154.0988,0.0198,-233.0861,0.095332
154.5265,0.0199,-233.5005,0.095473
154.9529,0.0201,-233.9138,0.095622
155.3764,0.0204,-234.3242,0.095773
155.7977,0.0207,-234.7326,0.095920
156.2184,0.0211,-235.1405,0.096066
156.6381,0.0216,-235.5475,0.096213
157.0551,0.0219,-235.9518,0.096356
157.4734,0.0220,-236.3574,0.096502
157.8878,0.0219,-236.7593,0.096646
158.3010,0.0217,-237.1600,0.096791
158.7149,0.0215,-237.5613,0.096941
159.1248,0.0209,-237.9589,0.097081
159.5345,0.0208,-238.3560,0.097226
159.9431,0.0206,-238.7523,0.097367
160.3505,0.0205,-239.1474,0.097513
160.7537,0.0203,-239.5386,0.097657
161.1590,0.0202,-239.9316,0.097802
161.5620,0.0200,-240.3224,0.097946
161.9615,0.0197,-240.7101,0.098087
162.3632,0.0193,-241.0995,0.098229
162.7626,0.0188,-241.4863,0.098370
163.1588,0.0179,-241.8705,0.098510
163.5558,0.0170,-242.2554,0.098652
163.9498,0.0159,-242.6373,0.098792
164.3433,0.0147,-243.0188,0.098933
164.7365,0.0138,-243.3999,0.099078
165.1274,0.0128,-243.7789,0.099218
165.5162,0.0119,-244.1560,0.099363
165.9050,0.0111,-244.5334,0.099505
166.2908,0.0104,-244.9077,0.099646
166.6775,0.0098,-245.2830,0.099784
167.0668,0.0093,-245.6608,0.099923
167.4456,0.0090,-246.0285,0.100066
167.8259,0.0086,-246.3984,0.100203
168.2065,0.0083,-246.7687,0.100345
168.5855,0.0081,-247.1380,0.100482
168.9608,0.0078,-247.5044,0.100625
169.3380,0.0074,-247.8721,0.100764
169.7124,0.0069,-248.2379,0.100902
170.0846,0.0069,-248.6024,0.101043
170.4565,0.0066,-248.9667,0.101182
170.8259,0.0065,-249.3290,0.101319
171.1961,0.0063,-249.6924,0.101457
171.5615,0.0062,-250.0518,0.101591
171.9286,0.0063,-250.4131,0.101732
172.2918,0.0067,-250.7710,0.101869
172.6554,0.0073,-251.1295,0.102005
173.0171,0.0079,-251.4862,0.102144
173.3771,0.0082,-251.8422,0.102273
173.7366,0.0086,-252.1982,0.102416
174.0943,0.0090,-252.5528,0.102552
174.4487,0.0092,-252.9046,0.102685
174.8040,0.0090,-253.2573,0.102828
175.1584,0.0090,-253.6093,0.102965
175.5089,0.0088,-253.9584,0.103098
175.8606,0.0077,-254.3089,0.103235
176.2109,0.0067,-254.6586,0.103370
176.5574,0.0057,-255.0046,0.103509
176.9050,0.0044,-255.3522,0.103646
177.2497,0.0027,-255.6972,0.103782
177.5940,0.0011,-256.0425,0.103916
177.9359,-0.0006,-256.3863,0.104053
178.2756,-0.0023,-256.7292,0.104192
178.6091,-0.0039,-257.0674,0.104323
178.9378,-0.0056,-257.4030,0.104459
179.2598,-0.0071,-257.7346,0.104599
179.5750,-0.0084,-258.0599,0.104731
179.8848,-0.0096,-258.3816,0.104869
180.1880,-0.0108,-258.6981,0.105001
180.4862,-0.0119,-259.0110,0.105132
180.7823,-0.0125,-259.3237,0.105269
181.0756,-0.0130,-259.6355,0.105401
181.3657,-0.0134,-259.9454,0.105529
181.6547,-0.0135,-260.2560,0.105653
181.9424,-0.0138,-260.5661,0.105783
182.2273,-0.0140,-260.8745,0.105909
182.5109,-0.0143,-261.1824,0.106032
182.7919,-0.0147,-261.4897,0.106152
183.0682,-0.0152,-261.7967,0.106274
183.3401,-0.0156,-262.1053,0.106394
183.6098,-0.0161,-262.4167,0.106515
183.8733,-0.0168,-262.7264,0.106634
184.1360,-0.0174,-263.0375,0.106755
184.3966,-0.0181,-263.3493,0.106877
184.6532,-0.0188,-263.6595,0.106989
184.9087,-0.0196,-263.9717,0.107108
185.1609,-0.0206,-264.2836,0.107224
185.4092,-0.0216,-264.5940,0.107338
185.6575,-0.0227,-264.9066,0.107451
185.9022,-0.0238,-265.2180,0.107566
186.1453,-0.0249,-265.5288,0.107677
186.3856,-0.0259,-265.8395,0.107786
186.6235,-0.0271,-266.1519,0.107897
186.8530,-0.0280,-266.4630,0.108010
187.0788,-0.0289,-266.7778,0.108117
187.3011,-0.0297,-267.0938,0.108229
187.5184,-0.0302,-267.4087,0.108336
187.7328,-0.0306,-267.7275,0.108442
187.9411,-0.0312,-268.0465,0.108549
188.1468,-0.0317,-268.3656,0.108660
188.3483,-0.0320,-268.6857,0.108772
188.5471,-0.0322,-269.0081,0.108873
188.7413,-0.0325,-269.3286,0.108977
188.9315,-0.0330,-269.6499,0.109082
189.1193,-0.0335,-269.9732,0.109188
189.3026,-0.0339,-270.2950,0.109291
189.4817,-0.0341,-270.6186,0.109391
189.6576,-0.0344,-270.9420,0.109492
189.8211,-0.0319,-271.2738,0.109596
189.9880,-0.0279,-271.5994,0.109695
190.1348,-0.0190,-271.9366,0.109797
190.2894,-0.0089,-272.2603,0.109896
190.4364,0.0017,-272.5865,0.109997
190.5815,0.0101,-272.9063,0.110091
190.7070,0.0184,-273.2329,0.110188
190.8246,0.0256,-273.5618,0.110288
190.9464,0.0287,-273.8851,0.110384
191.0388,0.0295,-274.2181,0.110483
191.1220,0.0305,-274.5528,0.110580
191.2107,0.0245,-274.8813,0.110673
191.2781,0.0205,-275.2175,0.110769
191.3362,0.0177,-275.5524,0.110865
191.3826,0.0140,-275.8865,0.110960
191.4267,0.0112,-276.2266,0.111053
191.4729,0.0097,-276.5624,0.111150
191.5270,0.0086,-276.8979,0.111242
191.5793,0.0090,-277.2316,0.111335
191.6266,0.0093,-277.5654,0.111426
191.6657,0.0100,-277.8949,0.111518
191.6949,0.0108,-278.2262,0.111607
191.7158,0.0113,-278.5557,0.111694
191.7292,0.0127,-278.8832,0.111786
191.7378,0.0137,-279.2076,0.111872
191.7345,0.0148,-279.5318,0.111960
191.7207,0.0156,-279.8558,0.112049
191.6997,0.0162,-280.1755,0.112136
191.6746,0.0172,-280.4973,0.112219
191.6510,0.0183,-280.8183,0.112306
191.6242,0.0199,-281.1377,0.112390
191.5889,0.0209,-281.4508,0.112475
191.5453,0.0220,-281.7641,0.112561
191.4917,0.0227,-282.0728,0.112641
191.4311,0.0232,-282.3801,0.112726
191.3647,0.0241,-282.6836,0.112809
191.2922,0.0247,-282.9844,0.112889
191.2132,0.0258,-283.2836,0.112975
191.1283,0.0268,-283.5807,0.113055
191.0355,0.0278,-283.8710,0.113137
190.9399,0.0294,-284.1615,0.113219
190.8391,0.0308,-284.4486,0.113302
190.7327,0.0325,-284.7326,0.113383
190.6214,0.0345,-285.0130,0.113463
190.5043,0.0363,-285.2923,0.113544
190.3821,0.0388,-285.5664,0.113624
190.2552,0.0414,-285.8376,0.113704
190.1198,0.0438,-286.1035,0.113785
189.9819,0.0471,-286.3683,0.113866
189.8273,0.0617,-286.6206,0.113945
189.6788,0.0615,-286.8793,0.114025
189.5272,0.0615,-287.1376,0.114107
189.3717,0.0614,-287.3949,0.114188
189.2089,0.0612,-287.6496,0.114271
189.0243,0.0571,-287.8841,0.114352
188.8456,0.0506,-288.1301,0.114434
188.6632,0.0451,-288.3755,0.114516
188.4678,0.0391,-288.6092,0.114600
188.2706,0.0291,-288.8503,0.114682
188.0695,0.0195,-289.0882,0.114766
187.8737,0.0094,-289.3423,0.114850
187.6563,0.0054,-289.5793,0.114936
187.4377,0.0012,-289.8223,0.115022
187.2270,-0.0012,-290.0815,0.115111
187.0121,-0.0014,-290.3367,0.115198
186.7963,-0.0015,-290.5869,0.115289
186.5735,-0.0019,-290.8366,0.115377
186.3422,-0.0024,-291.0846,0.115465
186.1030,-0.0030,-291.3312,0.115559
185.8567,-0.0037,-291.5772,0.115653
185.6047,-0.0042,-291.8234,0.115747
185.3464,-0.0048,-292.0716,0.115842
185.0819,-0.0052,-292.3181,0.115940
184.8138,-0.0058,-292.5663,0.116037
184.5390,-0.0066,-292.8165,0.116138
184.2607,-0.0074,-293.0715,0.116237
183.9860,-0.0084,-293.3299,0.116337
183.7099,-0.0098,-293.5880,0.116435
183.4264,-0.0115,-293.8453,0.116537
183.1338,-0.0134,-294.1042,0.116644
182.8346,-0.0156,-294.3610,0.116748
182.5298,-0.0176,-294.6187,0.116852
182.2189,-0.0197,-294.8771,0.116960
181.8999,-0.0216,-295.1375,0.117066
181.5762,-0.0234,-295.3956,0.117180
181.2428,-0.0252,-295.6536,0.117291
180.9047,-0.0270,-295.9073,0.117405
180.5574,-0.0288,-296.1616,0.117523
180.2007,-0.0308,-296.4147,0.117638
179.8405,-0.0329,-296.6708,0.117755
179.4742,-0.0352,-296.9350,0.117877
179.1047,-0.0377,-297.2014,0.117998
178.7291,-0.0404,-297.4675,0.118120
178.3435,-0.0432,-297.7310,0.118249
177.9492,-0.0461,-297.9893,0.118375
177.5474,-0.0488,-298.2434,0.118504
177.1354,-0.0516,-298.4941,0.118631
176.7152,-0.0544,-298.7452,0.118768
176.2899,-0.0574,-298.9924,0.118897
175.8541,-0.0604,-299.2389,0.119033
175.4110,-0.0637,-299.4823,0.119172
174.9600,-0.0670,-299.7258,0.119309
174.5033,-0.0704,-299.9733,0.119449
174.0414,-0.0738,-300.2235,0.119591
173.5736,-0.0771,-300.4742,0.119734
173.0976,-0.0803,-300.7247,0.119878
172.6190,-0.0834,-300.9730,0.120029
172.1314,-0.0864,-301.2174,0.120178
171.6339,-0.0894,-301.4572,0.120331
171.1309,-0.0921,-301.6913,0.120482
170.6195,-0.0944,-301.9211,0.120639
170.0981,-0.0965,-302.1477,0.120791
169.5715,-0.0982,-302.3690,0.120956
169.0375,-0.0994,-302.5842,0.121114
168.4957,-0.1003,-302.7974,0.121273
167.9427,-0.1009,-303.0078,0.121439
167.3863,-0.1014,-303.2149,0.121598
166.8236,-0.1019,-303.4231,0.121766
166.2588,-0.1023,-303.6301,0.121936
165.6885,-0.1026,-303.8361,0.122110
165.1087,-0.1028,-304.0428,0.122279
164.5246,-0.1028,-304.2464,0.122455
163.9352,-0.1029,-304.4484,0.122634
163.3408,-0.1031,-304.6484,0.122810
162.7381,-0.1032,-304.8487,0.122983
162.1312,-0.1033,-305.0493,0.123162
161.5186,-0.1033,-305.2504,0.123336
160.8981,-0.1031,-305.4523,0.123516
160.2754,-0.1028,-305.6529,0.123697
159.6429,-0.1027,-305.8543,0.123878
159.0103,-0.1024,-306.0540,0.124062
158.3747,-0.1020,-306.2512,0.124248
157.7334,-0.1009,-306.4465,0.124430
157.0947,-0.0994,-306.6378,0.124617
156.4522,-0.0972,-306.8272,0.124798
155.8064,-0.0951,-307.0148,0.124984
155.1604,-0.0933,-307.1995,0.125174
154.5144,-0.0920,-307.3813,0.125357
153.8651,-0.0908,-307.5603,0.125543
153.2122,-0.0895,-307.7377,0.125731
152.5610,-0.0880,-307.9115,0.125915
151.9081,-0.0859,-308.0826,0.126093
151.2518,-0.0835,-308.2515,0.126288
150.5957,-0.0807,-308.4172,0.126469
149.9368,-0.0782,-308.5815,0.126654
149.2807,-0.0761,-308.7447,0.126838
148.6252,-0.0742,-308.9093,0.127014
147.9667,-0.0723,-309.0759,0.127196
147.3063,-0.0697,-309.2432,0.127375
146.6616,-0.0666,-309.4067,0.127553
146.0073,-0.0630,-309.5726,0.127730
145.3558,-0.0590,-309.7378,0.127903
144.7100,-0.0548,-309.9016,0.128078
144.0609,-0.0506,-310.0663,0.128252
143.4128,-0.0466,-310.2305,0.128419
142.7627,-0.0426,-310.3944,0.128588
142.1262,-0.0382,-310.5544,0.128755
141.4813,-0.0331,-310.7157,0.128916
140.8447,-0.0271,-310.8743,0.129086
140.2027,-0.0203,-311.0336,0.129242
139.5634,-0.0131,-311.1920,0.129407
138.9288,-0.0061,-311.3487,0.129564
138.2899,-0.0045,-311.5055,0.129726
137.6529,0.0059,-311.6634,0.129884
137.0222,0.0166,-311.8197,0.130048
136.3864,0.0280,-311.9783,0.130206
135.7552,0.0404,-312.1380,0.130361
135.1295,0.0531,-312.2985,0.130518
134.5010,0.0657,-312.4616,0.130677
133.8745,0.0775,-312.6259,0.130833
133.2542,0.0886,-312.7899,0.130991
132.6304,0.0989,-312.9568,0.131147
132.0084,0.1095,-313.1242,0.131306
131.3914,0.1202,-313.2916,0.131459
130.7737,0.1314,-313.4611,0.131617
130.1562,0.1431,-313.6325,0.131772
129.5465,0.1553,-313.8042,0.131925
128.9335,0.1683,-313.9785,0.132077
128.3234,0.1812,-314.1540,0.132233
127.7175,0.1939,-314.3288,0.132388
127.1105,0.2067,-314.5050,0.132542
126.5056,0.2196,-314.6819,0.132698
125.9048,0.2328,-314.8590,0.132846
125.3034,0.2463,-315.0375,0.132999
124.7034,0.2602,-315.2174,0.133151
124.1082,0.2736,-315.3974,0.133301
123.5138,0.2869,-315.5782,0.133452
122.9186,0.2992,-315.7598,0.133602
122.3279,0.3115,-315.9407,0.133753
121.7373,0.3230,-316.1227,0.133905
121.1485,0.3343,-316.3055,0.134055
120.5620,0.3457,-316.4898,0.134203
119.9753,0.3576,-316.6758,0.134350
119.3921,0.3694,-316.8624,0.134501
118.8115,0.3813,-317.0499,0.134649
118.2293,0.3935,-317.2399,0.134799
117.6499,0.4060,-317.4305,0.134947
117.0764,0.4184,-317.6206,0.135095
116.4996,0.4313,-317.8141,0.135239
115.9265,0.4441,-318.0084,0.135388
115.3571,0.4562,-318.2043,0.135535
114.7873,0.4679,-318.4036,0.135679
114.2196,0.4793,-318.6045,0.135827
113.6559,0.4906,-318.8072,0.135972
113.0935,0.5021,-319.0111,0.136118
112.5302,0.5138,-319.2177,0.136261
111.9730,0.5255,-319.4247,0.136407
111.4157,0.5372,-319.6337,0.136551
110.8604,0.5493,-319.8430,0.136697
110.3100,0.5615,-320.0487,0.136842
109.7566,0.5735,-320.2540,0.136987
109.2055,0.5855,-320.4583,0.137133
108.6578,0.5972,-320.6611,0.137274
108.1099,0.6087,-320.8641,0.137419
107.5616,0.6201,-321.0676,0.137561
107.0189,0.5979,-321.2742,0.137704
106.4726,0.6163,-321.4764,0.137846
105.9304,0.6334,-321.6764,0.137988
105.3908,0.6487,-321.8778,0.138130
104.8485,0.6621,-322.0839,0.138272
104.3107,0.6733,-322.2911,0.138413
103.7766,0.6826,-322.4981,0.138553
103.2402,0.6897,-322.7078,0.138693
102.7063,0.6961,-322.9185,0.138834
102.1757,0.7025,-323.1300,0.138973
101.6430,0.7095,-323.3431,0.139114
101.1137,0.7178,-323.5573,0.139255
100.5907,0.7274,-323.7767,0.139391
100.0631,0.7679,-324.0011,0.139531
99.5407,0.7784,-324.2350,0.139671
99.0284,0.7886,-324.4668,0.139807
98.5128,0.7987,-324.7013,0.139943
97.9986,0.8090,-324.9428,0.140083
97.4899,0.8193,-325.1887,0.140220
96.9827,0.8290,-325.4364,0.140358
96.4770,0.8388,-325.6867,0.140494
95.9768,0.8485,-325.9388,0.140631
95.4759,0.8586,-326.1935,0.140766
94.9778,0.8689,-326.4504,0.140903
94.4844,0.8793,-326.7079,0.141039
93.9901,0.8900,-326.9693,0.141173
93.4993,0.9004,-327.2336,0.141308
93.0123,0.9106,-327.5003,0.141442
92.5264,0.9205,-327.7701,0.141575
92.0421,0.9302,-328.0437,0.141710
91.5633,0.9398,-328.3179,0.141843
91.0749,0.9495,-328.6039,0.141979
90.6086,0.9585,-328.8843,0.142108
90.1405,0.9671,-329.1715,0.142240
89.6715,0.9754,-329.4641,0.142372
89.2069,0.9829,-329.7559,0.142506
88.7438,0.9903,-330.0454,0.142637
88.2813,0.9975,-330.3355,0.142768
87.8195,1.0046,-330.6280,0.142900
87.3602,1.0123,-330.9208,0.143031
86.9027,1.0202,-331.2150,0.143160
86.4475,1.0287,-331.5108,0.143288
85.9940,1.0379,-331.8083,0.143417
85.5438,1.0470,-332.1074,0.143547
85.0951,1.0564,-332.4110,0.143675
84.6491,1.0660,-332.7190,0.143803
84.2070,1.0756,-333.0317,0.143930
83.7683,1.0852,-333.3470,0.144058
83.3323,1.0947,-333.6663,0.144186
82.9013,1.1043,-333.9895,0.144311
82.4716,1.1143,-334.3194,0.144440
82.0503,1.1239,-334.6506,0.144564
81.6295,1.1337,-334.9887,0.144690
81.2133,1.1434,-335.3307,0.144816
80.8044,1.1529,-335.6763,0.144940
80.3967,1.1622,-336.0256,0.145066
79.9916,1.1713,-336.3788,0.145192
79.5886,1.1804,-336.7367,0.145315
79.1921,1.1894,-337.0957,0.145439
78.7961,1.1982,-337.4609,0.145567
78.4045,1.2064,-337.8292,0.145694
78.0104,1.2143,-338.2086,0.145819
77.6293,1.2212,-338.5814,0.145943
77.2455,1.2280,-338.9643,0.146069
76.8652,1.2345,-339.3514,0.146197
76.4884,1.2410,-339.7422,0.146321
76.1124,1.2476,-340.1401,0.146449
75.7417,1.2541,-340.5404,0.146574
75.3725,1.2605,-340.9482,0.146697
75.0099,1.2669,-341.3583,0.146827
74.6478,1.2730,-341.7780,0.146954
74.2913,1.2793,-342.1978,0.147081
73.9379,1.2860,-342.6203,0.147208
73.5831,1.2932,-343.0477,0.147336
73.2317,1.3011,-343.4764,0.147461
72.8812,1.3091,-343.9108,0.147591
72.5335,1.3172,-344.3495,0.147719
72.1856,1.3252,-344.7974,0.147849
71.8475,1.3328,-345.2417,0.147976
71.5092,1.3404,-345.6967,0.148106
71.1742,1.3478,-346.1536,0.148234
70.8394,1.3552,-346.6187,0.148366
70.5082,1.3629,-347.0869,0.148500
70.1782,1.3707,-347.5589,0.148634
69.8498,1.3782,-348.0333,0.148764
69.5232,1.3855,-348.5105,0.148897
69.1972,1.3864,-348.9940,0.149029
68.8741,1.3948,-349.4792,0.149163
68.5539,1.4033,-349.9704,0.149296
68.2376,1.4122,-350.4705,0.149430
67.9274,1.4211,-350.9752,0.149561
67.6194,1.4301,-351.4875,0.149693
67.3172,1.4396,-352.0046,0.149828
67.0198,1.4496,-352.5263,0.149961
66.7283,1.4590,-353.0537,0.150096
66.4436,1.4661,-353.5862,0.150233
66.1618,1.4723,-354.1232,0.150368
65.8842,1.4778,-354.6631,0.150504
65.6096,1.4830,-355.2102,0.150646
65.3404,1.4882,-355.7610,0.150783
65.0761,1.4930,-356.3167,0.150921
64.8182,1.4972,-356.8760,0.151061
64.5659,1.5004,-357.4417,0.151199
64.3210,1.5027,-358.0125,0.151337
64.0830,1.5050,-358.5836,0.151473
63.8516,1.5066,-359.1609,0.151612
63.6269,1.5082,-359.7412,0.151749
63.4084,1.5090,-360.3263,0.151887
63.1962,1.5096,-360.9144,0.152025
62.9902,1.5099,-361.5067,0.152167
62.7904,1.5097,-362.1053,0.152306
62.6001,1.5088,-362.7106,0.152448
62.4171,1.5074,-363.3169,0.152587
62.2426,1.5053,-363.9294,0.152729
62.0753,1.5024,-364.5505,0.152871
61.9199,1.4985,-365.1700,0.153012
61.7738,1.4938,-365.7962,0.153154
61.6375,1.4882,-366.4275,0.153296
61.5128,1.4821,-367.0560,0.153438
61.3980,1.4761,-367.6888,0.153574
61.2956,1.4700,-368.3297,0.153717
61.2028,1.4639,-368.9659,0.153855
61.1203,1.4575,-369.6063,0.153998
61.0443,1.4511,-370.2458,0.154138
60.9691,1.4448,-370.8848,0.154280
60.8967,1.4381,-371.5260,0.154423
60.8281,1.4309,-372.1729,0.154567
60.7648,1.4228,-372.8176,0.154714
60.7069,1.4138,-373.4696,0.154861
60.6530,1.4041,-374.1253,0.155008
60.6050,1.3941,-374.7835,0.155156
60.5653,1.3838,-375.4442,0.155306
60.5338,1.3733,-376.1125,0.155453
60.5122,1.3633,-376.7807,0.155600
60.5013,1.3527,-377.4555,0.155747
60.5004,1.3419,-378.1360,0.155897
60.5114,1.3307,-378.8132,0.156043
60.5294,1.3192,-379.4975,0.156192
60.5558,1.3072,-380.1821,0.156343
60.5891,1.2951,-380.8667,0.156492
60.6300,1.2826,-381.5500,0.156643
60.6804,1.2693,-382.2387,0.156797
60.7428,1.2560,-382.9281,0.156947
60.8165,1.2428,-383.6172,0.157098
60.9048,1.2293,-384.3094,0.157252
61.0014,1.2158,-384.9975,0.157403
61.1092,1.2019,-385.6879,0.157558
61.2265,1.1880,-386.3775,0.157710
61.3518,1.1741,-387.0645,0.157862
61.4867,1.1607,-387.7543,0.158016
61.6320,1.1475,-388.4453,0.158169
61.7879,1.1345,-389.1342,0.158322
61.9541,1.1219,-389.8242,0.158479
62.1326,1.1092,-390.5155,0.158635
62.3149,1.0962,-391.2043,0.158792
62.5028,1.0829,-391.8949,0.158949
62.6980,1.0699,-392.5886,0.159107
62.9008,1.0571,-393.2809,0.159266
63.1114,1.0446,-393.9714,0.159426
63.3323,1.0329,-394.6659,0.159585
63.5614,1.0213,-395.3580,0.159746
63.8004,1.0099,-396.0498,0.159908
64.0474,0.9988,-396.7445,0.160071
64.3024,0.9880,-397.4353,0.160234
64.5691,0.9775,-398.1282,0.160398
64.8457,0.9676,-398.8181,0.160558
65.1323,0.9585,-399.5061,0.160727
65.4290,0.9497,-400.1934,0.160889
65.7348,0.9412,-400.8793,0.161054
66.0503,0.9334,-401.5579,0.161215
66.3767,0.9250,-402.2364,0.161382
66.7133,0.9171,-402.9083,0.161544
67.0615,0.9101,-403.5761,0.161710
67.4212,0.9037,-404.2379,0.161875
67.7927,0.8976,-404.8953,0.162043
68.1738,0.8916,-405.5456,0.162207
68.5635,0.8859,-406.1881,0.162373
68.9673,0.8802,-406.8280,0.162540
69.3782,0.8748,-407.4598,0.162708
69.7965,0.8698,-408.0823,0.162872
70.2231,0.8653,-408.7057,0.163043
70.6526,0.8610,-409.3219,0.163211
71.0882,0.8574,-409.9347,0.163381
71.5339,0.8544,-410.5460,0.163542
71.9858,0.8535,-411.1490,0.163712
72.4468,0.8536,-411.7469,0.163881
72.9189,0.8547,-412.3422,0.164049
73.3974,0.8563,-412.9348,0.164221
73.8800,0.8582,-413.5224,0.164392
74.3692,0.8601,-414.1076,0.164568
74.8656,0.8615,-414.6892,0.164742
75.3716,0.8626,-415.2690,0.164919
75.8832,0.8631,-415.8435,0.165098
76.4002,0.8635,-416.4127,0.165273
76.9260,0.8631,-416.9770,0.165449
77.4614,0.8619,-417.5407,0.165631
78.0002,0.8603,-418.0945,0.165808
78.5509,0.8584,-418.6472,0.165988
79.1064,0.8559,-419.1921,0.166166
79.6695,0.8529,-419.7363,0.166348
80.2335,0.8491,-420.2729,0.166532
80.8038,0.8449,-420.8084,0.166715
81.3793,0.8396,-421.3430,0.166899
81.9503,0.8336,-421.8719,0.167081
82.5337,0.8264,-422.4091,0.167271
83.1040,0.8186,-422.9305,0.167451
83.6889,0.8103,-423.4601,0.167640
84.2760,0.8015,-423.9855,0.167825
84.8634,0.7923,-424.5053,0.168008
85.4580,0.7821,-425.0277,0.168193
86.0502,0.7718,-425.5476,0.168382
86.6434,0.7616,-426.0700,0.168566
87.2341,0.7510,-426.5905,0.168752
87.8290,0.7402,-427.1149,0.168942
88.4218,0.7280,-427.6369,0.169128
89.0167,0.7156,-428.1614,0.169317
89.6131,0.7029,-428.6869,0.169508
90.2107,0.6901,-429.2134,0.169694
90.8075,0.6766,-429.7388,0.169885
91.4097,0.6620,-430.2675,0.170076
92.0098,0.6468,-430.7934,0.170266
92.6118,0.6316,-431.3187,0.170453
93.2213,0.6160,-431.8455,0.170646
93.8298,0.5998,-432.3661,0.170835
94.4433,0.5830,-432.8867,0.171025
95.0604,0.5660,-433.4066,0.171215
95.6731,0.5489,-433.9228,0.171407
96.2896,0.5316,-434.4416,0.171599
96.9073,0.5134,-434.9606,0.171790
97.5199,0.4956,-435.4737,0.171980
98.1336,0.4777,-435.9855,0.172173
98.7504,0.4600,-436.4987,0.172359
99.3630,0.4420,-437.0070,0.172551
99.9712,0.4241,-437.5124,0.172738
100.5825,0.4059,-438.0218,0.172925
101.1874,0.3873,-438.5271,0.173113
101.7928,0.3688,-439.0338,0.173306
102.3995,0.3504,-439.5405,0.173493
103.0041,0.3321,-440.0428,0.173684
103.6092,0.3139,-440.5426,0.173870
104.2134,0.2956,-441.0390,0.174062
104.8206,0.2770,-441.5363,0.174248
105.4228,0.2588,-442.0294,0.174431
106.0268,0.2411,-442.5259,0.174630
106.6252,0.2239,-443.0179,0.174822
107.2224,0.2059,-443.5092,0.175006
107.8236,0.1873,-444.0033,0.175200
108.4171,0.1693,-444.4906,0.175386
109.0117,0.1513,-444.9771,0.175571
109.6097,0.1342,-445.4653,0.175763
110.2057,0.1175,-445.9507,0.175955
110.7966,0.1014,-446.4311,0.176140
111.3912,0.0847,-446.9149,0.176326
111.9817,0.0675,-447.3948,0.176515
112.5736,0.0504,-447.8748,0.176701
113.1657,0.0331,-448.3537,0.176891
113.7538,0.0168,-448.8270,0.177079
114.3454,0.0008,-449.3020,0.177265
114.9340,-0.0148,-449.7740,0.177453
115.5205,-0.0303,-450.2441,0.177633
116.1067,-0.0461,-450.7147,0.177823
116.6903,-0.0621,-451.1842,0.178013
117.2740,-0.0790,-451.6532,0.178199
117.8548,-0.0966,-452.1199,0.178384
118.4353,-0.1147,-452.5865,0.178573
119.0140,-0.1324,-453.0518,0.178756
119.5938,-0.1497,-453.5181,0.178941
120.1714,-0.1668,-453.9828,0.179125
120.7445,-0.1833,-454.4434,0.179306
121.3193,-0.1990,-454.9058,0.179501
121.8920,-0.2151,-455.3661,0.179694
122.4587,-0.2299,-455.8224,0.179876
123.0203,-0.2443,-456.2744,0.180064
123.5758,-0.2586,-456.7218,0.180246
124.1205,-0.2732,-457.1608,0.180433
124.6583,-0.2886,-457.5938,0.180615
125.1879,-0.3040,-458.0215,0.180798
125.7037,-0.3186,-458.4386,0.180971
126.2100,-0.3330,-458.8483,0.181147
126.7045,-0.3465,-459.2489,0.181322
127.1881,-0.3595,-459.6419,0.181493
127.6634,-0.3720,-460.0289,0.181662
128.1313,-0.3844,-460.4113,0.181831
128.5910,-0.3970,-460.7892,0.182003
129.0485,-0.4101,-461.1680,0.182170
129.4994,-0.4233,-461.5448,0.182334
129.9451,-0.4367,-461.9205,0.182495
130.3875,-0.4502,-462.2960,0.182658
130.8265,-0.4636,-462.6707,0.182816
131.2602,-0.4767,-463.0437,0.182986
131.6910,-0.4895,-463.4161,0.183144
132.1193,-0.5016,-463.7891,0.183320
132.5420,-0.5133,-464.1603,0.183490
132.9612,-0.5246,-464.5298,0.183661
133.3787,-0.5354,-464.8994,0.183834
133.7914,-0.5462,-465.2676,0.184000
134.2004,-0.5569,-465.6344,0.184170
134.6072,-0.5678,-466.0015,0.184338
135.0075,-0.5787,-466.3645,0.184506
135.4016,-0.5893,-466.7244,0.184661
135.7924,-0.5997,-467.0838,0.184823
136.1749,-0.6097,-467.4372,0.184983
136.5531,-0.6192,-467.7886,0.185138
136.9278,-0.6290,-468.1386,0.185296
137.2946,-0.6387,-468.4841,0.185449
137.6596,-0.6483,-468.8304,0.185602
138.0179,-0.6584,-469.1729,0.185759
138.3711,-0.6687,-469.5138,0.185913
138.7192,-0.6792,-469.8528,0.186064
139.0629,-0.6899,-470.1906,0.186217
139.4029,-0.7005,-470.5267,0.186364
139.7356,-0.7110,-470.8597,0.186508
140.0644,-0.7211,-471.1920,0.186646
140.3875,-0.7309,-471.5224,0.186782
140.7063,-0.7403,-471.8514,0.186919
141.0199,-0.7492,-472.1787,0.187055
141.3274,-0.7576,-472.5037,0.187191
141.6296,-0.7657,-472.8278,0.187316
141.9282,-0.7739,-473.1499,0.187452
142.2204,-0.7819,-473.4695,0.187582
142.5092,-0.7899,-473.7896,0.187710
142.7915,-0.7977,-474.1080,0.187844
143.0673,-0.8056,-474.4256,0.187971
143.3347,-0.8137,-474.7432,0.188100
143.5965,-0.8216,-475.0630,0.188229
143.8510,-0.8295,-475.3830,0.188357
144.0996,-0.8372,-475.7007,0.188481
144.3417,-0.8447,-476.0173,0.188593
144.5756,-0.8521,-476.3336,0.188718
144.8030,-0.8595,-476.6503,0.188831
145.0241,-0.8670,-476.9691,0.188952
145.2360,-0.8745,-477.2878,0.189072
145.4405,-0.8819,-477.6081,0.189181
145.6361,-0.8894,-477.9317,0.189299
145.8275,-0.8970,-478.2558,0.189414
146.0131,-0.9046,-478.5814,0.189533
146.1929,-0.9123,-478.9057,0.189645
146.3697,-0.9202,-479.2329,0.189758
146.5401,-0.9282,-479.5588,0.189870
146.7046,-0.9361,-479.8844,0.189983
146.8643,-0.9440,-480.2109,0.190093
147.0184,-0.9518,-480.5376,0.190205
147.1664,-0.9598,-480.8664,0.190312
147.3097,-0.9673,-481.1927,0.190421
147.4353,-0.9771,-481.5287,0.190526
147.5681,-0.9812,-481.8560,0.190631
147.6953,-0.9854,-482.1831,0.190735
147.8172,-0.9901,-482.5099,0.190837
147.9332,-0.9949,-482.8362,0.190941
148.0251,-0.9917,-483.1756,0.191040
148.1252,-0.9931,-483.5008,0.191144
148.2264,-0.9950,-483.8290,0.191244
148.3221,-0.9964,-484.1567,0.191343
148.4101,-0.9997,-484.4816,0.191445
148.4913,-1.0022,-484.8104,0.191544
148.5740,-1.0072,-485.1339,0.191645
148.6402,-1.0115,-485.4605,0.191746
148.7011,-1.0154,-485.7889,0.191842
148.7526,-1.0190,-486.1154,0.191940
148.8011,-1.0235,-486.4422,0.192036
148.8450,-1.0278,-486.7693,0.192132
148.8824,-1.0317,-487.0949,0.192231
148.9134,-1.0365,-487.4193,0.192325
148.9364,-1.0407,-487.7437,0.192423
148.9713,-1.0464,-488.0641,0.192514
148.9767,-1.0521,-488.3859,0.192612
148.9711,-1.0578,-488.7061,0.192705
148.9612,-1.0635,-489.0269,0.192798
148.9442,-1.0689,-489.3439,0.192890
148.9212,-1.0745,-489.6610,0.192978
148.8913,-1.0800,-489.9774,0.193070
148.8538,-1.0854,-490.2904,0.193161
148.8094,-1.0908,-490.6018,0.193247
148.7588,-1.0962,-490.9107,0.193340
148.6268,-1.0765,-491.2092,0.193429
148.5556,-1.0719,-491.5121,0.193516
148.4864,-1.0696,-491.8111,0.193605
148.4140,-1.0681,-492.1113,0.193695
148.3360,-1.0668,-492.4084,0.193781
148.2493,-1.0650,-492.7044,0.193868
148.1553,-1.0632,-492.9957,0.193954
148.0636,-1.0648,-493.2912,0.194042
147.9818,-1.0718,-493.5884,0.194124
147.8997,-1.0816,-493.8824,0.194210
147.8111,-1.0901,-494.1710,0.194294
147.7126,-1.0977,-494.4524,0.194379
147.6039,-1.1076,-494.7369,0.194463
147.4863,-1.1145,-495.0089,0.194547
147.3701,-1.1261,-495.2799,0.194631
147.2534,-1.1401,-495.5529,0.194716
147.1165,-1.1516,-495.8173,0.194795
146.9929,-1.1669,-496.0859,0.194878
146.8692,-1.1783,-496.3553,0.194961
146.7373,-1.1887,-496.6315,0.195042
146.5897,-1.2019,-496.8890,0.195123
146.4325,-1.2036,-497.1366,0.195204
146.2696,-1.2057,-497.3835,0.195285
146.1044,-1.2071,-497.6284,0.195366
145.9371,-1.2083,-497.8686,0.195450
145.7626,-1.2093,-498.1011,0.195529
145.5828,-1.2107,-498.3323,0.195609
145.3984,-1.2123,-498.5571,0.195689
145.2101,-1.2144,-498.7770,0.195768
145.0194,-1.2162,-498.9941,0.195848
144.8263,-1.2174,-499.2083,0.195926
144.6306,-1.2189,-499.4211,0.196005
144.4329,-1.2203,-499.6315,0.196085
144.2286,-1.2214,-499.8341,0.196164
144.0187,-1.2226,-500.0402,0.196243
143.8122,-1.2234,-500.2505,0.196324
143.5966,-1.2229,-500.4525,0.196408
143.3882,-1.2251,-500.6639,0.196485
143.1737,-1.2273,-500.8685,0.196568
142.9501,-1.2296,-501.0690,0.196651
142.7214,-1.2320,-501.2670,0.196733
142.4872,-1.2343,-501.4646,0.196814
142.2465,-1.2368,-501.6626,0.196904
141.9960,-1.2388,-501.8471,0.196989
141.7519,-1.2454,-502.0491,0.197073
141.5027,-1.2524,-502.2498,0.197158
141.2467,-1.2604,-502.4474,0.197246
140.9830,-1.2679,-502.6416,0.197333
140.7088,-1.2751,-502.8237,0.197427
140.4333,-1.2873,-503.0148,0.197515
140.1488,-1.3002,-503.2064,0.197608
139.8686,-1.3128,-503.4189,0.197703
139.5751,-1.3197,-503.6093,0.197798
139.2741,-1.3268,-503.7991,0.197891
138.9702,-1.3272,-504.0036,0.197989
138.6570,-1.3291,-504.1901,0.198086
138.3352,-1.3329,-504.3736,0.198184
138.0116,-1.3354,-504.5600,0.198283
137.6798,-1.3376,-504.7450,0.198385
137.3401,-1.3406,-504.9317,0.198487
136.9955,-1.3438,-505.1156,0.198592
136.6440,-1.3473,-505.2982,0.198698
136.2845,-1.3509,-505.4804,0.198802
135.9209,-1.3548,-505.6599,0.198912
135.5497,-1.3587,-505.8386,0.199018
135.1729,-1.3630,-506.0148,0.199130
134.7892,-1.3676,-506.1873,0.199235
134.3969,-1.3723,-506.3634,0.199351
134.0004,-1.3773,-506.5400,0.199467
133.5955,-1.3825,-506.7178,0.199582
133.1848,-1.3876,-506.8962,0.199700
132.7704,-1.3927,-507.0755,0.199816
132.3489,-1.3977,-507.2555,0.199936
131.9206,-1.4026,-507.4350,0.200059
131.4866,-1.4074,-507.6115,0.200179
131.0468,-1.4123,-507.7854,0.200303
130.5978,-1.4173,-507.9547,0.200430
130.1434,-1.4223,-508.1198,0.200559
129.6807,-1.4275,-508.2823,0.200686
129.2106,-1.4328,-508.4414,0.200816
128.7366,-1.4382,-508.5961,0.200951
128.2527,-1.4438,-508.7483,0.201085
127.7633,-1.4496,-508.8958,0.201220
127.2573,-1.4557,-509.0405,0.201362
126.7600,-1.4617,-509.1781,0.201495
126.2476,-1.4678,-509.3165,0.201636
125.7285,-1.4737,-509.4560,0.201778
125.2045,-1.4797,-509.5957,0.201915
124.6729,-1.4855,-509.7350,0.202063
124.1342,-1.4913,-509.8730,0.202213
123.5881,-1.4970,-510.0079,0.202359
123.0403,-1.5027,-510.1397,0.202513
122.4791,-1.5084,-510.2704,0.202659
121.9138,-1.5143,-510.4000,0.202812
121.3426,-1.5204,-510.5311,0.202967
120.7604,-1.5264,-510.6658,0.203129
120.1738,-1.5321,-510.8010,0.203284
119.5824,-1.5375,-510.9358,0.203449
118.9805,-1.5425,-511.0714,0.203610
118.3741,-1.5473,-511.2062,0.203776
117.7629,-1.5521,-511.3410,0.203943
117.1407,-1.5571,-511.4766,0.204113
116.5133,-1.5623,-511.6118,0.204285
115.8779,-1.5681,-511.7467,0.204455
115.2361,-1.5741,-511.8813,0.204632
114.5872,-1.5801,-512.0153,0.204806
113.9359,-1.5858,-512.1473,0.204984
113.2830,-1.5911,-512.2751,0.205160
112.6207,-1.5962,-512.4024,0.205342
111.9499,-1.6011,-512.5291,0.205521
111.2728,-1.6059,-512.6548,0.205705
110.5887,-1.6106,-512.7814,0.205888
109.9011,-1.6150,-512.9092,0.206078
109.2024,-1.6195,-513.0383,0.206264
108.4999,-1.6242,-513.1675,0.206455
107.7928,-1.6291,-513.2966,0.206644
107.0784,-1.6338,-513.4257,0.206835
106.3541,-1.6384,-513.5558,0.207031
105.6301,-1.6427,-513.6852,0.207223
104.8950,-1.6470,-513.8150,0.207414
104.1571,-1.6513,-513.9434,0.207615
103.4154,-1.6558,-514.0700,0.207808
102.6672,-1.6606,-514.1948,0.208000
101.9168,-1.6653,-514.3171,0.208204
101.1671,-1.6702,-514.4362,0.208400
100.4098,-1.6753,-514.5546,0.208598
99.6543,-1.6801,-514.6697,0.208796
98.8940,-1.6850,-514.7832,0.208999
98.1368,-1.6901,-514.8935,0.209193
97.3735,-1.6953,-515.0021,0.209393
96.6133,-1.7005,-515.1074,0.209588
95.8458,-1.7055,-515.2109,0.209788
95.0809,-1.7101,-515.3093,0.209986
94.3164,-1.7142,-515.4034,0.210181
93.5467,-1.7176,-515.4935,0.210378
92.7776,-1.7202,-515.5785,0.210581
92.0071,-1.7224,-515.6584,0.210779
91.2386,-1.7240,-515.7332,0.210978
90.4656,-1.7256,-515.8031,0.211176
89.6894,-1.7273,-515.8683,0.211368
88.9176,-1.7293,-515.9271,0.211572
88.1385,-1.7314,-515.9831,0.211770
87.3636,-1.7334,-516.0373,0.211963
86.5815,-1.7355,-516.0907,0.212166
85.8014,-1.7372,-516.1415,0.212368
85.0189,-1.7383,-516.1895,0.212567
84.2370,-1.7393,-516.2327,0.212764
83.4524,-1.7403,-516.2704,0.212972
82.6652,-1.7412,-516.3026,0.213175
81.8784,-1.7422,-516.3307,0.213374
81.0894,-1.7434,-516.3544,0.213578
80.3022,-1.7448,-516.3734,0.213779
79.5160,-1.7463,-516.3878,0.213986
78.7321,-1.7479,-516.3974,0.214189
77.9490,-1.7492,-516.4023,0.214391
77.1647,-1.7500,-516.4025,0.214597
76.3848,-1.7507,-516.3978,0.214803
75.6070,-1.7513,-516.3875,0.215000
74.8285,-1.7523,-516.3732,0.215202
74.0552,-1.7535,-516.3541,0.215397
73.2843,-1.7550,-516.3305,0.215598
72.5115,-1.7565,-516.3024,0.215796
71.7403,-1.7577,-516.2708,0.216012
70.9702,-1.7580,-516.2355,0.216194
70.2049,-1.7577,-516.1964,0.216400
69.4407,-1.7566,-516.1528,0.216595
68.6795,-1.7556,-516.1063,0.216794
67.9194,-1.7549,-516.0558,0.216991
67.1583,-1.7545,-516.0017,0.217194
66.4027,-1.7541,-515.9440,0.217384
65.6491,-1.7535,-515.8826,0.217586
64.8960,-1.7526,-515.8175,0.217777
64.1491,-1.7511,-515.7491,0.217973
63.4005,-1.7489,-515.6761,0.218166
62.6549,-1.7468,-515.6004,0.218361
61.9093,-1.7448,-515.5207,0.218554
61.1701,-1.7430,-515.4380,0.218747
60.4309,-1.7411,-515.3516,0.218942
59.6965,-1.7386,-515.2618,0.219134
58.9623,-1.7347,-515.1682,0.219323
58.2299,-1.7297,-515.0709,0.219516
57.5024,-1.7233,-514.9702,0.219706
56.7731,-1.7155,-514.8663,0.219896
56.0499,-1.7065,-514.7590,0.220087
55.3273,-1.6959,-514.6476,0.220272
54.6069,-1.6846,-514.5331,0.220463
53.8909,-1.6726,-514.4156,0.220649
53.1750,-1.6598,-514.2946,0.220835
52.4653,-1.6464,-514.1710,0.221024
51.7545,-1.6322,-514.0428,0.221212
51.0478,-1.6181,-513.9127,0.221391
50.3446,-1.6040,-513.7799,0.221575
49.6414,-1.5903,-513.6436,0.221753
48.9415,-1.5765,-513.5037,0.221936
48.2457,-1.5626,-513.3599,0.222122
47.5542,-1.5486,-513.2115,0.222302
46.8675,-1.5347,-513.0565,0.222486
46.1831,-1.5208,-512.8938,0.222662
45.5039,-1.5068,-512.7234,0.222845
44.8289,-1.4927,-512.5483,0.223019
44.1584,-1.4759,-512.3534,0.223200
43.4911,-1.4577,-512.1653,0.223378
42.8267,-1.4398,-511.9703,0.223553
42.1492,-1.4243,-511.7785,0.223731
41.5121,-1.4030,-511.5596,0.223909
40.8580,-1.3841,-511.3430,0.224086
40.1971,-1.3730,-511.1295,0.224258
39.5686,-1.3449,-510.8914,0.224435
38.9255,-1.3253,-510.6602,0.224611
38.2707,-1.3208,-510.4352,0.224783
37.6497,-1.2845,-510.1872,0.224955
36.9990,-1.2662,-509.9533,0.225129
36.3704,-1.2633,-509.7064,0.225305
35.7627,-1.2204,-509.4475,0.225475
35.1243,-1.2015,-509.1995,0.225645
34.5069,-1.1969,-508.9398,0.225816
33.9111,-1.1492,-508.6700,0.225983
33.2801,-1.1341,-508.4104,0.226157
32.6741,-1.1270,-508.1410,0.226324
32.0899,-1.0709,-507.8612,0.226491
31.4701,-1.0587,-507.5898,0.226659
30.8755,-1.0492,-507.3090,0.226828
30.3087,-0.9902,-507.0352,0.226994
29.6971,-0.9761,-506.7368,0.227159
29.1140,-0.9663,-506.4460,0.227322
28.5397,-0.9068,-506.1535,0.227489
27.9655,-0.8976,-505.8493,0.227653
27.3998,-0.8885,-505.5397,0.227815
26.8437,-0.8286,-505.2266,0.227979
26.2897,-0.8188,-504.9039,0.228142
25.7422,-0.8089,-504.5754,0.228303
25.2069,-0.7448,-504.2427,0.228467
24.6753,-0.7332,-503.8999,0.228626
24.1481,-0.7223,-503.5495,0.228786
23.6284,-0.6597,-503.1946,0.228947
23.1184,-0.6477,-502.8334,0.229106
22.6367,-0.6172,-502.4837,0.229265
22.1156,-0.5710,-502.0941,0.229424
21.6189,-0.5570,-501.7125,0.229583
21.1384,-0.4891,-501.3323,0.229737
20.6567,-0.4740,-500.9410,0.229897
20.1801,-0.4581,-500.5437,0.230054
19.7149,-0.3918,-500.1486,0.230210
19.2479,-0.3754,-499.7451,0.230366
18.8029,-0.3407,-499.3611,0.230523
18.3151,-0.2908,-498.9390,0.230676
17.8435,-0.2730,-498.5318,0.230834
17.3995,-0.2053,-498.1300,0.230988
16.9125,-0.1821,-497.7224,0.231145
16.4434,-0.1630,-497.3102,0.231302
16.0004,-0.0940,-496.9027,0.231458
15.5141,-0.0717,-496.4866,0.231617
15.0676,-0.0194,-496.0707,0.231774
14.6028,0.0167,-495.6526,0.231932
14.1180,0.0374,-495.2299,0.232091
13.6686,0.0840,-494.8034,0.232251
13.2045,0.1154,-494.3777,0.232407
12.7166,0.1367,-493.9439,0.232571
12.2696,0.1770,-493.5108,0.232729
11.8033,0.2073,-493.0738,0.232890
11.3162,0.2286,-492.6311,0.233054
10.8663,0.2678,-492.1861,0.233215
10.3859,0.2898,-491.7471,0.233378
9.9169,0.3221,-491.2952,0.233541
9.4464,0.3542,-490.8394,0.233705
8.9737,0.3858,-490.3777,0.233872
8.4997,0.4152,-489.9145,0.234037
8.0258,0.4470,-489.4479,0.234204
7.5527,0.4785,-488.9789,0.234373
7.0764,0.5102,-488.5044,0.234542
6.5971,0.5417,-488.0252,0.234713
6.1209,0.5729,-487.5464,0.234883
5.6420,0.6036,-487.0607,0.235056
5.1608,0.6343,-486.5706,0.235229
4.6795,0.6650,-486.0775,0.235401
4.1972,0.6956,-485.5803,0.235575
3.7149,0.7260,-485.0800,0.235750
3.2327,0.7560,-484.5769,0.235925
2.7469,0.7859,-484.0672,0.236101
2.2605,0.8156,-483.5538,0.236281
1.7741,0.8450,-483.0372,0.236458
1.2846,0.8747,-482.5159,0.236637
0.7941,0.9046,-481.9920,0.236816
0.3025,0.9350,-481.4653,0.236997
-0.1909,0.9661,-480.9343,0.237176
-0.6865,0.9974,-480.3987,0.237359
-1.1794,1.0282,-479.8636,0.237541
-1.6787,1.0591,-479.3197,0.237726
-2.1758,1.0888,-478.7762,0.237911
-2.6738,1.1184,-478.2304,0.238094
-3.1725,1.1476,-477.6819,0.238279
-3.6731,1.1771,-477.1287,0.238466
-4.1688,1.2068,-476.5786,0.238651
-4.6660,1.2374,-476.0242,0.238837
-5.1623,1.2683,-475.4680,0.239024
-5.6578,1.2997,-474.9108,0.239208
-6.1521,1.3312,-474.3524,0.239395
-6.6470,1.3626,-473.7924,0.239582
-7.1406,1.3941,-473.2328,0.239769
-7.6367,1.4257,-472.6692,0.239956
-8.1302,1.4571,-472.1068,0.240143
-8.6223,1.4882,-471.5443,0.240328
-9.1168,1.5192,-470.9793,0.240516
-9.6107,1.5501,-470.4161,0.240703
-10.1069,1.5813,-469.8540,0.240889
-10.6052,1.6131,-469.2943,0.241076
-11.1079,1.6452,-468.7329,0.241263
-11.6070,1.6774,-468.1783,0.241448
-12.1099,1.7100,-467.6220,0.241635
-12.6143,1.7426,-467.0667,0.241820
-13.1158,1.7749,-466.5146,0.242006
-13.6183,1.8071,-465.9616,0.242193
-14.1198,1.8390,-465.4099,0.242378
-14.6196,1.8707,-464.8602,0.242563
-15.1182,1.9021,-464.3112,0.242747
-15.6171,1.9315,-463.7626,0.242933
-16.1146,1.9635,-463.2153,0.243115
-16.6107,1.9953,-462.6699,0.243301
-17.1057,2.0271,-462.1257,0.243484
-17.5994,2.0587,-461.5830,0.243667
-18.0911,2.0902,-461.0425,0.243850
-18.5807,2.1214,-460.5035,0.244030
-19.0689,2.1524,-459.9659,0.244211
-19.5575,2.1833,-459.4277,0.244392
-20.0429,2.2137,-458.8928,0.244572
-20.5262,2.2439,-458.3600,0.244750
-21.0129,2.2743,-457.8232,0.244931
-21.4936,2.3044,-457.2931,0.245109
-21.9728,2.3342,-456.7649,0.245286
-22.4534,2.3640,-456.2349,0.245464
-22.9333,2.3935,-455.7057,0.245641
-23.4094,2.4225,-455.1809,0.245817
-23.8837,2.4513,-454.6578,0.245994
-24.3580,2.4800,-454.1347,0.246166
-24.8325,2.5086,-453.6113,0.246344
-25.3031,2.5370,-453.0921,0.246521
-25.7753,2.5654,-452.5712,0.246696
-26.2448,2.5937,-452.0530,0.246868
-26.7123,2.6217,-451.5375,0.247039
-27.1798,2.6497,-451.0217,0.247212
-27.6448,2.6774,-450.5088,0.247383
-28.1097,2.7049,-449.9961,0.247554
-28.5736,2.7320,-449.4846,0.247726
-29.0350,2.7585,-448.9759,0.247896
-29.4955,2.7847,-448.4685,0.248065
-29.9574,2.8107,-447.9594,0.248237
-30.4159,2.8365,-447.4545,0.248404
-30.8730,2.8622,-446.9514,0.248571
-31.3317,2.8881,-446.4466,0.248741
-31.7858,2.9136,-445.9471,0.248907
-32.2399,2.9388,-445.4478,0.249074
-32.6950,2.9636,-444.9477,0.249241
-33.1478,2.9879,-444.4507,0.249407
-33.5992,3.0114,-443.9567,0.249571
-34.0529,3.0345,-443.4615,0.249737
-34.5041,3.0570,-442.9704,0.249900
-34.9553,3.0792,-442.4813,0.250066
-35.4084,3.1012,-441.9918,0.250226
-35.8597,3.1229,-441.5063,0.250389
-36.3120,3.1446,-441.0226,0.250551
-36.7660,3.1665,-440.5401,0.250713
-37.2172,3.1884,-440.0632,0.250876
-37.6714,3.2108,-439.5866,0.251036
-38.1273,3.2334,-439.1114,0.251196
-38.5826,3.2561,-438.6399,0.251355
-39.0401,3.2791,-438.1697,0.251514
-39.4985,3.3022,-437.7033,0.251675
-39.9572,3.3253,-437.2412,0.251831
-40.4192,3.3484,-436.7808,0.251988
-40.8853,3.3714,-436.3239,0.252147
-41.3537,3.3941,-435.8736,0.252303
-41.8268,3.4165,-435.4240,0.252461
-42.3002,3.4386,-434.9799,0.252619
-42.7763,3.4604,-434.5386,0.252777
-43.2511,3.4816,-434.1031,0.252932
-43.7316,3.5029,-433.6674,0.253085
-44.2110,3.5237,-433.2381,0.253239
-44.6930,3.5445,-432.8117,0.253394
-45.1798,3.5651,-432.3876,0.253550
-45.6678,3.5857,-431.9665,0.253709
-46.1566,3.6059,-431.5498,0.253860
-46.6494,3.6262,-431.1348,0.254013
-47.1465,3.6465,-430.7213,0.254169
-47.6415,3.6666,-430.3145,0.254327
-48.1413,3.6871,-429.9080,0.254476
-48.6396,3.7077,-429.5034,0.254635
-49.1412,3.7288,-429.0978,0.254790
-49.6405,3.7498,-428.6959,0.254942
-50.1428,3.7711,-428.2944,0.255099
-50.6509,3.7928,-427.8940,0.255252
-51.1607,3.8149,-427.4994,0.255406
-51.6761,3.8376,-427.1068,0.255560
-52.1935,3.8608,-426.7181,0.255712
-52.7152,3.8847,-426.3319,0.255868
-53.2389,3.9094,-425.9504,0.256022
-53.7703,3.9354,-425.5718,0.256177
-54.3038,3.9615,-425.1988,0.256328
-54.8436,3.9881,-424.8295,0.256481
-55.3856,4.0143,-424.4673,0.256633
-55.9345,4.0406,-424.1088,0.256788
-56.4894,4.0670,-423.7543,0.256940
-57.0440,4.0927,-423.4078,0.257096
-57.6008,4.1179,-423.0665,0.257248
-58.1620,4.1426,-422.7235,0.257403
-58.7204,4.1664,-422.3824,0.257555
-59.2825,4.1896,-422.0423,0.257715
-59.8484,4.2123,-421.7040,0.257869
-60.4134,4.2341,-421.3705,0.258025
-60.9862,4.2555,-421.0370,0.258184
-61.5604,4.2762,-420.7073,0.258337
-62.1362,4.2960,-420.3819,0.258501
-62.7189,4.3155,-420.0607,0.258661
-63.3072,4.3350,-419.7423,0.258816
-63.8960,4.3543,-419.4315,0.258978
-64.4918,4.3738,-419.1251,0.259138
-65.0937,4.3935,-418.8237,0.259295
-65.6991,4.4134,-418.5286,0.259457
-66.3153,4.4339,-418.2360,0.259615
-66.9218,4.4543,-417.9560,0.259775
-67.5400,4.4752,-417.6793,0.259935
-68.1584,4.4963,-417.4079,0.260090
-68.7826,4.5177,-417.1410,0.260254
-69.4098,4.5391,-416.8799,0.260415
-70.0405,4.5605,-416.6245,0.260570
-70.6768,4.5821,-416.3741,0.260731
-71.3137,4.6035,-416.1305,0.260892
-71.9556,4.6250,-415.8922,0.261049
-72.6042,4.6465,-415.6599,0.261207
-73.2503,4.6678,-415.4335,0.261371
-73.9005,4.6890,-415.2118,0.261535
-74.5576,4.7103,-414.9942,0.261699
-75.2155,4.7314,-414.7835,0.261859
-75.8754,4.7525,-414.5793,0.262019
-76.5449,4.7738,-414.3788,0.262185
-77.2086,4.7951,-414.1864,0.262344
-77.8795,4.8169,-413.9965,0.262515
-78.5555,4.8393,-413.8108,0.262679
-79.2282,4.8620,-413.6300,0.262841
-79.9049,4.8852,-413.4534,0.263006
-80.5884,4.9091,-413.2802,0.263168
-81.2702,4.9337,-413.1132,0.263338
-81.9556,4.9589,-412.9503,0.263503
-82.6491,4.9851,-412.7910,0.263672
-83.3391,5.0112,-412.6373,0.263843
-84.0355,5.0372,-412.4880,0.264012
-84.7355,5.0628,-412.3416,0.264185
-85.4325,5.0874,-412.2010,0.264351
-86.1388,5.1115,-412.0636,0.264527
-86.8437,5.1347,-411.9316,0.264698
-87.5498,5.1571,-411.8026,0.264873
-88.2585,5.1789,-411.6738,0.265048
-88.9726,5.2004,-411.5454,0.265226
-89.6827,5.2210,-411.4208,0.265393
-90.4015,5.2417,-411.2974,0.265571
-91.1206,5.2623,-411.1780,0.265740
-91.8412,5.2828,-411.0636,0.265913
-92.5688,5.3034,-410.9535,0.266085
-93.2956,5.3240,-410.8490,0.266257
-94.0272,5.3448,-410.7491,0.266428
-94.7599,5.3657,-410.6543,0.266602
-95.4982,5.3868,-410.5646,0.266778
-96.2365,5.4077,-410.4797,0.266955
-96.9780,5.4286,-410.4006,0.267130
-97.7250,5.4492,-410.3274,0.267316
-98.4695,5.4695,-410.2605,0.267488
-99.2179,5.4898,-410.1988,0.267678
-99.9719,5.5100,-410.1425,0.267866
-100.7199,5.5303,-410.0911,0.268046
-101.4730,5.5510,-410.0406,0.268226
-102.2280,5.5720,-409.9930,0.268399
-102.9863,5.5936,-409.9489,0.268580
-103.7450,5.6158,-409.9113,0.268755
-104.5080,5.6387,-409.8809,0.268935
-105.2723,5.6627,-409.8584,0.269110
-106.0369,5.6874,-409.8428,0.269288
-106.8061,5.7133,-409.8345,0.269467
-107.5707,5.7398,-409.8335,0.269646
-108.3384,5.7675,-409.8406,0.269822
-109.1059,5.7952,-409.8535,0.270007
-109.8741,5.8229,-409.8733,0.270187
-110.6422,5.8504,-409.9000,0.270369
-111.4122,5.8779,-409.9334,0.270553
-112.1795,5.9054,-409.9734,0.270738
-112.9509,5.9327,-410.0195,0.270924
-113.7198,5.9606,-410.0720,0.271106
-114.4893,5.9886,-410.1324,0.271292
-115.2630,6.0179,-410.1987,0.271477
-116.0329,6.0480,-410.2714,0.271663
-116.8043,6.0792,-410.3514,0.271843
-117.5771,6.1110,-410.4384,0.272033
-118.3538,6.1431,-410.5326,0.272218
-119.1227,6.1751,-410.6327,0.272404
-119.8956,6.2073,-410.7390,0.272591
-120.6692,6.2399,-410.8519,0.272776
-121.4422,6.2728,-410.9695,0.272962
-122.2146,6.3058,-411.0939,0.273147
-122.9891,6.3391,-411.2260,0.273336
-123.7624,6.3724,-411.3654,0.273527
-124.5405,6.4154,-411.4998,0.273713
-125.3141,6.4550,-411.6553,0.273907
-126.0939,6.4820,-411.8368,0.274092
-126.8568,6.5322,-411.9898,0.274284
-127.6306,6.5703,-412.1695,0.274475
-128.4076,6.5976,-412.3724,0.274663
-129.1803,6.6181,-412.5688,0.274855
-129.9545,6.6386,-412.7720,0.275046
-130.7038,6.6446,-412.9707,0.275241
-131.4745,6.6751,-413.1757,0.275433
-132.2419,6.7058,-413.3792,0.275620
-133.0218,6.7547,-413.5463,0.275812
-133.7851,6.8019,-413.7497,0.276003
-134.5537,6.8479,-413.9588,0.276200
-135.3040,6.8813,-414.2117,0.276394
-136.0759,6.9124,-414.4258,0.276588
-136.8495,6.9442,-414.6427,0.276781
-137.6232,6.9766,-414.8672,0.276975
-138.3994,7.0095,-415.1049,0.277171
-139.1711,7.0423,-415.3483,0.277366
-139.9428,7.0751,-415.5966,0.277562
-140.7133,7.1078,-415.8477,0.277759
-141.4843,7.1404,-416.1075,0.277957
-142.2510,7.1726,-416.3751,0.278153
-143.0197,7.2047,-416.6512,0.278351
-143.7851,7.2364,-416.9315,0.278550
-144.5499,7.2678,-417.2115,0.278750
-145.3172,7.2976,-417.4916,0.278949
-146.0833,7.3263,-417.7714,0.279147
-146.8520,7.3550,-418.0522,0.279348
-147.6177,7.3836,-418.3326,0.279550
-148.3866,7.4117,-418.6152,0.279753
-149.1588,7.4395,-418.8995,0.279958
-149.9283,7.4674,-419.1827,0.280158
-150.7031,7.4958,-419.4688,0.280363
-151.4764,7.5247,-419.7559,0.280569
-152.2521,7.5544,-420.0468,0.280772
-153.0313,7.5847,-420.3412,0.280978
-153.8057,7.6150,-420.6352,0.281182
-154.5857,7.6464,-420.9329,0.281388
-155.3621,7.6789,-421.2307,0.281594
-156.1424,7.7118,-421.5322,0.281801
-156.9225,7.7447,-421.8354,0.282008
-157.7024,7.7775,-422.1401,0.282217
-158.4823,7.8101,-422.4465,0.282423
-159.2669,7.8426,-422.7572,0.282632
-160.0454,7.8748,-423.0668,0.282839
-160.8289,7.9069,-423.3789,0.283049
-161.6131,7.9382,-423.6915,0.283259
-162.3986,7.9693,-424.0051,0.283469
-163.1887,8.0002,-424.3210,0.283681
-163.9770,8.0309,-424.6366,0.283892
-164.7668,8.0618,-424.9526,0.284103
-165.5612,8.0929,-425.2703,0.284316
-166.3531,8.1240,-425.5868,0.284526
-167.1465,8.1553,-425.9038,0.284740
-167.9414,8.1864,-426.2214,0.284952
-168.7418,8.2179,-426.5410,0.285166
-169.5397,8.2497,-426.8595,0.285379
-170.3410,8.2821,-427.1795,0.285593
-171.1440,8.3150,-427.5008,0.285808
-171.9481,8.3485,-427.8236,0.286021
-172.7562,8.3825,-428.1490,0.286238
-173.5621,8.4166,-428.4746,0.286455
-174.3716,8.4515,-428.8026,0.286671
-175.1798,8.4866,-429.1314,0.286889
-175.9916,8.5218,-429.4629,0.287106
-176.8051,8.5570,-429.7963,0.287324
-177.6181,8.5923,-430.1307,0.287541
-178.4324,8.6276,-430.4673,0.287760
-179.2488,8.6624,-430.8062,0.287980
-180.0667,8.6970,-431.1471,0.288200
-180.8853,8.7320,-431.4893,0.288421
-181.7058,8.7669,-431.8328,0.288641
-182.5259,8.8016,-432.1767,0.288863
-183.3499,8.8363,-432.5224,0.289083
-184.1742,8.8708,-432.8683,0.289307
-185.0002,8.9055,-433.2153,0.289530
-185.8288,8.9406,-433.5636,0.289753
-186.6579,8.9753,-433.9124,0.289977
-187.4938,9.0101,-434.2639,0.290202
-188.3248,9.0451,-434.6134,0.290424
-189.1604,9.0805,-434.9652,0.290649
-189.9956,9.1149,-435.3171,0.290873
-190.8347,9.1497,-435.6709,0.291101
-191.6758,9.1847,-436.0258,0.291326
-192.5155,9.2195,-436.3808,0.291556
-193.3589,9.2543,-436.7379,0.291782
-194.2021,9.2887,-437.0955,0.292009
-195.0529,9.3233,-437.4567,0.292242
-195.8958,9.3580,-437.8144,0.292468
-196.7601,9.3981,-438.1289,0.292697
-197.6134,9.4276,-438.4864,0.292928
-198.4620,9.4566,-438.8408,0.293159
-199.3142,9.4851,-439.1963,0.293388
-200.1701,9.5140,-439.5516,0.293616
-201.0307,9.5426,-439.9065,0.293850
-201.8935,9.5710,-440.2605,0.294080
-202.7547,9.5996,-440.6123,0.294315
-203.6197,9.6287,-440.9641,0.294547
-204.4878,9.6576,-441.3159,0.294779
-205.3541,9.6870,-441.6671,0.295010
-206.2244,9.7168,-442.0205,0.295247
-207.0950,9.7470,-442.3743,0.295478
-207.9676,9.7775,-442.7293,0.295713
-208.8427,9.8084,-443.0854,0.295948
-209.7182,9.8400,-443.4418,0.296183
-210.5961,9.8724,-443.7996,0.296417
-211.4743,9.9047,-444.1577,0.296656
-212.3542,9.9369,-444.5167,0.296889
-213.2183,9.9617,-444.9155,0.297128
-214.1004,9.9958,-445.2789,0.297363
-214.9835,10.0295,-445.6457,0.297602
-215.8650,10.0620,-446.0150,0.297839
-216.7502,10.0941,-446.3884,0.298079
-217.6326,10.1258,-446.7622,0.298317
-218.5186,10.1572,-447.1394,0.298555
-219.4006,10.1878,-447.5171,0.298797
-220.2761,10.2663,-447.8950,0.299037
-221.1779,10.3040,-448.2898,0.299277
-222.0652,10.3339,-448.6811,0.299518
-222.9500,10.3642,-449.0706,0.299759
-223.8367,10.3945,-449.4598,0.300001
-224.7234,10.4254,-449.8472,0.300243
-225.6085,10.4564,-450.2310,0.300481
-226.4978,10.4871,-450.6143,0.300723
-227.3899,10.5185,-450.9975,0.300964
-228.2859,10.5545,-451.3800,0.301212
-229.1806,10.5859,-451.7588,0.301452
-230.0780,10.6176,-452.1360,0.301697
-230.9797,10.6492,-452.5130,0.301940
-231.8837,10.6813,-452.8891,0.302182
-232.7855,10.7127,-453.2621,0.302428
-233.6905,10.7445,-453.6337,0.302672
-234.6026,10.7763,-454.0055,0.302918
-235.5101,10.8118,-454.3725,0.303161
-236.4214,10.8434,-454.7388,0.303409
-237.3379,10.8745,-455.1048,0.303650
-238.2499,10.9059,-455.4676,0.303897
-239.1721,10.9373,-455.8341,0.304145
-240.0912,10.9697,-456.1990,0.304388
-241.0088,11.0022,-456.5626,0.304635
-241.9342,11.0349,-456.9294,0.304885
-242.8585,11.0724,-457.2961,0.305132
-243.7838,11.1056,-457.6637,0.305380
-244.7061,11.1384,-458.0308,0.305627
-245.6338,11.1679,-458.4006,0.305873
-246.5652,11.1954,-458.7726,0.306125
-247.4924,11.2375,-459.1415,0.306372
-248.4186,11.2833,-459.5114,0.306622
-249.3359,11.3240,-459.8675,0.306869
-250.2653,11.3500,-460.2428,0.307119
-251.1997,11.3795,-460.6204,0.307373
-252.1339,11.4115,-460.9952,0.307620
-253.0661,11.4449,-461.3703,0.307870
-254.0018,11.4788,-461.7460,0.308120
-254.9400,11.5130,-462.1227,0.308373
-255.8773,11.5471,-462.4994,0.308623
-256.8173,11.5813,-462.8780,0.308875
-257.7544,11.6148,-463.2556,0.309125
-258.6956,11.6487,-463.6350,0.309382
-259.6386,11.6834,-464.0145,0.309632
-260.5998,11.7198,-464.4013,0.309905
-261.5273,11.7557,-464.7747,0.310137
-262.4695,11.7922,-465.1538,0.310391
-263.4175,11.8286,-465.5355,0.310649
-264.3631,11.8644,-465.9160,0.310905
-265.3136,11.9000,-466.2988,0.311154
-266.2614,11.9352,-466.6805,0.311414
-267.2130,11.9698,-467.0632,0.311667
-268.1686,12.0046,-467.4475,0.311921
-269.1237,12.0392,-467.8319,0.312177
-270.0760,12.0740,-468.2150,0.312431
-271.0251,12.1091,-468.5965,0.312690
-271.9867,12.1448,-468.9839,0.312944
-272.9416,12.1803,-469.3694,0.313204
-273.9057,12.2164,-469.7592,0.313463
-274.8672,12.2517,-470.1477,0.313723
-275.8328,12.2842,-470.5485,0.313981
-276.7996,12.3218,-470.9393,0.314240
-277.7632,12.3593,-471.3298,0.314497
-278.7361,12.3973,-471.7250,0.314761
-279.7037,12.4350,-472.1073,0.315023
-280.6766,12.4707,-472.5024,0.315282
-281.6462,12.5063,-472.8958,0.315542
-282.6210,12.5438,-473.2913,0.315802
-283.5947,12.5798,-473.6861,0.316065
-284.5617,12.6157,-474.0778,0.316328
-285.5262,12.6518,-474.4683,0.316585
-286.4869,12.6877,-474.8571,0.316844
-287.4513,12.7242,-475.2473,0.317098
-288.4119,12.7609,-475.6361,0.317359
-289.3728,12.7971,-476.0251,0.317617
-290.3432,12.8334,-476.4178,0.317876
-291.2902,12.8686,-476.8012,0.318132
-292.2486,12.9048,-477.1891,0.318390
-293.2080,12.9414,-477.5776,0.318646
-294.1699,12.9790,-477.9672,0.318905
-295.1282,13.0169,-478.3553,0.319163
-296.0940,13.0552,-478.7468,0.319420
-297.0527,13.0934,-479.1357,0.319682
-298.0141,13.1319,-479.5260,0.319937
-298.9828,13.1711,-479.9200,0.320199
-299.9469,13.2099,-480.3131,0.320456
-300.9114,13.2486,-480.7078,0.320714
-301.8824,13.2869,-481.1059,0.320971
-302.8500,13.3252,-481.5041,0.321230
-303.8188,13.3641,-481.9046,0.321491
-304.7896,13.4037,-482.3075,0.321754
-305.7567,13.4434,-482.7108,0.322013
-306.7290,13.4828,-483.1176,0.322272
-307.7014,13.5216,-483.5257,0.322535
-308.6710,13.5602,-483.9343,0.322796
-309.6453,13.6000,-484.3463,0.323059
-310.6186,13.6410,-484.7599,0.323316
-311.5923,13.6829,-485.1759,0.323581
-312.5676,13.7249,-485.5947,0.323842
-313.5458,13.7669,-486.0176,0.324106
-314.5177,13.8081,-486.4402,0.324366
-315.4912,13.8490,-486.8661,0.324628
-316.4687,13.8896,-487.2966,0.324893
-317.4460,13.9302,-487.7294,0.325153
-318.4210,13.9707,-488.1643,0.325417
-319.3994,14.0118,-488.6039,0.325679
-320.3766,14.0542,-489.0459,0.325943
-321.3525,14.0972,-489.4911,0.326209
-322.3301,14.1402,-489.9403,0.326471
-323.3036,14.1830,-490.3911,0.326734
-324.2799,14.2254,-490.8471,0.327000
-325.2571,14.2671,-491.3075,0.327264
-326.2306,14.3078,-491.7698,0.327530
-327.2089,14.3482,-492.2380,0.327795
-328.1852,14.3885,-492.7092,0.328058
-329.1603,14.4293,-493.1841,0.328327
-330.1393,14.4726,-493.6670,0.328590
-331.1085,14.5173,-494.1499,0.328861
-332.0827,14.5626,-494.6414,0.329126
-333.0545,14.6069,-495.1364,0.329396
-334.0285,14.6504,-495.6375,0.329663
-334.9950,14.6928,-496.1395,0.329928
-335.9657,14.7348,-496.6488,0.330195
-336.9412,14.7768,-497.1671,0.330466
-337.9009,14.8180,-497.6815,0.330733
-338.8705,14.8596,-498.2064,0.331006
-339.8366,14.9013,-498.7353,0.331271
-340.7964,14.9427,-499.2670,0.331545
-341.7599,14.9839,-499.8067,0.331815
-342.7242,15.0245,-500.3524,0.332087
-343.6795,15.0644,-500.8984,0.332355
-344.6387,15.1047,-501.4522,0.332625
-345.5995,15.1461,-502.0135,0.332897
-346.5505,15.1875,-502.5748,0.333172
-347.5062,15.2297,-503.1445,0.333439
-348.4609,15.2716,-503.7193,0.333714
-349.4052,15.3136,-504.2937,0.333983
-350.3577,15.3565,-504.8789,0.334257
-351.3074,15.4001,-505.4688,0.334531
-352.2492,15.4439,-506.0592,0.334803
-353.1930,15.4872,-506.6563,0.335079
-354.1398,15.5298,-507.2591,0.335353
-355.0792,15.5720,-507.8619,0.335627
-356.0202,15.6146,-508.4710,0.335898
-356.9589,15.6576,-509.0837,0.336176
-357.8936,15.7007,-509.6992,0.336453
-358.8323,15.7449,-510.3225,0.336728
-359.7643,15.7894,-510.9467,0.336998
-360.6985,15.8346,-511.5782,0.337279
-361.6303,15.8805,-512.2137,0.337553
-362.5603,15.9269,-512.8524,0.337828
-363.4877,15.9739,-513.4941,0.338106
-364.4156,16.0212,-514.1411,0.338382
-365.3408,16.0680,-514.7914,0.338658
-366.2634,16.1140,-515.4442,0.338937
-367.1888,16.1598,-516.1022,0.339217
-368.1155,16.2049,-516.7646,0.339496
-369.0323,16.2503,-517.4234,0.339771
-369.9527,16.2969,-518.0883,0.340045
-370.8786,16.3454,-518.7615,0.340328
-371.7933,16.3952,-519.4307,0.340605
-372.7110,16.4460,-520.1054,0.340887
-373.6307,16.4963,-520.7841,0.341167
-374.5416,16.5449,-521.4592,0.341448
-375.4590,16.5931,-522.1431,0.341729
-376.3752,16.6408,-522.8312,0.342006
-377.2865,16.6889,-523.5205,0.342288
-378.1985,16.7369,-524.2150,0.342571
-379.1126,16.7855,-524.9156,0.342859
-380.0177,16.8331,-525.6146,0.343134
-380.9247,16.8803,-526.3212,0.343419
-381.8327,16.9273,-527.0355,0.343704
-382.7294,16.9747,-527.7476,0.343987
-383.6306,17.0229,-528.4714,0.344268
-384.5267,17.0705,-529.1974,0.344557
-385.4212,17.1176,-529.9286,0.344837
-386.3137,17.1643,-530.6613,0.345125
-387.2065,17.2108,-531.3974,0.345410
-388.0965,17.2565,-532.1348,0.345697
-388.9845,17.3015,-532.8738,0.345981
-389.8757,17.3465,-533.6193,0.346264
-390.7584,17.3910,-534.3628,0.346550
-391.6432,17.4355,-535.1138,0.346835
-392.5301,17.4795,-535.8716,0.347129
-393.4106,17.5224,-536.6290,0.347411
-394.2889,17.5648,-537.3889,0.347702
-395.1719,17.6075,-538.1562,0.347993
-396.0466,17.6499,-538.9208,0.348278
-396.9236,17.6928,-539.6914,0.348564
-397.7981,17.7363,-540.4651,0.348853
-398.6631,17.7797,-541.2347,0.349140
-399.5325,17.8232,-542.0129,0.349427
-400.4030,17.8670,-542.7953,0.349718
-401.2633,17.9102,-543.5710,0.350002
-402.1282,17.9532,-544.3540,0.350290
-402.9935,17.9959,-545.1433,0.350583
-403.8468,18.0376,-545.9291,0.350865
-404.7000,18.0792,-546.7219,0.351154
-405.5500,18.1206,-547.5196,0.351438
-406.4003,18.1624,-548.3207,0.351727
-407.2434,18.2043,-549.1183,0.352015
-408.0907,18.2470,-549.9237,0.352306
-408.9282,18.2896,-550.7248,0.352591
-409.7631,18.3321,-551.5281,0.352879
-410.6008,18.3746,-552.3383,0.353165
-411.4308,18.4163,-553.1456,0.353451
-412.2556,18.4578,-553.9514,0.353739
-413.0844,18.4995,-554.7612,0.354025
-413.9085,18.5405,-555.5673,0.354308
-414.7313,18.5815,-556.3732,0.354594
-415.5525,18.6230,-557.1783,0.354879
-416.3740,18.6649,-557.9849,0.355163
-417.1914,18.7065,-558.7892,0.355449
-418.0146,18.7482,-559.6002,0.355733
-418.8295,18.7893,-560.4035,0.356019
-419.6436,18.8306,-561.2065,0.356301
-420.4618,18.8716,-562.0138,0.356590
-421.2738,18.9142,-562.8154,0.356871
-422.0854,18.9561,-563.6172,0.357155
-422.8994,18.9983,-564.4219,0.357437
-423.7091,19.0410,-565.2222,0.357718
-424.5201,19.0841,-566.0240,0.358005
-425.3323,19.1272,-566.8271,0.358286
-426.1397,19.1710,-567.6254,0.358568
-426.9467,19.2157,-568.4234,0.358849
-427.7528,19.2603,-569.2208,0.359133
-428.5628,19.3049,-570.0222,0.359414
-429.3663,19.3485,-570.8173,0.359696
-430.1747,19.3923,-571.6161,0.359979
-430.9774,19.4357,-572.4078,0.360259
-431.7850,19.4782,-573.2030,0.360542
-432.5925,19.5206,-573.9974,0.360824
-433.3946,19.5629,-574.7867,0.361104
-434.1998,19.6059,-575.5794,0.361384
-435.0045,19.6488,-576.3721,0.361663
-435.8049,19.6917,-577.1610,0.361944
-436.6068,19.7361,-577.9520,0.362226
-437.4098,19.7805,-578.7448,0.362504
-438.2085,19.8248,-579.5343,0.362785
-439.0080,19.8695,-580.3256,0.363064
-439.8061,19.9141,-581.1163,0.363343
-440.6036,19.9588,-581.9077,0.363624
-441.3997,20.0038,-582.6985,0.363904
-442.1934,20.0486,-583.4880,0.364181
-442.9869,20.0928,-584.2778,0.364459
-443.7805,20.1363,-585.0679,0.364740
-444.5723,20.1798,-585.8566,0.365019
-445.3636,20.2207,-586.6453,0.365296
-446.1529,20.2605,-587.4324,0.365572
-446.9454,20.3005,-588.2227,0.365851
-447.7322,20.3392,-589.0074,0.366130
-448.5227,20.3779,-589.7959,0.366406
-449.3129,20.4166,-590.5840,0.366683
-450.0983,20.4569,-591.3671,0.366959
-450.8893,20.4978,-592.1558,0.367238
-451.6770,20.5385,-592.9410,0.367515
-452.4622,20.5804,-593.7236,0.367791
-453.2504,20.6225,-594.5089,0.368068
-454.0351,20.6645,-595.2905,0.368343
-454.8232,20.7070,-596.0751,0.368620
-455.6092,20.7494,-596.8571,0.368897
-456.3944,20.7919,-597.6377,0.369172
-457.1782,20.8355,-598.4164,0.369446
-457.9654,20.8793,-599.1981,0.369723
-458.7477,20.9226,-599.9752,0.369997
-459.5323,20.9657,-600.7545,0.370273
-460.3168,21.0087,-601.5340,0.370548
-461.0997,21.0510,-602.3118,0.370823
-461.8818,21.0919,-603.0889,0.371098
-462.6634,21.1327,-603.8655,0.371373
-463.4468,21.1738,-604.6437,0.371648
-464.2249,21.2149,-605.4169,0.371921
-465.0075,21.2563,-606.1946,0.372195
-465.7908,21.2987,-606.9727,0.372470
-466.5678,21.3423,-607.7438,0.372742
-467.3463,21.3859,-608.5148,0.373016
-468.1279,21.4299,-609.2870,0.373290
-468.9097,21.4742,-610.0580,0.373563
-469.6892,21.5184,-610.8254,0.373835
-470.4720,21.5620,-611.5945,0.374110
-471.2521,21.6046,-612.3572,0.374381
-472.0331,21.6464,-613.1205,0.374654
-472.8194,21.6881,-613.8839,0.374927
-473.5992,21.7288,-614.6394,0.375197
-474.3852,21.7693,-615.3959,0.375469
-475.1721,21.8110,-616.1484,0.375741
-475.9610,21.8510,-616.9008,0.376013
-476.7494,21.8917,-617.6483,0.376284
-477.5482,21.9557,-618.3870,0.376556
-478.3391,21.9962,-619.1365,0.376827
-479.1271,22.0365,-619.8845,0.377097
-479.8986,22.0666,-620.6346,0.377368
-480.7058,22.0948,-621.4012,0.377638
-481.4943,22.1392,-622.1528,0.377909
-482.2749,22.1842,-622.9000,0.378178
-483.0579,22.2293,-623.6519,0.378448
-483.8382,22.2745,-624.4041,0.378718
-484.6168,22.3253,-625.1601,0.378987
-485.3896,22.3710,-625.9146,0.379255
-486.1614,22.4169,-626.6707,0.379525
-486.9352,22.4631,-627.4293,0.379794
-487.7020,22.5054,-628.1634,0.380062
-488.4722,22.5492,-628.9206,0.380330
-489.2421,22.5929,-629.6781,0.380600
-490.0060,22.6364,-630.4302,0.380866
-490.7745,22.6481,-631.2059,0.381135
-491.5402,22.6938,-631.9601,0.381403
-492.3029,22.7388,-632.7106,0.381668
-493.0675,22.7835,-633.4623,0.381937
-493.8326,22.8275,-634.2143,0.382204
-494.5977,22.8711,-634.9655,0.382471
-495.3617,22.9147,-635.7153,0.382737
-496.1261,22.9589,-636.4656,0.383005
-496.8868,23.0077,-637.2124,0.383269
-497.6479,23.0523,-637.9590,0.383535
-498.4118,23.0976,-638.7074,0.383802
-499.1715,23.1426,-639.4517,0.384067
-499.9331,23.1871,-640.1794,0.384332
-500.6918,23.2313,-640.9224,0.384597
-501.4563,23.2308,-641.6898,0.384862
-502.2151,23.2768,-642.4339,0.385127
-502.9767,23.3274,-643.1821,0.385391
-503.7299,23.3730,-643.9224,0.385656
-504.4843,23.4185,-644.6647,0.385918
-505.2416,23.4641,-645.4102,0.386184
-505.9967,23.5100,-646.1537,0.386448
-506.7480,23.5560,-646.8940,0.386709
-507.5039,23.6026,-647.6390,0.386975
-508.2535,23.6488,-648.3789,0.387238
-508.9892,23.6873,-649.1057,0.387500
-509.7412,23.7227,-649.8490,0.387762
-510.4902,23.7579,-650.5892,0.388026
-511.2485,23.7943,-651.3377,0.388287
-511.9984,23.8376,-652.0745,0.388549
-512.7504,23.8804,-652.8114,0.388814
-513.4996,23.9220,-653.5446,0.389074
-514.2516,23.9633,-654.2792,0.389336
-515.0014,24.0044,-655.0102,0.389596
-515.7528,24.0449,-655.7406,0.389857
-516.5046,24.0856,-656.4706,0.390120
-517.2576,24.1267,-657.2008,0.390380
-518.0123,24.1677,-657.9315,0.390642
-518.7661,24.2093,-658.6627,0.390902
-519.5162,24.2515,-659.3944,0.391163
-520.2671,24.2953,-660.1315,0.391423
-521.0109,24.3392,-660.8670,0.391680
-521.7556,24.3835,-661.6099,0.391943
-522.4949,24.4273,-662.3535,0.392203
-523.2322,24.4707,-663.1027,0.392463
-523.9613,24.5134,-663.8511,0.392720
-524.6879,24.5543,-664.6032,0.392981
-525.4146,24.5947,-665.3584,0.393241
-526.1352,24.6344,-666.1109,0.393497
-526.8563,24.6739,-666.8693,0.393755
-527.5724,24.7133,-667.6299,0.394015
-528.2784,24.7739,-668.3853,0.394276
-528.9999,24.8515,-669.1668,0.394532
-529.7057,24.8911,-669.9193,0.394789
-530.4063,24.9298,-670.6849,0.395047
-531.0917,24.9329,-671.4547,0.395307
-531.8074,24.9679,-672.2399,0.395562
-532.5046,25.0085,-673.0088,0.395820
-533.2017,25.0533,-673.7809,0.396075
-533.8934,25.0924,-674.5496,0.396333
-534.5858,25.1316,-675.3234,0.396591
-535.2756,25.1710,-676.1024,0.396847
-535.9601,25.2108,-676.8824,0.397102
-536.6428,25.2514,-677.6653,0.397360
-537.3212,25.2894,-678.4275,0.397614
-537.9971,25.3258,-679.2119,0.397869
-538.6696,25.3624,-680.0003,0.398126
-539.3389,25.3992,-680.7910,0.398381
-539.9952,25.4400,-681.5944,0.398632
-540.6544,25.4801,-682.3898,0.398890
-541.3109,25.5191,-683.1902,0.399142
-541.9639,25.5573,-683.9935,0.399398
-542.6108,25.5949,-684.7948,0.399650
-543.2549,25.6324,-685.5969,0.399905
-543.8998,25.6703,-686.4052,0.400159
-544.5378,25.7082,-687.2103,0.400415
-545.1771,25.7459,-688.0205,0.400668
-545.8140,25.7829,-688.8347,0.400922
-546.4404,25.8188,-689.6437,0.401175
-547.0687,25.8547,-690.4641,0.401427
-547.6906,25.8907,-691.2854,0.401683
-548.3075,25.9267,-692.1088,0.401936
-548.9202,25.9623,-692.9338,0.402187
-549.5319,25.9930,-693.7658,0.402441
-550.1381,26.0265,-694.5957,0.402693
-550.7393,26.0607,-695.4289,0.402950
-551.3356,26.0959,-696.2688,0.403198
-551.9266,26.1320,-697.1144,0.403453
-552.5116,26.1686,-697.9631,0.403705
-553.0897,26.2048,-698.8139,0.403959
-553.6643,26.2414,-699.6725,0.404206
-554.2310,26.2790,-700.5327,0.404461
-554.7939,26.3170,-701.3958,0.404714
-555.3503,26.3544,-702.2587,0.404964
-555.9028,26.3909,-703.1266,0.405216
-556.4514,26.4261,-704.0002,0.405471
-556.9911,26.4610,-704.8733,0.405722
-557.5287,26.4969,-705.7559,0.405975
-558.0601,26.5342,-706.6426,0.406226
-558.5804,26.5726,-707.5268,0.406481
-559.1006,26.6115,-708.4193,0.406734
-559.6180,26.6503,-709.3112,0.406984
-560.1320,26.6888,-710.2014,0.407239
-560.6419,26.7266,-711.0909,0.407488
-561.1526,26.7640,-711.9918,0.407742
-561.6559,26.8003,-712.8931,0.407995
-562.1537,26.8361,-713.7980,0.408245
-562.6470,26.8712,-714.7094,0.408501
-563.1340,26.9068,-715.6212,0.408752
-563.6174,26.9434,-716.5383,0.409007
-564.0964,26.9808,-717.4584,0.409260
-564.5699,27.0184,-718.3785,0.409511
-565.0394,27.0560,-719.3027,0.409766
-565.5056,27.0933,-720.2324,0.410024
-565.9651,27.1301,-721.1608,0.410273
-566.4209,27.1673,-722.0944,0.410529
-566.8730,27.2052,-723.0349,0.410786
-567.3198,27.2430,-723.9740,0.411039
-567.7622,27.2802,-724.9136,0.411291
-568.2054,27.3171,-725.8644,0.411547
-568.6393,27.3533,-726.8056,0.411804
-569.0711,27.3899,-727.7571,0.412055
-569.4976,27.4270,-728.7155,0.412310
-569.9146,27.4636,-729.6708,0.412566
-570.3275,27.4998,-730.6360,0.412819
-570.7355,27.5355,-731.6036,0.413079
-571.1369,27.5700,-732.5671,0.413331
-571.5369,27.6038,-733.5377,0.413589
-571.9327,27.6367,-734.5098,0.413847
-572.3232,27.6694,-735.4821,0.414102
-572.7094,27.7029,-736.4615,0.414359
-573.0889,27.7366,-737.4446,0.414621
-573.4596,27.7709,-738.4287,0.414879
-573.8262,27.8054,-739.4186,0.415132
-574.1886,27.8400,-740.4124,0.415393
-574.5447,27.8747,-741.4009,0.415647
-574.8980,27.9098,-742.3951,0.415905
-575.2490,27.9446,-743.3979,0.416164
-575.5907,27.9787,-744.3876,0.416415
-575.9313,28.0129,-745.3894,0.416674
-576.2687,28.0466,-746.3994,0.416934
-576.5995,28.0800,-747.4029,0.417189
-576.9263,28.1141,-748.4100,0.417448
-577.2511,28.1492,-749.4242,0.417710
-577.5695,28.1848,-750.4342,0.417967
-577.8845,28.2206,-751.4479,0.418225
-578.1959,28.2564,-752.4663,0.418487
-578.5017,28.2918,-753.4859,0.418749
-578.8013,28.3269,-754.5106,0.419005
-579.0935,28.3620,-755.5381,0.419269
-579.3802,28.3968,-756.5681,0.419528
-579.6619,28.4320,-757.6031,0.419795
-579.9380,28.4678,-758.6425,0.420054
-580.2043,28.5040,-759.6738,0.420313
-580.4658,28.5412,-760.7166,0.420567
-580.7202,28.5791,-761.7647,0.420833
-580.9648,28.6165,-762.8055,0.421092
-581.2032,28.6534,-763.8562,0.421351
-581.4359,28.6901,-764.9077,0.421616
-581.6636,28.7268,-765.9637,0.421880
-581.8845,28.7640,-767.0148,0.422145
-582.1010,28.8025,-768.0718,0.422405
-582.3118,28.8417,-769.1320,0.422666
-582.5160,28.8803,-770.1896,0.422930
-582.7162,28.9185,-771.2560,0.423192
-582.9094,28.9560,-772.3196,0.423455
-583.0975,28.9939,-773.3845,0.423719
-583.2807,29.0327,-774.4548,0.423984
-583.4573,29.0720,-775.5252,0.424245
-583.6271,29.1117,-776.5989,0.424513
-583.7889,29.1518,-777.6727,0.424772
-583.9430,29.1924,-778.7522,0.425038
-584.0878,29.2327,-779.8301,0.425299
-584.2230,29.2724,-780.9153,0.425569
-584.3510,29.3109,-781.9990,0.425830
-584.4710,29.3487,-783.0844,0.426096
-584.5831,29.3863,-784.1768,0.426363
-584.6857,29.4245,-785.2667,0.426629
-584.7779,29.4630,-786.3546,0.426896
-584.8613,29.5016,-787.4524,0.427162
-584.9349,29.5394,-788.5473,0.427433
-584.9995,29.5760,-789.6368,0.427699
-585.0541,29.6132,-790.7394,0.427964
-585.0993,29.6503,-791.8359,0.428230
-585.1346,29.6873,-792.9351,0.428501
-585.1613,29.7247,-794.0322,0.428767
-585.1805,29.7625,-795.1351,0.429032
-585.1915,29.8009,-796.2399,0.429292
-585.1935,29.8393,-797.3372,0.429567
-585.1865,29.8784,-798.4441,0.429833
-585.1722,29.9172,-799.5436,0.430102
-585.1501,29.9559,-800.6491,0.430369
-585.1205,29.9946,-801.7542,0.430638
-585.0836,30.0332,-802.8549,0.430906
-585.0382,30.0721,-803.9664,0.431175
-584.9852,30.1097,-805.0677,0.431444
-584.9240,30.1470,-806.1808,0.431714
-584.8561,30.1838,-807.2836,0.431988
-584.7798,30.2209,-808.3890,0.432258
-584.6967,30.2591,-809.4932,0.432527
-584.6053,30.2981,-810.6024,0.432801
-584.5068,30.3377,-811.7098,0.433070
-584.4036,30.3782,-812.8152,0.433341
-584.2968,30.4195,-813.9224,0.433614
-584.1874,30.4612,-815.0286,0.433884
-584.0752,30.5031,-816.1336,0.434157
-583.9598,30.5444,-817.2388,0.434433
-583.8425,30.5853,-818.3434,0.434704
-583.7227,30.6257,-819.4482,0.434974
-583.6004,30.6647,-820.5559,0.435246
-583.4766,30.7022,-821.6630,0.435525
-583.3510,30.7380,-822.7689,0.435799
-583.2220,30.7730,-823.8835,0.436074
-583.0899,30.8071,-824.9941,0.436352
-582.9534,30.8408,-826.1012,0.436628
-582.8125,30.8747,-827.2175,0.436906
-582.6689,30.9080,-828.3289,0.437178
-582.5352,30.9472,-829.4437,0.437458
-582.3843,30.9877,-830.5572,0.437737
-582.2289,31.0282,-831.6718,0.438012
-582.0685,31.0676,-832.7825,0.438290
-581.9023,31.1060,-833.8968,0.438565
-581.7145,31.1168,-835.0247,0.438839
-581.5383,31.1534,-836.1352,0.439119
-581.3561,31.1884,-837.2490,0.439398
-581.1691,31.2228,-838.3619,0.439678
-580.9776,31.1954,-839.4634,0.439950
-580.7836,31.2223,-840.5727,0.440234
-580.5876,31.2495,-841.6811,0.440511
-580.4254,31.2997,-842.8063,0.440788
-580.2238,31.3427,-843.9106,0.441069
-580.0218,31.3882,-845.0197,0.441345
-579.7739,31.4175,-846.1210,0.441628
-579.5682,31.4464,-847.2305,0.441904
-579.3619,31.4750,-848.3385,0.442184
-579.1545,31.5034,-849.4464,0.442460
-578.9452,31.5315,-850.5570,0.442740
-578.7346,31.5571,-851.6638,0.443020
-578.5203,31.5817,-852.7704,0.443300
-578.2988,31.6058,-853.8795,0.443578
-578.0693,31.6298,-854.9932,0.443860
-577.8353,31.6523,-856.0975,0.444134
-577.5951,31.6751,-857.2084,0.444418
-577.3526,31.6978,-858.3106,0.444697
-577.1059,31.7217,-859.4182,0.444976
-576.8564,31.7468,-860.5223,0.445254
-576.5980,31.7726,-861.6432,0.445538
-576.3425,31.7978,-862.7323,0.445819
-576.0797,31.8230,-863.8343,0.446096
-575.8115,31.8480,-864.9402,0.446377
-575.5416,31.8728,-866.0367,0.446658
-575.2664,31.8972,-867.1413,0.446936
-574.9896,31.9185,-868.2386,0.447220
-574.7100,31.9384,-869.3356,0.447500
-574.4261,31.9578,-870.4376,0.447781
-574.1407,31.9761,-871.5318,0.448061
-573.8521,31.9967,-872.6287,0.448344
-573.5588,32.0170,-873.7336,0.448626
-573.2662,32.0369,-874.8284,0.448911
-572.9729,32.0568,-875.9194,0.449191
-572.6754,32.0776,-877.0215,0.449473
-572.3786,32.0989,-878.1185,0.449753
-572.0833,32.1209,-879.2106,0.450034
-571.7858,32.1435,-880.3109,0.450321
-571.4882,32.1652,-881.4097,0.450599
-571.1903,32.1876,-882.5057,0.450879
-570.8887,32.2104,-883.6088,0.451162
-570.5871,32.2330,-884.7039,0.451445
-570.2825,32.2548,-885.8022,0.451724
-569.9742,32.2765,-886.9039,0.452010
-569.6661,32.2977,-887.9974,0.452294
-569.3551,32.3186,-889.0952,0.452577
-569.0408,32.3395,-890.2000,0.452859
-568.7275,32.3594,-891.2966,0.453143
-568.4136,32.3786,-892.3901,0.453425
-568.0953,32.3980,-893.4948,0.453710
-567.7777,32.4174,-894.5938,0.453995
-567.4612,32.4364,-895.6857,0.454280
-567.1415,32.4556,-896.7864,0.454563
-566.8204,32.4743,-897.8883,0.454846
-566.5005,32.4931,-898.9817,0.455130
-566.1765,32.5126,-900.0865,0.455418
-565.8544,32.5322,-901.1814,0.455699
-565.5292,32.5522,-902.2833,0.455983
-565.2032,32.5723,-903.3856,0.456270
-564.8763,32.5925,-904.4883,0.456556
-564.5504,32.6122,-905.5857,0.456838
-564.2215,32.6317,-906.6887,0.457127
-563.8918,32.6508,-907.7902,0.457408
-563.5625,32.6690,-908.8856,0.457696
-563.2285,32.6864,-909.9918,0.457985
-562.8953,32.7032,-911.0916,0.458271
-562.5618,32.7195,-912.1863,0.458552
-562.2239,32.7335,-913.2923,0.458843
-561.9369,32.7502,-914.3981,0.459123
-561.6047,32.7570,-915.4985,0.459410
-561.2723,32.7628,-916.6022,0.459697
-560.9409,32.7696,-917.7060,0.459984
-560.6135,32.7773,-918.8019,0.460265
-560.2844,32.7864,-919.9088,0.460555
-559.9562,32.7966,-921.0153,0.460843
-559.6311,32.8074,-922.1130,0.461122
-559.2603,32.8121,-923.2157,0.461415
-558.9293,32.8301,-924.3170,0.461698
-558.5934,32.8480,-925.4209,0.461984
-558.2534,32.8656,-926.5248,0.462271
-557.9125,32.8830,-927.6243,0.462560
-557.5640,32.9496,-928.7343,0.462847
-557.2120,32.9198,-929.8400,0.463134
-556.8576,32.9418,-930.9381,0.463418
-556.5052,32.9639,-932.0282,0.463702
-556.1476,32.9853,-933.1302,0.463995
-555.7935,33.0051,-934.2218,0.464275
-555.4562,33.0191,-935.3085,0.464566
-555.1021,33.0279,-936.4086,0.464854
-554.7345,33.0165,-937.5153,0.465141
-554.3837,33.0356,-938.6143,0.465426
-554.0504,33.0535,-939.7039,0.465715
-553.7025,33.0628,-940.8041,0.466000
-553.3571,33.0723,-941.9003,0.466289
-553.0098,33.0817,-943.0048,0.466576
-552.6472,33.0851,-944.1172,0.466860
-552.3212,33.1011,-945.2048,0.467153
-551.9776,33.1111,-946.3087,0.467436
-551.6348,33.1217,-947.4147,0.467724
-551.2811,33.1384,-948.5117,0.468009
-550.9387,33.1519,-949.6183,0.468302
-550.5959,33.1650,-950.7264,0.468586
-550.2552,33.1773,-951.8275,0.468876
-549.9120,33.1891,-952.9374,0.469165
-549.5664,33.2012,-954.0557,0.469454
-549.2285,33.2128,-955.1494,0.469741
-548.8862,33.2247,-956.2599,0.470031
-548.5444,33.2374,-957.3700,0.470322
-548.2046,33.2520,-958.4764,0.470605
-547.8636,33.2669,-959.5884,0.470903
-547.5220,33.2821,-960.7047,0.471188
-547.1835,33.2979,-961.8116,0.471474
-546.8419,33.3141,-962.9297,0.471765
-546.5006,33.3305,-964.0485,0.472058
-546.1630,33.3462,-965.1575,0.472346
-545.8215,33.3613,-966.2789,0.472638
-545.4816,33.3752,-967.3972,0.472929
-545.1425,33.3892,-968.5123,0.473222
-544.8020,33.4046,-969.6353,0.473512
-544.4624,33.4209,-970.7539,0.473802
-544.1220,33.4380,-971.8778,0.474098
-543.7805,33.4557,-973.0064,0.474386
-543.4414,33.4737,-974.1274,0.474677
-543.1016,33.4927,-975.2512,0.474970
-542.7670,33.5120,-976.3568,0.475256
-542.4299,33.5309,-977.4719,0.475550
-542.0961,33.5488,-978.5761,0.475832
-541.7596,33.5673,-979.6893,0.476124
-541.4246,33.5864,-980.7975,0.476411
-541.0927,33.6052,-981.8947,0.476700
-540.7587,33.6241,-982.9991,0.476982
-540.4255,33.6419,-984.1005,0.477270
-540.0961,33.6597,-985.1893,0.477552
-539.7648,33.6781,-986.2859,0.477839
-539.4338,33.6980,-987.3808,0.478126
-539.1058,33.7190,-988.4662,0.478405
-538.7762,33.7408,-989.5558,0.478683
-538.4495,33.7623,-990.6363,0.478968
-538.1223,33.7839,-991.7204,0.479251
-537.7955,33.8050,-992.8023,0.479530
-537.4695,33.8259,-993.8810,0.479812
-537.1464,33.8467,-994.9515,0.480090
-536.8215,33.8677,-996.0280,0.480367
-536.4969,33.8891,-997.1025,0.480649
-536.1764,33.9105,-998.1645,0.480924
-535.8545,33.9327,-999.2309,0.481201
-535.5339,33.9552,-1000.2930,0.481480
-535.2142,33.9779,-1001.3519,0.481751
-534.8932,34.0013,-1002.4150,0.482030
-534.5731,34.0254,-1003.4754,0.482304
-534.2558,34.0500,-1004.5258,0.482579
-533.9381,34.0745,-1005.5761,0.482850
-533.6205,34.0987,-1006.6261,0.483127
-533.3046,34.1221,-1007.6696,0.483395
-532.9870,34.1458,-1008.7191,0.483672
-532.6711,34.1702,-1009.7629,0.483940
-532.3569,34.1956,-1010.8013,0.484208
-532.0420,34.2217,-1011.8412,0.484480
-531.7278,34.2478,-1012.8785,0.484749
-531.4164,34.2736,-1013.9062,0.485014
-531.1030,34.2997,-1014.9401,0.485291
-530.7900,34.3262,-1015.9722,0.485558
-530.4804,34.3527,-1016.9927,0.485820
-530.1682,34.3793,-1018.0213,0.486081
-529.8574,34.4051,-1019.0443,0.486350
-529.5490,34.4300,-1020.0592,0.486619
-529.2387,34.4548,-1021.0805,0.486882
-528.9292,34.4797,-1022.0995,0.487146
-528.6224,34.5045,-1023.1087,0.487405
-528.3136,34.5296,-1024.1254,0.487678
-528.0042,34.5551,-1025.1427,0.487941
-527.6982,34.5806,-1026.1493,0.488203
-527.3902,34.6065,-1027.1620,0.488470
-527.0813,34.6325,-1028.1777,0.488732
-526.7766,34.6585,-1029.1804,0.488991
-526.4678,34.6853,-1030.1963,0.489258
-526.1614,34.7121,-1031.2042,0.489523
-525.8565,34.7401,-1032.2081,0.489781
-525.5500,34.7684,-1033.2183,0.490048
-525.2433,34.7968,-1034.2273,0.490306
-524.9397,34.8239,-1035.2271,0.490574
-524.6328,34.8506,-1036.2369,0.490836
-524.3264,34.8773,-1037.2454,0.491103
-524.0240,34.9037,-1038.2452,0.491358
-523.7213,34.9304,-1039.2531,0.491619
-523.4214,34.9568,-1040.2584,0.491889
-523.1255,34.9826,-1041.2560,0.492145
-522.8288,35.0086,-1042.2637,0.492411
-522.5359,35.0348,-1043.2643,0.492673
-522.2440,35.0619,-1044.2687,0.492930
-521.9529,35.0899,-1045.2743,0.493195
-521.6622,35.1181,-1046.2806,0.493458
-521.3734,35.1459,-1047.2826,0.493722
-521.0848,35.1733,-1048.2858,0.493980
-520.7980,35.2006,-1049.2844,0.494245
-520.5095,35.2281,-1050.2903,0.494501
-520.2227,35.2555,-1051.2913,0.494766
-519.9373,35.2828,-1052.2891,0.495025
-519.6497,35.3102,-1053.2942,0.495288
-519.3641,35.3372,-1054.2933,0.495547
-519.0770,35.3641,-1055.2975,0.495812
-518.7918,35.3914,-1056.2948,0.496073
-518.5061,35.4191,-1057.2944,0.496333
-518.2195,35.4466,-1058.2964,0.496593
-517.9350,35.4740,-1059.2917,0.496855
-517.6492,35.5018,-1060.2909,0.497112
-517.3641,35.5299,-1061.2885,0.497372
-517.0778,35.5581,-1062.2899,0.497641
-516.7933,35.5856,-1063.2859,0.497896
-516.5069,35.6126,-1064.2886,0.498163
-516.2225,35.6388,-1065.2853,0.498419
-515.9379,35.6662,-1066.2838,0.498684
-515.6530,35.6949,-1067.2854,0.498942
-515.3692,35.7246,-1068.2874,0.499205
-515.0884,35.7540,-1069.2826,0.499463
-514.8089,35.7834,-1070.2745,0.499727
-514.5277,35.8127,-1071.2756,0.499988
-514.2490,35.8416,-1072.2704,0.500238
-513.9716,35.8703,-1073.2638,0.500507
-513.6956,35.8991,-1074.2548,0.500765
-513.4208,35.9280,-1075.2446,0.501021
-513.1471,35.9570,-1076.2340,0.501276
-512.8763,35.9857,-1077.2147,0.501532
-512.6054,36.0144,-1078.2000,0.501787
-512.3360,36.0433,-1079.1830,0.502039
-512.0695,36.0718,-1080.1593,0.502296
-511.8032,36.0997,-1081.1365,0.502549
-511.5372,36.1274,-1082.1138,0.502803
-511.2720,36.1551,-1083.0890,0.503055
-511.0080,36.1827,-1084.0605,0.503307
-510.7441,36.2101,-1085.0320,0.503558
-510.4821,36.2376,-1085.9979,0.503807
-510.2198,36.2654,-1086.9629,0.504054
-509.9586,36.2940,-1087.9264,0.504304
-509.6978,36.3238,-1088.8883,0.504556
-509.4375,36.3537,-1089.8484,0.504803
-509.1777,36.3834,-1090.8068,0.505053
-508.9190,36.4134,-1091.7617,0.505303
-508.6607,36.4429,-1092.7141,0.505544
-508.4022,36.4730,-1093.6675,0.505792
-508.1463,36.5098,-1094.6143,0.506036
-507.8892,36.5444,-1095.5621,0.506280
-507.6325,36.5792,-1096.5083,0.506524
-507.3777,36.6129,-1097.4475,0.506774
-507.1222,36.6453,-1098.3887,0.507011
-506.8672,36.6754,-1099.3270,0.507258
-506.6124,36.7046,-1100.2623,0.507499
-506.3568,36.7345,-1101.1993,0.507737
-506.1023,36.7650,-1102.1322,0.507980
-505.8493,36.7977,-1103.0594,0.508222
-505.5959,36.8312,-1103.9908,0.508463
-505.3426,36.8640,-1104.9158,0.508701
-505.0900,36.8960,-1105.8367,0.508944
-504.8354,36.9290,-1106.7615,0.509179
-504.5814,36.9625,-1107.6797,0.509419
-504.3261,36.9960,-1108.6001,0.509655
-504.0730,37.0296,-1109.5122,0.509889
-503.8209,37.0626,-1110.4250,0.510122
-503.5696,37.0942,-1111.3328,0.510366
-503.3180,37.1257,-1112.2452,0.510598
-503.0683,37.1587,-1113.1490,0.510829
-502.8180,37.1930,-1114.0541,0.511066
-502.5672,37.2264,-1114.9591,0.511308
-502.3181,37.2590,-1115.8588,0.511534
-502.0698,37.2902,-1116.7556,0.511761
-501.8208,37.3222,-1117.6549,0.511998
-501.5733,37.3561,-1118.5492,0.512229
-501.3267,37.3909,-1119.4408,0.512457
-501.0811,37.4232,-1120.3296,0.512684
-500.8353,37.4551,-1121.2202,0.512920
-500.5905,37.4840,-1122.1086,0.513160
-500.3448,37.5132,-1122.9966,0.513379
-500.1024,37.5422,-1123.8748,0.513607
-499.8609,37.5712,-1124.7495,0.513831
-499.6195,37.6017,-1125.6238,0.514061
-499.3791,37.6339,-1126.4951,0.514282
-499.1412,37.6679,-1127.3600,0.514505
-498.9027,37.6991,-1128.2267,0.514731
-498.6653,37.7263,-1129.0896,0.514961
-498.4302,37.7521,-1129.9463,0.515175
-498.1927,37.7808,-1130.8103,0.515396
-497.9577,37.8114,-1131.6650,0.515621
-497.7241,37.8427,-1132.5151,0.515838
-497.4896,37.8742,-1133.3699,0.516058
-497.2581,37.9054,-1134.2156,0.516275
-497.0273,37.9382,-1135.0593,0.516493
-496.7971,37.9734,-1135.9049,0.516714
-496.5686,38.0064,-1136.7435,0.516929
-496.3422,38.0370,-1137.5780,0.517148
-496.1149,38.0686,-1138.4171,0.517369
-495.8904,38.0852,-1139.2490,0.517576
-495.6659,38.1132,-1140.0803,0.517793
-495.4421,38.1423,-1140.9113,0.518005
-495.2209,38.1720,-1141.7349,0.518228
-495.0003,38.2023,-1142.5573,0.518431
-494.7798,38.2327,-1143.3799,0.518651
-494.5619,38.2625,-1144.1941,0.518856
-494.3430,38.2922,-1145.0117,0.519073
-494.1254,38.3213,-1145.8245,0.519284
-493.9084,38.3505,-1146.6351,0.519491
-493.6927,38.3802,-1147.4409,0.519701
-493.4782,38.4103,-1148.2440,0.519901
-493.2658,38.4402,-1149.0392,0.520115
-493.0555,38.4698,-1149.8280,0.520319
-492.8463,38.4992,-1150.6107,0.520525
-492.6411,38.5275,-1151.3799,0.520726
-492.4357,38.5549,-1152.1501,0.520933
-492.2330,38.5825,-1152.9111,0.521118
-492.0323,38.6103,-1153.6654,0.521318
-491.8319,38.6389,-1154.4193,0.521518
-491.6336,38.6675,-1155.1643,0.521706
-491.4376,38.6958,-1155.9030,0.521907
-491.2434,38.7238,-1156.6349,0.522100
-491.0500,38.7511,-1157.3636,0.522285
-490.8590,38.7779,-1158.0831,0.522483
-490.6691,38.8045,-1158.7998,0.522666
-490.4808,38.8313,-1159.5115,0.522848
-490.2946,38.8584,-1160.2163,0.523037
-490.1099,38.8856,-1160.9165,0.523223
-489.9268,38.9129,-1161.6115,0.523409
-489.7455,38.9397,-1162.3002,0.523586
-489.5661,38.9661,-1162.9824,0.523769
-489.3878,38.9922,-1163.6615,0.523953
-489.2112,39.0179,-1164.3353,0.524123
-489.0368,39.0436,-1165.0016,0.524307
-488.8641,39.0686,-1165.6636,0.524483
-488.6931,39.0936,-1166.3212,0.524655
-488.5242,39.1179,-1166.9711,0.524826
-488.3573,39.1423,-1167.6154,0.524998
-488.1932,39.1665,-1168.2505,0.525170
-488.0326,39.1916,-1168.8757,0.525334
-487.8753,39.2168,-1169.4895,0.525504
-487.7209,39.2417,-1170.0928,0.525661
-487.5687,39.2662,-1170.6892,0.525820
-487.4170,39.2905,-1171.2849,0.525982
-487.2686,39.3140,-1171.8727,0.526140
-487.1217,39.3371,-1172.4585,0.526298
-486.9773,39.3598,-1173.0413,0.526455
-486.8364,39.3815,-1173.6177,0.526611
-486.7011,39.4025,-1174.1864,0.526761
-486.5702,39.4228,-1174.7531,0.526913
-486.4455,39.4427,-1175.3162,0.527060
-486.3267,39.4624,-1175.8695,0.527208
-486.2128,39.4820,-1176.4205,0.527359
-486.1034,39.5013,-1176.9674,0.527515
-485.9987,39.5205,-1177.5090,0.527657
-485.8973,39.5401,-1178.0485,0.527806
-485.7991,39.5597,-1178.5826,0.527952
-485.7049,39.5789,-1179.1094,0.528092
-485.6135,39.5982,-1179.6351,0.528242
-485.5266,39.6170,-1180.1547,0.528376
-485.4430,39.6354,-1180.6667,0.528519
-485.3617,39.6537,-1181.1782,0.528655
-485.2856,39.6713,-1181.6814,0.528787
-485.2181,39.6881,-1182.1770,0.528930
-485.1580,39.7043,-1182.6715,0.529055
-485.1056,39.7199,-1183.1593,0.529195
-485.0620,39.7344,-1183.6377,0.529324
-485.0266,39.7485,-1184.1157,0.529458
-484.9966,39.7622,-1184.5876,0.529586
-484.9723,39.7756,-1185.0518,0.529714
-484.9529,39.7889,-1185.5144,0.529845
-484.9388,39.8020,-1185.9707,0.529970
-484.9271,39.8149,-1186.4232,0.530096
-484.9145,39.8278,-1186.8726,0.530220
-484.9020,39.8411,-1187.3287,0.530347
-484.8921,39.8531,-1187.7522,0.530466
-484.8842,39.8654,-1188.1857,0.530584
-484.8801,39.8772,-1188.6138,0.530703
-484.8803,39.8886,-1189.0333,0.530822
-484.8843,39.8997,-1189.4525,0.530933
-484.8910,39.9104,-1189.8651,0.531048
-484.9012,39.9207,-1190.2716,0.531162
-484.9174,39.9306,-1190.6770,0.531275
-484.9414,39.9401,-1191.0760,0.531389
-484.9684,39.9494,-1191.4719,0.531502
-484.9994,39.9588,-1191.8667,0.531610
-485.0339,39.9677,-1192.2571,0.531725
-485.0719,39.9763,-1192.6433,0.531836
-485.1144,39.9847,-1193.0280,0.531949
-485.1632,39.9929,-1193.4065,0.532060
-485.2206,40.0003,-1193.7797,0.532167
-485.2916,40.0071,-1194.1499,0.532273
-485.3689,40.0133,-1194.5135,0.532383
-485.4546,40.0190,-1194.8762,0.532492
-485.5475,40.0242,-1195.2350,0.532596
-485.6467,40.0292,-1195.5905,0.532705
-485.7513,40.0340,-1195.9425,0.532817
-485.8616,40.0399,-1196.2911,0.532933
-485.9773,40.0459,-1196.6339,0.533041
-486.0989,40.0529,-1196.9752,0.533152
-486.2484,40.0720,-1197.3118,0.533263
-486.3799,40.0894,-1197.6442,0.533371
-486.5319,40.1169,-1197.9758,0.533485
-486.6672,40.1410,-1198.3052,0.533597
-486.7976,40.1616,-1198.6300,0.533707
-486.9409,40.1803,-1198.9498,0.533818
-487.0917,40.1978,-1199.2687,0.533932
-487.2482,40.2135,-1199.5807,0.534033
-487.3928,40.2261,-1199.8910,0.534143
-487.5592,40.2357,-1200.1931,0.534249
-487.7339,40.2440,-1200.4897,0.534348
-487.9214,40.2509,-1200.7847,0.534447
-488.1164,40.2555,-1201.0706,0.534556
-488.3195,40.2580,-1201.3497,0.534657
-488.5320,40.2591,-1201.6256,0.534765
-488.7516,40.2596,-1201.8956,0.534868
-488.9816,40.2598,-1202.1589,0.534973
-489.2160,40.2603,-1202.4198,0.535083
-489.4578,40.2608,-1202.6754,0.535189
-489.7077,40.2613,-1202.9281,0.535294
-489.9584,40.2619,-1203.1823,0.535401
-490.2089,40.2624,-1203.4441,0.535509
-490.4579,40.2628,-1203.7059,0.535616
-490.7141,40.2632,-1203.9691,0.535727
-490.9752,40.2635,-1204.2285,0.535838
-491.2456,40.2636,-1204.4927,0.535953
-491.5148,40.2638,-1204.7654,0.536064
-491.7843,40.2641,-1205.0381,0.536177
-492.0618,40.2643,-1205.3082,0.536287
-492.3469,40.2643,-1205.5706,0.536395
-492.6452,40.2642,-1205.8274,0.536514
-492.9514,40.2640,-1206.0740,0.536635
-493.2661,40.2639,-1206.3152,0.536746
-493.5907,40.2636,-1206.5515,0.536858
-493.9178,40.2634,-1206.7841,0.536979
-494.2543,40.2631,-1207.0125,0.537097
-494.5866,40.2434,-1207.2438,0.537214
-494.9380,40.2394,-1207.4583,0.537334
-495.2936,40.2350,-1207.6637,0.537453
-495.6570,40.2306,-1207.8601,0.537571
-496.0257,40.2259,-1208.0421,0.537694
-496.4018,40.2225,-1208.2072,0.537811
-496.7862,40.2221,-1208.3678,0.537939
-497.1718,40.2241,-1208.5192,0.538062
-497.5668,40.2277,-1208.6631,0.538179
-497.9670,40.2327,-1208.7957,0.538305
-498.3723,40.2392,-1208.9171,0.538431
-498.7881,40.2467,-1209.0320,0.538559
-499.2016,40.2554,-1209.1365,0.538678
-499.6202,40.2791,-1209.2125,0.538818
-500.0432,40.2827,-1209.2937,0.538934
-500.4670,40.2868,-1209.3656,0.539060
-500.8906,40.2848,-1209.4113,0.539182
-501.3193,40.2786,-1209.4637,0.539314
-501.7499,40.2626,-1209.5156,0.539426
-502.1937,40.2500,-1209.5748,0.539562
-502.6438,40.2512,-1209.6162,0.539684
-503.0864,40.2617,-1209.6241,0.539818
-503.5331,40.2710,-1209.6157,0.539946
-503.9802,40.2799,-1209.6000,0.540081
-504.4291,40.2886,-1209.5748,0.540206
-504.8774,40.2969,-1209.5481,0.540344
-505.3303,40.3047,-1209.5247,0.540469
-505.7895,40.3122,-1209.5018,0.540606
-506.2521,40.3192,-1209.4596,0.540728
-506.7135,40.3253,-1209.3884,0.540867
-507.1734,40.3311,-1209.3040,0.540997
-507.6372,40.3377,-1209.2170,0.541128
-508.1053,40.3446,-1209.1252,0.541270
-508.5757,40.3512,-1209.0234,0.541397
-509.0380,40.3570,-1208.9088,0.541541
-509.5046,40.3623,-1208.7797,0.541690
-509.9740,40.3671,-1208.6375,0.541829
-510.4412,40.3712,-1208.4843,0.541967
-510.9084,40.3749,-1208.3152,0.542118
-511.3767,40.3780,-1208.1354,0.542263
-511.8420,40.3807,-1207.9449,0.542401
-512.3110,40.3831,-1207.7433,0.542552
-512.7821,40.3859,-1207.5338,0.542691
-513.2593,40.3892,-1207.3224,0.542835
-513.7429,40.3927,-1207.1118,0.542995
-514.2312,40.3971,-1206.8982,0.543137
-514.7220,40.4018,-1206.6787,0.543287
-515.2167,40.4066,-1206.4570,0.543438
-515.7170,40.4113,-1206.2333,0.543593
-516.2256,40.4162,-1206.0066,0.543744
-516.7358,40.4211,-1205.7814,0.543896
-517.2529,40.4261,-1205.5538,0.544047
-517.7726,40.4311,-1205.3229,0.544200
-518.2947,40.4359,-1205.0863,0.544355
-518.8188,40.4409,-1204.8430,0.544509
-519.3442,40.4456,-1204.5957,0.544677
-519.8756,40.4506,-1204.3423,0.544826
-520.4081,40.4555,-1204.0850,0.544996
-520.9451,40.4604,-1203.8223,0.545146
-521.4896,40.4652,-1203.5525,0.545307
-522.0326,40.4694,-1203.2803,0.545463
-522.5835,40.4737,-1203.0006,0.545638
-523.1367,40.4774,-1202.7170,0.545799
-523.6973,40.4808,-1202.4270,0.545970
-524.2628,40.4846,-1202.1322,0.546132
-524.8321,40.4890,-1201.8329,0.546306
-525.4023,40.4935,-1201.5303,0.546481
-525.9747,40.4986,-1201.2217,0.546653
-526.5497,40.5040,-1200.9091,0.546829
-527.1287,40.5094,-1200.5920,0.547007
-527.7157,40.5142,-1200.2675,0.547192
-528.3057,40.5189,-1199.9424,0.547361
-528.9011,40.5235,-1199.6151,0.547547
-529.5049,40.5279,-1199.2836,0.547751
-530.1157,40.5323,-1198.9485,0.547923
-530.7274,40.5379,-1198.6124,0.548117
-531.3471,40.5446,-1198.2717,0.548305
-531.9721,40.5521,-1197.9272,0.548497
-532.6001,40.5610,-1197.5806,0.548685
-533.2372,40.5697,-1197.2281,0.548879
-533.8780,40.5785,-1196.8729,0.549080
-534.5214,40.5874,-1196.5156,0.549272
-535.1712,40.5966,-1196.1545,0.549464
-535.8242,40.6057,-1195.7913,0.549654
-536.4819,40.6152,-1195.4244,0.549856
-537.1450,40.6253,-1195.0535,0.550063
-537.8156,40.6364,-1194.6768,0.550271
-538.4846,40.6474,-1194.2990,0.550470
-539.1633,40.6584,-1193.9144,0.550684
-539.8433,40.6694,-1193.5269,0.550888
-540.5262,40.6805,-1193.1364,0.551090
-541.2161,40.6919,-1192.7399,0.551309
-541.9099,40.7038,-1192.3394,0.551517
-542.6061,40.7168,-1191.9366,0.551722
-543.3082,40.7302,-1191.5295,0.551936
-544.0166,40.7448,-1191.1182,0.552139
-544.7281,40.7600,-1190.7054,0.552345
-545.4474,40.7758,-1190.2874,0.552559
-546.1691,40.7922,-1189.8680,0.552763
-546.8964,40.8085,-1189.4443,0.552983
-547.6281,40.8243,-1189.0184,0.553194
-548.3699,40.8398,-1188.5863,0.553411
-549.1117,40.8581,-1188.1537,0.553628
-549.8641,40.8734,-1187.7151,0.553838
-550.6180,40.8886,-1187.2758,0.554056
-551.3772,40.9040,-1186.8334,0.554273
-552.1451,40.9192,-1186.3851,0.554492
-552.9152,40.9345,-1185.9358,0.554715
-553.6888,40.9497,-1185.4841,0.554947
-554.4739,40.9654,-1185.0255,0.555161
-555.2551,40.9812,-1184.5697,0.555385
-556.0460,40.9982,-1184.1082,0.555618
-556.8444,41.0154,-1183.6429,0.555850
-557.6419,41.0328,-1183.1779,0.556074
-558.4520,41.0498,-1182.7059,0.556302
-559.2601,41.0661,-1182.2354,0.556533
-560.0798,41.0819,-1181.7583,0.556771
-560.8965,41.0971,-1181.2832,0.557011
-561.7239,41.1122,-1180.8029,0.557244
-562.5531,41.1269,-1180.3217,0.557488
-563.3899,41.1425,-1179.8368,0.557717
-564.2227,41.1585,-1179.3546,0.557954
-565.0624,41.1759,-1178.8690,0.558191
-565.9083,41.1933,-1178.3801,0.558441
-566.7576,41.2103,-1177.8898,0.558683
-567.6146,41.2267,-1177.3954,0.558928
-568.4713,41.2435,-1176.9016,0.559170
-569.3334,41.2608,-1176.4054,0.559418
-570.2023,41.2786,-1175.9060,0.559662
-571.0695,41.2962,-1175.4077,0.559911
-571.9494,41.3131,-1174.9027,0.560162
-572.8341,41.3294,-1174.3953,0.560413
-573.7147,41.3451,-1173.8906,0.560667
-574.6025,41.3608,-1173.3821,0.560918
-575.4995,41.3773,-1172.8684,0.561172
-576.3948,41.3939,-1172.3560,0.561435
-577.2942,41.4101,-1171.8414,0.561678
-578.2016,41.4256,-1171.3229,0.561946
-579.1087,41.4397,-1170.8047,0.562192
-580.0234,41.4534,-1170.2821,0.562463
-580.9427,41.4670,-1169.7573,0.562726
-581.8616,41.4809,-1169.2330,0.562987
-582.7889,41.4949,-1168.7041,0.563249
-583.7220,41.5091,-1168.1720,0.563524
-584.6539,41.5231,-1167.6411,0.563783
-585.5939,41.5371,-1167.1066,0.564052
-586.5347,41.5512,-1166.5721,0.564319
-587.4848,41.5658,-1166.0330,0.564586
-588.4374,41.5804,-1165.4927,0.564862
-589.3960,41.5942,-1164.9495,0.565132
-590.3536,41.6068,-1164.4073,0.565406
-591.3160,41.6189,-1163.8634,0.565670
-592.2888,41.6307,-1163.3145,0.565956
-593.2596,41.6422,-1162.7679,0.566233
-594.2355,41.6537,-1162.2188,0.566512
-595.2203,41.6655,-1161.6655,0.566790
-596.2012,41.6769,-1161.1146,0.567068
-597.1922,41.6887,-1160.5582,0.567350
-598.1870,41.7012,-1160.0000,0.567635
-599.1807,41.7134,-1159.4432,0.567918
-600.1849,41.7243,-1158.8821,0.568209
-601.1944,41.7338,-1158.3192,0.568493
-602.2011,41.7429,-1157.7588,0.568779
-603.2134,41.7528,-1157.1962,0.569071
-604.2350,41.7635,-1156.6290,0.569356
-605.2531,41.7739,-1156.0638,0.569646
-606.2767,41.7832,-1155.4958,0.569945
-607.3093,41.7917,-1154.9231,0.570239
-608.3400,41.8001,-1154.3521,0.570534
-609.3732,41.8084,-1153.7799,0.570820
-610.4157,41.8167,-1153.2031,0.571120
-611.4604,41.8254,-1152.6249,0.571417
-612.5067,41.8342,-1152.0457,0.571711
-613.5547,41.8418,-1151.4655,0.572012
-614.6112,41.8478,-1150.8806,0.572309
-615.6723,41.8537,-1150.2930,0.572618
-616.7322,41.8600,-1149.7062,0.572917
-617.7939,41.8658,-1149.1185,0.573218
-618.8644,41.8704,-1148.5264,0.573519
-619.9371,41.8748,-1147.9335,0.573828
-621.0058,41.8792,-1147.3430,0.574123
-622.0725,41.8841,-1146.7540,0.574433
-623.1390,41.8899,-1146.1648,0.574736
-624.2039,41.8961,-1145.5764,0.575038
-625.2658,41.9029,-1144.9899,0.575339
-626.3319,41.9092,-1144.4009,0.575639
-627.3890,41.9140,-1143.8171,0.575946
-628.4497,41.9188,-1143.2314,0.576245
-629.5054,41.9247,-1142.6490,0.576544
-630.5580,41.9307,-1142.0688,0.576849
-631.6096,41.9346,-1141.4894,0.577137
-632.6594,41.9370,-1140.9114,0.577442
-633.7031,41.9387,-1140.3369,0.577744
-634.7523,41.9412,-1139.7599,0.578040
-635.7924,41.9443,-1139.1886,0.578336
-636.8378,41.9463,-1138.6149,0.578626
-637.8772,41.9466,-1138.0449,0.578925
-638.9153,41.9465,-1137.4757,0.579223
-639.9552,41.9468,-1136.9056,0.579522
-640.9934,41.9477,-1136.3370,0.579818
-642.0235,41.9486,-1135.7731,0.580101
-643.0558,41.9490,-1135.2079,0.580401
-644.0865,41.9491,-1134.6442,0.580694
-645.1141,41.9496,-1134.0824,0.580983
-646.1390,41.9502,-1133.5226,0.581278
-647.1636,41.9511,-1132.9631,0.581565
-648.1883,41.9517,-1132.4037,0.581855
-649.2072,41.9517,-1131.8474,0.582154
-650.2282,41.9514,-1131.2904,0.582436
-651.2419,41.9504,-1130.7375,0.582724
-652.2589,41.9488,-1130.1830,0.583016
-653.2725,41.9473,-1129.6302,0.583303
-654.2822,41.9460,-1129.0796,0.583593
-655.2911,41.9449,-1128.5294,0.583871
-656.2994,41.9435,-1127.9797,0.584157
-657.3069,41.9419,-1127.4305,0.584452
-658.3092,41.9405,-1126.8838,0.584729
-659.3098,41.9389,-1126.3378,0.585023
-660.3101,41.9366,-1125.7909,0.585302
-661.3074,41.9336,-1125.2455,0.585588
-662.3007,41.9301,-1124.7018,0.585864
-663.2964,41.9265,-1124.1561,0.586147
-664.2885,41.9230,-1123.6117,0.586426
-665.2752,41.9198,-1123.0701,0.586717
-666.2630,41.9120,-1122.5275,0.587001
-667.2505,41.9044,-1121.9846,0.587276
-668.2357,41.8968,-1121.4427,0.587553
-669.2164,41.8890,-1120.9030,0.587838
-670.1956,41.8806,-1120.3636,0.588115
-671.1767,41.8717,-1119.8231,0.588394
-672.1494,41.8633,-1119.2871,0.588671
-673.1265,41.8551,-1118.7479,0.588951
-674.1002,41.8471,-1118.2104,0.589226
-675.0662,41.8387,-1117.6770,0.589510
-676.0390,41.8299,-1117.1395,0.589781
-677.0057,41.8210,-1116.6052,0.590059
-677.9684,41.8118,-1116.0730,0.590337
-678.9347,41.8019,-1115.5385,0.590619
-679.8997,41.7921,-1115.0046,0.590896
-680.8571,41.7826,-1114.4745,0.591177
-681.8166,41.7733,-1113.9429,0.591448
-682.7761,41.7639,-1113.4105,0.591724
-683.7303,41.7542,-1112.8806,0.592000
-684.6853,41.7442,-1112.3494,0.592282
-685.6379,41.7339,-1111.8188,0.592561
-686.5898,41.7231,-1111.2880,0.592837
-687.5403,41.7123,-1110.7573,0.593111
-688.4938,41.7015,-1110.2236,0.593393
-689.4410,41.6914,-1109.6929,0.593671
-690.3913,41.6818,-1109.1580,0.593950
-691.3353,41.6724,-1108.6237,0.594226
-692.2769,41.6626,-1108.0864,0.594502
-693.2200,41.6520,-1107.5450,0.594778
-694.1579,41.6405,-1107.0021,0.595062
-695.0910,41.6289,-1106.4563,0.595339
-696.0281,41.6173,-1105.9015,0.595618
-696.9572,41.6067,-1105.3441,0.595890
-697.8807,41.5962,-1104.7828,0.596165
-698.8032,41.5853,-1104.2148,0.596443
-699.7247,41.5739,-1103.6398,0.596715
-700.6396,41.5625,-1103.0627,0.596996
-701.5530,41.5515,-1102.4795,0.597265
-702.4639,41.5410,-1101.8904,0.597544
-703.3685,41.5312,-1101.2980,0.597821
-704.2755,41.5214,-1100.6967,0.598095
-705.1739,41.5114,-1100.0929,0.598367
-706.0660,41.5008,-1099.4847,0.598643
-706.9593,41.4893,-1098.8655,0.598925
-707.8412,41.4778,-1098.2458,0.599196
-708.7181,41.4664,-1097.6212,0.599474
-709.5853,41.4552,-1096.9943,0.599738
-710.4504,41.4436,-1096.3600,0.600012
-711.3110,41.4317,-1095.7217,0.600287
-712.1638,41.4192,-1095.0804,0.600552
-713.0144,41.4066,-1094.4323,0.600821
-713.8593,41.3936,-1093.7793,0.601095
-714.6929,41.3799,-1093.1257,0.601364
-715.5261,41.3658,-1092.4652,0.601631
-716.3542,41.3513,-1091.8003,0.601895
-717.1717,41.3363,-1091.1351,0.602168
-717.9862,41.3204,-1090.4642,0.602446
-718.7970,41.3039,-1089.7872,0.602701
-719.5984,41.2863,-1089.1097,0.602965
-720.3969,41.2677,-1088.4270,0.603233
-721.1893,41.2479,-1087.7395,0.603491
-721.9756,41.2274,-1087.0492,0.603757
-722.7560,41.2058,-1086.3555,0.604020
-723.5299,41.1821,-1085.6584,0.604283
-724.3001,41.1570,-1084.9545,0.604544
-725.0566,41.1305,-1084.2488,0.604806
-725.8030,41.1018,-1083.5369,0.605069
-726.5438,41.0718,-1082.8140,0.605332
-727.2654,41.0426,-1082.0735,0.605589
-727.9812,41.0191,-1081.3417,0.605846
-728.6901,40.9943,-1080.6021,0.606105
-729.3964,40.9672,-1079.8535,0.606367
-730.0947,40.9406,-1079.1047,0.606622
-730.7867,40.9099,-1078.3546,0.606879
-731.4958,40.8777,-1077.5991,0.607137
-732.1702,40.8143,-1076.8446,0.607395
-732.8495,40.7722,-1076.0826,0.607652
-733.5252,40.7367,-1075.3223,0.607904
-734.1996,40.6990,-1074.5566,0.608162
-734.8687,40.6603,-1073.7914,0.608416
-735.5330,40.6213,-1073.0242,0.608670
-736.1905,40.5824,-1072.2512,0.608925
-736.8360,40.5430,-1071.4756,0.609181
-737.4700,40.5040,-1070.6973,0.609433
-738.0978,40.4657,-1069.9130,0.609685
-738.7142,40.4276,-1069.1245,0.609938
-739.3243,40.3891,-1068.3306,0.610190
-739.9263,40.3516,-1067.5306,0.610441
-740.5183,40.3148,-1066.7328,0.610692
-741.1097,40.2770,-1065.9242,0.610942
-741.6888,40.2400,-1065.1217,0.611193
-742.2682,40.2032,-1064.3058,0.611443
-742.8361,40.1659,-1063.4906,0.611693
-743.3943,40.1290,-1062.6771,0.611941
-743.9506,40.0925,-1061.8514,0.612191
-744.4963,40.0561,-1061.0265,0.612439
-745.0368,40.0194,-1060.1968,0.612688
-745.5673,39.9855,-1059.3680,0.612935
-746.0915,39.9517,-1058.5331,0.613183
-746.6090,39.9185,-1057.6946,0.613431
-747.1138,39.8876,-1056.8579,0.613677
-747.6091,39.8554,-1056.0122,0.613923
-748.0963,39.8233,-1055.1643,0.614169
-748.5715,39.7925,-1054.3135,0.614414
-749.0399,39.7610,-1053.4553,0.614661
-749.4932,39.7298,-1052.5997,0.614905
-749.9382,39.6989,-1051.7300,0.615151
-750.3680,39.6679,-1050.8643,0.615395
-750.7832,39.6474,-1049.9900,0.615640
-751.1888,39.6138,-1049.1147,0.615881
-751.5823,39.5799,-1048.2349,0.616127
-751.9672,39.5467,-1047.3544,0.616367
-752.3498,39.5194,-1046.4498,0.616614
-752.7093,39.4854,-1045.5571,0.616852
-753.0611,39.4518,-1044.6633,0.617095
-753.4111,39.4191,-1043.7640,0.617336
-753.7520,39.3865,-1042.8672,0.617579
-754.0829,39.3554,-1041.9630,0.617821
-754.3980,39.3289,-1041.0599,0.618063
-754.7063,39.2980,-1040.1525,0.618304
-754.9888,39.2914,-1039.2504,0.618547
-755.2856,39.2601,-1038.3322,0.618789
-755.5768,39.2304,-1037.4127,0.619032
-755.8622,39.2027,-1036.4893,0.619273
-756.1435,39.1747,-1035.5616,0.619519
-756.4313,39.1566,-1034.6398,0.619760
-756.7020,39.1372,-1033.7086,0.620009
-756.9703,39.1191,-1032.7750,0.620254
-757.2330,39.1024,-1031.8470,0.620493
-757.4927,39.0869,-1030.9106,0.620745
-757.7458,39.0729,-1029.9758,0.620987
-757.9940,39.0608,-1029.0372,0.621230
-758.2369,39.0509,-1028.0961,0.621477
-758.4735,39.0432,-1027.1526,0.621723
-758.7026,39.0380,-1026.2080,0.621971
-758.9272,39.0342,-1025.2618,0.622222
-759.1464,39.0316,-1024.3123,0.622468
-759.3598,39.0298,-1023.3611,0.622715
-759.5670,39.0295,-1022.4088,0.622957
-759.7692,39.0315,-1021.4492,0.623213
-759.9629,39.0356,-1020.4986,0.623462
-760.1528,39.0416,-1019.5341,0.623710
-760.3357,39.0494,-1018.5684,0.623960
-760.5128,39.0583,-1017.6046,0.624212
-760.6837,39.0682,-1016.6390,0.624464
-760.8485,39.0790,-1015.6720,0.624712
-761.0081,39.0907,-1014.6992,0.624963
-761.1617,39.1035,-1013.7245,0.625213
-761.3101,39.1171,-1012.7489,0.625468
-761.4542,39.1310,-1011.7700,0.625719
-761.5936,39.1449,-1010.7900,0.625972
-761.7275,39.1586,-1009.8101,0.626226
-761.8576,39.1728,-1008.8251,0.626476
-761.9829,39.1878,-1007.8387,0.626730
-762.1033,39.2034,-1006.8524,0.626984
-762.2200,39.2194,-1005.8636,0.627235
-762.3338,39.2356,-1004.8674,0.627488
-762.4433,39.2514,-1003.8762,0.627745
-762.5494,39.2676,-1002.8813,0.627998
-762.6513,39.2843,-1001.8826,0.628254
-762.7499,39.3013,-1000.8839,0.628510
-762.8455,39.3186,-999.8793,0.628769
-762.9375,39.3354,-998.8760,0.629025
-763.0264,39.3521,-997.8752,0.629277
-763.1127,39.3691,-996.8667,0.629530
-763.1956,39.3863,-995.8560,0.629792
-763.2740,39.4036,-994.8499,0.630049
-763.3486,39.4209,-993.8358,0.630303
-763.4188,39.4377,-992.8233,0.630564
-763.4849,39.4541,-991.8118,0.630820
-763.5471,39.4702,-990.7900,0.631077
-763.6048,39.4860,-989.7725,0.631336
-763.6579,39.5014,-988.7573,0.631594
-763.7070,39.5162,-987.7358,0.631851
-763.7517,39.5305,-986.7119,0.632111
-763.7925,39.5445,-985.6850,0.632367
-763.8313,39.5583,-984.6591,0.632624
-763.8676,39.5719,-983.6307,0.632880
-763.9011,39.5842,-982.5969,0.633152
-763.9312,39.5953,-981.5667,0.633410
-763.9581,39.6057,-980.5352,0.633666
-763.9811,39.6160,-979.5035,0.633931
-764.0005,39.6265,-978.4642,0.634186
-764.0161,39.6372,-977.4285,0.634453
-764.0276,39.6483,-976.3868,0.634711
-764.0361,39.6594,-975.3453,0.634978
-764.0412,39.6697,-974.2964,0.635246
-764.0425,39.6786,-973.2563,0.635506
-764.0407,39.6864,-972.2079,0.635767
-764.0370,39.6927,-971.1538,0.636034
-764.0303,39.6977,-970.1082,0.636296
-764.0216,39.7023,-969.0502,0.636562
-764.0105,39.7062,-967.9958,0.636826
-763.9976,39.7101,-966.9348,0.637096
-763.9818,39.7138,-965.8790,0.637358
-763.9630,39.7178,-964.8101,0.637630
-763.9419,39.7219,-963.7438,0.637899
-763.9183,39.7262,-962.6800,0.638167
-763.8922,39.7307,-961.6076,0.638439
-763.8636,39.7352,-960.5400,0.638702
-763.8324,39.7394,-959.4581,0.638978
-763.8002,39.7442,-958.3844,0.639249
-763.7678,39.7495,-957.3066,0.639527
-763.7342,39.7547,-956.2274,0.639792
-763.6990,39.7600,-955.1406,0.640065
-763.6634,39.7653,-954.0599,0.640335
-763.6260,39.7710,-952.9692,0.640611
-763.5864,39.7765,-951.8764,0.640888
-763.5446,39.7813,-950.7900,0.641164
-763.5007,39.7853,-949.6998,0.641440
-763.4544,39.7894,-948.6028,0.641715
-763.4059,39.7940,-947.5079,0.641989
-763.3547,39.8001,-946.4084,0.642272
-763.3010,39.8064,-945.3072,0.642550
-763.2449,39.8135,-944.2043,0.642828
-763.1860,39.8202,-943.0993,0.643104
-763.1237,39.8265,-941.9940,0.643383
-763.0586,39.8329,-940.8878,0.643663
-762.9900,39.8397,-939.7795,0.643940
-762.9180,39.8470,-938.6670,0.644224
-762.8430,39.8540,-937.5562,0.644505
-762.7648,39.8601,-936.4388,0.644788
-762.6844,39.8662,-935.3221,0.645071
-762.6018,39.8724,-934.2027,0.645352
-762.5159,39.8795,-933.0780,0.645631
-762.4282,39.8868,-931.9589,0.645920
-762.3380,39.8939,-930.8353,0.646206
-762.2452,39.9004,-929.7067,0.646489
-762.1506,39.9064,-928.5776,0.646774
-762.0548,39.9126,-927.4509,0.647055
-761.9566,39.9190,-926.3163,0.647339
-761.8569,39.9251,-925.1807,0.647629
-761.7559,39.9303,-924.0457,0.647912
-761.6529,39.9350,-922.9066,0.648201
-761.5486,39.9393,-921.7687,0.648492
-761.4420,39.9423,-920.6263,0.648780
-761.3329,39.9443,-919.4843,0.649073
-761.2209,39.9454,-918.3387,0.649357
-761.1056,39.9467,-917.1940,0.649643
-760.9867,39.9522,-916.0501,0.649936
-760.8625,39.9541,-914.8964,0.650226
-760.7341,39.9561,-913.7474,0.650517
-760.6029,39.9582,-912.5970,0.650811
-760.4670,39.9600,-911.4427,0.651103
-760.3267,39.9612,-910.2903,0.651394
-760.1823,39.9618,-909.1383,0.651689
-760.0330,39.9621,-907.9755,0.651980
-759.8819,39.9620,-906.8232,0.652273
-759.7268,39.9614,-905.6584,0.652566
-759.5698,39.9605,-904.4967,0.652863
-759.4107,39.9592,-903.3361,0.653156
-759.2477,39.9577,-902.1632,0.653452
-759.0840,39.9554,-901.0024,0.653750
-758.9171,39.9522,-899.8329,0.654044
-758.7475,39.9483,-898.6590,0.654349
-758.5775,39.9439,-897.4929,0.654644
-758.4044,39.9392,-896.3168,0.654942
-758.2306,39.9339,-895.1481,0.655239
-758.0534,39.9283,-893.9722,0.655536
-757.8735,39.9227,-892.7995,0.655836
-757.6898,39.9171,-891.6258,0.656134
-757.5029,39.9119,-890.4582,0.656436
-757.3117,39.9066,-889.2888,0.656732
-757.1155,39.9005,-888.1132,0.657032
-756.9160,39.8931,-886.9434,0.657330
-756.7130,39.8848,-885.7783,0.657627
-756.5043,39.8768,-884.6129,0.657929
-756.2889,39.8697,-883.4361,0.658231
-756.0706,39.8629,-882.2736,0.658528
-755.8469,39.8556,-881.1095,0.658828
-755.6172,39.8478,-879.9403,0.659131
-755.3833,39.8398,-878.7786,0.659428
-755.1436,39.8313,-877.6160,0.659729
-754.8982,39.8225,-876.4508,0.660028
-754.6482,39.8130,-875.2925,0.660327
-754.3934,39.8029,-874.1330,0.660627
-754.1331,39.7923,-872.9730,0.660926
-753.8663,39.7814,-871.8093,0.661231
-753.5953,39.7705,-870.6524,0.661527
-753.3192,39.7595,-869.4980,0.661822
-753.0367,39.7480,-868.3392,0.662128
-752.7495,39.7357,-867.1828,0.662425
-752.4587,39.7226,-866.0263,0.662722
-752.1666,39.7103,-864.8729,0.663026
-751.8701,39.6986,-863.7144,0.663324
-751.5707,39.6871,-862.5580,0.663627
-751.2684,39.6752,-861.4033,0.663928
-750.9620,39.6626,-860.2435,0.664229
-750.6538,39.6497,-859.0892,0.664532
-750.3432,39.6369,-857.9377,0.664826
-750.0275,39.6238,-856.7806,0.665132
-749.7090,39.6102,-855.6220,0.665431
-749.3894,39.5961,-854.4727,0.665731
-749.0635,39.5813,-853.3176,0.666031
-748.7336,39.5654,-852.1679,0.666332
-748.3968,39.5491,-851.0155,0.666638
-748.0549,39.5326,-849.8669,0.666938
-747.7078,39.5161,-848.7239,0.667236
-747.3527,39.4992,-847.5773,0.667538
-746.9906,39.4810,-846.4346,0.667835
-746.6210,39.4617,-845.2891,0.668142
-746.2458,39.4413,-844.1511,0.668444
-745.8605,39.4204,-843.0074,0.668748
-745.4697,39.3984,-841.8741,0.669049
-745.0709,39.3753,-840.7399,0.669349
-744.6663,39.3509,-839.6019,0.669650
-744.2619,39.3258,-838.4734,0.669953
-743.8506,39.2993,-837.3345,0.670256
-743.4377,39.2732,-836.1990,0.670557
-743.0200,39.2477,-835.0582,0.670861
-742.6008,39.2229,-833.9213,0.671164
-742.1792,39.1982,-832.7863,0.671468
-741.7515,39.1729,-831.6528,0.671773
-741.3166,39.1468,-830.5180,0.672077
-740.8758,39.1207,-829.3856,0.672382
-740.4308,39.0943,-828.2635,0.672684
-739.9791,39.0670,-827.1404,0.672988
-739.5183,39.0387,-826.0116,0.673292
-739.0537,39.0104,-824.8925,0.673599
-738.5821,38.9822,-823.7772,0.673898
-738.1009,38.9534,-822.6606,0.674203
-737.6112,38.9238,-821.5453,0.674509
-737.1041,38.8921,-820.4106,0.674820
-736.6130,38.8604,-819.3263,0.675118
-736.1051,38.8259,-818.2151,0.675427
-735.5945,38.7895,-817.1064,0.675732
-735.0790,38.7521,-815.9987,0.676037
-734.5569,38.7146,-814.8895,0.676344
-734.0310,38.6779,-813.7870,0.676648
-733.4974,38.6416,-812.6809,0.676958
-732.9598,38.6055,-811.5794,0.677265
-732.4154,38.5693,-810.4769,0.677571
-731.8695,38.5340,-809.3815,0.677877
-731.3173,38.4985,-808.2850,0.678185
-730.7607,38.4628,-807.1934,0.678492
-730.1971,38.4253,-806.0999,0.678800
-729.6287,38.3874,-805.0087,0.679107
-729.0559,38.3493,-803.9219,0.679416
-728.4719,38.3111,-802.8268,0.679729
-727.8882,38.2733,-801.7460,0.680033
-727.2976,38.2339,-800.6667,0.680343
-726.6981,38.1924,-799.5808,0.680654
-726.0997,38.1505,-798.5083,0.680961
-725.4912,38.1090,-797.4257,0.681271
-724.8811,38.0575,-796.3509,0.681583
-724.2649,38.0036,-795.2745,0.681893
-723.6458,37.9545,-794.2025,0.682202
-723.0198,37.9146,-793.1323,0.682509
-722.3875,37.8812,-792.0629,0.682822
-721.7521,37.8480,-790.9996,0.683134
-721.1126,37.8074,-789.9352,0.683444
-720.4740,37.7535,-788.8737,0.683755
-719.8297,37.6935,-787.8073,0.684063
-719.1841,37.6361,-786.7493,0.684374
-718.5323,37.5880,-785.6937,0.684686
-717.8751,37.5498,-784.6436,0.684995
-717.2142,37.5174,-783.5956,0.685306
-716.5483,37.4803,-782.5435,0.685616
-715.8804,37.4340,-781.4938,0.685927
-715.2071,37.3801,-780.4432,0.686240
-714.5360,37.3259,-779.4067,0.686550
-713.8545,37.2788,-778.3673,0.686861
-713.1675,37.2402,-777.3339,0.687172
-712.4786,37.2065,-776.3105,0.687480
-711.7806,37.1712,-775.2820,0.687794
-711.0830,37.1243,-774.2568,0.688106
-710.3783,37.0672,-773.2260,0.688415
-709.6725,37.0070,-772.1994,0.688726
-708.9674,36.9519,-771.1813,0.689037
-708.2532,36.9391,-770.1633,0.689347
-707.5392,36.8885,-769.1453,0.689660
-706.8207,36.8378,-768.1214,0.689974
-706.1057,36.7872,-767.1078,0.690284
-705.3802,36.7363,-766.0866,0.690598
-704.6521,36.6862,-765.0762,0.690907
-703.9160,36.6366,-764.0663,0.691226
-703.1734,36.5871,-763.0585,0.691538
-702.4294,36.5381,-762.0597,0.691849
-701.6750,36.4902,-761.0585,0.692165
-700.9164,36.4437,-760.0637,0.692479
-700.1495,36.3972,-759.0689,0.692793
-699.3792,36.3519,-758.0820,0.693107
-698.5956,36.3069,-757.0881,0.693425
-697.8169,36.2637,-756.1133,0.693737
-697.0261,36.2204,-755.1355,0.694053
-696.2294,36.1777,-754.1619,0.694369
-695.4286,36.1360,-753.1943,0.694684
-694.6169,36.0952,-752.2255,0.695001
-693.8031,36.0560,-751.2666,0.695318
-692.9803,36.0176,-750.3096,0.695631
-692.1558,35.9796,-749.3575,0.695949
-691.3193,35.9417,-748.3991,0.696266
-690.4848,35.9048,-747.4507,0.696584
-689.6430,35.8681,-746.5013,0.696904
-688.7993,35.8314,-745.5563,0.697219
-687.9501,35.7944,-744.6109,0.697538
-687.0992,35.7576,-743.6683,0.697852
-686.2440,35.7206,-742.7253,0.698175
-685.3908,35.6827,-741.7881,0.698488
-684.5286,35.6440,-740.8443,0.698810
-683.6680,35.6055,-739.9056,0.699127
-682.8055,35.5666,-738.9678,0.699447
-681.9370,35.5270,-738.0266,0.699765
-681.0657,35.4866,-737.0859,0.700086
-680.1968,35.4455,-736.1505,0.700407
-679.3245,35.4038,-735.2145,0.700727
-678.4504,35.3620,-734.2797,0.701045
-677.5687,35.3195,-733.3395,0.701368
-676.6899,35.2765,-732.4048,0.701692
-675.8018,35.2330,-731.4631,0.702015
-674.9169,35.1889,-730.5278,0.702334
-674.0283,35.1437,-729.5909,0.702660
-673.1314,35.0976,-728.6481,0.702986
-672.2360,35.0520,-727.7095,0.703312
-671.3430,35.0071,-726.7757,0.703635
-670.4437,34.9619,-725.8378,0.703962
-669.5419,34.9151,-724.8995,0.704283
-668.6370,34.8661,-723.9604,0.704608
-667.7273,34.8158,-723.0186,0.704934
-666.8204,34.7645,-722.0820,0.705263
-665.9069,34.7120,-721.1410,0.705594
-664.9927,34.6592,-720.2012,0.705919
-664.0754,34.6065,-719.2609,0.706249
-663.1587,34.5543,-718.3236,0.706575
-662.2312,34.5021,-717.3777,0.706910
-661.3104,34.4510,-716.4412,0.707237
-660.3858,34.4001,-715.5024,0.707567
-659.4551,34.3490,-714.5603,0.707899
-658.5279,34.2983,-713.6234,0.708229
-657.5999,34.2477,-712.6878,0.708556
-656.6664,34.1970,-711.7496,0.708894
-655.7326,34.1466,-710.8131,0.709223
-654.7989,34.0955,-709.8788,0.709550
-653.8585,34.0440,-708.9401,0.709884
-652.9167,33.9928,-708.0015,0.710219
-651.9753,33.9424,-707.0651,0.710554
-651.0284,33.8920,-706.1245,0.710885
-650.0817,33.8408,-705.1851,0.711219
-649.1370,33.7900,-704.2490,0.711548
-648.1837,33.7393,-703.3052,0.711886
-647.2353,33.6895,-702.3674,0.712218
-646.2840,33.6399,-701.4276,0.712554
-645.3234,33.5898,-700.4795,0.712889
-644.3679,33.5398,-699.5367,0.713228
-643.4120,33.4889,-698.5943,0.713565
-642.4476,33.4370,-697.6440,0.713906
-641.4815,33.3855,-696.6926,0.714242
-640.5172,33.3351,-695.7433,0.714578
-639.5441,33.2846,-694.7859,0.714922
-638.5736,33.2338,-693.8318,0.715261
-637.5997,33.1830,-692.8749,0.715602
-636.6251,33.1335,-691.9175,0.715948
-635.6420,33.0847,-690.9527,0.716292
-634.6608,33.0356,-689.9898,0.716634
-633.6787,32.9856,-689.0265,0.716981
-632.6869,32.9345,-688.0540,0.717324
-631.6969,32.8838,-687.0837,0.717671
-630.7021,32.8333,-686.1094,0.718018
-629.7104,32.7825,-685.1385,0.718370
-628.7164,32.7315,-684.1657,0.718709
-627.7109,32.6780,-683.1820,0.719064
-626.7119,32.6232,-682.2056,0.719410
-625.7098,32.5669,-681.2260,0.719761
-624.7004,32.5092,-680.2394,0.720113
-623.6957,32.4516,-679.2576,0.720464
-622.6801,32.3931,-678.2650,0.720816
-621.6717,32.3342,-677.2796,0.721168
-620.6566,32.2738,-676.2875,0.721523
-619.6450,32.2122,-675.2986,0.721877
-618.6309,32.1488,-674.3073,0.722231
-617.6184,32.0853,-673.3179,0.722585
-616.6041,32.0218,-672.3268,0.722941
-615.5875,31.9583,-671.3334,0.723294
-614.5822,31.8954,-670.3505,0.723642
-613.5712,31.8325,-669.3621,0.723994
-612.5640,31.7698,-668.3772,0.724344
-611.5629,31.7063,-667.3978,0.724695
-610.5570,31.6411,-666.4136,0.725044
-609.5555,31.5756,-665.4337,0.725395
-608.5563,31.5104,-664.4562,0.725743
-607.5558,31.4450,-663.4777,0.726092
-606.5598,31.3799,-662.5034,0.726436
-605.5623,31.3146,-661.5274,0.726784
-604.5662,31.2492,-660.5529,0.727132
-603.5721,31.1833,-659.5808,0.727478
-602.5848,31.1171,-658.6157,0.727822
-601.5929,31.0506,-657.6467,0.728167
-600.6019,30.9844,-656.6794,0.728511
-599.6162,30.9179,-655.7182,0.728856
-598.6305,30.8502,-654.7574,0.729201
-597.6407,30.7822,-653.7935,0.729543
-596.6567,30.7145,-652.8358,0.729885
-595.6710,30.6461,-651.8774,0.730228
-594.6893,30.5768,-650.9236,0.730567
-593.7096,30.5077,-649.9724,0.730911
-592.7255,30.4385,-649.0179,0.731250
-591.7473,30.3699,-648.0702,0.731591
-590.7689,30.3013,-647.1229,0.731926
-589.7926,30.2336,-646.1782,0.732270
-588.8086,30.1660,-645.2263,0.732610
-587.8381,30.0993,-644.2877,0.732945
-586.8610,30.0315,-643.3430,0.733285
-585.8838,29.9621,-642.3986,0.733626
-584.9165,29.8933,-641.4642,0.733959
-583.9326,29.8239,-640.5134,0.734298
-582.9664,29.7561,-639.5803,0.734636
-581.9980,29.6878,-638.6450,0.734971
-581.0258,29.6183,-637.7057,0.735301
-580.0578,29.5485,-636.7705,0.735640
-579.0866,29.4776,-635.8322,0.735978
-578.1131,29.4053,-634.8918,0.736314
-577.1454,29.3322,-633.9568,0.736649
-576.1749,29.2597,-633.0197,0.736987
-575.1998,29.1870,-632.0776,0.737324
-574.2341,29.1143,-631.1448,0.737655
-573.2668,29.0409,-630.2103,0.737992
-572.2931,28.9675,-629.2695,0.738332
-571.3210,28.8952,-628.3301,0.738665
-570.3565,28.8244,-627.3980,0.739004
-569.3828,28.7536,-626.4567,0.739341
-568.4109,28.6832,-625.5175,0.739676
-567.4434,28.6130,-624.5824,0.740009
-566.4747,28.5427,-623.6461,0.740344
-565.5038,28.4721,-622.7078,0.740683
-564.5361,28.4022,-621.7721,0.741018
-563.5609,28.3330,-620.8290,0.741356
-562.5919,28.2646,-619.8920,0.741692
-561.6198,28.1964,-618.9514,0.742030
-560.6506,28.1287,-618.0137,0.742365
-559.6776,28.0603,-617.0720,0.742703
-558.7109,27.9924,-616.1362,0.743036
-557.7374,27.9241,-615.1935,0.743376
-556.7661,27.8555,-614.2521,0.743713
-555.7985,27.7873,-613.3137,0.744049
-554.8190,27.7188,-612.3630,0.744388
-553.8542,27.6517,-611.4247,0.744721
-552.8818,27.5835,-610.4764,0.745059
-551.9136,27.5157,-609.5291,0.745398
-550.9443,27.4471,-608.5772,0.745733
-549.9789,27.3774,-607.6262,0.746074
-549.0132,27.3061,-606.6725,0.746414
-548.0444,27.2322,-605.7150,0.746752
-547.0804,27.1560,-604.7609,0.747088
-546.1171,27.0785,-603.8057,0.747428
-545.1512,27.0003,-602.8458,0.747766
-544.1899,26.9225,-601.8883,0.748101
-543.2238,26.8440,-600.9244,0.748443
-542.2563,26.7651,-599.9577,0.748787
-541.2983,26.6866,-598.9991,0.749121
-540.3342,26.6065,-598.0344,0.749463
-539.3676,26.5250,-597.0664,0.749802
-538.4083,26.4433,-596.1053,0.750142
-537.4444,26.3591,-595.1394,0.750482
-536.4835,26.2729,-594.1760,0.750820
-535.5158,26.1857,-593.2060,0.751161
-534.5499,26.0993,-592.2380,0.751503
-533.5799,26.0129,-591.2657,0.751845
-532.6189,25.9273,-590.3027,0.752184
-531.6516,25.8408,-589.3333,0.752527
-530.6817,25.7544,-588.3612,0.752868
-529.7158,25.6692,-587.3929,0.753209
-528.7482,25.5833,-586.4232,0.753550
-527.7769,25.4965,-585.4503,0.753892
-526.8105,25.4098,-584.4824,0.754232
-525.8367,25.3224,-583.5075,0.754576
-524.8647,25.2353,-582.5350,0.754919
-523.8923,25.1489,-581.5625,0.755262
-522.9226,25.0643,-580.5933,0.755603
-521.9468,24.9815,-579.6187,0.755947
-520.9710,24.9000,-578.6448,0.756290
-519.9977,24.8193,-577.6739,0.756633
-519.0191,24.7387,-576.6982,0.756978
-518.0439,24.6584,-575.7264,0.757321
-517.0648,24.5771,-574.7512,0.757666
-516.0892,24.4951,-573.7798,0.758007
-515.1111,24.4120,-572.8068,0.758351
-514.1326,24.3281,-571.8342,0.758695
-513.1476,24.2437,-570.8563,0.759044
-512.1672,24.1602,-569.8834,0.759387
-511.1881,24.0776,-568.9124,0.759731
-510.2009,23.9950,-567.9337,0.760076
-509.2207,23.9134,-566.9617,0.760421
-508.2360,23.8309,-565.9857,0.760766
-507.2470,23.7476,-565.0058,0.761115
-506.2632,23.6659,-564.0312,0.761461
-505.2787,23.5853,-563.0562,0.761805
-504.2910,23.5040,-562.0779,0.762149
-503.3064,23.4205,-561.1033,0.762499
-502.3194,23.3361,-560.1265,0.762842
-501.3265,23.2523,-559.1444,0.763190
-500.3397,23.1699,-558.1689,0.763536
-499.3496,23.0878,-557.1903,0.763885
-498.3573,23.0062,-556.2098,0.764230
-497.3682,22.9256,-555.2325,0.764577
-496.3771,22.8462,-554.2535,0.764926
-495.3823,22.7670,-553.2708,0.765274
-494.3913,22.6881,-552.2918,0.765620
-493.4021,22.6093,-551.3151,0.765967
-492.4021,22.5300,-550.3278,0.766317
-491.4036,22.4512,-549.3426,0.766669
-490.4173,22.3739,-548.3702,0.767013
-489.4144,22.2971,-547.3822,0.767361
-488.4238,22.2233,-546.4067,0.767707
-487.4272,22.1512,-545.4262,0.768058
-486.4252,22.0791,-544.4406,0.768409
-485.4289,22.0092,-543.4606,0.768753
-484.4309,21.9464,-542.4794,0.769105
-483.4286,21.8802,-541.4938,0.769452
-482.4280,21.8132,-540.5098,0.769803
-481.4285,21.7463,-539.5263,0.770151
-480.4250,21.6783,-538.5388,0.770503
-479.4323,21.6111,-537.5613,0.770851
-478.4315,21.5435,-536.5740,0.771199
-477.4229,21.4759,-535.5768,0.771552
-476.4312,21.4099,-534.5940,0.771900
-475.4351,21.3436,-533.6048,0.772250
-474.4342,21.2773,-532.6098,0.772601
-473.4369,21.2111,-531.6177,0.772952
-472.4413,21.1445,-530.6267,0.773300
-471.4401,21.0765,-529.6292,0.773653
-470.4443,21.0083,-528.6363,0.774003
-469.4528,20.9406,-527.6472,0.774351
-468.4509,20.8729,-526.6475,0.774704
-467.4555,20.8061,-525.6539,0.775048
-466.4591,20.7398,-524.6591,0.775402
-465.4570,20.6746,-523.6586,0.775758
-464.4579,20.6109,-522.6609,0.776106
-463.4633,20.5480,-521.6674,0.776458
-462.4606,20.4846,-520.6652,0.776808
-461.4687,20.4217,-519.6732,0.777161
-460.4685,20.3576,-518.6726,0.777510
-459.4696,20.2929,-517.6728,0.777862
-458.4733,20.2287,-516.6749,0.778212
-457.4732,20.1646,-515.6726,0.778564
-456.4722,20.1003,-514.6690,0.778918
-455.4751,20.0366,-513.6687,0.779269
-454.4753,19.9746,-512.6652,0.779622
-453.4706,19.9129,-511.6561,0.779974
-452.4790,19.8511,-510.6596,0.780323
-451.4792,19.7873,-509.6542,0.780677
-450.4763,19.7217,-508.6454,0.781029
-449.4831,19.6563,-507.6462,0.781381
-448.4810,19.5904,-506.6378,0.781736
-447.4825,19.5249,-505.6323,0.782086
-446.4825,19.4600,-504.6243,0.782439
-445.4822,19.3956,-503.6153,0.782793
-444.4852,19.3312,-502.6083,0.783144
-443.4887,19.2651,-501.6004,0.783496
-442.4941,19.1976,-500.5930,0.783849
-441.4904,19.1279,-499.5745,0.784204
-440.4987,19.0590,-498.5661,0.784554
-439.5024,18.9900,-497.5505,0.784910
-438.5043,18.9211,-496.5302,0.785262
-437.5103,18.8520,-495.5116,0.785616
-436.5173,18.7827,-494.4914,0.785969
-435.5247,18.7138,-493.4684,0.786322
-434.5358,18.6465,-492.4459,0.786675
-433.5503,18.5796,-491.4227,0.787028
-432.5576,18.5119,-490.3887,0.787382
-431.5726,18.4440,-489.3583,0.787736
-430.5888,18.3757,-488.3235,0.788091
-429.6069,18.3063,-487.2858,0.788446
-428.6284,18.2364,-486.2462,0.788797
-427.6502,18.1664,-485.2010,0.789154
-426.6747,18.0967,-484.1522,0.789507
-425.7090,18.0267,-483.1063,0.789861
-424.7399,17.9554,-482.0497,0.790216
-423.7722,17.8842,-480.9871,0.790570
-422.8181,17.8149,-479.9318,0.790922
-421.8618,17.7462,-478.8648,0.791278
-420.9029,17.6778,-477.7877,0.791632
-419.9592,17.6115,-476.7191,0.791987
-419.0104,17.5461,-475.6368,0.792340
-418.0704,17.4821,-474.5562,0.792694
-417.1342,17.4188,-473.4721,0.793050
-416.2003,17.3569,-472.3830,0.793403
-415.2672,17.2968,-471.2855,0.793761
-414.3433,17.2375,-470.1907,0.794110
-413.4212,17.1784,-469.0896,0.794465
-412.4973,17.1202,-467.9780,0.794823
-411.5860,17.0646,-466.8728,0.795176
-410.6744,17.0104,-465.7584,0.795530
-409.7682,16.9562,-464.6415,0.795886
-408.8708,16.9008,-463.5264,0.796242
-407.9685,16.8438,-462.3970,0.796598
-407.0734,16.7868,-461.2647,0.796950
-406.1873,16.7311,-460.1332,0.797305
-405.3051,16.6754,-458.9952,0.797661
-404.4237,16.6191,-457.8467,0.798019
-403.5557,16.5634,-456.7042,0.798371
-402.6877,16.5079,-455.5493,0.798728
-401.8232,16.4536,-454.3863,0.799085
-400.9749,16.4011,-453.2322,0.799440
-400.1250,16.3489,-452.0624,0.799794
-399.2809,16.2963,-450.8896,0.800150
-398.4452,16.2446,-449.7157,0.800504
-397.6151,16.1928,-448.5371,0.800862
-396.7860,16.1407,-447.3467,0.801220
-395.9682,16.0887,-446.1609,0.801573
-395.1544,16.0368,-444.9709,0.801929
-394.3422,15.9849,-443.7724,0.802287
-393.5383,15.9339,-442.5738,0.802641
-392.7389,15.8845,-441.3712,0.802996
-391.9419,15.8356,-440.1601,0.803352
-391.1541,15.7872,-438.9523,0.803710
-390.3690,15.7382,-437.7404,0.804066
-389.5854,15.6884,-436.5255,0.804426
-388.8055,15.6374,-435.3095,0.804780
-388.0296,15.5850,-434.0940,0.805135
-387.2510,15.5319,-432.8677,0.805492
-386.4807,15.4805,-431.6491,0.805852
-385.7117,15.4310,-430.4268,0.806209
-384.9413,15.3816,-429.1967,0.806565
-384.1780,15.3323,-427.9728,0.806922
-383.4146,15.2831,-426.7437,0.807279
-382.6507,15.2345,-425.5088,0.807638
-381.8907,15.1864,-424.2750,0.807997
-381.1348,15.1386,-423.0431,0.808352
-380.3750,15.0910,-421.7994,0.808713
-379.6263,15.0443,-420.5700,0.809069
-378.8735,14.9976,-419.3288,0.809424
-378.1201,14.9507,-418.0816,0.809785
-377.3745,14.9044,-416.8430,0.810142
-376.6292,14.8572,-415.5998,0.810500
-375.8823,14.8088,-414.3489,0.810861
-375.1331,14.7589,-413.0890,0.811222
-374.4034,14.7099,-411.8573,0.811577
-373.6608,14.6602,-410.5994,0.811937
-372.9303,14.6119,-409.3573,0.812292
-372.1921,14.5631,-408.0971,0.812654
-371.4579,14.5147,-406.8382,0.813014
-370.7303,14.4670,-405.5855,0.813371
-370.0019,14.4194,-404.3258,0.813729
-369.2750,14.3710,-403.0632,0.814093
-368.5509,14.3214,-401.7995,0.814451
-367.8297,14.2726,-400.5363,0.814808
-367.1099,14.2248,-399.2693,0.815166
-366.3946,14.1773,-398.0038,0.815527
-365.6825,14.1284,-396.7382,0.815883
-364.9680,14.0779,-395.4622,0.816247
-364.2614,14.0271,-394.1910,0.816603
-363.5559,13.9760,-392.9108,0.816962
-362.8577,13.9239,-391.6310,0.817324
-362.1626,13.8704,-390.3478,0.817680
-361.4716,13.8163,-389.0608,0.818039
-360.7849,13.7627,-387.7692,0.818401
-360.1075,13.7110,-386.4803,0.818761
-359.4317,13.6606,-385.1789,0.819122
-358.7648,13.6112,-383.8796,0.819483
-358.1051,13.5619,-382.5790,0.819843
-357.4493,13.5107,-381.2707,0.820200
-356.7976,13.4588,-379.9575,0.820563
-356.1554,13.4074,-378.6499,0.820922
-355.5172,13.3568,-377.3365,0.821278
-354.8813,13.3063,-376.0127,0.821643
-354.2568,13.2562,-374.6974,0.821998
-353.6359,13.2060,-373.3750,0.822358
-353.0182,13.1573,-372.0436,0.822718
-352.4110,13.1101,-370.7180,0.823078
-351.8076,13.0635,-369.3817,0.823437
-351.2119,13.0168,-368.0472,0.823798
-350.6190,12.9697,-366.7025,0.824159
-350.0340,12.9228,-365.3591,0.824520
-349.4561,12.8770,-364.0176,0.824880
-348.8824,12.8321,-362.6750,0.825239
-348.3106,12.7870,-361.3264,0.825598
-347.7430,12.7417,-359.9762,0.825961
-347.1809,12.6966,-358.6275,0.826318
-346.6219,12.6526,-357.2759,0.826680
-346.0663,12.6105,-355.9222,0.827038
-345.5133,12.5697,-354.5654,0.827401
-344.9649,12.5293,-353.2111,0.827759
-344.4180,12.4886,-351.8528,0.828121
-343.8750,12.4484,-350.4963,0.828482
-343.3328,12.4091,-349.1306,0.828844
-342.7984,12.3718,-347.7676,0.829203
-342.2652,12.3341,-346.3937,0.829565
-341.7430,12.2963,-345.0332,0.829923
-341.2219,12.2582,-343.6615,0.830284
-340.7033,12.2196,-342.2818,0.830649
-340.1938,12.1806,-340.9112,0.831010
-339.6885,12.1407,-339.5379,0.831368
-339.1844,12.1007,-338.1530,0.831732
-338.6902,12.0614,-336.7767,0.832093
-338.2001,12.0216,-335.3955,0.832455
-337.7146,11.9817,-334.0098,0.832819
-337.2357,11.9423,-332.6264,0.833180
-336.7599,11.9038,-331.2351,0.833540
-336.2897,11.8663,-329.8444,0.833901
-335.8232,11.8292,-328.4543,0.834265
-335.3607,11.7915,-327.0665,0.834628
-334.8987,11.7528,-325.6702,0.834991
-334.4414,11.7152,-324.2799,0.835352
-333.9892,11.6783,-322.8946,0.835711
-333.5338,11.6416,-321.4897,0.836073
-333.0846,11.6062,-320.0941,0.836438
-332.6396,11.5711,-318.7018,0.836801
-332.1951,11.5351,-317.2979,0.837163
-331.7548,11.4991,-315.8943,0.837525
-331.3220,11.4640,-314.4991,0.837889
-330.8911,11.4288,-313.0950,0.838251
-330.4609,11.3931,-311.6841,0.838615
-330.0362,11.3583,-310.2842,0.838977
-329.6122,11.3238,-308.8779,0.839335
-329.1909,11.2895,-307.4695,0.839703
-328.7755,11.2547,-306.0668,0.840060
-328.3611,11.2190,-304.6506,0.840425
-327.9532,11.1823,-303.2397,0.840788
-327.5502,11.1456,-301.8271,0.841152
-327.1507,11.1092,-300.4113,0.841513
-326.7556,11.0729,-298.9924,0.841878
-326.3680,11.0384,-297.5817,0.842238
-325.9817,11.0048,-296.1551,0.842602
-325.6034,10.9723,-294.7350,0.842963
-325.2321,10.9402,-293.3168,0.843324
-324.8636,10.9083,-291.8860,0.843689
-324.5031,10.8766,-290.4585,0.844054
-324.1486,10.8460,-289.0332,0.844413
-323.7977,10.8160,-287.6055,0.844776
-323.4494,10.7869,-286.1733,0.845140
-323.1074,10.7584,-284.7507,0.845500
-322.7669,10.7298,-283.3175,0.845864
-322.4269,10.7009,-281.8834,0.846228
-322.0928,10.6737,-280.4587,0.846590
-321.7541,10.6493,-279.0215,0.846950
-321.4365,10.6237,-277.5875,0.847319
-321.1111,10.5961,-276.1585,0.847675
-320.7883,10.5686,-274.7295,0.848041
-320.4670,10.5552,-273.2817,0.848403
-320.1445,10.5515,-271.8616,0.848768
-319.8490,10.5075,-270.4113,0.849128
-319.5463,10.5096,-268.9784,0.849486
-319.2386,10.4974,-267.5630,0.849848
-318.9552,10.4686,-266.1078,0.850211
-318.6539,10.4576,-264.6907,0.850572
-318.3780,10.4164,-263.2487,0.850932
-318.0825,10.4149,-261.8297,0.851292
-317.8130,10.3641,-260.3850,0.851655
-317.5375,10.3632,-258.9582,0.852010
-317.2654,10.3116,-257.5267,0.852373
-316.9954,10.3130,-256.0969,0.852730
-316.7286,10.2694,-254.6732,0.853092
-316.4624,10.2719,-253.2448,0.853450
-316.1981,10.2232,-251.8171,0.853809
-315.9360,10.2265,-250.3935,0.854167
-315.6760,10.2303,-248.9741,0.854526
-315.4153,10.1820,-247.5433,0.854884
-315.1586,10.1716,-246.1341,0.855242
-314.9016,10.1341,-244.7181,0.855598
-314.6417,10.1029,-243.2984,0.855961
-314.3803,10.0835,-241.8875,0.856314
-314.1157,10.0635,-240.4688,0.856673
-313.8508,10.0435,-239.0572,0.857030
-313.5838,10.0237,-237.6458,0.857386
-313.3145,10.0027,-236.2343,0.857743
-313.0434,9.9814,-234.8246,0.858099
-312.7695,9.9606,-233.4104,0.858456
-312.4952,9.9387,-232.0002,0.858811
-312.1779,9.9263,-230.5949,0.859170
-311.8996,9.9098,-229.1924,0.859525
-311.6192,9.8920,-227.7794,0.859881
-311.3418,9.8731,-226.3739,0.860238
-311.0662,9.8532,-224.9721,0.860592
-310.7902,9.8315,-223.5650,0.860946
-310.5158,9.8083,-222.1613,0.861301
-310.2423,9.7839,-220.7538,0.861657
-309.9711,9.7569,-219.3442,0.862016
-309.7026,9.7282,-217.9361,0.862365
-309.4381,9.6994,-216.5337,0.862720
-309.1746,9.6699,-215.1214,0.863080
-308.9150,9.6405,-213.7190,0.863430
-308.6570,9.6120,-212.3159,0.863784
-308.4007,9.5834,-210.9091,0.864138
-308.1481,9.5544,-209.5076,0.864491
-307.8981,9.5256,-208.1020,0.864844
-307.6512,9.4950,-206.7008,0.865199
-307.4060,9.4620,-205.2957,0.865552
-307.1646,9.4277,-203.8916,0.865907
-306.9254,9.3906,-202.4815,0.866264
-306.6907,9.3504,-201.0807,0.866611
-306.4578,9.3082,-199.6733,0.866962
-306.2280,9.2642,-198.2671,0.867318
-306.0028,9.2179,-196.8666,0.867670
-305.7797,9.1709,-195.4601,0.868025
-305.5599,9.1222,-194.0542,0.868375
-305.3436,9.0718,-192.6525,0.868727
-305.1288,9.0216,-191.2461,0.869078
-304.9157,8.9707,-189.8416,0.869429
-304.7039,8.9182,-188.4363,0.869785
-304.5365,8.8654,-187.0282,0.870136
-304.3318,8.8201,-185.6208,0.870491
-304.1305,8.7733,-184.2131,0.870841
-303.9337,8.7269,-182.8165,0.871194
-303.7378,8.7034,-181.3938,0.871545
-303.5518,8.6722,-179.9893,0.871899
-303.3660,8.5893,-178.5815,0.872250
-303.1813,8.5571,-177.1840,0.872600
-302.9856,8.5125,-175.8032,0.872951
-302.8088,8.4401,-174.3874,0.873305
-302.6080,8.3922,-173.0068,0.873654
-302.4271,8.3091,-171.5979,0.874007
-302.2197,8.2642,-170.2163,0.874355
-302.0187,8.1997,-168.8235,0.874708
-301.8228,8.1295,-167.4123,0.875060
-301.6001,8.0680,-166.0318,0.875407
-301.3984,7.9894,-164.6221,0.875761
-301.1726,7.9341,-163.2480,0.876109
-300.9665,7.8518,-161.8400,0.876460
-300.7358,7.7978,-160.4628,0.876811
-300.5154,7.7275,-159.0761,0.877158
-300.3033,7.6547,-157.6647,0.877511
-300.0676,7.5859,-156.2924,0.877859
-299.8411,7.5144,-154.9057,0.878211
-299.6116,7.4426,-153.5138,0.878562
-299.3812,7.3706,-152.1250,0.878912
-299.1490,7.2970,-150.7378,0.879261
-298.9152,7.2233,-149.3509,0.879608
-298.6919,7.1466,-147.9519,0.879959
-298.4446,7.0750,-146.5814,0.880305
-298.2071,7.0000,-145.1918,0.880658
-297.9699,6.9256,-143.8102,0.881007
-297.7312,6.8529,-142.4257,0.881356
-297.5124,6.7870,-141.1610,0.881706
-297.2505,6.7088,-139.6511,0.882053
-297.0108,6.6395,-138.2689,0.882400
-296.7704,6.5707,-136.8817,0.882751
-296.5298,6.5020,-135.4927,0.883105
-296.3057,6.4293,-134.1125,0.883449
-296.0669,6.3598,-132.7238,0.883795
-295.8302,6.2906,-131.3407,0.884148
-295.5944,6.2211,-129.9568,0.884498
-295.3593,6.1515,-128.5730,0.884845
-295.1241,6.0817,-127.1844,0.885202
-294.8897,6.0129,-125.7973,0.885548
-294.6563,5.9464,-124.4150,0.885890
-294.4239,5.8788,-123.0355,0.886243
-294.1916,5.8111,-121.6533,0.886589
-293.9575,5.7426,-120.2609,0.886939
-293.7262,5.6751,-118.8842,0.887286
-293.4929,5.6077,-117.4968,0.887638
-293.2610,5.5411,-116.1180,0.887984
-293.0282,5.4743,-114.7341,0.888335
-292.7963,5.4081,-113.3569,0.888682
-292.5649,5.3434,-111.9808,0.889028
-292.3343,5.2795,-110.6072,0.889375
-292.1041,5.2171,-109.2336,0.889719
-291.8735,5.1552,-107.8574,0.890067
-291.6460,5.0953,-106.4942,0.890411
-291.4176,5.0356,-105.1238,0.890755
-291.1905,4.9763,-103.7568,0.891102
-290.9642,4.9170,-102.3904,0.891448
-290.7382,4.8573,-101.0248,0.891786
-290.5136,4.7981,-99.6662,0.892130
-290.2901,4.7397,-98.3126,0.892470
-290.0667,4.6813,-96.9571,0.892814
-289.8429,4.6233,-95.5958,0.893158
-289.6211,4.5663,-94.2440,0.893500
-289.4002,4.5102,-92.8970,0.893839
-289.1787,4.4543,-91.5411,0.894185
-288.9603,4.4000,-90.1991,0.894514
-288.7426,4.3463,-88.8556,0.894853
-288.5247,4.2936,-87.5061,0.895196
-288.3091,4.2421,-86.1658,0.895533
-288.0950,4.1912,-84.8317,0.895870
-287.8795,4.1403,-83.4837,0.896210
-287.6671,4.0915,-82.1504,0.896547
-287.4560,4.0441,-80.8188,0.896878
-287.2450,3.9975,-79.4828,0.897216
-287.0358,3.9514,-78.1500,0.897555
-286.8273,3.9052,-76.8176,0.897891
-286.6212,3.8597,-75.4959,0.898218
-286.4146,3.8143,-74.1673,0.898556
-286.2097,3.7696,-72.8451,0.898893
-286.0045,3.7257,-71.5165,0.899225
-285.8019,3.6837,-70.2014,0.899556
-285.5991,3.6436,-68.8820,0.899895
-285.3960,3.6044,-67.5597,0.900221
-285.1949,3.5659,-66.2492,0.900553
-284.9937,3.5276,-64.9364,0.900886
-284.7932,3.4897,-63.6265,0.901212
-284.5933,3.4525,-62.3189,0.901540
-284.3940,3.4161,-61.0135,0.901875
-284.1947,3.3803,-59.7049,0.902207
-283.9967,3.3458,-58.4040,0.902533
-283.7988,3.3130,-57.1022,0.902857
-283.6007,3.2808,-55.7984,0.903198
-283.4042,3.2489,-54.5031,0.903522
-283.2079,3.2171,-53.2083,0.903848
-283.0121,3.1862,-51.9136,0.904175
-282.8174,3.1569,-50.6245,0.904498
-282.6222,3.1285,-49.3303,0.904828
-282.4284,3.1008,-48.0470,0.905151
-282.2345,3.0734,-46.7609,0.905479
-282.0412,3.0468,-45.4766,0.905804
-281.8477,3.0216,-44.1906,0.906130
-281.6551,2.9974,-42.9096,0.906450
-281.4635,2.9735,-41.6345,0.906780
-281.2716,2.9499,-40.3578,0.907105
-281.0800,2.9272,-39.0826,0.907425
-280.8891,2.9052,-37.8130,0.907752
-280.6971,2.8834,-36.5358,0.908072
-280.5070,2.8617,-35.2715,0.908394
-280.3170,2.8399,-34.0089,0.908716
-280.1254,2.8181,-32.7353,0.909039
-279.9362,2.7964,-31.4771,0.909358
-279.7467,2.7746,-30.2157,0.909682
-279.5576,2.7524,-28.9575,0.909994
-279.3684,2.7304,-27.6999,0.910316
-279.1796,2.7092,-26.4461,0.910634
-278.9906,2.6887,-25.1926,0.910948
-278.8021,2.6698,-23.9398,0.911266
-278.6144,2.6525,-22.6946,0.911583
-278.4255,2.6357,-21.4423,0.911898
-278.2379,2.6186,-20.2021,0.912210
-278.0505,2.6006,-18.9624,0.912526
-277.8614,2.5825,-17.7134,0.912841
-277.6744,2.5648,-16.4774,0.913151
-277.4875,2.5468,-15.2388,0.913468
-277.3015,2.5284,-14.0045,0.913778
-277.1158,2.5106,-12.7710,0.914088
-276.9299,2.4938,-11.5342,0.914398
-276.7425,2.4779,-10.2870,0.914720
-276.5611,2.4627,-9.0791,0.915021
-276.3766,2.4473,-7.8491,0.915328
-276.1934,2.4321,-6.6282,0.915636
-276.0107,2.4164,-5.4077,0.915943
-275.8277,2.4009,-4.1799,0.916255
-275.6474,2.3861,-2.9661,0.916559
-275.4670,2.3719,-1.7474,0.916865
-275.2864,2.3578,-0.5264,0.917173
-275.1077,2.3434,0.6846,0.917478
-274.9290,2.3286,1.8955,0.917785
-274.7505,2.3137,3.1043,0.918092
-274.5721,2.2984,4.3132,0.918394
-274.3944,2.2830,5.5186,0.918695
-274.2163,2.2676,6.7251,0.919004
-274.0387,2.2515,7.9279,0.919306
-273.8616,2.2349,9.1255,0.919608
-273.6836,2.2175,10.3276,0.919909
-273.5054,2.2002,11.5273,0.920208
-273.3279,2.1830,12.7189,0.920509
-273.1493,2.1662,13.9132,0.920810
-272.9703,2.1497,15.1060,0.921109
-272.7912,2.1336,16.2951,0.921409
-272.6120,2.1181,17.4809,0.921714
-272.4315,2.1030,18.6679,0.922007
-272.2502,2.0886,19.8553,0.922308
-272.0696,2.0748,21.0329,0.922608
-271.8875,2.0612,22.2142,0.922905
-271.7056,2.0483,23.3907,0.923201
-271.5229,2.0360,24.5693,0.923500
-271.3401,2.0239,25.7446,0.923794
-271.1582,2.0117,26.9097,0.924089
-270.9745,1.9990,28.0842,0.924387
-270.7906,1.9864,29.2545,0.924684
-270.6074,1.9745,30.4167,0.924974
-270.4230,1.9634,31.5824,0.925270
-270.2375,1.9534,32.7516,0.925566
-270.0533,1.9448,33.9094,0.925856
-269.8686,1.9372,35.0676,0.926153
-269.6826,1.9305,36.2295,0.926440
-269.4976,1.9243,37.3819,0.926733
-269.3119,1.9180,38.5348,0.927022
-269.1248,1.9118,39.6922,0.927314
-268.9397,1.9061,40.8342,0.927603
-268.7534,1.9009,41.9797,0.927891
-268.5663,1.8966,43.1268,0.928183
-268.3809,1.8939,44.2623,0.928473
-268.1937,1.8917,45.4050,0.928757
-268.0070,1.8904,46.5394,0.929047
-267.8203,1.8894,47.6723,0.929334
-267.6344,1.8891,48.7969,0.929616
-267.4463,1.8892,49.9313,0.929902
-267.2599,1.8900,51.0539,0.930179
-267.0722,1.8909,52.1811,0.930474
-266.8843,1.8917,53.3068,0.930755
-266.6977,1.8931,54.4225,0.931041
-266.5101,1.8950,55.5411,0.931327
-266.3228,1.8972,56.6559,0.931605
-266.1364,1.8988,57.7645,0.931882
-265.9501,1.9005,58.8718,0.932164
-265.7621,1.9023,59.9873,0.932443
-265.5770,1.9046,61.0864,0.932720
-265.3917,1.9070,62.1855,0.932999
-265.2052,1.9094,63.2904,0.933279
-265.0207,1.9117,64.3832,0.933557
-264.8363,1.9137,65.4761,0.933836
-264.6522,1.9154,66.5656,0.934107
-264.4675,1.9171,67.6583,0.934386
-264.2841,1.9189,68.7444,0.934654
-264.1011,1.9210,69.8298,0.934936
-263.9191,1.9238,70.9057,0.935212
-263.7368,1.9269,71.9846,0.935483
-263.5540,1.9301,73.0659,0.935751
-263.3739,1.9332,74.1319,0.936023
-263.1948,1.9359,75.1927,0.936291
-263.0155,1.9384,76.2541,0.936557
-262.8377,1.9415,77.3070,0.936824
-262.6609,1.9454,78.3537,0.937086
-262.4836,1.9500,79.4027,0.937360
-262.3068,1.9548,80.4483,0.937621
-262.1310,1.9598,81.4868,0.937882
-261.9554,1.9651,82.5239,0.938147
-261.7818,1.9710,83.5493,0.938405
-261.6088,1.9768,84.5713,0.938664
-261.4360,1.9825,85.5932,0.938924
-261.2629,1.9873,86.6159,0.939181
-261.0960,1.9917,87.6028,0.939430
-260.9266,1.9965,88.6038,0.939682
-260.7600,2.0015,89.5879,0.939931
-260.5942,2.0067,90.5678,0.940181
-260.4278,2.0114,91.5494,0.940434
-260.2650,2.0159,92.5101,0.940679
-260.1021,2.0200,93.4698,0.940920
-259.9397,2.0238,94.4272,0.941162
-259.7799,2.0274,95.3688,0.941404
-259.6194,2.0314,96.3126,0.941648
-259.4597,2.0359,97.2464,0.941884
-259.3007,2.0402,98.1700,0.942115
-259.1413,2.0450,99.0904,0.942353
-258.9821,2.0500,100.0030,0.942586
-258.8237,2.0547,100.9054,0.942818
-258.6657,2.0596,101.8006,0.943047
-258.5064,2.0645,102.6978,0.943277
-258.3488,2.0694,103.5815,0.943500
-258.1906,2.0745,104.4655,0.943730
-258.0319,2.0795,105.3485,0.943959
-257.8741,2.0846,106.2219,0.944191
-257.7155,2.0900,107.0969,0.944416
-257.5581,2.0955,107.9620,0.944640
-257.4003,2.1015,108.8256,0.944867
-257.2431,2.1081,109.6814,0.945088
-257.0861,2.1147,110.5343,0.945314
-256.9308,2.1215,111.3745,0.945532
-256.7754,2.1282,112.2121,0.945753
-256.6208,2.1347,113.0411,0.945973
-256.4674,2.1410,113.8621,0.946183
-256.3147,2.1477,114.6743,0.946401
-256.1635,2.1549,115.4760,0.946609
-256.0146,2.1628,116.2616,0.946823
-255.8654,2.1708,117.0401,0.947027
-255.7147,2.1786,117.8098,0.947235
-255.5629,2.1862,118.5645,0.947434
-255.4087,2.1940,119.3113,0.947636
-255.2516,2.2015,120.0497,0.947837
-255.0944,2.2088,120.7706,0.948040
-254.9336,2.2159,121.4895,0.948238
-254.7710,2.2230,122.1955,0.948430
-254.6062,2.2300,122.8905,0.948631
-254.4386,2.2368,123.5751,0.948830
-254.2689,2.2435,124.2495,0.949026
-254.0963,2.2503,124.9182,0.949226
-253.9249,2.2568,125.5715,0.949418
-253.7505,2.2632,126.2219,0.949609
-253.5778,2.2693,126.8559,0.949804
-253.4017,2.2753,127.4896,0.949992
-253.2262,2.2810,128.1071,0.950168
-253.0499,2.2863,128.7149,0.950347
-252.8727,2.2914,129.3096,0.950522
-252.6915,2.2965,129.8991,0.950692
-252.5085,2.3014,130.4780,0.950860
-252.3236,2.3060,131.0437,0.951028
-252.1366,2.3105,131.6052,0.951196
-251.9514,2.3147,132.1492,0.951354
-251.7621,2.3187,132.6941,0.951514
-251.5710,2.3224,133.2284,0.951678
-251.3748,2.3259,133.7580,0.951832
-251.1810,2.3291,134.2652,0.951980
-250.9813,2.3323,134.7769,0.952128
-250.7841,2.3354,135.2762,0.952272
-250.5826,2.3382,135.7654,0.952417
-250.3690,2.3410,136.2430,0.952556
-250.1418,2.3438,136.7031,0.952700
-249.8977,2.3466,137.1601,0.952838
-249.6551,2.3494,137.5989,0.952974
-249.4138,2.3522,138.0404,0.953110
-249.1746,2.3549,138.4779,0.953249
-248.9349,2.3574,138.9079,0.953381
-248.6871,2.3595,139.3281,0.953515
-248.4317,2.3612,139.7397,0.953644
-248.1710,2.3625,140.1391,0.953773
-247.9030,2.3634,140.5311,0.953903
-247.6208,2.3649,140.9090,0.954031
-247.3431,2.3695,141.2773,0.954158
-247.0345,2.3802,141.6232,0.954283
-246.7333,2.3938,141.9608,0.954407
-246.4311,2.4039,142.2844,0.954533
-246.1152,2.4113,142.6015,0.954657
-245.8129,2.4130,142.9196,0.954780
-245.4852,2.4099,143.2181,0.954900
-245.1519,2.4062,143.5030,0.955024
-244.8259,2.3889,143.7856,0.955142
-244.4837,2.3778,144.0456,0.955265
-244.1349,2.3665,144.2904,0.955383
-243.7778,2.3542,144.5234,0.955499
-243.4256,2.3439,144.7585,0.955616
-243.0705,2.3336,144.9946,0.955731
-242.7137,2.3240,145.2232,0.955848
-242.3546,2.3148,145.4439,0.955959
-241.9926,2.3060,145.6566,0.956075
-241.6264,2.2976,145.8604,0.956186
-241.2602,2.2896,146.0520,0.956299
-240.8916,2.2823,146.2363,0.956412
-240.5010,2.2753,146.4230,0.956528
-240.1507,2.2699,146.5841,0.956632
-239.7810,2.2645,146.7433,0.956741
-239.4048,2.2589,146.8853,0.956849
-239.0255,2.2531,147.0112,0.956956
-238.6427,2.2473,147.1307,0.957063
-238.2610,2.2421,147.2543,0.957170
-237.8814,2.2382,147.3789,0.957278
-237.5021,2.2354,147.4961,0.957383
-237.1253,2.2323,147.6019,0.957488
-236.7452,2.2286,147.6878,0.957593
-236.3619,2.2247,147.7574,0.957697
-235.9794,2.2207,147.8144,0.957802
-235.5969,2.2167,147.8614,0.957906
-235.2129,2.2126,147.8991,0.958011
-234.8283,2.2085,147.9268,0.958116
-234.4462,2.2044,147.9394,0.958218
-234.0600,2.1998,147.9456,0.958322
-233.6743,2.1952,147.9418,0.958429
-233.2886,2.1907,147.9287,0.958534
-232.8969,2.1862,147.9097,0.958640
-232.5053,2.1829,147.8769,0.958745
-232.1125,2.1763,147.8569,0.958851
-231.7151,2.1695,147.8300,0.958958
-231.3207,2.1627,147.7915,0.959066
-230.9310,2.1567,147.7256,0.959173
-230.5307,2.1444,147.6705,0.959281
-230.1303,2.1316,147.6088,0.959392
-229.7291,2.1184,147.5387,0.959503
-229.3332,2.1040,147.4488,0.959614
-228.9295,2.0865,147.3589,0.959726
-228.5162,2.0666,147.2795,0.959839
-228.1145,2.0560,147.1660,0.959953
-227.7012,2.0441,147.0566,0.960066
-227.2882,2.0392,146.9335,0.960181
-226.8713,2.0351,146.8113,0.960295
-226.4538,2.0314,146.6870,0.960413
-226.0338,2.0280,146.5564,0.960532
-225.6160,2.0230,146.4144,0.960651
-225.2007,2.0191,146.2555,0.960771
-224.7906,2.0151,146.0853,0.960889
-224.3793,2.0110,145.9037,0.961010
-223.9675,2.0063,145.7139,0.961129
-223.5636,2.0016,145.5155,0.961252
-223.1558,1.9968,145.3035,0.961375
-222.7548,1.9915,145.0847,0.961496
-222.3503,1.9856,144.8550,0.961619
-221.9453,1.9793,144.6142,0.961741
-221.5440,1.9725,144.3676,0.961864
-221.1424,1.9652,144.1137,0.961989
-220.7378,1.9576,143.8533,0.962114
-220.3339,1.9494,143.5850,0.962240
-219.9306,1.9411,143.3106,0.962370
-219.5258,1.9322,143.0282,0.962500
-219.1225,1.9233,142.7378,0.962631
-218.7221,1.9158,142.4387,0.962758
-218.3228,1.9135,142.1301,0.962891
-217.9303,1.9117,141.8111,0.963023
-217.5383,1.9103,141.4850,0.963158
-217.1480,1.9089,141.1505,0.963293
-216.7579,1.9076,140.8084,0.963430
-216.3698,1.9064,140.4601,0.963566
-215.9822,1.9051,140.1028,0.963705
-215.5995,1.9032,139.7397,0.963842
-215.2157,1.9014,139.3682,0.963984
-214.8291,1.8991,138.9912,0.964123
-214.4386,1.8966,138.6122,0.964267
-214.0473,1.8938,138.2294,0.964410
-213.6512,1.8904,137.8404,0.964556
-213.2521,1.8870,137.4485,0.964698
-212.8541,1.8835,137.0545,0.964845
-212.4536,1.8794,136.6546,0.964991
-212.0514,1.8751,136.2484,0.965139
-211.6530,1.8704,135.8405,0.965292
-211.2520,1.8651,135.4236,0.965437
-210.8496,1.8596,135.0018,0.965595
-210.4488,1.8541,134.5769,0.965748
-210.0458,1.8486,134.1452,0.965910
-209.6432,1.8433,133.7086,0.966068
-209.2407,1.8380,133.2672,0.966232
-208.8373,1.8327,132.8199,0.966392
-208.4338,1.8272,132.3676,0.966556
-208.0297,1.8213,131.9095,0.966720
-207.6207,1.8148,131.4462,0.966882
-207.2105,1.8081,130.9824,0.967059
-206.7957,1.8014,130.5146,0.967226
-206.3753,1.7946,130.0408,0.967406
-205.9547,1.7880,129.5667,0.967579
-205.5307,1.7819,129.0879,0.967757
-205.1039,1.7759,128.6045,0.967935
-204.6746,1.7702,128.1173,0.968112
-204.2454,1.7647,127.6294,0.968294
-203.8112,1.7590,127.1350,0.968482
-203.3749,1.7526,126.6376,0.968664
-202.9377,1.7460,126.1381,0.968852
-202.4940,1.7386,125.6308,0.969044
-202.0499,1.7309,125.1223,0.969229
-201.6050,1.7229,124.6124,0.969421
-201.1556,1.7147,124.0968,0.969614
-200.7018,1.7065,123.5773,0.969805
-200.2475,1.6981,123.0569,0.969991
-199.7885,1.6896,122.5312,0.970189
-199.3256,1.6811,122.0013,0.970383
-198.8618,1.6725,121.4704,0.970581
-198.3931,1.6640,120.9343,0.970779
-197.9238,1.6553,120.3974,0.970979
-197.4536,1.6468,119.8598,0.971174
-196.9776,1.6382,119.3160,0.971370
-196.4978,1.6293,118.7690,0.971564
-196.0183,1.6203,118.2234,0.971752
-195.5327,1.6109,117.6721,0.971951
-195.0431,1.6008,117.1171,0.972144
-194.5533,1.5904,116.5630,0.972337
-194.0590,1.5794,116.0045,0.972535
-193.5604,1.5680,115.4416,0.972734
-193.0614,1.5563,114.8790,0.972934
-192.5585,1.5444,114.3126,0.973138
-192.0522,1.5321,113.7433,0.973335
-191.5447,1.5201,113.1736,0.973533
-191.0318,1.5079,112.5990,0.973734
-190.5144,1.4957,112.0202,0.973939
-189.9982,1.4839,111.4438,0.974143
-189.4740,1.4719,110.8594,0.974352
-188.9487,1.4599,110.2750,0.974560
-188.4220,1.4478,109.6896,0.974773
-187.8912,1.4354,109.1008,0.974990
-187.3569,1.4229,108.5089,0.975198
-186.8210,1.4104,107.9166,0.975410
-186.2827,1.3978,107.3230,0.975625
-185.7395,1.3847,106.7253,0.975839
-185.1992,1.3713,106.1319,0.976046
-184.6504,1.3565,105.5310,0.976263
-184.1009,1.3418,104.9305,0.976468
-183.5525,1.3264,104.3336,0.976678
-182.9989,1.3107,103.7329,0.976891
-182.4425,1.2947,103.1311,0.977101
-181.8841,1.2786,102.5289,0.977307
-181.3227,1.2623,101.9258,0.977520
-180.7569,1.2459,101.3199,0.977737
-180.1915,1.2293,100.7170,0.977950
-179.6221,1.2127,100.1113,0.978165
-179.0505,1.1955,99.5050,0.978379
-178.4793,1.1786,98.9008,0.978592
-177.9016,1.1603,98.2912,0.978811
-177.3246,1.1423,97.6839,0.979025
-176.7432,1.1242,97.0740,0.979233
-176.1597,1.1065,96.4636,0.979449
-175.5745,1.0891,95.8538,0.979664
-174.9876,1.0719,95.2436,0.979877
-174.3951,1.0549,94.6295,0.980090
-173.8006,1.0380,94.0152,0.980303
-173.2066,1.0218,93.4042,0.980518
-172.5945,1.0059,92.7770,0.980740
-172.0075,0.9910,92.1778,0.980950
-171.4061,0.9752,91.5653,0.981166
-170.8018,0.9590,90.9498,0.981383
-170.1978,0.9424,90.3349,0.981599
-169.5900,0.9254,89.7169,0.981818
-168.9823,0.9086,89.0998,0.982037
-168.3724,0.8921,88.4813,0.982248
-167.7611,0.8757,87.8623,0.982464
-167.1474,0.8597,87.2418,0.982684
-166.5331,0.8440,86.6217,0.982897
-165.9178,0.8287,86.0014,0.983109
-165.2972,0.8133,85.3768,0.983326
-164.6790,0.7987,84.7551,0.983542
-164.0591,0.7843,84.1322,0.983755
-163.4352,0.7708,83.5044,0.983972
-162.8121,0.7579,82.8777,0.984185
-162.1910,0.7448,82.2529,0.984401
-161.5630,0.7312,81.6213,0.984622
-160.9360,0.7174,80.9909,0.984838
-160.3120,0.7035,80.3635,0.985056
-159.6775,0.6896,79.7258,0.985272
-159.0500,0.6757,79.0952,0.985493
-158.4216,0.6614,78.4644,0.985708
-157.7885,0.6470,77.8290,0.985925
-157.1551,0.6330,77.1934,0.986145
-156.5234,0.6192,76.5591,0.986367
-155.8898,0.6065,75.9232,0.986587
-155.2536,0.5944,75.2845,0.986806
-154.6221,0.5827,74.6506,0.987026
-153.9829,0.5710,74.0086,0.987250
-153.3503,0.5599,73.3731,0.987470
-152.7148,0.5486,72.7347,0.987691
-152.0769,0.5380,72.0936,0.987911
-151.4422,0.5276,71.4556,0.988132
-150.8078,0.5178,70.8173,0.988351
-150.1731,0.5081,70.1777,0.988573
-149.5380,0.4992,69.5356,0.988795
-148.9070,0.4910,68.8961,0.989011
-148.2714,0.4832,68.2510,0.989233
-147.6385,0.4757,67.6077,0.989453
-147.0080,0.4682,66.9658,0.989673
-146.3760,0.4607,66.3224,0.989890
-145.7429,0.4530,65.6777,0.990111
-145.1145,0.4451,65.0369,0.990324
-144.4820,0.4370,64.3902,0.990542
-143.8523,0.4287,63.7449,0.990758
-143.2236,0.4198,63.0994,0.990977
-142.5938,0.4108,62.4514,0.991195
-141.9679,0.4016,61.8064,0.991414
-141.3380,0.3927,61.1569,0.991636
-140.7070,0.3837,60.5061,0.991856
-140.0784,0.3760,59.8576,0.992075
-139.4514,0.3687,59.2107,0.992297
-138.8220,0.3616,58.5614,0.992516
-138.1910,0.3546,57.9106,0.992740
-137.5652,0.3473,57.2656,0.992960
-136.9334,0.3401,56.6144,0.993186
-136.3011,0.3335,55.9635,0.993408
-135.6729,0.3276,55.3176,0.993625
-135.0377,0.3224,54.6661,0.993851
-134.3851,0.3172,53.9984,0.994085
-133.7727,0.3123,53.3753,0.994297
-133.1347,0.3062,52.7287,0.994524
-132.4954,0.2992,52.0835,0.994744
-131.8588,0.2923,51.4424,0.994971
-131.2186,0.2850,50.7972,0.995194
-130.5813,0.2778,50.1549,0.995416
-129.9445,0.2707,49.5135,0.995643
-129.3023,0.2638,48.8673,0.995866
-128.6644,0.2574,48.2268,0.996090
-128.0262,0.2517,47.5874,0.996318
-127.3827,0.2461,46.9441,0.996542
-126.7417,0.2407,46.3034,0.996767
-126.1011,0.2351,45.6624,0.996995
-125.4616,0.2292,45.0212,0.997218
-124.8214,0.2235,44.3784,0.997447
-124.1828,0.2180,43.7364,0.997673
-123.5438,0.2130,43.0933,0.997899
-122.9034,0.2081,42.4489,0.998125
-122.2650,0.2037,41.8065,0.998349
-121.6240,0.1998,41.1624,0.998580
-120.9822,0.1960,40.5198,0.998808
-120.3394,0.1929,39.8774,0.999034
-119.6960,0.1909,39.2357,0.999260
-119.0509,0.1892,38.5932,0.999487
-118.4070,0.1884,37.9526,0.999716
-117.7621,0.1876,37.3102,0.999949
