-105.4321,0.1820,47.1100,0.000386
-104.8262,0.1804,46.5026,0.000597
-104.2215,0.1784,45.8968,0.000811
-103.6171,0.1765,45.2911,0.001023
-103.0120,0.1742,44.6848,0.001238
-102.4062,0.1719,44.0780,0.001450
-101.8026,0.1701,43.4734,0.001663
-101.1773,0.1687,42.8469,0.001883
-100.5878,0.1679,42.2564,0.002090
-99.9833,0.1678,41.6507,0.002304
-99.3766,0.1674,41.0427,0.002518
-98.7687,0.1660,40.4333,0.002731
-98.1627,0.1645,39.8260,0.002946
-97.5557,0.1627,39.2173,0.003160
-96.9482,0.1608,38.6077,0.003373
-96.3407,0.1597,37.9975,0.003588
-95.7340,0.1588,37.3880,0.003803
-95.1250,0.1581,36.7759,0.004017
-94.5196,0.1571,36.1672,0.004231
-93.9101,0.1554,35.5541,0.004445
-93.3020,0.1535,34.9421,0.004660
-92.6954,0.1506,34.3311,0.004874
-92.0871,0.1477,33.7177,0.005090
-91.4791,0.1448,33.1037,0.005304
-90.8734,0.1418,32.4912,0.005519
-90.2647,0.1381,31.8750,0.005734
-89.6563,0.1339,31.2588,0.005950
-89.0520,0.1293,30.6464,0.006163
-88.4397,0.1242,30.0252,0.006380
-87.8327,0.1187,29.4088,0.006596
-87.2268,0.1132,28.7931,0.006810
-86.6185,0.1077,28.1742,0.007027
-86.0116,0.1020,27.5558,0.007242
-85.4050,0.0964,26.9370,0.007457
-84.7961,0.0911,26.3156,0.007673
-84.1873,0.0866,25.6939,0.007890
-83.5802,0.0828,25.0740,0.008106
-82.9678,0.0794,24.4490,0.008324
-82.3616,0.0764,23.8300,0.008539
-81.7556,0.0733,23.2119,0.008768
-81.1435,0.0699,22.5881,0.009012
-80.5342,0.0665,21.9679,0.009065
-79.3119,0.0585,20.7266,0.009625
-78.7000,0.0537,20.1067,0.010213
-77.4741,0.0425,18.8674,0.010245
-76.8612,0.0366,18.2484,0.010454
-76.2439,0.0313,17.6253,0.010708
-75.6266,0.0267,17.0023,0.010926
-75.0177,0.0224,16.3881,0.011141
-74.4002,0.0189,15.7655,0.011358
-73.7836,0.0154,15.1443,0.011576
-73.1679,0.0121,14.5243,0.011794
-72.5511,0.0090,13.9031,0.012011
-71.9318,0.0061,13.2798,0.012230
-71.3162,0.0035,12.6605,0.012448
-70.6992,0.0010,12.0405,0.012665
-70.0776,-0.0011,11.4165,0.012884
-69.4612,-0.0031,10.7986,0.013102
-68.8424,-0.0051,10.1792,0.013320
-68.2182,-0.0076,9.5545,0.013539
-67.6022,-0.0100,8.9377,0.013756
-66.9793,-0.0126,8.3143,0.013975
-66.3588,-0.0143,7.6933,0.014193
-65.7384,-0.0159,7.0720,0.014412
-65.1180,-0.0171,6.4510,0.014630
-64.4959,-0.0184,5.8280,0.014849
-63.8745,-0.0200,5.2056,0.015068
-63.2544,-0.0215,4.5847,0.015287
-62.6301,-0.0226,3.9597,0.015506
-62.0108,-0.0235,3.3396,0.015724
-61.3881,-0.0249,2.7163,0.015944
-60.7649,-0.0271,2.0923,0.016163
-60.1426,-0.0299,1.4694,0.016381
-59.5196,-0.0326,0.8463,0.016602
-58.8961,-0.0355,0.2226,0.016821
-58.2718,-0.0385,-0.4020,0.017040
-57.6505,-0.0418,-1.0232,0.017259
-57.0238,-0.0453,-1.6496,0.017480
-56.4023,-0.0488,-2.2702,0.017698
-55.7763,-0.0510,-2.8954,0.017918
-55.1491,-0.0531,-3.5217,0.018138
-54.5234,-0.0540,-4.1455,0.018357
-53.8998,-0.0546,-4.7665,0.018575
-53.2724,-0.0553,-5.3904,0.018795
-52.6457,-0.0564,-6.0126,0.019017
-52.0185,-0.0576,-6.6344,0.019237
-51.3887,-0.0581,-7.2580,0.019458
-50.7608,-0.0582,-7.8799,0.019677
-50.1305,-0.0572,-8.5040,0.019898
-49.4994,-0.0559,-9.1287,0.020119
-48.8723,-0.0545,-9.7496,0.020339
-48.2423,-0.0530,-10.3740,0.020560
-47.6135,-0.0517,-10.9980,0.020780
-46.9842,-0.0506,-11.6233,0.021001
-46.3568,-0.0501,-12.2472,0.021220
-45.7264,-0.0496,-12.8748,0.021442
-45.0988,-0.0493,-13.5001,0.021662
-44.4701,-0.0487,-14.1273,0.021883
-43.8402,-0.0472,-14.7558,0.022104
-43.2138,-0.0452,-15.3816,0.022325
-42.5857,-0.0435,-16.0098,0.022546
-41.9570,-0.0418,-16.6392,0.022766
-41.3295,-0.0407,-17.2675,0.022988
-40.7020,-0.0389,-17.8953,0.023209
-40.0716,-0.0368,-18.5265,0.023430
-39.4454,-0.0345,-19.1533,0.023651
-38.8185,-0.0326,-19.7812,0.023872
-38.1873,-0.0309,-20.4131,0.024094
-37.5589,-0.0307,-21.0425,0.024315
-36.9317,-0.0319,-21.6706,0.024536
-36.3022,-0.0340,-22.3012,0.024758
-35.6747,-0.0369,-22.9298,0.024979
-35.0450,-0.0403,-23.5601,0.025202
-34.4151,-0.0431,-24.1905,0.025423
-33.7845,-0.0458,-24.8207,0.025646
-33.1543,-0.0485,-25.4496,0.025867
-32.5202,-0.0508,-26.0824,0.026090
-31.8895,-0.0529,-26.7114,0.026312
-31.2573,-0.0545,-27.3424,0.026534
-30.6226,-0.0557,-27.9760,0.026757
-29.9917,-0.0567,-28.6058,0.026979
-29.3591,-0.0574,-29.2373,0.027202
-28.7243,-0.0583,-29.8706,0.027425
-28.0913,-0.0595,-30.5019,0.027647
-27.4575,-0.0605,-31.1338,0.027870
-26.8214,-0.0614,-31.7677,0.028093
-26.1851,-0.0615,-32.4013,0.028317
-25.5501,-0.0616,-33.0336,0.028540
-24.9141,-0.0617,-33.6671,0.028764
-24.2792,-0.0619,-34.2993,0.028986
-23.6434,-0.0626,-34.9327,0.029210
-23.0057,-0.0631,-35.5683,0.029433
-22.3701,-0.0634,-36.2016,0.029657
-21.7340,-0.0633,-36.8358,0.029880
-21.0945,-0.0633,-37.4736,0.030105
-20.4588,-0.0641,-38.1081,0.030328
-19.8222,-0.0651,-38.7434,0.030552
-19.1822,-0.0668,-39.3824,0.030777
-18.5460,-0.0685,-40.0177,0.031001
-17.9089,-0.0696,-40.6538,0.031225
-17.2695,-0.0698,-41.2918,0.031449
-16.6304,-0.0698,-41.9298,0.031673
-15.9921,-0.0687,-42.5666,0.031898
-15.3508,-0.0674,-43.2061,0.032124
-14.7125,-0.0658,-43.8427,0.032348
-14.0732,-0.0643,-44.4797,0.032572
-13.4326,-0.0633,-45.1179,0.032797
-12.7928,-0.0621,-45.7548,0.033022
-12.1517,-0.0607,-46.3929,0.033247
-11.5080,-0.0583,-47.0330,0.033473
-10.8663,-0.0557,-47.6708,0.033698
-10.2251,-0.0524,-48.3070,0.033923
-9.5805,-0.0485,-48.9458,0.034149
-8.9371,-0.0444,-49.5826,0.034374
-8.2924,-0.0406,-50.2205,0.034600
-7.6480,-0.0370,-50.8579,0.034825
-7.0037,-0.0326,-51.4949,0.035050
-6.3563,-0.0275,-52.1344,0.035277
-5.7122,-0.0216,-52.7702,0.035502
-5.0656,-0.0145,-53.4078,0.035728
-4.4184,-0.0068,-54.0458,0.035954
-3.7743,0.0015,-54.6808,0.036179
-3.1263,0.0093,-55.3203,0.036406
-2.4783,0.0172,-55.9595,0.036632
-1.8356,0.0203,-56.5947,0.036857
-1.1899,0.0207,-57.2327,0.037083
-0.5448,0.0209,-57.8703,0.037308
0.1008,0.0206,-58.5083,0.037534
0.7443,0.0205,-59.1452,0.037760
1.3872,0.0208,-59.7822,0.037984
2.0308,0.0213,-60.4199,0.038210
2.6744,0.0219,-61.0580,0.038435
3.3177,0.0228,-61.6967,0.038661
3.9603,0.0237,-62.3359,0.038886
4.6012,0.0252,-62.9745,0.039111
5.2416,0.0266,-63.6132,0.039336
5.8825,0.0281,-64.2527,0.039560
6.5238,0.0291,-64.8928,0.039786
7.1613,0.0293,-65.5291,0.040010
7.8014,0.0295,-66.1680,0.040235
8.4429,0.0287,-66.8086,0.040462
9.0802,0.0276,-67.4452,0.040685
9.7188,0.0265,-68.0829,0.040909
10.3577,0.0254,-68.7213,0.041134
10.9956,0.0242,-69.3582,0.041357
11.6374,0.0228,-69.9997,0.041583
12.2713,0.0212,-70.6344,0.041807
12.9094,0.0190,-71.2744,0.042032
13.5455,0.0163,-71.9138,0.042256
14.1812,0.0134,-72.5536,0.042479
14.8182,0.0103,-73.1956,0.042705
15.4531,0.0075,-73.8360,0.042929
16.0885,0.0060,-74.4772,0.043154
16.7191,0.0052,-75.1139,0.043377
17.3568,0.0047,-75.7582,0.043602
17.9897,0.0038,-76.3976,0.043826
18.6214,0.0029,-77.0355,0.044047
19.2543,0.0021,-77.6738,0.044272
19.8908,0.0010,-78.3154,0.044496
20.5240,-0.0001,-78.9530,0.044721
21.1574,-0.0023,-79.5906,0.044945
21.7923,-0.0051,-80.2292,0.045169
22.4257,-0.0080,-80.8661,0.045393
23.0607,-0.0112,-81.5040,0.045617
23.6951,-0.0140,-82.1410,0.045840
24.3294,-0.0167,-82.7778,0.046064
24.9669,-0.0196,-83.4175,0.046288
25.6008,-0.0230,-84.0541,0.046512
26.2340,-0.0273,-84.6897,0.046735
26.8695,-0.0315,-85.3278,0.046960
27.5018,-0.0358,-85.9622,0.047181
28.1376,-0.0401,-86.6003,0.047406
28.7739,-0.0420,-87.2389,0.047631
29.4073,-0.0441,-87.8742,0.047853
30.0436,-0.0448,-88.5125,0.048078
30.6782,-0.0454,-89.1491,0.048301
31.3130,-0.0460,-89.7857,0.048524
31.9457,-0.0465,-90.4202,0.048748
32.5811,-0.0462,-91.0578,0.048972
33.2152,-0.0454,-91.6936,0.049194
33.8481,-0.0446,-92.3283,0.049418
34.4816,-0.0440,-92.9631,0.049640
35.1144,-0.0432,-93.5977,0.049865
35.7481,-0.0421,-94.2331,0.050088
36.3760,-0.0411,-94.8624,0.050308
37.0080,-0.0396,-95.4960,0.050531
37.6336,-0.0380,-96.1233,0.050751
38.2568,-0.0372,-96.7480,0.050971
38.8786,-0.0373,-97.3713,0.051191
39.4999,-0.0375,-97.9939,0.051408
40.1198,-0.0377,-98.6152,0.051627
40.7417,-0.0373,-99.2382,0.051846
41.3553,-0.0361,-99.8531,0.052062
41.9712,-0.0344,-100.4700,0.052280
42.5883,-0.0327,-101.0883,0.052496
43.1995,-0.0309,-101.7005,0.052711
43.8127,-0.0291,-102.3146,0.052928
44.4213,-0.0271,-102.9242,0.053142
45.0295,-0.0251,-103.5332,0.053355
45.6359,-0.0233,-104.1403,0.053569
46.2425,-0.0221,-104.7471,0.053782
46.8471,-0.0212,-105.3514,0.053995
47.4502,-0.0206,-105.9537,0.054208
48.0543,-0.0203,-106.5567,0.054420
48.6528,-0.0197,-107.1538,0.054630
49.2543,-0.0184,-107.7536,0.054842
49.8514,-0.0170,-108.3490,0.055051
50.4489,-0.0149,-108.9444,0.055262
51.0478,-0.0128,-109.5407,0.055473
51.6425,-0.0108,-110.1331,0.055681
52.2335,-0.0089,-110.7217,0.055889
52.8284,-0.0070,-111.3141,0.056098
53.4229,-0.0051,-111.9061,0.056305
54.0114,-0.0031,-112.4920,0.056512
54.6010,-0.0006,-113.0789,0.056719
55.1924,0.0016,-113.6675,0.056927
55.7760,0.0038,-114.2478,0.057132
56.3646,0.0054,-114.8325,0.057338
56.9515,0.0068,-115.4158,0.057544
57.5346,0.0084,-115.9953,0.057749
58.1198,0.0099,-116.5771,0.057955
58.7051,0.0118,-117.1586,0.058160
59.2840,0.0139,-117.7346,0.058363
59.8659,0.0159,-118.3140,0.058567
60.4442,0.0175,-118.8897,0.058770
61.0209,0.0183,-119.4646,0.058974
61.5991,0.0185,-120.0412,0.059177
62.1743,0.0180,-120.6152,0.059379
62.7484,0.0168,-121.1877,0.059580
63.3237,0.0157,-121.7611,0.059783
63.8986,0.0149,-122.3345,0.059984
64.4678,0.0142,-122.9015,0.060184
65.0416,0.0137,-123.4733,0.060387
65.6118,0.0135,-124.0411,0.060586
66.1790,0.0128,-124.6065,0.060785
66.7496,0.0125,-125.1748,0.060986
67.3180,0.0123,-125.7410,0.061185
67.8831,0.0120,-126.3038,0.061385
68.4501,0.0116,-126.8688,0.061583
69.0146,0.0111,-127.4314,0.061783
69.5788,0.0106,-127.9939,0.061979
70.1442,0.0100,-128.5579,0.062179
70.7036,0.0095,-129.1161,0.062375
71.2663,0.0084,-129.6778,0.062573
71.8277,0.0070,-130.2382,0.062770
72.3863,0.0056,-130.7957,0.062967
72.9442,0.0041,-131.3525,0.063164
73.5032,0.0027,-131.9105,0.063360
74.0602,0.0012,-132.4666,0.063555
74.6131,-0.0003,-133.0188,0.063750
75.1702,-0.0018,-133.5754,0.063945
75.7247,-0.0033,-134.1293,0.064141
76.2773,-0.0047,-134.6815,0.064336
76.8308,-0.0062,-135.2345,0.064530
77.3801,-0.0076,-135.7831,0.064723
77.9334,-0.0091,-136.3356,0.064916
78.4829,-0.0105,-136.8841,0.065110
79.0331,-0.0119,-137.4329,0.065304
79.5827,-0.0125,-137.9807,0.065497
80.1300,-0.0130,-138.5258,0.065690
80.6773,-0.0134,-139.0707,0.065881
81.2240,-0.0138,-139.6147,0.066073
81.7711,-0.0142,-140.1589,0.066266
82.3155,-0.0137,-140.7004,0.066456
82.8598,-0.0131,-141.2418,0.066647
83.4038,-0.0125,-141.7830,0.066838
83.9482,-0.0119,-142.3246,0.067028
84.4902,-0.0113,-142.8638,0.067220
85.0302,-0.0107,-143.4012,0.067408
85.5727,-0.0101,-143.9410,0.067600
86.1119,-0.0095,-144.4781,0.067789
86.6498,-0.0089,-145.0142,0.067976
87.1905,-0.0082,-145.5528,0.068167
87.7252,-0.0073,-146.0854,0.068356
88.2627,-0.0062,-146.6209,0.068544
88.7988,-0.0051,-147.1549,0.068733
89.3331,-0.0040,-147.6871,0.068920
89.8675,-0.0029,-148.2191,0.069107
90.3998,-0.0021,-148.7491,0.069294
90.9332,-0.0013,-149.2801,0.069482
91.4651,-0.0006,-149.8096,0.069667
91.9973,0.0001,-150.3394,0.069855
92.5256,0.0008,-150.8653,0.070041
93.0560,0.0013,-151.3937,0.070226
93.5850,0.0014,-151.9206,0.070412
94.1134,0.0016,-152.4467,0.070596
94.6424,0.0018,-152.9737,0.070784
95.1719,0.0019,-153.5011,0.070969
95.6953,0.0023,-154.0225,0.071154
96.2240,0.0030,-154.5492,0.071340
96.7537,0.0036,-155.0772,0.071525
97.2797,0.0043,-155.6017,0.071709
97.8054,0.0050,-156.1261,0.071894
98.3320,0.0057,-156.6516,0.072079
98.8571,0.0067,-157.1759,0.072264
99.3856,0.0077,-157.7039,0.072449
99.9104,0.0088,-158.2284,0.072634
100.4354,0.0098,-158.7532,0.072819
100.9629,0.0108,-159.2804,0.073004
101.4893,0.0121,-159.8065,0.073190
102.0127,0.0133,-160.3299,0.073374
102.5411,0.0146,-160.8587,0.073559
103.0656,0.0158,-161.3843,0.073744
103.5902,0.0171,-161.9103,0.073929
104.1161,0.0180,-162.4378,0.074115
104.6405,0.0188,-162.9637,0.074298
105.1641,0.0196,-163.4888,0.074482
105.6898,0.0204,-164.0162,0.074668
106.2152,0.0212,-164.5433,0.074853
106.7383,0.0209,-165.0681,0.075038
107.2631,0.0198,-165.5943,0.075222
107.7898,0.0188,-166.1220,0.075408
108.3135,0.0178,-166.6462,0.075593
108.8384,0.0168,-167.1716,0.075777
109.3635,0.0151,-167.6968,0.075962
109.8916,0.0127,-168.2248,0.076148
110.4157,0.0102,-168.7483,0.076332
110.9441,0.0078,-169.2758,0.076519
111.4683,0.0053,-169.7988,0.076703
111.9947,0.0029,-170.3238,0.076888
112.5234,0.0006,-170.8506,0.077073
113.0484,-0.0017,-171.3737,0.077258
113.5761,-0.0039,-171.8994,0.077444
114.1040,-0.0062,-172.4253,0.077629
114.6311,-0.0084,-172.9505,0.077813
115.1592,-0.0094,-173.4768,0.077999
115.6848,-0.0104,-174.0013,0.078184
116.2139,-0.0113,-174.5295,0.078369
116.7403,-0.0123,-175.0553,0.078555
117.2676,-0.0133,-175.5822,0.078740
117.7946,-0.0136,-176.1090,0.078925
118.3207,-0.0139,-176.6351,0.079109
118.8483,-0.0141,-177.1629,0.079296
119.3743,-0.0143,-177.6892,0.079481
119.9043,-0.0145,-178.2196,0.079668
120.4286,-0.0145,-178.7447,0.079852
120.9554,-0.0143,-179.2728,0.080038
121.4817,-0.0142,-179.8014,0.080223
122.0076,-0.0140,-180.3303,0.080408
122.5359,-0.0138,-180.8623,0.080595
123.0588,-0.0135,-181.3896,0.080780
123.5838,-0.0131,-181.9195,0.080964
124.1105,-0.0126,-182.4516,0.081152
124.6338,-0.0121,-182.9803,0.081335
125.1600,-0.0116,-183.5115,0.081522
125.6844,-0.0110,-184.0405,0.081707
126.2105,-0.0102,-184.5708,0.081893
126.7370,-0.0094,-185.1013,0.082080
127.2617,-0.0085,-185.6299,0.082264
127.7870,-0.0077,-186.1595,0.082449
128.3140,-0.0068,-186.6912,0.082636
128.8387,-0.0060,-187.2211,0.082821
129.3654,-0.0052,-187.7533,0.083008
129.8900,-0.0044,-188.2838,0.083193
130.4166,-0.0036,-188.8160,0.083379
130.9419,-0.0028,-189.3465,0.083566
131.4687,-0.0019,-189.8783,0.083751
131.9929,-0.0011,-190.4074,0.083937
132.5179,-0.0002,-190.9367,0.084122
133.0447,0.0007,-191.4675,0.084308
133.5730,0.0016,-191.9992,0.084495
134.0995,0.0025,-192.5287,0.084681
134.6279,0.0034,-193.0599,0.084866
135.1562,0.0042,-193.5907,0.085054
135.6839,0.0051,-194.1207,0.085240
136.2145,0.0060,-194.6537,0.085427
136.7445,0.0060,-195.1871,0.085614
137.2982,0.0058,-195.7435,0.085809
137.7975,0.0057,-196.2451,0.085985
138.3285,0.0056,-196.7783,0.086172
138.8564,0.0055,-197.3081,0.086359
139.3870,0.0052,-197.8407,0.086549
139.9178,0.0048,-198.3732,0.086735
140.4465,0.0044,-198.9043,0.086920
140.9754,0.0040,-199.4362,0.087106
141.5052,0.0035,-199.9695,0.087293
142.0296,0.0033,-200.4971,0.087479
142.5581,0.0031,-201.0280,0.087664
143.0854,0.0029,-201.5555,0.087850
143.6096,0.0027,-202.0777,0.088035
144.1364,0.0025,-202.6011,0.088220
144.6625,0.0023,-203.1224,0.088404
145.1875,0.0021,-203.6415,0.088588
145.7128,0.0020,-204.1609,0.088772
146.2361,0.0018,-204.6777,0.088955
146.7604,0.0016,-205.1954,0.089138
147.2823,0.0015,-205.7105,0.089320
147.8053,0.0013,-206.2265,0.089505
148.3239,0.0019,-206.7375,0.089684
148.8449,0.0025,-207.2511,0.089867
149.3662,0.0031,-207.7649,0.090048
149.8924,0.0038,-208.2838,0.090233
150.4003,0.0044,-208.7847,0.090410
150.9177,0.0050,-209.2951,0.090591
151.4317,0.0052,-209.8024,0.090772
151.9443,0.0054,-210.3066,0.090951
152.4583,0.0056,-210.8113,0.091131
152.9695,0.0059,-211.3125,0.091308
153.4812,0.0061,-211.8140,0.091485
153.9926,0.0063,-212.3158,0.091663
154.5005,0.0063,-212.8147,0.091841
155.0089,0.0063,-213.3140,0.092018
155.5170,0.0063,-213.8131,0.092197
156.0203,0.0063,-214.3074,0.092371
156.5242,0.0063,-214.8024,0.092546
157.0291,0.0063,-215.2984,0.092723
157.5287,0.0062,-215.7894,0.092896
158.0310,0.0065,-216.2835,0.093071
158.5321,0.0071,-216.7766,0.093246
159.0280,0.0077,-217.2647,0.093420
159.5251,0.0082,-217.7543,0.093595
160.0220,0.0088,-218.2436,0.093767
160.5156,0.0093,-218.7296,0.093940
161.0085,0.0097,-219.2154,0.094111
161.5033,0.0098,-219.7025,0.094283
161.9944,0.0101,-220.1860,0.094454
162.4829,0.0103,-220.6669,0.094625
162.9740,0.0105,-221.1503,0.094796
163.4612,0.0107,-221.6301,0.094968
163.9487,0.0110,-222.1103,0.095136
164.4349,0.0111,-222.5899,0.095307
164.9195,0.0106,-223.0679,0.095476
165.4019,0.0100,-223.5439,0.095645
165.8843,0.0094,-224.0199,0.095814
166.3658,0.0088,-224.4952,0.095981
166.8459,0.0082,-224.9694,0.096150
167.3241,0.0076,-225.4420,0.096318
167.8020,0.0071,-225.9144,0.096484
168.2794,0.0063,-226.3867,0.096652
168.7549,0.0052,-226.8574,0.096816
169.2282,0.0041,-227.3261,0.096982
169.7018,0.0030,-227.7953,0.097148
170.1739,0.0018,-228.2631,0.097313
170.6450,0.0007,-228.7302,0.097478
171.1125,-0.0004,-229.1941,0.097642
171.5828,-0.0006,-229.6603,0.097808
172.0489,-0.0008,-230.1232,0.097970
172.5150,-0.0009,-230.5867,0.098133
172.9794,-0.0010,-231.0489,0.098294
173.4418,-0.0011,-231.5093,0.098456
173.9028,-0.0012,-231.9686,0.098617
174.3627,-0.0013,-232.4271,0.098779
174.8205,-0.0015,-232.8840,0.098939
175.2749,-0.0011,-233.3373,0.099098
175.7298,-0.0007,-233.7914,0.099257
176.1788,-0.0002,-234.2399,0.099415
176.6214,0.0002,-234.6823,0.099569
177.0574,0.0007,-235.1187,0.099723
177.4865,0.0011,-235.5482,0.099872
177.9115,0.0015,-235.9746,0.100020
178.3316,0.0009,-236.3965,0.100167
178.7510,-0.0001,-236.8177,0.100316
179.1635,-0.0012,-237.2323,0.100459
179.5757,-0.0022,-237.6465,0.100603
179.9826,-0.0032,-238.0561,0.100749
180.3866,-0.0043,-238.4637,0.100888
180.7879,-0.0053,-238.8696,0.101030
181.1851,-0.0062,-239.2714,0.101170
181.5775,-0.0069,-239.6703,0.101306
181.9689,-0.0085,-240.0689,0.101441
182.3567,-0.0101,-240.4646,0.101578
182.7414,-0.0117,-240.8579,0.101713
183.1247,-0.0133,-241.2505,0.101849
183.5058,-0.0149,-241.6416,0.101984
183.8843,-0.0165,-242.0309,0.102117
184.2600,-0.0180,-242.4181,0.102247
184.6336,-0.0186,-242.8034,0.102381
185.0060,-0.0196,-243.1897,0.102510
185.3742,-0.0206,-243.5736,0.102641
185.7392,-0.0216,-243.9559,0.102767
186.1031,-0.0226,-244.3382,0.102898
186.4646,-0.0236,-244.7191,0.103025
186.8240,-0.0245,-245.0990,0.103152
187.1802,-0.0255,-245.4771,0.103278
187.5353,-0.0263,-245.8549,0.103402
187.8861,-0.0268,-246.2297,0.103526
188.2360,-0.0274,-246.6045,0.103650
188.5833,-0.0281,-246.9779,0.103772
188.9288,-0.0287,-247.3506,0.103897
189.2730,-0.0293,-247.7232,0.104020
189.6136,-0.0299,-248.0938,0.104138
189.9523,-0.0305,-248.4657,0.104259
190.2880,-0.0311,-248.8384,0.104379
190.6202,-0.0317,-249.2099,0.104497
190.9492,-0.0323,-249.5811,0.104612
191.2765,-0.0329,-249.9537,0.104729
191.6006,-0.0356,-250.3271,0.104843
191.9212,-0.0357,-250.6985,0.104957
192.2406,-0.0354,-251.0714,0.105070
192.5556,-0.0353,-251.4419,0.105184
192.8695,-0.0353,-251.8144,0.105294
193.1794,-0.0352,-252.1856,0.105403
193.4886,-0.0354,-252.5578,0.105515
193.7939,-0.0357,-252.9275,0.105625
194.0968,-0.0360,-253.2974,0.105733
194.3984,-0.0362,-253.6684,0.105840
194.6974,-0.0367,-254.0385,0.105947
194.9938,-0.0373,-254.4079,0.106055
195.2891,-0.0380,-254.7783,0.106162
195.5813,-0.0385,-255.1484,0.106267
195.8715,-0.0390,-255.5180,0.106374
196.1583,-0.0396,-255.8858,0.106476
196.4439,-0.0401,-256.2549,0.106581
196.7274,-0.0404,-256.6236,0.106685
197.0096,-0.0404,-256.9935,0.106785
197.2861,-0.0405,-257.3587,0.106883
197.5626,-0.0406,-257.7266,0.106987
197.8362,-0.0407,-258.0956,0.107086
198.1074,-0.0410,-258.4661,0.107183
198.3742,-0.0413,-258.8370,0.107283
198.6380,-0.0418,-259.2099,0.107380
198.8964,-0.0423,-259.5845,0.107476
199.1492,-0.0425,-259.9625,0.107574
199.3971,-0.0425,-260.3426,0.107669
199.6408,-0.0424,-260.7260,0.107767
199.8780,-0.0420,-261.1125,0.107862
200.1112,-0.0416,-261.5002,0.107957
200.3391,-0.0410,-261.8887,0.108048
200.5632,-0.0406,-262.2790,0.108140
200.7826,-0.0401,-262.6705,0.108234
200.9971,-0.0397,-263.0629,0.108329
201.2069,-0.0393,-263.4568,0.108418
201.4134,-0.0390,-263.8543,0.108511
201.6140,-0.0387,-264.2519,0.108603
201.8080,-0.0384,-264.6527,0.108693
201.9993,-0.0378,-265.0589,0.108781
202.1810,-0.0371,-265.4662,0.108870
202.3562,-0.0363,-265.8799,0.108961
202.5243,-0.0355,-266.2959,0.109050
202.6856,-0.0347,-266.7139,0.109139
202.8416,-0.0339,-267.1363,0.109224
202.9912,-0.0331,-267.5604,0.109315
203.1321,-0.0324,-267.9879,0.109404
203.2679,-0.0318,-268.4167,0.109494
203.3970,-0.0314,-268.8482,0.109579
203.5181,-0.0312,-269.2775,0.109665
203.6331,-0.0309,-269.7098,0.109753
203.7412,-0.0304,-270.1427,0.109840
203.8419,-0.0299,-270.5748,0.109923
203.9361,-0.0292,-271.0117,0.110012
204.0200,-0.0282,-271.4475,0.110096
204.0984,-0.0268,-271.8829,0.110181
204.1693,-0.0252,-272.3197,0.110266
204.2323,-0.0232,-272.7555,0.110349
204.2864,-0.0243,-273.1902,0.110430
204.3359,-0.0239,-273.6361,0.110512
204.3748,-0.0236,-274.0613,0.110592
204.4080,-0.0232,-274.4945,0.110673
204.4334,-0.0227,-274.9273,0.110756
204.4487,-0.0223,-275.3633,0.110837
204.4578,-0.0219,-275.7971,0.110919
204.4590,-0.0215,-276.2308,0.110999
204.4530,-0.0211,-276.6645,0.111074
204.4402,-0.0207,-277.0967,0.111153
204.4195,-0.0202,-277.5277,0.111237
204.3908,-0.0197,-277.9589,0.111318
204.3546,-0.0192,-278.3865,0.111396
204.3087,-0.0186,-278.8173,0.111473
204.2581,-0.0179,-279.2469,0.111551
204.2002,-0.0170,-279.6729,0.111630
204.1346,-0.0160,-280.1010,0.111710
204.0616,-0.0148,-280.5281,0.111793
203.9815,-0.0136,-280.9529,0.111875
203.8936,-0.0124,-281.3796,0.111953
203.7983,-0.0115,-281.8061,0.112037
203.6935,-0.0105,-282.2298,0.112119
203.5838,-0.0100,-282.6544,0.112203
203.4659,-0.0095,-283.0797,0.112290
203.3410,-0.0092,-283.5017,0.112377
203.2068,-0.0099,-283.9269,0.112463
203.0658,-0.0067,-284.3497,0.112548
202.9176,-0.0042,-284.7695,0.112638
202.7623,-0.0024,-285.1896,0.112728
202.6007,-0.0011,-285.6092,0.112817
202.4448,-0.0002,-286.0243,0.112902
202.2867,0.0005,-286.4427,0.112994
202.1250,0.0010,-286.8634,0.113082
201.9594,0.0015,-287.2827,0.113175
201.7846,0.0021,-287.7053,0.113264
201.5999,0.0027,-288.1259,0.113348
201.4068,0.0033,-288.5439,0.113441
201.2025,0.0038,-288.9631,0.113533
200.9924,0.0043,-289.3805,0.113620
200.7735,0.0045,-289.7921,0.113714
200.5440,0.0048,-290.2020,0.113806
200.3077,0.0049,-290.6049,0.113892
200.0640,0.0050,-291.0032,0.113980
199.8140,0.0051,-291.3957,0.114075
199.5570,0.0049,-291.7839,0.114164
199.2903,0.0047,-292.1675,0.114249
199.0199,0.0045,-292.5466,0.114344
198.7414,0.0041,-292.9241,0.114432
198.4570,0.0037,-293.2967,0.114529
198.1647,0.0033,-293.6673,0.114619
197.8630,0.0029,-294.0370,0.114711
197.5576,0.0024,-294.3982,0.114802
197.2427,0.0018,-294.7580,0.114900
196.9222,0.0010,-295.1121,0.114993
196.5915,0.0000,-295.4625,0.115087
196.2614,-0.0011,-295.8122,0.115184
195.9333,-0.0022,-296.1608,0.115275
195.6026,-0.0032,-296.5102,0.115371
195.2664,-0.0040,-296.8595,0.115468
194.9219,-0.0044,-297.2075,0.115569
194.5730,-0.0049,-297.5483,0.115669
194.2138,-0.0050,-297.8874,0.115763
193.8441,-0.0052,-298.2217,0.115858
193.4694,-0.0054,-298.5515,0.115963
193.0893,-0.0056,-298.8759,0.116066
192.7011,-0.0059,-299.1973,0.116169
192.3063,-0.0058,-299.5146,0.116275
191.9066,-0.0056,-299.8267,0.116377
191.5019,-0.0050,-300.1344,0.116489
191.0953,-0.0043,-300.4414,0.116595
190.6870,-0.0037,-300.7484,0.116703
190.2785,-0.0031,-301.0541,0.116810
189.8619,-0.0028,-301.3599,0.116920
189.4418,-0.0029,-301.6603,0.117034
189.0153,-0.0032,-301.9582,0.117144
188.5836,-0.0039,-302.2515,0.117259
188.1461,-0.0050,-302.5403,0.117368
187.7018,-0.0065,-302.8254,0.117480
187.2523,-0.0080,-303.1053,0.117595
186.7934,-0.0100,-303.3808,0.117711
186.3297,-0.0122,-303.6523,0.117828
185.8637,-0.0147,-303.9172,0.117944
185.3910,-0.0176,-304.1781,0.118063
184.9152,-0.0207,-304.4368,0.118177
184.4393,-0.0270,-304.6954,0.118293
183.9650,-0.0197,-304.9659,0.118417
183.4628,-0.0311,-305.2117,0.118538
182.9894,-0.0173,-305.4695,0.118658
182.4779,-0.0313,-305.7077,0.118780
181.9974,-0.0161,-305.9593,0.118906
181.4671,-0.0332,-306.1946,0.119029
180.9844,-0.0169,-306.4336,0.119156
180.4576,-0.0348,-306.6547,0.119286
179.9627,-0.0182,-306.8920,0.119410
179.4284,-0.0331,-307.1134,0.119536
178.9117,-0.0591,-307.3397,0.119664
178.3921,-0.0334,-307.5653,0.119796
177.8661,-0.0588,-307.7880,0.119924
177.3412,-0.0331,-308.0085,0.120057
176.8102,-0.0585,-308.2257,0.120187
176.2917,-0.0897,-308.4382,0.120319
175.7600,-0.0926,-308.6541,0.120452
175.2266,-0.0958,-308.8696,0.120586
174.6879,-0.0991,-309.0815,0.120721
174.1499,-0.1022,-309.2897,0.120857
173.6049,-0.1053,-309.4991,0.120995
173.0644,-0.1081,-309.7095,0.121134
172.5256,-0.1110,-309.9233,0.121270
171.9841,-0.1133,-310.1401,0.121413
171.4380,-0.1157,-310.3593,0.121554
170.8914,-0.1180,-310.5787,0.121695
170.3436,-0.1203,-310.7979,0.121837
169.7899,-0.1215,-311.0197,0.121981
169.2396,-0.1222,-311.2405,0.122126
168.6837,-0.1228,-311.4636,0.122272
168.1241,-0.1231,-311.6877,0.122419
167.5622,-0.1229,-311.9118,0.122564
167.0010,-0.1225,-312.1345,0.122712
166.4337,-0.1218,-312.3577,0.122861
165.8648,-0.1209,-312.5789,0.123010
165.2926,-0.1196,-312.7993,0.123159
164.7151,-0.1182,-313.0195,0.123311
164.1374,-0.1167,-313.2375,0.123464
163.5557,-0.1149,-313.4548,0.123616
162.9685,-0.1131,-313.6721,0.123770
162.3819,-0.1112,-313.8869,0.123922
161.7921,-0.1092,-314.1006,0.124075
161.1974,-0.1071,-314.3134,0.124230
160.5999,-0.1052,-314.5255,0.124385
160.0016,-0.1035,-314.7357,0.124540
159.4000,-0.1015,-314.9452,0.124698
158.7962,-0.0998,-315.1540,0.124851
158.1916,-0.0983,-315.3616,0.125009
157.5795,-0.0689,-315.5679,0.125165
156.9549,-0.0618,-315.7757,0.125324
156.3389,-0.0786,-315.9799,0.125483
155.7402,-0.0459,-316.1916,0.125639
155.1207,-0.0857,-316.3928,0.125797
154.5049,-0.0777,-316.6005,0.125956
153.8873,-0.0697,-316.8105,0.126115
153.2714,-0.0681,-317.0207,0.126274
152.6477,-0.0716,-317.2318,0.126435
152.0254,-0.0689,-317.4453,0.126594
151.3988,-0.0664,-317.6624,0.126753
150.7699,-0.0641,-317.8813,0.126914
150.1387,-0.0615,-318.0980,0.127074
149.5063,-0.0579,-318.3158,0.127235
148.8726,-0.0536,-318.5352,0.127397
148.2345,-0.0485,-318.7555,0.127558
147.5960,-0.0438,-318.9746,0.127718
146.9529,-0.0396,-319.1936,0.127878
146.3103,-0.0351,-319.4120,0.128043
145.6625,-0.0304,-319.6312,0.128205
145.0152,-0.0251,-319.8508,0.128369
144.3670,-0.0199,-320.0708,0.128531
143.7167,-0.0153,-320.2919,0.128698
143.0610,-0.0091,-320.5128,0.128865
142.4055,-0.0024,-320.7355,0.129031
141.7464,0.0052,-320.9590,0.129202
141.0899,0.0131,-321.1809,0.129372
140.4276,0.0206,-321.4034,0.129540
139.7624,0.0282,-321.6270,0.129714
139.0990,0.0360,-321.8507,0.129885
138.4294,0.0457,-322.0688,0.130061
137.7592,0.0571,-322.2937,0.130229
137.0887,0.0687,-322.5187,0.130409
136.4192,0.0787,-322.7498,0.130580
135.7451,0.0918,-322.9770,0.130759
135.0717,0.1039,-323.2032,0.130935
134.3943,0.1160,-323.4309,0.131111
133.7136,0.1282,-323.6594,0.131288
133.0355,0.1403,-323.8873,0.131467
132.3533,0.1537,-324.1165,0.131641
131.6694,0.1674,-324.3463,0.131826
130.9856,0.1812,-324.5761,0.132000
130.3043,0.1949,-324.8053,0.132183
129.6210,0.2084,-325.0351,0.132361
128.9438,0.2218,-325.2631,0.132544
128.2670,0.2359,-325.4905,0.132727
127.5938,0.2502,-325.7169,0.132904
126.9232,0.2644,-325.9423,0.133081
126.2527,0.2796,-326.1677,0.133263
125.5863,0.2947,-326.3919,0.133448
124.9238,0.3093,-326.6150,0.133621
124.2644,0.3231,-326.8368,0.133803
123.6089,0.3363,-327.0574,0.133981
122.9532,0.3492,-327.2784,0.134161
122.3007,0.3621,-327.4982,0.134338
121.6538,0.3746,-327.7158,0.134512
121.0162,0.3872,-327.9305,0.134684
120.3809,0.4001,-328.1440,0.134862
119.7529,0.4133,-328.3554,0.135035
119.1289,0.4263,-328.5652,0.135213
118.5058,0.4395,-328.7750,0.135379
117.8873,0.4522,-328.9833,0.135559
117.2758,0.4647,-329.1893,0.135733
116.6694,0.4768,-329.3929,0.135911
116.0735,0.4887,-329.5934,0.136077
115.4855,0.5005,-329.7917,0.136246
114.9064,0.5119,-329.9864,0.136414
114.3347,0.5231,-330.1788,0.136576
113.7727,0.5341,-330.3679,0.136734
113.2093,0.5454,-330.5576,0.136894
112.6518,0.5570,-330.7451,0.137056
112.0932,0.5687,-330.9332,0.137216
111.5369,0.5810,-331.1202,0.137375
110.9838,0.5937,-331.3068,0.137534
110.4343,0.6065,-331.4916,0.137691
109.8850,0.6188,-331.6764,0.137849
109.3396,0.6307,-331.8596,0.138013
108.7964,0.6424,-332.0423,0.138171
108.2536,0.6536,-332.2253,0.138334
107.7162,0.6645,-332.4071,0.138494
107.1821,0.6748,-332.5878,0.138654
106.6518,0.6852,-332.7686,0.138813
106.1242,0.6954,-332.9507,0.138972
105.6020,0.7056,-333.1333,0.139123
105.0849,0.7153,-333.3167,0.139280
104.5721,0.7244,-333.5012,0.139436
104.0667,0.7325,-333.6849,0.139586
103.5630,0.7400,-333.8712,0.139733
103.0688,0.7470,-334.0591,0.139881
102.5774,0.7538,-334.2513,0.140027
102.0907,0.7606,-334.4474,0.140171
101.6112,0.7678,-334.6452,0.140319
101.1347,0.7757,-334.8452,0.140463
100.6630,0.7836,-335.0479,0.140606
100.1948,0.7923,-335.2519,0.140755
99.7342,0.8012,-335.4581,0.140893
99.2780,0.8104,-335.6700,0.141035
98.8239,0.8200,-335.8882,0.141184
98.3804,0.8296,-336.1074,0.141327
97.9381,0.8392,-336.3300,0.141473
97.4975,0.8488,-336.5517,0.141616
97.0585,0.8582,-336.7757,0.141761
96.6231,0.8675,-337.0003,0.141907
96.1905,0.8765,-337.2281,0.142047
95.7650,0.8854,-337.4587,0.142184
95.3433,0.8943,-337.6925,0.142323
94.9226,0.9031,-337.9305,0.142463
94.5062,0.9118,-338.1696,0.142595
94.0899,0.9202,-338.4108,0.142730
93.6777,0.9286,-338.6540,0.142865
93.2674,0.9358,-338.8985,0.142999
92.8612,0.9428,-339.1450,0.143142
92.4594,0.9498,-339.3959,0.143274
92.0610,0.9562,-339.6507,0.143408
91.6619,0.9624,-339.9113,0.143541
91.2687,0.9684,-340.1712,0.143676
90.8721,0.9746,-340.4317,0.143810
90.4820,0.9860,-340.7119,0.143946
90.0887,1.0001,-340.9789,0.144077
89.6923,1.0120,-341.2390,0.144214
89.2961,1.0549,-341.4987,0.144342
88.9037,1.0670,-341.7669,0.144476
88.5114,1.0784,-342.0338,0.144611
88.1196,1.0894,-342.3028,0.144741
87.7132,1.0942,-342.5715,0.144872
87.3433,1.1059,-342.8529,0.145003
86.9429,1.1082,-343.1321,0.145136
86.5811,1.1254,-343.4255,0.145271
86.1918,1.1200,-343.7135,0.145402
85.8423,1.1435,-344.0138,0.145534
85.4770,1.1522,-344.3171,0.145664
85.1163,1.1588,-344.6282,0.145793
84.7613,1.1676,-344.9483,0.145921
84.3949,1.1681,-345.2727,0.146056
84.0755,1.1853,-345.6086,0.146186
83.7168,1.1787,-345.9459,0.146317
83.3960,1.1976,-346.2891,0.146452
83.0368,1.1851,-346.6302,0.146582
82.7188,1.2121,-346.9780,0.146718
82.3609,1.1911,-347.3311,0.146853
82.0326,1.2189,-347.6805,0.146982
81.6958,1.1985,-348.0387,0.147116
81.3627,1.2265,-348.3941,0.147246
81.0237,1.2057,-348.7550,0.147382
80.6934,1.2342,-349.1124,0.147510
80.3645,1.2094,-349.4774,0.147646
80.2870,1.1998,-349.5726,0.147780
79.7374,1.2088,-350.2133,0.147911
79.4232,1.2137,-350.5914,0.148044
79.1163,1.2163,-350.9761,0.148175
78.8166,1.2187,-351.3640,0.148308
78.5201,1.2202,-351.7583,0.148439
78.2275,1.2219,-352.1540,0.148571
77.9368,1.2234,-352.5554,0.148704
77.6444,1.2247,-352.9630,0.148838
77.3510,1.2261,-353.3693,0.148971
77.0598,1.2269,-353.7780,0.149103
76.7712,1.2277,-354.1886,0.149237
76.4826,1.2284,-354.6065,0.149371
76.1998,1.2291,-355.0206,0.149503
75.9206,1.2295,-355.4406,0.149637
75.6453,1.2296,-355.8691,0.149775
75.3789,1.2296,-356.2955,0.149906
75.1118,1.2297,-356.7321,0.150043
74.8535,1.2295,-357.1667,0.150174
74.5993,1.2293,-357.6088,0.150306
74.3527,1.2288,-358.0543,0.150440
74.1155,1.2282,-358.5033,0.150574
73.8812,1.2275,-358.9582,0.150707
73.6524,1.2268,-359.4167,0.150843
73.4285,1.2259,-359.8815,0.150977
73.2115,1.2251,-360.3456,0.151113
72.9968,1.2241,-360.8175,0.151248
72.7882,1.2231,-361.2916,0.151384
72.5854,1.2219,-361.7683,0.151520
72.3898,1.2208,-362.2518,0.151655
72.2003,1.2197,-362.7344,0.151792
72.0180,1.2185,-363.2244,0.151930
71.8417,1.2171,-363.7217,0.152066
71.6759,1.2153,-364.2158,0.152203
71.5173,1.2131,-364.7143,0.152339
71.3661,1.2109,-365.2193,0.152476
71.2235,1.2084,-365.7261,0.152613
71.0926,1.2051,-366.2345,0.152752
70.9676,1.2009,-366.7472,0.152889
70.8467,1.1966,-367.2643,0.153028
70.7242,1.1921,-367.7825,0.153167
70.6039,1.1873,-368.3019,0.153303
70.4885,1.1811,-368.8240,0.153443
70.3794,1.1747,-369.3483,0.153581
70.2778,1.1682,-369.8752,0.153720
70.1889,1.1615,-370.3983,0.153860
70.1117,1.1524,-370.9265,0.153999
70.0412,1.1434,-371.4590,0.154140
69.9811,1.1342,-371.9890,0.154278
69.9295,1.1243,-372.5221,0.154418
69.8834,1.1084,-373.0586,0.154558
69.9258,1.1214,-373.6022,0.154699
69.8960,1.1104,-374.1390,0.154839
69.8756,1.0990,-374.6813,0.154980
69.8374,1.0769,-375.2173,0.155120
69.7811,1.0472,-375.7673,0.155260
69.7735,1.0339,-376.3156,0.155402
69.7722,1.0197,-376.8616,0.155543
69.7801,1.0051,-377.4109,0.155686
69.7967,0.9898,-377.9599,0.155829
69.8223,0.9740,-378.5094,0.155971
69.8584,0.9579,-379.0600,0.156116
69.9054,0.9414,-379.6101,0.156259
69.9580,0.9241,-380.1580,0.156403
70.0175,0.9066,-380.7086,0.156547
70.0870,0.8891,-381.2603,0.156692
70.1643,0.8713,-381.8083,0.156836
70.2495,0.8530,-382.3594,0.156980
70.3424,0.8349,-382.9099,0.157125
70.4467,0.8166,-383.4608,0.157271
70.5596,0.7979,-384.0069,0.157417
70.6823,0.7785,-384.5587,0.157566
70.8043,0.7608,-385.1128,0.157713
70.9299,0.7432,-385.6627,0.157860
71.0669,0.7404,-386.2168,0.158008
71.2044,0.7232,-386.7711,0.158157
71.3473,0.7069,-387.3230,0.158305
71.4981,0.6902,-387.8783,0.158455
71.6551,0.6734,-388.4316,0.158607
71.8211,0.6570,-388.9828,0.158756
71.9916,0.6411,-389.5366,0.158908
72.1702,0.6249,-390.0872,0.159060
72.3725,0.6112,-390.6374,0.159211
72.5693,0.6100,-391.1820,0.159364
72.7666,0.6054,-391.7369,0.159517
72.9792,0.5681,-392.2767,0.159669
73.1993,0.5829,-392.8154,0.159822
73.4265,0.5515,-393.3571,0.159976
73.6625,0.5611,-393.8785,0.160130
73.8947,0.5313,-394.4375,0.160286
74.1385,0.4954,-394.9755,0.160441
74.3894,0.5124,-395.5096,0.160597
74.6459,0.4804,-396.0445,0.160753
74.9106,0.4860,-396.5565,0.160909
75.1703,0.4654,-397.1073,0.161066
75.4465,0.4372,-397.6401,0.161225
75.7317,0.4447,-398.1451,0.161384
76.0201,0.4251,-398.6915,0.161544
76.3212,0.4197,-399.1897,0.161703
76.6282,0.4074,-399.7093,0.161863
76.9373,0.3863,-400.2422,0.162026
77.2603,0.3852,-400.7339,0.162184
77.5866,0.3750,-401.2440,0.162344
77.9211,0.3671,-401.7507,0.162505
78.2615,0.3557,-402.2565,0.162667
78.5952,0.3476,-402.7654,0.162826
78.9487,0.3419,-403.2654,0.162989
79.3085,0.3371,-403.7644,0.163154
79.6715,0.3342,-404.2617,0.163319
80.0379,0.3321,-404.7570,0.163480
80.4102,0.3314,-405.2509,0.163642
80.7896,0.3316,-405.7429,0.163808
81.1751,0.3321,-406.2400,0.163974
81.5566,0.3330,-406.7281,0.164138
81.9413,0.3343,-407.2147,0.164302
82.3314,0.3355,-407.7019,0.164467
82.7296,0.3372,-408.1905,0.164634
83.1305,0.3390,-408.6716,0.164799
83.5383,0.3407,-409.1494,0.164965
83.9513,0.3422,-409.6226,0.165131
84.3712,0.3429,-410.0928,0.165297
84.7959,0.3425,-410.5643,0.165463
85.2229,0.3412,-411.0350,0.165629
85.6535,0.3393,-411.5045,0.165799
86.0869,0.3371,-411.9711,0.165966
86.5269,0.3347,-412.4381,0.166133
86.9677,0.3323,-412.8996,0.166303
87.4156,0.3287,-413.3611,0.166468
87.8675,0.3249,-413.8174,0.166633
88.3231,0.3198,-414.2715,0.166803
88.7856,0.3145,-414.7245,0.166968
89.2511,0.3087,-415.1724,0.167136
89.7227,0.3029,-415.6188,0.167308
90.1988,0.2974,-416.0623,0.167476
90.6807,0.2919,-416.5043,0.167644
91.1642,0.2864,-416.9419,0.167814
91.6555,0.2805,-417.3792,0.167988
92.1490,0.2738,-417.8135,0.168162
92.6475,0.2660,-418.2459,0.168333
93.1511,0.2573,-418.6758,0.168507
93.6595,0.2478,-419.1028,0.168682
94.1738,0.2376,-419.5289,0.168858
94.6917,0.2271,-419.9509,0.169033
95.2182,0.2162,-420.3760,0.169207
95.7457,0.2059,-420.8026,0.169386
96.2714,0.1963,-421.2289,0.169560
96.8054,0.1871,-421.6610,0.169738
97.3389,0.1786,-422.0905,0.169915
97.8769,0.1698,-422.5216,0.170098
98.4190,0.1611,-422.9541,0.170277
98.9633,0.1524,-423.3866,0.170456
99.5099,0.1435,-423.8206,0.170638
100.0614,0.1345,-424.2574,0.170818
100.6129,0.1249,-424.6933,0.171001
101.1665,0.1148,-425.1287,0.171184
101.7275,0.1044,-425.5653,0.171371
102.2885,0.0939,-425.9971,0.171550
102.8565,0.0835,-426.4302,0.171734
103.4286,0.0734,-426.8630,0.171919
104.0014,0.0637,-427.2942,0.172098
104.5790,0.0539,-427.7299,0.172286
105.1603,0.0443,-428.1660,0.172475
105.7435,0.0348,-428.6029,0.172661
106.3288,0.0259,-429.0378,0.172847
106.9185,0.0175,-429.4715,0.173037
107.5123,0.0090,-429.9060,0.173223
108.1047,0.0005,-430.3359,0.173412
108.6959,-0.0082,-430.7656,0.173595
109.2841,-0.0169,-431.1949,0.173781
109.8710,-0.0259,-431.6240,0.173961
110.4585,-0.0345,-432.0533,0.174144
111.0400,-0.0426,-432.4785,0.174325
111.6224,-0.0507,-432.9039,0.174504
112.2006,-0.0593,-433.3263,0.174685
112.7784,-0.0679,-433.7484,0.174863
113.3563,-0.0765,-434.1718,0.175040
113.9280,-0.0835,-434.5929,0.175217
114.4960,-0.0903,-435.0139,0.175393
115.0645,-0.0962,-435.4378,0.175568
115.6284,-0.1019,-435.8607,0.175742
116.1866,-0.1072,-436.2821,0.175918
116.7463,-0.1127,-436.7070,0.176090
117.2992,-0.1178,-437.1299,0.176261
117.8506,-0.1225,-437.5498,0.176432
118.4009,-0.1273,-437.9682,0.176604
118.9510,-0.1323,-438.3852,0.176774
119.4972,-0.1373,-438.7967,0.176942
120.0424,-0.1428,-439.2049,0.177112
120.5872,-0.1487,-439.6117,0.177282
121.1318,-0.1544,-440.0163,0.177448
121.6734,-0.1606,-440.4178,0.177617
122.2163,-0.1668,-440.8182,0.177784
122.7556,-0.1735,-441.2150,0.177951
123.2956,-0.1805,-441.6104,0.178116
123.8323,-0.1871,-442.0016,0.178285
124.3684,-0.1939,-442.3919,0.178447
124.9047,-0.2003,-442.7840,0.178613
125.4387,-0.2071,-443.1756,0.178774
125.9685,-0.2140,-443.5641,0.178938
126.4960,-0.2210,-443.9518,0.179099
127.0222,-0.2281,-444.3384,0.179258
127.5500,-0.2349,-444.7262,0.179419
128.0739,-0.2414,-445.1115,0.179582
128.5928,-0.2477,-445.4933,0.179743
129.1142,-0.2542,-445.8767,0.179900
129.6303,-0.2605,-446.2565,0.180060
130.1488,-0.2668,-446.6379,0.180216
130.6625,-0.2732,-447.0159,0.180375
131.1740,-0.2790,-447.3930,0.180532
131.6861,-0.2849,-447.7708,0.180687
132.1942,-0.2915,-448.1454,0.180843
132.7030,-0.2980,-448.5207,0.181002
133.2058,-0.3042,-448.8922,0.181155
133.7098,-0.3104,-449.2646,0.181309
134.2117,-0.3165,-449.6358,0.181462
134.7137,-0.3224,-450.0070,0.181615
135.2108,-0.3281,-450.3758,0.181765
135.7059,-0.3344,-450.7448,0.181917
136.2011,-0.3408,-451.1160,0.182070
136.6904,-0.3476,-451.4849,0.182222
137.1636,-0.3669,-451.8413,0.182371
137.6490,-0.4207,-452.2097,0.182522
138.1317,-0.4747,-452.5749,0.182670
138.6150,-0.5290,-452.9388,0.182818
139.0975,-0.5833,-453.3005,0.182966
139.5796,-0.6378,-453.6606,0.183116
140.0973,-0.6259,-454.0571,0.183264
140.5782,-0.6096,-454.4160,0.183409
141.0622,-0.5935,-454.7765,0.183558
141.5434,-0.5779,-455.1388,0.183704
142.0262,-0.5607,-455.4965,0.183846
142.5107,-0.5461,-455.8512,0.183990
142.9772,-0.5314,-456.2048,0.184129
143.4382,-0.5159,-456.5694,0.184269
143.8930,-0.4999,-456.9387,0.184407
144.3388,-0.4864,-457.3096,0.184547
144.7904,-0.4932,-457.6866,0.184689
145.2379,-0.5000,-458.0598,0.184824
145.6882,-0.5069,-458.4349,0.184962
146.1351,-0.5136,-458.8064,0.185100
146.5742,-0.5203,-459.1814,0.185234
146.9937,-0.5270,-459.5753,0.185366
147.3999,-0.5332,-459.9763,0.185496
147.7994,-0.5394,-460.3802,0.185629
148.1961,-0.5447,-460.7807,0.185760
148.5895,-0.5500,-461.1795,0.185888
148.9820,-0.5338,-461.5778,0.186017
149.3642,-0.5416,-461.9810,0.186145
149.7407,-0.5492,-462.3838,0.186271
150.1155,-0.5565,-462.7896,0.186397
150.4835,-0.5635,-463.1957,0.186525
150.8451,-0.5707,-463.6051,0.186650
151.2011,-0.5780,-464.0204,0.186776
151.5490,-0.5852,-464.4367,0.186897
151.8912,-0.5927,-464.8544,0.187021
152.2277,-0.6008,-465.2753,0.187144
152.5556,-0.6093,-465.7000,0.187267
152.8761,-0.6179,-466.1278,0.187386
153.1896,-0.6266,-466.5565,0.187503
153.4964,-0.6352,-466.9888,0.187622
153.7962,-0.6435,-467.4199,0.187735
154.0899,-0.6515,-467.8520,0.187851
154.3788,-0.6593,-468.2780,0.187968
154.6679,-0.6670,-468.7013,0.188079
154.9542,-0.6746,-469.1239,0.188193
155.2359,-0.6822,-469.5462,0.188304
155.5114,-0.6898,-469.9692,0.188412
155.7824,-0.6972,-470.3980,0.188523
156.0459,-0.7044,-470.8254,0.188629
156.3018,-0.7113,-471.2549,0.188739
156.5500,-0.7177,-471.6884,0.188847
156.7896,-0.7243,-472.1239,0.188954
157.0224,-0.7308,-472.5627,0.189058
157.2451,-0.7374,-473.0034,0.189165
157.4597,-0.7446,-473.4478,0.189270
157.6644,-0.7519,-473.8910,0.189371
157.8597,-0.7591,-474.3380,0.189471
158.0496,-0.7663,-474.7822,0.189570
158.2361,-0.7733,-475.2205,0.189668
158.4210,-0.7800,-475.6603,0.189769
158.5992,-0.7862,-476.0995,0.189865
158.7693,-0.7923,-476.5397,0.189963
158.9307,-0.7986,-476.9818,0.190056
159.0846,-0.8051,-477.4247,0.190151
159.2292,-0.8119,-477.8682,0.190246
159.3665,-0.8188,-478.3117,0.190341
159.4950,-0.8259,-478.7582,0.190435
159.6135,-0.8330,-479.2031,0.190528
159.7237,-0.8398,-479.6488,0.190619
159.8258,-0.8465,-480.0966,0.190713
159.9186,-0.8529,-480.5394,0.190803
160.0056,-0.8597,-480.9816,0.190894
160.0886,-0.8661,-481.4229,0.190982
160.1671,-0.8727,-481.8609,0.191070
160.2388,-0.8793,-482.2984,0.191162
160.3043,-0.8859,-482.7361,0.191250
160.3630,-0.8924,-483.1715,0.191336
160.4154,-0.8987,-483.6061,0.191419
160.4611,-0.9051,-484.0376,0.191504
160.5001,-0.9113,-484.4702,0.191592
160.5305,-0.9174,-484.9027,0.191675
160.5571,-0.9236,-485.3295,0.191754
160.5793,-0.9298,-485.7565,0.191835
160.5957,-0.9362,-486.1835,0.191921
160.6058,-0.9428,-486.6067,0.192001
160.6104,-0.9494,-487.0305,0.192082
160.6087,-0.9560,-487.4539,0.192159
160.6003,-0.9627,-487.8760,0.192243
160.5847,-0.9695,-488.2959,0.192322
160.5596,-0.9763,-488.7180,0.192399
160.5276,-0.9830,-489.1392,0.192480
160.4876,-0.9892,-489.5559,0.192557
160.4411,-0.9955,-489.9734,0.192636
160.3872,-1.0018,-490.3875,0.192712
160.3327,-1.0077,-490.7944,0.192793
160.2848,-1.0134,-491.2003,0.192867
160.2367,-1.0191,-491.6063,0.192945
160.1798,-1.0250,-492.0157,0.193027
160.1135,-1.0311,-492.4272,0.193104
160.0366,-1.0375,-492.8355,0.193183
159.9498,-1.0442,-493.2467,0.193261
159.8544,-1.0511,-493.6592,0.193341
159.7509,-1.0580,-494.0694,0.193419
159.6386,-1.0650,-494.4801,0.193501
159.5178,-1.0718,-494.8877,0.193578
159.3849,-1.0783,-495.2999,0.193659
159.2478,-1.0845,-495.7057,0.193738
159.1015,-1.0904,-496.1143,0.193819
158.9482,-1.0959,-496.5204,0.193901
158.7879,-1.1014,-496.9247,0.193985
158.6197,-1.1068,-497.3310,0.194069
158.4468,-1.1120,-497.7308,0.194151
158.2651,-1.1173,-498.1320,0.194230
158.0719,-1.1225,-498.5321,0.194313
157.8743,-1.1280,-498.9282,0.194396
157.6676,-1.1339,-499.3251,0.194482
157.4544,-1.1400,-499.7171,0.194567
157.2328,-1.1462,-500.1084,0.194654
157.0032,-1.1527,-500.4975,0.194740
156.7671,-1.1588,-500.8857,0.194822
156.5260,-1.1645,-501.2719,0.194911
156.2775,-1.1698,-501.6541,0.194996
156.0245,-1.1752,-502.0352,0.195084
155.7655,-1.1807,-502.4167,0.195170
155.5035,-1.1848,-502.7950,0.195258
155.2318,-1.1880,-503.1727,0.195346
154.9512,-1.1913,-503.5475,0.195437
154.6629,-1.1948,-503.9173,0.195530
154.3654,-1.1986,-504.2848,0.195616
154.0602,-1.2025,-504.6488,0.195711
153.7437,-1.2066,-505.0098,0.195802
153.4251,-1.2106,-505.3644,0.195898
153.0966,-1.2145,-505.7177,0.195990
152.7600,-1.2184,-506.0658,0.196084
152.4166,-1.2218,-506.4084,0.196177
152.0668,-1.2251,-506.7453,0.196271
151.7110,-1.2283,-507.0759,0.196370
151.3487,-1.2314,-507.4018,0.196456
150.9834,-1.2343,-507.7180,0.196552
150.6167,-1.2372,-508.0303,0.196647
150.2457,-1.2402,-508.3365,0.196742
149.8682,-1.2432,-508.6371,0.196835
149.4846,-1.2463,-508.9326,0.196931
149.0978,-1.2493,-509.2208,0.197028
148.7049,-1.2523,-509.5068,0.197122
148.3066,-1.2552,-509.7894,0.197223
147.9015,-1.2582,-510.0645,0.197317
147.4898,-1.2615,-510.3355,0.197416
147.0724,-1.2653,-510.5987,0.197522
146.6463,-1.2694,-510.8565,0.197623
146.2171,-1.2735,-511.1056,0.197725
145.7881,-1.2781,-511.3515,0.197829
145.3638,-1.2827,-511.6042,0.197931
144.9409,-1.2869,-511.8623,0.198039
144.5163,-1.2910,-512.1190,0.198147
144.0830,-1.2949,-512.3728,0.198254
143.6427,-1.2985,-512.6186,0.198359
143.1939,-1.3022,-512.8586,0.198468
142.7403,-1.3056,-513.0925,0.198580
142.2829,-1.3090,-513.3207,0.198688
141.8165,-1.3126,-513.5450,0.198804
141.3467,-1.3159,-513.7622,0.198916
140.8728,-1.3192,-513.9734,0.199030
140.3902,-1.3223,-514.1792,0.199141
139.9048,-1.3252,-514.3812,0.199259
139.4173,-1.3282,-514.5778,0.199374
138.9246,-1.3312,-514.7713,0.199493
138.4282,-1.3345,-514.9610,0.199610
137.9268,-1.3383,-515.1469,0.199733
137.4195,-1.3425,-515.3289,0.199850
136.9105,-1.3473,-515.5047,0.199970
136.3925,-1.3524,-515.6758,0.200092
135.8723,-1.3578,-515.8426,0.200217
135.3461,-1.3634,-516.0052,0.200343
134.8142,-1.3690,-516.1629,0.200464
134.2797,-1.3751,-516.3149,0.200588
133.7396,-1.3814,-516.4620,0.200718
133.1955,-1.3880,-516.6038,0.200843
132.6439,-1.3948,-516.7409,0.200968
132.0894,-1.4017,-516.8707,0.201101
131.5309,-1.4086,-516.9980,0.201223
130.9687,-1.4122,-517.1355,0.201364
130.4067,-1.4165,-517.2590,0.201491
129.8394,-1.4209,-517.3848,0.201624
129.2667,-1.4254,-517.5107,0.201754
128.6985,-1.4299,-517.6329,0.201892
128.1047,-1.4468,-517.7421,0.202030
127.5370,-1.4395,-517.8711,0.202165
126.9377,-1.4507,-517.9741,0.202305
126.3641,-1.4496,-518.0987,0.202445
125.7566,-1.4564,-518.1993,0.202586
125.1593,-1.4845,-518.3110,0.202728
124.5795,-1.4632,-518.4327,0.202869
123.9586,-1.4873,-518.5295,0.203013
123.3730,-1.4718,-518.6463,0.203159
122.7487,-1.4887,-518.7386,0.203306
122.1343,-1.5120,-518.8400,0.203452
121.5230,-1.4861,-518.9410,0.203600
120.9035,-1.5114,-519.0423,0.203749
120.2789,-1.5371,-519.1437,0.203902
119.6621,-1.5105,-519.2421,0.204054
119.0350,-1.5355,-519.3400,0.204203
118.4192,-1.5691,-519.4362,0.204358
117.7896,-1.5739,-519.5338,0.204511
117.1577,-1.5781,-519.6331,0.204665
116.5206,-1.5832,-519.7321,0.204822
115.8827,-1.5879,-519.8287,0.204982
115.2418,-1.5927,-519.9256,0.205137
114.5968,-1.5972,-520.0224,0.205297
113.9481,-1.6019,-520.1202,0.205458
113.3020,-1.6068,-520.2168,0.205617
112.6440,-1.6119,-520.3132,0.205780
111.9883,-1.6173,-520.4058,0.205940
111.3267,-1.6220,-520.4982,0.206104
110.6605,-1.6265,-520.5904,0.206268
109.9946,-1.6311,-520.6812,0.206434
109.3246,-1.6359,-520.7709,0.206600
108.6500,-1.6405,-520.8592,0.206768
107.9754,-1.6449,-520.9457,0.206936
107.2977,-1.6494,-521.0308,0.207104
106.6149,-1.6540,-521.1144,0.207275
105.9336,-1.6585,-521.1967,0.207444
105.2467,-1.6631,-521.2783,0.207613
104.5557,-1.6678,-521.3591,0.207786
103.8679,-1.6725,-521.4377,0.207958
103.1732,-1.6772,-521.5150,0.208131
102.4756,-1.6819,-521.5909,0.208303
101.7756,-1.6866,-521.6652,0.208476
101.0750,-1.6912,-521.7374,0.208651
100.3661,-1.6958,-521.8094,0.208824
99.6636,-1.7000,-521.8793,0.209001
98.9518,-1.7043,-521.9479,0.209179
98.2378,-1.7085,-522.0150,0.209357
97.5248,-1.7127,-522.0804,0.209535
96.8070,-1.7161,-522.1442,0.209710
96.0876,-1.7192,-522.2057,0.209889
95.3656,-1.7223,-522.2654,0.210069
94.6419,-1.7254,-522.3231,0.210249
93.9131,-1.7281,-522.3799,0.210429
93.1868,-1.7306,-522.4346,0.210611
92.4563,-1.7330,-522.4879,0.210792
91.7201,-1.7356,-522.5399,0.210974
90.9875,-1.7382,-522.5898,0.211156
90.2491,-1.7408,-522.6384,0.211339
89.5066,-1.7434,-522.6858,0.211523
88.7674,-1.7462,-522.7316,0.211707
88.0234,-1.7488,-522.7770,0.211890
87.2765,-1.7509,-522.8214,0.212078
86.5249,-1.7531,-522.8647,0.212265
85.7791,-1.7553,-522.9056,0.212447
85.0237,-1.7571,-522.9456,0.212636
84.2705,-1.7581,-522.9837,0.212822
83.5034,-1.7016,-523.0197,0.213009
82.7393,-1.7121,-523.0495,0.213195
81.9788,-1.7249,-523.0773,0.213386
81.2149,-1.7380,-523.1047,0.213573
80.4649,-1.7060,-523.1439,0.213763
79.6858,-1.7123,-523.1552,0.213951
78.9172,-1.7256,-523.1761,0.214143
78.1453,-1.7395,-523.1974,0.214331
77.3905,-1.7207,-523.2307,0.214523
76.6182,-1.7251,-523.2507,0.214712
75.8376,-1.7302,-523.2687,0.214907
75.0448,-1.7401,-523.2727,0.215095
74.2625,-1.7542,-523.2872,0.215288
73.4959,-1.7455,-523.3126,0.215479
72.7129,-1.7503,-523.3233,0.215672
71.9311,-1.7552,-523.3319,0.215862
71.1423,-1.7599,-523.3390,0.216057
70.3551,-1.7635,-523.3294,0.216248
69.5710,-1.7634,-523.3311,0.216441
68.7802,-1.7630,-523.3284,0.216631
67.9905,-1.7626,-523.3213,0.216826
67.1998,-1.7619,-523.3088,0.217017
66.4092,-1.7615,-523.2901,0.217211
65.6191,-1.7612,-523.2629,0.217401
64.8269,-1.7608,-523.2264,0.217591
64.0323,-1.7604,-523.1807,0.217785
63.2364,-1.7596,-523.1248,0.217976
62.4457,-1.7579,-523.0615,0.218167
61.6487,-1.7554,-522.9879,0.218359
60.8557,-1.7519,-522.9046,0.218550
60.0661,-1.7474,-522.8126,0.218745
59.2725,-1.7416,-522.7108,0.218936
58.4861,-1.7348,-522.6001,0.219125
57.6944,-1.7265,-522.4792,0.219320
56.9056,-1.7166,-522.3477,0.219509
56.1220,-1.7059,-522.2100,0.219702
55.3397,-1.6945,-522.0638,0.219893
54.5567,-1.6825,-521.9105,0.220085
53.7780,-1.6699,-521.7549,0.220276
53.0022,-1.6573,-521.5970,0.220465
52.2221,-1.6448,-521.4346,0.220655
51.4452,-1.6328,-521.2685,0.220850
50.6704,-1.6214,-521.0972,0.221040
49.8928,-1.6095,-520.9208,0.221235
49.1160,-1.5975,-520.7394,0.221425
48.3404,-1.5848,-520.5527,0.221615
47.5633,-1.5711,-520.3606,0.221808
46.7907,-1.5572,-520.1646,0.221999
46.0185,-1.5427,-519.9655,0.222192
45.2399,-1.5283,-519.7643,0.222385
44.4687,-1.5143,-519.5624,0.222578
43.6972,-1.5002,-519.3580,0.222774
42.9199,-1.4864,-519.1475,0.222967
42.1451,-1.4723,-518.9320,0.223157
41.3723,-1.4581,-518.7101,0.223348
40.5965,-1.4434,-518.4786,0.223544
39.8199,-1.4278,-518.2369,0.223739
39.0499,-1.4113,-517.9877,0.223929
38.2760,-1.3939,-517.7263,0.224125
37.5078,-1.3762,-517.4593,0.224317
36.7439,-1.3581,-517.1846,0.224507
35.9782,-1.3390,-516.9005,0.224698
35.2169,-1.3192,-516.6086,0.224889
34.4546,-1.2983,-516.3068,0.225084
33.6955,-1.2756,-515.9968,0.225278
32.9403,-1.2514,-515.6788,0.225470
32.1885,-1.2253,-515.3521,0.225663
31.4389,-1.1978,-515.0153,0.225857
30.6851,-1.1696,-514.6703,0.226055
29.9506,-1.1414,-514.3270,0.226243
29.2072,-1.1127,-513.9719,0.226443
28.4697,-1.0839,-513.6119,0.226635
27.7324,-1.0552,-513.2441,0.226827
26.9983,-1.0266,-512.8701,0.227022
26.2669,-0.9978,-512.4896,0.227217
25.5368,-0.9688,-512.1005,0.227414
24.8118,-0.9395,-511.7071,0.227606
24.0914,-0.9104,-511.3075,0.227798
23.3750,-0.8809,-510.9040,0.227995
22.6591,-0.8505,-510.4970,0.228189
21.9465,-0.8192,-510.0869,0.228384
21.2334,-0.7862,-509.6706,0.228579
20.5253,-0.7516,-509.2512,0.228774
19.8200,-0.7153,-508.8265,0.228970
19.1164,-0.6780,-508.3983,0.229165
18.4164,-0.6400,-507.9655,0.229357
17.7219,-0.6013,-507.5294,0.229552
17.0268,-0.5620,-507.0872,0.229746
16.3339,-0.5219,-506.6399,0.229938
15.6469,-0.4814,-506.1900,0.230132
14.9619,-0.4411,-505.7348,0.230328
14.2801,-0.4009,-505.2742,0.230518
13.6042,-0.3612,-504.8123,0.230712
12.9313,-0.3210,-504.3459,0.230902
12.2586,-0.2800,-503.8731,0.231097
11.5918,-0.2380,-503.3976,0.231289
10.9275,-0.1947,-502.9168,0.231479
10.2645,-0.1505,-502.4301,0.231674
9.6053,-0.1051,-501.9395,0.231866
8.9534,-0.0587,-501.4459,0.232056
8.3032,-0.0119,-500.9480,0.232249
7.6578,0.0342,-500.4466,0.232443
7.0151,0.0787,-499.9403,0.232640
6.3770,0.1216,-499.4308,0.232836
5.7428,0.1630,-498.9175,0.233029
5.1094,0.2033,-498.3979,0.233227
4.4785,0.2432,-497.8733,0.233424
3.8576,0.2826,-497.3496,0.233627
3.2391,0.3226,-496.8197,0.233820
2.6216,0.3631,-496.2842,0.234015
2.0174,0.4033,-495.7520,0.234205
1.4166,0.4432,-495.2148,0.234396
0.8217,0.4828,-494.6758,0.234588
0.2347,0.5213,-494.1382,0.234778
-0.3486,0.5591,-493.6009,0.234966
-0.9305,0.5968,-493.0625,0.235150
-1.5039,0.6341,-492.5286,0.235340
-2.0770,0.6706,-491.9926,0.235524
-2.6455,0.7066,-491.4561,0.235713
-3.2080,0.7420,-490.9184,0.235899
-3.7654,0.7770,-490.3781,0.236083
-4.3186,0.8118,-489.8351,0.236275
-4.8701,0.8459,-489.2863,0.236457
-5.4231,0.8795,-488.7312,0.236651
-5.9713,0.9119,-488.1739,0.236840
-6.5134,0.9435,-487.6160,0.237031
-7.0514,0.9749,-487.0547,0.237221
-7.5861,1.0064,-486.4899,0.237410
-8.1128,1.0379,-485.9271,0.237598
-8.6354,1.0696,-485.3621,0.237784
-9.1561,1.1014,-484.7917,0.237978
-9.6680,1.1328,-484.2241,0.238165
-10.1757,1.1640,-483.6543,0.238348
-10.6803,1.1948,-483.0800,0.238538
-11.1791,1.2253,-482.5062,0.238724
-11.6728,1.2558,-481.9314,0.238914
-12.1641,1.2866,-481.3530,0.239100
-12.6516,1.3174,-480.7728,0.239288
-13.1359,1.3485,-480.1900,0.239472
-13.6184,1.3798,-479.6030,0.239662
-14.0958,1.4112,-479.0155,0.239849
-14.5742,1.4429,-478.4191,0.240038
-15.0499,1.4745,-477.8204,0.240225
-15.5238,1.5066,-477.2173,0.240415
-15.9951,1.5386,-476.6111,0.240602
-16.4663,1.5710,-476.0007,0.240796
-16.9364,1.6037,-475.3905,0.240982
-17.4071,1.6368,-474.7800,0.241170
-17.8792,1.6700,-474.1674,0.241365
-18.3509,1.7030,-473.5543,0.241555
-18.8236,1.7356,-472.9388,0.241745
-19.2970,1.7680,-472.3229,0.241941
-19.7733,1.8004,-471.7031,0.242137
-20.2484,1.8325,-471.0849,0.242324
-20.7245,1.8645,-470.4653,0.242521
-21.2052,1.8965,-469.8402,0.242714
-21.6833,1.9278,-469.2185,0.242911
-22.1634,1.9616,-468.5945,0.243107
-22.6449,1.9955,-467.9685,0.243299
-23.1271,2.0292,-467.3420,0.243498
-23.6085,2.0629,-466.7166,0.243694
-24.0924,2.0969,-466.0882,0.243890
-24.5756,2.1310,-465.4615,0.244088
-25.0589,2.1648,-464.8360,0.244284
-25.5452,2.1989,-464.2082,0.244482
-26.0279,2.2323,-463.5870,0.244680
-26.5111,2.2656,-462.9674,0.244875
-26.9947,2.2987,-462.3502,0.245067
-27.4796,2.3322,-461.7339,0.245268
-27.9646,2.3660,-461.1199,0.245465
-28.4456,2.3995,-460.5137,0.245662
-28.9310,2.4332,-459.9039,0.245854
-29.4126,2.4662,-459.3008,0.246048
-29.8953,2.4986,-458.6992,0.246243
-30.3776,2.5304,-458.1010,0.246440
-30.8613,2.5618,-457.5047,0.246636
-31.3440,2.5927,-456.9123,0.246830
-31.8271,2.6231,-456.3220,0.247025
-32.3110,2.6530,-455.7340,0.247215
-32.7945,2.6824,-455.1495,0.247409
-33.2788,2.7114,-454.5695,0.247603
-33.7664,2.7405,-453.9928,0.247795
-34.2546,2.7697,-453.4235,0.247985
-34.7446,2.7989,-452.8571,0.248178
-35.2376,2.8281,-452.2928,0.248373
-35.7301,2.8569,-451.7332,0.248561
-36.2219,2.8852,-451.1778,0.248753
-36.7178,2.9133,-450.6213,0.248941
-37.2098,2.9406,-450.0739,0.249130
-37.7049,2.9676,-449.5275,0.249319
-38.2067,2.9941,-448.9792,0.249509
-38.7004,3.0195,-448.4434,0.249698
-39.1985,3.0445,-447.9071,0.249885
-39.7002,3.0690,-447.3720,0.250071
-40.1987,3.0930,-446.8458,0.250261
-40.7017,3.1170,-446.3204,0.250444
-41.2079,3.1411,-445.7975,0.250632
-41.7094,3.1650,-445.2847,0.250815
-42.2179,3.1896,-444.7701,0.251004
-42.7288,3.2144,-444.2559,0.251186
-43.2321,3.2391,-443.7532,0.251369
-43.7408,3.2641,-443.2495,0.251551
-44.2499,3.2888,-442.7510,0.251733
-44.7605,3.3133,-442.2580,0.251917
-45.2731,3.3374,-441.7701,0.252098
-45.7912,3.3616,-441.2831,0.252280
-46.3060,3.3850,-440.8065,0.252463
-46.8252,3.4084,-440.3303,0.252642
-47.3458,3.4317,-439.8585,0.252818
-47.8653,3.4544,-439.3940,0.252996
-48.3881,3.4770,-438.9326,0.253179
-48.9144,3.4996,-438.4749,0.253357
-49.4394,3.5220,-438.0248,0.253535
-49.9685,3.5445,-437.5774,0.253709
-50.4996,3.5669,-437.1353,0.253888
-51.0293,3.5891,-436.6986,0.254066
-51.5632,3.6113,-436.2641,0.254237
-52.0984,3.6335,-435.8347,0.254415
-52.6336,3.6555,-435.4117,0.254588
-53.1708,3.6773,-434.9931,0.254764
-53.7104,3.6990,-434.5780,0.254941
-54.2500,3.7207,-434.1677,0.255113
-54.7905,3.7427,-433.7592,0.255282
-55.3326,3.7651,-433.3537,0.255452
-55.8725,3.7880,-432.9529,0.255624
-56.4147,3.8116,-432.5558,0.255799
-56.9611,3.8361,-432.1626,0.255968
-57.5068,3.8612,-431.7772,0.256138
-58.0532,3.8870,-431.3976,0.256307
-58.6015,3.9136,-431.0224,0.256478
-59.1536,3.9412,-430.6487,0.256648
-59.7031,3.9698,-430.2816,0.256817
-60.2556,3.9993,-429.9167,0.256985
-60.8096,4.0297,-429.5576,0.257154
-61.3626,4.0600,-429.2062,0.257322
-61.9225,4.0903,-428.8569,0.257490
-62.4786,4.1197,-428.5159,0.257657
-63.0396,4.1483,-428.1775,0.257821
-63.6002,4.1762,-427.8452,0.257988
-64.1605,4.2029,-427.5203,0.258151
-64.7245,4.2289,-427.1973,0.258316
-65.2886,4.2540,-426.8810,0.258479
-65.8583,4.2784,-426.5681,0.258642
-66.4241,4.3017,-426.2643,0.258803
-66.9972,4.3246,-425.9628,0.258969
-67.5780,4.3485,-425.6754,0.259130
-68.1499,4.3696,-425.3603,0.259291
-68.7190,4.4027,-425.0841,0.259454
-69.2915,4.4287,-424.7901,0.259616
-69.8627,4.4550,-424.4991,0.259778
-70.4362,4.4801,-424.2099,0.259939
-71.0130,4.4910,-423.9058,0.260100
-71.5809,4.5297,-423.6419,0.260259
-72.1578,4.5478,-423.3469,0.260419
-72.7361,4.5509,-423.0762,0.260580
-73.3037,4.6025,-422.8339,0.260741
-73.8869,4.6102,-422.5623,0.260899
-74.4665,4.6134,-422.3146,0.261058
-75.0465,4.6668,-422.0740,0.261217
-75.6282,4.6701,-421.8405,0.261374
-76.2004,4.6595,-421.6174,0.261533
-76.7827,4.6910,-421.3964,0.261690
-77.3939,4.7341,-421.2238,0.261849
-77.9858,4.7869,-421.0418,0.262005
-78.5698,4.8270,-420.8488,0.262162
-79.1537,4.8628,-420.6644,0.262318
-79.7456,4.8937,-420.4763,0.262476
-80.3373,4.9246,-420.2967,0.262631
-80.9201,4.9411,-420.0874,0.262787
-81.5184,4.9676,-419.9160,0.262944
-82.1172,4.9947,-419.7560,0.263101
-82.7155,5.0222,-419.6045,0.263256
-83.3169,5.0495,-419.4512,0.263413
-83.9150,5.0740,-419.2952,0.263568
-84.5103,5.0874,-419.1399,0.263724
-85.1060,5.0881,-418.9871,0.263880
-85.7062,5.0792,-418.8382,0.264035
-86.3267,5.0707,-418.6904,0.264191
-86.9281,5.0946,-418.5601,0.264346
-87.5327,5.1180,-418.4337,0.264502
-88.1424,5.1418,-418.3124,0.264658
-88.7440,5.1643,-418.1951,0.264812
-89.3484,5.1860,-418.0787,0.264967
-89.9588,5.2067,-417.9713,0.265123
-90.5684,5.2273,-417.8740,0.265279
-91.1739,5.2480,-417.7837,0.265433
-91.7836,5.2687,-417.6987,0.265589
-92.3849,5.2929,-417.6177,0.265743
-93.0161,5.3582,-417.5352,0.265898
-93.6281,5.3614,-417.4580,0.266054
-94.2412,5.3617,-417.3812,0.266209
-94.8386,5.4096,-417.3198,0.266366
-95.4665,5.4120,-417.2410,0.266519
-96.0805,5.4111,-417.1827,0.266678
-96.6761,5.4546,-417.1413,0.266831
-97.3091,5.4599,-417.0744,0.266986
-97.9047,5.4834,-417.0369,0.267139
-98.5211,5.4971,-416.9890,0.267297
-99.1571,5.5097,-416.9361,0.267450
-99.7610,5.5243,-416.9187,0.267608
-100.3806,5.5383,-416.8982,0.267766
-101.0081,5.5544,-416.8705,0.267921
-101.6330,5.5737,-416.8627,0.268079
-102.2610,5.5936,-416.8602,0.268237
-102.8909,5.6143,-416.8636,0.268397
-103.5232,5.6361,-416.8744,0.268559
-104.1586,5.6582,-416.8901,0.268720
-104.7970,5.6812,-416.9122,0.268883
-105.4356,5.7052,-416.9403,0.269046
-106.0786,5.7302,-416.9743,0.269209
-106.7236,5.7561,-417.0136,0.269374
-107.3719,5.7831,-417.0560,0.269540
-108.0211,5.8108,-417.1012,0.269704
-108.6752,5.8395,-417.1515,0.269873
-109.3303,5.8685,-417.2059,0.270040
-109.9881,5.8983,-417.2650,0.270205
-110.6509,5.9289,-417.3293,0.270375
-111.3127,5.9599,-417.3975,0.270543
-111.9786,5.9914,-417.4697,0.270714
-112.6497,6.0226,-417.5456,0.270888
-113.3179,6.0527,-417.6252,0.271056
-113.9898,6.0822,-417.7097,0.271226
-114.6676,6.1113,-417.8013,0.271403
-115.3447,6.1402,-417.8968,0.271574
-116.0266,6.1691,-417.9979,0.271751
-116.7104,6.1981,-418.1041,0.271927
-117.3974,6.2276,-418.2156,0.272104
-118.0823,6.2572,-418.3315,0.272281
-118.7731,6.2869,-418.4533,0.272462
-119.4676,6.3169,-418.5817,0.272646
-120.1634,6.3466,-418.7142,0.272822
-120.8579,6.3763,-418.8513,0.273006
-121.5598,6.4063,-418.9947,0.273188
-122.2621,6.4366,-419.1431,0.273369
-122.9654,6.4668,-419.2967,0.273555
-123.6740,6.4969,-419.4563,0.273738
-124.3835,6.5267,-419.6208,0.273928
-125.0942,6.5565,-419.7907,0.274116
-125.8087,6.5865,-419.9676,0.274302
-126.5266,6.6162,-420.1497,0.274491
-127.2456,6.6457,-420.3371,0.274683
-127.9690,6.6751,-420.5306,0.274874
-128.6935,6.7046,-420.7292,0.275068
-129.4265,6.7343,-420.9331,0.275264
-130.1596,6.7639,-421.1396,0.275455
-130.8960,6.7935,-421.3493,0.275657
-131.6399,6.8235,-421.5630,0.275851
-132.3893,6.8536,-421.7780,0.276054
-133.1421,6.8838,-421.9941,0.276253
-133.9003,6.9142,-422.2122,0.276458
-134.6639,6.9449,-422.4323,0.276662
-135.4312,6.9761,-422.6541,0.276867
-136.2055,7.0076,-422.8790,0.277082
-136.9834,7.0394,-423.1073,0.277289
-137.7592,7.0712,-423.3379,0.277500
-138.5436,7.1032,-423.5731,0.277717
-139.3317,7.1355,-423.8115,0.277929
-140.1259,7.1678,-424.0537,0.278144
-140.9199,7.2000,-424.2978,0.278361
-141.7234,7.2325,-424.5468,0.278576
-142.5264,7.2646,-424.7979,0.278794
-143.3341,7.2968,-425.0526,0.279016
-144.1496,7.3293,-425.3124,0.279231
-144.9671,7.3620,-425.5746,0.279450
-145.7890,7.3947,-425.8405,0.279677
-146.6161,7.4272,-426.1102,0.279903
-147.4468,7.4594,-426.3831,0.280123
-148.2779,7.4910,-426.6582,0.280345
-149.1186,7.5228,-426.9388,0.280572
-149.9628,7.5544,-427.2238,0.280797
-150.8082,7.5861,-427.5125,0.281027
-151.6606,7.6184,-427.8071,0.281254
-152.5234,7.6512,-428.1081,0.281481
-153.3711,7.6838,-428.4066,0.281712
-154.2278,7.7172,-428.7112,0.281946
-155.0915,7.7514,-429.0211,0.282177
-155.9651,7.7866,-429.3376,0.282414
-156.8317,7.8222,-429.6547,0.282645
-157.7106,7.8583,-429.9794,0.282881
-158.5845,7.8944,-430.3058,0.283117
-159.4716,7.9307,-430.6394,0.283353
-160.3550,7.9666,-430.9734,0.283590
-161.2419,8.0025,-431.3103,0.283831
-162.1406,8.0386,-431.6535,0.284073
-163.0356,8.0744,-431.9979,0.284314
-163.9324,8.1102,-432.3463,0.284562
-164.8371,8.1459,-432.7009,0.284807
-165.7471,8.1816,-433.0610,0.285058
-166.6549,8.2172,-433.4222,0.285301
-167.5701,8.2530,-433.7880,0.285555
-168.4896,8.2894,-434.1559,0.285805
-169.4071,8.3257,-434.5241,0.286056
-170.3326,8.3624,-434.8966,0.286304
-171.2599,8.3991,-435.2711,0.286562
-172.1974,8.4360,-435.6506,0.286816
-173.1338,8.4726,-436.0301,0.287068
-174.0710,8.5094,-436.4099,0.287326
-175.0128,8.5469,-436.7919,0.287581
-175.9595,8.5852,-437.1762,0.287841
-176.9101,8.6244,-437.5620,0.288096
-177.8643,8.6641,-437.9496,0.288358
-178.8242,8.7043,-438.3398,0.288613
-179.7872,8.7445,-438.7312,0.288875
-180.7506,8.7847,-439.1229,0.289135
-181.7228,8.8244,-439.5182,0.289399
-182.6982,8.8642,-439.9149,0.289664
-183.6797,8.9038,-440.3141,0.289937
-184.6576,8.9430,-440.7121,0.290203
-185.6452,8.9825,-441.1141,0.290468
-186.6352,9.0218,-441.5167,0.290738
-187.6256,9.0612,-441.9196,0.291007
-188.6219,9.1018,-442.3249,0.291275
-189.6243,9.1433,-442.7325,0.291546
-190.6173,9.1838,-443.1362,0.291810
-191.6170,9.2241,-443.5426,0.292080
-192.6227,9.2644,-443.9514,0.292350
-193.6238,9.3043,-444.3584,0.292619
-194.6231,9.3439,-444.7647,0.292885
-195.6314,9.3835,-445.1748,0.293157
-196.6348,9.4227,-445.5830,0.293427
-197.6416,9.4623,-445.9926,0.293698
-198.6508,9.5023,-446.4033,0.293968
-199.6622,9.5423,-446.8150,0.294241
-200.6743,9.5820,-447.2270,0.294511
-201.6920,9.6214,-447.6413,0.294784
-202.7018,9.6601,-448.0525,0.295056
-203.7180,9.6991,-448.4663,0.295332
-204.7359,9.7382,-448.8809,0.295602
-205.7506,9.7771,-449.2941,0.295877
-206.7678,9.8157,-449.7086,0.296146
-207.7838,9.8538,-450.1224,0.296423
-208.7961,9.8915,-450.5349,0.296695
-209.8103,9.9291,-450.9482,0.296967
-210.8326,9.9665,-451.3649,0.297240
-211.8426,10.0035,-451.7767,0.297512
-212.8634,10.0408,-452.1930,0.297784
-213.8837,10.0784,-452.6093,0.298060
-214.8985,10.1156,-453.0231,0.298332
-215.9211,10.1525,-453.4402,0.298607
-216.9445,10.1890,-453.8579,0.298878
-217.9647,10.2252,-454.2745,0.299154
-218.9887,10.2616,-454.6924,0.299428
-220.0203,10.2988,-455.1137,0.299703
-221.0417,10.3360,-455.5307,0.299978
-222.0706,10.3738,-455.9516,0.300256
-223.1003,10.4121,-456.3750,0.300532
-224.1228,10.4495,-456.7982,0.300804
-225.1517,10.4870,-457.2266,0.301085
-226.1802,10.5246,-457.6558,0.301360
-227.2105,10.5631,-458.0865,0.301638
-228.2375,10.6019,-458.5169,0.301913
-229.2744,10.6413,-458.9524,0.302193
-230.3022,10.6805,-459.3855,0.302475
-231.3353,10.7204,-459.8225,0.302755
-232.3653,10.7606,-460.2596,0.303030
-233.3949,10.8009,-460.6976,0.303310
-234.4318,10.8411,-461.1399,0.303590
-235.4644,10.8810,-461.5813,0.303870
-236.4969,10.9207,-462.0233,0.304150
-237.5347,10.9605,-462.4677,0.304432
-238.5682,11.0000,-462.9108,0.304708
-239.6084,11.0389,-463.3572,0.304991
-240.6419,11.0768,-463.8008,0.305272
-241.6866,11.1147,-464.2495,0.305554
-242.7217,11.1525,-464.6945,0.305835
-243.7646,11.1912,-465.1430,0.306117
-244.8044,11.2302,-465.5905,0.306401
-245.8483,11.2696,-466.0400,0.306682
-246.8904,11.3088,-466.4895,0.306965
-247.9337,11.3478,-466.9402,0.307247
-248.9767,11.3867,-467.3907,0.307530
-250.0201,11.4256,-467.8415,0.307813
-251.0650,11.4646,-468.2929,0.308097
-252.1099,11.5036,-468.7443,0.308380
-253.1613,11.5430,-469.1982,0.308663
-254.2116,11.5826,-469.6510,0.308954
-255.2609,11.6226,-470.1028,0.309234
-256.3130,11.6626,-470.5554,0.309518
-257.3660,11.7021,-471.0080,0.309801
-258.4180,11.7413,-471.4599,0.310087
-259.4693,11.7804,-471.9112,0.310373
-260.5265,11.8202,-472.3646,0.310659
-261.5819,11.8603,-472.8169,0.310946
-262.6379,11.9003,-473.2692,0.311230
-263.6983,11.9401,-473.7232,0.311519
-264.7523,11.9791,-474.1745,0.311802
-265.8134,12.0178,-474.6288,0.312089
-266.8727,12.0561,-475.0822,0.312378
-267.9323,12.0947,-475.5359,0.312665
-268.9933,12.1337,-475.9901,0.312952
-270.0582,12.1739,-476.4461,0.313242
-271.1207,12.2146,-476.9012,0.313527
-272.1809,12.2555,-477.3553,0.313815
-273.2518,12.2973,-477.8143,0.314105
-274.3097,12.3385,-478.2677,0.314391
-275.3752,12.3798,-478.7245,0.314680
-276.4457,12.4210,-479.1836,0.314969
-277.5107,12.4621,-479.6404,0.315260
-278.5805,12.5033,-480.0995,0.315548
-279.6467,12.5441,-480.5572,0.315837
-280.7156,12.5844,-481.0161,0.316127
-281.7850,12.6239,-481.4752,0.316416
-282.8572,12.6621,-481.9357,0.316707
-283.9298,12.6987,-482.3964,0.316998
-285.0024,12.7383,-482.8575,0.317291
-286.0806,12.7795,-483.3212,0.317580
-287.1489,12.8213,-483.7807,0.317873
-288.2257,12.8643,-484.2438,0.318160
-289.3014,12.9073,-484.7063,0.318450
-290.3759,12.9500,-485.1685,0.318745
-291.4528,12.9923,-485.6321,0.319039
-292.5356,13.0344,-486.0985,0.319330
-293.6156,13.0767,-486.5638,0.319623
-294.6901,13.1188,-487.0270,0.319914
-295.7744,13.1614,-487.4944,0.320211
-296.8559,13.2039,-487.9610,0.320504
-297.9357,13.2470,-488.4273,0.320795
-299.0179,13.2907,-488.8953,0.321092
-300.1049,13.3353,-489.3658,0.321385
-301.1879,13.3805,-489.8349,0.321685
-302.2744,13.4264,-490.3059,0.321974
-303.3622,13.4723,-490.7779,0.322269
-304.4484,13.5178,-491.2496,0.322568
-305.5420,13.5635,-491.7250,0.322867
-306.6323,13.6090,-492.2000,0.323165
-307.7157,13.6542,-492.6729,0.323458
-308.8066,13.6994,-493.1501,0.323756
-309.8981,13.7439,-493.6287,0.324058
-310.9918,13.7884,-494.1093,0.324351
-312.0822,13.8332,-494.5898,0.324649
-313.1769,13.8792,-495.0738,0.324951
-314.2681,13.9260,-495.5582,0.325249
-315.3627,13.9723,-496.0461,0.325550
-316.4608,14.0183,-496.5375,0.325854
-317.5497,14.0643,-497.0269,0.326148
-318.6472,14.1114,-497.5228,0.326452
-319.7399,14.1589,-498.0184,0.326751
-320.8335,14.2071,-498.5170,0.327056
-321.9328,14.2561,-499.0213,0.327357
-323.0251,14.3042,-499.5263,0.327660
-324.1143,14.3504,-500.0334,0.327958
-325.2140,14.3961,-500.5497,0.328266
-326.3021,14.4418,-501.0651,0.328567
-327.3904,14.4888,-501.5865,0.328869
-328.4845,14.5359,-502.1152,0.329171
-329.5698,14.5828,-502.6451,0.329478
-330.6590,14.6308,-503.1834,0.329781
-331.7443,14.6795,-503.7271,0.330085
-332.8248,14.7283,-504.2758,0.330390
-333.9033,14.7766,-504.8305,0.330694
-334.9846,14.8235,-505.3929,0.331000
-336.0642,14.8686,-505.9617,0.331307
-337.1377,14.9139,-506.5333,0.331611
-338.2159,14.9611,-507.1157,0.331920
-339.2844,15.0092,-507.7008,0.332224
-340.3509,15.0583,-508.2928,0.332533
-341.4204,15.1084,-508.8943,0.332839
-342.4834,15.1590,-509.5005,0.333147
-343.5420,15.2100,-510.1123,0.333453
-344.6050,15.2585,-510.7352,0.333762
-345.6597,15.3093,-511.3595,0.334069
-346.7143,15.3604,-511.9920,0.334377
-347.7649,15.4115,-512.6302,0.334688
-348.8118,15.4629,-513.2742,0.334996
-349.8600,15.5146,-513.9272,0.335307
-350.9046,15.5665,-514.5853,0.335614
-351.9413,15.6183,-515.2468,0.335924
-352.9792,15.6705,-515.9170,0.336233
-354.0174,15.7233,-516.5966,0.336548
-355.0471,15.7758,-517.2783,0.336855
-356.0739,15.8287,-517.9670,0.337165
-357.1005,15.8821,-518.6656,0.337480
-358.1168,15.9351,-519.3677,0.337790
-359.1330,15.9888,-520.0807,0.338101
-360.1422,16.0426,-520.7994,0.338414
-361.1489,16.0970,-521.5274,0.338727
-362.1504,16.1519,-522.2639,0.339036
-363.1477,16.2067,-523.0079,0.339350
-364.1409,16.2625,-523.7608,0.339667
-365.1247,16.3180,-524.5181,0.339977
-366.1100,16.3746,-525.2879,0.340292
-367.0885,16.4315,-526.0625,0.340603
-368.0651,16.4888,-526.8438,0.340918
-369.0418,16.5455,-527.6334,0.341235
-370.0081,16.6043,-528.4241,0.341552
-370.9772,16.6643,-529.2255,0.341862
-371.9415,16.7235,-530.0311,0.342177
-372.9000,16.7800,-530.8393,0.342497
-373.8586,16.8349,-531.6537,0.342809
-374.8167,16.8882,-532.4727,0.343126
-375.7730,16.9399,-533.2954,0.343440
-376.7278,16.9906,-534.1217,0.343756
-377.6810,17.0413,-534.9526,0.344076
-378.6302,17.0921,-535.7845,0.344390
-379.5841,17.1433,-536.6254,0.344708
-380.5332,17.1938,-537.4656,0.345027
-381.4796,17.2430,-538.3063,0.345344
-382.4310,17.2920,-539.1544,0.345662
-383.3791,17.3406,-540.0030,0.345978
-384.3254,17.3893,-540.8523,0.346298
-385.2719,17.4382,-541.7043,0.346621
-386.2201,17.4873,-542.5601,0.346940
-387.1679,17.5357,-543.4169,0.347258
-388.1168,17.5840,-544.2770,0.347577
-389.0648,17.6317,-545.1378,0.347899
-390.0082,17.6786,-545.9963,0.348214
-390.9569,17.7261,-546.8615,0.348535
-391.9037,17.7740,-547.7269,0.348863
-392.8510,17.8216,-548.5947,0.349183
-393.7987,17.8689,-549.4646,0.349505
-394.7487,17.9160,-550.3380,0.349832
-395.6944,17.9628,-551.2086,0.350152
-396.6439,18.0095,-552.0842,0.350475
-397.5973,18.0559,-552.9651,0.350803
-398.5458,18.1018,-553.8431,0.351127
-399.4970,18.1485,-554.7253,0.351449
-400.4447,18.1966,-555.6063,0.351774
-401.3950,18.2457,-556.4927,0.352100
-402.3470,18.2949,-557.3832,0.352432
-403.2967,18.3433,-558.2741,0.352756
-404.2448,18.3909,-559.1661,0.353085
-405.1978,18.4381,-560.0646,0.353414
-406.1505,18.4853,-560.9650,0.353744
-407.0992,18.5323,-561.8640,0.354069
-408.0470,18.5786,-562.7643,0.354398
-409.0038,18.6248,-563.6757,0.354729
-409.9536,18.6707,-564.5815,0.355059
-410.9041,18.7166,-565.4899,0.355390
-411.8569,18.7628,-566.4017,0.355722
-412.8110,18.8093,-567.3154,0.356055
-413.7661,18.8568,-568.2308,0.356386
-414.7255,18.9079,-569.1509,0.356721
-415.6776,18.9589,-570.0659,0.357053
-416.6355,19.0110,-570.9868,0.357386
-417.5923,19.0632,-571.9071,0.357721
-418.5506,19.1153,-572.8292,0.358058
-419.5109,19.1672,-573.7534,0.358388
-420.4725,19.2186,-574.6791,0.358732
-421.4326,19.2698,-575.6033,0.359064
-422.3951,19.3210,-576.5302,0.359398
-423.3596,19.3723,-577.4592,0.359737
-424.3277,19.4230,-578.3918,0.360074
-425.2880,19.4719,-579.3169,0.360405
-426.2516,19.5206,-580.2451,0.360743
-427.2107,19.5691,-581.1690,0.361077
-428.1698,19.6184,-582.0934,0.361404
-429.1288,19.6686,-583.0175,0.361745
-430.0783,19.7189,-583.9329,0.362072
-431.0236,19.7687,-584.8440,0.362402
-431.9752,19.8185,-585.7612,0.362733
-432.9221,19.8679,-586.6738,0.363061
-433.8624,19.9176,-587.5799,0.363390
-434.8065,19.9680,-588.4902,0.363713
-435.7468,20.0176,-589.3969,0.364038
-436.6818,20.0666,-590.2983,0.364363
-437.6178,20.1156,-591.2006,0.364692
-438.5524,20.1645,-592.1013,0.365010
-439.4806,20.2136,-592.9965,0.365336
-440.4130,20.2633,-593.8960,0.365659
-441.3365,20.3123,-594.7872,0.365978
-442.2588,20.3618,-595.6774,0.366298
-443.1843,20.4113,-596.5707,0.366619
-444.1023,20.4608,-597.4575,0.366932
-445.0172,20.5107,-598.3419,0.367253
-445.9352,20.5615,-599.2300,0.367572
-446.8439,20.6122,-600.1100,0.367885
-447.7527,20.6628,-600.9908,0.368203
-448.6613,20.7130,-601.8729,0.368523
-449.5645,20.7621,-602.7507,0.368838
-450.4625,20.8099,-603.6247,0.369148
-451.3640,20.8566,-604.5034,0.369465
-452.2569,20.9029,-605.3744,0.369778
-453.1515,20.9502,-606.2484,0.370088
-454.0418,20.9977,-607.1200,0.370398
-454.9296,21.0445,-607.9906,0.370709
-455.8150,21.0901,-608.8603,0.371020
-456.6987,21.1357,-609.7291,0.371332
-457.5775,21.1818,-610.5942,0.371642
-458.4539,21.2280,-611.4575,0.371943
-459.3312,21.2741,-612.3222,0.372254
-460.2052,21.3207,-613.1837,0.372559
-461.0753,21.3673,-614.0416,0.372861
-461.9472,21.4134,-614.9018,0.373163
-462.8157,21.4584,-615.7584,0.373473
-463.6827,21.5035,-616.6136,0.373776
-464.5456,21.5482,-617.4649,0.374077
-465.4094,21.5930,-618.3168,0.374382
-466.2678,21.6382,-619.1634,0.374684
-467.1339,21.6851,-620.0172,0.374984
-467.9889,21.7321,-620.8602,0.375282
-468.8422,21.7790,-621.7010,0.375581
-469.7001,21.8248,-622.5464,0.375882
-470.5497,21.8692,-623.3837,0.376175
-471.4055,21.9144,-624.2273,0.376478
-472.2563,21.9599,-625.0660,0.376776
-473.1024,22.0048,-625.9000,0.377072
-473.9512,22.0497,-626.7367,0.377365
-474.8014,22.0951,-627.5747,0.377667
-475.6503,22.1409,-628.4113,0.377965
-476.4958,22.1863,-629.2445,0.378263
-477.3408,22.2313,-630.0773,0.378554
-478.1869,22.2759,-630.9111,0.378851
-479.0325,22.3207,-631.7448,0.379152
-479.8743,22.3654,-632.5747,0.379437
-480.7167,22.4108,-633.4052,0.379736
-481.5525,22.4565,-634.2292,0.380029
-482.3964,22.5025,-635.0613,0.380327
-483.2336,22.5474,-635.8864,0.380612
-484.0694,22.5921,-636.7103,0.380907
-484.9099,22.6375,-637.5385,0.381205
-485.7484,22.6831,-638.3645,0.381495
-486.5857,22.7291,-639.1890,0.381794
-487.4250,22.7756,-640.0153,0.382082
-488.2619,22.8229,-640.8384,0.382377
-489.0976,22.8708,-641.6603,0.382672
-489.9350,22.9190,-642.4836,0.382960
-490.7715,22.9671,-643.3060,0.383249
-491.6084,23.0155,-644.1286,0.383550
-492.4467,23.0637,-644.9522,0.383841
-493.2812,23.1106,-645.7720,0.384135
-494.1196,23.1569,-646.5949,0.384430
-494.9569,23.2032,-647.4169,0.384724
-495.7931,23.2502,-648.2375,0.385017
-496.6264,23.2974,-649.0554,0.385306
-497.4636,23.3452,-649.8768,0.385601
-498.3021,23.3932,-650.6998,0.385895
-499.1335,23.4408,-651.5154,0.386186
-499.9704,23.4889,-652.3364,0.386478
-500.8079,23.5373,-653.1573,0.386767
-501.6419,23.5858,-653.9748,0.387058
-502.4783,23.6345,-654.7946,0.387358
-503.3133,23.6832,-655.6127,0.387648
-504.1477,23.7318,-656.4301,0.387939
-504.9820,23.7799,-657.2471,0.388228
-505.8172,23.8279,-658.0646,0.388524
-506.6507,23.8762,-658.8806,0.388812
-507.4812,23.9254,-659.6935,0.389103
-508.3149,23.9756,-660.5097,0.389393
-509.1393,24.0254,-661.3167,0.389687
-509.9654,24.0747,-662.1254,0.389968
-510.7925,24.1239,-662.9351,0.390263
-511.6108,24.1724,-663.7364,0.390550
-512.4313,24.2208,-664.5400,0.390843
-513.2515,24.2688,-665.3438,0.391130
-514.0624,24.3162,-666.1392,0.391417
-514.8784,24.3637,-666.9399,0.391705
-515.6921,24.4106,-667.7390,0.391993
-516.5018,24.4572,-668.5341,0.392280
-517.3062,24.5036,-669.3250,0.392564
-518.1141,24.5503,-670.1204,0.392852
-518.9160,24.5958,-670.9102,0.393135
-519.7139,24.6401,-671.6969,0.393421
-520.5132,24.6834,-672.4869,0.393707
-521.3094,24.7267,-673.2766,0.393986
-522.0979,24.7702,-674.0615,0.394271
-522.8860,24.8138,-674.8488,0.394550
-523.6713,24.8564,-675.6385,0.394835
-524.4492,24.8975,-676.4263,0.395121
-525.2224,24.9380,-677.2148,0.395402
-525.9909,24.9785,-678.0043,0.395683
-526.7549,25.0189,-678.7955,0.395965
-527.5142,25.0586,-679.5876,0.396247
-528.2697,25.0973,-680.3815,0.396522
-529.0164,25.1349,-681.1721,0.396800
-529.7651,25.1729,-681.9716,0.397075
-530.5067,25.2114,-682.7726,0.397354
-531.2348,25.2500,-683.5659,0.397631
-531.9628,25.2893,-684.3687,0.397905
-532.6816,25.3291,-685.1718,0.398183
-533.3961,25.3693,-685.9800,0.398456
-534.1001,25.4103,-686.7872,0.398736
-534.8015,25.4516,-687.6006,0.399012
-535.4953,25.4923,-688.4134,0.399288
-536.1848,25.5317,-689.2300,0.399560
-536.8690,25.5707,-690.0475,0.399830
-537.5439,25.6098,-690.8630,0.400104
-538.2178,25.6498,-691.6868,0.400369
-538.8818,25.6896,-692.5075,0.400639
-539.5406,25.7289,-693.3304,0.400905
-540.1985,25.7677,-694.1606,0.401170
-540.8432,25.8052,-694.9808,0.401435
-541.4905,25.8429,-695.8119,0.401704
-542.1332,25.8808,-696.6425,0.401971
-542.7653,25.9184,-697.4658,0.402231
-543.4007,25.9560,-698.2993,0.402498
-544.0251,25.9912,-699.1244,0.402760
-544.6490,26.0278,-699.9551,0.403028
-545.2701,26.0647,-700.7886,0.403285
-545.8835,26.1012,-701.6187,0.403548
-546.4938,26.1378,-702.4520,0.403812
-547.0994,26.1741,-703.2842,0.404076
-547.7020,26.2101,-704.1190,0.404334
-548.2955,26.2455,-704.9481,0.404590
-548.8896,26.2808,-705.7860,0.404854
-549.4742,26.3156,-706.6182,0.405106
-550.0549,26.3503,-707.4525,0.405369
-550.6349,26.3853,-708.2941,0.405627
-551.2100,26.4206,-709.1379,0.405886
-551.7708,26.4555,-709.9686,0.406138
-552.3356,26.4909,-710.8130,0.406395
-552.8932,26.5258,-711.6562,0.406648
-553.4415,26.5604,-712.4966,0.406900
-553.9876,26.5949,-713.3456,0.407160
-554.5212,26.6289,-714.1886,0.407413
-555.0500,26.6626,-715.0380,0.407665
-555.5732,26.6956,-715.8917,0.407920
-556.0859,26.7277,-716.7442,0.408173
-556.5931,26.7597,-717.6005,0.408423
-557.0948,26.7917,-718.4627,0.408676
-557.5874,26.8233,-719.3257,0.408926
-558.0694,26.8543,-720.1859,0.409173
-558.5467,26.8853,-721.0535,0.409427
-559.0161,26.9165,-721.9230,0.409676
-559.4786,26.9479,-722.7936,0.409925
-559.9354,26.9796,-723.6689,0.410176
-560.3745,27.0112,-724.5519,0.410422
-560.8171,27.0447,-725.4289,0.410673
-561.2736,27.0796,-726.3180,0.410923
-561.7021,27.1088,-727.1987,0.411169
-562.1267,27.1379,-728.0842,0.411418
-562.5474,27.1675,-728.9728,0.411666
-562.9619,27.1973,-729.8592,0.411917
-563.3522,27.2470,-730.7426,0.412164
-563.7753,27.2613,-731.6405,0.412410
-564.1755,27.2910,-732.5347,0.412658
-564.5489,27.3472,-733.4168,0.412903
-564.9393,27.3790,-734.3101,0.413146
-565.3272,27.4114,-735.2045,0.413393
-565.7131,27.4424,-736.1009,0.413640
-566.0939,27.4739,-736.9945,0.413883
-566.4694,27.5058,-737.8864,0.414126
-566.8391,27.5373,-738.7847,0.414370
-567.2012,27.5700,-739.6830,0.414616
-567.5545,27.6022,-740.5783,0.414856
-567.9019,27.6352,-741.4781,0.415099
-568.2598,27.6697,-742.3891,0.415344
-568.5931,27.7000,-743.2969,0.415590
-568.9136,27.7300,-744.1954,0.415830
-569.2275,27.7606,-745.1039,0.416075
-569.5323,27.7945,-746.0170,0.416318
-569.8247,27.8242,-746.9180,0.416558
-570.1124,27.8532,-747.8319,0.416801
-570.3918,27.8830,-748.7491,0.417040
-570.6618,27.9112,-749.6598,0.417282
-570.9271,27.9397,-750.5768,0.417524
-571.1852,27.9694,-751.4985,0.417765
-571.4329,27.9977,-752.4126,0.418003
-571.6734,28.0316,-753.3354,0.418247
-571.9069,28.0598,-754.2527,0.418483
-572.1343,28.0891,-755.1769,0.418724
-572.3574,28.1177,-756.1024,0.418966
-572.5747,28.1465,-757.0222,0.419201
-572.7893,28.1754,-757.9482,0.419440
-572.9973,28.2038,-758.8714,0.419678
-573.1807,28.2760,-759.7877,0.419921
-573.3715,28.3063,-760.7057,0.420156
-573.5563,28.3377,-761.6340,0.420395
-573.7348,28.3679,-762.5614,0.420630
-573.9227,28.3992,-763.4927,0.420868
-574.0919,28.4274,-764.4213,0.421109
-574.2559,28.4547,-765.3508,0.421347
-574.4128,28.4832,-766.2781,0.421587
-574.5613,28.5116,-767.2036,0.421820
-574.7021,28.5446,-768.1350,0.422060
-574.8355,28.5739,-769.0629,0.422299
-574.9619,28.6022,-769.9899,0.422536
-575.0801,28.6311,-770.9162,0.422768
-575.1917,28.6591,-771.8482,0.423009
-575.2953,28.6877,-772.7816,0.423243
-575.3906,28.7149,-773.7090,0.423487
-575.4795,28.7423,-774.6449,0.423717
-575.5629,28.7709,-775.5800,0.423960
-575.6408,28.8025,-776.5120,0.424193
-575.7145,28.8311,-777.4501,0.424430
-575.7667,28.8907,-778.3712,0.424674
-575.8281,28.9210,-779.3066,0.424907
-575.8834,28.9506,-780.2448,0.425145
-575.9332,28.9805,-781.1862,0.425384
-575.9783,29.0105,-782.1273,0.425622
-576.0205,29.0387,-783.0668,0.425861
-576.0582,29.0673,-784.0082,0.426099
-576.0907,29.0953,-784.9548,0.426339
-576.1169,29.1234,-785.8983,0.426578
-576.1373,29.1510,-786.8439,0.426814
-576.1514,29.1782,-787.7882,0.427056
-576.1608,29.2058,-788.7359,0.427300
-576.1665,29.2330,-789.6896,0.427537
-576.1683,29.2604,-790.6392,0.427781
-576.1788,29.2932,-791.5906,0.428018
-576.1716,29.3242,-792.5504,0.428262
-576.1606,29.3553,-793.5044,0.428499
-576.1458,29.3872,-794.4631,0.428749
-576.1273,29.4194,-795.4235,0.428996
-576.1055,29.4518,-796.3843,0.429238
-576.0803,29.4847,-797.3421,0.429479
-576.0505,29.5184,-798.3090,0.429728
-576.0157,29.5527,-799.2726,0.429974
-575.9769,29.5865,-800.2351,0.430216
-575.9335,29.6199,-801.2031,0.430466
-575.8857,29.6528,-802.1733,0.430715
-575.8334,29.6857,-803.1467,0.430970
-575.7758,29.7187,-804.1186,0.431210
-575.7120,29.7518,-805.0888,0.431461
-575.6419,29.7847,-806.0628,0.431705
-575.5659,29.8174,-807.0406,0.431966
-575.4845,29.8498,-808.0170,0.432210
-575.4005,29.8828,-808.9999,0.432466
-575.3130,29.9168,-809.9849,0.432718
-575.2214,29.9519,-810.9725,0.432970
-575.1263,29.9877,-811.9559,0.433218
-575.0270,30.0243,-812.9468,0.433470
-574.9238,30.0613,-813.9368,0.433727
-574.8171,30.0979,-814.9234,0.433981
-574.7051,30.1342,-815.9192,0.434236
-574.5898,30.1696,-816.9179,0.434498
-574.4716,30.2038,-817.9090,0.434751
-574.3483,30.2374,-818.9142,0.435014
-574.2219,30.2698,-819.9174,0.435270
-574.0914,30.3016,-820.9160,0.435532
-573.9535,30.3328,-821.9229,0.435781
-573.8085,30.3624,-822.9301,0.436046
-573.6567,30.3905,-823.9354,0.436304
-573.4986,30.4181,-824.9479,0.436567
-573.3358,30.4460,-825.9647,0.436826
-573.1701,30.4739,-826.9771,0.437087
-572.9985,30.5020,-828.0016,0.437344
-572.8233,30.5292,-829.0206,0.437611
-572.6442,30.5558,-830.0423,0.437869
-572.4597,30.5816,-831.0754,0.438146
-572.2726,30.6074,-832.1038,0.438414
-572.0833,30.6340,-833.1348,0.438677
-571.8903,30.6609,-834.1699,0.438942
-571.6931,30.6875,-835.2112,0.439213
-571.4927,30.7131,-836.2478,0.439480
-571.2874,30.7377,-837.2927,0.439753
-571.0779,30.7614,-838.3408,0.440028
-570.8668,30.7850,-839.3836,0.440302
-570.6505,30.8105,-840.4387,0.440575
-570.4326,30.8367,-841.4873,0.440845
-570.2098,30.8637,-842.5443,0.441123
-569.9825,30.8904,-843.6068,0.441402
-569.7532,30.9162,-844.6653,0.441684
-569.5193,30.9415,-845.7302,0.441958
-569.2822,30.9663,-846.7969,0.442243
-569.0410,30.9911,-847.8683,0.442516
-568.7979,31.0156,-848.9375,0.442801
-568.5500,31.0395,-850.0135,0.443077
-568.2993,31.0630,-851.0903,0.443359
-568.0451,31.0868,-852.1660,0.443642
-567.7845,31.1117,-853.2531,0.443926
-567.5216,31.1369,-854.3336,0.444216
-567.2537,31.1624,-855.4216,0.444496
-566.9822,31.1874,-856.5111,0.444788
-566.7083,31.2112,-857.6017,0.445081
-566.4308,31.2339,-858.6973,0.445360
-566.1516,31.2563,-859.7935,0.445648
-565.8683,31.2791,-860.8966,0.445945
-565.5839,31.3022,-861.9965,0.446234
-565.2955,31.3256,-863.1040,0.446526
-565.0048,31.3495,-864.2122,0.446822
-564.7115,31.3737,-865.3231,0.447112
-564.4158,31.3975,-866.4378,0.447406
-564.1183,31.4208,-867.5549,0.447694
-563.8185,31.4439,-868.6780,0.447988
-563.5178,31.4668,-869.8020,0.448289
-563.2153,31.4897,-870.9301,0.448586
-562.9128,31.5123,-872.0568,0.448874
-562.6078,31.5349,-873.1898,0.449169
-562.3013,31.5584,-874.3263,0.449469
-561.9930,31.5826,-875.4667,0.449777
-561.6830,31.6059,-876.6088,0.450072
-561.3707,31.6282,-877.7543,0.450375
-561.0573,31.6491,-878.8992,0.450682
-560.7411,31.6703,-880.0479,0.450986
-560.4219,31.6920,-881.2029,0.451281
-560.1005,31.7142,-882.3598,0.451592
-559.7780,31.7365,-883.5163,0.451890
-559.4529,31.7586,-884.6760,0.452204
-559.1249,31.7804,-885.8408,0.452502
-558.7947,31.8019,-887.0071,0.452806
-558.4600,31.8236,-888.1847,0.453116
-558.1275,31.8450,-889.3530,0.453415
-557.7932,31.8664,-890.5242,0.453728
-557.4555,31.8885,-891.7032,0.454044
-557.1157,31.9109,-892.8867,0.454348
-556.7758,31.9329,-894.0677,0.454660
-556.4321,31.9558,-895.2575,0.454976
-556.0881,31.9793,-896.4465,0.455285
-555.7425,32.0028,-897.6385,0.455599
-555.3960,32.0253,-898.8324,0.455909
-555.0471,32.0469,-900.0329,0.456225
-554.6995,32.0677,-901.2281,0.456535
-554.3480,32.0893,-902.4362,0.456854
-553.9967,32.1110,-903.6428,0.457166
-553.6449,32.1333,-904.8505,0.457481
-553.2903,32.1557,-906.0661,0.457793
-552.9374,32.1770,-907.2757,0.458110
-552.5814,32.1981,-908.4958,0.458431
-552.2240,32.2191,-909.7206,0.458749
-551.8662,32.2406,-910.9456,0.459074
-551.5098,32.2612,-912.1663,0.459387
-551.1523,32.2813,-913.3901,0.459708
-550.7916,32.3016,-914.6239,0.460035
-550.4323,32.3224,-915.8530,0.460350
-550.0706,32.3446,-917.0884,0.460671
-549.7086,32.3678,-918.3257,0.460994
-549.3435,32.3917,-919.5717,0.461321
-548.9786,32.4149,-920.8159,0.461646
-548.6108,32.4378,-922.0699,0.461969
-548.2477,32.4592,-923.3071,0.462289
-547.8787,32.4821,-924.5644,0.462618
-547.5119,32.5052,-925.8140,0.462943
-547.1412,32.5292,-927.0763,0.463271
-546.7703,32.5536,-928.3390,0.463600
-546.3983,32.5778,-929.6040,0.463932
-546.0266,32.6017,-930.8680,0.464260
-545.6525,32.6249,-932.1389,0.464587
-545.2772,32.6479,-933.4141,0.464916
-544.9022,32.6709,-934.6865,0.465251
-544.5262,32.6943,-935.9624,0.465586
-544.1490,32.7177,-937.2413,0.465914
-543.7707,32.7402,-938.5244,0.466246
-543.3909,32.7628,-939.8120,0.466576
-543.0121,32.7853,-941.0945,0.466908
-542.6299,32.8073,-942.3889,0.467248
-542.2496,32.8287,-943.6760,0.467582
-541.8676,32.8505,-944.9680,0.467921
-541.4872,32.8722,-946.2535,0.468252
-541.1059,32.8938,-947.5413,0.468586
-540.7237,32.9152,-948.8304,0.468919
-540.3435,32.9367,-950.1122,0.469257
-539.9634,32.9586,-951.3930,0.469586
-539.5845,32.9809,-952.6700,0.469918
-539.2055,33.0038,-953.9471,0.470253
-538.8267,33.0279,-955.2225,0.470581
-538.4510,33.0538,-956.4866,0.470905
-538.0729,33.0809,-957.7590,0.471238
-537.6970,33.1070,-959.0228,0.471568
-537.3202,33.1316,-960.2880,0.471895
-536.9456,33.1553,-961.5439,0.472223
-536.5693,33.1786,-962.8032,0.472551
-536.1927,33.2026,-964.0621,0.472879
-535.8175,33.2270,-965.3146,0.473204
-535.4424,33.2520,-966.5658,0.473522
-535.0683,33.2777,-967.8130,0.473849
-534.6950,33.3030,-969.0562,0.474173
-534.3221,33.3263,-970.2979,0.474500
-533.9486,33.3475,-971.5406,0.474826
-533.5759,33.3690,-972.7795,0.475142
-533.2043,33.3923,-974.0148,0.475466
-532.8334,33.4161,-975.2473,0.475786
-532.4621,33.4407,-976.4800,0.476105
-532.0914,33.4665,-977.7114,0.476429
-531.7223,33.4929,-978.9365,0.476748
-531.3533,33.5206,-980.1606,0.477058
-530.9858,33.5484,-981.3801,0.477375
-530.6172,33.5750,-982.6030,0.477704
-530.2508,33.6001,-983.8184,0.478020
-529.8853,33.6252,-985.0317,0.478335
-529.5200,33.6509,-986.2441,0.478646
-529.1544,33.6780,-987.4589,0.478962
-528.7906,33.7076,-988.6664,0.479275
-528.4294,33.7371,-989.8663,0.479585
-528.0657,33.7669,-991.0741,0.479900
-527.7036,33.7958,-992.2766,0.480209
-527.3427,33.8236,-993.4751,0.480525
-526.9824,33.8512,-994.6719,0.480837
-526.6231,33.8792,-995.8652,0.481147
-526.2627,33.9080,-997.0629,0.481456
-525.9056,33.9377,-998.2494,0.481766
-525.5473,33.9675,-999.4421,0.482072
-525.1888,33.9977,-1000.6353,0.482384
-524.8376,34.0278,-1001.8056,0.482692
-524.4825,34.0585,-1002.9896,0.483003
-524.1292,34.0891,-1004.1678,0.483300
-523.7761,34.1190,-1005.3448,0.483605
-523.4243,34.1479,-1006.5187,0.483913
-523.0720,34.1764,-1007.6960,0.484222
-522.7218,34.2048,-1008.8680,0.484523
-522.3735,34.2335,-1010.0352,0.484826
-522.0245,34.2618,-1011.2061,0.485132
-521.6782,34.2899,-1012.3694,0.485434
-521.3315,34.3189,-1013.5346,0.485733
-520.9860,34.3484,-1014.6973,0.486035
-520.6415,34.3774,-1015.8574,0.486338
-520.2983,34.4056,-1017.0148,0.486635
-519.9550,34.4336,-1018.1741,0.486940
-519.6140,34.4620,-1019.3279,0.487236
-519.2733,34.4913,-1020.4839,0.487535
-518.9344,34.5205,-1021.6370,0.487838
-518.5977,34.5508,-1022.7861,0.488133
-518.2617,34.5818,-1023.9354,0.488432
-517.9272,34.6124,-1025.0840,0.488725
-517.5950,34.6419,-1026.2294,0.489024
-517.2648,34.6701,-1027.3716,0.489321
-516.9330,34.6979,-1028.5192,0.489619
-516.6033,34.7261,-1029.6620,0.489909
-516.2743,34.7548,-1030.8042,0.490207
-515.9481,34.7841,-1031.9385,0.490500
-515.6204,34.8144,-1033.0803,0.490798
-515.2990,34.8447,-1034.2034,0.491082
-514.9732,34.8758,-1035.3428,0.491381
-514.6503,34.9064,-1036.4725,0.491670
-514.3128,34.9383,-1037.6531,0.491975
-514.0060,34.9671,-1038.7271,0.492253
-513.6844,34.9969,-1039.8531,0.492543
-513.3629,35.0264,-1040.9790,0.492838
-513.0338,35.0573,-1042.1307,0.493131
-512.7222,35.0880,-1043.2205,0.493416
-512.4015,35.1208,-1044.3403,0.493706
-512.0808,35.1540,-1045.4594,0.493994
-511.7599,35.1866,-1046.5784,0.494284
-511.4411,35.2179,-1047.6895,0.494572
-511.1212,35.2489,-1048.8033,0.494858
-510.8020,35.2802,-1049.9154,0.495145
-510.4822,35.3115,-1051.0282,0.495434
-510.1643,35.3430,-1052.1350,0.495719
-509.8471,35.3743,-1053.2393,0.496004
-509.5289,35.4058,-1054.3468,0.496294
-509.2108,35.4364,-1055.4526,0.496578
-508.8928,35.4665,-1056.5568,0.496864
-508.5751,35.4966,-1057.6586,0.497151
-508.2565,35.5270,-1058.7621,0.497434
-507.9394,35.5570,-1059.8585,0.497719
-507.6209,35.5869,-1060.9580,0.498003
-507.3032,35.6165,-1062.0542,0.498287
-506.9862,35.6461,-1063.1479,0.498569
-506.6680,35.6764,-1064.2455,0.498854
-506.3515,35.7076,-1065.3375,0.499136
-506.0350,35.7388,-1066.4301,0.499417
-505.7180,35.7695,-1067.5249,0.499704
-505.4013,35.7993,-1068.6185,0.499988
-505.0844,35.8287,-1069.7134,0.500268
-504.7722,35.8572,-1070.7925,0.500551
-504.4574,35.8862,-1071.8809,0.500831
-504.1440,35.9157,-1072.9658,0.501112
-503.8304,35.9464,-1074.0504,0.501392
-503.5165,35.9774,-1075.1367,0.501674
-503.2035,36.0093,-1076.2194,0.501953
-502.8920,36.0415,-1077.2982,0.502235
-502.5792,36.0746,-1078.3816,0.502516
-502.2594,36.0760,-1079.4564,0.502795
-501.9470,36.1032,-1080.5339,0.503074
-501.6337,36.1772,-1081.5991,0.503350
-501.3192,36.2109,-1082.6774,0.503631
-501.0079,36.2447,-1083.7473,0.503907
-500.6957,36.2783,-1084.8228,0.504186
-500.3878,36.3136,-1085.8870,0.504459
-500.0775,36.3495,-1086.9589,0.504737
-499.7695,36.3843,-1088.0322,0.505017
-499.4643,36.4183,-1089.0951,0.505293
-499.1596,36.4522,-1090.1626,0.505568
-498.8589,36.4859,-1091.2280,0.505843
-498.5535,36.5346,-1092.2926,0.506118
-498.2692,36.5551,-1093.3763,0.506391
-497.9771,36.5959,-1094.4401,0.506665
-497.6843,36.6378,-1095.5033,0.506943
-497.3931,36.6795,-1096.5612,0.507216
-497.1009,36.7214,-1097.6239,0.507487
-496.8019,36.7599,-1098.6622,0.507760
-496.5125,36.7978,-1099.7202,0.508033
-496.2243,36.8355,-1100.7762,0.508305
-495.9373,36.8732,-1101.8298,0.508580
-495.6511,36.9107,-1102.8827,0.508848
-495.3658,36.9482,-1103.9333,0.509120
-495.0906,36.9658,-1105.0011,0.509393
-494.8062,37.0072,-1106.0519,0.509664
-494.5219,37.0531,-1107.1012,0.509934
-494.2389,37.0937,-1108.1449,0.510202
-493.9557,37.1345,-1109.1932,0.510474
-493.6653,37.1731,-1110.2213,0.510744
-493.3859,37.2105,-1111.2620,0.511012
-493.1049,37.2483,-1112.3073,0.511284
-492.8248,37.2859,-1113.3481,0.511550
-492.5452,37.3233,-1114.3875,0.511817
-492.2652,37.3607,-1115.4274,0.512085
-491.9935,37.3716,-1116.4875,0.512354
-491.7154,37.4114,-1117.5198,0.512622
-491.4365,37.4512,-1118.5571,0.512889
-491.1590,37.4909,-1119.5920,0.513152
-490.8827,37.5305,-1120.6241,0.513421
-490.6066,37.5697,-1121.6578,0.513690
-490.3316,37.6087,-1122.6886,0.513954
-490.0567,37.6477,-1123.7207,0.514220
-489.7838,37.6914,-1124.7483,0.514486
-489.5008,37.7278,-1125.7623,0.514751
-489.2275,37.7640,-1126.7905,0.515015
-488.9552,37.8001,-1127.8137,0.515282
-488.6820,37.8363,-1128.8397,0.515545
-488.4102,37.8724,-1129.8597,0.515808
-488.1363,37.9091,-1130.8844,0.516069
-487.8638,37.9455,-1131.9019,0.516331
-487.5999,37.9548,-1132.9398,0.516595
-487.3292,37.9942,-1133.9503,0.516857
-487.0572,38.0333,-1134.9646,0.517117
-486.7859,38.0722,-1135.9757,0.517377
-486.5158,38.1105,-1136.9812,0.517639
-486.2451,38.1484,-1137.9882,0.517898
-485.9749,38.1867,-1138.9934,0.518155
-485.7055,38.2252,-1139.9951,0.518416
-485.4371,38.2642,-1140.9918,0.518676
-485.1685,38.3081,-1141.9906,0.518931
-484.9028,38.3472,-1142.9788,0.519187
-484.6366,38.3864,-1143.9653,0.519438
-484.3716,38.4257,-1144.9456,0.519693
-484.1083,38.4648,-1145.9172,0.519942
-483.8446,38.5042,-1146.8856,0.520192
-483.5838,38.5430,-1147.8357,0.520438
-483.3229,38.5822,-1148.7795,0.520683
-483.0625,38.6255,-1149.7173,0.520924
-482.8065,38.6637,-1150.6357,0.521161
-482.5524,38.7011,-1151.5443,0.521396
-482.2986,38.7381,-1152.4476,0.521627
-482.0487,38.7743,-1153.3346,0.521856
-481.8013,38.8096,-1154.2134,0.522086
-481.5463,38.8751,-1155.0690,0.522310
-481.3025,38.9149,-1155.9338,0.522534
-481.0605,38.9556,-1156.7922,0.522753
-480.8203,38.9955,-1157.6493,0.522974
-480.5840,39.0361,-1158.4957,0.523192
-480.3594,39.0712,-1159.3547,0.523406
-480.1270,39.1046,-1160.1963,0.523622
-479.8999,39.1367,-1161.0214,0.523835
-479.6875,39.1916,-1161.8121,0.524048
-479.4487,39.2332,-1162.6272,0.524249
-479.2374,39.2705,-1163.4175,0.524456
-479.0296,39.3081,-1164.2001,0.524651
-478.8358,39.3356,-1164.9847,0.524846
-478.6384,39.3596,-1165.7404,0.525040
-478.4371,39.4121,-1166.4683,0.525222
-478.2473,39.4446,-1167.2119,0.525417
-478.0710,39.4742,-1167.9630,0.525600
-477.8878,39.4930,-1168.6923,0.525783
-477.6985,39.5371,-1169.3998,0.525964
-477.5209,39.5666,-1170.1195,0.526152
-477.3443,39.5961,-1170.8361,0.526331
-477.1797,39.6146,-1171.5592,0.526506
-476.9988,39.6527,-1172.2417,0.526686
-476.8275,39.6810,-1172.9395,0.526857
-476.6671,39.7092,-1173.6484,0.527030
-476.4897,39.7369,-1174.3162,0.527202
-476.3231,39.7644,-1174.9960,0.527374
-476.1572,39.7923,-1175.6715,0.527533
-476.0024,39.8159,-1176.3580,0.527707
-475.8299,39.8479,-1177.0066,0.527869
-475.6678,39.8755,-1177.6675,0.528030
-475.5178,39.9023,-1178.3375,0.528195
-475.3492,39.9296,-1178.9760,0.528351
-475.2084,39.9601,-1179.6251,0.528509
-475.0600,39.9878,-1180.2676,0.528669
-474.9191,40.0148,-1180.9091,0.528816
-474.7838,40.0410,-1181.5435,0.528971
-474.6535,40.0665,-1182.1732,0.529117
-474.5293,40.0910,-1182.7976,0.529264
-474.4131,40.1146,-1183.4126,0.529407
-474.3026,40.1375,-1184.0242,0.529553
-474.1970,40.1601,-1184.6321,0.529694
-474.0964,40.1827,-1185.2347,0.529831
-474.0011,40.2056,-1185.8356,0.529972
-473.9092,40.2286,-1186.4341,0.530109
-473.8220,40.2518,-1187.0278,0.530241
-473.7385,40.2744,-1187.6190,0.530373
-473.6583,40.2973,-1188.2124,0.530504
-473.5883,40.3192,-1188.8021,0.530638
-473.5305,40.3401,-1189.3915,0.530767
-473.4831,40.3601,-1189.9827,0.530898
-473.4475,40.3786,-1190.5724,0.531029
-473.4210,40.3959,-1191.1562,0.531154
-473.4037,40.4104,-1191.7418,0.531281
-473.3965,40.4207,-1192.3208,0.531406
-473.3984,40.4270,-1192.8994,0.531526
-473.4101,40.4311,-1193.4774,0.531649
-473.4326,40.4342,-1194.0513,0.531767
-473.4667,40.4374,-1194.6260,0.531883
-473.5147,40.4403,-1195.1997,0.532001
-473.5704,40.4439,-1195.7666,0.532124
-473.6353,40.4478,-1196.3300,0.532244
-473.7092,40.4518,-1196.8932,0.532358
-473.7922,40.4561,-1197.4471,0.532471
-473.8855,40.4608,-1197.9998,0.532589
-473.9901,40.4657,-1198.5520,0.532702
-474.1056,40.4711,-1199.0962,0.532811
-474.2328,40.4769,-1199.6400,0.532914
-474.3730,40.4829,-1200.1810,0.533023
-474.5192,40.4893,-1200.7146,0.533127
-474.6752,40.4958,-1201.2430,0.533231
-474.8425,40.5021,-1201.7673,0.533333
-475.0210,40.5082,-1202.2894,0.533430
-475.2085,40.5138,-1202.8026,0.533535
-475.4066,40.5191,-1203.3135,0.533636
-475.6130,40.5243,-1203.8156,0.533732
-475.8324,40.5291,-1204.3136,0.533829
-476.0585,40.5335,-1204.8073,0.533928
-476.2945,40.5376,-1205.2969,0.534039
-476.5382,40.5411,-1205.7784,0.534132
-476.7906,40.5440,-1206.2543,0.534235
-477.0541,40.5464,-1206.7292,0.534336
-477.3258,40.5484,-1207.1967,0.534440
-477.6073,40.5498,-1207.6600,0.534546
-477.9017,40.5506,-1208.1193,0.534648
-478.2015,40.5513,-1208.5719,0.534752
-478.5113,40.5520,-1209.0208,0.534860
-478.8298,40.5528,-1209.4629,0.534960
-479.1570,40.5541,-1209.8990,0.535056
-479.4904,40.5557,-1210.3284,0.535151
-479.8303,40.5576,-1210.7552,0.535262
-480.1765,40.5598,-1211.1771,0.535359
-480.5357,40.5618,-1211.5948,0.535464
-480.9021,40.5635,-1212.0055,0.535564
-481.2778,40.5651,-1212.4086,0.535660
-481.6632,40.5664,-1212.8058,0.535765
-482.0572,40.5674,-1213.1954,0.535861
-482.4609,40.5682,-1213.5784,0.535963
-482.8727,40.5682,-1213.9524,0.536067
-483.3073,40.5680,-1214.3276,0.536176
-483.7230,40.5672,-1214.6771,0.536275
-484.1630,40.5655,-1215.0255,0.536387
-484.6062,40.5635,-1215.3660,0.536486
-485.0543,40.5614,-1215.6975,0.536598
-485.5043,40.5592,-1216.0245,0.536698
-485.9568,40.5569,-1216.3473,0.536800
-486.4154,40.5542,-1216.6637,0.536913
-486.8822,40.5514,-1216.9708,0.537013
-487.3591,40.5482,-1217.2686,0.537121
-487.8474,40.5451,-1217.5551,0.537226
-488.3368,40.5422,-1217.8313,0.537332
-488.8361,40.5398,-1218.1006,0.537444
-489.3400,40.5380,-1218.3580,0.537547
-489.8524,40.5368,-1218.6057,0.537642
-490.3714,40.5359,-1218.8413,0.537751
-490.8984,40.5352,-1219.0668,0.537862
-491.4329,40.5348,-1219.2778,0.537965
-491.9659,40.5344,-1219.4780,0.538079
-492.5055,40.5340,-1219.6670,0.538186
-493.0474,40.5342,-1219.8440,0.538284
-493.5935,40.5346,-1220.0137,0.538390
-494.1377,40.5358,-1220.1753,0.538497
-494.6926,40.5377,-1220.3298,0.538598
-495.2487,40.5402,-1220.4723,0.538706
-495.8074,40.5431,-1220.6019,0.538809
-496.3758,40.5466,-1220.7189,0.538926
-496.9449,40.5503,-1220.8268,0.539039
-497.5153,40.5542,-1220.9231,0.539145
-498.0919,40.5587,-1221.0083,0.539251
-498.6708,40.5636,-1221.0822,0.539375
-499.2489,40.5685,-1221.1438,0.539482
-499.8300,40.5733,-1221.1940,0.539587
-500.4088,40.5775,-1221.2319,0.539710
-500.9914,40.5815,-1221.2543,0.539824
-501.5714,40.5850,-1221.2667,0.539936
-502.1496,40.5886,-1221.2660,0.540046
-502.7284,40.5928,-1221.2520,0.540161
-503.3043,40.5973,-1221.2250,0.540269
-503.8810,40.6018,-1221.1857,0.540382
-504.4597,40.6065,-1221.1344,0.540501
-505.0347,40.6109,-1221.0708,0.540614
-505.6136,40.6153,-1220.9915,0.540724
-506.1854,40.6191,-1220.9050,0.540835
-506.7563,40.6233,-1220.8134,0.540966
-507.3300,40.6276,-1220.7140,0.541081
-507.9068,40.6321,-1220.6011,0.541194
-508.4774,40.6362,-1220.4751,0.541320
-509.0527,40.6397,-1220.3344,0.541446
-509.6247,40.6425,-1220.1815,0.541554
-510.1957,40.6445,-1220.0159,0.541680
-510.7643,40.6453,-1219.8351,0.541796
-511.3288,40.6456,-1219.6514,0.541920
-511.8947,40.6457,-1219.4659,0.542038
-512.4617,40.6458,-1219.2753,0.542164
-513.0250,40.6460,-1219.0752,0.542285
-513.5916,40.6459,-1218.8621,0.542416
-514.1500,40.6458,-1218.6421,0.542546
-514.7129,40.6456,-1218.4200,0.542671
-515.2753,40.6453,-1218.2013,0.542805
-515.8427,40.6450,-1217.9813,0.542942
-516.4116,40.6444,-1217.7539,0.543071
-516.9767,40.6438,-1217.5167,0.543208
-517.5449,40.6424,-1217.2657,0.543349
-518.1077,40.6407,-1217.0056,0.543483
-518.6801,40.6394,-1216.7495,0.543619
-519.2458,40.6435,-1216.4814,0.543758
-519.8159,40.6464,-1216.1907,0.543908
-520.3800,40.6509,-1215.9288,0.544056
-520.9451,40.6538,-1215.6405,0.544196
-521.5150,40.6363,-1215.3245,0.544348
-522.0726,40.6584,-1215.0433,0.544495
-522.6422,40.6462,-1214.7238,0.544645
-523.2094,40.6256,-1214.4188,0.544797
-523.7748,40.6567,-1214.1122,0.544945
-524.3420,40.6369,-1213.8004,0.545099
-524.8965,40.6358,-1213.4875,0.545254
-525.4801,40.6516,-1213.1622,0.545406
-526.0488,40.6322,-1212.8369,0.545566
-526.6055,40.6003,-1212.5161,0.545722
-527.1782,40.5991,-1212.1857,0.545882
-527.7507,40.5981,-1211.8542,0.546036
-528.3214,40.5971,-1211.5177,0.546193
-528.8929,40.5963,-1211.1747,0.546357
-529.4880,40.6092,-1210.8657,0.546526
-530.0614,40.6156,-1210.5240,0.546674
-530.6411,40.6225,-1210.1840,0.546839
-531.2232,40.6301,-1209.8458,0.547001
-531.8070,40.6377,-1209.5057,0.547163
-532.3935,40.6454,-1209.1646,0.547332
-532.9846,40.6531,-1208.8207,0.547499
-533.5771,40.6614,-1208.4758,0.547666
-534.1772,40.6755,-1208.1370,0.547835
-534.7735,40.6851,-1207.7913,0.548004
-535.3734,40.6942,-1207.4407,0.548173
-535.9760,40.7027,-1207.0848,0.548345
-536.5659,40.7021,-1206.7095,0.548520
-537.1687,40.7074,-1206.3452,0.548689
-537.7739,40.7134,-1205.9741,0.548864
-538.3771,40.7190,-1205.5994,0.549038
-538.9802,40.7242,-1205.2197,0.549211
-539.5852,40.7292,-1204.8359,0.549389
-540.1901,40.7335,-1204.4482,0.549564
-540.7939,40.7375,-1204.0573,0.549738
-541.3995,40.7416,-1203.6617,0.549919
-542.0048,40.7466,-1203.2653,0.550099
-542.6144,40.7518,-1202.8665,0.550276
-543.2207,40.7570,-1202.4705,0.550463
-543.8435,40.7684,-1202.0906,0.550635
-544.4573,40.7727,-1201.6919,0.550821
-545.0742,40.7771,-1201.2916,0.551002
-545.6938,40.7817,-1200.8907,0.551183
-546.3154,40.7864,-1200.4889,0.551367
-546.9402,40.7911,-1200.0850,0.551551
-547.5682,40.7960,-1199.6798,0.551738
-548.1911,40.7896,-1199.2661,0.551925
-548.8245,40.7961,-1198.8573,0.552112
-549.4590,40.8029,-1198.4501,0.552299
-550.0977,40.8114,-1198.0411,0.552489
-550.7354,40.8195,-1197.6311,0.552675
-551.3788,40.8273,-1197.2169,0.552866
-552.0209,40.8349,-1196.8046,0.553054
-552.6701,40.8423,-1196.3882,0.553248
-553.3171,40.8495,-1195.9727,0.553441
-553.9489,40.8467,-1195.5173,0.553634
-554.6016,40.8598,-1195.0979,0.553829
-555.2582,40.8730,-1194.6755,0.554023
-555.9156,40.8863,-1194.2513,0.554219
-556.5768,40.8999,-1193.8243,0.554412
-557.2380,40.9129,-1193.3979,0.554610
-557.9023,40.9252,-1192.9698,0.554807
-558.5701,40.9379,-1192.5383,0.555002
-559.2371,40.9511,-1192.1084,0.555205
-559.9080,40.9646,-1191.6765,0.555405
-560.5851,40.9786,-1191.2423,0.555607
-561.2611,40.9943,-1190.8101,0.555804
-561.9412,41.0102,-1190.3767,0.556006
-562.6264,41.0262,-1189.9429,0.556211
-563.3138,41.0422,-1189.5101,0.556412
-564.0028,41.0580,-1189.0784,0.556618
-564.6992,41.0739,-1188.6432,0.556823
-565.3973,41.0892,-1188.2070,0.557029
-566.0911,41.1041,-1187.7739,0.557233
-566.7960,41.1188,-1187.3350,0.557438
-567.4992,41.1331,-1186.8983,0.557645
-568.2050,41.1466,-1186.4614,0.557854
-568.9157,41.1598,-1186.0227,0.558060
-569.6296,41.1729,-1185.5834,0.558273
-570.3447,41.1860,-1185.1436,0.558481
-571.0640,41.1992,-1184.7010,0.558692
-571.7841,41.2118,-1184.2581,0.558900
-572.5054,41.2245,-1183.8146,0.559113
-573.2328,41.2378,-1183.3676,0.559326
-573.9597,41.2514,-1182.9208,0.559542
-574.6884,41.2655,-1182.4729,0.559754
-575.4243,41.2796,-1182.0204,0.559969
-576.1557,41.2939,-1181.5704,0.560181
-576.8903,41.3086,-1181.1187,0.560397
-577.6307,41.3235,-1180.6632,0.560617
-578.3708,41.3386,-1180.2081,0.560833
-579.1130,41.3537,-1179.7516,0.561055
-579.8602,41.3718,-1179.2913,0.561271
-580.6045,41.3863,-1178.8340,0.561488
-581.3511,41.4009,-1178.3756,0.561708
-582.1040,41.4150,-1177.9141,0.561930
-582.8575,41.4288,-1177.4536,0.562148
-583.6158,41.4419,-1176.9913,0.562371
-584.3751,41.4550,-1176.5293,0.562592
-585.1354,41.4680,-1176.0676,0.562818
-585.8967,41.4810,-1175.6075,0.563038
-586.6641,41.4935,-1175.1465,0.563263
-587.4355,41.5061,-1174.6860,0.563487
-588.2073,41.5184,-1174.2280,0.563713
-588.9845,41.5303,-1173.7697,0.563934
-589.7629,41.5417,-1173.3132,0.564164
-590.5441,41.5531,-1172.8573,0.564388
-591.3278,41.5640,-1172.4030,0.564616
-592.1147,41.5751,-1171.9501,0.564845
-592.9019,41.5862,-1171.5004,0.565070
-593.6946,41.5977,-1171.0502,0.565298
-594.4891,41.6094,-1170.5996,0.565526
-595.2831,41.6212,-1170.1486,0.565751
-596.0836,41.6332,-1169.6940,0.565982
-596.8802,41.6450,-1169.2415,0.566209
-597.6807,41.6570,-1168.7874,0.566443
-598.4828,41.6682,-1168.3333,0.566672
-599.2900,41.6781,-1167.8773,0.566907
-600.0950,41.6869,-1167.4240,0.567137
-600.9017,41.6950,-1166.9697,0.567367
-601.7134,41.7027,-1166.5126,0.567597
-602.5238,41.7099,-1166.0559,0.567829
-603.3431,41.7173,-1165.5940,0.568067
-604.1553,41.7249,-1165.1356,0.568296
-604.9703,41.7326,-1164.6746,0.568530
-605.7894,41.7407,-1164.2100,0.568767
-606.6073,41.7494,-1163.7454,0.569001
-607.4287,41.7581,-1163.2780,0.569236
-608.2488,41.7667,-1162.8109,0.569471
-609.0760,41.7744,-1162.3401,0.569711
-609.8961,41.7814,-1161.8730,0.569943
-610.7220,41.7882,-1161.4026,0.570181
-611.5529,41.7949,-1160.9293,0.570421
-612.3781,41.8022,-1160.4590,0.570656
-613.2107,41.8100,-1159.9844,0.570896
-614.0433,41.8183,-1159.5101,0.571136
-614.8755,41.8263,-1159.0367,0.571375
-615.7097,41.8341,-1158.5631,0.571611
-616.5494,41.8412,-1158.0870,0.571851
-617.3870,41.8473,-1157.6125,0.572094
-618.2256,41.8521,-1157.1383,0.572334
-619.0734,41.8563,-1156.6597,0.572575
-619.9135,41.8602,-1156.1863,0.572816
-620.7615,41.8642,-1155.7090,0.573062
-621.6138,41.8682,-1155.2295,0.573303
-622.4595,41.8720,-1154.7538,0.573546
-623.3107,41.8759,-1154.2750,0.573790
-624.1655,41.8795,-1153.7943,0.574037
-625.0186,41.8838,-1153.3149,0.574279
-625.8754,41.8890,-1152.8336,0.574525
-626.7357,41.8953,-1152.3502,0.574772
-627.5925,41.9012,-1151.8685,0.575018
-628.4557,41.9073,-1151.3835,0.575262
-629.3174,41.9125,-1150.8992,0.575509
-630.1803,41.9178,-1150.4148,0.575756
-631.0479,41.9236,-1149.9280,0.576006
-631.9141,41.9294,-1149.4423,0.576255
-632.7828,41.9344,-1148.9554,0.576503
-633.6502,41.9374,-1148.4691,0.576748
-634.5223,41.9398,-1147.9805,0.576999
-635.3925,41.9416,-1147.4932,0.577248
-636.2659,41.9430,-1147.0042,0.577498
-637.1401,41.9439,-1146.5148,0.577750
-638.0146,41.9448,-1146.0253,0.577999
-638.8901,41.9455,-1145.5353,0.578250
-639.7665,41.9466,-1145.0447,0.578498
-640.6424,41.9484,-1144.5546,0.578748
-641.5200,41.9500,-1144.0630,0.579002
-642.4035,41.9512,-1143.5682,0.579251
-643.2801,41.9516,-1143.0770,0.579503
-644.1611,41.9519,-1142.5836,0.579754
-645.0450,41.9524,-1142.0885,0.580006
-645.9262,41.9535,-1141.5951,0.580260
-646.8098,41.9543,-1141.1006,0.580513
-647.6961,41.9548,-1140.6042,0.580764
-648.5807,41.9544,-1140.1086,0.581016
-649.4662,41.9535,-1139.6117,0.581272
-650.3545,41.9525,-1139.1121,0.581525
-651.2432,41.9525,-1138.6104,0.581779
-652.1322,41.9537,-1138.1067,0.582034
-653.0184,41.9554,-1137.6030,0.582288
-653.9057,41.9572,-1137.0973,0.582541
-654.7922,41.9581,-1136.5901,0.582796
-655.6801,41.9578,-1136.0807,0.583050
-656.5640,41.9567,-1135.5720,0.583306
-657.4492,41.9558,-1135.0615,0.583559
-658.3353,41.9549,-1134.5504,0.583811
-659.2186,41.9544,-1134.0408,0.584066
-660.1033,41.9522,-1133.5300,0.584324
-660.9886,41.9488,-1133.0195,0.584577
-661.8737,41.9443,-1132.5106,0.584831
-662.7579,41.9400,-1132.0045,0.585087
-663.6475,41.9361,-1131.4971,0.585343
-664.5344,41.9333,-1130.9934,0.585599
-665.4256,41.9311,-1130.4893,0.585853
-666.3140,41.9291,-1129.9891,0.586108
-667.2031,41.9264,-1129.4894,0.586362
-668.0953,41.9233,-1128.9888,0.586617
-668.9863,41.9173,-1128.4907,0.586872
-669.8761,41.9099,-1127.9952,0.587125
-670.7725,41.9025,-1127.4985,0.587382
-671.6666,41.8947,-1127.0059,0.587637
-672.5643,41.8865,-1126.5135,0.587894
-673.4605,41.8785,-1126.0236,0.588148
-674.3593,41.8710,-1125.5327,0.588405
-675.2595,41.8639,-1125.0409,0.588660
-676.1566,41.8570,-1124.5510,0.588914
-677.0598,41.8497,-1124.0579,0.589171
-677.9548,41.8419,-1123.5688,0.589425
-678.8578,41.8335,-1123.0758,0.589681
-679.7582,41.8249,-1122.5841,0.589937
-680.6544,41.8159,-1122.0948,0.590191
-681.5557,41.8070,-1121.6027,0.590448
-682.4556,41.7979,-1121.1110,0.590702
-683.3595,41.7886,-1120.6171,0.590960
-684.2562,41.7795,-1120.1266,0.591214
-685.1567,41.7707,-1119.6329,0.591469
-686.0554,41.7625,-1119.1385,0.591725
-686.9568,41.7546,-1118.6404,0.591983
-687.8508,41.7463,-1118.1434,0.592234
-688.7466,41.7373,-1117.6426,0.592490
-689.6426,41.7278,-1117.1400,0.592744
-690.5349,41.7178,-1116.6366,0.593000
-691.4252,41.7074,-1116.1302,0.593256
-692.3183,41.6966,-1115.6187,0.593509
-693.2067,41.6855,-1115.1058,0.593761
-694.0928,41.6746,-1114.5900,0.594015
-694.9764,41.6644,-1114.0706,0.594270
-695.8584,41.6553,-1113.5455,0.594526
-696.7365,41.6467,-1113.0179,0.594776
-697.6157,41.6382,-1112.4847,0.595032
-698.4888,41.6293,-1111.9521,0.595283
-699.3664,41.6199,-1111.4163,0.595537
-700.2390,41.6101,-1110.8812,0.595789
-701.1088,41.6005,-1110.3459,0.596042
-701.9810,41.5911,-1109.8058,0.596293
-702.8488,41.5821,-1109.2649,0.596549
-703.7185,41.5735,-1108.7183,0.596802
-704.5839,41.5651,-1108.1711,0.597053
-705.4521,41.5570,-1107.6183,0.597306
-706.3152,41.5490,-1107.0641,0.597562
-707.1760,41.5412,-1106.5062,0.597813
-708.0372,41.5336,-1105.9424,0.598063
-708.8948,41.5266,-1105.3745,0.598318
-709.7469,41.5200,-1104.8027,0.598568
-710.5999,41.5138,-1104.2222,0.598821
-711.4487,41.5074,-1103.6379,0.599071
-712.2925,41.5009,-1103.0503,0.599321
-713.1340,41.4944,-1102.4567,0.599572
-713.9780,41.4878,-1101.8536,0.599823
-714.8104,41.4813,-1101.2512,0.600080
-715.6456,41.4744,-1100.6393,0.600329
-716.4753,41.4677,-1100.0217,0.600577
-717.3004,41.4616,-1099.3955,0.600836
-718.1215,41.4555,-1098.7631,0.601085
-718.9358,41.4491,-1098.1239,0.601337
-719.7470,41.4421,-1097.4745,0.601585
-720.5505,41.4349,-1096.8196,0.601840
-721.3525,41.4270,-1096.1550,0.602098
-722.1481,41.4184,-1095.4880,0.602346
-722.9409,41.4087,-1094.8168,0.602589
-723.7322,41.3984,-1094.1382,0.602851
-724.5152,41.3873,-1093.4590,0.603105
-725.2982,41.3751,-1092.7711,0.603356
-726.0787,41.3619,-1092.0774,0.603615
-726.8539,41.3484,-1091.3799,0.603869
-727.6240,41.3338,-1090.6794,0.604122
-728.3956,41.3176,-1089.9697,0.604374
-729.1603,41.2997,-1089.2593,0.604631
-729.9235,41.2800,-1088.5419,0.604883
-730.6854,41.2595,-1087.8191,0.605147
-731.4424,41.2382,-1087.0919,0.605399
-732.1959,41.2163,-1086.3600,0.605649
-732.9470,41.1934,-1085.6213,0.605908
-733.6944,41.1694,-1084.8784,0.606163
-734.4427,41.1443,-1084.1254,0.606422
-735.1779,41.1187,-1083.3762,0.606678
-735.9136,41.0922,-1082.6174,0.606934
-736.6484,41.0654,-1081.8489,0.607195
-737.3759,41.0389,-1081.0786,0.607445
-738.0981,41.0112,-1080.3027,0.607697
-738.8190,40.9825,-1079.5155,0.607965
-739.5339,40.9525,-1078.7209,0.608220
-740.2399,40.9212,-1077.9220,0.608481
-740.9417,40.8886,-1077.1123,0.608738
-741.6383,40.8547,-1076.2926,0.608996
-742.3224,40.8205,-1075.4661,0.609250
-743.0015,40.7860,-1074.6290,0.609513
-743.6690,40.7522,-1073.7856,0.609775
-744.3270,40.7188,-1072.9335,0.610030
-744.9772,40.6851,-1072.0692,0.610287
-745.6127,40.6518,-1071.2024,0.610544
-746.2410,40.6175,-1070.3240,0.610810
-746.8588,40.5824,-1069.4385,0.611066
-747.4667,40.5467,-1068.5430,0.611321
-748.0650,40.5106,-1067.6420,0.611581
-748.6533,40.4747,-1066.7357,0.611838
-749.2355,40.4390,-1065.8230,0.612098
-749.8103,40.4040,-1064.9064,0.612355
-750.3790,40.3699,-1063.9824,0.612623
-750.9407,40.3362,-1063.0520,0.612877
-751.4928,40.3031,-1062.1200,0.613144
-752.0377,40.2709,-1061.1802,0.613395
-752.5795,40.2393,-1060.2284,0.613655
-753.1085,40.2086,-1059.2806,0.613922
-753.6325,40.1785,-1058.3248,0.614180
-754.1532,40.1486,-1057.3594,0.614443
-754.6636,40.1188,-1056.3964,0.614705
-755.1691,40.0881,-1055.4254,0.614970
-755.6683,40.0564,-1054.4468,0.615235
-756.1582,40.0238,-1053.4642,0.615501
-756.6434,39.9910,-1052.4755,0.615772
-757.1214,39.9584,-1051.4806,0.616030
-757.5894,39.9260,-1050.4846,0.616300
-758.0489,39.8936,-1049.4846,0.616565
-758.4979,39.8613,-1048.4840,0.616826
-758.9413,39.8292,-1047.4724,0.617090
-759.3779,39.7979,-1046.4561,0.617363
-759.8071,39.7675,-1045.4341,0.617628
-760.2222,39.7393,-1044.4160,0.617893
-760.6315,39.7123,-1043.3887,0.618160
-761.0317,39.6874,-1042.3591,0.618423
-761.4196,39.6641,-1041.3361,0.618677
-761.8002,39.6419,-1040.3059,0.618951
-762.1723,39.6206,-1039.2739,0.619214
-762.5366,39.6000,-1038.2368,0.619477
-762.8909,39.5802,-1037.1996,0.619731
-763.2361,39.5615,-1036.1660,0.619998
-763.5765,39.5434,-1035.1201,0.620264
-763.9075,39.5264,-1034.0742,0.620524
-764.2269,39.5107,-1033.0320,0.620800
-764.5383,39.4966,-1031.9818,0.621053
-764.8406,39.4846,-1030.9280,0.621314
-765.1323,39.4752,-1029.8739,0.621579
-765.4141,39.4684,-1028.8160,0.621841
-765.6844,39.4640,-1027.7552,0.622109
-765.9463,39.4605,-1026.6918,0.622368
-766.1968,39.4579,-1025.6334,0.622631
-766.4390,39.4562,-1024.5671,0.622895
-766.6710,39.4564,-1023.5040,0.623159
-766.8955,39.4590,-1022.4302,0.623418
-767.1092,39.4636,-1021.3620,0.623682
-767.3147,39.4697,-1020.2889,0.623953
-767.5098,39.4775,-1019.2156,0.624209
-767.6971,39.4865,-1018.1400,0.624479
-767.8749,39.4976,-1017.0618,0.624738
-768.0427,39.5103,-1015.9850,0.625005
-768.2025,39.5240,-1014.9052,0.625267
-768.3553,39.5382,-1013.8283,0.625533
-768.5034,39.5530,-1012.7421,0.625797
-768.6443,39.5676,-1011.6606,0.626065
-768.7784,39.5821,-1010.5799,0.626331
-768.9060,39.5969,-1009.4939,0.626596
-769.0288,39.6122,-1008.4081,0.626860
-769.1458,39.6279,-1007.3222,0.627130
-769.2569,39.6445,-1006.2305,0.627393
-769.3614,39.6616,-1005.1349,0.627668
-769.4582,39.6789,-1004.0443,0.627933
-769.5621,39.7002,-1002.9472,0.628199
-769.6457,39.7217,-1001.8527,0.628473
-769.7092,39.7363,-1000.7422,0.628744
-769.7823,39.7577,-999.6490,0.629009
-769.8508,39.7793,-998.5507,0.629282
-769.9141,39.8008,-997.4514,0.629552
-769.9727,39.8225,-996.3497,0.629822
-770.0261,39.8442,-995.2525,0.630091
-770.0884,39.8648,-994.1627,0.630364
-770.1329,39.8830,-993.0563,0.630636
-770.1718,39.8995,-991.9567,0.630909
-770.1967,39.8764,-990.8413,0.631182
-770.2293,39.8935,-989.7331,0.631455
-770.2587,39.9102,-988.6299,0.631727
-770.2842,39.9260,-987.5293,0.631999
-770.3062,39.9409,-986.4197,0.632269
-770.3242,39.9551,-985.3148,0.632545
-770.3389,39.9684,-984.2092,0.632819
-770.3503,39.9866,-983.1033,0.633095
-770.3619,39.9989,-981.9995,0.633365
-770.3585,39.9885,-980.9055,0.633640
-770.3686,39.9680,-979.8019,0.633914
-770.3925,39.9410,-978.6932,0.634187
-770.4053,39.9482,-977.5870,0.634462
-770.4213,39.9556,-976.4801,0.634740
-770.4396,39.9633,-975.3748,0.635014
-770.4622,39.9714,-974.2694,0.635291
-770.4853,39.9795,-973.1664,0.635562
-770.5091,39.9835,-972.0552,0.635840
-770.5781,39.9971,-970.9248,0.636121
-770.6077,40.0037,-969.8273,0.636391
-770.6404,40.0107,-968.7118,0.636668
-770.6738,40.0170,-967.5999,0.636944
-770.7077,40.0229,-966.4803,0.637220
-770.7383,40.0271,-965.3623,0.637499
-770.7646,40.0301,-964.2444,0.637777
-770.7896,40.0321,-963.1228,0.638050
-770.8122,40.0335,-962.0031,0.638330
-770.7852,40.0216,-960.8784,0.638610
-770.8010,40.0177,-959.7588,0.638886
-770.8117,40.0141,-958.6331,0.639164
-770.8162,40.0106,-957.5066,0.639443
-770.8157,40.0079,-956.3796,0.639723
-770.8092,40.0058,-955.2576,0.640001
-770.7977,40.0045,-954.1307,0.640279
-770.7803,40.0037,-953.0015,0.640558
-770.7584,40.0037,-951.8737,0.640837
-770.7318,40.0042,-950.7450,0.641120
-770.7454,40.0124,-949.6174,0.641396
-770.7138,40.0088,-948.4929,0.641674
-770.6799,40.0048,-947.3615,0.641953
-770.6419,39.9997,-946.2277,0.642234
-770.6011,39.9939,-945.0972,0.642512
-770.5572,39.9873,-943.9658,0.642796
-770.5130,39.9801,-942.8351,0.643077
-770.4672,39.9718,-941.7035,0.643353
-770.4201,39.9630,-940.5664,0.643635
-770.3271,39.9484,-939.4380,0.643913
-770.2739,39.9454,-938.3022,0.644195
-770.2153,39.9422,-937.1592,0.644479
-770.1541,39.9390,-936.0303,0.644759
-770.0889,39.9597,-934.8782,0.645040
-770.0152,39.9649,-933.7403,0.645323
-769.9382,39.9701,-932.6023,0.645605
-769.8619,39.9754,-931.4683,0.645884
-769.7842,39.9813,-930.3340,0.646172
-769.7179,39.9800,-929.2108,0.646454
-769.6384,39.9759,-928.0748,0.646733
-769.5452,39.9542,-926.9227,0.647016
-769.4662,39.9605,-925.7834,0.647302
-769.4008,39.9639,-924.6543,0.647584
-769.3221,39.9601,-923.5154,0.647867
-769.2437,39.9569,-922.3694,0.648152
-769.1656,39.9537,-921.2267,0.648434
-769.0875,39.9506,-920.0817,0.648720
-768.9957,39.9505,-918.9432,0.648999
-768.9141,39.9519,-917.7940,0.649280
-768.8298,39.9531,-916.6431,0.649572
-768.7441,39.9521,-915.4981,0.649853
-768.6563,39.9539,-914.3517,0.650141
-768.5654,39.9555,-913.2021,0.650425
-768.4716,39.9572,-912.0539,0.650709
-768.3749,39.9589,-910.9041,0.650993
-768.2743,39.9607,-909.7541,0.651276
-768.1689,39.9621,-908.6024,0.651562
-768.0598,39.9630,-907.4498,0.651845
-767.9464,39.9635,-906.2963,0.652133
-767.8293,39.9632,-905.1427,0.652420
-767.7082,39.9624,-903.9874,0.652706
-767.5827,39.9615,-902.8323,0.652994
-767.4518,39.9612,-901.6754,0.653278
-767.3158,39.9608,-900.5190,0.653565
-767.1741,39.9594,-899.3636,0.653850
-767.0286,39.9572,-898.2079,0.654139
-766.8779,39.9538,-897.0493,0.654426
-766.7219,39.9498,-895.8905,0.654713
-766.5606,39.9457,-894.7338,0.655001
-766.3940,39.9415,-893.5765,0.655287
-766.2212,39.9375,-892.4122,0.655582
-766.0439,39.9339,-891.2539,0.655867
-765.8599,39.9305,-890.0919,0.656158
-765.6716,39.9270,-888.9333,0.656445
-765.4777,39.9230,-887.7740,0.656737
-765.2792,39.9181,-886.6161,0.657024
-765.0754,39.9123,-885.4581,0.657312
-764.8657,39.9063,-884.2958,0.657601
-764.6506,39.8999,-883.1342,0.657890
-764.4302,39.8931,-881.9740,0.658179
-764.2045,39.8861,-880.8146,0.658467
-763.9719,39.8788,-879.6500,0.658757
-763.7360,39.8712,-878.4935,0.659047
-763.4938,39.8633,-877.3329,0.659340
-763.2459,39.8554,-876.1691,0.659629
-762.9942,39.8476,-875.0115,0.659917
-762.7367,39.8393,-873.8512,0.660211
-762.4742,39.8298,-872.6904,0.660503
-762.2070,39.8186,-871.5286,0.660793
-761.9359,39.8059,-870.3693,0.661089
-761.6611,39.7934,-869.2120,0.661379
-761.3812,39.7812,-868.0508,0.661671
-761.0967,39.7693,-866.8893,0.661958
-760.8077,39.7573,-865.7271,0.662250
-760.5147,39.7449,-864.5662,0.662553
-760.2175,39.7317,-863.4067,0.662844
-759.9167,39.7179,-862.2493,0.663137
-759.6101,39.7035,-861.0876,0.663431
-759.2996,39.6880,-859.9240,0.663727
-758.9862,39.6717,-858.7636,0.664017
-758.6691,39.6554,-857.6046,0.664309
-758.3474,39.6393,-856.4439,0.664608
-758.0193,39.6233,-855.2761,0.664904
-757.6898,39.6080,-854.1179,0.665199
-757.3554,39.5934,-852.9575,0.665493
-757.0170,39.5792,-851.7963,0.665789
-756.6724,39.5650,-850.6260,0.666085
-756.3284,39.5511,-849.4657,0.666383
-755.9802,39.5374,-848.3010,0.666680
-755.6295,39.5232,-847.1378,0.666979
-755.2770,39.5077,-845.9801,0.667277
-754.9202,39.4908,-844.8196,0.667573
-754.5587,39.4731,-843.6529,0.667871
-754.1943,39.4546,-842.4872,0.668169
-753.8279,39.4357,-841.3237,0.668469
-753.4556,39.4157,-840.1552,0.668765
-753.0802,39.3946,-838.9883,0.669062
-752.7007,39.3719,-837.8222,0.669370
-752.3143,39.3477,-836.6499,0.669672
-751.9247,39.3226,-835.4841,0.669967
-751.5277,39.2970,-834.3134,0.670275
-751.1226,39.2721,-833.1393,0.670577
-750.7151,39.2472,-831.9739,0.670882
-750.3010,39.2220,-830.8070,0.671186
-749.8807,39.1958,-829.6395,0.671481
-749.4540,39.1688,-828.4708,0.671789
-749.0228,39.1412,-827.3071,0.672085
-748.5836,39.1130,-826.1384,0.672390
-748.1387,39.0847,-824.9719,0.672692
-747.6891,39.0560,-823.8090,0.672993
-747.2308,39.0264,-822.6409,0.673298
-746.7704,38.9960,-821.4818,0.673604
-746.2996,38.9648,-820.3126,0.673915
-745.8245,38.9339,-819.1501,0.674220
-745.3450,38.9033,-817.9933,0.674524
-744.8561,38.8720,-816.8298,0.674835
-744.3618,38.8386,-815.6678,0.675142
-743.8631,38.8038,-814.5091,0.675454
-743.3555,38.7678,-813.3453,0.675758
-742.8442,38.7322,-812.1878,0.676068
-742.3251,38.6968,-811.0282,0.676381
-741.7969,38.6620,-809.8630,0.676699
-741.2637,38.6277,-808.7022,0.677006
-740.7255,38.5937,-807.5461,0.677309
-740.1791,38.5589,-806.3875,0.677627
-739.6257,38.5232,-805.2281,0.677940
-739.0676,38.4866,-804.0727,0.678255
-738.5048,38.4487,-802.9171,0.678560
-737.9373,38.4097,-801.7637,0.678880
-737.3632,38.3699,-800.6089,0.679189
-736.7839,38.3301,-799.4559,0.679507
-736.1978,38.2906,-798.3013,0.679819
-735.6067,38.2510,-797.1494,0.680138
-735.0129,38.2113,-796.0044,0.680452
-734.4125,38.1718,-794.8588,0.680767
-733.8073,38.1329,-793.7148,0.681086
-733.2001,38.0948,-792.5787,0.681402
-732.5872,38.0565,-791.4423,0.681714
-731.9717,38.0176,-790.3124,0.682025
-731.3506,37.9771,-789.1825,0.682341
-730.7256,37.9354,-788.0554,0.682656
-730.0997,37.8942,-786.9375,0.682964
-729.4684,37.8532,-785.8209,0.683273
-728.8312,37.8113,-784.7060,0.683593
-728.1908,37.7686,-783.5953,0.683898
-727.5481,37.7261,-782.4915,0.684209
-726.8961,37.6834,-781.3840,0.684527
-726.2427,37.6402,-780.2864,0.684842
-725.5845,37.5961,-779.1917,0.685155
-724.9219,37.5517,-778.1005,0.685460
-724.2540,37.5070,-777.0115,0.685777
-723.5814,37.4614,-775.9287,0.686087
-722.9059,37.4149,-774.8506,0.686390
-722.2277,37.3680,-773.7784,0.686700
-721.5442,37.3213,-772.7083,0.687012
-720.8541,37.2748,-771.6393,0.687318
-720.1594,37.2277,-770.5748,0.687629
-719.4625,37.1798,-769.5161,0.687942
-718.7566,37.1311,-768.4533,0.688253
-718.0540,37.0831,-767.4062,0.688565
-717.3403,37.0349,-766.3519,0.688869
-716.6258,36.9865,-765.3065,0.689180
-715.9067,36.9376,-764.2640,0.689489
-715.1777,36.8882,-763.2167,0.689797
-714.4525,36.8385,-762.1848,0.690105
-713.7198,36.7879,-761.1520,0.690412
-712.9802,36.7370,-760.1176,0.690727
-712.2404,36.6863,-759.0930,0.691029
-711.4934,36.6355,-758.0667,0.691346
-710.7418,36.5853,-757.0439,0.691653
-709.9863,36.5372,-756.0262,0.691957
-709.2264,36.4906,-755.0126,0.692262
-708.4590,36.4445,-753.9995,0.692580
-707.6910,36.3992,-752.9954,0.692885
-706.9157,36.3543,-751.9911,0.693192
-706.1345,36.3102,-750.9904,0.693500
-705.3520,36.2673,-749.9963,0.693809
-704.5627,36.2259,-749.0031,0.694114
-703.7673,36.1859,-748.0118,0.694427
-702.9697,36.1469,-747.0269,0.694735
-702.1701,36.1090,-746.0484,0.695036
-701.3610,36.0721,-745.0683,0.695350
-700.5511,36.0365,-744.0970,0.695659
-699.7337,36.0014,-743.1257,0.695965
-698.9180,35.9652,-742.1661,0.696274
-698.0927,35.9276,-741.2019,0.696587
-697.2625,35.8893,-740.2407,0.696892
-696.4348,35.8511,-739.2913,0.697202
-695.5969,35.8128,-738.3392,0.697519
-694.7544,35.7750,-737.3900,0.697835
-693.9128,35.7374,-736.4490,0.698133
-693.0631,35.6996,-735.5071,0.698447
-692.2134,35.6617,-734.5734,0.698752
-691.3578,35.6239,-733.6385,0.699070
-690.4973,35.5855,-732.7030,0.699384
-689.6432,35.5468,-731.7780,0.699695
-688.7838,35.5067,-730.8498,0.700005
-687.9263,35.4659,-729.9263,0.700312
-687.0637,35.4241,-728.9994,0.700629
-686.2006,35.3823,-728.0742,0.700937
-685.3373,35.3410,-727.1504,0.701247
-684.4714,35.2997,-726.2260,0.701560
-683.6034,35.2576,-725.3014,0.701871
-682.7339,35.2146,-724.3776,0.702186
-681.8662,35.1714,-723.4569,0.702498
-680.9945,35.1282,-722.5339,0.702812
-680.1205,35.0866,-721.6104,0.703119
-679.2498,35.0431,-720.6920,0.703434
-678.3748,34.9993,-719.7708,0.703751
-677.5001,34.9554,-718.8513,0.704058
-676.6241,34.9115,-717.9326,0.704378
-675.7471,34.8650,-717.0157,0.704691
-674.8666,34.8167,-716.0975,0.705005
-673.9818,34.7681,-715.1769,0.705315
-673.0980,34.7193,-714.2602,0.705638
-672.2162,34.6688,-713.3481,0.705944
-671.3284,34.6180,-712.4324,0.706259
-670.4414,34.5673,-711.5203,0.706576
-669.5490,34.5172,-710.6049,0.706891
-668.6555,34.4672,-709.6908,0.707202
-667.7623,34.4174,-708.7795,0.707516
-666.8683,34.3674,-707.8701,0.707838
-665.9752,34.3170,-706.9638,0.708148
-665.0735,34.2662,-706.0508,0.708464
-664.1441,34.2139,-705.1118,0.708790
-663.2744,34.1660,-704.2349,0.709093
-662.3723,34.1164,-703.3274,0.709409
-661.4693,34.0669,-702.4214,0.709731
-660.5649,34.0179,-701.5162,0.710048
-659.6567,33.9701,-700.6093,0.710365
-658.7529,33.9226,-699.7089,0.710679
-657.8370,33.8745,-698.7986,0.710999
-656.9281,33.8270,-697.8972,0.711311
-656.0199,33.7795,-696.9981,0.711634
-655.1066,33.7319,-696.0949,0.711949
-654.1936,33.6848,-695.1929,0.712265
-653.2803,33.6390,-694.2911,0.712582
-652.3667,33.5931,-693.3906,0.712900
-651.4505,33.5472,-692.4893,0.713218
-650.5355,33.5008,-691.5911,0.713538
-649.6169,33.4540,-690.6916,0.713853
-648.6996,33.4073,-689.7955,0.714172
-647.7820,33.3607,-688.8998,0.714488
-646.8612,33.3142,-688.0016,0.714804
-645.9438,33.2678,-687.1074,0.715124
-645.0243,33.2213,-686.2122,0.715442
-644.1042,33.1743,-685.3173,0.715759
-643.1816,33.1271,-684.4206,0.716080
-642.2581,33.0799,-683.5234,0.716401
-641.3296,33.0323,-682.6216,0.716719
-640.4084,32.9851,-681.7272,0.717036
-639.4855,32.9378,-680.8315,0.717351
-638.5566,32.8902,-679.9304,0.717680
-637.6364,32.8437,-679.0380,0.717999
-636.7068,32.7968,-678.1367,0.718313
-635.7802,32.7500,-677.2383,0.718637
-634.8526,32.7005,-676.3394,0.718952
-633.9240,32.6496,-675.4395,0.719277
-632.9975,32.5963,-674.5408,0.719600
-632.0658,32.5432,-673.6384,0.719924
-631.1375,32.4894,-672.7394,0.720243
-630.2064,32.4342,-671.8381,0.720564
-629.2758,32.3779,-670.9369,0.720888
-628.3452,32.3204,-670.0358,0.721212
-627.4095,32.2619,-669.1299,0.721528
-626.4785,32.2034,-668.2283,0.721857
-625.5435,32.1438,-667.3223,0.722184
-624.6085,32.0845,-666.4160,0.722508
-623.6721,32.0251,-665.5084,0.722829
-622.7396,31.9662,-664.6039,0.723152
-621.8025,31.9066,-663.6947,0.723478
-620.8608,31.8468,-662.7815,0.723805
-619.9254,31.7878,-661.8738,0.724127
-618.9824,31.7284,-660.9590,0.724450
-618.0411,31.6684,-660.0453,0.724786
-617.0977,31.6072,-659.1294,0.725111
-616.1547,31.5461,-658.2134,0.725440
-615.2123,31.4854,-657.2974,0.725761
-614.2633,31.4241,-656.3746,0.726093
-613.3192,31.3624,-655.4564,0.726421
-612.3741,31.2999,-654.5365,0.726754
-611.4243,31.2362,-653.6108,0.727078
-610.4742,31.1708,-652.6845,0.727413
-609.5291,31.1046,-651.7624,0.727746
-608.5742,31.0368,-650.8300,0.728079
-607.6279,30.9692,-649.9052,0.728406
-606.6721,30.9002,-648.9693,0.728742
-605.7220,30.8313,-648.0377,0.729068
-604.7709,30.7631,-647.1034,0.729407
-603.8195,30.6970,-646.1668,0.729737
-602.8654,30.6320,-645.2263,0.730067
-601.9133,30.5678,-644.2861,0.730401
-600.9588,30.5033,-643.3431,0.730741
-600.0051,30.4381,-642.4001,0.731072
-599.0491,30.3714,-641.4537,0.731408
-598.0951,30.3034,-640.5085,0.731747
-597.1328,30.2337,-639.5536,0.732078
-596.1803,30.1637,-638.6079,0.732419
-595.2225,30.0938,-637.6561,0.732755
-594.2604,30.0254,-636.6989,0.733090
-593.3033,29.9592,-635.7464,0.733425
-592.3431,29.8933,-634.7909,0.733768
-591.3796,29.8266,-633.8318,0.734107
-590.4119,29.7585,-632.8691,0.734442
-589.4549,29.6894,-631.9177,0.734781
-588.4870,29.6181,-630.9561,0.735123
-587.5205,29.5463,-629.9960,0.735461
-586.5515,29.4738,-629.0341,0.735801
-585.5837,29.4011,-628.0742,0.736142
-584.6115,29.3285,-627.1105,0.736483
-583.6342,29.2562,-626.1426,0.736825
-582.6614,29.1846,-625.1798,0.737166
-581.6868,29.1124,-624.2159,0.737507
-580.7068,29.0391,-623.2476,0.737855
-579.7282,28.9662,-622.2816,0.738193
-578.7488,28.8943,-621.3161,0.738532
-577.7662,28.8227,-620.3482,0.738885
-576.7809,28.7520,-619.3792,0.739227
-575.7974,28.6826,-618.4125,0.739567
-574.8110,28.6137,-617.4434,0.739910
-573.8190,28.5448,-616.4698,0.740257
-572.8311,28.4760,-615.5004,0.740606
-571.8430,28.4063,-614.5311,0.740953
-570.8506,28.3348,-613.5575,0.741301
-569.8593,28.2634,-612.5847,0.741641
-568.8671,28.1920,-611.6109,0.741989
-567.8701,28.1211,-610.6326,0.742337
-566.8762,28.0513,-609.6570,0.742686
-565.8717,27.9822,-608.6708,0.743040
-564.8800,27.9151,-607.6968,0.743380
-563.8846,27.8480,-606.7187,0.743730
-562.8842,27.7799,-605.7356,0.744082
-561.8855,27.7107,-604.7541,0.744431
-560.8864,27.6402,-603.7721,0.744777
-559.8858,27.5686,-602.7884,0.745124
-558.8834,27.4960,-601.8026,0.745479
-557.8803,27.4217,-600.8165,0.745828
-556.8754,27.3460,-599.8283,0.746185
-555.8672,27.2686,-598.8372,0.746534
-554.8642,27.1907,-597.8513,0.746885
-553.8578,27.1117,-596.8626,0.747239
-552.8469,27.0314,-595.8698,0.747588
-551.8403,26.9505,-594.8815,0.747945
-550.8284,26.8685,-593.8886,0.748297
-549.8121,26.7857,-592.8925,0.748652
-548.8002,26.7028,-591.9016,0.749004
-547.7791,26.6178,-590.9025,0.749361
-546.7649,26.5319,-589.9108,0.749713
-545.7507,26.4448,-588.9197,0.750062
-544.7303,26.3558,-587.9226,0.750424
-543.7090,26.2655,-586.9249,0.750776
-542.6921,26.1755,-585.9321,0.751143
-541.6676,26.0851,-584.9324,0.751492
-540.6405,25.9951,-583.9310,0.751849
-539.6202,25.9065,-582.9368,0.752210
-538.5903,25.8170,-581.9335,0.752565
-537.5600,25.7262,-580.9304,0.752924
-536.5365,25.6353,-579.9341,0.753282
-535.5056,25.5440,-578.9307,0.753638
-534.4742,25.4538,-577.9269,0.754006
-533.4451,25.3651,-576.9254,0.754363
-532.4123,25.2762,-575.9207,0.754721
-531.3802,25.1878,-574.9167,0.755084
-530.3474,25.1003,-573.9121,0.755444
-529.3087,25.0129,-572.9017,0.755800
-528.2728,24.9259,-571.8945,0.756163
-527.2376,24.8392,-570.8883,0.756523
-526.1973,24.7525,-569.8773,0.756884
-525.1547,24.6657,-568.8640,0.757248
-524.1230,24.5801,-567.8610,0.757614
-523.0793,24.4952,-566.8464,0.757970
-522.0373,24.4124,-565.8336,0.758330
-520.9987,24.3302,-564.8242,0.758693
-519.9586,24.2468,-563.8134,0.759058
-518.9131,24.1628,-562.7973,0.759425
-517.8697,24.0787,-561.7827,0.759785
-516.8207,23.9935,-560.7626,0.760144
-515.7766,23.9075,-559.7469,0.760517
-514.7327,23.8210,-558.7316,0.760877
-513.6843,23.7338,-557.7117,0.761239
-512.6322,23.6455,-556.6879,0.761607
-511.5854,23.5578,-555.6693,0.761971
-510.5365,23.4703,-554.6486,0.762336
-509.4812,23.3823,-553.6222,0.762705
-508.4328,23.2961,-552.6025,0.763062
-507.3777,23.2108,-551.5763,0.763440
-506.3239,23.1253,-550.5517,0.763801
-505.2723,23.0392,-549.5295,0.764168
-504.2156,22.9527,-548.5026,0.764538
-503.1603,22.8665,-547.4772,0.764899
-502.1027,22.7804,-546.4492,0.765270
-501.0447,22.6946,-545.4207,0.765646
-499.9816,22.6099,-544.3870,0.766011
-498.9236,22.5264,-543.3576,0.766379
-497.8631,22.4425,-542.3250,0.766748
-496.8006,22.3590,-541.2900,0.767112
-495.7460,22.2776,-540.2617,0.767481
-494.6830,22.1970,-539.2242,0.767855
-493.6161,22.1171,-538.1826,0.768218
-492.5597,22.0392,-537.1504,0.768595
-491.4953,21.9611,-536.1097,0.768963
-490.4323,21.8927,-535.0685,0.769339
-489.3729,21.8242,-534.0291,0.769709
-488.3142,21.7544,-532.9889,0.770073
-487.2501,21.6833,-531.9426,0.770448
-486.1969,21.6121,-530.9053,0.770822
-485.1348,21.5402,-529.8571,0.771188
-484.0746,21.4693,-528.8090,0.771559
-483.0253,21.3994,-527.7697,0.771928
-481.9654,21.3288,-526.7181,0.772301
-480.9077,21.2584,-525.6667,0.772681
-479.8593,21.1878,-524.6226,0.773052
-478.8049,21.1156,-523.5705,0.773420
-477.7547,21.0431,-522.5209,0.773794
-476.7048,20.9707,-521.4687,0.774160
-475.6550,20.8984,-520.4142,0.774537
-474.6026,20.8263,-519.3546,0.774899
-473.5626,20.7562,-518.3052,0.775272
-472.5133,20.6859,-517.2451,0.775652
-471.4640,20.6161,-516.1836,0.776025
-470.4238,20.5479,-515.1299,0.776398
-469.3759,20.4789,-514.0671,0.776771
-468.3376,20.4099,-513.0123,0.777141
-467.2946,20.3410,-511.9516,0.777516
-466.2506,20.2734,-510.8877,0.777894
-465.2106,20.2066,-509.8260,0.778265
-464.1752,20.1383,-508.7669,0.778636
-463.1319,20.0685,-507.6989,0.779012
-462.0961,19.9997,-506.6377,0.779380
-461.0599,19.9329,-505.5751,0.779753
-460.0190,19.8673,-504.5066,0.780128
-458.9842,19.8034,-503.4435,0.780498
-457.9484,19.7402,-502.3784,0.780870
-456.9123,19.6765,-501.3123,0.781244
-455.8752,19.6113,-500.2440,0.781618
-454.8416,19.5460,-499.1781,0.781990
-453.8083,19.4809,-498.1116,0.782360
-452.7733,19.4158,-497.0420,0.782737
-451.7428,19.3502,-495.9755,0.783108
-450.7112,19.2829,-494.9065,0.783477
-449.6830,19.2147,-493.8397,0.783848
-448.6566,19.1454,-492.7729,0.784219
-447.6301,19.0751,-491.7042,0.784596
-446.6029,19.0041,-490.6328,0.784971
-445.5864,18.9339,-489.5703,0.785332
-444.5664,18.8631,-488.5013,0.785710
-443.5465,18.7913,-487.4289,0.786076
-442.5345,18.7203,-486.3619,0.786445
-441.5216,18.6500,-485.2909,0.786815
-440.5090,18.5801,-484.2161,0.787189
-439.5092,18.5108,-483.1499,0.787558
-438.5080,18.4408,-482.0770,0.787923
-437.5085,18.3703,-481.0005,0.788297
-436.5164,18.2988,-479.9257,0.788659
-435.5274,18.2264,-478.8486,0.789029
-434.5383,18.1536,-477.7647,0.789399
-433.5597,18.0817,-476.6867,0.789764
-432.5790,18.0088,-475.5999,0.790136
-431.6075,17.9355,-474.5164,0.790501
-430.6385,17.8614,-473.4293,0.790865
-429.6714,17.7872,-472.3371,0.791236
-428.7106,17.7146,-471.2451,0.791602
-427.7549,17.6437,-470.1518,0.791967
-426.8001,17.5756,-469.0530,0.792335
-425.8477,17.5086,-467.9516,0.792704
-424.9085,17.4441,-466.8592,0.793064
-423.9603,17.3806,-465.7506,0.793434
-423.0193,17.3185,-464.6447,0.793803
-422.0888,17.2573,-463.5457,0.794162
-421.1560,17.1958,-462.4381,0.794531
-420.2226,17.1339,-461.3247,0.794900
-419.3046,17.0741,-460.2237,0.795258
-418.3819,17.0152,-459.1116,0.795627
-417.4642,16.9577,-457.9989,0.795986
-416.5525,16.9003,-456.8874,0.796352
-415.6390,16.8422,-455.7679,0.796715
-414.7352,16.7848,-454.6542,0.797078
-413.8344,16.7297,-453.5377,0.797440
-412.9342,16.6754,-452.4153,0.797803
-412.0403,16.6216,-451.2941,0.798163
-411.1517,16.5670,-450.1715,0.798524
-410.2634,16.5117,-449.0415,0.798888
-409.3848,16.4559,-447.9147,0.799248
-408.5132,16.4000,-446.7883,0.799607
-407.6395,16.3444,-445.6502,0.799970
-406.7738,16.2896,-444.5127,0.800335
-405.9207,16.2352,-443.3803,0.800693
-405.0648,16.1805,-442.2332,0.801051
-404.2192,16.1268,-441.0865,0.801410
-403.3819,16.0742,-439.9411,0.801770
-402.5466,16.0233,-438.7875,0.802131
-401.7161,15.9733,-437.6309,0.802489
-400.8934,15.9239,-436.4746,0.802850
-400.0708,15.8728,-435.3089,0.803212
-399.2568,15.8214,-434.1467,0.803568
-398.4498,15.7702,-432.9862,0.803924
-397.6427,15.7192,-431.8159,0.804283
-396.8413,15.6684,-430.6460,0.804640
-396.0459,15.6178,-429.4767,0.804996
-395.2527,15.5673,-428.3025,0.805352
-394.4643,15.5173,-427.1274,0.805713
-393.6797,15.4680,-425.9505,0.806068
-392.8986,15.4188,-424.7713,0.806424
-392.1205,15.3697,-423.5888,0.806782
-391.3529,15.3216,-422.4143,0.807136
-390.5816,15.2733,-421.2268,0.807495
-389.8152,15.2251,-420.0392,0.807850
-389.0587,15.1789,-418.8596,0.808204
-388.2987,15.1331,-417.6689,0.808560
-387.5429,15.0883,-416.4786,0.808914
-386.7924,15.0440,-415.2904,0.809268
-386.0436,14.9990,-414.0984,0.809627
-385.2995,14.9529,-412.9054,0.809981
-384.5602,14.9054,-411.7140,0.810329
-383.8225,14.8582,-410.5180,0.810686
-383.0884,14.8112,-409.3199,0.811039
-382.3621,14.7645,-408.1269,0.811391
-381.6337,14.7171,-406.9231,0.811747
-380.9124,14.6696,-405.7234,0.812098
-380.1953,14.6218,-404.5224,0.812451
-379.4782,14.5714,-403.3133,0.812805
-378.7692,14.5205,-402.1093,0.813156
-378.0676,14.4694,-400.9085,0.813501
-377.3665,14.4191,-399.6977,0.813861
-376.6708,14.3691,-398.4831,0.814211
-375.9875,14.3196,-397.2754,0.814559
-375.3047,14.2699,-396.0538,0.814912
-374.6311,14.2216,-394.8338,0.815263
-373.9670,14.1736,-393.6148,0.815613
-373.3077,14.1252,-392.3864,0.815968
-372.6559,14.0772,-391.1580,0.816313
-372.0142,14.0288,-389.9304,0.816661
-371.3775,13.9786,-388.6945,0.817014
-370.7467,13.9269,-387.4518,0.817367
-370.1270,13.8750,-386.2165,0.817713
-369.5081,13.8225,-384.9715,0.818063
-368.8950,13.7704,-383.7256,0.818410
-368.2861,13.7191,-382.4753,0.818761
-367.6838,13.6680,-381.2312,0.819107
-367.0806,13.6165,-379.9786,0.819457
-366.4812,13.5654,-378.7285,0.819805
-365.8815,13.5144,-377.4726,0.820155
-365.2859,13.4648,-376.2217,0.820501
-364.6927,13.4156,-374.9732,0.820849
-364.0968,13.3665,-373.7158,0.821199
-363.5065,13.3186,-372.4651,0.821546
-362.9194,13.2716,-371.2140,0.821891
-362.3350,13.2249,-369.9582,0.822240
-361.7609,13.1788,-368.7106,0.822587
-361.1895,13.1334,-367.4545,0.822934
-360.6224,13.0893,-366.1924,0.823283
-360.0631,13.0456,-364.9333,0.823626
-359.5099,13.0012,-363.6757,0.823973
-358.9599,12.9563,-362.4138,0.824324
-358.4142,12.9109,-361.1471,0.824667
-357.8746,12.8658,-359.8815,0.825012
-357.3401,12.8210,-358.6129,0.825359
-356.8100,12.7778,-357.3408,0.825706
-356.2883,12.7365,-356.0727,0.826053
-355.7689,12.6955,-354.7982,0.826395
-355.2540,12.6545,-353.5226,0.826741
-354.7448,12.6141,-352.2504,0.827086
-354.2382,12.5740,-350.9732,0.827433
-353.7337,12.5341,-349.6910,0.827778
-353.2369,12.4940,-348.4169,0.828123
-352.7426,12.4538,-347.1358,0.828466
-352.2531,12.4144,-345.8518,0.828814
-351.7722,12.3760,-344.5723,0.829153
-351.2981,12.3372,-343.2927,0.829495
-350.8275,12.2982,-342.0051,0.829841
-350.3648,12.2594,-340.7200,0.830185
-349.9043,12.2207,-339.4294,0.830531
-349.4500,12.1822,-338.1408,0.830873
-349.0009,12.1440,-336.8506,0.831215
-348.5542,12.1059,-335.5516,0.831557
-348.1170,12.0683,-334.2634,0.831901
-347.6824,12.0309,-332.9664,0.832247
-347.2525,11.9942,-331.6670,0.832584
-346.8297,11.9584,-330.3699,0.832928
-346.4138,11.9225,-329.0744,0.833267
-346.0015,11.8862,-327.7696,0.833612
-345.5974,11.8496,-326.4695,0.833953
-345.1982,11.8130,-325.1626,0.834294
-344.8066,11.7764,-323.8572,0.834639
-344.4207,11.7394,-322.5475,0.834983
-344.0418,11.7021,-321.2419,0.835326
-343.6661,11.6655,-319.9264,0.835665
-343.2971,11.6297,-318.6148,0.836009
-342.9342,11.5936,-317.3025,0.836350
-342.5750,11.5568,-315.9829,0.836693
-342.2225,11.5202,-314.6678,0.837031
-341.8739,11.4841,-313.3466,0.837377
-341.5287,11.4478,-312.0224,0.837718
-341.1891,11.4124,-310.7066,0.838057
-340.8504,11.3774,-309.3818,0.838395
-340.5149,11.3417,-308.0553,0.838744
-340.1835,11.3060,-306.7294,0.839086
-339.8556,11.2704,-305.4018,0.839429
-339.5308,11.2356,-304.0724,0.839772
-339.2094,11.2009,-302.7413,0.840115
-338.8904,11.1664,-301.4086,0.840458
-338.5733,11.1320,-300.0763,0.840803
-338.2562,11.0975,-298.7358,0.841144
-337.9442,11.0636,-297.4086,0.841488
-337.6308,11.0297,-296.0674,0.841833
-337.3197,10.9965,-294.7260,0.842178
-337.0116,10.9635,-293.3849,0.842523
-336.7066,10.9323,-292.0456,0.842869
-336.4033,10.9022,-290.7032,0.843213
-336.1011,10.8731,-289.3551,0.843557
-335.8017,10.8455,-288.0103,0.843907
-335.5037,10.8186,-286.6624,0.844254
-335.2086,10.7926,-285.3192,0.844599
-334.9138,10.7671,-283.9674,0.844946
-334.6213,10.7422,-282.6171,0.845295
-334.3308,10.7175,-281.2664,0.845640
-334.0414,10.6930,-279.9113,0.845987
-333.7536,10.6693,-278.5557,0.846337
-333.4666,10.6466,-277.1940,0.846690
-333.1833,10.6255,-275.8396,0.847035
-332.9004,10.6048,-274.4782,0.847385
-332.6203,10.5836,-273.1182,0.847734
-332.3424,10.5620,-271.7589,0.848083
-332.0654,10.5408,-270.3922,0.848433
-331.7922,10.5205,-269.0330,0.848778
-331.5175,10.5007,-267.6585,0.849134
-331.2456,10.4807,-266.2925,0.849483
-330.9743,10.4608,-264.9232,0.849833
-330.7029,10.4422,-263.5466,0.850186
-330.4336,10.4243,-262.1746,0.850539
-330.1646,10.4068,-260.7985,0.850890
-329.8964,10.3889,-259.4225,0.851243
-329.6292,10.3710,-258.0476,0.851601
-329.3621,10.3528,-256.6702,0.851951
-329.0957,10.3340,-255.2919,0.852301
-328.8289,10.3141,-253.9076,0.852656
-328.5631,10.2941,-252.5246,0.853008
-328.2979,10.2745,-251.1401,0.853362
-328.0337,10.2541,-249.7561,0.853717
-327.7705,10.2322,-248.3696,0.854070
-327.5087,10.2099,-246.9827,0.854425
-327.2477,10.1876,-245.5916,0.854782
-326.9880,10.1648,-244.1997,0.855136
-326.7299,10.1415,-242.8080,0.855494
-326.4729,10.1183,-241.4151,0.855849
-326.2154,10.0958,-240.0094,0.856206
-325.9621,10.0748,-238.6160,0.856564
-325.7097,10.0539,-237.2166,0.856919
-325.4587,10.0321,-235.8139,0.857274
-325.2104,10.0101,-234.4159,0.857631
-324.9583,9.9878,-232.9830,0.857999
-324.7183,9.9668,-231.6079,0.858347
-324.4744,9.9454,-230.1977,0.858706
-324.2310,9.9238,-228.7823,0.859065
-323.9898,9.9023,-227.3689,0.859426
-323.7508,9.8797,-225.9566,0.859786
-323.5129,9.8550,-224.5423,0.860150
-323.2749,9.8282,-223.1209,0.860506
-323.0388,9.8010,-221.7062,0.860862
-322.8020,9.7739,-220.2843,0.861224
-322.5660,9.7470,-218.8607,0.861585
-322.3309,9.7188,-217.4386,0.861943
-322.0956,9.6898,-216.0113,0.862306
-321.8604,9.6605,-214.5813,0.862671
-321.6263,9.6314,-213.1530,0.863036
-321.3932,9.6013,-211.7245,0.863398
-321.1596,9.5694,-210.2873,0.863767
-320.9275,9.5374,-208.8509,0.864127
-320.6977,9.5058,-207.4166,0.864492
-320.4689,9.4736,-205.9777,0.864857
-320.2422,9.4407,-204.5398,0.865221
-320.0169,9.4068,-203.0994,0.865589
-319.7920,9.3724,-201.6501,0.865956
-319.5684,9.3370,-200.2046,0.866325
-319.3458,9.3007,-198.7614,0.866686
-319.1218,9.2633,-197.3066,0.867057
-318.8988,9.2249,-195.8528,0.867430
-318.6768,9.1850,-194.4032,0.867790
-318.4537,9.1439,-192.9429,0.868165
-318.2313,9.1008,-191.4873,0.868531
-318.0089,9.0559,-190.0296,0.868900
-317.7843,9.0087,-188.5568,0.869277
-317.5633,8.9613,-187.1065,0.869643
-317.3401,8.9133,-185.6427,0.870013
-317.1163,8.8644,-184.1759,0.870383
-316.8923,8.8138,-182.7089,0.870759
-316.6674,8.7603,-181.2367,0.871127
-316.4419,8.7050,-179.7612,0.871501
-316.2176,8.6490,-178.2951,0.871868
-315.9918,8.5915,-176.8190,0.872246
-315.7669,8.5341,-175.3494,0.872621
-315.5419,8.4762,-173.8781,0.872993
-315.3173,8.4170,-172.4130,0.873359
-315.0918,8.3553,-170.9433,0.873734
-314.8675,8.2925,-169.4829,0.874103
-314.6429,8.2287,-168.0197,0.874469
-314.4190,8.1645,-166.5625,0.874841
-314.1952,8.1000,-165.1062,0.875208
-313.9709,8.0346,-163.6473,0.875573
-313.7480,7.9687,-162.1978,0.875943
-313.5252,7.9023,-160.7486,0.876311
-313.3016,7.8343,-159.2979,0.876677
-313.0789,7.7653,-157.8538,0.877044
-312.8565,7.6947,-156.4130,0.877408
-312.6338,7.6224,-154.9703,0.877775
-312.4108,7.5490,-153.5288,0.878139
-312.1885,7.4751,-152.0934,0.878501
-311.9658,7.4002,-150.6569,0.878866
-311.7433,7.3250,-149.2230,0.879225
-311.5211,7.2495,-147.7918,0.879589
-311.2989,7.1751,-146.3609,0.879951
-311.0782,7.1025,-144.9410,0.880311
-310.8563,7.0295,-143.5145,0.880673
-310.6349,6.9554,-142.0931,0.881030
-310.4132,6.8805,-140.6712,0.881393
-310.1923,6.8055,-139.2554,0.881751
-309.9702,6.7295,-137.8355,0.882104
-309.7484,6.6531,-136.4206,0.882464
-309.5264,6.5772,-135.0056,0.882823
-309.3050,6.5025,-133.5968,0.883176
-309.0829,6.4280,-132.1852,0.883534
-308.8614,6.3546,-130.7823,0.883890
-308.6394,6.2824,-129.3789,0.884241
-308.4165,6.2115,-127.9727,0.884599
-308.1938,6.1418,-126.5735,0.884950
-307.9707,6.0727,-125.1777,0.885299
-307.7460,6.0040,-123.7781,0.885655
-307.5211,5.9370,-122.3851,0.886007
-307.2948,5.8711,-120.9970,0.886355
-307.0649,5.8049,-119.6013,0.886708
-306.8345,5.7388,-118.2154,0.887058
-306.6021,5.6732,-116.8305,0.887408
-306.3663,5.6077,-115.4416,0.887757
-306.1299,5.5426,-114.0636,0.888106
-305.8912,5.4773,-112.6887,0.888451
-305.6492,5.4121,-111.3059,0.888803
-305.4066,5.3487,-109.9348,0.889145
-305.1613,5.2856,-108.5664,0.889494
-304.9131,5.2218,-107.1926,0.889836
-304.6664,5.1589,-105.8329,0.890182
-304.4183,5.0971,-104.4678,0.890527
-304.1693,5.0369,-103.1011,0.890872
-303.9221,4.9778,-101.7466,0.891214
-303.6749,4.9181,-100.3917,0.891555
-303.4262,4.8576,-99.0283,0.891898
-303.1804,4.7985,-97.6798,0.892241
-302.9345,4.7405,-96.3285,0.892581
-302.6897,4.6832,-94.9729,0.892927
-302.4491,4.6277,-93.6317,0.893263
-302.2091,4.5724,-92.2848,0.893607
-301.9716,4.5170,-90.9403,0.893945
-301.7371,4.4617,-89.6000,0.894282
-301.5035,4.4063,-88.2548,0.894624
-301.2726,4.3525,-86.9146,0.894961
-301.0429,4.3002,-85.5781,0.895298
-300.8145,4.2496,-84.2443,0.895634
-300.5856,4.1998,-82.9008,0.895973
-300.3608,4.1507,-81.5788,0.896305
-300.1348,4.1013,-80.2461,0.896642
-299.9078,4.0523,-78.9049,0.896979
-299.6845,4.0062,-77.5823,0.897316
-299.4607,3.9615,-76.2540,0.897647
-299.2372,3.9185,-74.9259,0.897987
-299.0151,3.8760,-73.6065,0.898314
-298.7939,3.8346,-72.2924,0.898645
-298.5714,3.7935,-70.9706,0.898977
-298.3492,3.7530,-69.6509,0.899311
-298.1283,3.7130,-68.3383,0.899642
-297.9076,3.6736,-67.0266,0.899972
-297.6876,3.6348,-65.7177,0.900305
-297.4664,3.5963,-64.4019,0.900635
-297.2476,3.5585,-63.0988,0.900962
-297.0279,3.5211,-61.7900,0.901291
-296.8092,3.4835,-60.4857,0.901621
-296.5925,3.4466,-59.1912,0.901948
-296.3748,3.4113,-57.8895,0.902274
-296.1575,3.3773,-56.5918,0.902602
-295.9397,3.3437,-55.2898,0.902929
-295.7244,3.3108,-54.0029,0.903252
-295.5082,3.2789,-52.7082,0.903579
-295.2919,3.2478,-51.4147,0.903903
-295.0775,3.2182,-50.1313,0.904228
-294.8625,3.1893,-48.8452,0.904550
-294.6478,3.1614,-47.5626,0.904873
-294.4333,3.1340,-46.2773,0.905199
-294.2209,3.1065,-45.0011,0.905519
-294.0081,3.0798,-43.7197,0.905840
-293.7959,3.0539,-42.4394,0.906164
-293.5857,3.0289,-41.1693,0.906483
-293.3752,3.0044,-39.8966,0.906804
-293.1660,2.9796,-38.6284,0.907123
-292.9570,2.9546,-37.3594,0.907443
-292.7485,2.9306,-36.0916,0.907762
-292.5409,2.9075,-34.8285,0.908080
-292.3335,2.8843,-33.5635,0.908397
-292.1265,2.8603,-32.2996,0.908716
-291.9207,2.8364,-31.0432,0.909034
-291.7138,2.8130,-29.7791,0.909350
-291.5086,2.7901,-28.5268,0.909666
-291.3032,2.7672,-27.2720,0.909983
-291.0988,2.7438,-26.0240,0.910298
-290.8932,2.7211,-24.7670,0.910612
-290.6890,2.6990,-23.5195,0.910928
-290.4859,2.6773,-22.2794,0.911241
-290.2812,2.6555,-21.0302,0.911554
-290.0772,2.6348,-19.7845,0.911868
-289.8753,2.6150,-18.5505,0.912179
-289.6719,2.5957,-17.3090,0.912494
-289.4692,2.5774,-16.0716,0.912803
-289.2677,2.5599,-14.8419,0.913112
-289.0646,2.5420,-13.6030,0.913425
-288.8628,2.5242,-12.3733,0.913734
-288.6617,2.5060,-11.1487,0.914044
-288.4592,2.4878,-9.9148,0.914357
-288.2583,2.4706,-8.6921,0.914664
-288.0565,2.4539,-7.4635,0.914974
-287.8553,2.4394,-6.2399,0.915282
-287.6551,2.4252,-5.0240,0.915588
-287.4550,2.4117,-3.8095,0.915893
-287.2534,2.3983,-2.5866,0.916201
-287.0538,2.3853,-1.3768,0.916507
-286.8535,2.3720,-0.1635,0.916813
-286.6539,2.3584,1.0456,0.917118
-286.4538,2.3441,2.2562,0.917424
-286.2550,2.3294,3.4598,0.917730
-286.0553,2.3132,4.6663,0.918034
-285.8560,2.2969,5.8706,0.918334
-285.6570,2.2812,7.0722,0.918637
-285.4583,2.2658,8.2708,0.918940
-285.2603,2.2508,9.4655,0.919240
-285.0614,2.2357,10.6651,0.919544
-284.8635,2.2207,11.8591,0.919845
-284.6655,2.2058,13.0538,0.920145
-284.4688,2.1914,14.2387,0.920445
-284.2708,2.1772,15.4304,0.920744
-284.0738,2.1634,16.6157,0.921043
-283.8777,2.1497,17.7955,0.921341
-283.6800,2.1353,18.9868,0.921642
-283.4854,2.1202,20.1627,0.921938
-283.2902,2.1045,21.3446,0.922237
-283.0963,2.0889,22.5214,0.922534
-282.9024,2.0738,23.6971,0.922832
-282.7099,2.0605,24.8698,0.923126
-282.5298,2.0487,26.0510,0.923423
-282.3344,2.0351,27.2170,0.923718
-282.1447,2.0208,28.3832,0.924011
-281.9541,2.0060,29.5567,0.924305
-281.7704,2.0039,30.7241,0.924600
-281.5663,1.9911,31.8990,0.924893
-281.3938,1.9845,33.0520,0.925186
-281.2068,1.9758,34.2094,0.925479
-281.0188,1.9685,35.3728,0.925776
-280.8324,1.9617,36.5258,0.926065
-280.6452,1.9548,37.6834,0.926353
-280.4422,1.9436,38.8489,0.926645
-280.2700,1.9435,39.9940,0.926936
-280.0836,1.9384,41.1373,0.927223
-279.8962,1.9332,42.2847,0.927512
-279.7075,1.9283,43.4363,0.927804
-279.5204,1.9236,44.5758,0.928091
-279.3152,1.9098,45.7330,0.928381
-279.1259,1.9125,46.8728,0.928666
-278.9505,1.9107,48.0039,0.928955
-278.7598,1.9083,49.1353,0.929239
-278.5669,1.9059,50.2739,0.929525
-278.3747,1.9035,51.4030,0.929810
-278.1659,1.8879,52.5465,0.930095
-277.9743,1.8936,53.6698,0.930381
-277.7817,1.8994,54.7976,0.930666
-277.6046,1.9001,55.9134,0.930949
-277.4122,1.8997,57.0375,0.931236
-277.2208,1.8998,58.1563,0.931520
-277.0302,1.9002,59.2712,0.931796
-276.8393,1.9006,60.3910,0.932080
-276.6336,1.8901,61.5162,0.932360
-276.4438,1.8964,62.6279,0.932641
-276.2693,1.9028,63.7298,0.932921
-276.0798,1.9039,64.8382,0.933202
-275.8909,1.9050,65.9458,0.933480
-275.7025,1.9059,67.0497,0.933760
-275.5131,1.9064,68.1564,0.934039
-275.3242,1.9070,69.2575,0.934317
-275.1194,1.8932,70.3681,0.934594
-274.9305,1.8989,71.4674,0.934872
-274.7421,1.9063,72.5619,0.935149
-274.5686,1.9137,73.6471,0.935427
-274.3797,1.9170,74.7395,0.935700
-274.1905,1.9203,75.8305,0.935977
-274.0011,1.9241,76.9207,0.936250
-273.8119,1.9297,78.0084,0.936526
-273.6233,1.9357,79.0919,0.936800
-273.4178,1.9233,80.1885,0.937071
-273.2286,1.9333,81.2692,0.937344
-273.0374,1.9437,82.3614,0.937621
-272.8508,1.9551,83.4256,0.937890
-272.6622,1.9659,84.4982,0.938159
-272.4898,1.9751,85.5566,0.938432
-272.3020,1.9822,86.6219,0.938700
-272.1159,1.9901,87.6721,0.938963
-271.9307,1.9983,88.7152,0.939227
-271.7473,2.0064,89.7476,0.939486
-271.5659,2.0143,90.7684,0.939747
-271.3857,2.0219,91.7791,0.940000
-271.2061,2.0286,92.7843,0.940255
-271.0279,2.0349,93.7798,0.940506
-270.8493,2.0410,94.7753,0.940759
-270.6733,2.0470,95.7534,0.941008
-270.4983,2.0526,96.7251,0.941251
-270.3240,2.0576,97.6923,0.941494
-270.1527,2.0624,98.6440,0.941733
-269.9832,2.0670,99.5847,0.941973
-269.8147,2.0715,100.5162,0.942206
-269.6477,2.0758,101.4351,0.942439
-269.4828,2.0797,102.3443,0.942669
-269.3047,2.0826,103.2517,0.942896
-269.1442,2.0850,104.1357,0.943119
-268.9858,2.0823,105.0063,0.943337
-268.8297,2.0794,105.8625,0.943554
-268.6914,2.0984,106.6976,0.943765
-268.5381,2.1024,107.5396,0.943978
-268.3870,2.1063,108.3680,0.944189
-268.2361,2.1101,109.1962,0.944397
-268.0713,2.1093,110.0240,0.944601
-267.9220,2.1087,110.8407,0.944808
-267.7904,2.1244,111.6360,0.945009
-267.6449,2.1298,112.4326,0.945209
-267.4990,2.1352,113.2295,0.945412
-267.3541,2.1407,114.0198,0.945609
-267.1949,2.1371,114.8137,0.945806
-267.0692,2.1537,115.5774,0.945999
-266.9283,2.1607,116.3492,0.946192
-266.7880,2.1677,117.1159,0.946384
-266.6337,2.1737,117.8850,0.946576
-266.4963,2.1682,118.6393,0.946762
-266.3763,2.1894,119.3743,0.946947
-266.2414,2.1971,120.1132,0.947131
-266.0912,2.2038,120.8607,0.947317
-265.9861,2.2116,121.5127,0.947498
-265.8423,2.2196,122.3014,0.947674
-265.7111,2.2268,123.0177,0.947853
-265.5629,2.2314,123.7410,0.948029
-265.4462,2.2405,124.4331,0.948200
-265.3127,2.2471,125.1301,0.948371
-265.1762,2.2532,125.8232,0.948541
-265.0216,2.2482,126.5183,0.948706
-264.8964,2.2638,127.1854,0.948866
-264.7545,2.2687,127.8549,0.949027
-264.5958,2.2681,128.5280,0.949184
-264.4657,2.2777,129.1729,0.949339
-264.3185,2.2818,129.8230,0.949494
-264.1708,2.2858,130.4633,0.949643
-264.0213,2.2896,131.0997,0.949791
-263.8576,2.2904,131.7255,0.949937
-263.7067,2.2958,132.3488,0.950086
-263.5547,2.3015,132.9646,0.950227
-263.4005,2.3071,133.5746,0.950368
-263.2425,2.3126,134.1793,0.950509
-263.0825,2.3182,134.7766,0.950645
-262.9172,2.3233,135.3706,0.950785
-262.7448,2.3284,135.9556,0.950920
-262.5651,2.3329,136.5329,0.951048
-262.3795,2.3372,137.1032,0.951179
-262.1875,2.3412,137.6680,0.951308
-261.9888,2.3447,138.2278,0.951432
-261.7825,2.3478,138.7795,0.951559
-261.5708,2.3506,139.3261,0.951686
-261.3523,2.3528,139.8632,0.951807
-261.1249,2.3547,140.3973,0.951930
-260.8903,2.3559,140.9254,0.952053
-260.6494,2.3567,141.4453,0.952170
-260.4003,2.3571,141.9629,0.952297
-260.1465,2.3570,142.4711,0.952415
-259.8816,2.3566,142.9787,0.952538
-259.6116,2.3560,143.4790,0.952657
-259.3318,2.3554,143.9719,0.952775
-259.0422,2.3547,144.4602,0.952897
-258.7451,2.3542,144.9415,0.953016
-258.4381,2.3536,145.4198,0.953121
-258.1260,2.3528,145.8885,0.953242
-257.8062,2.3516,146.3529,0.953359
-257.4803,2.3500,146.8127,0.953471
-257.1456,2.3480,147.2673,0.953585
-256.8057,2.3459,147.7177,0.953699
-256.4584,2.3436,148.1614,0.953808
-256.1019,2.3411,148.6000,0.953921
-255.7390,2.3385,149.0305,0.954035
-255.3665,2.3358,149.4573,0.954149
-254.9876,2.3331,149.8765,0.954263
-254.6024,2.3302,150.2888,0.954372
-254.2070,2.3272,150.6953,0.954482
-253.8068,2.3239,151.0966,0.954592
-253.3997,2.3204,151.4917,0.954697
-252.9871,2.3167,151.8788,0.954807
-252.5637,2.3128,152.2603,0.954915
-252.1315,2.3086,152.6330,0.955020
-251.6911,2.3042,152.9978,0.955130
-251.2439,2.2996,153.3542,0.955233
-250.7861,2.2947,153.7014,0.955343
-250.3250,2.2898,154.0410,0.955446
-249.8583,2.2848,154.3716,0.955557
-249.3837,2.2798,154.6948,0.955658
-248.9050,2.2751,155.0087,0.955764
-248.4180,2.2705,155.3159,0.955872
-247.9266,2.2659,155.6132,0.955977
-247.4303,2.2615,155.9020,0.956090
-246.9288,2.2568,156.1845,0.956197
-246.4298,2.2520,156.4654,0.956302
-245.9234,2.2471,156.7423,0.956411
-245.4092,2.2423,157.0101,0.956518
-244.8875,2.2376,157.2660,0.956625
-244.3585,2.2329,157.5107,0.956727
-243.8236,2.2285,157.7445,0.956840
-243.2804,2.2241,157.9691,0.956952
-242.7311,2.2197,158.1809,0.957060
-242.1805,2.2152,158.3843,0.957175
-241.6259,2.2107,158.5777,0.957283
-241.0660,2.2058,158.7611,0.957390
-240.5016,2.2008,158.9343,0.957497
-239.9347,2.1959,159.0973,0.957611
-239.3672,2.1906,159.2540,0.957724
-238.7981,2.1855,159.4063,0.957835
-238.2253,2.1801,159.5522,0.957944
-237.6467,2.1745,159.6870,0.958053
-237.0675,2.1685,159.8120,0.958169
-236.4815,2.1626,159.9254,0.958279
-235.8956,2.1567,160.0264,0.958383
-235.3033,2.1506,160.1171,0.958491
-234.7096,2.1449,160.1967,0.958598
-234.1130,2.1394,160.2652,0.958706
-233.5172,2.1342,160.3221,0.958816
-232.9164,2.1294,160.3654,0.958921
-232.3174,2.1251,160.3990,0.959035
-231.7194,2.1207,160.4197,0.959144
-231.1209,2.1163,160.4282,0.959257
-230.5206,2.1118,160.4249,0.959368
-229.9225,2.1074,160.4092,0.959481
-229.3230,2.1032,160.3805,0.959590
-228.7230,2.0993,160.3377,0.959706
-228.1276,2.0956,160.2782,0.959816
-227.5320,2.0921,160.2090,0.959928
-226.9339,2.0889,160.1272,0.960042
-226.3430,2.0858,160.0339,0.960151
-225.7569,2.0827,159.9292,0.960267
-225.1662,2.0794,159.8116,0.960383
-224.5766,2.0763,159.6813,0.960496
-223.9698,2.0730,159.5310,0.960622
-223.4058,2.0700,159.3792,0.960735
-222.8278,2.0670,159.2123,0.960850
-222.2517,2.0640,159.0347,0.960971
-221.6776,2.0608,158.8467,0.961091
-221.1088,2.0574,158.6487,0.961213
-220.5388,2.0539,158.4383,0.961335
-219.9768,2.0505,158.2183,0.961459
-219.4169,2.0471,157.9861,0.961588
-218.8570,2.0437,157.7381,0.961715
-218.3049,2.0406,157.4839,0.961840
-217.7578,2.0375,157.2238,0.961968
-217.2069,2.0347,156.9579,0.962097
-216.6588,2.0319,156.6893,0.962224
-216.1163,2.0292,156.4173,0.962354
-215.5709,2.0231,156.1376,0.962483
-215.0286,2.0140,155.8519,0.962615
-214.4867,2.0047,155.5596,0.962744
-213.9430,1.9954,155.2629,0.962873
-213.3974,1.9861,154.9647,0.963011
-212.8549,1.9764,154.6618,0.963145
-212.3112,1.9674,154.3468,0.963279
-211.7696,1.9582,154.0212,0.963415
-211.2227,1.9491,153.6986,0.963549
-210.6849,1.9498,153.3550,0.963688
-210.1520,1.9522,153.0024,0.963825
-209.6255,1.9336,152.6217,0.963960
-209.0951,1.9559,152.2731,0.964097
-208.5696,1.9396,151.8806,0.964241
-208.0576,1.9552,151.5101,0.964379
-207.5179,1.9481,151.1050,0.964525
-207.0131,1.9270,150.7140,0.964669
-206.5111,1.9113,150.3250,0.964811
-205.9982,1.9083,149.9218,0.964957
-205.4586,1.9140,149.5370,0.965107
-204.9558,1.9187,149.1204,0.965252
-204.4541,1.9225,148.6934,0.965399
-203.9540,1.9259,148.2630,0.965544
-203.4541,1.9295,147.8362,0.965694
-202.9501,1.9337,147.4114,0.965843
-202.4760,1.9216,146.9493,0.965997
-201.9738,1.9141,146.5176,0.966146
-201.4704,1.9064,146.0762,0.966301
-200.9681,1.8996,145.6314,0.966452
-200.4664,1.8930,145.1830,0.966608
-199.9634,1.8868,144.7303,0.966761
-199.4649,1.8807,144.2763,0.966918
-198.9668,1.8749,143.8164,0.967075
-198.4676,1.8693,143.3492,0.967233
-197.9721,1.8640,142.8799,0.967392
-197.4782,1.8588,142.4080,0.967551
-196.9818,1.8538,141.9324,0.967711
-196.4839,1.8491,141.4574,0.967875
-195.9870,1.8442,140.9820,0.968036
-195.4861,1.8391,140.5015,0.968199
-194.9876,1.8338,140.0214,0.968363
-194.4859,1.8283,139.5358,0.968526
-193.9849,1.8219,139.0485,0.968693
-193.4825,1.8150,138.5572,0.968862
-192.9836,1.8079,138.0664,0.969030
-192.4810,1.8004,137.5702,0.969199
-191.9788,1.7930,137.0722,0.969369
-191.4768,1.7843,136.5719,0.969538
-190.9736,1.7746,136.0683,0.969711
-190.4703,1.7649,135.5621,0.969883
-189.9678,1.7553,135.0540,0.970058
-189.4608,1.7457,134.5386,0.970232
-188.9589,1.7362,134.0247,0.970407
-188.4560,1.7263,133.5082,0.970583
-187.9512,1.7167,132.9870,0.970757
-187.4446,1.7072,132.4608,0.970936
-186.9425,1.6982,131.9360,0.971115
-186.4374,1.6895,131.4049,0.971294
-185.9332,1.6806,130.8711,0.971473
-185.4312,1.6719,130.3367,0.971652
-184.9256,1.6633,129.7959,0.971842
-184.4218,1.6548,129.2569,0.972015
-183.9167,1.6462,128.7153,0.972199
-183.4106,1.6372,128.1718,0.972382
-182.9031,1.6280,127.6261,0.972566
-182.3940,1.6184,127.0776,0.972751
-181.8850,1.6086,126.5284,0.972936
-181.3724,1.5983,125.9748,0.973123
-180.8603,1.5881,125.4217,0.973309
-180.3443,1.5775,124.8644,0.973497
-179.8274,1.5666,124.3066,0.973685
-179.3100,1.5554,123.7486,0.973874
-178.7884,1.5439,123.1864,0.974064
-178.2665,1.5320,122.6243,0.974255
-177.7441,1.5202,122.0617,0.974444
-177.2158,1.5084,121.4933,0.974636
-176.6549,1.5025,120.9596,0.974827
-176.1254,1.4862,120.3961,0.975019
-175.5911,1.4694,119.8292,0.975214
-175.0540,1.4530,119.2605,0.975409
-174.5132,1.4371,118.6907,0.975604
-173.9712,1.4218,118.1210,0.975799
-173.4252,1.4053,117.5492,0.975996
-172.8767,1.3888,116.9764,0.976193
-172.3254,1.3723,116.4021,0.976391
-171.7701,1.3558,115.8247,0.976590
-171.2168,1.3391,115.2487,0.976788
-170.6599,1.3215,114.6677,0.976988
-170.1009,1.3034,114.0839,0.977189
-169.5436,1.2849,113.5012,0.977390
-168.9815,1.2657,112.9130,0.977591
-168.4199,1.2464,112.3249,0.977793
-167.8570,1.2268,111.7353,0.977995
-167.3221,1.2023,111.1085,0.978199
-166.7565,1.1850,110.5094,0.978403
-166.1912,1.1676,109.9069,0.978607
-165.6252,1.1501,109.3004,0.978814
-165.0598,1.1328,108.6922,0.979018
-164.4946,1.1157,108.0823,0.979226
-163.9301,1.0989,107.4704,0.979434
-163.3537,1.0963,106.8423,0.979641
-162.7899,1.1247,106.2391,0.979851
-162.2263,1.1006,105.5984,0.980059
-161.6584,1.0752,104.9707,0.980269
-161.0966,1.0434,104.3624,0.980479
-160.5280,1.0255,103.7370,0.980689
-159.9543,1.0074,103.1119,0.980901
-159.3807,0.9894,102.4925,0.981111
-158.7990,0.9709,101.8662,0.981324
-158.2178,0.9522,101.2414,0.981537
-157.6310,0.9327,100.6132,0.981750
-157.0452,0.9129,99.9808,0.981965
-156.4545,0.8954,99.3508,0.982179
-155.8616,0.8785,98.7209,0.982395
-155.2662,0.8613,98.0893,0.982610
-154.6681,0.8437,97.4558,0.982827
-154.0693,0.8316,96.8224,0.983044
-153.4688,0.8153,96.1883,0.983262
-152.8654,0.7990,95.5524,0.983480
-152.2605,0.7828,94.9163,0.983698
-151.6511,0.7664,94.2774,0.983919
-151.0404,0.7515,93.6387,0.984137
-150.4312,0.7363,92.9994,0.984357
-149.8161,0.7210,92.3539,0.984581
-149.2013,0.7057,91.7093,0.984804
-148.5870,0.6919,91.0673,0.985023
-147.9673,0.6776,90.4186,0.985247
-147.3475,0.6633,89.7702,0.985472
-146.7286,0.6491,89.1243,0.985695
-146.1008,0.6351,88.4711,0.985921
-145.4761,0.6223,87.8225,0.986144
-144.8505,0.6094,87.1738,0.986369
-144.2231,0.5965,86.5242,0.986595
-143.5957,0.5836,85.8748,0.986820
-142.9717,0.5732,85.2281,0.987043
-142.3474,0.5628,84.5818,0.987267
-141.7242,0.5525,83.9364,0.987491
-141.1039,0.5423,83.2942,0.987715
-140.4842,0.5330,82.6513,0.987937
-139.8668,0.5247,82.0129,0.988157
-139.2488,0.5164,81.3746,0.988378
-138.6348,0.5081,80.7414,0.988600
-138.0188,0.4994,80.1038,0.988821
-137.4047,0.4913,79.4721,0.989040
-136.7926,0.4832,78.8433,0.989259
-136.1792,0.4751,78.2143,0.989479
-135.5704,0.4672,77.5914,0.989697
-134.9581,0.4594,76.9661,0.989915
-134.3488,0.4516,76.3450,0.990132
-133.7415,0.4439,75.7270,0.990348
-133.1317,0.4361,75.1076,0.990566
-132.5258,0.4289,74.4932,0.990782
-131.9196,0.4207,73.8785,0.990998
-131.3148,0.4129,73.2658,0.991214
-130.7089,0.4056,72.6527,0.991428
-130.1085,0.3987,72.0464,0.991643
-129.5040,0.3919,71.4361,0.991858
-128.9013,0.3851,70.8279,0.992072
-128.3012,0.3790,70.2232,0.992283
-127.6986,0.3734,69.6170,0.992496
-127.0996,0.3681,69.0141,0.992709
-126.5036,0.3629,68.4143,0.992920
-125.9046,0.3573,67.8117,0.993132
-125.3076,0.3513,67.2118,0.993343
-124.7146,0.3453,66.6164,0.993553
-124.1167,0.3393,66.0167,0.993763
-123.5193,0.3334,65.4188,0.993974
-122.9204,0.3275,64.8195,0.994185
-122.3335,0.3213,64.2326,0.994391
-121.7424,0.3149,63.6421,0.994600
-121.1517,0.3087,63.0524,0.994809
-120.5592,0.3024,62.4607,0.995016
-119.9682,0.2964,61.8705,0.995226
-119.3794,0.2905,61.2822,0.995432
-118.7908,0.2843,60.6924,0.995640
-118.2015,0.2781,60.1016,0.995847
-117.6162,0.2713,59.5139,0.996053
-117.0285,0.2640,58.9232,0.996261
-116.4437,0.2565,58.3349,0.996468
-115.8595,0.2492,57.7463,0.996673
-115.2756,0.2427,57.1573,0.996880
-114.6928,0.2368,56.5683,0.997086
-114.1114,0.2309,55.9789,0.997291
-113.5306,0.2252,55.3890,0.997497
-112.9514,0.2200,54.7993,0.997703
-112.3740,0.2153,54.2109,0.997908
-111.7935,0.2113,53.6193,0.998112
-111.2143,0.2074,53.0294,0.998318
-110.6406,0.2040,52.4455,0.998522
-110.0614,0.2006,51.8561,0.998727
-109.4853,0.1973,51.2699,0.998931
-108.9095,0.1942,50.6840,0.999135
-108.3333,0.1912,50.0981,0.999340
-107.7571,0.1893,49.5122,0.999544
-107.1830,0.1874,48.9286,0.999752
-106.6064,0.1856,48.3428,0.999960
