-105.8246,0.1823,47.2127,0.000178
-105.3941,0.1811,46.7844,0.000285
-104.9604,0.1800,46.3532,0.000391
-104.5297,0.1788,45.9248,0.000498
-104.0981,0.1773,45.4955,0.000603
-103.6662,0.1760,45.0649,0.000710
-103.2351,0.1744,44.6340,0.000816
-102.8058,0.1728,44.2038,0.000922
-102.3748,0.1711,43.7712,0.001029
-101.9438,0.1699,43.3382,0.001135
-101.5150,0.1689,42.9069,0.001241
-101.0847,0.1679,42.4739,0.001348
-100.6531,0.1676,42.0395,0.001454
-100.2240,0.1675,41.6069,0.001561
-99.7939,0.1674,41.1730,0.001667
-99.3638,0.1668,40.7395,0.001773
-98.9336,0.1658,40.3063,0.001879
-98.5023,0.1648,39.8723,0.001985
-98.0724,0.1636,39.4399,0.002092
-97.6413,0.1622,39.0063,0.002198
-97.2111,0.1609,38.5737,0.002304
-96.7788,0.1599,38.1392,0.002412
-96.3477,0.1592,37.7060,0.002518
-95.9168,0.1586,37.2732,0.002625
-95.4844,0.1581,36.8386,0.002731
-95.0531,0.1577,36.4055,0.002838
-94.6228,0.1568,35.9730,0.002944
-94.1901,0.1556,35.5382,0.003051
-93.7585,0.1544,35.1043,0.003158
-93.3283,0.1525,34.6720,0.003266
-92.8954,0.1504,34.2366,0.003372
-92.4627,0.1483,33.8016,0.003480
-92.0316,0.1462,33.3680,0.003586
-91.5982,0.1442,32.9322,0.003693
-91.1671,0.1422,32.4985,0.003801
-90.7346,0.1399,32.0634,0.003907
-90.3022,0.1372,31.6283,0.004015
-89.8704,0.1342,31.1942,0.004122
-89.4374,0.1312,30.7590,0.004228
-89.0033,0.1275,30.3226,0.004336
-88.5712,0.1239,29.8883,0.004444
-88.1377,0.1201,29.4525,0.004550
-87.7031,0.1160,29.0163,0.004658
-87.2701,0.1122,28.5813,0.004765
-86.8369,0.1082,28.1463,0.004873
-86.4017,0.1040,27.7092,0.004980
-85.9680,0.1000,27.2739,0.005087
-85.5342,0.0960,26.8381,0.005195
-85.0987,0.0921,26.4005,0.005304
-84.6656,0.0887,25.9647,0.005410
-84.2300,0.0857,25.5264,0.005518
-83.7948,0.0831,25.0886,0.005626
-83.3612,0.0806,24.6522,0.005735
-82.9250,0.0783,24.2131,0.005841
-82.4914,0.0764,23.7771,0.005951
-82.0556,0.0742,23.3389,0.006057
-81.6205,0.0719,22.9013,0.006165
-81.1845,0.0695,22.4629,0.006290
-80.7489,0.0671,22.0250,0.006414
-80.3113,0.0645,21.5850,0.006466
-79.0041,0.0555,20.2705,0.006821
-78.5686,0.0520,19.8324,0.006913
-78.1309,0.0479,19.3921,0.007248
-76.8205,0.0356,18.0744,0.007319
-76.3823,0.0318,17.6341,0.007453
-75.9456,0.0285,17.1952,0.007572
-75.5067,0.0253,16.7541,0.007681
-75.0677,0.0223,16.3127,0.007790
-74.6322,0.0198,15.8751,0.007898
-74.1930,0.0173,15.4338,0.008006
-73.7540,0.0149,14.9927,0.008115
-73.3165,0.0125,14.5533,0.008223
-72.8766,0.0103,14.1116,0.008331
-72.4371,0.0079,13.6706,0.008441
-71.9981,0.0060,13.2304,0.008550
-71.5587,0.0041,12.7900,0.008658
-71.1178,0.0022,12.3481,0.008768
-70.6786,0.0006,11.9079,0.008877
-70.2384,-0.0009,11.4670,0.008985
-69.7970,-0.0024,11.0250,0.009095
-69.3577,-0.0038,10.5852,0.009203
-68.9154,-0.0052,10.1428,0.009312
-68.4741,-0.0067,9.7013,0.009421
-68.0330,-0.0087,9.2602,0.009531
-67.5920,-0.0104,8.8180,0.009639
-67.1509,-0.0123,8.3739,0.009749
-66.7114,-0.0139,7.9301,0.009857
-66.2729,-0.0150,7.4859,0.009967
-65.8315,-0.0162,7.0388,0.010075
-65.3926,-0.0171,6.5953,0.010186
-64.9514,-0.0180,6.1498,0.010295
-64.5104,-0.0190,5.7046,0.010404
-64.0704,-0.0202,5.2604,0.010513
-63.6304,-0.0212,4.8163,0.010623
-63.1890,-0.0223,4.3712,0.010733
-62.7483,-0.0231,3.9269,0.010842
-62.3070,-0.0236,3.4822,0.010951
-61.8637,-0.0244,3.0361,0.011061
-61.4238,-0.0255,2.5940,0.011168
-60.9805,-0.0268,2.1490,0.011279
-60.5373,-0.0288,1.7046,0.011390
-60.0949,-0.0307,1.2609,0.011499
-59.6515,-0.0326,0.8169,0.011608
-59.2080,-0.0346,0.3726,0.011718
-58.7657,-0.0368,-0.0702,0.011827
-58.3223,-0.0388,-0.5143,0.011938
-57.8759,-0.0412,-0.9613,0.012047
-57.4332,-0.0438,-1.4045,0.012157
-56.9897,-0.0461,-1.8486,0.012267
-56.5422,-0.0488,-2.2971,0.012377
-56.1002,-0.0507,-2.7398,0.012487
-55.6557,-0.0522,-3.1853,0.012596
-55.2090,-0.0537,-3.6332,0.012707
-54.7634,-0.0542,-4.0799,0.012817
-54.3202,-0.0545,-4.5241,0.012927
-53.8731,-0.0550,-4.9721,0.013037
-53.4279,-0.0555,-5.4182,0.013147
-52.9841,-0.0563,-5.8627,0.013257
-52.5359,-0.0571,-6.3119,0.013369
-52.0917,-0.0580,-6.7567,0.013478
-51.6457,-0.0584,-7.2035,0.013588
-51.1981,-0.0585,-7.6516,0.013698
-50.7528,-0.0583,-8.0979,0.013809
-50.3073,-0.0576,-8.5440,0.013919
-49.8586,-0.0566,-8.9931,0.014029
-49.4131,-0.0557,-9.4390,0.014140
-48.9675,-0.0547,-9.8850,0.014250
-48.5168,-0.0536,-10.3362,0.014361
-48.0718,-0.0526,-10.7817,0.014471
-47.6245,-0.0517,-11.2296,0.014581
-47.1775,-0.0509,-11.6772,0.014693
-46.7310,-0.0505,-12.1244,0.014802
-46.2853,-0.0501,-12.5708,0.014914
-45.8361,-0.0497,-13.0205,0.015024
-45.3886,-0.0495,-13.4685,0.015135
-44.9427,-0.0493,-13.9148,0.015245
-44.4921,-0.0486,-14.3660,0.015356
-44.0444,-0.0476,-14.8139,0.015467
-43.5959,-0.0461,-15.2627,0.015578
-43.1479,-0.0448,-15.7111,0.015689
-42.7004,-0.0435,-16.1590,0.015799
-42.2512,-0.0423,-16.6084,0.015910
-41.8028,-0.0415,-17.0570,0.016020
-41.3548,-0.0407,-17.5054,0.016131
-40.9043,-0.0394,-17.9560,0.016243
-40.4547,-0.0380,-18.4058,0.016353
-40.0065,-0.0363,-18.8543,0.016465
-39.5577,-0.0347,-19.3033,0.016576
-39.1079,-0.0333,-19.7536,0.016687
-38.6591,-0.0321,-20.2026,0.016797
-38.2117,-0.0311,-20.6501,0.016907
-37.7595,-0.0311,-21.1028,0.017020
-37.3107,-0.0317,-21.5518,0.017131
-36.8624,-0.0328,-22.0003,0.017242
-36.4109,-0.0347,-22.4520,0.017353
-35.9605,-0.0366,-22.9024,0.017464
-35.5123,-0.0389,-23.3505,0.017575
-35.0595,-0.0411,-23.8033,0.017687
-34.6036,-0.0430,-24.2587,0.017800
-34.1603,-0.0450,-24.7018,0.017909
-33.7080,-0.0467,-25.1536,0.018020
-33.2574,-0.0486,-25.6034,0.018132
-32.8064,-0.0503,-26.0536,0.018243
-32.3521,-0.0518,-26.5068,0.018355
-31.9022,-0.0532,-26.9558,0.018466
-31.4513,-0.0543,-27.4058,0.018576
-30.9977,-0.0554,-27.8586,0.018689
-30.5461,-0.0560,-28.3094,0.018800
-30.0937,-0.0567,-28.7610,0.018912
-29.6411,-0.0573,-29.2128,0.019023
-29.1887,-0.0577,-29.6644,0.019135
-28.7356,-0.0582,-30.1164,0.019246
-28.2839,-0.0590,-30.5673,0.019358
-27.8313,-0.0597,-31.0190,0.019469
-27.3799,-0.0604,-31.4692,0.019581
-26.9264,-0.0608,-31.9214,0.019692
-26.4726,-0.0610,-32.3737,0.019804
-26.0178,-0.0611,-32.8271,0.019916
-25.5658,-0.0612,-33.2779,0.020028
-25.1119,-0.0613,-33.7304,0.020139
-24.6586,-0.0613,-34.1824,0.020252
-24.2035,-0.0618,-34.6361,0.020363
-23.7520,-0.0622,-35.0865,0.020474
-23.2993,-0.0627,-35.5380,0.020585
-22.8440,-0.0630,-35.9922,0.020696
-22.3905,-0.0632,-36.4444,0.020810
-21.9355,-0.0631,-36.8983,0.020920
-21.4811,-0.0630,-37.3517,0.021034
-21.0283,-0.0633,-37.8035,0.021146
-20.5735,-0.0639,-38.2573,0.021259
-20.1194,-0.0646,-38.7103,0.021370
-19.6648,-0.0657,-39.1636,0.021482
-19.2122,-0.0668,-39.6150,0.021593
-18.7556,-0.0681,-40.0704,0.021706
-18.3013,-0.0689,-40.5234,0.021817
-17.8475,-0.0697,-40.9759,0.021929
-17.3913,-0.0697,-41.4304,0.022042
-16.9365,-0.0697,-41.8839,0.022153
-16.4808,-0.0693,-42.3382,0.022267
-16.0246,-0.0684,-42.7930,0.022378
-15.5703,-0.0674,-43.2458,0.022490
-15.1155,-0.0661,-43.6992,0.022603
-14.6594,-0.0651,-44.1539,0.022715
-14.2043,-0.0640,-44.6074,0.022826
-13.7478,-0.0632,-45.0623,0.022939
-13.2922,-0.0626,-45.5162,0.023051
-12.8373,-0.0616,-45.9693,0.023163
-12.3802,-0.0607,-46.4247,0.023275
-11.9244,-0.0594,-46.8788,0.023387
-11.4683,-0.0574,-47.3331,0.023499
-11.0132,-0.0555,-47.7866,0.023612
-10.5562,-0.0533,-48.2419,0.023724
-10.0999,-0.0506,-48.6967,0.023836
-9.6436,-0.0479,-49.1511,0.023949
-9.1874,-0.0450,-49.6058,0.024061
-8.7317,-0.0423,-50.0597,0.024174
-8.2738,-0.0396,-50.5161,0.024286
-7.8170,-0.0370,-50.9711,0.024398
-7.3624,-0.0339,-51.4238,0.024511
-6.9040,-0.0305,-51.8803,0.024624
-6.4481,-0.0267,-52.3342,0.024736
-5.9899,-0.0225,-52.7903,0.024848
-5.5339,-0.0178,-53.2443,0.024960
-5.0762,-0.0129,-53.6997,0.025073
-4.6206,-0.0073,-54.1530,0.025185
-4.1632,-0.0015,-54.6087,0.025297
-3.7047,0.0037,-55.0650,0.025410
-3.2498,0.0094,-55.5182,0.025522
-2.7930,0.0148,-55.9728,0.025634
-2.3365,0.0195,-56.4281,0.025748
-1.8807,0.0201,-56.8824,0.025859
-1.4241,0.0203,-57.3372,0.025972
-0.9666,0.0204,-57.7928,0.026085
-0.5090,0.0202,-58.2483,0.026197
-0.0516,0.0198,-58.7037,0.026310
0.4065,0.0197,-59.1599,0.026423
0.8621,0.0198,-59.6137,0.026535
1.3199,0.0202,-60.0696,0.026647
1.7780,0.0205,-60.5257,0.026760
2.2356,0.0208,-60.9813,0.026873
2.6930,0.0214,-61.4367,0.026987
3.1528,0.0220,-61.8943,0.027099
3.6091,0.0227,-62.3485,0.027211
4.0672,0.0236,-62.8042,0.027324
4.5265,0.0247,-63.2609,0.027438
4.9828,0.0257,-63.7147,0.027549
5.4412,0.0268,-64.1702,0.027662
5.9010,0.0275,-64.6273,0.027775
6.3588,0.0281,-65.0822,0.027888
6.8166,0.0282,-65.5372,0.028000
7.2765,0.0284,-65.9941,0.028115
7.7350,0.0283,-66.4495,0.028227
8.1939,0.0277,-66.9057,0.028339
8.6527,0.0270,-67.3616,0.028453
9.1115,0.0262,-67.8175,0.028565
9.5701,0.0254,-68.2731,0.028678
10.0303,0.0249,-68.7305,0.028790
10.4911,0.0240,-69.1881,0.028904
10.9507,0.0232,-69.6446,0.029018
11.4102,0.0223,-70.1010,0.029130
11.8698,0.0212,-70.5573,0.029243
12.3307,0.0201,-71.0150,0.029357
12.7919,0.0182,-71.4729,0.029470
13.2509,0.0162,-71.9284,0.029584
13.7119,0.0142,-72.3861,0.029697
14.1717,0.0119,-72.8425,0.029811
14.6340,0.0097,-73.3016,0.029924
15.0942,0.0076,-73.7589,0.030037
15.5552,0.0062,-74.2166,0.030149
16.0163,0.0053,-74.6745,0.030264
16.4773,0.0047,-75.1323,0.030377
16.9395,0.0043,-75.5915,0.030492
17.3997,0.0039,-76.0486,0.030603
17.8608,0.0032,-76.5066,0.030716
18.3234,0.0027,-76.9660,0.030831
18.7838,0.0022,-77.4232,0.030944
19.2466,0.0017,-77.8826,0.031058
19.7076,0.0009,-78.3404,0.031171
20.1709,0.0000,-78.8005,0.031285
20.6341,-0.0008,-79.2604,0.031400
21.0942,-0.0028,-79.7177,0.031515
21.5568,-0.0047,-80.1773,0.031627
22.0180,-0.0066,-80.6355,0.031741
22.4798,-0.0088,-81.0945,0.031855
22.9422,-0.0111,-81.5541,0.031967
23.4052,-0.0133,-82.0143,0.032081
23.8673,-0.0152,-82.4736,0.032196
24.3308,-0.0172,-82.9343,0.032310
24.7937,-0.0193,-83.3942,0.032424
25.2559,-0.0216,-83.8536,0.032537
25.7181,-0.0244,-84.3133,0.032649
26.1803,-0.0275,-84.7726,0.032763
26.6431,-0.0306,-85.2327,0.032879
27.1066,-0.0337,-85.6935,0.032993
27.5699,-0.0368,-86.1543,0.033107
28.0341,-0.0399,-86.6161,0.033222
28.4968,-0.0414,-87.0762,0.033335
28.9608,-0.0429,-87.5377,0.033450
29.4238,-0.0443,-87.9984,0.033564
29.8875,-0.0448,-88.4597,0.033678
30.3499,-0.0452,-88.9197,0.033790
30.8151,-0.0456,-89.3824,0.033906
31.2770,-0.0460,-89.8419,0.034020
31.7410,-0.0464,-90.3034,0.034133
32.2052,-0.0466,-90.7653,0.034249
32.6681,-0.0460,-91.2257,0.034363
33.1331,-0.0454,-91.6884,0.034476
33.5962,-0.0448,-92.1494,0.034590
34.0605,-0.0443,-92.6116,0.034705
34.5234,-0.0439,-93.0723,0.034820
34.9890,-0.0433,-93.5363,0.034936
35.4514,-0.0426,-93.9974,0.035049
35.9141,-0.0418,-94.4590,0.035163
36.3790,-0.0411,-94.9225,0.035278
36.8418,-0.0400,-95.3846,0.035393
37.3063,-0.0388,-95.8487,0.035507
37.7696,-0.0379,-96.3116,0.035624
38.2327,-0.0373,-96.7747,0.035736
38.6945,-0.0373,-97.2367,0.035852
39.1578,-0.0375,-97.7001,0.035966
39.6211,-0.0376,-98.1637,0.036080
40.0835,-0.0377,-98.6269,0.036193
40.5475,-0.0376,-99.0928,0.036310
41.0094,-0.0370,-99.5580,0.036426
41.4714,-0.0358,-100.0242,0.036539
41.9330,-0.0345,-100.4910,0.036653
42.3936,-0.0332,-100.9577,0.036768
42.8541,-0.0319,-101.4255,0.036883
43.3143,-0.0305,-101.8936,0.036998
43.7742,-0.0292,-102.3622,0.037113
44.2329,-0.0276,-102.8302,0.037229
44.6938,-0.0262,-103.3001,0.037343
45.1525,-0.0247,-103.7672,0.037459
45.6117,-0.0233,-104.2344,0.037572
46.0722,-0.0224,-104.7030,0.037689
46.5306,-0.0217,-105.1693,0.037803
46.9911,-0.0211,-105.6375,0.037918
47.4514,-0.0208,-106.1053,0.038033
47.9114,-0.0206,-106.5727,0.038148
48.3718,-0.0203,-107.0403,0.038262
48.8434,-0.0194,-107.5190,0.038380
49.2932,-0.0184,-107.9755,0.038492
49.7525,-0.0174,-108.4417,0.038608
50.2152,-0.0157,-108.9110,0.038723
50.6767,-0.0141,-109.3791,0.038839
51.1363,-0.0124,-109.8452,0.038951
51.5980,-0.0109,-110.3134,0.039068
52.0588,-0.0094,-110.7805,0.039183
52.5209,-0.0079,-111.2487,0.039296
52.9817,-0.0065,-111.7155,0.039414
53.4418,-0.0050,-112.1816,0.039528
53.9051,-0.0034,-112.6506,0.039645
54.3667,-0.0015,-113.1179,0.039761
54.8266,0.0005,-113.5835,0.039874
55.2889,0.0022,-114.0513,0.039990
55.7502,0.0039,-114.5177,0.040106
56.2115,0.0049,-114.9843,0.040222
56.6739,0.0062,-115.4524,0.040336
57.1365,0.0073,-115.9202,0.040450
57.5969,0.0085,-116.3859,0.040568
58.0592,0.0099,-116.8537,0.040681
58.5193,0.0111,-117.3187,0.040797
58.9761,0.0126,-117.7806,0.040910
59.4340,0.0142,-118.2440,0.041025
59.8903,0.0155,-118.7054,0.041137
60.3465,0.0165,-119.1673,0.041253
60.8010,0.0172,-119.6273,0.041367
61.2544,0.0175,-120.0863,0.041480
61.7052,0.0170,-120.5425,0.041591
62.1581,0.0166,-121.0012,0.041706
62.6106,0.0157,-121.4590,0.041822
63.0566,0.0150,-121.9105,0.041930
63.5062,0.0147,-122.3652,0.042045
63.9548,0.0141,-122.8187,0.042156
64.3996,0.0136,-123.2686,0.042266
64.8469,0.0134,-123.7205,0.042381
65.2920,0.0132,-124.1703,0.042490
65.7353,0.0132,-124.6181,0.042602
66.1797,0.0133,-125.0673,0.042713
66.6214,0.0134,-125.5136,0.042824
67.0616,0.0133,-125.9585,0.042933
67.5022,0.0129,-126.4038,0.043042
67.9417,0.0122,-126.8481,0.043154
68.3805,0.0108,-127.2917,0.043263
68.8187,0.0091,-127.7344,0.043371
69.2527,0.0075,-128.1727,0.043481
69.6891,0.0061,-128.6133,0.043589
70.1264,0.0049,-129.0549,0.043699
70.5585,0.0039,-129.4915,0.043807
70.9909,0.0035,-129.9280,0.043915
71.4232,0.0034,-130.3643,0.044024
71.8548,0.0034,-130.7999,0.044129
72.2844,0.0031,-131.2336,0.044238
72.7152,0.0025,-131.6687,0.044346
73.1425,0.0019,-132.1000,0.044451
73.5695,0.0006,-132.5308,0.044560
73.9963,-0.0009,-132.9616,0.044667
74.4228,-0.0025,-133.3920,0.044773
74.8474,-0.0040,-133.8204,0.044879
75.2709,-0.0052,-134.2478,0.044985
75.6955,-0.0065,-134.6760,0.045090
76.1260,-0.0075,-135.1104,0.045196
76.5426,-0.0080,-135.5306,0.045301
76.9653,-0.0086,-135.9565,0.045408
77.3871,-0.0086,-136.3818,0.045514
77.8113,-0.0087,-136.8094,0.045617
78.2336,-0.0084,-137.2353,0.045722
78.6572,-0.0080,-137.6623,0.045829
79.0833,-0.0076,-138.0918,0.045934
79.5065,-0.0076,-138.5184,0.046041
79.9325,-0.0076,-138.9476,0.046148
80.3581,-0.0080,-139.3764,0.046252
80.7859,-0.0090,-139.8072,0.046359
81.2135,-0.0102,-140.2371,0.046464
81.6503,-0.0117,-140.6760,0.046575
82.0745,-0.0130,-141.1020,0.046679
82.5052,-0.0138,-141.5340,0.046785
82.9371,-0.0145,-141.9670,0.046892
83.3709,-0.0143,-142.4020,0.047000
83.8051,-0.0140,-142.8370,0.047108
84.2387,-0.0137,-143.2715,0.047214
84.6751,-0.0128,-143.7084,0.047325
85.1125,-0.0123,-144.1460,0.047431
85.5506,-0.0115,-144.5836,0.047540
85.9866,-0.0103,-145.0191,0.047648
86.4254,-0.0093,-145.4570,0.047758
86.8652,-0.0082,-145.8953,0.047865
87.3057,-0.0073,-146.3340,0.047975
87.7477,-0.0061,-146.7741,0.048086
88.1896,-0.0049,-147.2135,0.048195
88.6334,-0.0036,-147.6545,0.048304
89.0775,-0.0024,-148.0955,0.048415
89.5218,-0.0009,-148.5368,0.048527
89.9686,-0.0000,-148.9802,0.048634
90.4156,0.0008,-149.4241,0.048746
90.8617,0.0012,-149.8674,0.048858
91.3079,0.0015,-150.3107,0.048966
91.7570,0.0017,-150.7568,0.049079
92.2050,0.0024,-151.2022,0.049186
92.6551,0.0031,-151.6495,0.049301
93.1060,0.0035,-152.0984,0.049410
93.5564,0.0037,-152.5468,0.049525
94.0062,0.0041,-152.9959,0.049635
94.4557,0.0045,-153.4463,0.049747
94.9075,0.0048,-153.9004,0.049861
95.3556,0.0051,-154.3517,0.049973
95.8050,0.0056,-154.8055,0.050085
96.2542,0.0062,-155.2597,0.050195
96.6986,0.0068,-155.7105,0.050306
97.1453,0.0074,-156.1644,0.050419
97.5883,0.0077,-156.6150,0.050530
98.0325,0.0079,-157.0657,0.050637
98.4736,0.0081,-157.5126,0.050751
98.9143,0.0084,-157.9591,0.050856
99.3560,0.0087,-158.4065,0.050969
99.7947,0.0092,-158.8511,0.051080
100.2323,0.0103,-159.2943,0.051190
100.6705,0.0115,-159.7381,0.051297
101.1077,0.0128,-160.1809,0.051407
101.5430,0.0141,-160.6215,0.051516
101.9769,0.0155,-161.0607,0.051623
102.4115,0.0169,-161.5004,0.051733
102.8439,0.0179,-161.9383,0.051840
103.2753,0.0188,-162.3755,0.051948
103.7060,0.0190,-162.8120,0.052052
104.1372,0.0193,-163.2495,0.052161
104.5642,0.0192,-163.6826,0.052267
104.9919,0.0192,-164.1166,0.052374
105.4195,0.0195,-164.5502,0.052484
105.8458,0.0199,-164.9830,0.052590
106.2696,0.0202,-165.4136,0.052693
106.6927,0.0201,-165.8435,0.052796
107.1162,0.0197,-166.2746,0.052901
107.5382,0.0190,-166.7043,0.053009
107.9588,0.0180,-167.1324,0.053111
108.3775,0.0167,-167.5591,0.053219
108.7968,0.0151,-167.9861,0.053323
109.2142,0.0132,-168.4116,0.053427
109.6328,0.0113,-168.8380,0.053531
110.0471,0.0093,-169.2605,0.053635
110.4622,0.0073,-169.6838,0.053739
110.8773,0.0056,-170.1073,0.053841
111.2898,0.0041,-170.5283,0.053945
111.7021,0.0028,-170.9492,0.054048
112.1148,0.0019,-171.3709,0.054149
112.5245,0.0007,-171.7897,0.054252
112.9354,-0.0007,-172.2102,0.054354
113.3443,-0.0020,-172.6287,0.054456
113.7522,-0.0039,-173.0468,0.054559
114.1597,-0.0057,-173.4644,0.054661
114.5666,-0.0074,-173.8819,0.054763
114.9737,-0.0090,-174.2999,0.054863
115.3918,-0.0105,-174.7294,0.054966
115.7853,-0.0113,-175.1340,0.055067
116.1908,-0.0121,-175.5508,0.055169
116.5950,-0.0130,-175.9662,0.055270
116.9998,-0.0136,-176.3819,0.055370
117.4032,-0.0143,-176.7961,0.055471
117.8084,-0.0149,-177.2120,0.055568
118.2106,-0.0153,-177.6250,0.055673
118.6149,-0.0156,-178.0404,0.055773
119.0170,-0.0160,-178.4537,0.055875
119.4184,-0.0163,-178.8666,0.055975
119.8209,-0.0168,-179.2808,0.056076
120.2221,-0.0173,-179.6939,0.056178
120.6222,-0.0176,-180.1062,0.056274
121.0227,-0.0185,-180.5195,0.056377
121.4212,-0.0195,-180.9314,0.056477
121.8209,-0.0204,-181.3448,0.056579
122.2200,-0.0205,-181.7581,0.056677
122.6169,-0.0206,-182.1696,0.056777
123.0146,-0.0198,-182.5824,0.056877
123.4127,-0.0186,-182.9955,0.056980
123.8089,-0.0172,-183.4073,0.057080
124.2042,-0.0157,-183.8185,0.057179
124.6023,-0.0141,-184.2330,0.057279
124.9948,-0.0126,-184.6416,0.057376
125.3901,-0.0115,-185.0528,0.057476
125.7875,-0.0105,-185.4660,0.057576
126.1795,-0.0096,-185.8737,0.057678
126.5743,-0.0088,-186.2843,0.057776
126.9698,-0.0083,-186.6954,0.057877
127.3627,-0.0079,-187.1038,0.057975
127.7562,-0.0071,-187.5132,0.058074
128.1514,-0.0064,-187.9247,0.058175
128.5437,-0.0055,-188.3332,0.058274
128.9368,-0.0046,-188.7427,0.058374
129.3327,-0.0032,-189.1554,0.058474
129.7240,-0.0018,-189.5632,0.058571
130.1168,-0.0007,-189.9722,0.058674
130.5106,0.0002,-190.3826,0.058774
130.9056,0.0005,-190.7937,0.058874
131.2999,0.0008,-191.2038,0.058971
131.6929,0.0007,-191.6126,0.059072
132.0894,0.0007,-192.0245,0.059171
132.4823,0.0008,-192.4327,0.059272
132.8788,0.0009,-192.8443,0.059371
133.2742,0.0014,-193.2546,0.059468
133.6708,0.0018,-193.6657,0.059570
134.0690,0.0021,-194.0784,0.059672
134.4675,0.0025,-194.4911,0.059773
134.8656,0.0029,-194.9030,0.059874
135.2646,0.0029,-195.3158,0.059975
135.6662,0.0030,-195.7308,0.060073
136.0660,0.0031,-196.1436,0.060176
136.4663,0.0032,-196.5566,0.060278
136.8678,0.0035,-196.9695,0.060378
137.2704,0.0042,-197.3837,0.060480
137.6725,0.0048,-197.7969,0.060580
138.0768,0.0055,-198.2122,0.060681
138.4796,0.0064,-198.6252,0.060784
138.8839,0.0073,-199.0393,0.060883
139.2868,0.0079,-199.4518,0.060983
139.6926,0.0083,-199.8671,0.061085
140.0979,0.0081,-200.2821,0.061190
140.5017,0.0074,-200.6959,0.061288
140.9073,0.0062,-201.1113,0.061393
141.3154,0.0048,-201.5292,0.061491
141.7199,0.0034,-201.9434,0.061592
142.1266,0.0024,-202.3596,0.061696
142.5347,0.0016,-202.7770,0.061796
142.9430,0.0016,-203.1947,0.061902
143.3514,0.0016,-203.6127,0.062003
143.7586,0.0023,-204.0296,0.062108
144.1666,0.0030,-204.4471,0.062192
144.5754,0.0040,-204.8654,0.062313
144.9861,0.0048,-205.2859,0.062418
145.3946,0.0054,-205.7039,0.062519
145.8048,0.0062,-206.1236,0.062624
146.2151,0.0071,-206.5431,0.062727
146.6277,0.0076,-206.9651,0.062831
147.0363,0.0080,-207.3832,0.062934
147.4495,0.0080,-207.8057,0.063042
147.8608,0.0079,-208.2257,0.063144
148.2717,0.0076,-208.6452,0.063251
148.6872,0.0072,-209.0688,0.063356
149.0995,0.0069,-209.4883,0.063459
149.5137,0.0067,-209.9094,0.063564
149.9289,0.0065,-210.3312,0.063668
150.3448,0.0066,-210.7530,0.063774
150.7601,0.0069,-211.1742,0.063878
151.1797,0.0072,-211.5989,0.063984
151.5964,0.0077,-212.0208,0.064090
152.0135,0.0080,-212.4428,0.064197
152.4322,0.0081,-212.8660,0.064302
152.8521,0.0079,-213.2898,0.064407
153.2702,0.0078,-213.7111,0.064516
153.6913,0.0075,-214.1349,0.064620
154.1085,0.0072,-214.5542,0.064725
154.5285,0.0069,-214.9756,0.064835
154.9486,0.0069,-215.3967,0.064939
155.3664,0.0068,-215.8150,0.065050
155.7843,0.0066,-216.2332,0.065154
156.2050,0.0065,-216.6547,0.065262
156.6230,0.0065,-217.0739,0.065370
157.0386,0.0064,-217.4907,0.065474
157.4577,0.0065,-217.9112,0.065580
157.8752,0.0067,-218.3301,0.065687
158.2921,0.0071,-218.7489,0.065792
158.7131,0.0077,-219.1713,0.065900
159.1314,0.0085,-219.5909,0.066006
159.5501,0.0094,-220.0110,0.066113
159.9712,0.0101,-220.4340,0.066220
160.3908,0.0107,-220.8555,0.066323
160.8088,0.0114,-221.2756,0.066432
161.2310,0.0119,-221.7003,0.066535
161.6495,0.0121,-222.1212,0.066640
162.0695,0.0124,-222.5437,0.066750
162.4920,0.0126,-222.9688,0.066851
162.9089,0.0127,-223.3883,0.066959
163.3261,0.0126,-223.8082,0.067064
163.7451,0.0125,-224.2296,0.067167
164.1605,0.0123,-224.6476,0.067276
164.5743,0.0121,-225.0641,0.067377
164.9989,0.0116,-225.4917,0.067485
165.4026,0.0110,-225.8981,0.067589
165.8155,0.0105,-226.3141,0.067692
166.2276,0.0103,-226.7290,0.067797
166.6377,0.0101,-227.1423,0.067898
167.0464,0.0096,-227.5539,0.068002
167.4559,0.0091,-227.9659,0.068107
167.8633,0.0088,-228.3759,0.068208
168.2717,0.0086,-228.7867,0.068310
168.6791,0.0079,-229.1970,0.068412
169.0840,0.0071,-229.6043,0.068521
169.4884,0.0063,-230.0113,0.068618
169.8944,0.0052,-230.4195,0.068721
170.2973,0.0043,-230.8246,0.068826
170.6985,0.0034,-231.2284,0.068925
171.1014,0.0026,-231.6339,0.069026
171.5030,0.0023,-232.0379,0.069128
171.9014,0.0020,-232.4390,0.069228
172.3023,0.0019,-232.8428,0.069329
172.7001,0.0022,-233.2433,0.069432
173.0959,0.0023,-233.6418,0.069531
173.4947,0.0025,-234.0432,0.069632
173.8910,0.0028,-234.4417,0.069737
174.2840,0.0033,-234.8370,0.069836
174.6796,0.0038,-235.2349,0.069934
175.0735,0.0040,-235.6310,0.070038
175.4646,0.0041,-236.0244,0.070136
175.8579,0.0041,-236.4196,0.070238
176.2476,0.0036,-236.8115,0.070342
176.6382,0.0030,-237.2044,0.070437
177.0307,0.0024,-237.5992,0.070540
177.4188,0.0021,-237.9893,0.070641
177.8043,0.0017,-238.3769,0.070743
178.1952,0.0012,-238.7702,0.070840
178.5787,0.0008,-239.1560,0.070945
178.9640,0.0003,-239.5438,0.071043
179.3485,-0.0005,-239.9305,0.071144
179.7330,-0.0013,-240.3174,0.071243
180.1151,-0.0027,-240.7016,0.071344
180.4991,-0.0041,-241.0880,0.071443
180.8861,-0.0059,-241.4774,0.071544
181.2605,-0.0074,-241.8541,0.071642
181.6431,-0.0091,-242.2390,0.071741
182.0204,-0.0105,-242.6187,0.071840
182.3998,-0.0118,-243.0002,0.071943
182.7787,-0.0126,-243.3815,0.072041
183.1567,-0.0134,-243.7615,0.072142
183.5314,-0.0142,-244.1383,0.072246
183.9086,-0.0149,-244.5177,0.072348
184.2843,-0.0158,-244.8955,0.072446
184.6571,-0.0167,-245.2705,0.072546
185.0315,-0.0177,-245.6465,0.072651
185.4047,-0.0189,-246.0218,0.072748
185.7748,-0.0203,-246.3936,0.072851
186.1471,-0.0214,-246.7678,0.072950
186.5175,-0.0226,-247.1401,0.073054
186.8845,-0.0237,-247.5086,0.073148
187.2530,-0.0249,-247.8786,0.073249
187.6226,-0.0259,-248.2497,0.073352
187.9869,-0.0267,-248.6154,0.073449
188.3551,-0.0277,-248.9849,0.073552
188.7208,-0.0287,-249.3519,0.073652
189.0835,-0.0298,-249.7159,0.073754
189.4467,-0.0308,-250.0802,0.073853
189.8090,-0.0319,-250.4430,0.073953
190.1702,-0.0325,-250.8050,0.074052
190.5328,-0.0331,-251.1684,0.074149
190.8925,-0.0336,-251.5285,0.074248
191.2508,-0.0338,-251.8868,0.074346
191.6083,-0.0340,-252.2434,0.074441
191.9649,-0.0342,-252.5991,0.074531
192.3177,-0.0344,-252.9505,0.074625
192.6711,-0.0347,-253.3024,0.074718
193.0218,-0.0349,-253.6513,0.074809
193.3704,-0.0351,-253.9977,0.074902
193.7185,-0.0354,-254.3435,0.074988
194.0655,-0.0357,-254.6878,0.075082
194.4080,-0.0362,-255.0279,0.075173
194.7533,-0.0369,-255.3697,0.075258
195.0961,-0.0375,-255.7084,0.075348
195.4369,-0.0381,-256.0441,0.075434
195.7776,-0.0387,-256.3788,0.075523
196.1178,-0.0392,-256.7112,0.075611
196.4566,-0.0396,-257.0413,0.075698
196.7932,-0.0398,-257.3674,0.075783
197.1313,-0.0400,-257.6918,0.075869
197.4688,-0.0403,-258.0133,0.075951
197.8060,-0.0406,-258.3328,0.076039
198.1434,-0.0410,-258.6509,0.076122
198.4784,-0.0415,-258.9650,0.076201
198.8129,-0.0421,-259.2772,0.076286
199.1494,-0.0424,-259.5892,0.076371
199.4833,-0.0424,-259.8980,0.076450
199.8173,-0.0424,-260.2054,0.076534
200.1499,-0.0419,-260.5100,0.076616
200.4853,-0.0413,-260.8155,0.076693
200.8180,-0.0405,-261.1173,0.076776
201.1520,-0.0396,-261.4188,0.076855
201.4861,-0.0387,-261.7184,0.076939
201.8192,-0.0377,-262.0142,0.077016
202.1537,-0.0368,-262.3076,0.077094
202.4907,-0.0361,-262.5989,0.077175
202.8266,-0.0354,-262.8863,0.077253
203.1647,-0.0347,-263.1734,0.077331
203.5019,-0.0341,-263.4580,0.077410
203.8395,-0.0333,-263.7411,0.077489
204.1782,-0.0325,-264.0229,0.077566
204.5165,-0.0317,-264.3010,0.077645
204.8551,-0.0311,-264.5768,0.077722
205.1960,-0.0303,-264.8509,0.077798
205.5362,-0.0296,-265.1216,0.077876
205.8783,-0.0291,-265.3910,0.077953
206.2203,-0.0288,-265.6581,0.078029
206.5631,-0.0287,-265.9214,0.078106
206.9070,-0.0284,-266.1801,0.078183
207.2547,-0.0282,-266.4346,0.078259
207.6026,-0.0280,-266.6840,0.078334
207.9538,-0.0275,-266.9308,0.078410
208.3045,-0.0269,-267.1729,0.078484
208.6568,-0.0261,-267.4125,0.078559
209.0093,-0.0251,-267.6487,0.078634
209.3757,-0.0189,-267.8737,0.078709
209.7298,-0.0128,-268.1023,0.078785
210.0866,-0.0068,-268.3297,0.078857
210.4448,-0.0125,-268.5721,0.078929
210.8014,0.0039,-268.7751,0.079004
211.1605,0.0088,-268.9925,0.079079
211.5221,0.0011,-269.2279,0.079152
211.8831,0.0190,-269.4238,0.079226
212.2469,-0.0053,-269.6522,0.079299
212.6075,0.0178,-269.8593,0.079372
212.9570,0.0032,-270.0536,0.079443
213.3337,0.0153,-270.2633,0.079517
213.6975,0.0387,-270.4605,0.079589
214.0639,0.0121,-270.6526,0.079661
214.4147,0.0153,-270.8306,0.079734
214.7962,0.0101,-271.0233,0.079806
215.1498,-0.0018,-271.1893,0.079877
215.5207,0.0021,-271.3512,0.079949
215.8948,0.0067,-271.5014,0.080021
216.2683,0.0111,-271.6391,0.080092
216.6438,0.0162,-271.7721,0.080163
217.0224,0.0217,-271.8956,0.080234
217.3998,0.0272,-272.0054,0.080306
217.7814,0.0325,-272.1049,0.080377
218.1667,0.0380,-272.1943,0.080448
218.5506,0.0438,-272.2715,0.080519
218.9408,0.0497,-272.3462,0.080590
219.3292,0.0561,-272.4270,0.080661
219.7160,0.0626,-272.5190,0.080731
220.1012,0.0692,-272.6123,0.080802
220.4880,0.0756,-272.7030,0.080872
220.8856,0.0826,-272.7923,0.080944
221.2556,0.0887,-272.8691,0.081012
221.6421,0.0956,-272.9423,0.081081
222.0235,0.1021,-273.0073,0.081151
222.4056,0.1088,-273.0602,0.081221
222.7875,0.1152,-273.1013,0.081290
223.1688,0.1218,-273.1302,0.081359
223.5506,0.1282,-273.1505,0.081428
223.9304,0.1347,-273.1631,0.081497
224.3114,0.1411,-273.1693,0.081566
224.6914,0.1475,-273.1681,0.081634
225.0754,0.1540,-273.1630,0.081703
225.4587,0.1604,-273.1687,0.081771
225.8381,0.2090,-273.1819,0.081839
226.2395,0.2006,-273.1971,0.081907
226.6204,0.2267,-273.2126,0.081976
227.0050,0.2016,-273.2249,0.082043
227.3837,0.2276,-273.2386,0.082111
227.7485,0.2418,-273.2377,0.082178
228.1436,0.2269,-273.2491,0.082246
228.5009,0.2458,-273.2386,0.082312
228.8745,0.2480,-273.2288,0.082379
229.2454,0.2491,-273.2133,0.082445
229.6164,0.2517,-273.1910,0.082513
229.9803,0.2487,-273.1761,0.082578
230.3454,0.2565,-273.1238,0.082644
230.7140,0.2596,-273.0978,0.082710
231.0799,0.2659,-273.0547,0.082774
231.4487,0.2721,-273.0117,0.082839
231.8168,0.2780,-272.9716,0.082904
232.1816,0.2843,-272.9305,0.082968
232.5478,0.2906,-272.8877,0.083032
232.9121,0.2970,-272.8445,0.083096
233.2759,0.3033,-272.7991,0.083162
233.6393,0.3095,-272.7509,0.083226
234.0031,0.3156,-272.7003,0.083291
234.3660,0.3217,-272.6483,0.083355
234.7314,0.3278,-272.5936,0.083423
235.0950,0.3338,-272.5375,0.083489
235.4592,0.3397,-272.4790,0.083557
235.8263,0.3456,-272.4179,0.083623
236.1942,0.3514,-272.3551,0.083691
236.5624,0.3572,-272.2940,0.083758
236.9353,0.3633,-272.2346,0.083825
237.3100,0.3695,-272.1757,0.083894
237.6840,0.3758,-272.1187,0.083960
238.0611,0.3824,-272.0612,0.084029
238.4409,0.3891,-272.0028,0.084098
238.8186,0.3957,-271.9442,0.084165
239.2007,0.4026,-271.8846,0.084233
239.5837,0.4095,-271.8247,0.084301
239.9664,0.4166,-271.7643,0.084370
240.3525,0.4238,-271.7029,0.084437
240.7398,0.4312,-271.6405,0.084506
241.1250,0.4386,-271.5773,0.084575
241.5148,0.4461,-271.5112,0.084643
241.9033,0.4539,-271.4438,0.084715
242.2931,0.4618,-271.3750,0.084783
242.6861,0.4699,-271.3047,0.084858
243.0806,0.4780,-271.2340,0.084929
243.4778,0.4861,-271.1635,0.085001
243.8743,0.4941,-271.0927,0.085075
244.2738,0.5024,-271.0203,0.085150
244.6713,0.5105,-270.9474,0.085225
245.0718,0.5187,-270.8716,0.085299
245.4736,0.5270,-270.7918,0.085374
245.8729,0.5353,-270.7090,0.085450
246.2766,0.5439,-270.6229,0.085526
246.6814,0.5525,-270.5347,0.085600
247.0888,0.5611,-270.4456,0.085675
247.4988,0.5700,-270.3587,0.085751
247.9124,0.5792,-270.2720,0.085828
248.3251,0.5882,-270.1838,0.085904
248.7385,0.5973,-270.0914,0.085979
249.1539,0.6063,-269.9937,0.086055
249.5671,0.6152,-269.8923,0.086132
249.9849,0.6242,-269.7868,0.086209
250.4023,0.6329,-269.6790,0.086287
250.8226,0.6417,-269.5694,0.086364
251.2467,0.6505,-269.4614,0.086440
251.6743,0.6597,-269.3520,0.086522
252.1013,0.6688,-269.2411,0.086600
252.5300,0.6786,-269.1281,0.086681
252.9619,0.6886,-269.0125,0.086762
253.3945,0.6986,-268.8951,0.086842
253.8273,0.7086,-268.7753,0.086922
254.2628,0.7188,-268.6513,0.087003
254.6990,0.7291,-268.5238,0.087084
255.1388,0.7394,-268.3936,0.087168
255.5782,0.7496,-268.2615,0.087247
256.0183,0.7598,-268.1268,0.087330
256.4615,0.7703,-267.9890,0.087416
256.9073,0.7809,-267.8477,0.087497
257.3501,0.7914,-267.7048,0.087581
257.7980,0.8018,-267.5583,0.087665
258.2453,0.8122,-267.4072,0.087751
258.6959,0.8227,-267.2525,0.087837
259.1458,0.8336,-267.0945,0.087922
259.5986,0.8442,-266.9331,0.088009
260.0530,0.8549,-266.7690,0.088096
260.5097,0.8660,-266.6052,0.088183
260.9713,0.8772,-266.4399,0.088274
261.4307,0.8884,-266.2740,0.088362
261.8955,0.8997,-266.1044,0.088451
262.3618,0.9109,-265.9332,0.088542
262.8272,0.9221,-265.7606,0.088631
263.2982,0.9335,-265.5843,0.088720
263.7686,0.9448,-265.4066,0.088812
264.2401,0.9562,-265.2270,0.088906
264.7162,0.9678,-265.0439,0.088999
265.1902,0.9792,-264.8601,0.089090
265.6672,0.9908,-264.6729,0.089186
266.1457,1.0021,-264.4840,0.089280
266.6273,1.0136,-264.2919,0.089374
267.1097,1.0253,-264.0978,0.089468
267.5942,1.0367,-263.9010,0.089563
268.0799,1.0483,-263.7031,0.089658
268.5706,1.0601,-263.5045,0.089756
269.0623,1.0718,-263.3068,0.089854
269.5607,1.0837,-263.1072,0.089953
270.0550,1.0953,-262.9097,0.090047
270.5554,1.1070,-262.7091,0.090147
271.0571,1.1188,-262.5077,0.090245
271.5600,1.1309,-262.3055,0.090342
272.0669,1.1433,-262.1015,0.090446
272.5750,1.1558,-261.8966,0.090550
273.0847,1.1686,-261.6911,0.090651
273.5970,1.1819,-261.4839,0.090753
274.1094,1.1955,-261.2766,0.090854
274.6230,1.2093,-261.0685,0.090960
275.1399,1.2230,-260.8588,0.091064
275.6521,1.2365,-260.6507,0.091167
276.1619,1.2498,-260.4431,0.091271
276.6730,1.2631,-260.2332,0.091378
277.1810,1.2762,-260.0233,0.091479
277.6832,1.2891,-259.8128,0.091583
278.1851,1.3020,-259.5973,0.091689
278.6803,1.3150,-259.3802,0.091788
279.1775,1.3280,-259.1584,0.091891
279.6668,1.3408,-258.9367,0.091994
280.1559,1.3534,-258.7119,0.092097
280.6462,1.3660,-258.4834,0.092202
281.1289,1.3783,-258.2551,0.092302
281.6102,1.3907,-258.0234,0.092404
282.0856,1.4027,-257.7885,0.092504
282.5615,1.4147,-257.5500,0.092603
283.0339,1.4266,-257.3105,0.092708
283.5066,1.4382,-257.0700,0.092807
283.9787,1.4500,-256.8299,0.092909
284.4471,1.4612,-256.5900,0.093006
284.9150,1.4727,-256.3479,0.093106
285.3811,1.4837,-256.1046,0.093210
285.8445,1.4951,-255.8599,0.093307
286.3054,1.5066,-255.6148,0.093405
286.7655,1.5183,-255.3681,0.093506
287.2231,1.5300,-255.1212,0.093602
287.6804,1.5419,-254.8719,0.093701
288.1331,1.5539,-254.6228,0.093800
288.5835,1.5657,-254.3718,0.093898
289.0320,1.5775,-254.1183,0.093991
289.4774,1.5894,-253.8636,0.094090
289.9211,1.6013,-253.6069,0.094187
290.3639,1.6133,-253.3486,0.094284
290.8014,1.6254,-253.0910,0.094378
291.2390,1.6375,-252.8315,0.094475
291.6768,1.6497,-252.5692,0.094571
292.1082,1.6620,-252.3083,0.094669
292.5390,1.6741,-252.0454,0.094761
292.9681,1.6864,-251.7806,0.094857
293.3907,1.6984,-251.5126,0.094951
293.8060,1.7101,-251.2400,0.095046
294.2162,1.7217,-250.9613,0.095138
294.6235,1.7334,-250.6777,0.095230
295.0253,1.7454,-250.3913,0.095324
295.4232,1.7577,-250.1018,0.095415
295.8194,1.7703,-249.8078,0.095508
296.2128,1.7830,-249.5115,0.095599
296.6022,1.7955,-249.2152,0.095690
296.9902,1.8080,-248.9184,0.095780
297.3809,1.8199,-248.6160,0.095872
297.7573,1.8316,-248.3184,0.095963
298.1335,1.8430,-248.0130,0.096052
298.5021,1.8540,-247.7040,0.096143
298.8643,1.8649,-247.3887,0.096234
299.2217,1.8757,-247.0676,0.096326
299.5686,1.8862,-246.7438,0.096414
299.9128,1.8966,-246.4147,0.096501
300.2536,1.9068,-246.0792,0.096592
300.5832,1.9164,-245.7450,0.096679
300.9109,1.9256,-245.4037,0.096769
301.2312,1.9344,-245.0607,0.096853
301.5472,1.9425,-244.7122,0.096941
301.8537,1.9501,-244.3614,0.097026
302.1542,1.9571,-244.0021,0.097120
302.4391,1.9689,-243.6312,0.097200
302.7301,1.9798,-243.2662,0.097286
303.0270,1.9920,-242.9035,0.097372
303.3428,2.0030,-242.5453,0.097456
303.6189,2.0136,-242.1827,0.097543
303.9306,2.0127,-241.8217,0.097628
304.1978,2.0336,-241.4585,0.097712
304.4980,2.0215,-241.0914,0.097796
304.7713,2.0524,-240.7229,0.097880
305.0440,2.0309,-240.3517,0.097964
305.3098,2.0596,-239.9808,0.098046
305.5538,2.0568,-239.6128,0.098132
305.8284,2.0657,-239.2312,0.098214
306.0776,2.0932,-238.8530,0.098295
306.3231,2.0712,-238.4722,0.098378
306.5555,2.0559,-238.1001,0.098461
306.7919,2.0608,-237.7156,0.098543
307.0239,2.0648,-237.3321,0.098624
307.2562,2.0690,-236.9448,0.098707
307.4828,2.0729,-236.5604,0.098788
307.7048,2.0749,-236.1730,0.098869
307.9224,2.0783,-235.7828,0.098950
308.1325,2.0813,-235.3916,0.099031
308.3388,2.0840,-234.9988,0.099111
308.5387,2.0865,-234.6052,0.099190
308.7309,2.0886,-234.2084,0.099270
308.9118,2.0908,-233.8111,0.099349
309.0862,2.0927,-233.4095,0.099429
309.2541,2.0946,-233.0066,0.099508
309.4147,2.0961,-232.6002,0.099587
309.5675,2.0976,-232.1926,0.099666
309.7212,2.0993,-231.7842,0.099745
309.8762,2.1013,-231.3752,0.099824
310.0285,2.1034,-230.9686,0.099902
310.1773,2.1059,-230.5598,0.099980
310.3216,2.1083,-230.1513,0.100058
310.4619,2.1107,-229.7414,0.100136
310.5974,2.1129,-229.3316,0.100213
310.7293,2.1149,-228.9209,0.100291
310.8562,2.1167,-228.5113,0.100369
310.9739,2.1181,-228.0999,0.100446
311.0846,2.1193,-227.6888,0.100523
311.1877,2.1202,-227.2778,0.100600
311.2863,2.1210,-226.8632,0.100677
311.3782,2.1215,-226.4513,0.100751
311.4656,2.1219,-226.0379,0.100828
311.5488,2.1221,-225.6232,0.100906
311.6276,2.1222,-225.2075,0.100981
311.7008,2.1221,-224.7939,0.101058
311.7668,2.1218,-224.3801,0.101132
311.8298,2.1213,-223.9652,0.101208
311.8871,2.1207,-223.5501,0.101284
311.9404,2.1200,-223.1352,0.101360
311.9933,2.1193,-222.7202,0.101435
312.0446,2.1185,-222.3042,0.101511
312.0917,2.1176,-221.8896,0.101586
312.1338,2.1166,-221.4745,0.101662
312.1699,2.1154,-221.0600,0.101736
312.2030,2.1142,-220.6442,0.101812
312.2322,2.1127,-220.2295,0.101887
312.2572,2.1112,-219.8143,0.101963
312.2780,2.1096,-219.4004,0.102036
312.2933,2.1079,-218.9854,0.102112
312.3012,2.1059,-218.5735,0.102186
312.3038,2.1038,-218.1599,0.102261
312.2994,2.1016,-217.7462,0.102337
312.2909,2.0992,-217.3345,0.102412
312.2771,2.0967,-216.9237,0.102489
312.2580,2.1006,-216.5105,0.102563
312.2332,2.0975,-216.1007,0.102639
312.2024,2.0943,-215.6922,0.102714
312.1638,2.0910,-215.2810,0.102789
312.1178,2.0875,-214.8749,0.102864
312.0645,2.0839,-214.4695,0.102939
312.0042,2.0801,-214.0630,0.103014
311.9386,2.0762,-213.6581,0.103089
311.8650,2.0723,-213.2582,0.103164
311.7834,2.0681,-212.8569,0.103240
311.7279,2.0654,-212.6011,0.103315
311.5995,2.0683,-212.0459,0.103389
311.4971,2.0846,-211.6510,0.103462
311.3922,2.0519,-211.2542,0.103537
311.2838,2.0704,-210.8577,0.103611
311.1787,2.0382,-210.4585,0.103687
311.0667,2.0555,-210.0624,0.103761
310.9365,2.0689,-209.6872,0.103837
310.8159,2.0391,-209.2789,0.103913
310.6854,2.0560,-208.8872,0.103989
310.5533,2.0237,-208.4931,0.104064
310.4176,2.0411,-208.1015,0.104139
310.2737,2.0103,-207.7109,0.104217
310.1272,2.0279,-207.3238,0.104295
309.9696,2.0281,-206.9525,0.104371
309.8185,2.0134,-206.5450,0.104450
309.6561,2.0163,-206.1708,0.104525
309.5081,1.9998,-205.7550,0.104602
309.3515,2.0047,-205.3724,0.104681
309.1995,1.9989,-204.9668,0.104760
309.0486,1.9922,-204.5634,0.104837
308.8924,1.9862,-204.1554,0.104920
308.7474,1.9847,-203.7407,0.104996
308.5892,1.9831,-203.3307,0.105078
308.4309,1.9816,-202.9179,0.105158
308.2705,1.9798,-202.5023,0.105239
308.1103,1.9781,-202.0880,0.105321
307.9476,1.9763,-201.6683,0.105401
307.7831,1.9746,-201.2467,0.105486
307.6165,1.9728,-200.8257,0.105568
307.4474,1.9710,-200.4026,0.105653
307.2736,1.9690,-199.9706,0.105740
307.1018,1.9667,-199.5475,0.105826
306.9255,1.9640,-199.1169,0.105913
306.7462,1.9610,-198.6856,0.105999
306.5627,1.9577,-198.2530,0.106085
306.3741,1.9539,-197.8183,0.106173
306.1831,1.9501,-197.3836,0.106260
305.9881,1.9463,-196.9448,0.106348
305.7914,1.9427,-196.5017,0.106440
305.5951,1.9392,-196.0569,0.106531
305.3973,1.9359,-195.6067,0.106620
305.1981,1.9326,-195.1541,0.106718
304.9972,1.9292,-194.6999,0.106806
304.7938,1.9256,-194.2450,0.106899
304.5835,1.9217,-193.7870,0.106991
304.3696,1.9177,-193.3304,0.107090
304.1512,1.9134,-192.8716,0.107187
303.9281,1.9090,-192.4096,0.107280
303.7018,1.9045,-191.9474,0.107376
303.4711,1.8999,-191.4818,0.107475
303.2368,1.8951,-191.0147,0.107573
302.9984,1.8902,-190.5457,0.107672
302.7547,1.8850,-190.0727,0.107772
302.5104,1.8797,-189.6002,0.107872
302.2617,1.8742,-189.1180,0.107975
302.0131,1.8686,-188.6358,0.108078
301.7603,1.8627,-188.1475,0.108182
301.5070,1.8567,-187.6604,0.108287
301.2482,1.8504,-187.1656,0.108391
300.9872,1.8438,-186.6700,0.108494
300.7234,1.8369,-186.1733,0.108603
300.4556,1.8296,-185.6712,0.108704
300.1867,1.8219,-185.1665,0.108814
299.9150,1.8139,-184.6547,0.108921
299.6426,1.8056,-184.1400,0.109038
299.3666,1.7970,-183.6190,0.109147
299.0882,1.7884,-183.0936,0.109259
298.8061,1.7797,-182.5636,0.109372
298.5191,1.7708,-182.0274,0.109489
298.2293,1.7617,-181.4888,0.109603
297.9336,1.7524,-180.9410,0.109723
297.6352,1.7427,-180.3899,0.109843
297.3326,1.7327,-179.8329,0.109961
297.0239,1.7221,-179.2670,0.110084
296.7133,1.7114,-178.6993,0.110205
296.3971,1.7002,-178.1244,0.110329
296.0766,1.6891,-177.5453,0.110450
295.7512,1.6777,-176.9596,0.110579
295.4245,1.6664,-176.3738,0.110701
295.0918,1.6549,-175.7794,0.110828
294.7549,1.6429,-175.1798,0.110955
294.4140,1.6311,-174.5762,0.111083
294.0699,1.6187,-173.9687,0.111210
293.7205,1.6057,-173.3539,0.111339
293.3678,1.5926,-172.7362,0.111468
293.0106,1.5792,-172.1134,0.111598
292.6502,1.5655,-171.4877,0.111725
292.2883,1.5517,-170.8612,0.111855
291.9185,1.5369,-170.2246,0.111984
291.5466,1.5222,-169.5861,0.112118
291.1720,1.5067,-168.9462,0.112253
290.7903,1.4905,-168.2962,0.112384
290.4062,1.4742,-167.6451,0.112519
290.0170,1.4578,-166.9886,0.112652
289.6261,1.4412,-166.3318,0.112788
289.2317,1.4242,-165.6714,0.112926
288.8340,1.4065,-165.0083,0.113065
288.4303,1.3890,-164.3383,0.113206
288.0214,1.3711,-163.6620,0.113347
287.6118,1.3536,-162.9881,0.113485
287.1964,1.3355,-162.3075,0.113628
286.7760,1.3172,-161.6221,0.113771
286.3534,1.2984,-160.9347,0.113914
285.9234,1.2794,-160.2381,0.114062
285.4932,1.2603,-159.5449,0.114206
285.0594,1.2409,-158.8476,0.114352
284.6191,1.2212,-158.1430,0.114500
284.1766,1.2011,-157.4375,0.114648
283.7287,1.1806,-156.7260,0.114797
283.2761,1.1600,-156.0107,0.114949
282.8197,1.1392,-155.2921,0.115099
282.3613,1.1186,-154.5728,0.115251
281.8965,1.0978,-153.8463,0.115407
281.4261,1.0766,-153.1138,0.115563
280.9551,1.0551,-152.3807,0.115716
280.4811,1.0328,-151.6422,0.115871
280.0012,1.0101,-150.8927,0.116031
279.5254,0.9871,-150.1465,0.116187
279.0456,0.9637,-149.3887,0.116345
278.5620,0.9400,-148.6210,0.116506
278.0827,0.9161,-147.8559,0.116668
277.6013,0.8916,-147.0837,0.116826
277.1146,0.8660,-146.2994,0.116993
276.6350,0.8416,-145.5235,0.117154
276.1526,0.8180,-144.7419,0.117317
275.6674,0.7952,-143.9563,0.117484
275.1859,0.7735,-143.1763,0.117647
274.7018,0.7512,-142.3919,0.117809
274.2164,0.7283,-141.6063,0.117975
273.7347,0.7050,-140.8276,0.118135
273.2515,0.6812,-140.0479,0.118298
272.7656,0.6569,-139.2646,0.118460
272.2825,0.6329,-138.4870,0.118625
271.7998,0.6089,-137.7114,0.118786
271.3119,0.5847,-136.9283,0.118950
270.8321,0.5596,-136.1584,0.119112
270.3497,0.5330,-135.3839,0.119272
269.8650,0.5058,-134.6055,0.119433
269.3844,0.4786,-133.8340,0.119595
268.8986,0.4518,-133.0543,0.119755
268.4180,0.4257,-132.2831,0.119917
267.9377,0.3996,-131.5130,0.120075
267.4534,0.3731,-130.7380,0.120237
266.9739,0.3462,-129.9712,0.120395
266.4927,0.3187,-129.2023,0.120556
266.0100,0.2908,-128.4317,0.120716
265.5251,0.2630,-127.6584,0.120874
265.0411,0.2356,-126.8876,0.121035
264.5542,0.2086,-126.1125,0.121193
264.0584,0.1817,-125.3248,0.121356
263.5778,0.1561,-124.5612,0.121514
263.0865,0.1299,-123.7813,0.121675
262.5796,0.1025,-122.9778,0.121844
262.1043,0.0763,-122.2251,0.121999
261.6083,0.0486,-121.4405,0.122160
261.1136,0.0203,-120.6592,0.122322
260.6168,-0.0086,-119.8751,0.122483
260.1165,-0.0387,-119.0859,0.122647
259.6186,-0.0693,-118.3012,0.122810
259.1177,-0.1006,-117.5125,0.122971
258.6151,-0.1320,-116.7221,0.123135
258.1104,-0.1638,-115.9292,0.123301
257.6047,-0.1956,-115.1354,0.123466
257.0984,-0.2274,-114.3410,0.123627
256.5904,-0.2589,-113.5444,0.123794
256.0819,-0.2905,-112.7472,0.123960
255.5681,-0.3224,-111.9417,0.124126
255.0577,-0.3540,-111.1421,0.124291
254.5460,-0.3854,-110.3407,0.124455
254.0303,-0.4165,-109.5329,0.124622
253.5160,-0.4472,-108.7272,0.124788
253.0044,-0.4773,-107.9257,0.124952
252.4897,-0.5074,-107.1194,0.125118
251.9771,-0.5380,-106.3159,0.125283
251.4677,-0.5690,-105.5175,0.125446
250.9546,-0.6017,-104.7131,0.125613
250.4436,-0.6352,-103.9116,0.125776
249.9363,-0.6686,-103.1161,0.125938
249.4288,-0.7023,-102.3193,0.126104
248.9195,-0.7348,-101.5199,0.126266
248.4128,-0.7672,-100.7242,0.126429
247.9070,-0.7986,-99.9293,0.126593
247.3982,-0.8295,-99.1292,0.126758
246.8928,-0.8598,-98.3334,0.126918
246.3898,-0.8899,-97.5398,0.127078
245.8801,-0.9204,-96.7339,0.127246
245.3798,-0.9504,-95.9406,0.127405
244.8796,-0.9807,-95.1448,0.127567
244.3749,-1.0117,-94.3388,0.127730
243.8766,-1.0427,-93.5403,0.127894
243.3765,-1.0744,-92.7365,0.128055
242.8771,-1.1064,-91.9305,0.128219
242.3795,-1.1382,-91.1253,0.128383
241.8829,-1.1695,-90.3188,0.128547
241.3856,-1.2000,-89.5089,0.128712
240.8905,-1.2294,-88.6999,0.128874
240.3937,-1.2584,-87.8857,0.129038
239.9009,-1.2873,-87.0756,0.129203
239.4099,-1.3166,-86.2654,0.129365
238.9161,-1.3472,-85.4475,0.129527
238.4287,-1.3786,-84.6372,0.129691
237.9420,-1.4113,-83.8244,0.129854
237.4563,-1.4443,-83.0096,0.130017
236.9753,-1.4771,-82.1992,0.130180
236.4956,-1.5095,-81.3871,0.130342
236.0162,-1.5418,-80.5711,0.130505
235.5415,-1.5731,-79.7582,0.130663
235.0692,-1.6041,-78.9448,0.130826
234.5993,-1.6351,-78.1298,0.130986
234.1287,-1.6671,-77.3091,0.131149
233.6652,-1.6998,-76.4950,0.131308
233.2023,-1.7335,-75.6757,0.131470
232.7406,-1.7676,-74.8520,0.131632
232.2837,-1.8015,-74.0292,0.131793
231.8320,-1.8351,-73.2086,0.131952
231.3792,-1.8689,-72.3789,0.132114
230.9335,-1.9031,-71.5545,0.132275
230.4885,-1.9381,-70.7257,0.132436
230.0452,-1.9746,-69.8930,0.132596
229.6068,-2.0122,-69.0630,0.132758
229.1689,-2.0505,-68.2279,0.132916
228.7337,-2.0886,-67.3905,0.133077
228.3060,-2.1258,-66.5606,0.133236
227.8772,-2.1633,-65.7222,0.133397
227.4534,-2.2016,-64.8870,0.133555
227.0323,-2.2412,-64.0475,0.133714
226.6134,-2.2822,-63.2044,0.133876
226.1984,-2.3255,-62.3592,0.134039
225.7894,-2.3685,-61.5149,0.134200
225.3826,-2.4122,-60.6647,0.134361
224.9800,-2.4567,-59.8127,0.134520
224.5823,-2.5020,-58.9608,0.134680
224.1887,-2.5474,-58.1072,0.134842
223.7977,-2.5931,-57.2464,0.135001
223.4111,-2.6386,-56.3847,0.135163
223.0306,-2.6839,-55.5258,0.135320
222.6487,-2.7300,-54.6595,0.135483
222.2697,-2.7755,-53.7993,0.135643
221.8909,-2.8211,-52.9374,0.135802
221.5119,-2.8665,-52.0723,0.135964
221.1354,-2.9117,-51.2097,0.136125
220.7593,-2.9567,-50.3455,0.136284
220.3832,-3.0014,-49.4788,0.136443
220.0099,-3.0452,-48.6164,0.136602
219.6369,-3.0884,-47.7532,0.136761
219.2643,-3.1310,-46.8884,0.136919
218.8923,-3.1732,-46.0220,0.137077
218.5229,-3.2149,-45.1551,0.137238
218.1568,-3.2564,-44.2847,0.137390
217.7956,-3.2974,-43.4114,0.137550
217.4401,-3.3382,-42.5410,0.137708
217.0855,-3.3788,-41.6614,0.137866
216.7379,-3.4183,-40.7838,0.138027
216.3971,-3.4570,-39.9037,0.138182
216.0622,-3.4947,-39.0169,0.138343
215.7365,-3.5313,-38.1272,0.138500
215.4186,-3.5675,-37.2308,0.138659
215.1123,-3.6031,-36.3313,0.138815
214.8164,-3.6383,-35.4362,0.138970
214.5274,-3.6738,-34.5315,0.139128
214.2481,-3.7091,-33.6250,0.139284
213.9798,-3.7439,-32.7207,0.139437
213.7190,-3.7785,-31.8067,0.139597
213.4690,-3.8122,-30.8926,0.139756
213.2300,-3.8455,-29.9785,0.139911
213.0018,-3.8784,-29.0576,0.140070
212.7830,-3.9104,-28.1382,0.140227
212.5739,-3.9416,-27.2139,0.140387
212.3747,-3.9722,-26.2850,0.140545
212.1874,-4.0021,-25.3600,0.140705
212.0101,-4.0318,-24.4346,0.140861
211.8405,-4.0618,-23.5037,0.141014
211.6798,-4.0913,-22.5735,0.141170
211.5284,-4.1200,-21.6437,0.141328
211.3837,-4.1478,-20.7053,0.141485
211.2469,-4.1747,-19.7764,0.141642
211.1166,-4.2013,-18.8409,0.141796
210.9923,-4.2279,-17.8982,0.141956
210.8760,-4.2540,-16.9589,0.142113
210.7675,-4.2792,-16.0234,0.142268
210.6648,-4.3040,-15.0763,0.142426
210.5696,-4.3282,-14.1294,0.142584
210.4789,-4.3520,-13.1925,0.142743
210.3915,-4.3759,-12.2428,0.142899
210.3093,-4.3995,-11.2956,0.143059
210.2323,-4.4227,-10.3493,0.143220
210.1597,-4.4459,-9.3944,0.143380
210.0924,-4.4686,-8.4454,0.143540
210.0295,-4.4914,-7.4896,0.143700
209.9713,-4.5144,-6.5316,0.143865
209.9185,-4.5372,-5.5714,0.144024
209.8693,-4.5602,-4.6049,0.144189
209.8253,-4.5831,-3.6385,0.144350
209.7869,-4.6057,-2.6718,0.144515
209.7542,-4.6276,-1.7083,0.144674
209.7268,-4.6493,-0.7328,0.144837
209.7053,-4.6705,0.2409,0.145000
209.6895,-4.6918,1.2149,0.145163
209.6804,-4.7131,2.1913,0.145324
209.6762,-4.7346,3.1751,0.145488
209.6778,-4.7560,4.1528,0.145651
209.6854,-4.7776,5.1366,0.145815
209.6992,-4.7991,6.1259,0.145980
209.7195,-4.8201,7.1049,0.146144
209.7514,-4.8430,8.2194,0.146334
209.7816,-4.8600,9.0852,0.146477
209.8253,-4.8782,10.0807,0.146645
209.8763,-4.8952,11.0706,0.146811
209.9373,-4.9113,12.0655,0.146977
210.0076,-4.9271,13.0648,0.147144
210.0860,-4.9420,14.0553,0.147308
210.1743,-4.9561,15.0513,0.147473
210.2739,-4.9694,16.0480,0.147640
210.3840,-4.9818,17.0389,0.147807
210.5046,-4.9938,18.0329,0.147973
210.6371,-5.0054,19.0257,0.148140
210.7780,-5.0166,20.0145,0.148308
210.9309,-5.0266,21.0081,0.148475
211.0939,-5.0355,21.9921,0.148639
211.2698,-5.0435,22.9839,0.148810
211.4547,-5.0501,23.9694,0.148976
211.6442,-5.0549,24.9545,0.149144
211.8355,-5.0582,25.9320,0.149310
212.0321,-5.0600,26.9099,0.149479
212.2333,-5.0608,27.8912,0.149648
212.4377,-5.0597,28.8674,0.149813
212.6469,-5.0575,29.8479,0.149982
212.8602,-5.0534,30.8284,0.150149
213.0764,-5.0487,31.8065,0.150319
213.2955,-5.0428,32.7821,0.150487
213.5199,-5.0357,33.7660,0.150658
213.7478,-5.0256,34.7415,0.150824
213.9828,-5.0127,35.7199,0.150995
214.2245,-4.9966,36.6995,0.151165
214.4724,-4.9788,37.6804,0.151336
214.7242,-4.9630,38.6527,0.151508
214.9819,-4.9434,39.6263,0.151679
215.2469,-4.9237,40.6034,0.151852
215.5177,-4.8996,41.5738,0.152025
215.7953,-4.8680,42.5400,0.152195
216.0750,-4.8418,43.5100,0.152368
216.3776,-4.8096,44.4799,0.152538
216.6747,-4.7869,45.4338,0.152708
216.9818,-4.7636,46.3886,0.152880
217.2967,-4.7388,47.3376,0.153050
217.6172,-4.7123,48.2794,0.153218
217.9462,-4.6854,49.2207,0.153391
218.2817,-4.6580,50.1543,0.153557
218.6252,-4.6248,51.0861,0.153726
218.9657,-4.5958,52.0068,0.153896
219.3080,-4.5668,52.9294,0.154063
219.6478,-4.5378,53.8419,0.154230
219.9894,-4.5081,54.7556,0.154398
220.3332,-4.4788,55.6698,0.154564
220.6745,-4.4498,56.5744,0.154730
221.0184,-4.4205,57.4836,0.154899
221.3626,-4.3858,58.3899,0.155066
221.7062,-4.3564,59.2888,0.155231
222.0537,-4.3268,60.1915,0.155398
222.4013,-4.2963,61.0898,0.155565
222.7488,-4.2648,61.9827,0.155729
223.0968,-4.2334,62.8744,0.155893
223.4367,-4.1545,63.7435,0.156059
223.7888,-4.1197,64.6509,0.156224
224.1324,-4.0826,65.5379,0.156388
224.4750,-4.0504,66.4245,0.156552
224.8158,-4.0183,67.3083,0.156716
225.1545,-3.9864,68.1893,0.156880
225.4921,-3.9546,69.0698,0.157045
225.8275,-3.9229,69.9476,0.157205
226.1623,-3.8916,70.8263,0.157370
226.4961,-3.8600,71.7049,0.157533
226.8259,-3.8246,72.5763,0.157697
227.1571,-3.7937,73.4533,0.157859
227.4858,-3.7630,74.3251,0.158021
227.8138,-3.7323,75.1955,0.158184
228.1413,-3.7019,76.0651,0.158344
228.4685,-3.6725,76.9338,0.158506
228.7857,-3.6005,77.7748,0.158667
229.1188,-3.5623,78.6594,0.158827
229.4456,-3.5286,79.5260,0.158988
229.7702,-3.4987,80.3866,0.159149
230.0958,-3.4676,81.2496,0.159309
230.4211,-3.4362,82.1108,0.159469
230.7459,-3.4050,82.9681,0.159629
231.0726,-3.3741,83.8272,0.159789
231.3983,-3.3432,84.6824,0.159949
231.7261,-3.3125,85.5398,0.160108
232.0434,-3.2849,86.3672,0.160268
232.3713,-3.2547,87.2204,0.160426
232.7026,-3.2203,88.0832,0.160586
233.0276,-3.1847,88.9316,0.160744
233.3533,-3.1483,89.7810,0.160904
233.6771,-3.1125,90.6265,0.161062
234.0007,-3.0769,91.4753,0.161221
234.3223,-3.0415,92.3246,0.161380
234.6376,-3.0058,93.1635,0.161537
234.9532,-2.9682,94.0104,0.161694
235.2649,-2.9308,94.8532,0.161854
235.5753,-2.8929,95.6998,0.162011
235.8816,-2.8548,96.5439,0.162168
236.1854,-2.8159,97.3899,0.162326
236.4876,-2.7762,98.2355,0.162483
236.7900,-2.7361,99.0832,0.162640
237.0928,-2.6956,99.9305,0.162796
237.3973,-2.6549,100.7775,0.162954
237.7047,-2.6130,101.6254,0.163111
237.9740,-2.5623,102.4817,0.163267
238.2839,-2.5175,103.3278,0.163424
238.5946,-2.4737,104.1676,0.163580
238.9072,-2.4304,105.0068,0.163738
239.2214,-2.3870,105.8472,0.163894
239.5333,-2.3431,106.6839,0.164050
239.8448,-2.2994,107.5215,0.164206
240.1554,-2.2559,108.3586,0.164362
240.4666,-2.2124,109.1981,0.164518
240.7811,-2.1696,110.0356,0.164675
241.1011,-2.1281,110.8652,0.164830
241.4321,-2.0877,111.6994,0.164986
241.7685,-2.0484,112.5270,0.165141
242.1506,-2.0146,113.3413,0.165299
242.4964,-1.9693,114.1625,0.165451
242.8419,-1.9230,114.9822,0.165608
243.1887,-1.8763,115.7985,0.165761
243.5398,-1.8288,116.6179,0.165918
243.8885,-1.7816,117.4266,0.166072
244.2495,-1.7042,118.2512,0.166228
244.6121,-1.6624,119.0647,0.166382
244.9709,-1.6213,119.8665,0.166535
245.3124,-1.5356,120.6606,0.166690
245.6710,-1.4905,121.4656,0.166846
246.0276,-1.4431,122.2684,0.166998
246.4003,-1.3973,123.0796,0.167153
246.7524,-1.3542,123.8791,0.167305
247.1057,-1.3107,124.6851,0.167459
247.4550,-1.2668,125.4884,0.167613
247.8005,-1.2213,126.2922,0.167767
248.1209,-1.1503,127.0827,0.167919
248.4573,-1.0995,127.8884,0.168072
248.7898,-1.0482,128.6918,0.168224
249.1206,-0.9955,129.4992,0.168378
249.4491,-0.9423,130.3058,0.168531
249.7926,-0.8894,131.1187,0.168683
250.1184,-0.8422,131.9268,0.168837
250.4417,-0.7953,132.7308,0.168988
250.7489,-0.7284,133.5320,0.169141
251.0695,-0.6750,134.3323,0.169292
251.3921,-0.6211,135.1386,0.169445
251.7145,-0.5676,135.9455,0.169597
252.0348,-0.5154,136.7474,0.169748
252.3553,-0.4637,137.5505,0.169899
252.6934,-0.4164,138.3628,0.170051
252.9969,-0.3604,139.1583,0.170203
253.3187,-0.3093,139.9572,0.170353
253.6453,-0.2579,140.7617,0.170506
253.9712,-0.2068,141.5617,0.170657
254.2975,-0.1560,142.3592,0.170808
254.6258,-0.1048,143.1599,0.170958
254.9512,-0.0536,143.9550,0.171109
255.2768,-0.0011,144.7529,0.171261
255.6008,0.0513,145.5492,0.171411
255.9228,0.1037,146.3439,0.171561
256.2425,0.1559,147.1369,0.171714
256.5740,0.2065,147.9281,0.171862
256.8925,0.2588,148.7221,0.172013
257.2131,0.3121,149.5207,0.172164
257.5333,0.3649,150.3177,0.172313
257.8519,0.4175,151.1086,0.172464
258.1713,0.4702,151.9002,0.172613
258.4937,0.5230,152.6976,0.172763
258.8132,0.5747,153.4876,0.172913
259.1326,0.6263,154.2773,0.173062
259.4531,0.6777,155.0696,0.173212
259.7742,0.7292,155.8635,0.173363
260.0925,0.7803,156.6518,0.173511
260.4123,0.8317,157.4460,0.173661
260.7288,0.8823,158.2344,0.173810
261.0447,0.9327,159.0226,0.173959
261.3604,0.9830,159.8116,0.174109
261.6759,1.0336,160.6018,0.174258
261.9915,1.0847,161.3935,0.174407
262.3060,1.1363,162.1850,0.174556
262.6180,1.1878,162.9741,0.174706
262.9280,1.2388,163.7630,0.174854
263.2367,1.2897,164.5523,0.175002
263.5439,1.3400,165.3420,0.175151
263.8499,1.3891,166.1319,0.175300
264.1559,1.4383,166.9254,0.175449
264.4590,1.4862,167.7139,0.175597
264.7625,1.5339,168.5022,0.175746
265.0683,1.5820,169.2961,0.175895
265.3723,1.6298,170.0852,0.176041
265.6766,1.6777,170.8753,0.176191
265.9815,1.7252,171.6667,0.176340
266.2861,1.7716,172.4579,0.176487
266.5881,1.8166,173.2424,0.176636
266.8922,1.8607,174.0319,0.176783
267.1950,1.9048,174.8197,0.176932
267.4979,1.9487,175.6071,0.177080
267.8020,1.9928,176.3983,0.177228
268.1046,2.0370,177.1857,0.177376
268.4065,2.0809,177.9719,0.177523
268.7100,2.1248,178.7621,0.177672
269.0117,2.1681,179.5469,0.177819
269.3145,2.2108,180.3327,0.177966
269.6180,2.2536,181.1190,0.178114
269.9218,2.2958,181.9062,0.178262
270.2251,2.3377,182.6908,0.178409
270.5282,2.3796,183.4758,0.178555
270.8327,2.4217,184.2641,0.178703
271.1349,2.4634,185.0465,0.178850
271.4391,2.5055,185.8342,0.178999
271.7415,2.5474,186.6172,0.179146
272.0432,2.5891,187.3982,0.179292
272.3473,2.6310,188.1859,0.179440
272.6494,2.6715,188.9677,0.179587
272.9517,2.7120,189.7503,0.179733
273.2536,2.7515,190.5325,0.179881
273.5565,2.7904,191.3171,0.180027
273.8583,2.8286,192.0989,0.180174
274.1604,2.8669,192.8826,0.180322
274.4636,2.9047,193.6693,0.180469
274.7623,2.9420,194.4449,0.180613
275.0648,2.9794,195.2308,0.180761
275.3651,3.0162,196.0117,0.180908
275.6655,3.0526,196.7933,0.181056
275.9658,3.0884,197.5753,0.181202
276.2655,3.1239,198.3561,0.181349
276.5647,3.1590,199.1371,0.181495
276.8637,3.1943,199.9195,0.181642
277.1623,3.2298,200.7025,0.181787
277.4586,3.2625,201.4802,0.181934
277.7555,3.2905,202.2617,0.182080
278.0518,3.3184,203.0437,0.182227
278.3474,3.3472,203.8259,0.182374
278.6415,3.3765,204.6081,0.182520
278.9351,3.4062,205.3928,0.182666
279.2271,3.4356,206.1742,0.182812
279.5180,3.4640,206.9545,0.182958
279.8088,3.4919,207.7357,0.183104
280.0999,3.5198,208.5178,0.183250
280.3894,3.5480,209.2964,0.183396
280.6794,3.5769,210.0777,0.183542
280.9667,3.6068,210.8536,0.183684
281.2538,3.6369,211.6310,0.183830
281.5396,3.6668,212.4063,0.183973
281.8241,3.6959,213.1794,0.184120
282.1075,3.7238,213.9491,0.184264
282.3908,3.7512,214.7200,0.184407
282.6730,3.7777,215.4880,0.184551
282.9543,3.8040,216.2541,0.184695
283.2360,3.8299,217.0222,0.184837
283.5159,3.8550,217.7849,0.184979
283.7956,3.8792,218.5465,0.185121
284.0768,3.9028,219.3121,0.185264
284.3545,3.9258,220.0684,0.185405
284.6330,3.9485,220.8262,0.185546
284.9110,3.9709,221.5829,0.185687
285.1883,3.9932,222.3372,0.185827
285.4655,4.0153,223.0909,0.185968
285.7426,4.0372,223.8440,0.186109
286.0186,4.0591,224.5934,0.186249
286.2954,4.0809,225.3447,0.186388
286.5636,4.1056,226.0941,0.186527
286.8380,4.1260,226.8387,0.186667
287.1128,4.1464,227.5850,0.186805
287.3796,4.1678,228.3282,0.186943
287.6510,4.1875,229.0686,0.187083
287.9229,4.2073,229.8109,0.187219
288.1929,4.2267,230.5489,0.187358
288.4632,4.2457,231.2876,0.187497
288.7501,4.2605,232.0314,0.187634
289.0021,4.2828,232.7592,0.187770
289.2710,4.3006,233.4920,0.187904
289.5398,4.3181,234.2222,0.188041
289.8283,4.3348,234.9638,0.188178
290.0798,4.3525,235.6827,0.188312
290.3508,4.3692,236.4116,0.188449
290.6212,4.3856,237.1364,0.188584
290.8910,4.4016,237.8584,0.188719
291.1742,4.4147,238.5710,0.188853
291.4330,4.4327,239.3032,0.188989
291.7034,4.4477,240.0211,0.189122
291.9755,4.4625,240.7400,0.189257
292.2643,4.4705,241.4611,0.189390
292.5179,4.4913,242.1652,0.189524
292.7917,4.5053,242.8816,0.189657
293.0627,4.5188,243.5892,0.189790
293.3514,4.5298,244.3046,0.189922
293.6050,4.5455,245.0053,0.190055
293.8756,4.5586,245.7116,0.190188
294.1447,4.5715,246.4146,0.190318
294.4321,4.5805,247.1269,0.190451
294.6835,4.5961,247.8213,0.190583
294.9510,4.6082,248.5204,0.190713
295.2183,4.6201,249.2201,0.190844
295.5022,4.6302,249.9260,0.190975
295.7505,4.6432,250.6141,0.191105
296.0165,4.6545,251.3107,0.191236
296.2820,4.6657,252.0059,0.191367
296.5634,4.6720,252.7046,0.191495
296.8106,4.6876,253.3896,0.191627
297.0742,4.6983,254.0796,0.191754
297.3366,4.7087,254.7662,0.191882
297.6175,4.7138,255.4635,0.192011
297.8612,4.7293,256.1398,0.192139
298.1229,4.7394,256.8250,0.192268
298.3842,4.7495,257.5102,0.192397
298.6464,4.7594,258.1966,0.192523
298.9059,4.7690,258.8756,0.192651
299.1655,4.7786,259.5554,0.192779
299.4242,4.7881,260.2335,0.192904
299.6821,4.7972,260.9091,0.193032
299.9421,4.8065,261.5905,0.193159
300.1983,4.8155,262.2619,0.193285
300.4741,4.8174,262.9468,0.193411
300.7124,4.8326,263.6099,0.193537
300.9687,4.8408,264.2818,0.193662
301.2426,4.8488,264.9609,0.193788
301.4796,4.8565,265.6204,0.193913
301.7354,4.8641,266.2905,0.194038
301.9897,4.8717,266.9567,0.194163
302.2610,4.8729,267.6300,0.194287
302.4963,4.8861,268.2851,0.194411
302.7496,4.8930,268.9486,0.194534
303.0203,4.8989,269.6190,0.194658
303.2558,4.9067,270.2746,0.194781
303.5067,4.9128,270.9325,0.194903
303.7578,4.9188,271.5897,0.195027
304.0269,4.9168,272.2566,0.195150
304.2589,4.9308,272.9024,0.195271
304.5089,4.9368,273.5577,0.195393
304.7760,4.9386,274.2199,0.195516
305.0084,4.9483,274.8658,0.195638
305.2574,4.9540,275.5167,0.195759
305.5058,4.9595,276.1657,0.195879
305.7549,4.9649,276.8160,0.196003
306.0029,4.9703,277.4630,0.196120
306.2513,4.9756,278.1104,0.196243
306.5168,4.9705,278.7638,0.196364
306.7469,4.9860,279.4008,0.196485
306.9937,4.9912,280.0430,0.196605
307.2580,4.9878,280.6929,0.196723
307.4874,5.0012,281.3270,0.196842
307.7335,5.0057,281.9662,0.196961
307.9974,5.0071,282.6137,0.197080
308.2250,5.0148,283.2418,0.197199
308.4715,5.0193,283.8807,0.197316
308.7340,5.0220,284.5220,0.197434
308.9619,5.0282,285.1496,0.197555
309.2079,5.0325,285.7842,0.197670
309.4709,5.0358,286.4221,0.197788
309.7003,5.0408,287.0468,0.197905
309.9471,5.0443,287.6762,0.198025
310.1935,5.0480,288.3017,0.198138
310.4415,5.0515,288.9286,0.198256
310.6904,5.0549,289.5554,0.198372
310.9388,5.0581,290.1782,0.198487
311.1877,5.0613,290.8002,0.198603
311.4380,5.0644,291.4233,0.198716
311.6868,5.0673,292.0401,0.198831
311.9379,5.0700,292.6610,0.198948
312.1885,5.0729,293.2783,0.199061
312.4393,5.0756,293.8946,0.199176
312.6885,5.0782,294.5062,0.199290
312.9385,5.0809,295.1185,0.199405
313.1879,5.0835,295.7274,0.199515
313.4375,5.0860,296.3353,0.199629
313.7012,5.0869,296.9378,0.199741
313.9524,5.0897,297.5420,0.199851
314.2036,5.0928,298.1406,0.199963
314.4572,5.0961,298.7400,0.200074
314.7094,5.0999,299.3311,0.200183
314.9612,5.1036,299.9168,0.200291
315.2121,5.1075,300.4945,0.200398
315.4622,5.1115,301.0642,0.200503
315.7090,5.1152,301.6208,0.200607
315.9549,5.1185,302.1724,0.200708
316.1997,5.1214,302.7184,0.200810
316.4450,5.1243,303.2615,0.200910
316.6892,5.1264,303.8000,0.201010
316.9320,5.1285,304.3379,0.201110
317.1724,5.1304,304.8729,0.201207
317.4113,5.1323,305.4052,0.201307
317.6494,5.1341,305.9358,0.201405
317.8876,5.1359,306.4664,0.201501
318.1255,5.1376,306.9941,0.201597
318.3652,5.1393,307.5213,0.201695
318.6061,5.1409,308.0437,0.201789
318.8490,5.1426,308.5645,0.201886
319.0934,5.1443,309.0821,0.201977
319.3412,5.1462,309.5982,0.202070
319.5935,5.1482,310.1116,0.202163
319.8460,5.1502,310.6178,0.202254
320.1026,5.1523,311.1237,0.202345
320.3626,5.1547,311.6272,0.202437
320.6233,5.1571,312.1239,0.202526
320.8867,5.1596,312.6194,0.202613
321.1517,5.1620,313.1126,0.202702
321.4136,5.1643,313.5986,0.202790
321.6789,5.1663,314.0873,0.202876
321.9446,5.1680,314.5689,0.202965
322.2123,5.1696,315.0483,0.203052
322.4839,5.1710,315.5258,0.203135
322.7595,5.1724,315.9988,0.203223
323.0405,5.1738,316.4677,0.203309
323.3256,5.1753,316.9321,0.203392
323.6158,5.1768,317.3931,0.203477
323.9095,5.1782,317.8461,0.203561
324.2111,5.1796,318.2968,0.203645
324.5160,5.1810,318.7431,0.203727
324.8227,5.1822,319.1808,0.203809
325.1344,5.1835,319.6159,0.203896
325.4493,5.1848,320.0450,0.203975
325.7688,5.1860,320.4699,0.204057
326.0929,5.1876,320.8888,0.204140
326.4209,5.1892,321.3012,0.204220
326.7513,5.1908,321.7066,0.204302
327.0880,5.1924,322.1089,0.204383
327.4266,5.1940,322.5070,0.204463
327.7663,5.1957,322.8970,0.204542
328.1103,5.1973,323.2837,0.204623
328.4595,5.1989,323.6674,0.204700
328.8094,5.2005,324.0419,0.204779
329.1645,5.2021,324.4122,0.204856
329.5255,5.2036,324.7752,0.204935
329.8876,5.2051,325.1325,0.205011
330.2533,5.2065,325.4843,0.205089
330.6235,5.2076,325.8301,0.205164
331.0044,5.2084,326.1736,0.205242
331.3825,5.2090,326.4991,0.205320
331.7688,5.2094,326.8204,0.205396
332.1621,5.2100,327.1360,0.205470
332.5573,5.2104,327.4417,0.205545
332.9588,5.2109,327.7390,0.205619
333.3616,5.2117,328.0303,0.205692
333.7651,5.2125,328.3139,0.205764
334.1682,5.2138,328.5960,0.205839
334.5699,5.2152,328.8746,0.205908
334.9746,5.2168,329.1495,0.205982
335.3821,5.2187,329.4205,0.206052
335.7930,5.2210,329.6867,0.206122
336.2101,5.2235,329.9470,0.206192
336.6285,5.2258,330.2017,0.206263
337.0522,5.2283,330.4529,0.206334
337.4770,5.2307,330.6982,0.206405
337.9078,5.2331,330.9393,0.206478
338.3435,5.2353,331.1742,0.206547
338.7814,5.2372,331.4025,0.206617
339.2242,5.2386,331.6260,0.206690
339.6716,5.2396,331.8425,0.206763
340.1207,5.2405,332.0547,0.206832
340.5698,5.2413,332.2594,0.206901
341.0219,5.2420,332.4582,0.206975
341.4757,5.2427,332.6504,0.207046
341.9298,5.2436,332.8357,0.207113
342.3854,5.2447,333.0144,0.207184
342.8417,5.2461,333.1895,0.207253
343.2947,5.2482,333.3667,0.207323
343.7472,5.2504,333.5474,0.207392
344.2002,5.2527,333.7270,0.207463
344.6558,5.2552,333.9052,0.207534
345.1127,5.2577,334.0808,0.207603
345.5746,5.2603,334.2540,0.207672
346.0407,5.2630,334.4232,0.207748
346.5120,5.2658,334.5879,0.207818
346.9860,5.2685,334.7473,0.207890
347.4677,5.2713,334.9013,0.207962
347.9525,5.2740,335.0508,0.208035
348.4392,5.2767,335.1936,0.208105
348.9306,5.2793,335.3320,0.208178
349.4263,5.2820,335.4662,0.208251
349.9238,5.2846,335.5952,0.208325
350.4245,5.2872,335.7195,0.208397
350.9295,5.2897,335.8391,0.208472
351.4398,5.2922,335.9525,0.208549
351.9526,5.2947,336.0625,0.208619
352.4639,5.2972,336.1662,0.208693
352.9807,5.2997,336.2650,0.208766
353.5002,5.3022,336.3572,0.208842
354.0168,5.3049,336.4413,0.208915
354.5372,5.3076,336.5184,0.208987
355.0578,5.3104,336.5876,0.209064
355.5815,5.3133,336.6465,0.209133
356.1001,5.3162,336.6981,0.209206
356.6208,5.3192,336.7408,0.209279
357.1440,5.3221,336.7738,0.209349
357.6641,5.3247,336.7960,0.209419
358.1815,5.3272,336.8083,0.209492
358.7023,5.3296,336.8115,0.209559
359.2200,5.3319,336.8048,0.209628
359.7335,5.3340,336.7882,0.209700
360.2502,5.3362,336.7601,0.209764
360.7642,5.3382,336.7245,0.209837
361.2756,5.3402,336.6784,0.209904
361.7834,5.3422,336.6213,0.209969
362.2915,5.3442,336.5531,0.210041
362.7967,5.3462,336.4739,0.210107
363.2951,5.3481,336.3849,0.210172
363.7940,5.3499,336.2824,0.210242
364.2895,5.3519,336.1730,0.210308
364.7786,5.3539,336.0544,0.210376
365.2649,5.3562,335.9266,0.210440
365.7494,5.3588,335.7894,0.210505
366.2275,5.3617,335.6437,0.210573
366.7054,5.3648,335.4882,0.210638
367.1753,5.3681,335.3258,0.210700
367.6458,5.3716,335.1594,0.210767
368.1171,5.3751,334.9864,0.210835
368.5852,5.3788,334.8094,0.210899
369.0516,5.3826,334.6248,0.210965
369.5190,5.3865,334.4318,0.211034
369.9823,5.3904,334.2319,0.211098
370.4476,5.3943,334.0229,0.211161
370.9069,5.3982,333.8081,0.211230
371.3656,5.4021,333.5853,0.211297
371.8251,5.4060,333.3513,0.211365
372.2786,5.4096,333.1140,0.211434
372.7325,5.4134,332.8707,0.211499
373.1864,5.4172,332.6248,0.211565
373.6384,5.4212,332.3763,0.211635
374.0898,5.4252,332.1245,0.211701
374.5432,5.4297,331.8714,0.211770
374.9964,5.4342,331.6162,0.211841
375.4509,5.4388,331.3524,0.211914
375.9041,5.4434,331.0794,0.211982
376.3527,5.4477,330.7975,0.212053
376.7997,5.4520,330.5053,0.212124
377.2434,5.4561,330.2039,0.212195
377.6851,5.4600,329.8914,0.212271
378.1224,5.4640,329.5696,0.212346
378.5546,5.4682,329.2394,0.212420
378.9848,5.4729,328.8956,0.212490
379.4082,5.4777,328.5485,0.212565
379.8258,5.4829,328.1957,0.212637
380.2448,5.4883,327.8376,0.212714
380.6609,5.4938,327.4801,0.212786
381.0770,5.4993,327.1159,0.212863
381.4896,5.5046,326.7460,0.212936
381.8995,5.5097,326.3674,0.213011
382.3038,5.5146,325.9808,0.213087
382.7025,5.5193,325.5817,0.213165
383.0940,5.5239,325.1757,0.213240
383.4765,5.5283,324.7610,0.213317
383.8482,5.5325,324.3400,0.213392
384.2114,5.5366,323.9116,0.213467
384.5662,5.5406,323.4758,0.213545
384.9115,5.5443,323.0336,0.213620
385.2470,5.5480,322.5863,0.213696
385.5751,5.5516,322.1303,0.213770
385.9000,5.5551,321.6766,0.213845
386.2234,5.5588,321.2188,0.213926
386.5395,5.5626,320.7598,0.214000
386.8528,5.5663,320.2922,0.214076
387.1606,5.5700,319.8191,0.214153
387.4607,5.5736,319.3432,0.214229
387.7575,5.5773,318.8588,0.214307
388.0475,5.5810,318.3677,0.214386
388.3334,5.5852,317.8719,0.214463
388.6134,5.5895,317.3711,0.214543
388.8865,5.5941,316.8674,0.214630
389.1552,5.5987,316.3576,0.214708
389.4195,5.6036,315.8534,0.214788
389.6873,5.6087,315.3494,0.214871
389.9525,5.6141,314.8504,0.214956
390.2160,5.6194,314.3495,0.215041
390.4776,5.6246,313.8483,0.215125
390.7350,5.6298,313.3491,0.215209
390.9905,5.6350,312.8471,0.215292
391.2399,5.6401,312.3485,0.215378
391.4886,5.6454,311.8432,0.215466
391.7323,5.6507,311.3405,0.215549
391.9715,5.6562,310.8382,0.215636
392.2062,5.6621,310.3281,0.215722
392.4324,5.6677,309.8221,0.215805
392.6549,5.6733,309.3115,0.215893
392.8720,5.6787,308.8001,0.215977
393.0843,5.6840,308.2884,0.216063
393.2918,5.6892,307.7771,0.216152
393.4945,5.6941,307.2662,0.216237
393.6938,5.6989,306.7511,0.216320
393.8869,5.7039,306.2378,0.216409
394.0725,5.7088,305.7201,0.216488
394.2506,5.7136,305.2035,0.216575
394.4216,5.7185,304.6815,0.216662
394.5828,5.7231,304.1589,0.216746
394.7493,5.7282,303.6356,0.216828
394.8935,5.7351,303.1100,0.216913
395.0300,5.7412,302.5836,0.216996
395.1586,5.7462,302.0562,0.217079
395.2778,5.7505,301.5296,0.217160
395.3970,5.7539,301.0064,0.217243
395.5645,5.7507,300.2081,0.217369
395.6882,5.7612,299.7009,0.217455
395.7861,5.7568,299.1671,0.217535
395.9011,5.7636,298.6615,0.217618
395.9897,5.7584,298.1251,0.217696
396.0966,5.7642,297.6217,0.217779
396.1819,5.7582,297.0919,0.217861
396.2933,5.7636,296.5959,0.217946
396.3855,5.7574,296.0707,0.218027
396.4994,5.7639,295.5783,0.218111
396.5912,5.7579,295.0556,0.218195
396.6830,5.7453,294.5600,0.218281
396.7949,5.7556,294.0440,0.218363
396.8958,5.7285,293.5374,0.218446
396.9932,5.7519,293.0342,0.218531
397.0900,5.7242,292.5277,0.218617
397.1839,5.7478,292.0250,0.218704
397.2765,5.7199,291.5220,0.218790
397.3661,5.7452,291.0168,0.218872
397.4546,5.7170,290.5125,0.218962
397.5401,5.7396,290.0117,0.219046
397.6255,5.7110,289.5067,0.219133
397.7085,5.7339,289.0050,0.219219
397.7914,5.7050,288.5040,0.219307
397.8727,5.7266,288.0014,0.219392
397.9531,5.6976,287.4990,0.219489
398.0320,5.7224,286.9968,0.219578
398.1109,5.6935,286.4921,0.219666
398.1880,5.7151,285.9890,0.219760
398.2648,5.6859,285.4813,0.219857
398.3400,5.7080,284.9770,0.219951
398.4145,5.6788,284.4706,0.220044
398.4875,5.7008,283.9669,0.220142
398.5593,5.6710,283.4617,0.220233
398.6395,5.6948,282.9762,0.220330
398.6985,5.6650,282.4591,0.220424
398.7784,5.6865,281.9730,0.220519
398.8354,5.6571,281.4592,0.220616
398.9131,5.6767,280.9759,0.220709
398.9683,5.6481,280.4630,0.220806
399.0447,5.6676,279.9808,0.220901
399.0984,5.6396,279.4691,0.220994
399.1727,5.6584,278.9906,0.221091
399.2245,5.6328,278.4793,0.221188
399.2970,5.6480,278.0018,0.221283
399.3474,5.6240,277.4894,0.221374
399.4193,5.6389,277.0091,0.221471
399.4706,5.6155,276.4960,0.221566
399.5447,5.6291,276.0080,0.221663
399.5974,5.6071,275.4925,0.221757
399.6726,5.6197,275.0022,0.221857
399.7264,5.6023,274.4802,0.221956
399.8030,5.6107,273.9856,0.222048
399.8575,5.5950,273.4576,0.222148
399.9349,5.6008,272.9561,0.222244
399.9904,5.5891,272.4221,0.222341
400.0695,5.5923,271.9150,0.222440
400.1261,5.5838,271.3742,0.222537
400.2061,5.5835,270.8617,0.222639
400.2747,5.5785,270.3291,0.222742
400.3336,5.5538,269.7789,0.222838
400.4149,5.5702,269.2570,0.222941
400.4745,5.5507,268.7021,0.223043
400.5566,5.5615,268.1733,0.223143
400.6172,5.5479,267.6097,0.223244
400.7005,5.5534,267.0774,0.223345
400.7622,5.5464,266.5082,0.223450
400.8472,5.5456,265.9672,0.223557
400.9205,5.5412,265.4081,0.223659
400.9850,5.5222,264.8292,0.223765
401.0732,5.5343,264.2816,0.223868
401.1407,5.5232,263.6983,0.223975
401.2318,5.5276,263.1441,0.224082
401.3125,5.5242,262.5715,0.224186
401.3952,5.5215,261.9952,0.224293
401.4798,5.5187,261.4150,0.224400
401.5545,5.5060,260.8195,0.224507
401.6535,5.5135,260.2522,0.224613
401.7328,5.5105,259.6490,0.224720
401.8385,5.5097,259.0775,0.224829
401.9370,5.5081,258.4885,0.224934
402.0277,5.4930,257.8818,0.225041
402.1438,5.5059,257.3056,0.225150
402.2417,5.5027,256.6960,0.225261
402.3642,5.5053,256.1181,0.225367
402.4782,5.5053,255.5238,0.225475
402.5858,5.4888,254.9167,0.225583
402.7218,5.5070,254.3452,0.225692
402.8429,5.4971,253.7461,0.225798
402.9919,5.5107,253.1815,0.225906
403.1248,5.5056,252.5871,0.226013
403.2746,5.4845,252.0113,0.226116
403.4308,5.5174,251.4399,0.226222
403.5914,5.4968,250.8695,0.226326
403.7560,5.5272,250.3042,0.226435
403.9240,5.4874,249.7524,0.226539
404.0975,5.4885,249.1870,0.226639
404.2712,5.4897,248.6255,0.226743
404.4459,5.4911,248.0657,0.226845
404.6223,5.4927,247.5055,0.226950
404.7991,5.4924,246.9487,0.227052
404.9774,5.4924,246.3922,0.227154
405.1591,5.4908,245.8384,0.227256
405.3469,5.4892,245.2866,0.227357
405.5393,5.4868,244.7437,0.227460
405.7377,5.4845,244.2026,0.227561
405.9414,5.4816,243.6636,0.227664
406.1490,5.4784,243.1300,0.227763
406.3655,5.4745,242.5977,0.227866
406.5865,5.4701,242.0743,0.227966
406.8235,5.4650,241.5407,0.228072
407.0585,5.4594,241.0386,0.228169
407.3042,5.4532,240.5303,0.228271
407.5574,5.4460,240.0244,0.228372
407.8172,5.4384,239.5202,0.228471
408.0790,5.4298,239.0187,0.228574
408.3393,5.4209,238.5128,0.228673
408.5996,5.4106,238.0046,0.228776
408.8617,5.4004,237.4949,0.228877
409.1248,5.3892,236.9899,0.228975
409.3917,5.3781,236.4848,0.229078
409.6621,5.3661,235.9790,0.229179
409.9327,5.3542,235.4770,0.229280
410.2084,5.3419,234.9758,0.229381
410.4915,5.3297,234.4782,0.229483
410.7818,5.3172,233.9858,0.229583
411.0768,5.3049,233.4951,0.229686
411.3781,5.2919,233.0060,0.229788
411.6866,5.2791,232.5185,0.229892
411.9988,5.2657,232.0368,0.229994
412.3188,5.2524,231.5547,0.230098
412.6447,5.2388,231.0745,0.230201
412.9766,5.2253,230.5971,0.230304
413.3148,5.2117,230.1288,0.230406
413.6620,5.1983,229.6633,0.230512
414.0295,5.2160,229.1910,0.230615
414.3877,5.1938,228.7425,0.230719
414.7602,5.1971,228.2820,0.230824
415.1295,5.1633,227.8213,0.230929
415.4960,5.1798,227.3620,0.231033
415.8750,5.1456,226.9031,0.231139
416.2654,5.1137,226.4492,0.231246
416.6488,5.1297,226.0278,0.231351
417.0438,5.0969,225.5632,0.231456
417.4387,5.0977,225.1386,0.231562
417.8357,5.0811,224.6951,0.231668
418.2411,5.0644,224.2499,0.231776
418.6526,5.0476,223.8111,0.231883
419.0737,5.0313,223.3779,0.231991
419.5016,5.0152,222.9516,0.232098
419.9333,4.9997,222.5286,0.232206
420.3631,4.9843,222.0946,0.232315
420.8020,4.9714,221.6758,0.232422
421.2470,4.9580,221.2564,0.232531
421.6961,4.9437,220.8387,0.232640
422.1500,4.9288,220.4222,0.232749
422.6072,4.9128,220.0088,0.232859
423.0701,4.8955,219.5975,0.232969
423.5366,4.8777,219.1872,0.233079
424.0045,4.8594,218.7776,0.233189
424.4772,4.8408,218.3638,0.233300
424.9492,4.8226,217.9535,0.233411
425.4275,4.8048,217.5410,0.233521
425.9068,4.7869,217.1317,0.233634
426.3921,4.7689,216.7247,0.233747
426.8827,4.7510,216.3198,0.233859
427.3800,4.7333,215.9164,0.233973
427.8784,4.7155,215.5119,0.234086
428.3767,4.6981,215.1030,0.234201
428.8768,4.6809,214.6900,0.234315
429.3795,4.6637,214.2737,0.234431
429.8852,4.6465,213.8551,0.234547
430.3879,4.6291,213.4397,0.234662
430.8970,4.6112,213.0218,0.234778
431.4107,4.5928,212.6055,0.234896
431.9243,4.5744,212.1936,0.235014
432.4455,4.5553,211.7792,0.235130
432.9706,4.5359,211.3646,0.235248
433.4949,4.5161,210.9535,0.235366
434.0262,4.4958,210.5397,0.235487
434.5578,4.4752,210.1282,0.235605
435.0949,4.4546,209.7154,0.235724
435.6358,4.4342,209.3034,0.235848
436.1776,4.4137,208.8924,0.235968
436.7240,4.3938,208.4798,0.236089
437.2697,4.3739,208.0672,0.236210
437.8145,4.3540,207.6536,0.236330
438.3568,4.3341,207.2417,0.236451
438.9011,4.3142,206.8282,0.236570
439.4424,4.2942,206.4179,0.236693
439.9841,4.2744,206.0084,0.236813
440.5263,4.2547,205.5991,0.236932
441.0641,4.2352,205.1934,0.237050
441.6040,4.2158,204.7858,0.237170
442.1424,4.1963,204.3790,0.237290
442.6783,4.1768,203.9738,0.237408
443.2157,4.1573,203.5677,0.237527
443.7490,4.1373,203.1645,0.237646
444.2839,4.1170,202.7601,0.237761
444.8176,4.0961,202.3563,0.237882
445.3488,4.0751,201.9548,0.237999
445.8782,4.0535,201.5543,0.238117
446.4099,4.0316,201.1521,0.238234
446.9397,4.0096,200.7513,0.238349
447.4669,3.9880,200.3526,0.238464
447.9944,3.9663,199.9535,0.238582
448.5209,3.9441,199.5552,0.238696
449.0449,3.9219,199.1587,0.238812
449.5702,3.8991,198.7616,0.238927
450.0944,3.8758,198.3651,0.239041
450.6159,3.8527,197.9706,0.239154
451.1394,3.8298,197.5748,0.239268
451.6610,3.8072,197.1800,0.239381
452.1811,3.7857,196.7866,0.239495
452.6997,3.7652,196.3943,0.239607
453.2187,3.7449,196.0011,0.239719
453.7343,3.7254,195.6107,0.239832
454.2521,3.7061,195.2185,0.239944
454.7661,3.6867,194.8292,0.240056
455.2806,3.6670,194.4391,0.240167
455.7960,3.6475,194.0483,0.240278
456.3083,3.6281,193.6598,0.240388
456.8209,3.6081,193.2707,0.240499
457.3286,3.5884,192.8848,0.240611
457.8399,3.5686,192.4959,0.240722
458.3471,3.5489,192.1099,0.240831
458.8566,3.5290,191.7218,0.240942
459.3628,3.5094,191.3358,0.241050
459.8693,3.4899,190.9494,0.241161
460.3786,3.4700,190.5607,0.241273
460.8821,3.4502,190.1756,0.241382
461.3861,3.4301,189.7890,0.241490
461.8942,3.4095,189.3976,0.241601
462.3931,3.3895,189.0103,0.241708
462.8945,3.3697,188.6186,0.241816
463.3972,3.3496,188.2230,0.241926
463.8983,3.3298,187.8254,0.242035
464.3961,3.3105,187.4267,0.242146
464.8962,3.2912,187.0220,0.242253
465.3928,3.2724,186.6149,0.242364
465.8873,3.2538,186.2053,0.242475
466.3816,3.2358,185.7907,0.242582
466.8728,3.2179,185.3729,0.242691
467.3654,3.2008,184.9493,0.242801
467.8519,3.1841,184.5260,0.242911
468.3397,3.1675,184.0966,0.243021
468.8257,3.1508,183.6663,0.243130
469.3109,3.1342,183.2367,0.243240
469.7965,3.1174,182.8043,0.243352
470.2817,3.1006,182.3678,0.243458
470.7628,3.0840,181.9286,0.243568
471.2436,3.0674,181.4824,0.243680
471.7227,3.0508,181.0301,0.243792
472.1980,3.0342,180.5726,0.243901
472.6724,3.0176,180.1060,0.244013
473.1380,3.0013,179.6385,0.244126
473.6041,2.9850,179.1605,0.244237
474.0689,2.9692,178.6783,0.244350
474.5267,2.9534,178.1959,0.244462
474.9852,2.9375,177.7051,0.244574
475.4398,2.9218,177.2101,0.244689
475.8921,2.9055,176.7096,0.244804
476.3391,2.8891,176.2062,0.244917
476.7847,2.8731,175.6959,0.245029
477.2261,2.8580,175.1797,0.245144
477.6653,2.8432,174.6595,0.245258
478.1029,2.8293,174.1365,0.245373
478.5360,2.8162,173.6136,0.245487
478.9689,2.8035,173.0842,0.245602
479.3997,2.7908,172.5504,0.245719
479.8266,2.7787,172.0139,0.245830
480.2519,2.7666,171.4723,0.245948
480.6741,2.7548,170.9276,0.246063
481.0948,2.7435,170.3765,0.246179
481.5133,2.7324,169.8236,0.246295
481.9336,2.7216,169.2656,0.246413
482.3498,2.7116,168.7114,0.246528
482.7663,2.7018,168.1531,0.246646
483.1845,2.6925,167.5889,0.246762
483.5991,2.6833,167.0253,0.246879
484.0137,2.6744,166.4577,0.246998
484.4269,2.6657,165.8870,0.247117
484.8411,2.6568,165.3114,0.247238
485.2528,2.6480,164.7351,0.247358
485.6635,2.6389,164.1557,0.247475
486.0741,2.6298,163.5723,0.247597
486.4824,2.6203,162.9873,0.247718
486.8900,2.6111,162.3984,0.247839
487.2957,2.6017,161.8036,0.247959
487.6980,2.5923,161.2029,0.248081
488.0954,2.5824,160.6007,0.248204
488.4920,2.5722,159.9907,0.248322
488.8847,2.5614,159.3781,0.248443
489.2754,2.5500,158.7602,0.248566
489.6617,2.5380,158.1420,0.248688
490.0462,2.5258,157.5182,0.248812
490.4301,2.5135,156.8887,0.248935
490.8107,2.5016,156.2594,0.249056
491.1907,2.4903,155.6273,0.249179
491.5697,2.4798,154.9908,0.249305
491.9475,2.4697,154.3498,0.249427
492.3213,2.4595,153.7073,0.249553
492.6924,2.4492,153.0611,0.249679
493.0612,2.4386,152.4109,0.249803
493.4253,2.4276,151.7605,0.249928
493.7876,2.4166,151.1011,0.250053
494.1438,2.4054,150.4415,0.250181
494.4956,2.3943,149.7769,0.250309
494.8431,2.3827,149.1057,0.250433
495.1810,2.3710,148.4337,0.250559
495.5148,2.3592,147.7496,0.250685
495.8398,2.3472,147.0622,0.250812
496.1556,2.3356,146.3716,0.250937
496.4624,2.3239,145.6717,0.251067
496.7601,2.3121,144.9725,0.251187
497.0513,2.3001,144.2640,0.251318
497.3321,2.2879,143.5555,0.251440
497.6043,2.2754,142.8427,0.251565
497.8694,2.2628,142.1252,0.251691
498.1285,2.2503,141.4085,0.251818
498.3852,2.2377,140.6905,0.251945
498.6385,2.2252,139.9711,0.252072
498.8874,2.2126,139.2485,0.252198
499.1368,2.1999,138.5134,0.252328
499.3765,2.1878,137.7928,0.252456
499.6157,2.1758,137.0567,0.252585
499.8482,2.1644,136.3218,0.252711
500.0779,2.1530,135.5751,0.252846
500.3012,2.1417,134.8269,0.252977
500.5182,2.1299,134.0788,0.253106
500.7302,2.1173,133.3234,0.253237
500.9396,2.1038,132.5610,0.253368
501.1425,2.0895,131.8009,0.253498
501.3409,2.0746,131.0350,0.253630
501.5341,2.0594,130.2655,0.253765
501.7229,2.0436,129.4916,0.253901
501.9073,2.0266,128.7117,0.254033
502.0865,2.0088,127.9276,0.254168
502.2551,1.9904,127.1418,0.254303
502.4162,1.9718,126.3482,0.254440
502.5680,1.9531,125.5497,0.254577
502.7105,1.9344,124.7487,0.254714
502.8452,1.9148,123.9430,0.254853
502.9723,1.8946,123.1373,0.254987
503.0953,1.8734,122.3269,0.255125
503.2134,1.8507,121.5142,0.255259
503.3246,1.8270,120.6999,0.255398
503.4309,1.8024,119.8842,0.255534
503.5319,1.7763,119.0627,0.255678
503.6267,1.7497,118.2415,0.255817
503.7167,1.7224,117.4224,0.255955
503.8041,1.6951,116.5991,0.256091
503.8883,1.6682,115.7772,0.256233
503.9685,1.6419,114.9602,0.256370
504.0446,1.6160,114.1430,0.256509
504.1159,1.5905,113.3217,0.256647
504.1826,1.5650,112.5059,0.256785
504.2452,1.5398,111.6915,0.256923
504.3042,1.5146,110.8763,0.257060
504.3593,1.4894,110.0653,0.257198
504.4112,1.4640,109.2545,0.257333
504.4604,1.4378,108.4463,0.257470
504.5057,1.4117,107.6372,0.257609
504.5450,1.3897,106.8135,0.257746
504.5941,1.3757,106.0176,0.257881
504.6244,1.3526,105.2179,0.258019
504.6371,1.3283,104.3997,0.258156
504.6602,1.2903,103.5973,0.258291
504.6786,1.2526,102.8006,0.258428
504.7055,1.2590,102.0114,0.258562
504.6999,1.2312,101.2006,0.258695
504.7036,1.1986,100.4077,0.258831
504.7046,1.1622,99.6119,0.258962
504.7013,1.1259,98.8224,0.259098
504.6932,1.1426,98.0308,0.259235
504.6799,1.1077,97.2406,0.259370
504.6624,1.0734,96.4566,0.259502
504.6427,1.0390,95.6749,0.259635
504.6207,1.0561,94.8916,0.259770
504.5946,1.0251,94.1121,0.259901
504.5668,0.9846,93.3423,0.260032
504.5388,0.9379,92.5723,0.260167
504.5116,0.9170,91.8015,0.260299
504.4830,0.8957,91.0302,0.260431
504.4512,0.8744,90.2615,0.260565
504.4175,0.8531,89.4931,0.260695
504.3833,0.8319,88.7305,0.260826
504.3478,0.8108,87.9639,0.260957
504.3132,0.7893,87.2005,0.261088
504.2785,0.7675,86.4432,0.261220
504.2418,0.7455,85.6818,0.261352
504.2038,0.7237,84.9210,0.261481
504.1653,0.7019,84.1672,0.261611
504.1253,0.6796,83.4099,0.261741
504.0839,0.6574,82.6589,0.261871
504.0404,0.6351,81.9061,0.262001
503.9949,0.6128,81.1542,0.262132
503.9480,0.5906,80.4022,0.262260
503.9000,0.5687,79.6589,0.262389
503.8500,0.5473,78.9093,0.262517
503.7991,0.5264,78.1644,0.262646
503.7485,0.5057,77.4238,0.262774
503.6980,0.4851,76.6814,0.262903
503.6482,0.4647,75.9434,0.263030
503.5986,0.4445,75.2073,0.263160
503.5487,0.4242,74.4696,0.263286
503.4987,0.4042,73.7336,0.263413
503.4490,0.3844,73.0024,0.263539
503.3990,0.3646,72.2693,0.263667
503.3481,0.3635,71.5291,0.263793
503.2927,0.3742,70.8004,0.263920
503.2328,0.3492,70.0644,0.264047
503.1738,0.3175,69.3391,0.264172
503.1157,0.2829,68.6159,0.264298
503.0569,0.3001,67.8913,0.264423
502.9991,0.2659,67.1700,0.264549
502.9429,0.2312,66.4515,0.264672
502.8870,0.1965,65.7316,0.264798
502.8319,0.2135,65.0160,0.264923
502.7770,0.1789,64.3014,0.265046
502.7225,0.1472,63.5849,0.265170
502.6828,0.1573,62.8867,0.265294
502.6148,0.1306,62.1650,0.265419
502.5606,0.0964,61.4534,0.265539
502.5261,0.1003,60.8226,0.265667
502.4682,0.0790,60.0544,0.265790
502.4012,0.0450,59.3349,0.265914
502.3481,0.0107,58.6287,0.266039
502.3100,0.0216,57.9435,0.266162
502.2436,-0.0019,57.2265,0.266283
502.1916,-0.0355,56.5284,0.266407
502.1545,-0.0340,55.8459,0.266527
502.1027,-0.0524,55.1472,0.266654
502.0377,-0.0856,54.4411,0.266776
502.0013,-0.0895,53.7615,0.266898
501.9507,-0.1100,53.0670,0.267019
501.8861,-0.1407,52.3646,0.267143
501.8365,-0.1737,51.6769,0.267270
501.8014,-0.1709,50.9997,0.267387
501.7386,-0.1942,50.3031,0.267508
501.6901,-0.2306,49.6186,0.267633
501.6563,-0.2308,48.9454,0.267753
501.6084,-0.2502,48.2623,0.267877
501.5466,-0.2864,47.5698,0.267997
501.5132,-0.2889,46.9024,0.268119
501.4654,-0.3083,46.2197,0.268243
501.4041,-0.3391,45.5327,0.268363
501.3711,-0.3467,44.8663,0.268483
501.3239,-0.3661,44.1940,0.268601
501.2624,-0.3962,43.5075,0.268722
501.2296,-0.4057,42.8447,0.268843
501.1830,-0.4253,42.1768,0.268965
501.1220,-0.4545,41.4938,0.269085
501.0898,-0.4648,40.8363,0.269201
501.0435,-0.4845,40.1679,0.269324
500.9836,-0.5104,39.4916,0.269442
500.9520,-0.5243,38.8358,0.269560
500.9063,-0.5441,38.1733,0.269677
500.8467,-0.5705,37.5002,0.269797
500.8158,-0.5837,36.8476,0.269919
500.7711,-0.6034,36.1884,0.270035
500.7171,-0.6351,35.5336,0.270152
500.6734,-0.6549,34.8730,0.270270
500.6274,-0.6734,34.2145,0.270387
500.5844,-0.6909,33.5603,0.270505
500.5407,-0.7085,32.9054,0.270625
500.4970,-0.7258,32.2544,0.270743
500.4539,-0.7429,31.6022,0.270858
500.4109,-0.7595,30.9481,0.270976
500.3674,-0.7759,30.2981,0.271091
500.3242,-0.7923,29.6514,0.271206
500.2822,-0.8088,29.0002,0.271321
500.2418,-0.8249,28.3581,0.271435
500.2018,-0.8413,27.7127,0.271554
500.1628,-0.8578,27.0682,0.271666
500.1263,-0.8743,26.4205,0.271781
500.0937,-0.8904,25.7878,0.271892
500.0626,-0.9068,25.1443,0.272009
500.0341,-0.9218,24.5053,0.272124
500.0073,-0.9367,23.8694,0.272237
499.9820,-0.9517,23.2284,0.272351
499.9588,-0.9666,22.5924,0.272469
499.9377,-0.9802,21.9542,0.272578
499.9188,-0.9927,21.3185,0.272690
499.9018,-1.0052,20.6806,0.272804
499.8870,-1.0175,20.0496,0.272917
499.8746,-1.0274,19.4159,0.273030
499.8643,-1.0373,18.7809,0.273142
499.8568,-1.0469,18.1512,0.273254
499.8530,-1.0557,17.5190,0.273367
499.8541,-1.0644,16.8905,0.273478
499.8595,-1.0735,16.2620,0.273591
499.8685,-1.0828,15.6284,0.273703
499.8810,-1.0921,15.0018,0.273815
499.8976,-1.1017,14.3737,0.273926
499.9167,-1.1114,13.7435,0.274037
499.9398,-1.1215,13.1140,0.274148
499.9666,-1.1315,12.4839,0.274260
499.9968,-1.1421,11.8515,0.274373
500.0303,-1.1527,11.2186,0.274486
500.0674,-1.1635,10.5836,0.274597
500.1081,-1.1744,9.9486,0.274710
500.1526,-1.1850,9.3126,0.274822
500.2019,-1.1956,8.6738,0.274935
500.2556,-1.2056,8.0370,0.275047
500.3160,-1.2155,7.3989,0.275161
500.3835,-1.2251,6.7649,0.275273
500.4586,-1.2343,6.1258,0.275388
500.5403,-1.2434,5.4877,0.275503
500.6281,-1.2520,4.8525,0.275617
500.7232,-1.2607,4.2139,0.275733
500.8259,-1.2691,3.5789,0.275848
500.9350,-1.2777,2.9403,0.275962
501.0518,-1.2862,2.3036,0.276076
501.1757,-1.2948,1.6692,0.276194
501.3069,-1.3033,1.0355,0.276308
501.4443,-1.3120,0.3996,0.276423
501.5849,-1.3207,-0.2363,0.276540
501.7279,-1.3294,-0.8689,0.276654
501.8765,-1.3380,-1.5051,0.276771
502.0287,-1.3466,-2.1392,0.276887
502.1854,-1.3552,-2.7710,0.276999
502.3473,-1.3634,-3.4039,0.277116
502.5137,-1.3717,-4.0348,0.277232
502.6848,-1.3792,-4.6649,0.277347
502.8608,-1.3867,-5.2930,0.277464
503.0434,-1.3936,-5.9212,0.277580
503.2329,-1.4001,-6.5444,0.277696
503.4279,-1.4062,-7.1699,0.277811
503.6275,-1.4121,-7.7918,0.277927
503.8317,-1.4178,-8.4135,0.278044
504.0389,-1.4232,-9.0385,0.278160
504.2461,-1.4285,-9.6604,0.278278
504.4567,-1.4333,-10.2852,0.278393
504.6705,-1.4381,-10.9102,0.278510
504.8885,-1.4425,-11.5332,0.278627
505.1100,-1.4468,-12.1548,0.278744
505.3357,-1.4509,-12.7759,0.278862
505.5659,-1.4549,-13.3951,0.278980
505.8000,-1.4589,-14.0115,0.279096
506.0402,-1.4627,-14.6313,0.279214
506.2841,-1.4665,-15.2461,0.279330
506.5329,-1.4701,-15.8588,0.279448
506.7880,-1.4737,-16.4709,0.279566
507.0470,-1.4769,-17.0820,0.279682
507.3098,-1.4800,-17.6898,0.279799
507.5785,-1.4831,-18.2993,0.279918
507.8503,-1.4860,-18.9053,0.280039
508.1258,-1.4890,-19.5134,0.280157
508.4030,-1.4919,-20.1224,0.280276
508.6804,-1.4948,-20.7322,0.280394
508.9585,-1.4977,-21.3423,0.280512
509.2382,-1.5000,-21.9534,0.280631
509.5190,-1.5021,-22.5664,0.280748
509.8008,-1.5043,-23.1789,0.280869
510.0834,-1.5064,-23.7905,0.280987
510.3666,-1.5082,-24.4027,0.281107
510.6491,-1.5099,-25.0151,0.281226
510.9320,-1.5116,-25.6297,0.281346
511.2159,-1.5133,-26.2470,0.281464
511.4980,-1.5153,-26.8607,0.281585
511.7820,-1.5176,-27.4785,0.281708
512.0647,-1.5199,-28.0935,0.281825
512.3474,-1.5222,-28.7084,0.281945
512.6315,-1.5245,-29.3268,0.282067
512.9139,-1.5305,-29.9412,0.282185
513.1969,-1.5337,-30.5560,0.282306
513.4813,-1.5364,-31.1723,0.282427
513.7657,-1.5392,-31.7853,0.282545
514.0515,-1.5418,-32.3977,0.282666
514.3397,-1.5446,-33.0123,0.282787
514.6279,-1.5479,-33.6241,0.282907
514.9178,-1.5524,-34.2376,0.283027
515.2073,-1.5571,-34.8470,0.283148
515.4984,-1.5618,-35.4572,0.283264
515.7913,-1.5676,-36.0686,0.283386
516.0853,-1.5735,-36.6798,0.283504
516.3792,-1.5793,-37.2906,0.283624
516.6722,-1.5852,-37.9011,0.283743
516.9661,-1.5911,-38.5134,0.283863
517.2607,-1.5970,-39.1264,0.283984
517.5542,-1.6025,-39.7369,0.284104
517.8498,-1.6081,-40.3512,0.284224
518.1431,-1.6136,-40.9600,0.284343
518.4380,-1.6191,-41.5715,0.284463
518.7342,-1.6246,-42.1856,0.284583
519.0296,-1.6302,-42.7969,0.284699
519.3268,-1.6357,-43.4111,0.284821
519.6237,-1.6410,-44.0240,0.284941
519.9211,-1.6462,-44.6369,0.285060
520.2202,-1.6513,-45.2523,0.285181
520.5203,-1.6565,-45.8686,0.285301
520.8208,-1.6620,-46.4836,0.285424
521.1220,-1.6677,-47.0978,0.285541
521.4262,-1.6734,-47.7170,0.285662
521.7306,-1.6792,-48.3353,0.285786
522.0350,-1.6850,-48.9522,0.285906
522.3463,-1.6910,-49.5812,0.286029
522.6495,-1.6965,-50.1924,0.286146
522.9581,-1.7006,-50.8130,0.286268
523.2682,-1.7048,-51.4353,0.286389
523.5791,-1.7089,-52.0575,0.286511
523.8918,-1.7121,-52.6824,0.286635
524.2036,-1.7152,-53.3035,0.286756
524.5171,-1.7184,-53.9267,0.286879
524.8311,-1.7215,-54.5495,0.287001
525.1478,-1.7247,-55.1766,0.287123
525.4637,-1.7278,-55.8009,0.287248
525.7808,-1.7309,-56.4272,0.287369
526.0992,-1.7339,-57.0559,0.287494
526.4180,-1.7363,-57.6861,0.287617
526.7357,-1.7390,-58.3153,0.287742
527.0536,-1.7418,-58.9452,0.287863
527.3727,-1.7445,-59.5772,0.287988
527.6913,-1.7472,-60.2085,0.288111
528.0118,-1.7499,-60.8437,0.288236
528.3321,-1.7545,-61.4787,0.288360
528.6524,-1.7592,-62.1138,0.288486
528.9747,-1.7640,-62.7526,0.288611
529.2965,-1.7686,-63.3902,0.288736
529.6194,-1.7733,-64.0300,0.288862
529.9426,-1.7780,-64.6702,0.288987
530.2672,-1.7827,-65.3126,0.289115
530.5923,-1.7871,-65.9561,0.289238
530.9182,-1.7915,-66.6006,0.289367
531.2449,-1.7960,-67.2468,0.289494
531.5719,-1.8004,-67.8932,0.289619
531.9018,-1.8049,-68.5452,0.289746
532.2301,-1.8093,-69.1937,0.289873
532.5609,-1.8136,-69.8469,0.290002
532.8925,-1.8170,-70.5019,0.290130
533.2238,-1.8204,-71.1568,0.290261
533.5567,-1.8238,-71.8152,0.290388
533.8904,-1.8272,-72.4755,0.290519
534.2249,-1.8306,-73.1378,0.290647
534.5593,-1.8340,-73.8003,0.290778
534.8961,-1.8375,-74.4677,0.290907
535.2331,-1.8413,-75.1360,0.291037
535.5699,-1.8450,-75.8039,0.291169
535.9087,-1.8487,-76.4760,0.291298
536.2477,-1.8525,-77.1485,0.291430
536.5889,-1.8563,-77.8255,0.291562
536.9290,-1.8600,-78.5007,0.291692
537.2708,-1.8636,-79.1793,0.291825
537.6143,-1.8669,-79.8613,0.291957
537.9582,-1.8703,-80.5440,0.292090
538.3020,-1.8736,-81.2268,0.292223
538.6479,-1.8770,-81.9137,0.292356
538.9948,-1.8803,-82.6026,0.292490
539.3409,-1.8837,-83.2905,0.292622
539.6882,-1.8875,-83.9816,0.292757
540.0376,-1.8914,-84.6777,0.292891
540.3863,-1.8952,-85.3731,0.293025
540.7362,-1.8991,-86.0721,0.293160
541.0864,-1.9030,-86.7727,0.293297
541.4366,-1.9069,-87.4757,0.293431
541.7852,-1.9097,-88.1789,0.293565
542.1344,-1.9120,-88.8876,0.293703
542.4916,-1.9143,-89.6188,0.293841
542.8295,-1.9165,-90.3156,0.293976
543.1731,-1.9188,-91.0307,0.294113
543.5142,-1.9211,-91.7495,0.294250
543.8540,-1.9237,-92.4751,0.294387
544.1902,-1.9266,-93.2014,0.294525
544.5233,-1.9294,-93.9301,0.294661
544.8538,-1.9322,-94.6623,0.294798
545.1796,-1.9350,-95.3933,0.294932
545.5021,-1.9379,-96.1282,0.295071
545.8245,-1.9415,-96.8699,0.295210
546.1431,-1.9456,-97.6106,0.295349
546.4572,-1.9497,-98.3489,0.295486
546.7721,-1.9538,-99.0964,0.295625
547.0822,-1.9579,-99.8410,0.295764
547.3910,-1.9620,-100.5912,0.295903
547.6956,-1.9668,-101.3394,0.296043
547.9985,-1.9716,-102.0941,0.296180
548.2979,-1.9779,-102.8474,0.296319
548.5943,-1.9834,-103.6030,0.296459
548.8874,-1.9881,-104.3595,0.296594
549.1759,-1.9928,-105.1145,0.296734
549.4607,-1.9971,-105.8696,0.296872
549.7430,-2.0011,-106.6237,0.297009
550.0236,-2.0050,-107.3766,0.297145
550.3000,-2.0087,-108.1243,0.297283
550.5754,-2.0125,-108.8740,0.297415
550.8488,-2.0160,-109.6224,0.297556
551.1202,-2.0190,-110.3670,0.297691
551.3914,-2.0218,-111.1112,0.297822
551.6619,-2.0243,-111.8560,0.297961
551.9296,-2.0265,-112.5955,0.298094
552.1965,-2.0286,-113.3353,0.298227
552.4608,-2.0301,-114.0726,0.298362
552.7221,-2.0313,-114.8101,0.298494
552.9824,-2.0317,-115.5490,0.298626
553.2397,-2.0318,-116.2872,0.298758
553.4933,-2.0316,-117.0225,0.298893
553.7433,-2.0319,-117.7549,0.299018
553.9908,-2.0326,-118.4874,0.299152
554.2369,-2.0341,-119.2262,0.299283
554.4760,-2.0358,-119.9555,0.299410
554.7122,-2.0383,-120.6904,0.299541
554.9449,-2.0408,-121.4244,0.299669
555.1732,-2.0432,-122.1549,0.299800
555.3987,-2.0458,-122.8885,0.299929
555.6197,-2.0491,-123.6180,0.300060
555.8373,-2.0527,-124.3500,0.300190
556.0515,-2.0569,-125.0815,0.300312
556.2620,-2.0613,-125.8135,0.300447
556.4669,-2.0655,-126.5457,0.300574
556.6675,-2.0696,-127.2787,0.300701
556.8632,-2.0737,-128.0103,0.300828
557.0552,-2.0777,-128.7450,0.300958
557.2432,-2.0816,-129.4819,0.301083
557.4270,-2.0852,-130.2185,0.301210
557.6065,-2.0889,-130.9539,0.301337
557.7853,-2.0923,-131.6915,0.301465
557.9629,-2.0954,-132.4302,0.301591
558.1391,-2.0987,-133.1693,0.301716
558.3131,-2.1022,-133.9095,0.301844
558.4857,-2.1062,-134.6528,0.301970
558.6541,-2.1106,-135.3926,0.302104
558.8198,-2.1151,-136.1403,0.302230
558.9803,-2.1197,-136.8870,0.302359
559.1371,-2.1245,-137.6400,0.302485
559.2880,-2.1292,-138.3977,0.302614
559.4332,-2.1339,-139.1510,0.302740
559.5746,-2.1385,-139.9123,0.302871
559.7104,-2.1434,-140.6712,0.302999
559.8418,-2.1488,-141.4368,0.303129
559.9675,-2.1545,-142.2000,0.303255
560.0886,-2.1602,-142.9672,0.303387
560.2054,-2.1660,-143.7398,0.303511
560.3165,-2.1718,-144.5078,0.303642
560.4221,-2.1775,-145.2818,0.303768
560.5237,-2.1834,-146.0564,0.303904
560.6208,-2.1894,-146.8366,0.304033
560.7122,-2.1958,-147.6144,0.304159
560.7993,-2.2022,-148.3972,0.304297
560.8812,-2.2085,-149.1828,0.304428
560.9580,-2.2144,-149.9708,0.304556
561.0294,-2.2202,-150.7682,0.304692
561.0948,-2.2258,-151.5536,0.304822
561.1558,-2.2319,-152.3516,0.304956
561.2113,-2.2387,-153.1515,0.305092
561.2610,-2.2463,-153.9504,0.305222
561.3053,-2.2546,-154.7525,0.305357
561.3447,-2.2633,-155.5558,0.305491
561.3792,-2.2719,-156.3658,0.305628
561.4082,-2.2805,-157.1734,0.305761
561.4312,-2.2887,-157.9873,0.305896
561.4497,-2.2968,-158.8011,0.306030
561.4631,-2.3050,-159.6171,0.306170
561.4714,-2.3135,-160.4365,0.306305
561.4747,-2.3220,-161.2559,0.306445
561.4727,-2.3309,-162.0799,0.306578
561.4650,-2.3401,-162.9053,0.306719
561.4503,-2.3498,-163.7324,0.306853
561.4285,-2.3595,-164.5593,0.306988
561.3983,-2.3701,-165.3928,0.307128
561.3621,-2.3811,-166.2284,0.307265
561.3192,-2.3928,-167.0632,0.307409
561.2692,-2.4050,-167.9019,0.307548
561.2121,-2.4172,-168.7442,0.307689
561.1470,-2.4290,-169.5830,0.307827
561.0733,-2.4410,-170.4255,0.307967
560.9913,-2.4531,-171.2679,0.308105
560.8995,-2.4655,-172.1158,0.308251
560.8013,-2.4779,-172.9618,0.308392
560.6956,-2.4902,-173.8090,0.308530
560.5859,-2.5017,-174.6596,0.308670
560.4753,-2.5127,-175.5058,0.308820
560.3615,-2.5232,-176.3558,0.308962
560.2444,-2.5337,-177.2068,0.309102
560.1243,-2.5445,-178.0567,0.309247
559.9993,-2.5560,-178.9121,0.309389
559.8715,-2.5678,-179.7673,0.309537
559.7405,-2.5795,-180.6234,0.309679
559.6059,-2.5915,-181.4846,0.309819
559.4688,-2.6034,-182.3423,0.309966
559.3274,-2.6154,-183.2078,0.310118
559.1837,-2.6278,-184.0707,0.310257
559.0364,-2.6404,-184.9357,0.310408
558.8849,-2.6527,-185.8022,0.310557
558.7293,-2.6645,-186.6737,0.310703
558.5697,-2.6758,-187.5438,0.310846
558.4058,-2.6871,-188.4140,0.310997
558.2359,-2.6987,-189.2897,0.311145
558.0616,-2.7104,-190.1641,0.311292
557.8818,-2.7221,-191.0406,0.311440
557.6952,-2.7335,-191.9212,0.311588
557.5007,-2.7445,-192.7986,0.311738
557.2978,-2.7555,-193.6783,0.311886
557.0861,-2.7666,-194.5551,0.312040
556.8640,-2.7781,-195.4353,0.312191
556.6321,-2.7895,-196.3149,0.312344
556.3892,-2.8007,-197.1958,0.312493
556.1360,-2.8121,-198.0726,0.312648
555.8714,-2.8233,-198.9505,0.312800
555.5944,-2.8346,-199.8259,0.312951
555.3099,-2.8461,-200.6929,0.313102
555.0152,-2.8580,-201.5576,0.313252
554.7098,-2.8702,-202.4220,0.313407
554.3972,-2.8829,-203.2825,0.313558
554.0836,-2.8950,-204.1324,0.313704
553.7643,-2.9063,-204.9879,0.313860
553.4428,-2.9166,-205.8366,0.314009
553.1151,-2.9260,-206.6879,0.314160
552.7841,-2.9355,-207.5374,0.314310
552.4501,-2.9447,-208.3828,0.314462
552.1109,-2.9540,-209.2332,0.314615
551.7731,-2.9632,-210.0784,0.314762
551.4360,-2.9722,-210.9213,0.314919
551.0967,-2.9807,-211.7690,0.315074
550.7565,-2.9891,-212.6167,0.315228
550.4133,-2.9976,-213.4640,0.315379
550.0630,-3.0064,-214.3104,0.315533
549.7068,-3.0153,-215.1581,0.315690
549.3474,-3.0243,-216.0007,0.315844
548.9837,-3.0333,-216.8415,0.315997
548.6155,-3.0421,-217.6807,0.316153
548.2432,-3.0511,-218.5185,0.316303
547.8703,-3.0604,-219.3469,0.316459
547.4920,-3.0705,-220.1762,0.316612
547.1089,-3.0819,-221.0007,0.316767
546.7243,-3.0923,-221.8213,0.316919
546.3354,-3.1028,-222.6381,0.317072
545.9410,-3.1133,-223.4510,0.317219
545.5398,-3.1238,-224.2576,0.317373
545.1294,-3.1343,-225.0606,0.317529
544.7108,-3.1388,-225.8577,0.317684
544.2845,-3.1414,-226.6472,0.317834
543.8675,-3.1508,-227.4367,0.317982
543.4431,-3.1631,-228.2175,0.318138
543.0223,-3.1754,-228.9927,0.318287
542.5810,-3.1946,-229.7761,0.318437
542.1598,-3.2158,-230.5450,0.318587
541.7371,-3.2371,-231.3141,0.318735
541.3115,-3.2586,-232.0879,0.318883
540.9116,-3.2403,-232.8426,0.319031
540.4913,-3.2536,-233.6051,0.319181
540.0413,-3.2666,-234.3920,0.319333
539.6309,-3.2862,-235.1332,0.319478
539.2118,-3.3062,-235.8881,0.319628
538.7906,-3.3263,-236.6458,0.319773
538.3723,-3.3474,-237.3981,0.319919
537.9750,-3.3239,-238.1397,0.320066
537.5380,-3.3371,-238.8966,0.320215
537.1218,-3.3542,-239.6427,0.320358
536.7062,-3.3753,-240.3871,0.320507
536.2900,-3.3965,-241.1321,0.320648
535.8757,-3.4178,-241.8728,0.320797
535.4626,-3.4393,-242.6100,0.320942
535.0667,-3.4103,-243.3428,0.321087
534.6372,-3.4326,-244.0806,0.321232
534.2256,-3.4555,-244.8123,0.321376
533.8121,-3.4797,-245.5471,0.321520
533.4020,-3.4989,-246.2746,0.321664
532.9922,-3.5221,-247.0006,0.321807
532.5898,-3.5466,-247.7160,0.321952
532.1857,-3.5616,-248.4395,0.322094
531.7821,-3.5770,-249.1615,0.322237
531.3762,-3.5925,-249.8838,0.322379
530.9724,-3.6077,-250.6011,0.322522
530.5703,-3.6229,-251.3157,0.322662
530.1660,-3.6377,-252.0348,0.322805
529.7645,-3.6530,-252.7482,0.322944
529.3621,-3.6686,-253.4609,0.323084
528.9594,-3.6841,-254.1716,0.323221
528.5563,-3.6995,-254.8816,0.323362
528.1536,-3.7148,-255.5892,0.323501
527.7488,-3.7300,-256.2976,0.323641
527.3466,-3.7452,-256.9977,0.323777
526.9426,-3.7604,-257.6972,0.323915
526.5356,-3.7751,-258.3992,0.324056
526.1307,-3.7886,-259.0939,0.324193
525.7249,-3.8021,-259.7863,0.324330
525.3156,-3.8157,-260.4813,0.324466
524.9105,-3.8291,-261.1673,0.324604
524.5031,-3.8425,-261.8552,0.324739
524.0944,-3.8560,-262.5426,0.324877
523.6868,-3.8694,-263.2234,0.325014
523.2766,-3.8809,-263.9038,0.325148
522.8643,-3.8923,-264.5831,0.325283
522.4517,-3.9037,-265.2586,0.325416
522.0396,-3.9150,-265.9288,0.325549
521.6234,-3.9263,-266.6019,0.325689
521.2103,-3.9376,-267.2695,0.325818
520.7982,-3.9488,-267.9360,0.325951
520.3856,-3.9525,-268.6035,0.326086
519.9713,-3.9503,-269.2646,0.326216
519.5502,-3.9417,-269.9321,0.326352
519.1348,-3.9648,-270.5891,0.326480
518.7206,-3.9880,-271.2444,0.326613
518.3076,-4.0114,-271.8955,0.326745
517.8931,-3.9833,-272.5466,0.326875
517.4792,-4.0066,-273.1961,0.327008
517.0662,-4.0311,-273.8435,0.327142
516.6526,-4.0539,-274.4906,0.327271
516.2592,-4.0370,-275.1289,0.327399
515.8311,-4.0539,-275.7738,0.327527
515.4188,-4.0794,-276.4154,0.327661
515.0068,-4.1050,-277.0551,0.327792
514.6163,-4.0942,-277.6849,0.327917
514.2073,-4.1084,-278.3195,0.328048
513.7806,-4.1303,-278.9595,0.328179
513.3741,-4.1520,-279.5917,0.328304
512.9728,-4.1590,-280.2148,0.328434
512.5820,-4.1632,-280.8479,0.328565
512.1605,-4.1775,-281.4802,0.328693
511.7574,-4.2028,-282.1073,0.328818
511.3733,-4.2033,-282.7296,0.328952
510.9747,-4.2165,-283.3504,0.329079
510.5729,-4.2292,-283.9763,0.329210
510.1553,-4.2480,-284.6027,0.329341
509.7766,-4.2530,-285.2176,0.329465
509.3789,-4.2646,-285.8381,0.329597
508.9835,-4.2762,-286.4557,0.329727
508.5698,-4.2931,-287.0770,0.329855
508.1936,-4.2994,-287.6885,0.329987
507.8000,-4.3109,-288.3028,0.330120
507.4080,-4.3224,-288.9143,0.330246
506.9950,-4.3368,-289.5330,0.330379
506.6215,-4.3458,-290.1372,0.330510
506.2292,-4.3574,-290.7448,0.330644
505.8350,-4.3692,-291.3536,0.330768
505.4311,-4.3819,-291.9500,0.330902
505.0365,-4.3919,-292.5533,0.331027
504.6402,-4.4017,-293.1563,0.331165
504.2456,-4.4113,-293.7541,0.331288
503.8505,-4.4208,-294.3504,0.331420
503.4538,-4.4304,-294.9471,0.331549
503.0580,-4.4397,-295.5395,0.331679
502.6627,-4.4495,-296.1296,0.331803
502.2655,-4.4593,-296.7208,0.331938
501.8697,-4.4691,-297.3089,0.332065
501.4765,-4.4790,-297.8939,0.332195
501.0810,-4.4891,-298.4833,0.332325
500.6891,-4.4991,-299.0683,0.332456
500.2990,-4.5091,-299.6530,0.332580
499.9073,-4.5194,-300.2419,0.332714
499.5171,-4.5297,-300.8300,0.332842
499.1290,-4.5400,-301.4161,0.332972
498.7376,-4.5503,-302.0085,0.333101
498.3501,-4.5601,-302.5970,0.333234
497.9622,-4.5697,-303.1878,0.333359
497.5729,-4.5793,-303.7819,0.333486
497.1848,-4.5883,-304.3751,0.333619
496.7956,-4.5970,-304.9694,0.333747
496.4055,-4.6057,-305.5645,0.333880
496.0154,-4.6143,-306.1601,0.334007
495.6262,-4.6224,-306.7542,0.334138
495.2337,-4.6306,-307.3537,0.334272
494.8446,-4.6384,-307.9485,0.334399
494.4532,-4.6463,-308.5470,0.334531
494.0609,-4.6544,-309.1473,0.334665
493.6713,-4.6624,-309.7442,0.334792
493.2798,-4.6704,-310.3447,0.334923
492.8903,-4.6787,-310.9440,0.335055
492.4998,-4.6870,-311.5473,0.335185
492.1144,-4.6955,-312.1454,0.335311
491.7285,-4.7041,-312.7468,0.335442
491.3455,-4.7126,-313.3481,0.335574
490.9649,-4.7211,-313.9508,0.335699
490.5858,-4.7290,-314.5567,0.335832
490.2097,-4.7368,-315.1609,0.335959
489.8344,-4.7450,-315.7680,0.336090
489.4613,-4.7535,-316.3757,0.336221
489.0890,-4.7621,-316.9860,0.336348
488.7202,-4.7713,-317.5951,0.336479
488.3536,-4.7805,-318.2047,0.336615
487.9865,-4.7901,-318.8199,0.336736
487.6260,-4.7999,-319.4294,0.336873
487.2665,-4.8096,-320.0450,0.336998
486.9121,-4.8195,-320.6594,0.337126
486.5592,-4.8295,-321.2791,0.337259
486.2093,-4.8394,-321.9008,0.337385
485.8639,-4.8489,-322.5222,0.337516
485.5207,-4.8581,-323.1465,0.337647
485.1826,-4.8671,-323.7699,0.337776
484.8471,-4.8761,-324.3991,0.337905
484.5184,-4.8851,-325.0258,0.338033
484.1939,-4.8943,-325.6565,0.338166
483.8728,-4.9039,-326.2915,0.338292
483.5575,-4.9135,-326.9262,0.338423
483.2464,-4.9234,-327.5634,0.338552
482.9389,-4.9332,-328.2043,0.338679
482.6363,-4.9429,-328.8465,0.338811
482.3351,-4.9526,-329.4897,0.338939
482.0312,-4.9620,-330.1345,0.339068
481.7274,-4.9712,-330.7794,0.339198
481.4229,-4.9805,-331.4266,0.339327
481.1201,-4.9896,-332.0709,0.339456
480.8169,-4.9986,-332.7180,0.339584
480.5138,-5.0060,-333.3657,0.339714
480.2119,-5.0125,-334.0122,0.339841
479.9121,-5.0190,-334.6562,0.339973
479.6129,-5.0254,-335.3044,0.340103
479.3160,-5.0320,-335.9534,0.340231
479.0245,-5.0385,-336.5979,0.340360
478.7325,-5.0455,-337.2504,0.340487
478.4450,-5.0525,-337.8990,0.340617
478.1598,-5.0593,-338.5484,0.340745
477.8759,-5.0669,-339.2019,0.340873
477.5948,-5.0751,-339.8560,0.340999
477.3176,-5.0843,-340.5084,0.341129
477.0427,-5.0936,-341.1650,0.341256
476.7843,-5.1019,-341.8262,0.341385
476.5193,-5.1099,-342.4801,0.341509
476.2578,-5.1181,-343.1349,0.341638
475.9985,-5.1292,-343.7917,0.341764
475.7445,-5.1404,-344.4439,0.341888
475.4785,-5.1601,-345.0991,0.342015
475.2513,-5.1616,-345.7560,0.342140
475.0159,-5.1721,-346.4128,0.342264
474.7691,-5.1936,-347.0775,0.342392
474.5633,-5.1955,-347.7266,0.342514
474.3450,-5.2069,-348.3825,0.342640
474.1069,-5.2326,-349.0504,0.342764
473.9044,-5.2301,-349.6994,0.342891
473.6867,-5.2438,-350.3518,0.343014
473.4517,-5.2707,-351.0175,0.343137
473.2352,-5.3029,-351.6761,0.343261
473.0392,-5.2884,-352.3229,0.343382
472.8098,-5.3158,-352.9862,0.343505
472.5986,-5.3479,-353.6449,0.343629
472.4067,-5.3375,-354.2910,0.343753
472.1842,-5.3654,-354.9569,0.343876
471.9843,-5.4007,-355.6178,0.343999
471.8090,-5.3892,-356.2674,0.344123
471.6032,-5.4153,-356.9397,0.344246
471.4196,-5.4490,-357.6040,0.344367
471.2568,-5.4424,-358.2587,0.344493
471.0636,-5.4669,-358.9368,0.344616
470.8899,-5.5014,-359.6065,0.344740
470.7186,-5.5197,-360.2698,0.344862
470.5453,-5.5199,-360.9505,0.344989
470.3760,-5.5515,-361.6252,0.345110
470.2068,-5.5871,-362.3042,0.345234
470.0574,-5.5714,-362.9671,0.345358
469.8766,-5.6068,-363.6548,0.345481
469.7144,-5.6431,-364.3342,0.345608
469.5692,-5.6337,-365.0053,0.345734
469.3952,-5.6657,-365.6940,0.345857
469.2404,-5.7026,-366.3781,0.345979
469.0914,-5.7395,-367.0620,0.346109
468.9496,-5.7239,-367.7433,0.346231
468.8105,-5.7615,-368.4322,0.346358
468.6755,-5.8004,-369.1207,0.346484
468.5594,-5.7893,-369.8004,0.346608
468.4141,-5.8261,-370.5020,0.346733
468.2878,-5.8652,-371.1949,0.346862
468.1670,-5.8948,-371.8827,0.346985
468.0507,-5.8948,-372.5827,0.347111
467.9413,-5.9329,-373.2859,0.347238
467.8378,-5.9732,-373.9799,0.347362
467.7357,-5.9628,-374.6799,0.347489
467.6330,-6.0026,-375.3827,0.347613
467.5314,-6.0436,-376.0884,0.347739
467.4334,-6.0793,-376.7888,0.347867
467.3383,-6.0737,-377.4975,0.347991
467.2518,-6.1145,-378.2065,0.348120
467.1734,-6.1507,-378.9106,0.348247
467.1125,-6.1444,-379.6129,0.348373
467.0284,-6.1799,-380.3315,0.348502
466.9623,-6.2213,-381.0450,0.348631
466.8999,-6.2606,-381.7586,0.348756
466.8414,-6.2503,-382.4739,0.348885
466.7879,-6.2904,-383.1924,0.349015
466.7402,-6.3307,-383.9094,0.349145
466.7117,-6.3234,-384.6170,0.349272
466.6610,-6.3580,-385.3511,0.349403
466.6259,-6.3987,-386.0729,0.349531
466.5910,-6.4410,-386.8022,0.349661
466.5724,-6.4342,-387.5131,0.349789
466.5285,-6.4731,-388.2562,0.349917
466.5010,-6.5156,-388.9881,0.350048
466.4756,-6.5596,-389.7170,0.350176
466.4666,-6.5521,-390.4376,0.350306
466.4335,-6.5909,-391.1820,0.350436
466.4171,-6.6345,-391.9185,0.350568
466.4041,-6.6774,-392.6526,0.350697
466.4071,-6.6757,-393.3746,0.350828
466.3903,-6.7154,-394.1275,0.350960
466.3931,-6.7597,-394.8676,0.351091
466.4031,-6.8037,-395.6010,0.351223
466.4304,-6.8025,-396.3312,0.351355
466.4402,-6.8407,-397.0821,0.351485
466.4673,-6.8874,-397.8226,0.351618
466.5003,-6.9333,-398.5661,0.351751
466.5510,-6.9346,-399.2973,0.351882
466.5783,-6.9742,-400.0576,0.352017
466.6207,-7.0200,-400.8046,0.352149
466.6682,-7.0661,-401.5563,0.352283
466.7342,-7.0705,-402.2915,0.352417
466.7939,-7.1042,-403.0382,0.352552
466.8465,-7.1492,-403.8043,0.352685
466.9152,-7.1953,-404.5567,0.352819
466.9994,-7.2073,-405.2998,0.352955
467.0723,-7.2410,-406.0512,0.353089
467.1366,-7.2832,-406.8221,0.353226
467.2177,-7.3294,-407.5781,0.353359
467.3179,-7.3466,-408.3206,0.353495
467.4142,-7.3812,-409.0749,0.353632
467.5157,-7.4160,-409.8314,0.353768
467.6119,-7.4601,-410.6014,0.353903
467.7366,-7.4873,-411.3451,0.354039
467.8557,-7.5225,-412.1011,0.354176
467.9806,-7.5575,-412.8573,0.354314
468.0996,-7.5965,-413.6312,0.354451
468.2348,-7.6451,-414.3952,0.354589
468.3860,-7.6679,-415.1343,0.354726
468.5329,-7.7047,-415.8963,0.354863
468.6845,-7.7414,-416.6521,0.355000
468.8330,-7.7823,-417.4294,0.355139
469.0061,-7.8178,-418.1737,0.355278
469.1715,-7.8561,-418.9345,0.355418
469.3398,-7.8944,-419.6975,0.355558
469.5106,-7.9330,-420.4628,0.355696
469.6756,-7.9745,-421.2460,0.355837
469.8635,-8.0118,-421.9916,0.355977
470.0327,-8.0500,-422.7620,0.356116
470.2191,-8.0876,-423.5288,0.356258
470.4086,-8.1252,-424.2986,0.356399
470.5980,-8.1625,-425.0647,0.356539
470.7883,-8.1997,-425.8362,0.356680
470.9783,-8.2364,-426.6082,0.356822
471.1681,-8.2731,-427.3802,0.356962
471.3591,-8.3089,-428.1554,0.357103
471.5502,-8.3443,-428.9283,0.357245
471.7422,-8.3794,-429.7016,0.357389
471.9354,-8.4145,-430.4737,0.357522
472.1303,-8.4493,-431.2423,0.357674
472.3282,-8.4841,-432.0100,0.357816
472.5280,-8.5182,-432.7740,0.357956
472.7295,-8.5522,-433.5357,0.358095
472.9339,-8.5855,-434.2979,0.358235
473.1391,-8.6184,-435.0569,0.358375
473.3458,-8.6513,-435.8128,0.358515
473.5547,-8.6848,-436.5693,0.358654
473.7646,-8.7182,-437.3208,0.358793
473.9764,-8.7519,-438.0700,0.358932
474.1904,-8.7859,-438.8183,0.359070
474.4068,-8.8199,-439.5665,0.359207
474.6248,-8.8533,-440.3105,0.359346
474.8452,-8.8863,-441.0534,0.359483
475.0668,-8.9190,-441.7934,0.359620
475.2914,-8.9515,-442.5356,0.359757
475.5167,-8.9836,-443.2711,0.359893
475.7435,-9.0158,-444.0050,0.360029
475.9717,-9.0480,-444.7377,0.360163
476.2006,-9.0797,-445.4720,0.360302
476.4288,-9.1111,-446.2011,0.360436
476.6583,-9.1425,-446.9301,0.360572
476.8886,-9.1738,-447.6581,0.360708
477.1198,-9.2052,-448.3848,0.360842
477.3508,-9.2365,-449.1092,0.360975
477.5814,-9.2679,-449.8338,0.361110
477.8112,-9.2991,-450.5569,0.361243
478.0403,-9.3301,-451.2786,0.361378
478.2687,-9.3611,-451.9984,0.361511
478.4975,-9.3916,-452.7196,0.361645
478.7249,-9.4218,-453.4371,0.361777
478.9521,-9.4517,-454.1540,0.361907
479.1786,-9.4816,-454.8693,0.362040
479.4049,-9.5110,-455.5849,0.362169
479.6308,-9.5403,-456.2987,0.362302
479.8559,-9.5692,-457.0105,0.362434
480.0808,-9.5978,-457.7221,0.362563
480.3045,-9.6261,-458.4304,0.362694
480.5409,-9.6531,-459.1340,0.362822
480.7658,-9.6803,-459.8433,0.362956
480.9902,-9.7073,-460.5485,0.363085
481.2139,-9.7342,-461.2506,0.363212
481.4383,-9.7611,-461.9535,0.363345
481.6632,-9.7880,-462.6570,0.363471
481.8864,-9.8146,-463.3548,0.363601
482.1091,-9.8409,-464.0517,0.363729
482.3326,-9.8673,-464.7508,0.363856
482.5454,-9.8945,-465.4625,0.363984
482.7764,-9.9197,-466.1400,0.364110
482.9973,-9.9458,-466.8331,0.364237
483.2173,-9.9718,-467.5237,0.364365
483.4277,-10.0094,-468.2325,0.364491
483.6559,-10.0237,-468.9044,0.364620
483.8735,-10.0494,-469.5918,0.364742
484.0812,-10.0791,-470.2957,0.364869
484.2971,-10.1207,-470.9815,0.364993
484.5215,-10.1266,-471.6458,0.365119
484.7276,-10.1531,-472.3471,0.365244
484.9409,-10.1944,-473.0282,0.365368
485.1630,-10.2023,-473.6888,0.365493
485.3759,-10.2275,-474.3686,0.365616
485.5777,-10.2670,-475.0628,0.365740
485.7920,-10.3050,-475.7323,0.365863
486.0068,-10.3004,-476.3945,0.365984
486.2061,-10.3327,-477.0844,0.366106
486.4128,-10.3726,-477.7559,0.366228
486.6283,-10.3699,-478.4081,0.366351
486.8243,-10.4007,-479.0952,0.366474
487.0269,-10.4413,-479.7599,0.366594
487.2397,-10.4386,-480.4094,0.366715
487.4326,-10.4660,-481.0917,0.366837
487.6313,-10.5057,-481.7523,0.366955
487.8394,-10.5069,-482.3950,0.367074
488.0276,-10.5339,-483.0707,0.367195
488.2227,-10.5741,-483.7265,0.367312
488.4175,-10.6149,-484.3808,0.367431
488.6121,-10.6045,-485.0338,0.367550
488.8031,-10.6455,-485.6827,0.367669
488.9937,-10.6836,-486.3311,0.367783
489.1838,-10.6733,-486.9766,0.367902
489.3710,-10.7143,-487.6200,0.368015
489.5578,-10.7568,-488.2611,0.368130
489.7435,-10.7467,-488.8979,0.368245
489.9270,-10.7882,-489.5356,0.368358
490.1099,-10.8298,-490.1716,0.368472
490.2919,-10.8189,-490.8061,0.368586
490.4694,-10.8552,-491.4380,0.368698
490.6444,-10.8950,-492.0679,0.368807
490.8163,-10.8831,-492.6946,0.368920
490.9840,-10.9227,-493.3230,0.369030
491.1530,-10.9383,-493.9428,0.369141
491.3126,-10.9480,-494.5709,0.369249
491.4722,-10.9857,-495.1953,0.369360
491.6382,-10.9795,-495.7997,0.369468
491.7817,-11.0081,-496.4350,0.369576
491.9318,-11.0458,-497.0504,0.369681
492.0901,-11.0392,-497.6478,0.369787
492.2267,-11.0692,-498.2793,0.369893
492.3688,-11.1070,-498.8876,0.369997
492.5182,-11.0991,-499.4777,0.370100
492.6465,-11.1315,-500.1006,0.370203
492.7907,-11.1394,-500.6835,0.370306
492.9223,-11.1600,-501.2796,0.370407
493.0411,-11.1934,-501.8914,0.370508
493.1756,-11.2019,-502.4630,0.370608
493.2986,-11.2225,-503.0519,0.370704
493.4175,-11.2435,-503.6304,0.370801
493.5330,-11.2645,-504.2058,0.370897
493.6372,-11.2894,-504.7983,0.370992
493.7563,-11.3063,-505.3483,0.371086
493.8641,-11.3268,-505.9135,0.371179
493.9553,-11.3453,-506.4801,0.371274
494.0574,-11.3619,-507.0425,0.371363
494.1548,-11.3780,-507.5997,0.371454
494.2487,-11.3938,-508.1585,0.371544
494.3381,-11.4090,-508.7160,0.371631
494.4228,-11.4237,-509.2698,0.371719
494.5038,-11.4381,-509.8247,0.371805
494.5803,-11.4522,-510.3748,0.371893
494.6524,-11.4659,-510.9257,0.371980
494.7221,-11.4791,-511.4753,0.372066
494.7883,-11.4913,-512.0205,0.372152
494.8519,-11.5025,-512.5658,0.372235
494.9121,-11.5115,-513.1080,0.372315
494.9694,-11.5197,-513.6507,0.372401
495.0228,-11.5269,-514.1880,0.372483
495.0735,-11.5335,-514.7271,0.372566
495.1207,-11.5393,-515.2621,0.372642
495.1652,-11.5452,-515.7960,0.372727
495.2068,-11.5512,-516.3307,0.372807
495.2448,-11.5571,-516.8633,0.372886
495.2790,-11.5629,-517.3976,0.372965
495.3064,-11.5683,-517.9332,0.373045
495.3252,-11.5736,-518.4697,0.373122
495.3358,-11.5785,-519.0052,0.373200
495.3382,-11.5835,-519.5448,0.373281
495.3306,-11.5880,-520.0839,0.373354
495.3174,-11.5921,-520.6214,0.373436
495.2977,-11.5961,-521.1633,0.373518
495.2711,-11.6002,-521.7010,0.373590
495.2376,-11.6041,-522.2400,0.373674
495.1973,-11.6073,-522.7798,0.373749
495.1498,-11.6101,-523.3192,0.373827
495.0955,-11.6126,-523.8568,0.373902
495.0327,-11.6146,-524.3965,0.373983
494.9648,-11.6164,-524.9346,0.374059
494.8910,-11.6178,-525.4713,0.374133
494.8136,-11.6188,-526.0104,0.374213
494.7329,-11.6198,-526.5453,0.374289
494.6460,-11.6202,-527.0840,0.374364
494.5523,-11.6203,-527.6213,0.374441
494.4477,-11.6205,-528.1594,0.374520
494.3303,-11.6206,-528.6970,0.374594
494.2060,-11.6205,-529.2300,0.374669
494.0727,-11.6204,-529.7595,0.374742
493.9308,-11.6204,-530.2864,0.374822
493.7815,-11.6204,-530.8079,0.374899
493.6239,-11.6204,-531.3264,0.374977
493.4572,-11.6204,-531.8433,0.375047
493.2828,-11.6202,-532.3541,0.375126
493.0982,-11.6200,-532.8590,0.375201
492.9069,-11.6197,-533.3640,0.375272
492.7082,-11.6193,-533.8638,0.375340
492.5016,-11.6190,-534.3605,0.375420
492.2871,-11.6184,-534.8568,0.375491
492.0623,-11.6181,-535.3549,0.375570
491.8276,-11.6180,-535.8461,0.375638
491.5784,-11.6178,-536.3338,0.375710
491.3136,-11.6178,-536.8136,0.375785
491.0419,-11.6181,-537.2855,0.375855
490.7593,-11.6185,-537.7537,0.375927
490.4718,-11.6193,-538.2070,0.375995
490.1726,-11.6201,-538.6578,0.376068
489.8642,-11.6213,-539.1007,0.376138
489.5479,-11.6230,-539.5340,0.376208
489.2225,-11.6246,-539.9602,0.376281
488.8903,-11.6268,-540.3760,0.376352
488.5444,-11.6293,-540.7869,0.376423
488.1992,-11.6319,-541.1882,0.376498
487.8525,-11.6344,-541.5869,0.376562
487.4991,-11.6368,-541.9871,0.376636
487.1442,-11.6395,-542.3779,0.376703
486.7770,-11.6425,-542.7714,0.376784
486.4074,-11.6456,-543.1555,0.376851
486.0252,-11.6484,-543.5396,0.376921
485.6360,-11.6518,-543.9151,0.376995
485.2402,-11.6557,-544.2894,0.377065
484.8411,-11.6601,-544.6589,0.377139
484.4369,-11.6651,-545.0288,0.377207
484.0312,-11.6699,-545.3973,0.377285
483.6212,-11.6749,-545.7637,0.377356
483.2064,-11.6803,-546.1290,0.377428
482.7885,-11.6856,-546.4932,0.377506
482.3628,-11.6910,-546.8574,0.377583
481.9321,-11.6964,-547.2181,0.377657
481.4845,-11.7020,-547.5798,0.377734
481.0414,-11.7074,-547.9227,0.377807
480.5803,-11.7134,-548.2662,0.377889
480.1115,-11.7195,-548.6021,0.377967
479.6326,-11.7259,-548.9301,0.378040
479.1424,-11.7326,-549.2506,0.378121
478.6462,-11.7396,-549.5569,0.378196
478.1448,-11.7463,-549.8563,0.378276
477.6392,-11.7528,-550.1481,0.378349
477.1324,-11.7593,-550.4382,0.378434
476.6233,-11.7656,-550.7256,0.378515
476.1129,-11.7718,-551.0060,0.378591
475.5959,-11.7775,-551.2823,0.378670
475.0740,-11.7830,-551.5516,0.378744
474.5445,-11.7884,-551.8129,0.378825
474.0063,-11.7936,-552.0644,0.378909
473.4642,-11.7986,-552.3087,0.378984
472.9172,-11.8035,-552.5440,0.379067
472.3646,-11.8082,-552.7701,0.379146
471.8105,-11.8128,-552.9840,0.379228
471.2528,-11.8171,-553.1870,0.379308
470.6913,-11.8211,-553.3796,0.379388
470.1301,-11.8245,-553.5626,0.379466
469.5690,-11.8273,-553.7383,0.379546
469.0072,-11.8297,-553.9100,0.379624
468.4410,-11.8316,-554.0739,0.379706
467.8731,-11.8335,-554.2283,0.379782
467.3012,-11.8350,-554.3740,0.379862
466.7238,-11.8363,-554.5105,0.379942
466.1469,-11.8373,-554.6374,0.380023
465.5630,-11.8383,-554.7563,0.380107
464.9755,-11.8395,-554.8636,0.380183
464.3885,-11.8406,-554.9630,0.380273
463.7962,-11.8413,-555.0518,0.380353
463.2036,-11.8423,-555.1298,0.380438
462.6102,-11.8431,-555.1969,0.380522
462.0194,-11.8436,-555.2531,0.380601
461.4261,-11.8437,-555.2990,0.380686
460.8367,-11.8433,-555.3340,0.380770
460.2434,-11.8425,-555.3566,0.380854
459.6520,-11.8415,-555.3713,0.380937
459.0612,-11.8402,-555.3759,0.381022
458.4662,-11.8388,-555.3707,0.381109
457.8725,-11.8372,-555.3554,0.381187
457.2757,-11.8358,-555.3298,0.381276
456.6774,-11.8344,-555.2944,0.381361
456.0822,-11.8330,-555.2501,0.381447
455.4837,-11.8317,-555.1945,0.381534
454.8841,-11.8303,-555.1318,0.381618
454.2874,-11.8288,-555.0620,0.381706
453.6911,-11.8269,-554.9871,0.381793
453.0921,-11.8244,-554.9067,0.381879
452.4951,-11.8220,-554.8217,0.381968
451.8829,-11.8129,-554.7223,0.382060
451.2933,-11.8007,-554.6377,0.382148
450.6877,-11.7929,-554.5126,0.382229
450.0976,-11.7806,-554.4163,0.382326
449.5023,-11.7693,-554.3062,0.382414
448.8927,-11.7812,-554.1786,0.382505
448.3033,-11.7456,-554.0818,0.382598
447.6932,-11.7545,-553.9468,0.382694
447.1042,-11.7205,-553.8414,0.382785
446.4903,-11.7247,-553.6981,0.382881
445.8867,-11.7345,-553.5675,0.382974
445.3058,-11.7145,-553.4351,0.383070
444.6936,-11.7201,-553.3018,0.383166
444.0892,-11.7079,-553.1651,0.383261
443.4842,-11.6957,-553.0245,0.383359
442.8765,-11.6835,-552.8791,0.383459
442.2589,-11.6549,-552.7758,0.383557
441.6510,-11.6336,-552.6318,0.383662
441.0420,-11.6124,-552.4872,0.383762
440.4333,-11.5903,-552.3438,0.383859
439.8219,-11.5690,-552.1990,0.383966
439.2036,-11.5483,-552.0470,0.384072
438.6058,-11.5406,-551.8480,0.384174
437.9883,-11.5269,-551.6862,0.384282
437.3680,-11.5122,-551.5204,0.384388
436.7479,-11.4973,-551.3508,0.384495
436.1286,-11.4823,-551.1768,0.384601
435.5082,-11.4665,-550.9972,0.384711
434.8866,-11.4493,-550.8142,0.384819
434.2691,-11.4319,-550.6282,0.384924
433.6500,-11.4142,-550.4384,0.385032
433.0307,-11.3955,-550.2471,0.385140
432.4085,-11.3759,-550.0573,0.385252
431.7860,-11.3561,-549.8689,0.385366
431.1638,-11.3362,-549.6808,0.385476
430.5350,-11.3157,-549.4911,0.385585
429.9089,-11.2950,-549.3027,0.385700
429.2812,-11.2743,-549.1149,0.385811
428.6475,-11.2535,-548.9259,0.385921
428.0195,-11.2331,-548.7391,0.386035
427.3838,-11.2126,-548.5503,0.386149
426.7469,-11.1921,-548.3604,0.386261
426.1098,-11.1718,-548.1699,0.386375
425.4721,-11.1520,-547.9794,0.386489
424.8333,-11.1324,-547.7882,0.386603
424.1891,-11.1127,-547.5956,0.386724
423.5458,-11.0933,-547.4031,0.386835
422.9044,-11.0740,-547.2112,0.386950
422.2581,-11.0543,-547.0181,0.387066
421.6043,-11.0345,-546.8231,0.387187
420.9613,-11.0151,-546.6312,0.387301
420.3080,-10.9951,-546.4363,0.387418
419.6532,-10.9748,-546.2413,0.387536
418.9999,-10.9544,-546.0469,0.387654
418.3459,-10.9339,-545.8522,0.387771
417.6877,-10.9133,-545.6561,0.387890
417.0314,-10.8927,-545.4609,0.388008
416.3702,-10.8717,-545.2644,0.388127
415.7061,-10.8505,-545.0672,0.388247
415.0461,-10.8291,-544.8710,0.388366
414.3802,-10.8066,-544.6729,0.388485
413.7132,-10.7840,-544.4744,0.388605
413.0481,-10.7614,-544.2764,0.388725
412.3755,-10.7382,-544.0760,0.388848
411.7045,-10.7135,-543.8760,0.388971
411.0333,-10.6889,-543.6755,0.389091
410.3614,-10.6643,-543.4747,0.389212
409.6835,-10.6396,-543.2721,0.389338
409.0116,-10.6145,-543.0714,0.389459
408.3184,-10.5888,-542.8644,0.389583
407.6381,-10.5579,-542.7124,0.389703
406.9611,-10.5350,-542.5146,0.389828
406.2759,-10.5127,-542.3156,0.389951
405.5905,-10.4906,-542.1172,0.390078
404.9039,-10.4686,-541.9188,0.390201
404.2169,-10.4468,-541.7211,0.390327
403.5251,-10.4250,-541.5221,0.390452
402.8337,-10.4033,-541.3228,0.390578
402.1423,-10.3818,-541.1228,0.390704
401.4468,-10.3602,-540.9214,0.390830
400.7503,-10.3381,-540.7191,0.390957
400.0525,-10.3159,-540.5156,0.391083
399.3538,-10.2935,-540.3110,0.391211
398.6548,-10.2709,-540.1063,0.391339
397.9541,-10.2485,-539.9009,0.391466
397.2525,-10.2261,-539.6945,0.391595
396.5490,-10.2032,-539.4878,0.391723
395.8464,-10.1798,-539.2820,0.391851
395.1382,-10.1569,-539.0754,0.391980
394.4298,-10.1340,-538.8702,0.392110
393.7207,-10.1105,-538.6655,0.392241
393.0200,-10.0916,-538.4202,0.392371
392.3058,-10.0651,-538.2121,0.392500
391.5938,-10.0388,-538.0035,0.392631
390.8767,-10.0123,-537.7924,0.392762
390.1583,-9.9856,-537.5801,0.392892
389.4423,-9.9575,-537.3685,0.393023
388.7233,-9.9290,-537.1554,0.393155
387.9895,-9.8824,-536.9362,0.393287
387.2805,-9.8190,-536.7343,0.393419
386.5475,-9.8014,-536.4985,0.393554
385.8253,-9.7832,-536.2783,0.393684
385.1017,-9.7686,-536.0591,0.393817
384.4005,-9.7527,-535.8473,0.393951
383.6545,-9.6842,-535.6281,0.394083
382.9278,-9.6658,-535.4186,0.394217
382.1955,-9.6466,-535.2103,0.394352
381.4929,-9.5992,-535.0115,0.394483
380.7462,-9.5599,-534.8179,0.394618
380.0034,-9.5299,-534.6012,0.394751
379.2681,-9.5085,-534.4012,0.394885
378.5483,-9.4820,-534.2146,0.395018
377.8093,-9.4507,-534.0139,0.395153
377.0759,-9.4194,-533.8152,0.395289
376.3393,-9.3870,-533.6119,0.395421
375.5985,-9.3494,-533.4160,0.395556
374.8606,-9.3097,-533.2217,0.395689
374.1228,-9.2699,-533.0289,0.395826
373.3844,-9.2293,-532.8262,0.395960
372.6436,-9.1906,-532.6394,0.396094
371.9033,-9.1525,-532.4442,0.396228
371.1613,-9.1146,-532.2473,0.396362
370.4177,-9.0750,-532.0487,0.396498
369.6779,-9.0302,-531.8494,0.396635
368.9364,-8.9858,-531.6471,0.396768
368.1962,-8.9419,-531.4432,0.396904
367.4554,-8.8984,-531.2390,0.397039
366.7110,-8.8542,-531.0374,0.397172
365.9714,-8.8099,-530.8361,0.397309
365.2309,-8.7658,-530.6349,0.397443
364.4893,-8.7216,-530.4341,0.397577
363.7473,-8.6775,-530.2325,0.397716
363.0090,-8.6326,-530.0338,0.397849
362.2658,-8.5866,-529.8337,0.397984
361.5201,-8.5390,-529.6352,0.398122
360.7806,-8.4923,-529.4345,0.398253
360.0349,-8.4451,-529.2351,0.398390
359.2931,-8.3980,-529.0372,0.398524
358.5508,-8.3493,-528.8411,0.398659
357.8070,-8.2993,-528.6436,0.398796
357.0638,-8.2480,-528.4460,0.398930
356.3223,-8.1964,-528.2496,0.399066
355.5782,-8.1437,-528.0528,0.399199
354.8334,-8.0900,-527.8558,0.399336
354.0937,-8.0365,-527.6602,0.399470
353.3499,-7.9819,-527.4640,0.399604
352.6078,-7.9272,-527.2678,0.399739
351.8663,-7.8727,-527.0728,0.399874
351.1203,-7.8180,-526.8765,0.400009
350.3788,-7.7636,-526.6820,0.400145
349.6356,-7.7092,-526.4875,0.400281
348.8928,-7.6545,-526.2941,0.400414
348.1476,-7.5992,-526.0998,0.400550
347.4052,-7.5441,-525.9059,0.400685
346.6594,-7.4889,-525.7128,0.400820
345.9135,-7.4334,-525.5212,0.400954
345.1735,-7.3786,-525.3328,0.401089
344.4264,-7.3365,-525.1446,0.401223
343.6798,-7.2805,-524.9586,0.401362
342.9366,-7.2237,-524.7759,0.401495
342.1901,-7.1660,-524.5938,0.401630
341.4436,-7.1093,-524.4124,0.401765
340.6979,-7.0274,-524.2338,0.401900
339.9514,-6.9725,-524.0564,0.402035
339.2040,-6.9174,-523.8793,0.402170
338.4560,-6.8623,-523.7043,0.402306
337.7111,-6.8081,-523.5330,0.402440
336.9677,-6.7549,-523.3648,0.402573
336.2169,-6.7016,-523.1968,0.402709
335.4654,-6.6495,-523.0303,0.402843
334.7169,-6.5980,-522.8670,0.402978
333.9640,-6.5466,-522.7053,0.403114
333.2092,-6.4951,-522.5458,0.403251
332.4568,-6.4445,-522.3894,0.403386
331.7068,-6.3949,-522.2352,0.403520
330.9514,-6.3462,-522.0824,0.403655
330.1932,-6.2982,-521.9312,0.403791
329.4390,-6.2520,-521.7834,0.403927
328.6816,-6.2058,-521.6371,0.404061
327.9204,-6.1599,-521.4924,0.404200
327.1616,-6.1145,-521.3505,0.404334
326.4027,-6.0694,-521.2109,0.404470
325.6395,-6.0242,-521.0724,0.404607
324.8771,-5.9791,-520.9357,0.404743
324.1127,-5.9335,-520.7986,0.404879
323.3495,-5.8876,-520.6624,0.405014
322.5864,-5.8413,-520.5274,0.405152
321.8176,-5.7944,-520.3918,0.405288
321.0497,-5.7476,-520.2560,0.405424
320.2863,-5.7015,-520.1207,0.405560
319.5145,-5.6553,-519.9836,0.405699
318.7502,-5.6101,-519.8474,0.405834
317.9830,-5.5650,-519.7106,0.405971
317.2153,-5.5200,-519.5741,0.406108
316.4447,-5.4749,-519.4388,0.406246
315.6771,-5.4300,-519.3058,0.406382
314.9044,-5.3846,-519.1734,0.406519
314.1354,-5.3394,-519.0429,0.406657
313.3625,-5.2936,-518.9130,0.406794
312.5909,-5.2479,-518.7832,0.406933
311.8186,-5.2019,-518.6536,0.407069
311.0444,-5.1558,-518.5240,0.407208
310.2703,-5.1098,-518.3949,0.407345
309.4969,-5.0640,-518.2662,0.407485
308.7227,-5.0182,-518.1380,0.407622
307.9450,-4.9718,-518.0092,0.407760
307.1669,-4.9254,-517.8811,0.407898
306.3941,-4.8790,-517.7541,0.408035
305.6144,-4.8324,-517.6266,0.408175
304.8398,-4.7862,-517.5005,0.408313
304.0628,-4.7402,-517.3752,0.408451
303.2836,-4.6945,-517.2508,0.408590
302.5028,-4.6489,-517.1278,0.408728
301.7270,-4.6037,-517.0067,0.408868
300.9441,-4.5582,-516.8858,0.409007
300.1628,-4.5133,-516.7664,0.409145
299.3827,-4.4686,-516.6487,0.409284
298.5998,-4.4237,-516.5316,0.409423
297.8181,-4.3785,-516.4156,0.409562
297.0371,-4.3335,-516.3010,0.409701
296.2516,-4.2882,-516.1858,0.409840
295.4451,-4.2420,-516.0680,0.409983
294.6828,-4.1995,-515.9572,0.410119
293.8961,-4.1561,-515.8434,0.410258
293.1078,-4.1136,-515.7301,0.410398
292.3241,-4.0713,-515.6190,0.410537
291.5356,-4.0281,-515.5089,0.410678
290.7480,-3.9846,-515.4005,0.410817
289.9605,-3.9411,-515.2935,0.410955
289.1732,-3.8977,-515.1880,0.411096
288.3811,-3.8543,-515.0832,0.411238
287.5915,-3.8125,-514.9799,0.411376
286.8016,-3.7711,-514.8779,0.411517
286.0073,-3.7304,-514.7769,0.411657
285.2169,-3.6899,-514.6772,0.411798
284.4235,-3.6492,-514.5784,0.411939
283.6309,-3.6087,-514.4811,0.412078
282.8360,-3.5689,-514.3848,0.412219
282.0393,-3.5297,-514.2896,0.412360
281.2461,-3.4913,-514.1960,0.412501
280.4509,-3.4537,-514.1039,0.412641
279.6545,-3.4162,-514.0136,0.412781
278.8560,-3.3787,-513.9246,0.412922
278.0580,-3.3412,-513.8371,0.413063
277.2584,-3.3040,-513.7500,0.413213
276.4588,-3.2675,-513.6628,0.413346
275.6600,-3.2317,-513.5758,0.413487
274.8589,-3.1962,-513.4887,0.413629
274.0536,-3.1606,-513.4020,0.413770
273.2527,-3.1256,-513.3163,0.413913
272.4504,-3.0904,-513.2310,0.414054
271.6402,-3.0551,-513.1454,0.414196
270.8425,-3.0209,-513.0616,0.414338
270.0386,-2.9870,-512.9778,0.414481
269.2341,-2.9535,-512.8957,0.414622
268.4286,-2.9202,-512.8163,0.414765
267.6230,-2.8868,-512.7397,0.414905
266.8169,-2.8533,-512.6659,0.415048
266.0098,-2.8199,-512.5941,0.415191
265.2008,-2.7865,-512.5241,0.415333
264.3891,-2.7536,-512.4557,0.415477
263.5845,-2.7216,-512.3901,0.415619
262.7748,-2.6900,-512.3265,0.415762
261.9621,-2.6588,-512.2652,0.415906
261.1537,-2.6280,-512.2066,0.416048
260.3416,-2.5977,-512.1498,0.416191
259.5259,-2.5679,-512.0947,0.416334
258.7154,-2.5390,-512.0405,0.416477
257.9003,-2.5112,-511.9872,0.416621
257.0827,-2.4842,-511.9354,0.416764
256.2689,-2.4579,-511.8857,0.416907
255.4512,-2.4319,-511.8375,0.417051
254.6318,-2.4060,-511.7906,0.417194
253.8174,-2.3809,-511.7455,0.417338
252.9978,-2.3564,-511.7014,0.417483
252.1759,-2.3322,-511.6576,0.417627
251.3471,-2.3080,-511.6145,0.417771
250.5339,-2.2841,-511.5741,0.417916
249.7110,-2.2594,-511.5351,0.418059
248.8914,-2.2346,-511.4982,0.418205
248.0701,-2.2102,-511.4629,0.418348
247.2427,-2.1860,-511.4290,0.418495
246.4237,-2.1620,-511.3971,0.418638
245.5963,-2.1378,-511.3661,0.418785
244.7683,-2.1132,-511.3365,0.418931
243.9470,-2.0885,-511.3094,0.419074
243.1185,-2.0641,-511.2853,0.419220
242.2917,-2.0401,-511.2640,0.419365
241.4635,-2.0165,-511.2451,0.419510
240.6375,-1.9930,-511.2284,0.419656
239.8089,-1.9695,-511.2143,0.419803
238.9789,-1.9461,-511.2020,0.419948
238.1510,-1.9231,-511.1921,0.420092
237.3173,-1.9004,-511.1843,0.420240
236.4883,-1.8783,-511.1792,0.420386
235.6558,-1.8560,-511.1767,0.420532
234.8208,-1.8340,-511.1761,0.420679
233.9874,-1.8122,-511.1759,0.420826
233.1506,-1.7912,-511.1753,0.420973
232.3170,-1.7704,-511.1745,0.421118
231.4815,-1.7500,-511.1740,0.421265
230.6439,-1.7299,-511.1737,0.421412
229.8034,-1.7097,-511.1738,0.421559
228.9681,-1.6894,-511.1742,0.421706
228.1275,-1.6694,-511.1752,0.421854
227.2859,-1.6498,-511.1768,0.422001
226.4479,-1.6307,-511.1792,0.422149
225.6063,-1.6115,-511.1823,0.422295
224.7626,-1.5921,-511.1858,0.422443
223.9235,-1.5726,-511.1898,0.422590
223.0816,-1.5528,-511.1942,0.422737
222.2366,-1.5333,-511.1991,0.422888
221.3956,-1.5144,-511.2047,0.423034
220.5505,-1.4961,-511.2106,0.423183
219.7047,-1.4779,-511.2171,0.423330
218.8581,-1.4604,-511.2242,0.423479
218.0128,-1.4431,-511.2314,0.423629
217.1650,-1.4266,-511.2391,0.423777
216.3181,-1.4113,-511.2472,0.423924
215.4718,-1.3962,-511.2558,0.424073
214.6198,-1.3810,-511.2648,0.424222
213.7746,-1.3660,-511.2741,0.424370
212.9194,-1.3512,-511.2843,0.424520
212.0721,-1.3370,-511.2948,0.424668
211.2211,-1.3232,-511.3063,0.424817
210.3706,-1.3094,-511.3188,0.424966
209.5169,-1.2952,-511.3329,0.425117
208.6645,-1.2804,-511.3481,0.425266
207.8128,-1.2652,-511.3650,0.425415
206.9590,-1.2503,-511.3840,0.425563
206.1051,-1.2360,-511.4059,0.425714
205.2536,-1.2226,-511.4309,0.425863
204.3983,-1.2099,-511.4585,0.426015
203.5426,-1.1986,-511.4882,0.426164
202.6882,-1.1885,-511.5190,0.426315
201.8310,-1.1788,-511.5505,0.426466
200.9752,-1.1694,-511.5833,0.426616
200.1182,-1.1599,-511.6174,0.426766
199.2589,-1.1499,-511.6527,0.426918
198.4043,-1.1396,-511.6885,0.427066
197.5463,-1.1294,-511.7251,0.427217
196.6885,-1.1201,-511.7614,0.427368
195.8327,-1.1121,-511.7981,0.427518
194.9823,-1.1047,-511.8348,0.427667
194.1284,-1.0978,-511.8723,0.427819
193.2775,-1.0912,-511.9103,0.427967
192.4300,-1.0849,-511.9494,0.428116
191.5796,-1.0796,-511.9893,0.428264
190.7349,-1.0754,-512.0298,0.428414
189.8909,-1.0724,-512.0704,0.428562
189.0445,-1.0705,-512.1108,0.428710
188.2019,-1.0691,-512.1511,0.428857
187.3579,-1.0682,-512.1913,0.429005
186.5224,-1.0678,-512.2314,0.429153
185.6821,-1.0676,-512.2720,0.429297
184.8438,-1.0676,-512.3130,0.429454
184.0099,-1.0676,-512.3544,0.429592
183.1755,-1.0676,-512.3960,0.429741
182.3397,-1.0674,-512.4384,0.429886
181.5104,-1.0673,-512.4814,0.430033
180.6811,-1.0677,-512.5258,0.430179
179.8510,-1.0691,-512.5712,0.430324
179.0263,-1.0717,-512.6174,0.430470
178.2027,-1.0758,-512.6645,0.430615
177.3748,-1.0813,-512.7134,0.430761
176.5527,-1.0866,-512.7628,0.430904
175.7312,-1.0916,-512.8137,0.431049
174.9083,-1.0957,-512.8659,0.431194
174.0898,-1.0995,-512.9191,0.431338
173.2677,-1.1030,-512.9741,0.431483
172.4464,-1.1063,-513.0312,0.431627
171.6320,-1.1096,-513.0904,0.431769
170.8142,-1.1128,-513.1519,0.431914
169.9940,-1.1162,-513.2160,0.432058
169.1806,-1.1194,-513.2812,0.432202
168.3598,-1.1226,-513.3489,0.432348
167.5472,-1.1257,-513.4181,0.432491
166.7365,-1.1295,-513.4890,0.432634
165.9211,-1.1336,-513.5624,0.432777
165.1066,-1.1382,-513.6377,0.432921
164.2927,-1.1432,-513.7157,0.433064
163.4851,-1.1481,-513.7951,0.433207
162.6721,-1.1533,-513.8771,0.433350
161.8576,-1.1585,-513.9614,0.433494
161.0479,-1.1636,-514.0461,0.433635
160.2398,-1.1685,-514.1320,0.433779
159.4297,-1.1736,-514.2198,0.433922
158.6207,-1.1784,-514.3088,0.434065
157.8106,-1.1834,-514.3994,0.434207
157.0031,-1.1885,-514.4913,0.434351
156.1956,-1.1963,-514.5980,0.434492
155.3881,-1.2015,-514.6913,0.434635
154.5813,-1.2073,-514.7855,0.434779
153.7771,-1.2132,-514.8799,0.434919
152.9672,-1.2190,-514.9755,0.435063
152.1461,-1.2303,-515.0590,0.435205
151.3537,-1.2302,-515.1686,0.435346
150.5491,-1.2357,-515.2666,0.435490
149.7437,-1.2413,-515.3655,0.435631
148.9387,-1.2470,-515.4646,0.435773
148.1198,-1.2603,-515.5509,0.435916
147.3287,-1.2584,-515.6617,0.436058
146.5245,-1.2642,-515.7596,0.436198
145.7225,-1.2699,-515.8567,0.436339
144.9018,-1.2766,-515.9415,0.436481
144.0957,-1.2890,-516.0378,0.436624
143.3096,-1.2853,-516.1450,0.436764
142.5055,-1.2901,-516.2400,0.436908
141.7047,-1.2947,-516.3340,0.437047
140.8900,-1.3007,-516.4152,0.437188
140.0884,-1.3166,-516.5082,0.437330
139.3047,-1.3085,-516.6131,0.437469
138.5090,-1.3134,-516.7053,0.437609
137.7144,-1.3185,-516.7973,0.437749
136.9056,-1.3272,-516.8773,0.437889
136.1159,-1.3453,-516.9685,0.438030
135.3423,-1.3380,-517.0713,0.438167
134.5553,-1.3465,-517.1617,0.438305
133.7705,-1.3554,-517.2516,0.438445
132.9695,-1.3741,-517.3292,0.438583
132.1865,-1.3957,-517.4185,0.438720
131.4238,-1.3843,-517.5193,0.438859
130.6426,-1.3945,-517.6084,0.438996
129.8497,-1.4070,-517.6851,0.439133
129.0750,-1.4295,-517.7731,0.439268
128.3153,-1.4251,-517.8734,0.439405
127.5418,-1.4351,-517.9612,0.439540
126.7716,-1.4447,-518.0490,0.439675
125.9879,-1.4668,-518.1249,0.439811
125.2191,-1.4884,-518.2133,0.439947
124.4700,-1.4710,-518.3135,0.440081
123.7063,-1.4787,-518.4019,0.440216
122.9269,-1.4948,-518.4788,0.440351
122.1629,-1.5150,-518.5676,0.440483
121.4219,-1.4994,-518.6680,0.440618
120.6662,-1.5058,-518.7564,0.440751
119.8968,-1.5226,-518.8325,0.440883
119.1393,-1.5423,-518.9200,0.441018
118.4026,-1.5245,-519.0176,0.441150
117.6512,-1.5303,-519.1024,0.441283
116.8841,-1.5452,-519.1747,0.441414
116.1347,-1.5648,-519.2578,0.441546
115.4030,-1.5484,-519.3521,0.441677
114.6595,-1.5543,-519.4339,0.441809
113.8990,-1.5719,-519.5042,0.441939
113.1593,-1.5918,-519.5856,0.442068
112.4327,-1.5726,-519.6792,0.442200
111.6942,-1.5783,-519.7601,0.442328
110.9421,-1.5956,-519.8289,0.442457
110.2046,-1.6152,-519.9095,0.442589
109.4861,-1.5945,-520.0013,0.442717
108.7401,-1.6018,-520.0690,0.442848
108.0088,-1.6209,-520.1484,0.442974
107.2928,-1.6394,-520.2263,0.443103
106.5679,-1.6132,-520.3183,0.443231
105.8269,-1.6229,-520.3851,0.443358
105.1005,-1.6423,-520.4634,0.443485
104.3959,-1.6271,-520.5530,0.443612
103.6725,-1.6316,-520.6310,0.443740
102.9385,-1.6489,-520.6963,0.443866
102.2184,-1.6688,-520.7726,0.443992
101.5161,-1.6459,-520.8596,0.444119
100.7864,-1.6568,-520.9217,0.444243
100.0706,-1.6730,-520.9942,0.444367
99.3722,-1.6603,-521.0773,0.444494
98.6586,-1.6648,-521.1472,0.444620
97.9317,-1.6808,-521.2040,0.444746
97.2207,-1.7003,-521.2718,0.444868
96.5270,-1.6779,-521.3502,0.444991
95.8043,-1.6865,-521.4040,0.445115
95.0946,-1.7055,-521.4691,0.445239
94.4082,-1.6889,-521.5448,0.445361
93.7032,-1.6917,-521.6080,0.445484
92.9849,-1.7055,-521.6586,0.445607
92.2834,-1.7239,-521.7206,0.445727
91.5988,-1.7000,-521.7941,0.445850
90.8817,-1.7081,-521.8430,0.445973
90.1821,-1.7263,-521.9029,0.446093
89.5015,-1.7077,-521.9734,0.446215
88.8018,-1.7105,-522.0303,0.446335
88.0935,-1.7254,-522.0735,0.446456
87.4130,-1.7153,-522.1394,0.446578
86.7160,-1.7176,-522.1909,0.446698
86.0077,-1.7270,-522.2280,0.446818
85.3295,-1.7226,-522.2874,0.446938
84.6358,-1.7242,-522.3333,0.447059
83.9296,-1.7267,-522.3654,0.447178
83.2382,-1.7405,-522.4071,0.447298
82.5606,-1.7298,-522.4592,0.447414
81.8723,-1.7316,-522.4969,0.447537
81.1648,-1.7390,-522.5210,0.447654
80.4867,-1.7354,-522.5678,0.447773
79.7998,-1.7375,-522.6000,0.447892
79.1081,-1.7400,-522.6307,0.448010
78.4173,-1.7432,-522.6594,0.448127
77.7287,-1.7466,-522.6863,0.448245
77.0375,-1.7502,-522.7112,0.448365
76.3452,-1.7525,-522.7190,0.448484
75.6534,-1.7547,-522.7371,0.448603
74.9606,-1.7570,-522.7516,0.448722
74.2635,-1.7591,-522.7628,0.448839
73.5690,-1.7608,-522.7693,0.448958
72.8728,-1.7618,-522.7712,0.449077
72.1751,-1.7623,-522.7687,0.449198
71.4762,-1.7625,-522.7609,0.449314
70.7778,-1.7625,-522.7498,0.449435
70.0766,-1.7624,-522.7343,0.449556
69.3768,-1.7624,-522.7143,0.449670
68.6774,-1.7621,-522.6901,0.449793
67.9733,-1.7619,-522.6612,0.449913
67.2740,-1.7615,-522.6283,0.450029
66.5694,-1.7611,-522.5910,0.450149
65.8665,-1.7607,-522.5486,0.450269
65.1630,-1.7601,-522.5024,0.450387
64.4575,-1.7595,-522.4522,0.450507
63.7543,-1.7590,-522.3977,0.450626
63.0473,-1.7580,-522.3387,0.450748
62.3415,-1.7564,-522.2755,0.450867
61.6348,-1.7543,-522.2076,0.450988
60.9281,-1.7514,-522.1355,0.451107
60.2182,-1.7475,-522.0576,0.451228
59.5099,-1.7427,-521.9758,0.451350
58.8002,-1.7371,-521.8889,0.451467
58.0902,-1.7304,-521.7972,0.451591
57.3801,-1.7228,-521.7007,0.451711
56.6713,-1.7141,-521.5995,0.451835
55.9613,-1.7043,-521.4934,0.451953
55.2471,-1.6938,-521.3818,0.452075
54.5412,-1.6827,-521.2666,0.452196
53.8306,-1.6708,-521.1451,0.452317
53.1171,-1.6590,-521.0196,0.452437
52.4095,-1.6475,-520.8903,0.452557
51.6993,-1.6364,-520.7559,0.452680
50.9914,-1.6258,-520.6173,0.452798
50.2792,-1.6149,-520.4733,0.452922
49.5695,-1.6038,-520.3248,0.453043
48.8606,-1.5924,-520.1718,0.453165
48.1491,-1.5802,-520.0128,0.453290
47.4413,-1.5675,-519.8516,0.453413
46.7296,-1.5544,-519.6857,0.453533
46.0225,-1.5412,-519.5176,0.453657
45.3141,-1.5280,-519.3453,0.453780
44.6045,-1.5152,-519.1691,0.453902
43.8966,-1.5024,-518.9895,0.454025
43.1886,-1.4897,-518.8054,0.454147
42.4817,-1.4771,-518.6162,0.454274
41.7706,-1.4641,-518.4226,0.454396
41.0640,-1.4507,-518.2260,0.454515
40.3573,-1.4368,-518.0253,0.454641
39.6500,-1.4221,-517.8202,0.454762
38.9425,-1.4066,-517.6107,0.454887
38.2346,-1.3907,-517.3965,0.455012
37.5286,-1.3744,-517.1779,0.455133
36.8230,-1.3579,-516.9533,0.455257
36.1175,-1.3406,-516.7244,0.455379
35.4101,-1.3226,-516.4892,0.455501
34.7078,-1.3039,-516.2496,0.455625
34.0002,-1.2836,-516.0011,0.455751
33.2976,-1.2622,-515.7464,0.455877
32.5991,-1.2391,-515.4856,0.456000
31.9011,-1.2149,-515.2161,0.456122
31.2022,-1.1893,-514.9338,0.456247
30.5077,-1.1636,-514.6443,0.456370
29.8162,-1.1374,-514.3459,0.456493
29.1230,-1.1110,-514.0368,0.456620
28.4398,-1.0847,-513.7217,0.456743
27.7581,-1.0586,-513.3978,0.456869
27.0780,-1.0324,-513.0654,0.456993
26.4011,-1.0060,-512.7251,0.457119
25.7272,-0.9795,-512.3758,0.457244
25.0576,-0.9529,-512.0237,0.457370
24.3916,-0.9263,-511.6712,0.457500
23.7230,-0.8996,-511.3168,0.457624
23.0556,-0.8724,-510.9624,0.457753
22.3907,-0.8446,-510.6075,0.457881
21.7220,-0.8157,-510.2480,0.458008
21.0518,-0.7853,-509.8844,0.458137
20.3897,-0.7536,-509.5203,0.458266
19.7225,-0.7201,-509.1460,0.458392
19.0608,-0.6859,-508.7690,0.458517
18.3972,-0.6510,-508.3844,0.458644
17.7355,-0.6152,-507.9946,0.458774
17.0744,-0.5791,-507.5986,0.458902
16.4166,-0.5424,-507.1967,0.459029
15.7584,-0.5049,-506.7869,0.459158
15.1022,-0.4671,-506.3707,0.459285
14.4521,-0.4299,-505.9496,0.459411
13.7987,-0.3923,-505.5202,0.459546
13.1523,-0.3551,-505.0877,0.459669
12.5061,-0.3172,-504.6480,0.459798
11.8633,-0.2784,-504.2018,0.459930
11.2238,-0.2385,-503.7494,0.460060
10.5849,-0.1973,-503.2889,0.460192
9.9489,-0.1550,-502.8223,0.460322
9.3155,-0.1113,-502.3474,0.460453
8.6859,-0.0668,-501.8689,0.460586
8.0601,-0.0215,-501.3846,0.460720
7.4390,0.0233,-500.8978,0.460856
6.8172,0.0668,-500.4068,0.460990
6.1944,0.1090,-499.9106,0.461129
5.5777,0.1494,-499.4137,0.461262
4.9590,0.1890,-498.9091,0.461401
4.3437,0.2277,-498.4009,0.461533
3.7286,0.2664,-497.8855,0.461670
3.1165,0.3057,-497.3673,0.461807
2.5053,0.3455,-496.8439,0.461942
1.8981,0.3856,-496.3177,0.462076
1.2923,0.4257,-495.7858,0.462211
0.6894,0.4653,-495.2496,0.462348
0.0888,0.5045,-494.7090,0.462483
-0.5104,0.5432,-494.1633,0.462621
-1.1082,0.5818,-493.6115,0.462755
-1.7070,0.6210,-493.0558,0.462891
-2.2989,0.6595,-492.5027,0.463031
-2.8946,0.6973,-491.9420,0.463169
-3.4837,0.7343,-491.3826,0.463307
-4.0748,0.7713,-490.8167,0.463447
-4.6668,0.8082,-490.2446,0.463588
-5.2511,0.8441,-489.6766,0.463726
-5.8412,0.8795,-489.1016,0.463865
-6.4288,0.9136,-488.5293,0.464007
-7.0183,0.9472,-487.9540,0.464146
-7.6095,0.9805,-487.3747,0.464286
-8.1969,1.0137,-486.7944,0.464428
-8.7842,1.0473,-486.2079,0.464565
-9.3699,1.0813,-485.6172,0.464705
-9.9544,1.1156,-485.0225,0.464845
-10.5358,1.1499,-484.4248,0.464987
-11.1155,1.1839,-483.8246,0.465128
-11.6960,1.2181,-483.2182,0.465268
-12.2725,1.2518,-482.6101,0.465412
-12.8469,1.2856,-481.9988,0.465555
-13.4222,1.3199,-481.3807,0.465695
-13.9918,1.3542,-480.7625,0.465837
-14.5582,1.3889,-480.1415,0.465978
-15.1228,1.4240,-479.5151,0.466121
-15.6852,1.4592,-478.8859,0.466265
-16.2410,1.4941,-478.2577,0.466407
-16.7951,1.5291,-477.6251,0.466549
-17.3434,1.5644,-476.9925,0.466688
-17.8904,1.6004,-476.3549,0.466832
-18.4303,1.6367,-475.7188,0.466973
-18.9615,1.6729,-475.0864,0.467113
-19.4926,1.7092,-474.4471,0.467255
-20.0172,1.7444,-473.8105,0.467395
-20.5382,1.7789,-473.1721,0.467534
-21.0546,1.8126,-472.5338,0.467673
-21.5702,1.8462,-471.8945,0.467814
-22.0798,1.8796,-471.2631,0.467955
-22.5914,1.9131,-470.6296,0.468091
-23.1014,1.9462,-469.9972,0.468230
-23.6066,1.9804,-469.3700,0.468369
-24.1112,2.0150,-468.7422,0.468510
-24.6137,2.0493,-468.1168,0.468646
-25.1146,2.0835,-467.4922,0.468787
-25.6138,2.1178,-466.8689,0.468924
-26.1117,2.1520,-466.2467,0.469064
-26.6076,2.1857,-465.6263,0.469199
-27.1026,2.2193,-465.0063,0.469341
-27.5952,2.2527,-464.3889,0.469477
-28.0866,2.2859,-463.7725,0.469615
-28.5761,2.3192,-463.1581,0.469754
-29.0635,2.3524,-462.5454,0.469892
-29.5501,2.3859,-461.9333,0.470030
-30.0348,2.4195,-461.3229,0.470167
-30.5195,2.4529,-460.7119,0.470303
-30.9984,2.4856,-460.1077,0.470442
-31.4788,2.5178,-459.5013,0.470577
-31.9571,2.5496,-458.8981,0.470716
-32.4334,2.5809,-458.2981,0.470850
-32.9079,2.6118,-457.7007,0.470988
-33.3820,2.6421,-457.1041,0.471122
-33.8550,2.6720,-456.5097,0.471257
-34.3247,2.7014,-455.9198,0.471394
-34.7947,2.7305,-455.3306,0.471530
-35.2645,2.7596,-454.7437,0.471667
-35.7334,2.7887,-454.1600,0.471802
-36.2005,2.8178,-453.5797,0.471938
-36.6661,2.8467,-453.0028,0.472071
-37.1313,2.8751,-452.4279,0.472202
-37.5967,2.9032,-451.8540,0.472337
-38.0588,2.9308,-451.2856,0.472471
-38.5215,2.9578,-450.7181,0.472593
-38.9847,2.9841,-450.1514,0.472734
-39.4455,3.0095,-449.5909,0.472862
-39.9078,3.0346,-449.0318,0.472994
-40.3721,3.0591,-448.4747,0.473122
-40.8328,3.0830,-447.9276,0.473251
-41.2967,3.1068,-447.3813,0.473380
-41.7626,3.1305,-446.8380,0.473510
-42.2289,3.1541,-446.3029,0.473638
-42.6981,3.1778,-445.7733,0.473764
-43.1713,3.2018,-445.2469,0.473896
-43.6458,3.2259,-444.7273,0.474022
-44.1225,3.2500,-444.2103,0.474149
-44.5995,3.2739,-443.6990,0.474277
-45.0795,3.2977,-443.1885,0.474405
-45.5578,3.3213,-442.6853,0.474532
-46.0389,3.3448,-442.1845,0.474657
-46.5217,3.3681,-441.6874,0.474787
-47.0068,3.3912,-441.1960,0.474911
-47.4940,3.4140,-440.7142,0.475036
-47.9870,3.4368,-440.2342,0.475162
-48.4795,3.4592,-439.7628,0.475283
-48.9775,3.4815,-439.2928,0.475408
-49.4721,3.5036,-438.8281,0.475531
-49.9688,3.5257,-438.3642,0.475656
-50.4691,3.5479,-437.9012,0.475780
-50.9665,3.5698,-437.4459,0.475903
-51.4682,3.5918,-436.9927,0.476027
-51.9682,3.6136,-436.5449,0.476148
-52.4716,3.6355,-436.0984,0.476272
-52.9743,3.6572,-435.6555,0.476395
-53.4771,3.6789,-435.2156,0.476516
-53.9827,3.7004,-434.7798,0.476637
-54.4876,3.7218,-434.3552,0.476759
-54.9990,3.7435,-433.9354,0.476879
-55.5143,3.7655,-433.5256,0.477001
-56.0309,3.7878,-433.1247,0.477120
-56.5517,3.8108,-432.7303,0.477240
-57.0760,3.8346,-432.3429,0.477360
-57.6033,3.8589,-431.9629,0.477479
-58.1336,3.8839,-431.5900,0.477601
-58.6657,3.9097,-431.2244,0.477720
-59.2008,3.9364,-430.8587,0.477839
-59.7340,3.9640,-430.4942,0.477958
-60.2692,3.9928,-430.1316,0.478076
-60.8011,4.0223,-429.7737,0.478194
-61.3359,4.0523,-429.4173,0.478311
-61.8724,4.0822,-429.0636,0.478428
-62.4041,4.1111,-428.7165,0.478544
-62.9385,4.1394,-428.3710,0.478658
-63.4737,4.1669,-428.0298,0.478773
-64.0084,4.1934,-427.6986,0.478886
-64.5464,4.2188,-427.3771,0.478999
-65.0891,4.2436,-427.0593,0.479110
-65.6287,4.2674,-426.7508,0.479224
-66.1764,4.2905,-426.4449,0.479337
-66.7180,4.3126,-426.1497,0.479445
-67.2740,4.3343,-425.8686,0.479559
-67.8202,4.3610,-425.5803,0.479670
-68.3696,4.3865,-425.2917,0.479783
-68.9153,4.4125,-425.0053,0.479893
-69.4610,4.4369,-424.7198,0.480005
-70.0133,4.4467,-424.4164,0.480113
-70.5532,4.4854,-424.1551,0.480225
-71.1038,4.4996,-423.8578,0.480334
-71.6457,4.5323,-423.6001,0.480445
-72.1931,4.5517,-423.3113,0.480554
-72.7408,4.5524,-423.0465,0.480663
-73.2801,4.6006,-422.8095,0.480771
-73.8312,4.6067,-422.5409,0.480882
-74.3786,4.6071,-422.2962,0.480988
-74.9267,4.6580,-422.0583,0.481096
-75.4744,4.6583,-421.8296,0.481203
-76.0214,4.7087,-421.6081,0.481311
-76.5729,4.7091,-421.3928,0.481418
-77.1302,4.7082,-421.2125,0.481522
-77.6817,4.7443,-421.0353,0.481629
-78.2374,4.7852,-420.8627,0.481734
-78.7936,4.8310,-420.7023,0.481839
-79.3396,4.8555,-420.5193,0.481943
-79.8948,4.8850,-420.3475,0.482048
-80.4481,4.9135,-420.1789,0.482153
-81.0049,4.9426,-420.0203,0.482258
-81.5596,4.9712,-419.8680,0.482361
-82.1126,4.9989,-419.7189,0.482462
-82.6589,5.0146,-419.5412,0.482568
-83.2173,5.0406,-419.4032,0.482671
-83.7663,5.0648,-419.2682,0.482774
-84.3155,5.0808,-419.1306,0.482877
-84.8669,5.0861,-418.9920,0.482978
-85.4164,5.0831,-418.8646,0.483080
-85.9620,5.0745,-418.7201,0.483182
-86.5321,5.0790,-418.5995,0.483282
-87.0804,5.1011,-418.4908,0.483382
-87.6289,5.1219,-418.3864,0.483482
-88.1798,5.1431,-418.2876,0.483582
-88.7264,5.1633,-418.1939,0.483682
-89.2739,5.1829,-418.1039,0.483781
-89.8241,5.2016,-418.0238,0.483881
-90.3692,5.2203,-417.9515,0.483980
-90.9173,5.2391,-417.8829,0.484078
-91.4650,5.2574,-417.8204,0.484176
-92.0097,5.2761,-417.7553,0.484276
-92.5556,5.2944,-417.6884,0.484373
-93.1000,5.3123,-417.6240,0.484472
-93.5449,5.3266,-417.5768,0.484569
-94.1961,5.3564,-417.5152,0.484665
-94.7368,5.4008,-417.4676,0.484766
-95.2780,5.3951,-417.4244,0.484860
-95.8138,5.4414,-417.3810,0.484960
-96.3569,5.4354,-417.3372,0.485055
-96.8783,5.4698,-417.3120,0.485152
-97.4239,5.4711,-417.2734,0.485248
-97.9419,5.4961,-417.2664,0.485344
-98.4863,5.5059,-417.2398,0.485438
-99.0153,5.4981,-417.2322,0.485534
-99.5313,5.5361,-417.2396,0.485629
-100.0714,5.5355,-417.2305,0.485725
-100.5809,5.5626,-417.2518,0.485818
-101.1277,5.5691,-417.2578,0.485915
-101.6365,5.5909,-417.2953,0.486010
-102.1804,5.6051,-417.3159,0.486106
-102.6958,5.6209,-417.3623,0.486201
-103.2235,5.6356,-417.3950,0.486298
-103.7564,5.6516,-417.4293,0.486392
-104.2892,5.6674,-417.4675,0.486489
-104.8232,5.6849,-417.4952,0.486584
-105.3567,5.7052,-417.5395,0.486681
-105.8935,5.7264,-417.5867,0.486777
-106.4278,5.7482,-417.6358,0.486875
-106.9642,5.7706,-417.6848,0.486972
-107.5015,5.7938,-417.7342,0.487067
-108.0416,5.8175,-417.7865,0.487167
-108.5795,5.8417,-417.8439,0.487264
-109.1175,5.8664,-417.9075,0.487363
-109.6560,5.8913,-417.9744,0.487461
-110.1960,5.9169,-418.0459,0.487561
-110.7348,5.9428,-418.1215,0.487659
-111.2769,5.9691,-418.2006,0.487756
-111.8212,5.9956,-418.2807,0.487857
-112.3664,6.0217,-418.3610,0.487957
-112.9110,6.0470,-418.4429,0.488055
-113.4608,6.0717,-418.5279,0.488154
-114.0084,6.0959,-418.6143,0.488254
-114.5592,6.1197,-418.7037,0.488354
-115.1126,6.1437,-418.7963,0.488455
-115.6654,6.1675,-418.8929,0.488556
-116.2172,6.1912,-418.9946,0.488657
-116.7717,6.2152,-419.1017,0.488761
-117.3257,6.2393,-419.2130,0.488859
-117.8811,6.2635,-419.3286,0.488964
-118.4423,6.2880,-419.4484,0.489064
-119.0055,6.3123,-419.5663,0.489169
-119.5683,6.3365,-419.6847,0.489270
-120.1344,6.3607,-419.8054,0.489373
-120.7054,6.3851,-419.9291,0.489480
-121.2740,6.4095,-420.0546,0.489583
-121.8450,6.4341,-420.1838,0.489688
-122.4180,6.4587,-420.3174,0.489794
-122.9902,6.4833,-420.4531,0.489902
-123.5681,6.5079,-420.5923,0.490008
-124.1510,6.5327,-420.7334,0.490114
-124.7319,6.5573,-420.8750,0.490221
-125.3162,6.5819,-421.0188,0.490329
-125.9063,6.6065,-421.1658,0.490435
-126.4959,6.6309,-421.3144,0.490543
-127.0888,6.6554,-421.4653,0.490655
-127.6827,6.6796,-421.6182,0.490762
-128.2816,6.7041,-421.7736,0.490875
-128.8794,6.7284,-421.9308,0.490985
-129.4798,6.7526,-422.0921,0.491096
-130.0815,6.7767,-422.2564,0.491207
-130.6882,6.8010,-422.4246,0.491321
-131.2950,6.8253,-422.5952,0.491435
-131.9062,6.8498,-422.7680,0.491545
-132.5225,6.8744,-422.9415,0.491663
-133.1378,6.8990,-423.1145,0.491777
-133.7575,6.9239,-423.2899,0.491890
-134.3805,6.9490,-423.4680,0.492005
-135.0029,6.9743,-423.6493,0.492121
-135.6263,6.9997,-423.8352,0.492239
-136.2542,7.0254,-424.0262,0.492358
-136.8812,7.0511,-424.2201,0.492476
-137.5089,7.0768,-424.4180,0.492594
-138.1407,7.1027,-424.6197,0.492714
-138.7732,7.1287,-424.8246,0.492833
-139.4108,7.1549,-425.0344,0.492953
-140.0441,7.1809,-425.2459,0.493073
-140.6845,7.2071,-425.4629,0.493195
-141.3260,7.2333,-425.6835,0.493316
-141.9669,7.2595,-425.9069,0.493438
-142.6119,7.2858,-426.1328,0.493561
-143.2595,7.3121,-426.3612,0.493685
-143.9111,7.3385,-426.5921,0.493808
-144.5614,7.3649,-426.8245,0.493931
-145.2170,7.3912,-427.0595,0.494056
-145.8766,7.4174,-427.2959,0.494181
-146.5379,7.4432,-427.5325,0.494305
-147.2052,7.4690,-427.7716,0.494433
-147.8710,7.4943,-428.0108,0.494561
-148.5425,7.5197,-428.2527,0.494689
-149.2164,7.5452,-428.4959,0.494816
-149.8914,7.5708,-428.7401,0.494945
-150.5683,7.5967,-428.9853,0.495076
-151.2507,7.6229,-429.2329,0.495205
-151.9344,7.6493,-429.4815,0.495335
-152.6222,7.6759,-429.7320,0.495465
-153.3126,7.7028,-429.9837,0.495596
-154.0047,7.7299,-430.2365,0.495727
-154.7023,7.7576,-430.4919,0.495859
-155.3993,7.7853,-430.7476,0.495993
-156.1009,7.8135,-431.0067,0.496124
-156.8022,7.8421,-431.2678,0.496259
-157.5058,7.8710,-431.5316,0.496391
-158.2143,7.9001,-431.7992,0.496528
-158.9170,7.9288,-432.0662,0.496658
-159.6180,7.9573,-432.3349,0.496791
-160.3204,7.9856,-432.6057,0.496925
-161.0219,8.0137,-432.8777,0.497056
-161.7220,8.0415,-433.1508,0.497191
-162.4237,8.0693,-433.4261,0.497322
-163.1265,8.0970,-433.7036,0.497456
-163.8293,8.1246,-433.9825,0.497590
-164.5339,8.1522,-434.2638,0.497724
-165.2390,8.1797,-434.5472,0.497856
-165.9407,8.2071,-434.8304,0.497989
-166.6472,8.2347,-435.1165,0.498123
-167.3581,8.2626,-435.4054,0.498255
-168.0706,8.2908,-435.6961,0.498390
-168.7855,8.3192,-435.9889,0.498526
-169.5026,8.3480,-436.2833,0.498663
-170.2239,8.3768,-436.5795,0.498799
-170.9514,8.4059,-436.8779,0.498939
-171.6806,8.4347,-437.1771,0.499076
-172.4154,8.4636,-437.4787,0.499216
-173.1532,8.4925,-437.7816,0.499354
-173.8975,8.5218,-438.0872,0.499495
-174.6427,8.5516,-438.3933,0.499641
-175.4083,8.5824,-438.7079,0.499786
-176.1468,8.6126,-439.0113,0.499925
-176.9088,8.6440,-439.3246,0.500069
-177.6691,8.6754,-439.6370,0.500215
-178.4369,8.7072,-439.9528,0.500362
-179.2103,8.7393,-440.2710,0.500513
-179.9816,8.7711,-440.5886,0.500655
-180.7579,8.8028,-440.9083,0.500804
-181.5404,8.8347,-441.2306,0.500953
-182.3266,8.8665,-441.5548,0.501104
-183.1166,8.8985,-441.8804,0.501254
-183.9115,8.9309,-442.2084,0.501406
-184.7140,8.9637,-442.5395,0.501560
-185.5126,8.9964,-442.8691,0.501712
-186.3195,9.0293,-443.2023,0.501865
-187.1309,9.0626,-443.5374,0.502022
-187.9418,9.0962,-443.8722,0.502176
-188.7598,9.1304,-444.2100,0.502332
-189.5751,9.1642,-444.5468,0.502484
-190.3973,9.1980,-444.8867,0.502643
-191.2232,9.2313,-445.2281,0.502800
-192.0513,9.2645,-445.5707,0.502957
-192.8802,9.2974,-445.9137,0.503114
-193.7154,9.3305,-446.2595,0.503272
-194.5529,9.3633,-446.6065,0.503432
-195.3907,9.3961,-446.9537,0.503591
-196.2360,9.4291,-447.3043,0.503754
-197.0789,9.4622,-447.6540,0.503914
-197.9271,9.4957,-448.0060,0.504076
-198.7796,9.5296,-448.3602,0.504239
-199.6310,9.5633,-448.7141,0.504398
-200.4865,9.5968,-449.0699,0.504560
-201.3477,9.6302,-449.4286,0.504723
-202.2078,9.6632,-449.7872,0.504890
-203.0764,9.6967,-450.1499,0.505051
-203.9412,9.7301,-450.5117,0.505220
-204.8067,9.7635,-450.8742,0.505385
-205.6787,9.7970,-451.2401,0.505551
-206.5542,9.8304,-451.6078,0.505723
-207.4266,9.8632,-451.9748,0.505888
-208.3083,9.8963,-452.3463,0.506056
-209.1871,9.9289,-452.7170,0.506223
-210.0730,9.9615,-453.0914,0.506395
-210.9546,9.9939,-453.4644,0.506560
-211.8446,10.0267,-453.8416,0.506730
-212.7297,10.0593,-454.2172,0.506899
-213.6236,10.0921,-454.5971,0.507070
-214.5182,10.1245,-454.9779,0.507245
-215.4140,10.1568,-455.3598,0.507412
-216.3105,10.1889,-455.7429,0.507584
-217.2097,10.2215,-456.1281,0.507754
-218.1147,10.2544,-456.5167,0.507926
-219.0186,10.2875,-456.9055,0.508101
-219.9192,10.3205,-457.2935,0.508273
-220.8289,10.3540,-457.6862,0.508448
-221.7357,10.3874,-458.0782,0.508621
-222.6485,10.4211,-458.4734,0.508794
-223.5623,10.4548,-458.8694,0.508972
-224.4784,10.4885,-459.2668,0.509146
-225.3922,10.5224,-459.6634,0.509319
-226.3133,10.5569,-460.0637,0.509497
-227.2362,10.5919,-460.4652,0.509674
-228.1557,10.6270,-460.8661,0.509848
-229.0808,10.6626,-461.2701,0.510023
-230.0092,10.6986,-461.6761,0.510200
-230.9344,10.7348,-462.0814,0.510378
-231.8630,10.7714,-462.4884,0.510557
-232.7949,10.8077,-462.8969,0.510737
-233.7301,10.8438,-463.3069,0.510910
-234.6664,10.8801,-463.7176,0.511090
-235.6018,10.9165,-464.1280,0.511269
-236.5415,10.9530,-464.5403,0.511451
-237.4762,10.9891,-464.9505,0.511630
-238.4138,11.0249,-465.3618,0.511809
-239.3437,11.0600,-465.7699,0.511987
-240.2765,11.0948,-466.1790,0.512164
-241.2097,11.1292,-466.5880,0.512342
-242.1330,11.1636,-466.9918,0.512519
-243.0611,11.1985,-467.3973,0.512696
-243.9871,11.2334,-467.8014,0.512870
-244.9088,11.2681,-468.2032,0.513049
-245.8289,11.3027,-468.6037,0.513228
-246.7476,11.3368,-469.0032,0.513401
-247.6686,11.3706,-469.4029,0.513574
-248.5817,11.4044,-469.7985,0.513750
-249.4995,11.4385,-470.1952,0.513926
-250.4109,11.4724,-470.5885,0.514098
-251.3210,11.5064,-470.9805,0.514274
-252.2368,11.5404,-471.3742,0.514445
-253.1406,11.5741,-471.7620,0.514618
-254.0474,11.6082,-472.1506,0.514792
-254.9546,11.6425,-472.5387,0.514968
-255.8578,11.6767,-472.9244,0.515135
-256.7562,11.7106,-473.3073,0.515310
-257.6584,11.7444,-473.6910,0.515479
-258.5569,11.7779,-474.0724,0.515654
-259.4511,11.8112,-474.4511,0.515824
-260.3487,11.8448,-474.8305,0.515992
-261.2419,11.8782,-475.2071,0.516165
-262.1327,11.9117,-475.5820,0.516330
-263.0273,11.9452,-475.9577,0.516502
-263.9118,11.9782,-476.3289,0.516670
-264.7995,12.0111,-476.7013,0.516840
-265.6840,12.0435,-477.0722,0.517008
-266.5709,12.0761,-477.4438,0.517176
-267.4504,12.1088,-477.8123,0.517345
-268.3328,12.1417,-478.1815,0.517511
-269.2105,12.1748,-478.5487,0.517679
-270.0882,12.2083,-478.9154,0.517846
-270.9643,12.2421,-479.2803,0.518011
-271.8352,12.2759,-479.6422,0.518179
-272.7066,12.3098,-480.0034,0.518345
-273.5786,12.3437,-480.3643,0.518508
-274.4473,12.3772,-480.7231,0.518672
-275.3121,12.4104,-481.0799,0.518838
-276.1815,12.4436,-481.4384,0.519001
-277.0455,12.4768,-481.7946,0.519164
-277.9029,12.5096,-482.1479,0.519328
-278.7671,12.5420,-482.5035,0.519491
-279.6259,12.5740,-482.8566,0.519655
-280.4793,12.6051,-483.2072,0.519818
-281.3367,12.6357,-483.5592,0.519980
-282.1951,12.6658,-483.9115,0.520141
-283.0521,12.6935,-484.2630,0.520302
-283.9083,12.7247,-484.6141,0.520468
-284.7650,12.7574,-484.9655,0.520628
-285.6225,12.7906,-485.3170,0.520791
-286.4821,12.8243,-485.6695,0.520954
-287.3388,12.8578,-486.0205,0.521118
-288.1988,12.8911,-486.3727,0.521279
-289.0638,12.9243,-486.7270,0.521442
-289.9269,12.9575,-487.0802,0.521607
-290.7959,12.9913,-487.4360,0.521769
-291.6614,13.0255,-487.7902,0.521933
-292.5288,13.0598,-488.1451,0.522096
-293.3977,13.0943,-488.5003,0.522263
-294.2696,13.1283,-488.8564,0.522429
-295.1397,13.1621,-489.2114,0.522592
-296.0148,13.1960,-489.5683,0.522758
-296.8930,13.2305,-489.9261,0.522921
-297.7667,13.2655,-490.2819,0.523086
-298.6483,13.3013,-490.6405,0.523254
-299.5279,13.3375,-490.9981,0.523421
-300.4075,13.3740,-491.3555,0.523588
-301.2902,13.4108,-491.7141,0.523757
-302.1739,13.4478,-492.0728,0.523925
-303.0590,13.4843,-492.4318,0.524091
-303.9463,13.5205,-492.7920,0.524257
-304.8350,13.5567,-493.1525,0.524427
-305.7222,13.5930,-493.5126,0.524593
-306.6163,13.6299,-493.8757,0.524760
-307.5072,13.6668,-494.2377,0.524931
-308.4218,13.7048,-494.6096,0.525104
-309.2926,13.7404,-494.9644,0.525270
-310.1864,13.7771,-495.3299,0.525437
-311.0778,13.8133,-495.6970,0.525606
-311.9709,13.8503,-496.0668,0.525775
-312.8645,13.8875,-496.4387,0.525946
-313.7512,13.9247,-496.8098,0.526111
-314.6428,13.9621,-497.1851,0.526285
-315.5335,13.9992,-497.5620,0.526454
-316.4188,14.0365,-497.9384,0.526622
-317.3081,14.0749,-498.3188,0.526793
-318.1936,14.1133,-498.6996,0.526962
-319.0784,14.1515,-499.0819,0.527131
-319.9612,14.1896,-499.4656,0.527300
-320.8430,14.2280,-499.8507,0.527470
-321.7248,14.2663,-500.2385,0.527641
-322.6085,14.3045,-500.6288,0.527808
-323.4896,14.3414,-501.0201,0.527980
-324.3688,14.3776,-501.4127,0.528148
-325.2476,14.4138,-501.8070,0.528317
-326.1254,14.4507,-502.2032,0.528488
-327.0001,14.4882,-502.6003,0.528658
-327.8769,14.5259,-503.0002,0.528826
-328.7532,14.5637,-503.4023,0.528996
-329.6254,14.6015,-503.8043,0.529164
-330.5014,14.6399,-504.2100,0.529336
-331.3711,14.6783,-504.6150,0.529505
-332.2399,14.7168,-505.0217,0.529673
-333.1139,14.7556,-505.4328,0.529848
-333.9821,14.7935,-505.8432,0.530013
-334.8475,14.8302,-506.2542,0.530184
-335.7223,14.8664,-506.6721,0.530353
-336.5826,14.9022,-507.0849,0.530523
-337.4470,14.9389,-507.5027,0.530690
-338.3250,14.9758,-507.9321,0.530862
-339.1715,15.0130,-508.3521,0.531030
-340.0236,15.0522,-508.7809,0.531197
-340.8773,15.0916,-509.2166,0.531367
-341.7309,15.1313,-509.6586,0.531539
-342.5737,15.1711,-510.1020,0.531705
-343.4198,15.2107,-510.5550,0.531875
-344.2561,15.2505,-511.0100,0.532044
-345.0914,15.2902,-511.4726,0.532213
-345.9250,15.3303,-511.9429,0.532382
-346.7504,15.3700,-512.4167,0.532550
-347.5732,15.4099,-512.8981,0.532720
-348.3945,15.4500,-513.3873,0.532889
-349.2099,15.4901,-513.8820,0.533057
-350.0200,15.5302,-514.3819,0.533226
-350.8335,15.5705,-514.8867,0.533394
-351.6437,15.6109,-515.3931,0.533562
-352.4576,15.6516,-515.9069,0.533733
-353.2616,15.6921,-516.4193,0.533900
-354.0616,15.7326,-516.9351,0.534070
-354.8599,15.7734,-517.4570,0.534237
-355.6585,15.8143,-517.9855,0.534408
-356.4485,15.8553,-518.5165,0.534574
-357.2373,15.8964,-519.0526,0.534743
-358.0244,15.9375,-519.5952,0.534912
-358.8101,15.9791,-520.1434,0.535084
-359.5855,16.0204,-520.6919,0.535249
-360.3602,16.0621,-521.2479,0.535419
-361.1322,16.1040,-521.8095,0.535589
-361.8962,16.1459,-522.3735,0.535756
-362.6584,16.1882,-522.9460,0.535925
-363.4165,16.2305,-523.5222,0.536095
-364.1708,16.2733,-524.1036,0.536262
-364.9242,16.3160,-524.6920,0.536429
-365.6693,16.3593,-525.2809,0.536600
-366.4137,16.4025,-525.8772,0.536766
-367.1579,16.4466,-526.4805,0.536937
-367.8903,16.4903,-527.0823,0.537105
-368.6231,16.5348,-527.6919,0.537273
-369.3508,16.5795,-528.3063,0.537442
-370.0758,16.6244,-528.9246,0.537612
-370.7975,16.6696,-529.5462,0.537777
-371.5179,16.7139,-530.1712,0.537949
-372.2380,16.7562,-530.8004,0.538118
-372.9510,16.8004,-531.4280,0.538283
-373.6693,16.8420,-532.0630,0.538454
-374.3851,16.8823,-532.6971,0.538624
-375.0981,16.9214,-533.3304,0.538793
-375.8131,16.9603,-533.9662,0.538962
-376.5282,16.9988,-534.6034,0.539129
-377.2411,17.0375,-535.2400,0.539298
-377.9542,17.0761,-535.8777,0.539464
-378.6691,17.1148,-536.5185,0.539636
-379.3782,17.1531,-537.1562,0.539801
-380.0914,17.1914,-537.7993,0.539974
-380.8005,17.2287,-538.4407,0.540141
-381.5103,17.2657,-539.0837,0.540314
-382.2210,17.3028,-539.7288,0.540483
-382.9303,17.3397,-540.3735,0.540655
-383.6366,17.3763,-541.0169,0.540825
-384.3453,17.4130,-541.6636,0.540993
-385.0577,17.4499,-542.3153,0.541164
-385.7638,17.4865,-542.9628,0.541334
-386.4735,17.5228,-543.6147,0.541505
-387.1833,17.5587,-544.2671,0.541674
-387.8929,17.5946,-544.9198,0.541845
-388.6044,17.6299,-545.5748,0.542019
-389.3152,17.6654,-546.2297,0.542190
-390.0289,17.7012,-546.8877,0.542362
-390.7411,17.7371,-547.5443,0.542532
-391.4582,17.7735,-548.2056,0.542705
-392.1714,17.8100,-548.8635,0.542881
-392.8871,17.8463,-549.5237,0.543052
-393.6050,17.8825,-550.1859,0.543227
-394.3205,17.9183,-550.8457,0.543396
-395.0393,17.9542,-551.5085,0.543569
-395.7589,17.9897,-552.1718,0.543740
-396.4798,18.0251,-552.8364,0.543914
-397.1996,18.0601,-553.5000,0.544089
-397.9250,18.0949,-554.1688,0.544263
-398.6465,18.1300,-554.8341,0.544437
-399.3704,18.1658,-555.5014,0.544611
-400.0988,18.2024,-556.1729,0.544782
-400.8228,18.2393,-556.8405,0.544960
-401.5511,18.2764,-557.5122,0.545133
-402.2794,18.3135,-558.1843,0.545306
-403.0066,18.3503,-558.8558,0.545484
-403.7312,18.3867,-559.5251,0.545655
-404.4550,18.4223,-560.1945,0.545827
-405.1844,18.4582,-560.8693,0.546004
-405.9072,18.4937,-561.5386,0.546181
-406.6375,18.5291,-562.2151,0.546355
-407.3644,18.5639,-562.8890,0.546524
-408.0908,18.5985,-563.5637,0.546699
-408.8211,18.6334,-564.2425,0.546876
-409.5535,18.6684,-564.9240,0.547053
-410.2854,18.7037,-565.6053,0.547225
-411.0213,18.7392,-566.2906,0.547403
-411.7551,18.7746,-566.9744,0.547580
-412.4918,18.8104,-567.6611,0.547758
-413.2320,18.8467,-568.3514,0.547936
-413.9702,18.8842,-569.0399,0.548115
-414.7118,18.9233,-569.7330,0.548290
-415.4539,18.9628,-570.4270,0.548470
-416.1990,19.0029,-571.1241,0.548649
-416.9428,19.0430,-571.8198,0.548825
-417.6935,19.0834,-572.5223,0.549011
-418.4422,19.1236,-573.2229,0.549191
-419.1914,19.1634,-573.9239,0.549369
-419.9439,19.2031,-574.6280,0.549551
-420.6981,19.2427,-575.3340,0.549732
-421.4543,19.2822,-576.0427,0.549918
-422.2086,19.3218,-576.7501,0.550098
-422.9644,19.3615,-577.4597,0.550283
-423.7256,19.4013,-578.1746,0.550466
-424.4830,19.4399,-578.8864,0.550649
-425.2421,19.4781,-579.6003,0.550833
-426.0073,19.5162,-580.3201,0.551016
-426.7678,19.5540,-581.0363,0.551202
-427.5284,19.5923,-581.7534,0.551385
-428.2950,19.6315,-582.4766,0.551573
-429.0619,19.6716,-583.2009,0.551757
-429.8236,19.7116,-583.9219,0.551938
-430.5905,19.7518,-584.6490,0.552128
-431.3587,19.7918,-585.3791,0.552309
-432.1225,19.8315,-586.1068,0.552497
-432.8890,19.8714,-586.8387,0.552681
-433.6607,19.9120,-587.5774,0.552869
-434.4236,19.9526,-588.3100,0.553056
-435.1918,19.9935,-589.0497,0.553245
-435.9589,20.0338,-589.7899,0.553431
-436.7268,20.0741,-590.5328,0.553622
-437.4980,20.1145,-591.2806,0.553810
-438.2697,20.1550,-592.0309,0.553995
-439.0373,20.1955,-592.7792,0.554186
-439.8080,20.2367,-593.5317,0.554372
-440.5808,20.2782,-594.2870,0.554563
-441.3503,20.3195,-595.0403,0.554751
-442.1227,20.3614,-595.7971,0.554942
-442.9000,20.4033,-596.5592,0.555130
-443.6734,20.4452,-597.3181,0.555320
-444.4486,20.4877,-598.0797,0.555509
-445.2267,20.5309,-598.8444,0.555701
-446.0031,20.5743,-599.6074,0.555889
-446.7812,20.6180,-600.3721,0.556082
-447.5593,20.6615,-601.1370,0.556271
-448.3416,20.7051,-601.9064,0.556464
-449.1233,20.7480,-602.6752,0.556658
-449.9065,20.7903,-603.4460,0.556850
-450.6907,20.8316,-604.2177,0.557040
-451.4753,20.8722,-604.9896,0.557236
-452.2632,20.9134,-605.7651,0.557431
-453.0509,20.9551,-606.5402,0.557624
-453.8398,20.9975,-607.3171,0.557819
-454.6297,21.0392,-608.0952,0.558015
-455.4185,21.0803,-608.8723,0.558211
-456.2096,21.1212,-609.6516,0.558407
-457.0062,21.1628,-610.4363,0.558599
-457.7967,21.2044,-611.2148,0.558793
-458.5927,21.2462,-611.9987,0.558994
-459.3907,21.2884,-612.7847,0.559188
-460.1861,21.3309,-613.5684,0.559385
-460.9857,21.3736,-614.3561,0.559582
-461.7864,21.4157,-615.1456,0.559783
-462.5847,21.4573,-615.9326,0.559977
-463.3839,21.4987,-616.7203,0.560172
-464.1875,21.5403,-617.5126,0.560369
-464.9862,21.5817,-618.3002,0.560567
-465.7842,21.6233,-619.0872,0.560767
-466.5806,21.6660,-619.8727,0.560960
-467.3777,21.7097,-620.6592,0.561153
-468.1706,21.7535,-621.4413,0.561351
-468.9633,21.7965,-622.2233,0.561543
-469.7487,21.8381,-622.9984,0.561740
-470.5394,21.8795,-623.7787,0.561934
-471.3246,21.9212,-624.5538,0.562128
-472.1074,21.9631,-625.3263,0.562318
-472.8885,22.0047,-626.0974,0.562510
-473.6734,22.0463,-626.8721,0.562699
-474.4496,22.0877,-627.6379,0.562893
-475.2273,22.1296,-628.4051,0.563087
-476.0057,22.1715,-629.1729,0.563272
-476.7794,22.2128,-629.9357,0.563469
-477.5521,22.2535,-630.6977,0.563654
-478.3209,22.2941,-631.4559,0.563847
-479.0906,22.3348,-632.2147,0.564037
-479.8587,22.3758,-632.9719,0.564221
-480.6245,22.4172,-633.7267,0.564411
-481.3886,22.4591,-634.4797,0.564599
-482.1527,22.5006,-635.2322,0.564783
-482.9124,22.5414,-635.9800,0.564972
-483.6736,22.5820,-636.7288,0.565157
-484.4325,22.6226,-637.4747,0.565346
-485.1899,22.6636,-638.2186,0.565531
-485.9440,22.7047,-638.9589,0.565718
-486.6989,22.7463,-639.6998,0.565899
-487.4532,22.7884,-640.4401,0.566085
-488.2036,22.8308,-641.1765,0.566269
-488.9520,22.8737,-641.9108,0.566453
-489.6983,22.9166,-642.6429,0.566637
-490.4447,22.9596,-643.3751,0.566821
-491.1884,23.0025,-644.1047,0.567000
-491.9324,23.0456,-644.8344,0.567184
-492.6718,23.0877,-645.5593,0.567366
-493.4114,23.1288,-646.2845,0.567545
-494.1511,23.1694,-647.0098,0.567727
-494.8867,23.2101,-647.7310,0.567906
-495.6210,23.2514,-648.4510,0.568084
-496.3572,23.2930,-649.1732,0.568267
-497.0947,23.3348,-649.8966,0.568446
-497.8148,23.3762,-650.6036,0.568621
-498.5402,23.4179,-651.3159,0.568799
-499.2668,23.4596,-652.0297,0.568980
-499.9926,23.5015,-652.7425,0.569158
-500.7160,23.5434,-653.4531,0.569338
-501.4358,23.5852,-654.1605,0.569513
-502.1542,23.6270,-654.8665,0.569693
-502.8749,23.6692,-655.5751,0.569866
-503.5875,23.7110,-656.2757,0.570043
-504.3025,23.7526,-656.9788,0.570220
-505.0190,23.7938,-657.6833,0.570396
-505.7305,23.8347,-658.3830,0.570575
-506.4420,23.8761,-659.0828,0.570750
-507.1534,23.9181,-659.7828,0.570928
-507.8600,23.9608,-660.4780,0.571099
-508.5662,24.0035,-661.1730,0.571276
-509.2751,24.0464,-661.8708,0.571454
-509.9764,24.0883,-662.5612,0.571629
-510.6803,24.1303,-663.2542,0.571806
-511.3845,24.1722,-663.9473,0.571980
-512.0831,24.2136,-664.6348,0.572153
-512.7831,24.2549,-665.3240,0.572326
-513.4822,24.2961,-666.0123,0.572508
-514.1804,24.3371,-666.6996,0.572675
-514.8766,24.3778,-667.3850,0.572853
-515.5732,24.4180,-668.0708,0.573029
-516.2660,24.4579,-668.7526,0.573203
-516.9569,24.4979,-669.4327,0.573375
-517.6514,24.5379,-670.1166,0.573555
-518.3383,24.5772,-670.7933,0.573721
-519.0255,24.6157,-671.4706,0.573898
-519.7142,24.6535,-672.1501,0.574070
-520.3987,24.6905,-672.8262,0.574243
-521.0820,24.7277,-673.5021,0.574416
-521.7643,24.7653,-674.1784,0.574587
-522.4426,24.8027,-674.8516,0.574757
-523.1199,24.8395,-675.5251,0.574928
-523.7975,24.8754,-676.2005,0.575102
-524.4677,24.9102,-676.8720,0.575270
-525.1393,24.9452,-677.5485,0.575440
-525.8063,24.9800,-678.2238,0.575608
-526.4701,25.0148,-678.8994,0.575780
-527.1301,25.0492,-679.5754,0.575948
-527.7914,25.0830,-680.2557,0.576118
-528.4439,25.1157,-680.9311,0.576287
-529.0946,25.1482,-681.6096,0.576456
-529.7478,25.1811,-682.2969,0.576623
-530.3894,25.2140,-682.9777,0.576790
-531.0316,25.2475,-683.6645,0.576957
-531.6718,25.2816,-684.3552,0.577126
-532.3048,25.3160,-685.0447,0.577293
-532.9348,25.3506,-685.7360,0.577462
-533.5630,25.3860,-686.4316,0.577627
-534.1865,25.4220,-687.1280,0.577795
-534.8060,25.4579,-687.8257,0.577962
-535.4247,25.4934,-688.5281,0.578131
-536.0367,25.5279,-689.2285,0.578293
-536.6467,25.5620,-689.9329,0.578462
-537.2554,25.5964,-690.6432,0.578626
-537.8564,25.6312,-691.3510,0.578792
-538.4537,25.6663,-692.0609,0.578954
-539.0511,25.7014,-692.7773,0.579123
-539.6388,25.7357,-693.4886,0.579285
-540.2258,25.7695,-694.2057,0.579452
-540.8128,25.8031,-694.9285,0.579619
-541.3929,25.8363,-695.6483,0.579784
-541.9709,25.8696,-696.3713,0.579947
-542.5499,25.9035,-697.1022,0.580113
-543.1227,25.9370,-697.8305,0.580278
-543.6895,25.9687,-698.5570,0.580443
-544.2559,26.0010,-699.2885,0.580604
-544.8188,26.0337,-700.0217,0.580770
-545.3787,26.0666,-700.7586,0.580937
-545.9339,26.0993,-701.4965,0.581096
-546.4871,26.1320,-702.2388,0.581265
-547.0356,26.1648,-702.9828,0.581425
-547.5844,26.1974,-703.7329,0.581591
-548.1238,26.2295,-704.4763,0.581754
-548.6636,26.2615,-705.2265,0.581921
-549.2007,26.2933,-705.9791,0.582083
-549.7327,26.3248,-706.7311,0.582250
-550.2630,26.3565,-707.4889,0.582412
-550.7865,26.3881,-708.2479,0.582573
-551.3041,26.4200,-709.0106,0.582738
-551.8174,26.4520,-709.7766,0.582901
-552.3256,26.4841,-710.5480,0.583064
-552.8250,26.5159,-711.3187,0.583226
-553.3201,26.5476,-712.0953,0.583393
-553.8100,26.5791,-712.8767,0.583556
-554.2905,26.6103,-713.6570,0.583719
-554.7676,26.6416,-714.4465,0.583882
-555.2368,26.6721,-715.2394,0.584044
-555.6984,26.7020,-716.0312,0.584209
-556.1566,26.7315,-716.8317,0.584373
-556.6080,26.7609,-717.6359,0.584535
-557.0524,26.7901,-718.4421,0.584699
-557.4925,26.8191,-719.2503,0.584862
-557.9317,26.8480,-720.0638,0.585024
-558.3649,26.8765,-720.8748,0.585186
-558.7963,26.9052,-721.6920,0.585349
-559.2236,26.9345,-722.5125,0.585514
-559.6324,26.9652,-723.3368,0.585675
-560.0483,26.9976,-724.1614,0.585840
-560.4592,27.0295,-724.9910,0.586005
-560.8611,27.0612,-725.8169,0.586166
-561.2591,27.0929,-726.6473,0.586329
-561.6724,27.1236,-727.4910,0.586494
-562.0574,27.1473,-728.3242,0.586655
-562.4365,27.1756,-729.1622,0.586819
-562.8127,27.2000,-730.0048,0.586982
-563.1878,27.2249,-730.8592,0.587148
-563.5300,27.2849,-731.6846,0.587307
-563.8973,27.3163,-732.5315,0.587470
-564.2632,27.3477,-733.3795,0.587632
-564.6445,27.3747,-734.2333,0.587795
-565.0072,27.3990,-735.0842,0.587959
-565.3651,27.4276,-735.9321,0.588121
-565.7208,27.4516,-736.7824,0.588284
-566.0740,27.4758,-737.6410,0.588446
-566.4169,27.5009,-738.4914,0.588608
-566.7427,27.5236,-739.3381,0.588772
-567.0743,27.5552,-740.1965,0.588934
-567.3925,27.5868,-741.0533,0.589096
-567.7004,27.6182,-741.9127,0.589257
-567.9996,27.6499,-742.7777,0.589419
-568.2913,27.6810,-743.6411,0.589581
-568.5758,27.7115,-744.5114,0.589746
-568.8518,27.7415,-745.3877,0.589907
-569.1162,27.7710,-746.2623,0.590070
-569.3730,27.7997,-747.1396,0.590232
-569.6292,27.8283,-748.0244,0.590394
-569.8813,27.8566,-748.9062,0.590557
-570.1300,27.8847,-749.7902,0.590717
-570.3749,27.9132,-750.6788,0.590880
-570.6150,27.9419,-751.5656,0.591042
-570.8510,27.9708,-752.4520,0.591204
-571.0852,28.0004,-753.3448,0.591367
-571.3138,28.0302,-754.2316,0.591528
-571.5408,28.0607,-755.1258,0.591691
-571.7643,28.0919,-756.0212,0.591853
-571.9838,28.1233,-756.9139,0.592015
-572.1985,28.1554,-757.8051,0.592177
-572.4110,28.1877,-758.7026,0.592342
-572.6177,28.2200,-759.5968,0.592503
-572.8201,28.2523,-760.4924,0.592664
-573.0189,28.2845,-761.3924,0.592829
-573.2112,28.3161,-762.2902,0.592991
-573.3981,28.3472,-763.1883,0.593154
-573.5795,28.3782,-764.0889,0.593314
-573.7547,28.4085,-764.9929,0.593478
-573.9256,28.4386,-765.8946,0.593641
-574.0924,28.4690,-766.8005,0.593805
-574.2537,28.4987,-767.7046,0.593966
-574.4080,28.5286,-768.6089,0.594128
-574.5551,28.5583,-769.5172,0.594292
-574.6943,28.5877,-770.4229,0.594454
-574.8269,28.6166,-771.3323,0.594618
-574.9506,28.6454,-772.2401,0.594779
-575.0772,28.7107,-773.1615,0.594942
-575.1873,28.7369,-774.0701,0.595106
-575.2949,28.7636,-774.9844,0.595269
-575.3987,28.7917,-775.8983,0.595431
-575.4970,28.8184,-776.8118,0.595596
-575.5859,28.8459,-777.7256,0.595757
-575.6655,28.8723,-778.6352,0.595918
-575.7388,28.8994,-779.5453,0.596080
-575.8098,28.9307,-780.4644,0.596244
-575.8625,28.9871,-781.3632,0.596407
-575.9231,29.0159,-782.2781,0.596569
-575.9748,29.0431,-783.1952,0.596733
-576.0190,29.0711,-784.1104,0.596894
-576.0571,29.0981,-785.0284,0.597059
-576.0901,29.1253,-785.9450,0.597220
-576.1206,29.1519,-786.8638,0.597383
-576.1472,29.1779,-787.7806,0.597544
-576.1689,29.2046,-788.7009,0.597710
-576.1835,29.2305,-789.6156,0.597869
-576.2043,29.2603,-790.5350,0.598035
-576.2028,29.2897,-791.4549,0.598196
-576.1948,29.3189,-792.3658,0.598356
-576.1810,29.3487,-793.2845,0.598521
-576.1619,29.3792,-794.2108,0.598687
-576.1437,29.4097,-795.1228,0.598844
-576.1247,29.4407,-796.0408,0.599012
-576.1035,29.4723,-796.9663,0.599175
-576.0788,29.5041,-797.8830,0.599337
-576.0496,29.5365,-798.8008,0.599505
-576.0157,29.5692,-799.7217,0.599666
-575.9777,29.6012,-800.6376,0.599831
-575.9352,29.6327,-801.5571,0.599995
-575.8881,29.6636,-802.4740,0.600159
-575.8372,29.6947,-803.3942,0.600325
-575.7828,29.7260,-804.3134,0.600488
-575.7265,29.7577,-805.2339,0.600652
-575.6668,29.7891,-806.1556,0.600816
-575.6021,29.8200,-807.0732,0.600980
-575.5319,29.8509,-807.9978,0.601144
-575.4572,29.8819,-808.9211,0.601307
-575.3771,29.9140,-809.8471,0.601475
-575.2952,29.9468,-810.7701,0.601644
-575.2108,29.9804,-811.6979,0.601807
-575.1232,30.0149,-812.6267,0.601973
-575.0306,30.0496,-813.5571,0.602144
-574.9313,30.0840,-814.4824,0.602313
-574.8247,30.1179,-815.4086,0.602479
-574.7112,30.1512,-816.3359,0.602647
-574.5913,30.1834,-817.2642,0.602817
-574.4660,30.2146,-818.1964,0.602983
-574.3406,30.2451,-819.1312,0.603154
-574.2131,30.2750,-820.0658,0.603322
-574.0824,30.3042,-820.9987,0.603491
-573.9465,30.3331,-821.9400,0.603658
-573.8071,30.3605,-822.8771,0.603828
-573.6647,30.3868,-823.8097,0.603993
-573.5170,30.4123,-824.7533,0.604167
-573.3683,30.4379,-825.6902,0.604333
-573.2160,30.4640,-826.6328,0.604505
-573.0595,30.4900,-827.5789,0.604673
-572.8992,30.5157,-828.5214,0.604847
-572.7335,30.5405,-829.4714,0.605019
-572.5654,30.5645,-830.4144,0.605191
-572.3926,30.5881,-831.3630,0.605366
-572.2190,30.6120,-832.3077,0.605539
-572.0414,30.6365,-833.2618,0.605708
-571.8613,30.6612,-834.2155,0.605883
-571.6799,30.6854,-835.1646,0.606058
-571.4937,30.7090,-836.1219,0.606231
-571.3041,30.7318,-837.0803,0.606409
-571.1121,30.7534,-838.0361,0.606577
-570.9166,30.7750,-838.9958,0.606758
-570.7193,30.7974,-839.9570,0.606931
-570.5190,30.8210,-840.9186,0.607105
-570.3156,30.8454,-841.8853,0.607281
-570.1095,30.8700,-842.8528,0.607458
-569.9019,30.8941,-843.8172,0.607639
-569.6901,30.9177,-844.7910,0.607815
-569.4777,30.9405,-845.7568,0.607990
-569.2614,30.9632,-846.7312,0.608166
-569.0422,30.9858,-847.7080,0.608345
-568.8217,31.0081,-848.6798,0.608521
-568.5981,31.0301,-849.6559,0.608699
-568.3708,31.0517,-850.6390,0.608880
-568.1423,31.0732,-851.6168,0.609056
-567.9097,31.0953,-852.6009,0.609236
-567.6750,31.1180,-853.5826,0.609415
-567.4382,31.1411,-854.5638,0.609595
-567.1975,31.1643,-855.5511,0.609772
-566.9540,31.1872,-856.5418,0.609958
-566.7105,31.2090,-857.5320,0.610137
-566.4670,31.2299,-858.5201,0.610315
-566.2202,31.2506,-859.5186,0.610496
-565.9736,31.2715,-860.5128,0.610675
-565.7249,31.2925,-861.5091,0.610861
-565.4736,31.3139,-862.5070,0.611043
-565.2202,31.3355,-863.5058,0.611225
-564.9639,31.3576,-864.5078,0.611406
-564.7036,31.3797,-865.5151,0.611588
-564.4429,31.4012,-866.5143,0.611776
-564.1774,31.4223,-867.5218,0.611954
-563.9097,31.4431,-868.5276,0.612142
-563.6381,31.4636,-869.5378,0.612325
-563.3666,31.4838,-870.5391,0.612514
-563.0895,31.5041,-871.5538,0.612694
-562.8105,31.5240,-872.5663,0.612879
-562.5292,31.5440,-873.5754,0.613069
-562.2417,31.5646,-874.5945,0.613259
-561.9526,31.5855,-875.6060,0.613446
-561.6587,31.6052,-876.6190,0.613631
-561.3599,31.6241,-877.6332,0.613818
-561.0573,31.6415,-878.6461,0.614005
-560.7496,31.6588,-879.6612,0.614198
-560.4354,31.6766,-880.6833,0.614388
-560.1182,31.6946,-881.7070,0.614577
-559.8035,31.7128,-882.7226,0.614764
-559.4844,31.7312,-883.7480,0.614955
-559.1644,31.7491,-884.7717,0.615144
-558.8425,31.7668,-885.7974,0.615335
-558.5178,31.7844,-886.8282,0.615530
-558.1927,31.8020,-887.8584,0.615721
-557.8685,31.8194,-888.8846,0.615911
-557.5399,31.8370,-889.9243,0.616109
-557.2123,31.8548,-890.9593,0.616298
-556.8849,31.8726,-891.9926,0.616487
-556.5537,31.8908,-893.0374,0.616686
-556.2250,31.9089,-894.0737,0.616876
-555.8945,31.9278,-895.1161,0.617074
-555.5615,31.9473,-896.1649,0.617265
-555.2301,31.9671,-897.2094,0.617460
-554.8975,31.9863,-898.2588,0.617657
-554.5652,32.0048,-899.3076,0.617854
-554.2318,32.0225,-900.3617,0.618046
-553.8997,32.0401,-901.4147,0.618237
-553.5676,32.0578,-902.4700,0.618431
-553.2328,32.0760,-903.5356,0.618623
-552.9026,32.0945,-904.5889,0.618825
-552.5708,32.1134,-905.6495,0.619018
-552.2379,32.1320,-906.7144,0.619211
-551.9063,32.1505,-907.7792,0.619409
-551.5755,32.1682,-908.8439,0.619603
-551.2435,32.1868,-909.9153,0.619803
-550.9135,32.2050,-910.9832,0.619997
-550.5829,32.2226,-912.0553,0.620195
-550.2540,32.2399,-913.1246,0.620388
-549.9280,32.2571,-914.1853,0.620584
-549.6002,32.2750,-915.2530,0.620781
-549.2737,32.2935,-916.3172,0.620975
-548.9497,32.3128,-917.3743,0.621171
-548.6244,32.3327,-918.4361,0.621364
-548.3018,32.3528,-919.4898,0.621559
-547.9788,32.3729,-920.5443,0.621750
-547.6567,32.3926,-921.5957,0.621946
-547.3355,32.4120,-922.6464,0.622133
-547.0164,32.4312,-923.6895,0.622328
-546.6973,32.4508,-924.7339,0.622520
-546.3779,32.4706,-925.7794,0.622713
-546.0611,32.4902,-926.8168,0.622903
-545.7447,32.5100,-927.8534,0.623090
-545.4282,32.5298,-928.8897,0.623280
-545.1117,32.5498,-929.9266,0.623469
-544.7980,32.5692,-930.9534,0.623659
-544.4831,32.5883,-931.9855,0.623846
-544.1704,32.6074,-933.0108,0.624036
-543.8588,32.6264,-934.0338,0.624221
-543.5472,32.6456,-935.0574,0.624415
-543.2367,32.6645,-936.0792,0.624597
-542.9273,32.6832,-937.0975,0.624785
-542.6185,32.7015,-938.1140,0.624969
-542.3103,32.7193,-939.1295,0.625154
-542.0031,32.7375,-940.1421,0.625338
-541.6967,32.7559,-941.1520,0.625524
-541.3926,32.7735,-942.1545,0.625710
-541.0870,32.7908,-943.1634,0.625895
-540.7825,32.8081,-944.1686,0.626078
-540.4797,32.8253,-945.1693,0.626259
-540.1765,32.8425,-946.1715,0.626445
-539.8752,32.8594,-947.1680,0.626627
-539.5742,32.8766,-948.1632,0.626806
-539.2734,32.8942,-949.1585,0.626991
-538.9739,32.9122,-950.1493,0.627173
-538.6752,32.9306,-951.1389,0.627351
-538.3781,32.9487,-952.1233,0.627536
-538.0806,32.9669,-953.1105,0.627714
-537.7850,32.9855,-954.0915,0.627894
-537.4885,33.0050,-955.0766,0.628073
-537.1940,33.0254,-956.0548,0.628252
-536.9006,33.0462,-957.0301,0.628431
-536.6056,33.0670,-958.0101,0.628611
-536.3137,33.0870,-958.9799,0.628786
-536.0217,33.1062,-959.9501,0.628970
-535.7278,33.1257,-960.9247,0.629147
-535.4355,33.1448,-961.8956,0.629322
-535.1437,33.1637,-962.8647,0.629500
-534.8522,33.1831,-963.8337,0.629678
-534.5598,33.2028,-964.8052,0.629856
-534.2686,33.2229,-965.7737,0.630034
-533.9756,33.2436,-966.7484,0.630212
-533.6844,33.2639,-967.7181,0.630390
-533.3929,33.2840,-968.6896,0.630565
-533.1019,33.3032,-969.6596,0.630746
-532.8101,33.3214,-970.6329,0.630921
-532.5187,33.3391,-971.6060,0.631102
-532.2280,33.3574,-972.5772,0.631277
-531.9364,33.3762,-973.5532,0.631453
-531.6448,33.3962,-974.5298,0.631632
-531.3550,33.4160,-975.5024,0.631814
-531.0643,33.4359,-976.4787,0.631989
-530.7751,33.4564,-977.4516,0.632169
-530.4846,33.4779,-978.4325,0.632350
-530.1959,33.4999,-979.4094,0.632525
-529.9071,33.5229,-980.3896,0.632705
-529.6187,33.5460,-981.3712,0.632883
-529.3319,33.5680,-982.3506,0.633062
-529.0458,33.5895,-983.3311,0.633237
-528.7604,33.6106,-984.3137,0.633420
-528.4759,33.6315,-985.2956,0.633597
-528.1926,33.6527,-986.2772,0.633777
-527.9093,33.6745,-987.2624,0.633956
-527.6263,33.6979,-988.2486,0.634133
-527.3439,33.7218,-989.2336,0.634316
-527.0618,33.7461,-990.2211,0.634494
-526.7796,33.7701,-991.2100,0.634671
-526.4984,33.7935,-992.1971,0.634852
-526.2174,33.8165,-993.1835,0.635033
-525.9373,33.8394,-994.1672,0.635209
-525.6555,33.8630,-995.1571,0.635391
-525.3737,33.8872,-996.1477,0.635570
-525.0927,33.9119,-997.1353,0.635747
-524.8111,33.9374,-998.1257,0.635929
-524.5303,33.9629,-999.1149,0.636110
-524.2488,33.9888,-1000.1083,0.636291
-523.9688,34.0143,-1001.0994,0.636470
-523.6890,34.0402,-1002.0931,0.636649
-523.4102,34.0663,-1003.0844,0.636832
-523.1326,34.0921,-1004.0725,0.637008
-522.8529,34.1184,-1005.0681,0.637189
-522.5745,34.1432,-1006.0590,0.637370
-522.2957,34.1676,-1007.0521,0.637550
-522.0176,34.1919,-1008.0432,0.637729
-521.7391,34.2157,-1009.0367,0.637911
-521.4609,34.2397,-1010.0297,0.638093
-521.1832,34.2632,-1011.0206,0.638272
-520.9052,34.2867,-1012.0118,0.638448
-520.6276,34.3107,-1013.0027,0.638630
-520.3483,34.3355,-1013.9987,0.638810
-520.0706,34.3603,-1014.9892,0.638989
-519.7919,34.3849,-1015.9823,0.639170
-519.5134,34.4090,-1016.9742,0.639351
-519.2357,34.4329,-1017.9637,0.639532
-518.9587,34.4572,-1018.9511,0.639706
-518.6821,34.4816,-1019.9372,0.639885
-518.4060,34.5064,-1020.9216,0.640065
-518.1318,34.5311,-1021.9008,0.640243
-517.8573,34.5571,-1022.8805,0.640419
-517.5840,34.5832,-1023.8571,0.640597
-517.3107,34.6092,-1024.8333,0.640774
-517.0386,34.6343,-1025.8065,0.640951
-516.7667,34.6588,-1026.7780,0.641126
-516.4962,34.6824,-1027.7450,0.641302
-516.2253,34.7059,-1028.7133,0.641478
-515.9554,34.7298,-1029.6783,0.641654
-515.6869,34.7543,-1030.6401,0.641829
-515.4195,34.7796,-1031.6035,0.642002
-515.1548,34.8049,-1032.5625,0.642175
-514.8923,34.8304,-1033.5184,0.642347
-514.6288,34.8564,-1034.4816,0.642523
-514.3694,34.8821,-1035.4333,0.642695
-514.1107,34.9079,-1036.3843,0.642864
-513.8515,34.9335,-1037.3362,0.643038
-513.5930,34.9589,-1038.2856,0.643210
-513.3368,34.9837,-1039.2277,0.643379
-513.0782,35.0087,-1040.1799,0.643554
-512.8243,35.0332,-1041.1178,0.643722
-512.5705,35.0583,-1042.0585,0.643892
-512.3171,35.0847,-1043.0011,0.644060
-512.0664,35.1120,-1043.9355,0.644234
-511.8163,35.1396,-1044.8708,0.644397
-511.5676,35.1669,-1045.8042,0.644570
-511.3199,35.1938,-1046.7352,0.644738
-511.0725,35.2199,-1047.6665,0.644907
-510.8267,35.2456,-1048.5914,0.645069
-510.5800,35.2716,-1049.5195,0.645239
-510.3360,35.2972,-1050.4381,0.645406
-510.0901,35.3235,-1051.3646,0.645571
-509.8465,35.3494,-1052.2828,0.645739
-509.6025,35.3755,-1053.2028,0.645903
-509.3598,35.4013,-1054.1183,0.646071
-509.1186,35.4264,-1055.0278,0.646235
-508.8771,35.4512,-1055.9379,0.646398
-508.6353,35.4758,-1056.8488,0.646562
-508.3941,35.5005,-1057.7573,0.646728
-508.1544,35.5251,-1058.6600,0.646892
-507.9131,35.5498,-1059.5677,0.647055
-507.6730,35.5742,-1060.4703,0.647218
-507.4341,35.5983,-1061.3676,0.647378
-507.1948,35.6224,-1062.2646,0.647542
-506.9532,35.6468,-1063.1667,0.647706
-506.7139,35.6712,-1064.0543,0.647866
-506.4727,35.6962,-1064.9451,0.648027
-506.2307,35.7216,-1065.8335,0.648189
-505.9885,35.7467,-1066.7183,0.648351
-505.7440,35.7715,-1067.6083,0.648511
-505.5010,35.7953,-1068.4885,0.648671
-505.2576,35.8190,-1069.3682,0.648830
-505.0132,35.8424,-1070.2480,0.648990
-504.7688,35.8654,-1071.1256,0.649149
-504.5244,35.8888,-1072.0010,0.649309
-504.2801,35.9125,-1072.8761,0.649467
-504.0357,35.9369,-1073.7504,0.649627
-503.7927,35.9616,-1074.6200,0.649785
-503.5482,35.9870,-1075.4962,0.649945
-503.3068,36.0125,-1076.3639,0.650101
-503.0669,36.0383,-1077.2300,0.650260
-502.8270,36.0645,-1078.0961,0.650416
-502.5873,36.0909,-1078.9607,0.650572
-502.3481,36.1180,-1079.8241,0.650728
-502.1092,36.1452,-1080.6841,0.650886
-501.8701,36.1724,-1081.5430,0.651043
-501.6307,36.1993,-1082.4019,0.651199
-501.3916,36.2256,-1083.2578,0.651354
-501.1526,36.2518,-1084.1124,0.651509
-500.9141,36.2780,-1084.9644,0.651663
-500.6757,36.3045,-1085.8153,0.651819
-500.4377,36.3310,-1086.6637,0.651972
-500.1975,36.3576,-1087.5186,0.652129
-499.9608,36.3838,-1088.3596,0.652280
-499.7232,36.4098,-1089.2028,0.652439
-499.4807,36.4414,-1090.0443,0.652590
-499.2425,36.4681,-1090.8877,0.652741
-498.9964,36.4980,-1091.7247,0.652892
-498.7585,36.5277,-1092.5613,0.653046
-498.5202,36.5573,-1093.3949,0.653197
-498.2808,36.5870,-1094.2297,0.653352
-498.0423,36.6173,-1095.0612,0.653501
-497.8034,36.6470,-1095.8926,0.653653
-497.5639,36.6772,-1096.7236,0.653804
-497.3248,36.7075,-1097.5526,0.653955
-497.0975,36.7359,-1098.3926,0.654104
-496.8596,36.7579,-1099.2212,0.654256
-496.6143,36.7978,-1100.0283,0.654405
-496.3804,36.8276,-1100.8480,0.654554
-496.1461,36.8577,-1101.6733,0.654705
-495.9148,36.8875,-1102.4944,0.654856
-495.6854,36.9173,-1103.3131,0.655002
-495.4655,36.9409,-1104.1542,0.655154
-495.2375,36.9620,-1104.9779,0.655303
-495.0026,37.0061,-1105.7803,0.655452
-494.7764,37.0357,-1106.6055,0.655600
-494.5516,37.0652,-1107.4260,0.655748
-494.3274,37.0947,-1108.2435,0.655897
-494.1111,37.1187,-1109.0848,0.656046
-493.8865,37.1436,-1109.9050,0.656194
-493.6687,37.1824,-1110.7006,0.656347
-493.4290,37.2133,-1111.5270,0.656479
-493.2050,37.2432,-1112.3481,0.656641
-492.9825,37.2729,-1113.1646,0.656788
-492.7679,37.3003,-1114.0044,0.656940
-492.5446,37.3212,-1114.8234,0.657088
-492.3219,37.3419,-1115.6399,0.657234
-492.0896,37.3914,-1116.4410,0.657385
-491.8673,37.4210,-1117.2584,0.657532
-491.6453,37.4504,-1118.0752,0.657680
-491.4328,37.4799,-1118.9098,0.657829
-491.2110,37.5005,-1119.7295,0.657977
-490.9907,37.5212,-1120.5468,0.658124
-490.7618,37.5672,-1121.3489,0.658274
-490.5436,37.5961,-1122.1675,0.658421
-490.3279,37.6248,-1122.9799,0.658569
-490.1104,37.6539,-1123.8026,0.658718
-489.9047,37.6779,-1124.6359,0.658865
-489.6903,37.6980,-1125.4526,0.659012
-489.4749,37.7183,-1126.2739,0.659162
-489.2521,37.7681,-1127.0681,0.659309
-489.0362,37.7969,-1127.8882,0.659457
-488.8206,37.8257,-1128.7057,0.659603
-488.6152,37.8510,-1129.5358,0.659750
-488.4002,37.8752,-1130.3483,0.659898
-488.1838,37.8960,-1131.1666,0.660046
-487.9742,37.9153,-1131.9585,0.660194
-487.7440,37.9703,-1132.7771,0.660341
-487.5284,38.0000,-1133.5917,0.660488
-487.3123,38.0300,-1134.4072,0.660636
-487.1056,38.0526,-1135.2395,0.660784
-486.8902,38.0738,-1136.0536,0.660931
-486.6742,38.0987,-1136.8687,0.661078
-486.4503,38.1484,-1137.6602,0.661226
-486.2336,38.1781,-1138.4751,0.661374
-486.0163,38.2080,-1139.2914,0.661522
-485.8108,38.2343,-1140.1145,0.661668
-485.5929,38.2566,-1140.9298,0.661815
-485.3758,38.2786,-1141.7413,0.661962
-485.1494,38.3296,-1142.5347,0.662108
-484.9314,38.3610,-1143.3458,0.662256
-484.7129,38.3927,-1144.1541,0.662403
-484.4918,38.4250,-1144.9670,0.662550
-484.2809,38.4499,-1145.7896,0.662697
-484.0583,38.4742,-1146.5991,0.662844
-483.8263,38.5238,-1147.3881,0.662991
-483.6021,38.5578,-1148.1960,0.663138
-483.3779,38.5927,-1149.0027,0.663283
-483.1533,38.6279,-1149.8115,0.663431
-482.9389,38.6597,-1150.6348,0.663577
-482.7155,38.6868,-1151.4403,0.663724
-482.4910,38.7142,-1152.2490,0.663870
-482.2589,38.7719,-1153.0354,0.664017
-482.0356,38.8084,-1153.8413,0.664164
-481.8127,38.8454,-1154.6450,0.664310
-481.5990,38.8784,-1155.4694,0.664456
-481.3771,38.9068,-1156.2740,0.664603
-481.1548,38.9396,-1157.0789,0.664749
-480.9245,38.9937,-1157.8628,0.664894
-480.7036,39.0317,-1158.6615,0.665040
-480.4824,39.0693,-1159.4623,0.665184
-480.2719,39.1063,-1160.2747,0.665330
-480.0521,39.1350,-1161.0688,0.665472
-479.8242,39.1828,-1161.8441,0.665617
-479.6059,39.2213,-1162.6344,0.665762
-479.3882,39.2592,-1163.4243,0.665903
-479.1715,39.2972,-1164.2087,0.666046
-478.9658,39.3319,-1165.0060,0.666188
-478.7536,39.3578,-1165.7767,0.666326
-478.5369,39.4052,-1166.5138,0.666464
-478.3312,39.4391,-1167.2617,0.666600
-478.1285,39.4723,-1167.9980,0.666732
-477.9380,39.4947,-1168.7404,0.666861
-477.7325,39.5352,-1169.4374,0.666994
-477.5383,39.5658,-1170.1440,0.667119
-477.3479,39.5958,-1170.8351,0.667244
-477.1687,39.6130,-1171.5361,0.667366
-476.9760,39.6535,-1172.1882,0.667488
-476.7974,39.6815,-1172.8397,0.667605
-476.6306,39.6982,-1173.4990,0.667719
-476.4514,39.7357,-1174.1067,0.667829
-476.2856,39.7618,-1174.7169,0.667940
-476.1237,39.7872,-1175.3120,0.668044
-475.9656,39.8130,-1175.8933,0.668151
-475.8212,39.8338,-1176.4761,0.668250
-475.6611,39.8622,-1177.0144,0.668348
-475.5130,39.8863,-1177.5602,0.668444
-475.3677,39.9098,-1178.1002,0.668539
-475.2255,39.9331,-1178.6327,0.668633
-475.0871,39.9556,-1179.1570,0.668726
-474.9527,39.9777,-1179.6744,0.668815
-474.8307,39.9902,-1180.2012,0.668900
-474.6946,40.0206,-1180.6863,0.668990
-474.5830,40.0339,-1181.1978,0.669074
-474.4586,40.0607,-1181.6703,0.669157
-474.3572,40.0745,-1182.1732,0.669241
-474.2411,40.0991,-1182.6373,0.669319
-474.1366,40.1177,-1183.1156,0.669401
-474.0341,40.1363,-1183.5945,0.669481
-473.9444,40.1538,-1184.0892,0.669560
-473.8539,40.1698,-1184.5537,0.669637
-473.7635,40.1883,-1185.0312,0.669714
-473.6770,40.2067,-1185.5084,0.669793
-473.5946,40.2253,-1185.9824,0.669871
-473.5157,40.2441,-1186.4567,0.669946
-473.4402,40.2629,-1186.9301,0.670022
-473.3698,40.2814,-1187.4033,0.670099
-473.3037,40.2999,-1187.8748,0.670170
-473.2415,40.3179,-1188.3461,0.670247
-473.1831,40.3356,-1188.8151,0.670321
-473.1279,40.3527,-1189.2850,0.670391
-473.0763,40.3692,-1189.7509,0.670465
-473.0271,40.3852,-1190.2169,0.670535
-472.9806,40.4007,-1190.6824,0.670603
-472.9378,40.4147,-1191.1453,0.670673
-472.8972,40.4274,-1191.6095,0.670741
-472.8631,40.4368,-1192.0697,0.670807
-472.8357,40.4432,-1192.5334,0.670877
-472.8139,40.4477,-1192.9995,0.670946
-472.7976,40.4512,-1193.4658,0.671016
-472.7872,40.4543,-1193.9316,0.671084
-472.7819,40.4575,-1194.3969,0.671147
-472.7827,40.4605,-1194.8650,0.671215
-472.7873,40.4643,-1195.3303,0.671279
-472.7975,40.4686,-1195.7971,0.671353
-472.8137,40.4729,-1196.2643,0.671419
-472.8355,40.4775,-1196.7339,0.671484
-472.8643,40.4821,-1197.1993,0.671549
-472.8999,40.4871,-1197.6676,0.671612
-472.9418,40.4924,-1198.1361,0.671677
-472.9906,40.4979,-1198.6062,0.671743
-473.0512,40.5034,-1199.0789,0.671805
-473.1179,40.5091,-1199.5480,0.671870
-473.1953,40.5148,-1200.0184,0.671934
-473.2850,40.5205,-1200.4878,0.671997
-473.3871,40.5261,-1200.9524,0.672058
-473.5030,40.5319,-1201.4150,0.672120
-473.6328,40.5375,-1201.8735,0.672181
-473.7744,40.5429,-1202.3260,0.672239
-473.9311,40.5479,-1202.7756,0.672298
-474.0939,40.5527,-1203.2200,0.672359
-474.2622,40.5572,-1203.6545,0.672417
-474.4283,40.5618,-1204.0856,0.672476
-474.5944,40.5663,-1204.5167,0.672530
-474.7658,40.5705,-1204.9434,0.672596
-474.9461,40.5743,-1205.3674,0.672655
-475.1342,40.5777,-1205.7903,0.672711
-475.3312,40.5805,-1206.2080,0.672773
-475.5336,40.5832,-1206.6248,0.672828
-475.7425,40.5855,-1207.0383,0.672887
-475.9588,40.5875,-1207.4497,0.672942
-476.1834,40.5893,-1207.8597,0.673002
-476.4149,40.5909,-1208.2656,0.673060
-476.6534,40.5920,-1208.6680,0.673118
-476.9000,40.5929,-1209.0688,0.673183
-477.1562,40.5935,-1209.4680,0.673240
-477.4091,40.5945,-1209.8643,0.673304
-477.6609,40.5958,-1210.2639,0.673363
-477.9157,40.5975,-1210.6638,0.673420
-478.1764,40.5997,-1211.0651,0.673481
-478.4437,40.6022,-1211.4653,0.673544
-478.7219,40.6050,-1211.8655,0.673608
-479.0087,40.6078,-1212.2614,0.673664
-479.3038,40.6106,-1212.6534,0.673725
-479.6099,40.6134,-1213.0438,0.673781
-479.9221,40.6158,-1213.4327,0.673847
-480.2420,40.6179,-1213.8169,0.673909
-480.5694,40.6197,-1214.1970,0.673969
-480.9036,40.6211,-1214.5728,0.674024
-481.2445,40.6222,-1214.9441,0.674085
-481.5912,40.6230,-1215.3086,0.674151
-481.9436,40.6236,-1215.6654,0.674206
-482.3096,40.6238,-1216.0171,0.674263
-482.6785,40.6239,-1216.3579,0.674323
-483.0560,40.6237,-1216.6890,0.674379
-483.4426,40.6231,-1217.0105,0.674440
-483.8369,40.6222,-1217.3228,0.674500
-484.2383,40.6209,-1217.6249,0.674562
-484.6478,40.6192,-1217.9167,0.674618
-485.0663,40.6171,-1218.2003,0.674682
-485.4949,40.6146,-1218.4722,0.674738
-485.9265,40.6119,-1218.7346,0.674796
-486.3678,40.6091,-1218.9886,0.674860
-486.8126,40.6062,-1219.2305,0.674921
-487.2619,40.6036,-1219.4607,0.674978
-487.7110,40.6013,-1219.6812,0.675041
-488.1581,40.5995,-1219.9044,0.675101
-488.5993,40.5985,-1220.1296,0.675161
-489.0462,40.5984,-1220.3530,0.675218
-489.5009,40.5983,-1220.5747,0.675285
-489.9601,40.5982,-1220.7865,0.675345
-490.4292,40.5979,-1220.9918,0.675401
-490.9004,40.5977,-1221.1886,0.675456
-491.3799,40.5976,-1221.3810,0.675524
-491.8646,40.5978,-1221.5668,0.675573
-492.3529,40.5986,-1221.7457,0.675646
-492.8522,40.5996,-1221.9160,0.675705
-493.3537,40.6012,-1222.0756,0.675764
-493.8617,40.6029,-1222.2246,0.675820
-494.3720,40.6048,-1222.3636,0.675890
-494.8851,40.6069,-1222.4930,0.675944
-495.3996,40.6092,-1222.6122,0.676000
-495.9134,40.6117,-1222.7207,0.676066
-496.4290,40.6144,-1222.8195,0.676122
-496.9504,40.6173,-1222.9064,0.676180
-497.4667,40.6206,-1222.9847,0.676243
-497.9825,40.6240,-1223.0529,0.676297
-498.4996,40.6275,-1223.1110,0.676363
-499.0192,40.6310,-1223.1593,0.676418
-499.5370,40.6344,-1223.1967,0.676484
-500.0551,40.6373,-1223.2208,0.676541
-500.5741,40.6398,-1223.2297,0.676606
-501.0909,40.6419,-1223.2233,0.676666
-501.6126,40.6436,-1223.1986,0.676735
-502.1260,40.6457,-1223.1643,0.676798
-502.6413,40.6479,-1223.1160,0.676858
-503.1527,40.6501,-1223.0546,0.676925
-503.6601,40.6524,-1222.9808,0.676984
-504.1665,40.6544,-1222.8953,0.677055
-504.6700,40.6564,-1222.8003,0.677128
-505.1690,40.6583,-1222.6957,0.677196
-505.6689,40.6599,-1222.5775,0.677266
-506.1657,40.6616,-1222.4573,0.677341
-506.6602,40.6634,-1222.3329,0.677413
-507.1544,40.6654,-1222.2002,0.677489
-507.6508,40.6677,-1222.0554,0.677555
-508.1423,40.6701,-1221.8981,0.677636
-508.6317,40.6723,-1221.7283,0.677710
-509.1152,40.6740,-1221.5502,0.677787
-509.5965,40.6755,-1221.3734,0.677864
-510.0807,40.6765,-1221.2070,0.677931
-510.5620,40.6771,-1221.0439,0.678013
-511.0476,40.6769,-1220.8743,0.678088
-511.5334,40.6763,-1220.6996,0.678175
-512.0159,40.6752,-1220.5209,0.678244
-512.4996,40.6742,-1220.3374,0.678310
-512.9842,40.6733,-1220.1493,0.678384
-513.4695,40.6724,-1219.9558,0.678454
-513.9532,40.6718,-1219.7584,0.678541
-514.4363,40.6710,-1219.5503,0.678613
-514.9250,40.6705,-1219.3401,0.678687
-515.4040,40.6726,-1219.1082,0.678764
-515.8782,40.6741,-1218.8695,0.678838
-516.3499,40.6755,-1218.6296,0.678909
-516.8257,40.6769,-1218.3895,0.678992
-517.2983,40.6792,-1218.1537,0.679065
-517.7726,40.6816,-1217.9158,0.679142
-518.2523,40.6586,-1217.6572,0.679224
-518.7270,40.6838,-1217.4152,0.679290
-519.2044,40.6576,-1217.1682,0.679375
-519.6763,40.6825,-1216.9210,0.679459
-520.1551,40.6573,-1216.6626,0.679541
-520.6279,40.6827,-1216.4012,0.679623
-521.1014,40.6574,-1216.1281,0.679705
-521.5690,40.6857,-1215.8510,0.679786
-522.0349,40.6603,-1215.5674,0.679874
-522.4888,40.6260,-1215.2935,0.679957
-522.9581,40.6235,-1215.0146,0.680046
-523.4270,40.6208,-1214.7396,0.680131
-523.8956,40.6179,-1214.4622,0.680219
-524.3647,40.6150,-1214.1824,0.680307
-524.8376,40.6121,-1213.8981,0.680391
-525.3320,40.6204,-1213.6512,0.680480
-525.8035,40.6232,-1213.3683,0.680567
-526.2755,40.6267,-1213.0869,0.680666
-526.7519,40.6303,-1212.8051,0.680752
-527.2299,40.6341,-1212.5221,0.680837
-527.7071,40.6382,-1212.2393,0.680926
-528.1879,40.6426,-1211.9550,0.681027
-528.6712,40.6473,-1211.6687,0.681112
-529.1519,40.6515,-1211.3815,0.681204
-529.6400,40.6675,-1211.0974,0.681301
-530.1260,40.6726,-1210.8070,0.681390
-530.6089,40.6772,-1210.5153,0.681485
-531.0926,40.6814,-1210.2201,0.681575
-531.5790,40.6855,-1209.9221,0.681668
-532.0658,40.6891,-1209.6221,0.681762
-532.5536,40.6923,-1209.3191,0.681858
-533.0305,40.6877,-1208.9963,0.681955
-533.5179,40.6897,-1208.6875,0.682051
-534.0048,40.6923,-1208.3763,0.682150
-534.4935,40.6946,-1208.0618,0.682236
-534.9809,40.6965,-1207.7454,0.682340
-535.4683,40.6981,-1207.4258,0.682438
-535.9575,40.6995,-1207.1023,0.682531
-536.4434,40.7006,-1206.7787,0.682630
-536.9313,40.7017,-1206.4531,0.682733
-537.4306,40.7100,-1206.1466,0.682830
-537.9238,40.7119,-1205.8214,0.682930
-538.4156,40.7138,-1205.4969,0.683032
-538.9081,40.7158,-1205.1726,0.683128
-539.4042,40.7181,-1204.8469,0.683233
-539.9004,40.7204,-1204.5217,0.683339
-540.4005,40.7228,-1204.1947,0.683436
-540.8992,40.7254,-1203.8698,0.683544
-541.3992,40.7284,-1203.5450,0.683641
-541.9033,40.7320,-1203.2180,0.683743
-542.4069,40.7357,-1202.8912,0.683847
-542.9123,40.7393,-1202.5635,0.683953
-543.4196,40.7430,-1202.2345,0.684056
-543.9276,40.7467,-1201.9056,0.684159
-544.4321,40.7340,-1201.5690,0.684262
-544.9440,40.7386,-1201.2369,0.684370
-545.4551,40.7438,-1200.9071,0.684471
-545.9702,40.7492,-1200.5757,0.684578
-546.4836,40.7545,-1200.2437,0.684686
-547.0009,40.7598,-1199.9081,0.684790
-547.5200,40.7652,-1199.5713,0.684896
-548.0377,40.7705,-1199.2358,0.685005
-548.5591,40.7759,-1198.9001,0.685114
-549.0812,40.7812,-1198.5637,0.685219
-549.6068,40.7868,-1198.2225,0.685326
-550.1295,40.7931,-1197.8829,0.685437
-550.6548,40.7994,-1197.5425,0.685545
-551.1813,40.8060,-1197.2035,0.685655
-551.7097,40.8125,-1196.8657,0.685761
-552.2187,40.8141,-1196.4910,0.685873
-552.7529,40.8244,-1196.1503,0.685984
-553.2842,40.8346,-1195.8087,0.686094
-553.8184,40.8453,-1195.4617,0.686207
-554.3506,40.8559,-1195.1143,0.686316
-554.8871,40.8668,-1194.7643,0.686428
-555.4174,40.8955,-1194.4188,0.686537
-555.9678,40.9511,-1194.0579,0.686652
-556.5032,40.9446,-1193.7025,0.686763
-557.0281,40.9468,-1193.3655,0.686875
-557.5641,40.9507,-1193.0066,0.686986
-558.0996,40.9547,-1192.6501,0.687098
-558.6384,40.9585,-1192.3005,0.687214
-559.1802,40.9633,-1191.9480,0.687327
-559.7220,40.9688,-1191.6006,0.687439
-560.2639,40.9742,-1191.2426,0.687549
-560.8153,40.9863,-1190.8904,0.687666
-561.3691,40.9990,-1190.5391,0.687780
-561.9226,41.0119,-1190.1895,0.687896
-562.4752,41.0248,-1189.8417,0.688014
-563.0342,41.0377,-1189.4945,0.688128
-563.5919,41.0506,-1189.1503,0.688240
-564.1549,41.0634,-1188.8044,0.688359
-564.7168,41.0759,-1188.4600,0.688477
-565.2827,41.0882,-1188.1111,0.688592
-565.8484,41.1003,-1187.7611,0.688707
-566.4141,41.1122,-1187.4106,0.688824
-566.9843,41.1240,-1187.0571,0.688941
-567.5515,41.1354,-1186.7057,0.689059
-568.1216,41.1461,-1186.3524,0.689178
-568.6935,41.1567,-1185.9983,0.689294
-569.2682,41.1673,-1185.6427,0.689411
-569.8411,41.1778,-1185.2882,0.689530
-570.4171,41.1884,-1184.9325,0.689650
-570.9963,41.1991,-1184.5764,0.689767
-571.5740,41.2092,-1184.2236,0.689886
-572.1567,41.2194,-1183.8696,0.690006
-572.7404,41.2298,-1183.5171,0.690125
-573.3254,41.2404,-1183.1646,0.690245
-573.9135,41.2515,-1182.8104,0.690367
-574.5010,41.2628,-1182.4563,0.690488
-575.0903,41.2740,-1182.1012,0.690606
-575.6801,41.2854,-1181.7465,0.690726
-576.2762,41.2971,-1181.3884,0.690849
-576.8712,41.3089,-1181.0322,0.690973
-577.4667,41.3208,-1180.6768,0.691092
-578.0640,41.3328,-1180.3206,0.691218
-578.6610,41.3499,-1179.9629,0.691337
-579.2633,41.3610,-1179.6017,0.691461
-579.8645,41.3724,-1179.2404,0.691583
-580.4662,41.3840,-1178.8794,0.691706
-581.0692,41.3958,-1178.5195,0.691830
-581.6769,41.4072,-1178.1587,0.691953
-582.2836,41.4184,-1177.7998,0.692079
-582.8931,41.4293,-1177.4408,0.692202
-583.5040,41.4398,-1177.0820,0.692326
-584.1152,41.4503,-1176.7249,0.692451
-584.7322,41.4607,-1176.3665,0.692576
-585.3469,41.4711,-1176.0121,0.692700
-585.9667,41.4814,-1175.6571,0.692827
-586.5849,41.4914,-1175.3047,0.692950
-587.2105,41.5015,-1174.9489,0.693077
-587.8347,41.5115,-1174.5928,0.693203
-588.4603,41.5211,-1174.2360,0.693329
-589.0867,41.5307,-1173.8794,0.693456
-589.7095,41.5397,-1173.5260,0.693581
-590.3384,41.5489,-1173.1702,0.693707
-590.9647,41.5577,-1172.8165,0.693834
-591.5931,41.5663,-1172.4619,0.693959
-592.2255,41.5752,-1172.1047,0.694090
-592.8557,41.5841,-1171.7491,0.694216
-593.4890,41.5932,-1171.3928,0.694343
-594.1210,41.6023,-1171.0383,0.694466
-594.7540,41.6116,-1170.6843,0.694597
-595.3884,41.6211,-1170.3302,0.694724
-596.0278,41.6306,-1169.9733,0.694854
-596.6647,41.6400,-1169.6176,0.694980
-597.3028,41.6494,-1169.2603,0.695109
-597.9427,41.6588,-1168.8998,0.695236
-598.5802,41.6676,-1168.5392,0.695365
-599.2209,41.6754,-1168.1748,0.695495
-599.8608,41.6831,-1167.8098,0.695624
-600.5008,41.6898,-1167.4432,0.695754
-601.1417,41.6962,-1167.0745,0.695883
-601.7814,41.7025,-1166.7043,0.696011
-602.4226,41.7084,-1166.3320,0.696142
-603.0622,41.7142,-1165.9586,0.696272
-603.7043,41.7201,-1165.5833,0.696402
-604.3435,41.7260,-1165.2097,0.696531
-604.9879,41.7321,-1164.8345,0.696661
-605.6324,41.7384,-1164.4607,0.696794
-606.2759,41.7450,-1164.0907,0.696923
-606.9237,41.7520,-1163.7218,0.697053
-607.5718,41.7589,-1163.3564,0.697186
-608.2267,41.7658,-1162.9918,0.697317
-608.8765,41.7720,-1162.6323,0.697448
-609.5336,41.7778,-1162.2708,0.697578
-610.1924,41.7834,-1161.9064,0.697711
-610.8483,41.7887,-1161.5421,0.697843
-611.5118,41.7940,-1161.1724,0.697976
-612.1681,41.7997,-1160.8043,0.698107
-612.8238,41.8055,-1160.4343,0.698239
-613.4877,41.8121,-1160.0562,0.698374
-614.1451,41.8186,-1159.6793,0.698505
-614.8002,41.8250,-1159.3018,0.698636
-615.4599,41.8313,-1158.9211,0.698771
-616.1161,41.8372,-1158.5436,0.698903
-616.7753,41.8425,-1158.1650,0.699036
-617.4348,41.8473,-1157.7865,0.699169
-618.0963,41.8511,-1157.4072,0.699304
-618.7532,41.8547,-1157.0312,0.699436
-619.4147,41.8576,-1156.6527,0.699570
-620.0766,41.8607,-1156.2742,0.699704
-620.7359,41.8639,-1155.8975,0.699836
-621.4019,41.8671,-1155.5170,0.699971
-622.0609,41.8700,-1155.1410,0.700104
-622.7224,41.8730,-1154.7635,0.700236
-623.3866,41.8758,-1154.3842,0.700370
-624.0508,41.8786,-1154.0050,0.700501
-624.7112,41.8817,-1153.6287,0.700638
-625.3762,41.8855,-1153.2505,0.700774
-626.0444,41.8900,-1152.8728,0.700907
-626.7063,41.8948,-1152.4993,0.701042
-627.3766,41.8995,-1152.1217,0.701177
-628.0420,41.9043,-1151.7469,0.701310
-628.7067,41.9088,-1151.3719,0.701444
-629.3753,41.9128,-1150.9945,0.701578
-630.0450,41.9169,-1150.6169,0.701713
-630.7133,41.9212,-1150.2407,0.701846
-631.3807,41.9257,-1149.8657,0.701981
-632.0526,41.9302,-1149.4882,0.702117
-632.7199,41.9340,-1149.1128,0.702250
-633.3914,41.9367,-1148.7350,0.702387
-634.0637,41.9387,-1148.3567,0.702523
-634.7327,41.9403,-1147.9806,0.702654
-635.4058,41.9416,-1147.6019,0.702792
-636.0781,41.9428,-1147.2239,0.702927
-636.7498,41.9437,-1146.8462,0.703062
-637.4238,41.9443,-1146.4674,0.703197
-638.0989,41.9450,-1146.0879,0.703334
-638.7739,41.9455,-1145.7087,0.703470
-639.4499,41.9461,-1145.3289,0.703603
-640.1290,41.9473,-1144.9471,0.703740
-640.8044,41.9488,-1144.5676,0.703877
-641.4857,41.9502,-1144.1849,0.704014
-642.1661,41.9511,-1143.8025,0.704150
-642.8436,41.9516,-1143.4219,0.704286
-643.5259,41.9518,-1143.0387,0.704423
-644.2103,41.9520,-1142.6541,0.704560
-644.8933,41.9523,-1142.2703,0.704700
-645.5761,41.9531,-1141.8867,0.704836
-646.2642,41.9538,-1141.5002,0.704974
-646.9502,41.9544,-1141.1151,0.705110
-647.6371,41.9549,-1140.7294,0.705250
-648.3251,41.9545,-1140.3429,0.705389
-649.0113,41.9540,-1139.9575,0.705527
-649.7029,41.9532,-1139.5692,0.705665
-650.3951,41.9525,-1139.1808,0.705804
-651.0854,41.9522,-1138.7932,0.705943
-651.7792,41.9530,-1138.4041,0.706082
-652.4747,41.9541,-1138.0134,0.706222
-653.1672,41.9556,-1137.6249,0.706361
-653.8658,41.9571,-1137.2327,0.706502
-654.5615,41.9578,-1136.8416,0.706640
-655.2580,41.9583,-1136.4506,0.706781
-655.9556,41.9578,-1136.0588,0.706922
-656.6555,41.9569,-1135.6656,0.707063
-657.3538,41.9562,-1135.2734,0.707203
-658.0560,41.9555,-1134.8790,0.707344
-658.7577,41.9550,-1134.4849,0.707485
-659.4596,41.9543,-1134.0905,0.707626
-660.1625,41.9524,-1133.6954,0.707768
-660.8685,41.9500,-1133.2988,0.707911
-661.5698,41.9465,-1132.9050,0.708052
-662.2775,41.9429,-1132.5078,0.708192
-662.9857,41.9394,-1132.1102,0.708335
-663.6911,41.9363,-1131.7141,0.708477
-664.4024,41.9340,-1131.3149,0.708620
-665.1127,41.9322,-1130.9163,0.708762
-665.8220,41.9307,-1130.5182,0.708906
-666.5336,41.9288,-1130.1188,0.709048
-667.2480,41.9267,-1129.7178,0.709191
-667.9579,41.9242,-1129.3192,0.709334
-668.6746,41.9215,-1128.9171,0.709475
-669.3909,41.9148,-1128.5155,0.709621
-670.1050,41.9089,-1128.1150,0.709766
-670.8228,41.9030,-1127.7126,0.709910
-671.5405,41.8966,-1127.3105,0.710054
-672.2584,41.8902,-1126.9086,0.710199
-672.9797,41.8835,-1126.5048,0.710345
-673.7021,41.8772,-1126.1003,0.710489
-674.4219,41.8710,-1125.6975,0.710634
-675.1448,41.8652,-1125.2928,0.710778
-675.8708,41.8596,-1124.8865,0.710927
-676.5931,41.8539,-1124.4823,0.711070
-677.3185,41.8478,-1124.0763,0.711217
-678.0447,41.8415,-1123.6698,0.711361
-678.7716,41.8348,-1123.2632,0.711507
-679.4995,41.8279,-1122.8558,0.711652
-680.2290,41.8207,-1122.4478,0.711800
-680.9552,41.8134,-1122.0413,0.711946
-681.6863,41.8061,-1121.6321,0.712094
-682.4186,41.7987,-1121.2220,0.712240
-683.1475,41.7911,-1120.8138,0.712386
-683.8802,41.7835,-1120.4036,0.712531
-684.6165,41.7762,-1119.9915,0.712682
-685.3484,41.7691,-1119.5815,0.712829
-686.0861,41.7624,-1119.1686,0.712976
-686.8197,41.7559,-1118.7578,0.713124
-687.5539,41.7493,-1118.3469,0.713270
-688.2913,41.7422,-1117.9336,0.713419
-689.0306,41.7345,-1117.5198,0.713570
-689.7665,41.7266,-1117.1077,0.713715
-690.5076,41.7183,-1116.6927,0.713864
-691.2469,41.7097,-1116.2789,0.714012
-691.9865,41.7009,-1115.8650,0.714161
-692.7278,41.6918,-1115.4495,0.714309
-693.4689,41.6826,-1115.0341,0.714458
-694.2072,41.6737,-1114.6198,0.714607
-694.9498,41.6653,-1114.2026,0.714755
-695.6934,41.6573,-1113.7839,0.714904
-696.4290,41.6502,-1113.3687,0.715050
-697.1705,41.6431,-1112.9479,0.715200
-697.9080,41.6361,-1112.5267,0.715346
-698.6423,41.6286,-1112.1049,0.715495
-699.3779,41.6210,-1111.6802,0.715642
-700.1089,41.6129,-1111.2552,0.715790
-700.8416,41.6048,-1110.8269,0.715935
-701.5723,41.5972,-1110.3960,0.716083
-702.3006,41.5895,-1109.9615,0.716229
-703.0283,41.5821,-1109.5222,0.716376
-703.7512,41.5750,-1109.0797,0.716524
-704.4684,41.5680,-1108.6351,0.716669
-705.1907,41.5614,-1108.1819,0.716817
-705.9031,41.5548,-1107.7280,0.716963
-706.6152,41.5483,-1107.2710,0.717110
-707.3233,41.5419,-1106.8115,0.717255
-708.0320,41.5358,-1106.3469,0.717400
-708.7375,41.5300,-1105.8789,0.717547
-709.4390,41.5245,-1105.4080,0.717693
-710.1382,41.5193,-1104.9330,0.717838
-710.8372,41.5143,-1104.4528,0.717984
-711.5312,41.5093,-1103.9695,0.718130
-712.2242,41.5041,-1103.4816,0.718274
-712.9112,41.4989,-1102.9923,0.718419
-713.5995,41.4936,-1102.4960,0.718565
-714.2858,41.4885,-1101.9952,0.718713
-714.9681,41.4833,-1101.4918,0.718861
-715.6489,41.4782,-1100.9832,0.719007
-716.3260,41.4728,-1100.4711,0.719152
-717.0027,41.4677,-1099.9529,0.719296
-717.6733,41.4630,-1099.4331,0.719442
-718.3446,41.4581,-1098.9070,0.719589
-719.0121,41.4530,-1098.3772,0.719739
-719.6771,41.4475,-1097.8435,0.719884
-720.3425,41.4418,-1097.3031,0.720028
-721.0007,41.4358,-1096.7620,0.720176
-721.6599,41.4294,-1096.2137,0.720323
-722.3141,41.4225,-1095.6621,0.720473
-722.9690,41.4146,-1095.1017,0.720619
-723.6148,41.4064,-1094.5424,0.720762
-724.2631,41.3977,-1093.9733,0.720913
-724.9071,41.3880,-1093.3998,0.721064
-725.5432,41.3777,-1092.8256,0.721208
-726.1805,41.3666,-1092.2437,0.721354
-726.8150,41.3552,-1091.6583,0.721502
-727.4455,41.3434,-1091.0718,0.721653
-728.0729,41.3305,-1090.4806,0.721800
-728.7021,41.3162,-1089.8834,0.721951
-729.3248,41.3011,-1089.2855,0.722101
-729.9467,41.2847,-1088.6825,0.722250
-730.5680,41.2675,-1088.0724,0.722398
-731.1825,41.2498,-1087.4614,0.722549
-731.7974,41.2314,-1086.8436,0.722694
-732.4081,41.2125,-1086.2211,0.722845
-733.0145,41.1929,-1085.5950,0.722997
-733.6212,41.1723,-1084.9618,0.723147
-734.2249,41.1508,-1084.3237,0.723303
-734.8232,41.1288,-1083.6836,0.723450
-735.4213,41.1059,-1083.0364,0.723599
-736.0157,41.0828,-1082.3862,0.723750
-736.6066,41.0595,-1081.7321,0.723902
-737.1947,41.0362,-1081.0728,0.724054
-737.7784,41.0122,-1080.4086,0.724208
-738.3602,40.9875,-1079.7401,0.724355
-738.9406,40.9619,-1079.0648,0.724509
-739.5165,40.9354,-1078.3873,0.724662
-740.0888,40.9080,-1077.7063,0.724814
-740.6575,40.8798,-1077.0209,0.724965
-741.2253,40.8504,-1076.3290,0.725122
-741.7875,40.8210,-1075.6357,0.725272
-742.3506,40.7912,-1074.9308,0.725426
-742.9085,40.7619,-1074.2251,0.725583
-743.4597,40.7331,-1073.5183,0.725733
-744.0131,40.7044,-1072.8000,0.725887
-744.5576,40.6763,-1072.0840,0.726041
-745.1023,40.6483,-1071.3585,0.726198
-745.6414,40.6203,-1070.6313,0.726351
-746.1769,40.5919,-1069.9000,0.726505
-746.7106,40.5630,-1069.1622,0.726657
-747.2401,40.5339,-1068.4199,0.726814
-747.7669,40.5047,-1067.6733,0.726970
-748.2892,40.4757,-1066.9240,0.727125
-748.8094,40.4467,-1066.1678,0.727284
-749.3242,40.4182,-1065.4099,0.727438
-749.8369,40.3902,-1064.6450,0.727596
-750.3452,40.3631,-1063.8766,0.727756
-750.8488,40.3363,-1063.1052,0.727911
-751.3495,40.3099,-1062.3269,0.728073
-751.8445,40.2840,-1061.5492,0.728223
-752.3387,40.2588,-1060.7622,0.728386
-752.8275,40.2345,-1059.9746,0.728542
-753.3143,40.2105,-1059.1808,0.728695
-753.7963,40.1872,-1058.3859,0.728854
-754.2743,40.1642,-1057.5869,0.729018
-754.7482,40.1412,-1056.7838,0.729173
-755.2155,40.1179,-1055.9805,0.729332
-755.6802,40.0938,-1055.1707,0.729492
-756.1395,40.0692,-1054.3588,0.729650
-756.5931,40.0440,-1053.5432,0.729813
-757.0420,40.0192,-1052.7236,0.729969
-757.4841,39.9943,-1051.9001,0.730127
-757.9190,39.9693,-1051.0714,0.730285
-758.3456,39.9442,-1050.2391,0.730449
-758.7642,39.9190,-1049.4014,0.730605
-759.1755,39.8937,-1048.5618,0.730761
-759.5790,39.8686,-1047.7184,0.730921
-759.9756,39.8442,-1046.8695,0.731082
-760.3635,39.8202,-1046.0181,0.731240
-760.7441,39.7972,-1045.1614,0.731397
-761.1157,39.7752,-1044.3038,0.731554
-761.4819,39.7541,-1043.4363,0.731713
-761.8378,39.7344,-1042.5708,0.731874
-762.1860,39.7159,-1041.6993,0.732034
-762.5288,39.6980,-1040.8235,0.732192
-762.8643,39.6809,-1039.9453,0.732347
-763.1941,39.6641,-1039.0612,0.732512
-763.5150,39.6478,-1038.1777,0.732665
-763.8295,39.6318,-1037.2900,0.732827
-764.1371,39.6164,-1036.3978,0.732988
-764.4382,39.6013,-1035.4979,0.733147
-764.7314,39.5870,-1034.6008,0.733310
-765.0193,39.5737,-1033.6978,0.733465
-765.3006,39.5611,-1032.7904,0.733632
-765.5762,39.5508,-1031.8774,0.733794
-765.8431,39.5420,-1030.9657,0.733948
-766.1039,39.5355,-1030.0479,0.734113
-766.3566,39.5302,-1029.1292,0.734276
-766.6030,39.5264,-1028.2059,0.734434
-766.8425,39.5236,-1027.2764,0.734599
-767.0759,39.5212,-1026.3529,0.734759
-767.3043,39.5197,-1025.4260,0.734922
-767.5267,39.5191,-1024.4990,0.735084
-767.7445,39.5202,-1023.5650,0.735249
-767.9541,39.5234,-1022.6323,0.735405
-768.1559,39.5279,-1021.6977,0.735572
-768.3510,39.5337,-1020.7617,0.735733
-768.5388,39.5409,-1019.8175,0.735896
-768.7180,39.5486,-1018.8790,0.736059
-768.8890,39.5580,-1017.9339,0.736219
-769.0489,39.5688,-1016.9908,0.736384
-769.1987,39.5801,-1016.0436,0.736546
-769.3375,39.5918,-1015.0958,0.736709
-769.4662,39.6036,-1014.1450,0.736872
-769.5963,39.6156,-1013.2006,0.737032
-769.6993,39.6332,-1012.2537,0.737194
-769.7930,39.6499,-1011.3033,0.737354
-769.8741,39.6657,-1010.3634,0.737516
-769.9317,39.6792,-1009.4097,0.737680
-769.9919,39.6870,-1008.4691,0.737836
-770.0411,39.6943,-1007.5330,0.737993
-770.0804,39.7013,-1006.6001,0.738156
-770.1119,39.7081,-1005.6662,0.738315
-770.1368,39.7189,-1004.7382,0.738475
-770.1429,39.7467,-1003.8374,0.738630
-770.1930,39.7718,-1002.9131,0.738790
-770.2120,39.7840,-1002.0016,0.738946
-770.2292,39.7963,-1001.0901,0.739103
-770.2325,39.8017,-1000.1694,0.739259
-770.2480,39.8079,-999.2585,0.739416
-770.2630,39.8141,-998.3588,0.739571
-770.2783,39.8203,-997.4552,0.739728
-770.2930,39.8306,-996.5586,0.739884
-770.3074,39.8371,-995.6617,0.740039
-770.3214,39.8430,-994.7660,0.740195
-770.3452,39.8971,-993.8894,0.740350
-770.3450,39.9045,-992.9850,0.740503
-770.3578,39.9086,-992.0943,0.740656
-770.3704,39.9123,-991.2070,0.740812
-770.3821,39.9151,-990.3266,0.740965
-770.3932,39.9215,-989.4424,0.741118
-770.4042,39.9234,-988.5614,0.741273
-770.4147,39.9249,-987.6854,0.741422
-770.4254,39.9262,-986.8079,0.741577
-770.4340,39.9066,-985.9473,0.741727
-770.4491,39.9116,-985.0777,0.741879
-770.4673,39.9163,-984.2106,0.742034
-770.4867,39.9209,-983.3439,0.742184
-770.5083,39.9256,-982.4796,0.742335
-770.5316,39.9309,-981.6182,0.742486
-770.5576,39.9367,-980.7515,0.742637
-770.6236,39.9531,-979.8890,0.742788
-770.6566,39.9650,-979.0231,0.742939
-770.6909,39.9777,-978.1625,0.743089
-770.7259,39.9909,-977.2987,0.743240
-770.7614,40.0043,-976.4380,0.743390
-770.7957,40.0176,-975.5751,0.743540
-770.8251,40.0304,-974.7113,0.743690
-770.8505,40.0419,-973.8466,0.743839
-770.8275,40.0421,-972.9822,0.743992
-770.8477,40.0446,-972.1214,0.744142
-770.8649,40.0452,-971.2589,0.744292
-770.8779,40.0455,-970.3954,0.744438
-770.8850,40.0453,-969.5335,0.744590
-770.8880,40.0447,-968.6699,0.744737
-770.8867,40.0437,-967.8030,0.744892
-770.8818,40.0420,-966.9493,0.745039
-770.8729,40.0400,-966.0890,0.745188
-770.8602,40.0376,-965.2249,0.745338
-770.8445,40.0347,-964.3721,0.745487
-770.8275,40.0318,-963.5161,0.745636
-770.8106,40.0287,-962.6579,0.745788
-770.7930,40.0253,-961.8021,0.745936
-770.7763,40.0221,-960.9497,0.746083
-770.8065,40.0270,-960.0949,0.746235
-770.7933,40.0224,-959.2444,0.746383
-770.7798,40.0180,-958.3917,0.746530
-770.7656,40.0137,-957.5348,0.746684
-770.7521,40.0099,-956.6815,0.746831
-770.7386,40.0065,-955.8247,0.746977
-770.7247,40.0034,-954.9710,0.747127
-770.7101,40.0005,-954.1205,0.747274
-770.6955,39.9981,-953.2709,0.747427
-770.6800,39.9961,-952.4171,0.747574
-770.6631,39.9940,-951.5676,0.747724
-770.6455,39.9921,-950.7167,0.747869
-770.6266,39.9903,-949.8641,0.748021
-770.6065,39.9881,-949.0154,0.748169
-770.5860,39.9860,-948.1639,0.748317
-770.5642,39.9835,-947.3120,0.748466
-770.5421,39.9812,-946.4675,0.748614
-770.5193,39.9784,-945.6198,0.748762
-770.4957,39.9753,-944.7672,0.748908
-770.4721,39.9720,-943.9225,0.749058
-770.4481,39.9683,-943.0742,0.749206
-770.4238,39.9642,-942.2292,0.749355
-770.3543,39.9520,-941.3827,0.749500
-770.3270,39.9504,-940.5340,0.749650
-770.2963,39.9486,-939.6854,0.749797
-770.2631,39.9465,-938.8378,0.749944
-770.2280,39.9442,-937.9922,0.750094
-770.1914,39.9419,-937.1428,0.750240
-770.1536,39.9396,-936.2990,0.750387
-770.1118,39.9691,-935.4569,0.750534
-770.0678,39.9707,-934.5962,0.750681
-770.0187,39.9616,-933.7532,0.750827
-769.9678,39.9555,-932.9062,0.750974
-769.9317,39.9921,-932.0812,0.751122
-769.8680,39.9885,-931.2258,0.751266
-769.8156,39.9798,-930.3829,0.751413
-769.7646,39.9711,-929.5435,0.751560
-769.7142,39.9622,-928.7020,0.751708
-769.6642,39.9533,-927.8597,0.751856
-769.6263,39.9754,-927.0349,0.751999
-769.5735,39.9725,-926.1931,0.752147
-769.5204,39.9699,-925.3513,0.752292
-769.4673,39.9676,-924.5139,0.752438
-769.4139,39.9651,-923.6764,0.752585
-769.3465,39.9571,-922.8215,0.752733
-769.2928,39.9487,-921.9841,0.752875
-769.2527,39.9583,-921.1621,0.753021
-769.1989,39.9562,-920.3226,0.753168
-769.1446,39.9539,-919.4858,0.753312
-769.0899,39.9518,-918.6470,0.753460
-769.0200,39.9520,-917.8074,0.753601
-768.9606,39.9530,-916.9714,0.753748
-768.8978,39.9538,-916.1335,0.753894
-768.8323,39.9527,-915.2964,0.754040
-768.7620,39.9540,-914.4384,0.754187
-768.6931,39.9550,-913.6249,0.754328
-768.6182,39.9561,-912.7845,0.754475
-768.5415,39.9575,-911.9511,0.754618
-768.4622,39.9587,-911.1145,0.754763
-768.3805,39.9600,-910.2800,0.754909
-768.2962,39.9611,-909.4465,0.755056
-768.2104,39.9622,-908.6165,0.755199
-768.1252,39.9629,-907.7825,0.755345
-768.0402,39.9634,-906.9498,0.755486
-767.9553,39.9636,-906.1194,0.755632
-767.8694,39.9633,-905.2858,0.755777
-767.7832,39.9628,-904.4549,0.755922
-767.6943,39.9621,-903.6248,0.756066
-767.6010,39.9615,-902.7921,0.756210
-767.5031,39.9612,-901.9564,0.756356
-767.4010,39.9611,-901.1221,0.756500
-767.2950,39.9606,-900.2880,0.756646
-767.1848,39.9596,-899.4525,0.756791
-767.0703,39.9582,-898.6183,0.756936
-766.9523,39.9561,-897.7842,0.757083
-766.8307,39.9535,-896.9521,0.757225
-766.7041,39.9505,-896.1141,0.757374
-766.5737,39.9475,-895.2755,0.757518
-766.4398,39.9445,-894.4409,0.757665
-766.3015,39.9414,-893.6040,0.757809
-766.1592,39.9385,-892.7674,0.757958
-766.0120,39.9357,-891.9289,0.758103
-765.8622,39.9331,-891.0947,0.758249
-765.7076,39.9306,-890.2572,0.758396
-765.5486,39.9281,-889.4163,0.758543
-765.3864,39.9254,-888.5793,0.758690
-765.2198,39.9222,-887.7404,0.758838
-765.0498,39.9185,-886.9028,0.758985
-764.8760,39.9143,-886.0615,0.759131
-764.7002,39.9098,-885.2263,0.759282
-764.5215,39.9052,-884.3873,0.759427
-764.3390,39.9005,-883.5439,0.759574
-764.1552,39.8957,-882.7063,0.759722
-763.9679,39.8906,-881.8658,0.759873
-763.7772,39.8856,-881.0217,0.760023
-763.5846,39.8805,-880.1797,0.760171
-763.3896,39.8753,-879.3375,0.760319
-763.1942,39.8696,-878.4964,0.760467
-762.9978,39.8639,-877.6525,0.760621
-762.8018,39.8582,-876.8113,0.760766
-762.6050,39.8522,-875.9667,0.760917
-762.4067,39.8463,-875.1179,0.761070
-762.2084,39.8400,-874.2711,0.761219
-762.0107,39.8334,-873.4280,0.761367
-761.8103,39.8259,-872.5754,0.761519
-761.6101,39.8175,-871.7263,0.761669
-761.4100,39.8087,-870.8796,0.761822
-761.2072,39.7995,-870.0231,0.761974
-761.0061,39.7906,-869.1759,0.762123
-760.8034,39.7816,-868.3240,0.762276
-760.6001,39.7729,-867.4716,0.762426
-760.3957,39.7640,-866.6173,0.762577
-760.1907,39.7552,-865.7643,0.762730
-759.9847,39.7461,-864.9101,0.762883
-759.7790,39.7367,-864.0646,0.763034
-759.5702,39.7270,-863.2112,0.763183
-759.3600,39.7171,-862.3594,0.763336
-759.1489,39.7070,-861.5092,0.763486
-758.9349,39.6962,-860.6554,0.763639
-758.7194,39.6848,-859.8034,0.763789
-758.5010,39.6729,-858.9468,0.763943
-758.2806,39.6610,-858.0897,0.764098
-758.0571,39.6491,-857.2305,0.764251
-757.8307,39.6373,-856.3680,0.764401
-757.6017,39.6255,-855.5040,0.764559
-757.3709,39.6138,-854.6412,0.764709
-757.1359,39.6026,-853.7720,0.764867
-756.8989,39.5918,-852.9039,0.765022
-756.6580,39.5812,-852.0316,0.765179
-756.4137,39.5707,-851.1559,0.765336
-756.1674,39.5602,-850.2816,0.765496
-755.9181,39.5497,-849.4030,0.765650
-755.6669,39.5392,-848.5253,0.765811
-755.4113,39.5285,-847.6409,0.765969
-755.1539,39.5171,-846.7576,0.766128
-754.8923,39.5050,-845.8684,0.766286
-754.6285,39.4921,-844.9791,0.766453
-754.3623,39.4787,-844.0894,0.766609
-754.0922,39.4648,-843.1958,0.766774
-753.8199,39.4506,-842.3008,0.766934
-753.5447,39.4358,-841.4039,0.767098
-753.2670,39.4203,-840.5054,0.767256
-752.9868,39.4045,-839.6077,0.767419
-752.7014,39.3877,-838.7020,0.767583
-752.4140,39.3699,-837.8002,0.767748
-752.1217,39.3512,-836.8924,0.767913
-751.8257,39.3318,-835.9825,0.768080
-751.5277,39.3120,-835.0781,0.768243
-751.2238,39.2922,-834.1628,0.768409
-750.9188,39.2729,-833.2542,0.768576
-750.6073,39.2534,-832.3374,0.768743
-750.2939,39.2339,-831.4260,0.768904
-749.9743,39.2139,-830.5062,0.769073
-749.6527,39.1934,-829.5931,0.769241
-749.3265,39.1723,-828.6792,0.769405
-748.9927,39.1504,-827.7579,0.769570
-748.6579,39.1286,-826.8443,0.769735
-748.3163,39.1064,-825.9241,0.769905
-747.9727,39.0843,-825.0103,0.770073
-747.6234,39.0617,-824.0928,0.770242
-747.2688,39.0387,-823.1738,0.770408
-746.9126,39.0151,-822.2618,0.770577
-746.5477,38.9908,-821.3410,0.770745
-746.1782,38.9661,-820.4203,0.770918
-745.8045,38.9416,-819.4995,0.771087
-745.4266,38.9174,-818.5807,0.771258
-745.0439,38.8931,-817.6632,0.771427
-744.6568,38.8681,-816.7468,0.771595
-744.2659,38.8419,-815.8321,0.771772
-743.8716,38.8145,-814.9188,0.771939
-743.4741,38.7866,-814.0084,0.772110
-743.0695,38.7583,-813.0948,0.772276
-742.6603,38.7300,-812.1807,0.772453
-742.2476,38.7021,-811.2691,0.772622
-741.8301,38.6746,-810.3578,0.772796
-741.4070,38.6475,-809.4454,0.772965
-740.9812,38.6208,-808.5381,0.773137
-740.5483,38.5938,-807.6266,0.773309
-740.1109,38.5665,-806.7153,0.773484
-739.6700,38.5385,-805.8082,0.773657
-739.2232,38.5101,-804.8975,0.773826
-738.7736,38.4808,-803.9905,0.773996
-738.3173,38.4507,-803.0801,0.774171
-737.8599,38.4199,-802.1769,0.774345
-737.3956,38.3885,-801.2698,0.774516
-736.9249,38.3569,-800.3607,0.774694
-736.4510,38.3255,-799.4549,0.774871
-735.9709,38.2942,-798.5469,0.775046
-735.4870,38.2629,-797.6432,0.775221
-734.9967,38.2313,-796.7360,0.775395
-734.5010,38.1995,-795.8279,0.775576
-734.0015,38.1681,-794.9228,0.775752
-733.4993,38.1372,-794.0221,0.775926
-732.9897,38.1064,-793.1174,0.776103
-732.4754,38.0757,-792.2135,0.776286
-731.9593,38.0446,-791.3156,0.776460
-731.4352,38.0126,-790.4142,0.776640
-730.9080,37.9796,-789.5155,0.776816
-730.3754,37.9456,-788.6161,0.776996
-729.8372,37.9116,-787.7164,0.777179
-729.2966,37.8779,-786.8216,0.777353
-728.7488,37.8439,-785.9241,0.777530
-728.1964,37.8091,-785.0283,0.777712
-727.6395,37.7735,-784.1330,0.777890
-727.0801,37.7380,-783.2422,0.778076
-726.5150,37.7027,-782.3489,0.778256
-725.9411,37.6666,-781.4486,0.778439
-725.3704,37.6303,-780.5596,0.778618
-724.7955,37.5934,-779.6700,0.778804
-724.2173,37.5562,-778.7817,0.778984
-723.6347,37.5190,-777.8930,0.779165
-723.0458,37.4813,-777.0008,0.779355
-722.4535,37.4431,-776.1104,0.779533
-721.8587,37.4040,-775.2209,0.779715
-721.2590,37.3643,-774.3297,0.779900
-720.6571,37.3244,-773.4406,0.780086
-720.0519,37.2846,-772.5524,0.780269
-719.4398,37.2444,-771.6594,0.780458
-718.8284,37.2038,-770.7716,0.780643
-718.2117,37.1625,-769.8790,0.780829
-717.5925,37.1209,-768.9856,0.781017
-716.9719,37.0793,-768.0936,0.781206
-716.3481,37.0376,-767.1995,0.781398
-715.7229,36.9954,-766.3066,0.781582
-715.0936,36.9529,-765.4105,0.781772
-714.4632,36.9105,-764.5152,0.781961
-713.8276,36.8681,-763.6153,0.782148
-713.1912,36.8250,-762.7172,0.782340
-712.5530,36.7815,-761.8194,0.782529
-711.9091,36.7372,-760.9174,0.782720
-711.2646,36.6928,-760.0180,0.782911
-710.6149,36.6480,-759.1156,0.783102
-709.9641,36.6035,-758.2162,0.783295
-709.3073,36.5596,-757.3130,0.783488
-708.6461,36.5169,-756.4092,0.783680
-707.9791,36.4753,-755.5021,0.783873
-707.3132,36.4347,-754.6016,0.784069
-706.6364,36.3942,-753.6923,0.784262
-705.9631,36.3542,-752.7921,0.784457
-705.2863,36.3149,-751.8914,0.784651
-704.6058,36.2766,-750.9913,0.784842
-703.9170,36.2392,-750.0851,0.785041
-703.2283,36.2029,-749.1839,0.785237
-702.5343,36.1671,-748.2805,0.785432
-701.8387,36.1319,-747.3796,0.785629
-701.1348,36.0975,-746.4736,0.785824
-700.4315,36.0643,-745.5730,0.786022
-699.7200,36.0321,-744.6672,0.786220
-699.0081,35.9998,-743.7653,0.786415
-698.2943,35.9668,-742.8663,0.786616
-697.5765,35.9328,-741.9662,0.786813
-696.8520,35.8982,-741.0627,0.787014
-696.1254,35.8635,-740.1614,0.787214
-695.3915,35.8289,-739.2571,0.787413
-694.6612,35.7945,-738.3611,0.787616
-693.9222,35.7599,-737.4600,0.787815
-693.1778,35.7250,-736.5585,0.788018
-692.4295,35.6899,-735.6589,0.788218
-691.6786,35.6551,-734.7632,0.788424
-690.9205,35.6199,-733.8654,0.788623
-690.1597,35.5843,-732.9706,0.788826
-689.3964,35.5483,-732.0786,0.789029
-688.6238,35.5108,-731.1827,0.789232
-687.8514,35.4728,-730.2929,0.789439
-687.0772,35.4340,-729.4073,0.789643
-686.2907,35.3948,-728.5137,0.789845
-685.5037,35.3559,-727.6251,0.790052
-684.7169,35.3174,-726.7421,0.790256
-683.9221,35.2785,-725.8546,0.790460
-683.1245,35.2387,-724.9689,0.790672
-682.3241,35.1978,-724.0851,0.790874
-681.5202,35.1570,-723.2012,0.791080
-680.7148,35.1164,-722.3199,0.791286
-679.9011,35.0770,-721.4336,0.791496
-679.0874,35.0358,-720.5514,0.791703
-678.2705,34.9942,-719.6695,0.791912
-677.4513,34.9527,-718.7888,0.792118
-676.6234,34.9108,-717.9024,0.792331
-675.8033,34.8671,-717.0282,0.792535
-674.9733,34.8208,-716.1467,0.792747
-674.1400,34.7747,-715.2642,0.792958
-673.3055,34.7285,-714.3837,0.793169
-672.4669,34.6802,-713.5027,0.793377
-671.6255,34.6317,-712.6221,0.793592
-670.7811,34.5831,-711.7413,0.793805
-669.9360,34.5350,-710.8628,0.794015
-669.0872,34.4872,-709.9836,0.794226
-668.2339,34.4393,-709.1021,0.794438
-667.3807,34.3915,-708.2217,0.794653
-666.5266,34.3430,-707.3418,0.794867
-665.6697,34.2944,-706.4605,0.795074
-664.8121,34.2457,-705.5797,0.795292
-663.9528,34.1972,-704.6981,0.795504
-663.0933,34.1495,-703.8181,0.795716
-662.2301,34.1018,-702.9377,0.795928
-661.3632,34.0540,-702.0585,0.796148
-660.5010,34.0076,-701.1877,0.796358
-659.6309,33.9617,-700.3129,0.796576
-658.7538,33.9155,-699.4353,0.796791
-657.8868,33.8699,-698.5721,0.797005
-657.0137,33.8243,-697.7069,0.797220
-656.1351,33.7785,-696.8402,0.797432
-655.2576,33.7328,-695.9786,0.797649
-654.3762,33.6875,-695.1171,0.797862
-653.4961,33.6436,-694.2586,0.798077
-652.6110,33.5995,-693.3974,0.798290
-651.7250,33.5554,-692.5377,0.798508
-650.8353,33.5107,-691.6765,0.798725
-649.9489,33.4658,-690.8206,0.798936
-649.0538,33.4206,-689.9583,0.799154
-648.1609,33.3755,-689.1000,0.799371
-647.2665,33.3307,-688.2417,0.799588
-646.3685,33.2856,-687.3806,0.799806
-645.4745,33.2408,-686.5240,0.800023
-644.5697,33.1952,-685.6578,0.800241
-643.6727,33.1497,-684.7995,0.800453
-642.7693,33.1038,-683.9353,0.800675
-641.8700,33.0581,-683.0750,0.800895
-640.9659,33.0121,-682.2102,0.801115
-640.0607,32.9661,-681.3441,0.801332
-639.1562,32.9200,-680.4791,0.801552
-638.2472,32.8740,-679.6096,0.801769
-637.3395,32.8285,-678.7412,0.801992
-636.4332,32.7830,-677.8740,0.802209
-635.5228,32.7374,-677.0029,0.802427
-634.6134,32.6880,-676.1326,0.802651
-633.7020,32.6370,-675.2592,0.802871
-632.7938,32.5861,-674.3895,0.803089
-631.8790,32.5340,-673.5134,0.803314
-630.9659,32.4812,-672.6391,0.803534
-630.0492,32.4269,-671.7608,0.803757
-629.1334,32.3716,-670.8828,0.803977
-628.2180,32.3153,-670.0044,0.804202
-627.2983,32.2581,-669.1208,0.804422
-626.3802,32.2007,-668.2382,0.804646
-625.4635,32.1425,-667.3556,0.804872
-624.5430,32.0842,-666.4682,0.805094
-623.6216,32.0259,-665.5793,0.805317
-622.7037,31.9680,-664.6924,0.805543
-621.7828,31.9094,-663.8016,0.805763
-620.8645,31.8511,-662.9130,0.805990
-619.9449,31.7931,-662.0220,0.806212
-619.0258,31.7353,-661.1306,0.806438
-618.1069,31.6769,-660.2380,0.806659
-617.1887,31.6175,-659.3453,0.806887
-616.2719,31.5578,-658.4527,0.807112
-615.3524,31.4985,-657.5563,0.807335
-614.4365,31.4394,-656.6625,0.807561
-613.5199,31.3795,-655.7671,0.807782
-612.6013,31.3188,-654.8691,0.808010
-611.6880,31.2577,-653.9752,0.808233
-610.7722,31.1952,-653.0781,0.808456
-609.8547,31.1310,-652.1791,0.808683
-608.9391,31.0661,-651.2812,0.808906
-608.0262,31.0011,-650.3854,0.809129
-607.1088,30.9354,-649.4844,0.809357
-606.1891,30.8686,-648.5799,0.809585
-605.2791,30.8025,-647.6837,0.809806
-604.3635,30.7376,-646.7811,0.810031
-603.4532,30.6749,-645.8832,0.810253
-602.5381,30.6127,-644.9803,0.810481
-601.6236,30.5509,-644.0777,0.810703
-600.7103,30.4891,-643.1766,0.810928
-599.7972,30.4266,-642.2762,0.811153
-598.8810,30.3627,-641.3724,0.811376
-597.9656,30.2974,-640.4694,0.811605
-597.0500,30.2313,-639.5657,0.811829
-596.1364,30.1644,-638.6639,0.812052
-595.2256,30.0981,-637.7644,0.812277
-594.3123,30.0331,-636.8617,0.812501
-593.3976,29.9699,-635.9573,0.812725
-592.4855,29.9076,-635.0552,0.812954
-591.5729,29.8447,-634.1524,0.813177
-590.6620,29.7812,-633.2505,0.813402
-589.7500,29.7162,-632.3481,0.813627
-588.8394,29.6498,-631.4468,0.813851
-587.9303,29.5823,-630.5463,0.814077
-587.0280,29.5151,-629.6522,0.814296
-586.1221,29.4472,-628.7543,0.814520
-585.2178,29.3795,-627.8575,0.814747
-584.3173,29.3124,-626.9642,0.814967
-583.4169,29.2459,-626.0705,0.815188
-582.5149,29.1794,-625.1750,0.815408
-581.6193,29.1129,-624.2854,0.815633
-580.7220,29.0455,-623.3940,0.815852
-579.8270,28.9785,-622.5046,0.816075
-578.9351,28.9125,-621.6177,0.816295
-578.0386,28.8464,-620.7264,0.816515
-577.1511,28.7819,-619.8430,0.816734
-576.2603,28.7182,-618.9564,0.816958
-575.3715,28.6554,-618.0718,0.817175
-574.4807,28.5930,-617.1855,0.817395
-573.5953,28.5311,-616.3046,0.817614
-572.7105,28.4689,-615.4244,0.817830
-571.8244,28.4059,-614.5426,0.818050
-570.9459,28.3423,-613.6685,0.818266
-570.0624,28.2783,-612.7892,0.818486
-569.1813,28.2143,-611.9122,0.818705
-568.3037,28.1512,-611.0389,0.818920
-567.4231,28.0884,-610.1627,0.819139
-566.5475,28.0270,-609.2912,0.819354
-565.6667,27.9665,-608.4147,0.819572
-564.7952,27.9072,-607.5474,0.819788
-563.9213,27.8479,-606.6777,0.820003
-563.0511,27.7884,-605.8118,0.820221
-562.1792,27.7280,-604.9445,0.820434
-561.3063,27.6664,-604.0762,0.820647
-560.4407,27.6044,-603.2156,0.820862
-559.5707,27.5415,-602.3503,0.821078
-558.7047,27.4780,-601.4893,0.821293
-557.8379,27.4130,-600.6274,0.821507
-556.9733,27.3474,-599.7680,0.821720
-556.1102,27.2809,-598.9099,0.821930
-555.2466,27.2136,-598.0512,0.822146
-554.3898,27.1463,-597.1995,0.822358
-553.5261,27.0777,-596.3406,0.822574
-552.6710,27.0089,-595.4902,0.822779
-551.8112,26.9392,-594.6351,0.822996
-550.9517,26.8691,-593.7804,0.823206
-550.0976,26.7991,-592.9312,0.823419
-549.2426,26.7286,-592.0812,0.823627
-548.3889,26.6573,-591.2330,0.823838
-547.5366,26.5852,-590.3866,0.824051
-546.6875,26.5124,-589.5435,0.824258
-545.8335,26.4384,-588.6962,0.824471
-544.9839,26.3637,-587.8536,0.824682
-544.1346,26.2883,-587.0118,0.824891
-543.2795,26.2122,-586.1649,0.825101
-542.4344,26.1371,-585.3289,0.825313
-541.5861,26.0620,-584.4908,0.825516
-540.7370,25.9872,-583.6526,0.825727
-539.8918,25.9134,-582.8195,0.825937
-539.0427,25.8392,-581.9832,0.826142
-538.1910,25.7641,-581.1445,0.826355
-537.3454,25.6888,-580.3124,0.826561
-536.4960,25.6130,-579.4769,0.826771
-535.6456,25.5373,-578.6408,0.826975
-534.7941,25.4624,-577.8039,0.827188
-533.9447,25.3887,-576.9694,0.827397
-533.0938,25.3151,-576.1331,0.827605
-532.2422,25.2415,-575.2968,0.827816
-531.3927,25.1686,-574.4625,0.828022
-530.5382,25.0961,-573.6234,0.828231
-529.6864,25.0243,-572.7867,0.828441
-528.8332,24.9524,-571.9491,0.828650
-527.9741,24.8797,-571.1055,0.828862
-527.1248,24.8084,-570.2714,0.829068
-526.2677,24.7364,-569.4292,0.829284
-525.4127,24.6646,-568.5884,0.829492
-524.5601,24.5934,-567.7490,0.829701
-523.7030,24.5227,-566.9041,0.829911
-522.8492,24.4540,-566.0612,0.830123
-521.9943,24.3859,-565.2165,0.830333
-521.1393,24.3174,-564.3713,0.830548
-520.2806,24.2478,-563.5223,0.830756
-519.4250,24.1784,-562.6762,0.830966
-518.5686,24.1090,-561.8284,0.831177
-517.7108,24.0391,-560.9789,0.831389
-516.8566,23.9690,-560.1328,0.831599
-515.9941,23.8973,-559.2782,0.831813
-515.1361,23.8256,-558.4280,0.832023
-514.2800,23.7538,-557.5793,0.832234
-513.4192,23.6813,-556.7260,0.832450
-512.5593,23.6086,-555.8730,0.832662
-511.6992,23.5362,-555.0198,0.832872
-510.8364,23.4638,-554.1639,0.833086
-509.9738,23.3913,-553.3081,0.833300
-509.1138,23.3198,-552.4553,0.833512
-508.2491,23.2490,-551.5984,0.833728
-507.3814,23.1784,-550.7394,0.833940
-506.5164,23.1076,-549.8850,0.834154
-505.6465,23.0359,-549.0276,0.834366
-504.7764,22.9642,-548.1718,0.834580
-503.9044,22.8924,-547.3162,0.834795
-503.0335,22.8209,-546.4628,0.835009
-502.1575,22.7492,-545.6047,0.835226
-501.2872,22.6785,-544.7525,0.835438
-500.4109,22.6084,-543.8950,0.835653
-499.5357,22.5392,-543.0390,0.835872
-498.6623,22.4699,-542.1855,0.836086
-497.7833,22.4003,-541.3272,0.836299
-496.9050,22.3317,-540.4700,0.836512
-496.0266,22.2640,-539.6130,0.836726
-495.1487,22.1975,-538.7565,0.836946
-494.2669,22.1317,-537.8962,0.837158
-493.3897,22.0667,-537.0410,0.837379
-492.5073,21.9967,-536.1804,0.837592
-491.6224,21.9397,-535.3176,0.837809
-490.7450,21.8833,-534.4620,0.838027
-489.8603,21.8262,-533.5994,0.838238
-488.9775,21.7685,-532.7386,0.838459
-488.0958,21.7097,-531.8792,0.838676
-487.2128,21.6499,-531.0186,0.838890
-486.3264,21.5901,-530.1544,0.839110
-485.4444,21.5309,-529.2944,0.839323
-484.5581,21.4721,-528.4302,0.839541
-483.6708,21.4136,-527.5646,0.839758
-482.7877,21.3553,-526.7028,0.839978
-481.9012,21.2971,-525.8373,0.840193
-481.0164,21.2388,-524.9724,0.840411
-480.1319,21.1796,-524.1071,0.840629
-479.2441,21.1197,-523.2381,0.840848
-478.3590,21.0592,-522.3712,0.841066
-477.4748,20.9986,-521.5046,0.841283
-476.5879,20.9379,-520.6347,0.841497
-475.7009,20.8774,-519.7634,0.841720
-474.8182,20.8178,-518.8955,0.841938
-473.9321,20.7588,-518.0233,0.842160
-473.0431,20.7000,-517.1473,0.842379
-472.1584,20.6417,-516.2748,0.842594
-471.2714,20.5838,-515.3994,0.842817
-470.3826,20.5262,-514.5209,0.843034
-469.5013,20.4688,-513.6491,0.843254
-468.6146,20.4106,-512.7711,0.843471
-467.7248,20.3525,-511.8891,0.843694
-466.8444,20.2958,-511.0156,0.843910
-465.9559,20.2396,-510.1333,0.844132
-465.0689,20.1829,-509.2514,0.844355
-464.1844,20.1252,-508.3712,0.844571
-463.2978,20.0665,-507.4881,0.844792
-462.4127,20.0084,-506.6057,0.845010
-461.5284,19.9520,-505.7232,0.845233
-460.6407,19.8961,-504.8363,0.845451
-459.7548,19.8414,-503.9503,0.845675
-458.8708,19.7880,-503.0654,0.845895
-457.9870,19.7350,-502.1793,0.846116
-457.0980,19.6811,-501.2874,0.846338
-456.2137,19.6265,-500.3995,0.846558
-455.3302,19.5714,-499.5115,0.846778
-454.4434,19.5162,-498.6196,0.846999
-453.5576,19.4612,-497.7277,0.847221
-452.6753,19.4064,-496.8377,0.847438
-451.7878,19.3505,-495.9406,0.847661
-450.9058,19.2937,-495.0473,0.847882
-450.0221,19.2361,-494.1508,0.848104
-449.1370,19.1772,-493.2514,0.848327
-448.2572,19.1182,-492.3554,0.848547
-447.3760,19.0581,-491.4561,0.848769
-446.4937,18.9978,-490.5538,0.848991
-445.6138,18.9375,-489.6516,0.849209
-444.7318,18.8770,-488.7451,0.849434
-443.8509,18.8157,-487.8373,0.849656
-442.9759,18.7547,-486.9335,0.849877
-442.0981,18.6940,-486.0244,0.850101
-441.2188,18.6337,-485.1107,0.850323
-440.3463,18.5739,-484.1987,0.850545
-439.4737,18.5137,-483.2807,0.850768
-438.6027,18.4533,-482.3587,0.850993
-437.7414,18.3930,-481.4413,0.851214
-436.8763,18.3314,-480.5127,0.851436
-436.0150,18.2689,-479.5830,0.851662
-435.1564,18.2061,-478.6506,0.851883
-434.3007,18.1434,-477.7151,0.852107
-433.4453,18.0805,-476.7729,0.852331
-432.5953,18.0175,-475.8303,0.852554
-431.7491,17.9538,-474.8853,0.852779
-430.9060,17.8894,-473.9374,0.853001
-430.0621,17.8245,-472.9843,0.853223
-429.2178,17.7602,-472.0269,0.853450
-428.3751,17.6970,-471.0691,0.853673
-427.5350,17.6352,-470.1111,0.853899
-426.6928,17.5751,-469.1478,0.854125
-425.8502,17.5163,-468.1810,0.854348
-425.0173,17.4592,-467.2208,0.854572
-424.1818,17.4032,-466.2534,0.854795
-423.3458,17.3481,-465.2806,0.855020
-422.5183,17.2940,-464.3134,0.855245
-421.6888,17.2397,-463.3383,0.855471
-420.8591,17.1850,-462.3581,0.855698
-420.0384,17.1308,-461.3834,0.855921
-419.2165,17.0775,-460.4006,0.856148
-418.3708,17.0234,-459.3807,0.856380
-417.5821,16.9737,-458.4232,0.856596
-416.7742,16.9229,-457.4345,0.856823
-415.9654,16.8714,-456.4366,0.857048
-415.1620,16.8198,-455.4388,0.857273
-414.3611,16.7691,-454.4366,0.857499
-413.5631,16.7200,-453.4302,0.857726
-412.7750,16.6722,-452.4282,0.857949
-411.9860,16.6240,-451.4165,0.858177
-411.2015,16.5752,-450.4025,0.858401
-410.4231,16.5262,-449.3884,0.858626
-409.6468,16.4762,-448.3682,0.858851
-408.8721,16.4259,-447.3455,0.859076
-408.1038,16.3761,-446.3270,0.859302
-407.3343,16.3267,-445.3018,0.859527
-406.5651,16.2774,-444.2714,0.859753
-405.8019,16.2282,-443.2435,0.859977
-405.0431,16.1795,-442.2163,0.860202
-404.2814,16.1309,-441.1779,0.860429
-403.5316,16.0836,-440.1467,0.860652
-402.7831,16.0375,-439.1091,0.860878
-402.0369,15.9921,-438.0673,0.861103
-401.2938,15.9476,-437.0225,0.861329
-400.5573,15.9027,-435.9812,0.861554
-399.8158,15.8563,-434.9273,0.861780
-399.0840,15.8099,-433.8812,0.862003
-398.3527,15.7636,-432.8292,0.862229
-397.6240,15.7176,-431.7731,0.862454
-396.9017,15.6718,-430.7198,0.862679
-396.1794,15.6258,-429.6599,0.862904
-395.4564,15.5799,-428.5927,0.863130
-394.7463,15.5349,-427.5396,0.863353
-394.0299,15.4899,-426.4721,0.863579
-393.3161,15.4451,-425.4038,0.863804
-392.6083,15.4007,-424.3407,0.864030
-391.9000,15.3564,-423.2725,0.864254
-391.1930,15.3125,-422.2024,0.864479
-390.4883,15.2688,-421.1320,0.864705
-389.7857,15.2252,-420.0615,0.864929
-389.0822,15.1827,-418.9857,0.865155
-388.3837,15.1411,-417.9143,0.865379
-387.6857,15.1002,-416.8394,0.865604
-386.9868,15.0595,-415.7586,0.865831
-386.2970,15.0193,-414.6864,0.866055
-385.6046,14.9774,-413.6040,0.866280
-384.9171,14.9348,-412.5234,0.866505
-384.2318,14.8913,-411.4406,0.866731
-383.5509,14.8485,-410.3587,0.866955
-382.8705,14.8056,-409.2706,0.867183
-382.1963,14.7628,-408.1856,0.867406
-381.5231,14.7196,-407.0958,0.867631
-380.8503,14.6761,-405.9996,0.867858
-380.1886,14.6327,-404.9143,0.868081
-379.5259,14.5875,-403.8185,0.868306
-378.8639,14.5408,-402.7151,0.868532
-378.2106,14.4937,-401.6172,0.868757
-377.5627,14.4475,-400.5186,0.868981
-376.9158,14.4015,-399.4108,0.869207
-376.2759,14.3560,-398.3044,0.869431
-375.6414,14.3108,-397.1977,0.869657
-375.0074,14.2655,-396.0809,0.869883
-374.3805,14.2214,-394.9649,0.870108
-373.7616,14.1773,-393.8499,0.870331
-373.1454,14.1327,-392.7274,0.870557
-372.5343,14.0884,-391.6023,0.870783
-371.9281,14.0438,-390.4748,0.871008
-371.3280,13.9984,-389.3467,0.871232
-370.7349,13.9518,-388.2197,0.871457
-370.1438,13.9040,-387.0847,0.871683
-369.5577,13.8556,-385.9453,0.871907
-368.9803,13.8076,-384.8100,0.872130
-368.4049,13.7599,-383.6656,0.872357
-367.8340,13.7124,-382.5166,0.872583
-367.2730,13.6653,-381.3741,0.872807
-366.7133,13.6181,-380.2221,0.873031
-366.1593,13.5711,-379.0695,0.873256
-365.6089,13.5243,-377.9124,0.873481
-365.0667,13.4788,-376.7579,0.873705
-364.5260,13.4332,-375.5960,0.873932
-363.9912,13.3878,-374.4359,0.874156
-363.4597,13.3431,-373.2733,0.874382
-362.9284,13.2988,-372.1006,0.874607
-362.4065,13.2556,-370.9376,0.874832
-361.8858,13.2124,-369.7656,0.875058
-361.3711,13.1697,-368.5946,0.875283
-360.8639,13.1279,-367.4268,0.875506
-360.3576,13.0871,-366.2498,0.875733
-359.8565,13.0465,-365.0731,0.875957
-359.3592,13.0052,-363.8944,0.876183
-358.8658,12.9636,-362.7140,0.876406
-358.3758,12.9216,-361.5292,0.876633
-357.8917,12.8797,-360.3453,0.876858
-357.4142,12.8379,-359.1639,0.877083
-356.9378,12.7973,-357.9715,0.877308
-356.4687,12.7584,-356.7868,0.877531
-356.0017,12.7201,-355.5973,0.877757
-355.5371,12.6819,-354.4021,0.877982
-355.0776,12.6439,-353.2073,0.878206
-354.6224,12.6063,-352.0112,0.878433
-354.1715,12.5691,-350.8141,0.878657
-353.7246,12.5319,-349.6152,0.878884
-353.2813,12.4945,-348.4156,0.879107
-352.8421,12.4571,-347.2164,0.879331
-352.4049,12.4204,-346.0133,0.879557
-351.9709,12.3843,-344.8079,0.879782
-351.5416,12.3481,-343.6045,0.880007
-351.1166,12.3115,-342.4007,0.880233
-350.6935,12.2751,-341.1897,0.880457
-350.2766,12.2386,-339.9821,0.880682
-349.8615,12.2023,-338.7654,0.880907
-349.4538,12.1666,-337.5615,0.881131
-349.0464,12.1307,-336.3476,0.881357
-348.6418,12.0952,-335.1299,0.881582
-348.2448,12.0601,-333.9211,0.881807
-347.8489,12.0251,-332.7013,0.882033
-347.4579,11.9909,-331.4818,0.882258
-347.0736,11.9573,-330.2689,0.882482
-346.6907,11.9234,-329.0461,0.882706
-346.3122,11.8893,-327.8212,0.882934
-345.9403,11.8551,-326.6045,0.883156
-345.5704,11.8208,-325.3800,0.883383
-345.2036,11.7865,-324.1527,0.883607
-344.8397,11.7519,-322.9254,0.883831
-344.4801,11.7172,-321.7028,0.884055
-344.1217,11.6826,-320.4742,0.884281
-343.7656,11.6486,-319.2428,0.884506
-343.4149,11.6150,-318.0135,0.884730
-343.0670,11.5807,-316.7797,0.884956
-342.7253,11.5465,-315.5540,0.885180
-342.3852,11.5122,-314.3210,0.885406
-342.0473,11.4782,-313.0840,0.885631
-341.7149,11.4445,-311.8572,0.885856
-341.3825,11.4110,-310.6201,0.886080
-341.0546,11.3783,-309.3867,0.886306
-340.7291,11.3450,-308.1489,0.886531
-340.4070,11.3115,-306.9098,0.886756
-340.0870,11.2780,-305.6675,0.886983
-339.7732,11.2454,-304.4361,0.887203
-339.4599,11.2129,-303.1958,0.887433
-339.1503,11.1808,-301.9572,0.887653
-338.8434,11.1488,-300.7167,0.887878
-338.5394,11.1167,-299.4743,0.888104
-338.2378,11.0845,-298.2263,0.888333
-337.9400,11.0530,-296.9828,0.888556
-337.6473,11.0219,-295.7471,0.888777
-337.3538,10.9908,-294.4964,0.889004
-337.0645,10.9603,-293.2494,0.889230
-336.7800,10.9315,-292.0078,0.889455
-336.4992,10.9035,-290.7605,0.889678
-336.2236,10.8766,-289.5138,0.889904
-335.9537,10.8509,-288.2705,0.890128
-335.6881,10.8258,-287.0224,0.890354
-335.4256,10.8014,-285.7713,0.890581
-335.1682,10.7777,-284.5253,0.890802
-334.9130,10.7544,-283.2695,0.891029
-334.6628,10.7313,-282.0154,0.891254
-334.4178,10.7086,-280.7666,0.891480
-334.1749,10.6862,-279.5089,0.891705
-333.9364,10.6645,-278.2560,0.891928
-333.7006,10.6442,-277.0042,0.892158
-333.4648,10.6245,-275.7451,0.892380
-333.2310,10.6055,-274.4878,0.892604
-332.9996,10.5864,-273.2351,0.892831
-332.7679,10.5665,-271.9736,0.893053
-332.5376,10.5472,-270.7141,0.893281
-332.3098,10.5283,-269.4624,0.893504
-332.0814,10.5101,-268.2030,0.893731
-331.8534,10.4919,-266.9426,0.893954
-331.6262,10.4735,-265.6820,0.894182
-331.3992,10.4558,-264.4216,0.894409
-331.1727,10.4391,-263.1620,0.894631
-330.9457,10.4229,-261.8992,0.894857
-330.7194,10.4071,-260.6392,0.895087
-330.4921,10.3909,-259.3728,0.895312
-330.2662,10.3746,-258.1139,0.895540
-330.0390,10.3580,-256.8473,0.895766
-329.8121,10.3407,-255.5806,0.895991
-329.5863,10.3227,-254.3179,0.896220
-329.3601,10.3044,-253.0505,0.896447
-329.1343,10.2863,-251.7823,0.896676
-328.9091,10.2682,-250.5171,0.896902
-328.6827,10.2494,-249.2428,0.897129
-328.4541,10.2291,-247.9553,0.897363
-328.2316,10.2093,-246.6999,0.897586
-328.0066,10.1892,-245.4301,0.897814
-327.7808,10.1686,-244.1548,0.898044
-327.5561,10.1473,-242.8860,0.898274
-327.3299,10.1257,-241.6065,0.898502
-327.1048,10.1047,-240.3318,0.898729
-326.8794,10.0849,-239.0551,0.898961
-326.6536,10.0657,-237.7741,0.899187
-326.4287,10.0464,-236.4970,0.899419
-326.2039,10.0261,-235.2194,0.899647
-325.9790,10.0059,-233.9400,0.899876
-325.7533,9.9858,-232.6547,0.900111
-325.5295,9.9664,-231.3784,0.900338
-325.3033,9.9467,-230.0874,0.900568
-325.0789,9.9270,-228.8054,0.900798
-324.8542,9.9072,-227.5211,0.901030
-324.6287,9.8868,-226.2308,0.901259
-324.4034,9.8648,-224.9397,0.901490
-324.1789,9.8413,-223.6518,0.901724
-323.9540,9.8161,-222.3622,0.901953
-323.7280,9.7907,-221.0629,0.902186
-323.5036,9.7657,-219.7696,0.902418
-323.2800,9.7408,-218.4770,0.902648
-323.0552,9.7149,-217.1744,0.902882
-322.8313,9.6888,-215.8754,0.903116
-322.6065,9.6622,-214.5693,0.903348
-322.3826,9.6360,-213.2686,0.903583
-322.1583,9.6089,-211.9654,0.903816
-321.9331,9.5801,-210.6561,0.904050
-321.7080,9.5506,-209.3476,0.904283
-321.4835,9.5216,-208.0414,0.904519
-321.2581,9.4926,-206.7292,0.904750
-321.0320,9.4631,-205.4126,0.904986
-320.8070,9.4328,-204.1027,0.905221
-320.5795,9.4016,-202.7781,0.905454
-320.3539,9.3703,-201.4643,0.905692
-320.1269,9.3384,-200.1423,0.905924
-319.9000,9.3055,-198.8225,0.906164
-319.6720,9.2714,-197.4977,0.906401
-319.4451,9.2367,-196.1789,0.906634
-319.2168,9.2006,-194.8522,0.906871
-318.9883,9.1634,-193.5242,0.907107
-318.7603,9.1248,-192.1988,0.907343
-318.5299,9.0843,-190.8622,0.907581
-318.3010,9.0423,-189.5325,0.907818
-318.0718,8.9992,-188.1996,0.908054
-317.8414,8.9554,-186.8611,0.908293
-317.6122,8.9116,-185.5299,0.908530
-317.3818,8.8667,-184.1914,0.908769
-317.1508,8.8205,-182.8504,0.909007
-316.9189,8.7718,-181.5046,0.909248
-316.6886,8.7219,-180.1677,0.909483
-316.4575,8.6706,-178.8256,0.909724
-316.2253,8.6182,-177.4785,0.909960
-315.9956,8.5660,-176.1453,0.910199
-315.7648,8.5135,-174.8040,0.910438
-315.5343,8.4600,-173.4663,0.910675
-315.3041,8.4056,-172.1318,0.910912
-315.0743,8.3493,-170.7996,0.911151
-314.8445,8.2917,-169.4665,0.911390
-314.6137,8.2330,-168.1270,0.911624
-314.3876,8.1752,-166.8159,0.911859
-314.1584,8.1163,-165.4865,0.912097
-313.9308,8.0569,-164.1627,0.912327
-313.7045,7.9971,-162.8421,0.912563
-313.4789,7.9365,-161.5226,0.912797
-313.2545,7.8757,-160.2060,0.913031
-313.0307,7.8133,-158.8901,0.913264
-312.8078,7.7499,-157.5749,0.913500
-312.5855,7.6849,-156.2603,0.913734
-312.3651,7.6189,-154.9524,0.913962
-312.1453,7.5520,-153.6425,0.914198
-311.9268,7.4845,-152.3326,0.914431
-311.7114,7.4169,-151.0309,0.914663
-311.4971,7.3485,-149.7248,0.914893
-311.2853,7.2798,-148.4225,0.915121
-311.0750,7.2114,-147.1183,0.915355
-310.8677,7.1444,-145.8213,0.915584
-310.6621,7.0781,-144.5227,0.915817
-310.4590,7.0114,-143.2277,0.916046
-310.2572,6.9436,-141.9299,0.916276
-310.0575,6.8754,-140.6369,0.916505
-309.8586,6.8068,-139.3450,0.916734
-309.6601,6.7378,-138.0532,0.916962
-309.4621,6.6684,-136.7630,0.917191
-309.2653,6.5993,-135.4762,0.917420
-309.0687,6.5310,-134.1884,0.917647
-308.8726,6.4631,-132.9022,0.917874
-308.6765,6.3956,-131.6169,0.918101
-308.4810,6.3293,-130.3347,0.918329
-308.2863,6.2638,-129.0565,0.918556
-308.0902,6.1992,-127.7696,0.918783
-307.8961,6.1359,-126.4969,0.919009
-307.7011,6.0727,-125.2207,0.919235
-307.5065,6.0103,-123.9491,0.919460
-307.3116,5.9492,-122.6786,0.919682
-307.1165,5.8889,-121.4076,0.919909
-306.9211,5.8288,-120.1374,0.920134
-306.7258,5.7687,-118.8714,0.920358
-306.5300,5.7085,-117.6058,0.920584
-306.3340,5.6490,-116.3412,0.920806
-306.1379,5.5895,-115.0792,0.921030
-305.9419,5.5301,-113.8211,0.921252
-305.7449,5.4704,-112.5602,0.921477
-305.5477,5.4113,-111.3028,0.921698
-305.3506,5.3533,-110.0473,0.921922
-305.1529,5.2958,-108.7947,0.922140
-304.9540,5.2377,-107.5390,0.922365
-304.7554,5.1800,-106.2910,0.922585
-304.5565,5.1235,-105.0473,0.922806
-304.3556,5.0678,-103.7975,0.923028
-304.1544,5.0136,-102.5532,0.923248
-303.9524,4.9596,-101.3116,0.923469
-303.7496,4.9048,-100.0716,0.923685
-303.5447,4.8499,-98.8286,0.923907
-303.3393,4.7960,-97.5938,0.924127
-303.1311,4.7428,-96.3548,0.924346
-302.9222,4.6907,-95.1200,0.924564
-302.7132,4.6398,-93.8919,0.924783
-302.5024,4.5892,-92.6606,0.924999
-302.2917,4.5387,-91.4331,0.925218
-302.0798,4.4882,-90.2022,0.925438
-301.8696,4.4381,-88.9845,0.925653
-301.6581,4.3880,-87.7620,0.925872
-301.4465,4.3393,-86.5396,0.926083
-301.2356,4.2920,-85.3215,0.926303
-301.0247,4.2460,-84.1022,0.926519
-300.8148,4.2010,-82.8897,0.926734
-300.6049,4.1557,-81.6756,0.926948
-300.3950,4.1104,-80.4603,0.927163
-300.1873,4.0662,-79.2547,0.927377
-299.9783,4.0229,-78.0403,0.927592
-299.7724,3.9819,-76.8363,0.927807
-299.5674,3.9423,-75.6310,0.928021
-299.3631,3.9034,-74.4229,0.928234
-299.1611,3.8652,-73.2212,0.928448
-298.9601,3.8274,-72.0200,0.928661
-298.7602,3.7902,-70.8204,0.928874
-298.5606,3.7534,-69.6210,0.929085
-298.3618,3.7169,-68.4236,0.929300
-298.1638,3.6810,-67.2292,0.929510
-297.9663,3.6456,-66.0370,0.929722
-297.7685,3.6104,-64.8423,0.929933
-297.5714,3.5757,-63.6498,0.930145
-297.3749,3.5415,-62.4611,0.930355
-297.1781,3.5074,-61.2712,0.930566
-296.9823,3.4731,-60.0871,0.930776
-296.7867,3.4397,-58.9048,0.930984
-296.5904,3.4078,-57.7188,0.931199
-296.3945,3.3771,-56.5381,0.931405
-296.1987,3.3467,-55.3592,0.931613
-296.0017,3.3162,-54.1757,0.931823
-295.8065,3.2870,-53.0021,0.932031
-295.6113,3.2587,-51.8300,0.932239
-295.4158,3.2313,-50.6579,0.932447
-295.2200,3.2049,-49.4869,0.932653
-295.0243,3.1790,-48.3181,0.932862
-294.8287,3.1537,-47.1502,0.933069
-294.6337,3.1290,-45.9848,0.933275
-294.4386,3.1039,-44.8214,0.933481
-294.2432,3.0798,-43.6556,0.933687
-294.0485,3.0563,-42.4954,0.933894
-293.8532,3.0334,-41.3323,0.934099
-293.6594,3.0111,-40.1794,0.934303
-293.4653,2.9886,-39.0250,0.934508
-293.2706,2.9657,-37.8673,0.934714
-293.0764,2.9435,-36.7145,0.934917
-292.8819,2.9217,-35.5614,0.935122
-292.6878,2.9007,-34.4123,0.935325
-292.4935,2.8794,-33.2613,0.935529
-292.2993,2.8576,-32.1123,0.935733
-292.1051,2.8358,-30.9628,0.935936
-291.9119,2.8146,-29.8207,0.936140
-291.7186,2.7936,-28.6794,0.936341
-291.5242,2.7727,-27.5323,0.936544
-291.3318,2.7513,-26.3966,0.936745
-291.1389,2.7304,-25.2582,0.936947
-290.9450,2.7100,-24.1149,0.937150
-290.7531,2.6900,-22.9842,0.937351
-290.5602,2.6701,-21.8477,0.937552
-290.3668,2.6503,-20.7097,0.937755
-290.1753,2.6317,-19.5820,0.937954
-289.9833,2.6138,-18.4516,0.938155
-289.7904,2.5961,-17.3179,0.938355
-289.5986,2.5794,-16.1904,0.938554
-289.4070,2.5632,-15.0637,0.938755
-289.2164,2.5471,-13.9397,0.938954
-289.0262,2.5308,-12.8167,0.939153
-288.8365,2.5142,-11.6951,0.939351
-288.6468,2.4975,-10.5705,0.939551
-288.4582,2.4814,-9.4517,0.939749
-288.2698,2.4656,-8.3334,0.939947
-288.0820,2.4510,-7.2174,0.940146
-287.8942,2.4377,-6.1011,0.940344
-287.7065,2.4247,-4.9864,0.940540
-287.5189,2.4124,-3.8714,0.940738
-287.3319,2.4002,-2.7601,0.940936
-287.1450,2.3883,-1.6499,0.941134
-286.9583,2.3762,-0.5404,0.941312
-286.7719,2.3639,0.5662,0.941527
-286.5858,2.3511,1.6709,0.941720
-286.3994,2.3379,2.7768,0.941917
-286.2125,2.3238,3.8848,0.942113
-286.0268,2.3090,4.9850,0.942309
-285.8413,2.2941,6.0848,0.942503
-285.6558,2.2798,7.1831,0.942699
-285.4695,2.2657,8.2856,0.942894
-285.2849,2.2520,9.3783,0.943086
-285.0998,2.2381,10.4753,0.943281
-284.9146,2.2243,11.5722,0.943476
-284.7301,2.2107,12.6649,0.943670
-284.5460,2.1973,13.7562,0.943863
-284.3613,2.1840,14.8492,0.944057
-284.1770,2.1711,15.9395,0.944252
-283.9934,2.1587,17.0253,0.944443
-283.8092,2.1460,18.1158,0.944636
-283.6263,2.1326,19.2005,0.944828
-283.4445,2.1186,20.2815,0.945021
-283.2618,2.1040,21.3694,0.945212
-283.0807,2.0898,22.4498,0.945405
-282.8999,2.0756,23.5297,0.945598
-282.7199,2.0627,24.6094,0.945787
-282.5404,2.0500,25.6894,0.945980
-282.3759,2.0390,26.7689,0.946170
-282.1941,2.0262,27.8457,0.946361
-282.0187,2.0128,28.9221,0.946551
-281.8503,2.0080,29.9962,0.946742
-281.6782,1.9991,31.0684,0.946932
-281.5075,1.9903,32.1369,0.947123
-281.3367,1.9815,33.2102,0.947313
-281.1666,1.9737,34.2838,0.947503
-280.9984,1.9674,35.3492,0.947690
-280.8292,1.9612,36.4220,0.947879
-280.6620,1.9552,37.4846,0.948069
-280.4937,1.9497,38.5531,0.948255
-280.3260,1.9450,39.6174,0.948445
-280.1442,1.9331,40.6734,0.948632
-279.9723,1.9243,41.7514,0.948822
-279.8024,1.9220,42.8097,0.949009
-279.6306,1.9250,43.8699,0.949196
-279.4740,1.9227,44.9140,0.949382
-279.3003,1.9185,45.9697,0.949570
-279.1259,1.9143,47.0225,0.949756
-278.9489,1.9112,48.0860,0.949945
-278.7753,1.9090,49.1272,0.950129
-278.6003,1.9069,50.1754,0.950315
-278.4241,1.9048,51.2275,0.950501
-278.2487,1.9032,52.2721,0.950686
-278.0727,1.9025,53.3177,0.950874
-277.8966,1.9021,54.3599,0.951057
-277.7190,1.9017,55.4064,0.951242
-277.5421,1.9013,56.4451,0.951427
-277.3474,1.8824,57.5026,0.951612
-277.1689,1.8848,58.5417,0.951797
-276.9905,1.8868,59.5733,0.951979
-276.8094,1.8938,60.6141,0.952164
-276.6287,1.8962,61.6469,0.952349
-276.4462,1.8984,62.6826,0.952530
-276.2637,1.9013,63.7139,0.952714
-276.0802,1.9037,64.7448,0.952897
-275.9121,1.9043,65.7615,0.953079
-275.7273,1.9048,66.7928,0.953263
-275.5432,1.9049,67.8181,0.953444
-275.3599,1.9050,68.8394,0.953627
-275.1752,1.9051,69.8694,0.953808
-274.9922,1.9053,70.8881,0.953990
-274.8092,1.9061,71.9086,0.954171
-274.6247,1.9083,72.9370,0.954354
-274.4428,1.9111,73.9493,0.954533
-274.2602,1.9139,74.9669,0.954714
-274.0784,1.9167,75.9832,0.954895
-273.8962,1.9201,77.0024,0.955075
-273.7152,1.9252,78.0148,0.955255
-273.5350,1.9305,79.0242,0.955435
-273.3544,1.9359,80.0373,0.955617
-273.1756,1.9412,81.0434,0.955795
-272.9965,1.9467,82.0523,0.955973
-272.8181,1.9534,83.0608,0.956152
-272.6400,1.9600,84.0703,0.956331
-272.4639,1.9666,85.0717,0.956509
-272.2726,1.9597,86.0829,0.956686
-272.0982,1.9663,87.0801,0.956864
-271.9248,1.9737,88.0739,0.957040
-271.7532,1.9808,89.0595,0.957216
-271.5846,1.9868,90.0305,0.957386
-271.4337,2.0113,90.9831,0.957559
-271.2711,2.0187,91.9275,0.957726
-271.1104,2.0251,92.8621,0.957892
-270.9530,2.0309,93.7746,0.958054
-270.7979,2.0368,94.6693,0.958213
-270.6447,2.0425,95.5526,0.958370
-270.4943,2.0480,96.4226,0.958524
-270.3318,2.0521,97.2829,0.958675
-270.1867,2.0480,98.1181,0.958822
-270.0423,2.0433,98.9486,0.958970
-269.9165,2.0660,99.7524,0.959114
-269.7761,2.0702,100.5602,0.959258
-269.6362,2.0742,101.3625,0.959401
-269.4824,2.0747,102.1636,0.959542
-269.3452,2.0675,102.9495,0.959681
-269.2261,2.0851,103.7124,0.959818
-269.0927,2.0887,104.4788,0.959952
-268.9605,2.0923,105.2392,0.960088
-268.8133,2.0849,106.0070,0.960222
-268.7008,2.0994,106.7339,0.960353
-268.5722,2.1031,107.4715,0.960486
-268.4450,2.1068,108.1988,0.960613
-268.3033,2.0993,108.9265,0.960742
-268.1942,2.1139,109.6233,0.960866
-268.0702,2.1178,110.3212,0.960989
-267.9319,2.1160,111.0198,0.961110
-267.8259,2.1269,111.6878,0.961230
-267.7055,2.1315,112.3557,0.961350
-267.5702,2.1342,113.0262,0.961466
-267.4551,2.1389,113.6608,0.961582
-267.3509,2.1451,114.3061,0.961693
-267.2191,2.1454,114.9514,0.961808
-267.1204,2.1559,115.5632,0.961917
-267.0072,2.1614,116.1756,0.962026
-266.8791,2.1550,116.7936,0.962133
-266.7843,2.1722,117.3782,0.962239
-266.6747,2.1776,117.9669,0.962343
-266.5669,2.1828,118.5468,0.962446
-266.4601,2.1886,119.1179,0.962546
-266.3390,2.1818,119.6909,0.962644
-266.2506,2.1998,120.2324,0.962744
-266.1314,2.1986,120.7900,0.962840
-266.0453,2.2107,121.3171,0.962933
-265.9284,2.2137,121.8604,0.963028
-265.8441,2.2211,122.3746,0.963121
-265.7438,2.2261,122.8972,0.963212
-265.6443,2.2310,123.4149,0.963304
-265.5462,2.2358,123.9231,0.963392
-265.4483,2.2406,124.4301,0.963481
-265.3513,2.2452,124.9296,0.963566
-265.2548,2.2499,125.4265,0.963652
-265.1590,2.2540,125.9144,0.963737
-265.0626,2.2580,126.3993,0.963820
-264.9648,2.2617,126.8810,0.963903
-264.8668,2.2653,127.3564,0.963983
-264.7668,2.2688,127.8269,0.964064
-264.6651,2.2720,128.2947,0.964143
-264.5616,2.2752,128.7601,0.964221
-264.4570,2.2782,129.2228,0.964300
-264.3513,2.2811,129.6837,0.964379
-264.2442,2.2839,130.1444,0.964454
-264.1352,2.2865,130.6032,0.964532
-264.0249,2.2891,131.0640,0.964608
-263.8994,2.2886,131.5202,0.964684
-263.7861,2.2927,131.9790,0.964758
-263.6707,2.2967,132.4381,0.964834
-263.5527,2.3009,132.8986,0.964911
-263.4328,2.3052,133.3588,0.964987
-263.3111,2.3093,133.8199,0.965062
-263.1872,2.3137,134.2814,0.965137
-263.0617,2.3180,134.7430,0.965215
-262.9333,2.3219,135.2058,0.965290
-262.8018,2.3260,135.6703,0.965365
-262.6677,2.3300,136.1370,0.965441
-262.5325,2.3335,136.6014,0.965517
-262.3949,2.3369,137.0679,0.965592
-262.2544,2.3403,137.5371,0.965667
-262.1114,2.3433,138.0060,0.965739
-261.9671,2.3461,138.4755,0.965815
-261.8199,2.3486,138.9459,0.965891
-261.6693,2.3510,139.4179,0.965965
-261.5152,2.3529,139.8911,0.966038
-261.3579,2.3546,140.3647,0.966112
-261.1967,2.3558,140.8402,0.966189
-261.0307,2.3567,141.3155,0.966260
-260.8551,2.3571,141.7925,0.966332
-260.6710,2.3573,142.2681,0.966405
-260.4761,2.3571,142.7427,0.966479
-260.2722,2.3567,143.2132,0.966552
-260.0589,2.3560,143.6799,0.966623
-259.8367,2.3553,144.1422,0.966697
-259.6066,2.3545,144.6001,0.966768
-259.3691,2.3538,145.0525,0.966839
-259.1245,2.3529,145.4989,0.966911
-258.8691,2.3520,145.9421,0.966982
-258.6106,2.3509,146.3780,0.967053
-258.3445,2.3495,146.8100,0.967121
-258.0724,2.3479,147.2357,0.967190
-257.7908,2.3461,147.6602,0.967262
-257.5000,2.3441,148.0789,0.967333
-257.2003,2.3421,148.4882,0.967402
-256.8878,2.3399,148.8929,0.967471
-256.5608,2.3375,149.2884,0.967539
-256.2274,2.3352,149.6744,0.967608
-255.8849,2.3330,150.0508,0.967678
-255.5342,2.3307,150.4177,0.967746
-255.1740,2.3284,150.7771,0.967814
-254.8075,2.3259,151.1255,0.967882
-254.4380,2.3233,151.4665,0.967952
-254.0680,2.3204,151.8107,0.968024
-253.6991,2.3174,152.1526,0.968093
-253.3293,2.3141,152.4918,0.968163
-252.9528,2.3107,152.8301,0.968230
-252.5728,2.3070,153.1637,0.968300
-252.1871,2.3033,153.4941,0.968371
-251.7927,2.2994,153.8214,0.968440
-251.3896,2.2952,154.1419,0.968510
-250.9796,2.2909,154.4564,0.968580
-250.5605,2.2865,154.7625,0.968651
-250.1359,2.2821,155.0631,0.968720
-249.7039,2.2778,155.3570,0.968792
-249.2649,2.2735,155.6439,0.968862
-248.8196,2.2693,155.9232,0.968932
-248.3698,2.2651,156.1946,0.968999
-247.9131,2.2609,156.4609,0.969071
-247.4587,2.2567,156.7219,0.969138
-247.0022,2.2524,156.9810,0.969211
-246.5359,2.2479,157.2365,0.969278
-246.0673,2.2434,157.4853,0.969347
-245.5955,2.2391,157.7261,0.969420
-245.1144,2.2349,157.9624,0.969489
-244.6278,2.2308,158.1926,0.969560
-244.1385,2.2269,158.4151,0.969630
-243.6400,2.2229,158.6321,0.969701
-243.1373,2.2191,158.8398,0.969772
-242.6262,2.2150,159.0379,0.969847
-242.1125,2.2109,159.2297,0.969918
-241.5939,2.2066,159.4138,0.969991
-241.0763,2.2021,159.5883,0.970063
-240.5512,2.1977,159.7601,0.970139
-240.0256,2.1931,159.9275,0.970209
-239.5001,2.1883,160.0878,0.970284
-238.9654,2.1836,160.2420,0.970355
-238.4251,2.1787,160.3838,0.970430
-237.8830,2.1735,160.5160,0.970505
-237.3320,2.1681,160.6386,0.970581
-236.7803,2.1626,160.7498,0.970657
-236.2292,2.1571,160.8496,0.970731
-235.6742,2.1516,160.9393,0.970801
-235.1122,2.1462,161.0191,0.970871
-234.5563,2.1411,161.0847,0.970944
-233.9931,2.1363,161.1339,0.971017
-233.4299,2.1317,161.1727,0.971089
-232.8703,2.1275,161.1982,0.971162
-232.3088,2.1236,161.2118,0.971232
-231.7469,2.1198,161.2137,0.971306
-231.1852,2.1158,161.2037,0.971383
-230.6227,2.1118,161.1813,0.971455
-230.0599,2.1079,161.1466,0.971530
-229.4956,2.1042,161.0962,0.971605
-228.9371,2.1007,161.0369,0.971676
-228.3795,2.0974,160.9675,0.971750
-227.8236,2.0942,160.8894,0.971822
-227.2669,2.0913,160.8011,0.971893
-226.7140,2.0885,160.7023,0.971967
-226.1629,2.0859,160.5928,0.972040
-225.6104,2.0830,160.4721,0.972113
-225.0623,2.0801,160.3411,0.972185
-224.5127,2.0772,160.1958,0.972261
-223.9690,2.0742,160.0440,0.972333
-223.4250,2.0714,159.8859,0.972409
-222.8830,2.0685,159.7270,0.972485
-222.3440,2.0657,159.5658,0.972558
-221.8027,2.0629,159.3979,0.972636
-221.2635,2.0599,159.2207,0.972716
-220.7249,2.0567,159.0316,0.972792
-220.1897,2.0534,158.8291,0.972870
-219.6538,2.0502,158.6179,0.972951
-219.1211,2.0469,158.3975,0.973030
-218.5920,2.0439,158.1695,0.973111
-218.0645,2.0409,157.9339,0.973190
-217.5375,2.0380,157.6886,0.973272
-217.0142,2.0353,157.4347,0.973351
-216.4910,2.0327,157.1708,0.973433
-215.9719,2.0301,156.8962,0.973518
-215.4570,2.0266,156.6168,0.973604
-214.9416,2.0178,156.3271,0.973687
-214.4301,2.0087,156.0286,0.973776
-213.9179,1.9996,155.7168,0.973861
-213.4153,1.9905,155.3965,0.973950
-212.9136,1.9808,155.0642,0.974043
-212.4154,1.9716,154.7213,0.974131
-211.9157,1.9641,154.3810,0.974224
-211.4261,1.9589,154.0312,0.974315
-210.9356,1.9569,153.6821,0.974409
-210.4898,1.9562,153.3666,0.974501
-209.9537,1.9578,152.9856,0.974597
-209.4591,1.9372,152.6127,0.974695
-208.9680,1.9597,152.2779,0.974788
-208.4717,1.9402,151.8981,0.974884
-207.9785,1.9201,151.5309,0.974982
-207.4888,1.9490,151.1587,0.975079
-207.0068,1.9142,150.7837,0.975175
-206.5197,1.9117,150.3981,0.975273
-206.0351,1.9089,150.0026,0.975369
-205.5211,1.9166,149.6242,0.975468
-205.0424,1.9198,149.2121,0.975567
-204.5684,1.9219,148.7957,0.975663
-204.0945,1.9229,148.3706,0.975761
-203.6207,1.9239,147.9399,0.975859
-203.1513,1.9238,147.5129,0.975958
-202.6784,1.9231,147.0831,0.976056
-202.2037,1.9218,146.6508,0.976157
-201.7639,1.9120,146.1864,0.976257
-201.2879,1.9056,145.7503,0.976358
-200.8110,1.8993,145.3105,0.976463
-200.3362,1.8933,144.8694,0.976565
-199.8590,1.8873,144.4209,0.976671
-199.3829,1.8817,143.9704,0.976779
-198.9106,1.8765,143.5197,0.976885
-198.4363,1.8714,143.0612,0.976991
-197.9638,1.8665,142.5983,0.977100
-197.4946,1.8618,142.1328,0.977209
-197.0229,1.8573,141.6602,0.977318
-196.5523,1.8530,141.1867,0.977428
-196.0820,1.8486,140.7141,0.977538
-195.6083,1.8440,140.2392,0.977650
-195.1315,1.8391,139.7615,0.977763
-194.6575,1.8340,139.2868,0.977875
-194.1786,1.8279,138.8067,0.977990
-193.6994,1.8214,138.3256,0.978104
-193.2207,1.8147,137.8433,0.978218
-192.7391,1.8078,137.3562,0.978335
-192.2571,1.8005,136.8672,0.978452
-191.7761,1.7925,136.3780,0.978569
-191.2908,1.7832,135.8835,0.978687
-190.8049,1.7738,135.3878,0.978806
-190.3192,1.7646,134.8918,0.978923
-189.8314,1.7553,134.3932,0.979043
-189.3416,1.7462,133.8925,0.979164
-188.8514,1.7365,133.3919,0.979285
-188.3563,1.7269,132.8869,0.979407
-187.8607,1.7176,132.3809,0.979530
-187.3650,1.7085,131.8748,0.979653
-186.8645,1.6997,131.3637,0.979776
-186.3638,1.6908,130.8520,0.979900
-185.8637,1.6819,130.3403,0.980024
-185.3586,1.6732,129.8229,0.980150
-184.8524,1.6644,129.3033,0.980275
-184.3486,1.6558,128.7849,0.980401
-183.8402,1.6468,128.2607,0.980528
-183.3304,1.6376,127.7342,0.980655
-182.8223,1.6281,127.2086,0.980781
-182.3087,1.6182,126.6761,0.980910
-181.7937,1.6080,126.1412,0.981041
-181.2823,1.5977,125.6093,0.981170
-180.7671,1.5872,125.0727,0.981300
-180.2485,1.5763,124.5325,0.981430
-179.7317,1.5652,123.9942,0.981560
-179.1744,1.5593,123.4868,0.981692
-178.6466,1.5459,122.9443,0.981824
-178.1220,1.5324,122.4058,0.981956
-177.5901,1.5189,121.8611,0.982089
-177.0559,1.5058,121.3157,0.982222
-176.5229,1.4928,120.7711,0.982355
-175.9868,1.4787,120.2219,0.982489
-175.4474,1.4638,119.6669,0.982623
-174.9111,1.4492,119.1130,0.982758
-174.3719,1.4346,118.5541,0.982893
-173.8333,1.4199,117.9922,0.983030
-173.2955,1.4032,117.4278,0.983166
-172.7538,1.3860,116.8558,0.983303
-172.2157,1.3687,116.2849,0.983439
-171.6751,1.3512,115.7113,0.983577
-171.1335,1.3331,115.1366,0.983715
-170.5920,1.3145,114.5611,0.983853
-170.0471,1.2955,113.9816,0.983992
-169.5014,1.2760,113.4011,0.984131
-168.9862,1.2505,112.7877,0.984270
-168.4393,1.2344,112.2015,0.984410
-167.8890,1.2179,111.6081,0.984551
-167.3418,1.2011,111.0150,0.984692
-166.7951,1.1842,110.4197,0.984833
-166.2448,1.1671,109.8191,0.984975
-165.6924,1.1656,109.2150,0.985118
-165.1392,1.1725,108.6041,0.985259
-164.5923,1.1467,107.9941,0.985401
-164.0443,1.1211,107.3817,0.985545
-163.4982,1.0951,106.7724,0.985687
-162.9481,1.1187,106.1793,0.985831
-162.3969,1.0947,105.5517,0.985976
-161.8450,1.0727,104.9461,0.986120
-161.2920,1.0419,104.3519,0.986264
-160.7397,1.0243,103.7475,0.986407
-160.1820,1.0066,103.1410,0.986551
-159.6214,0.9889,102.5370,0.986696
-159.0632,0.9714,101.9378,0.986839
-158.5038,0.9536,101.3389,0.986983
-157.9391,0.9354,100.7365,0.987127
-157.3816,0.9186,100.1359,0.987271
-156.8238,0.9023,99.5424,0.987413
-156.2629,0.8861,98.9481,0.987556
-155.6988,0.8700,98.3521,0.987700
-155.1434,0.8538,97.7666,0.987841
-154.5831,0.8374,97.1765,0.987983
-154.0259,0.8209,96.5892,0.988124
-153.4702,0.8046,96.0039,0.988265
-152.9147,0.7885,95.4199,0.988406
-152.3581,0.7821,94.8351,0.988548
-151.8072,0.7673,94.2562,0.988688
-151.2511,0.7531,93.6724,0.988828
-150.7006,0.7394,93.0929,0.988968
-150.1513,0.7256,92.5150,0.989107
-149.6006,0.7118,91.9354,0.989246
-149.0499,0.6981,91.3566,0.989386
-148.4954,0.6857,90.7784,0.989526
-147.9443,0.6731,90.2048,0.989665
-147.3909,0.6604,89.6305,0.989803
-146.8362,0.6477,89.0565,0.989943
-146.2803,0.6352,88.4827,0.990084
-145.7234,0.6238,87.9081,0.990224
-145.1669,0.6124,87.3329,0.990363
-144.6107,0.6010,86.7578,0.990503
-144.0550,0.5896,86.1831,0.990642
-143.4969,0.5789,85.6051,0.990783
-142.9395,0.5697,85.0283,0.990923
-142.3839,0.5605,84.4527,0.991063
-141.8262,0.5513,83.8744,0.991203
-141.2736,0.5400,83.2954,0.991342
-140.7164,0.5325,82.7179,0.991483
-140.1570,0.5256,82.1373,0.991624
-139.6020,0.5187,81.5618,0.991763
-139.0455,0.5117,80.9843,0.991904
-138.4879,0.5044,80.4061,0.992045
-137.9311,0.4972,79.8290,0.992184
-137.3761,0.4902,79.2540,0.992324
-136.8196,0.4835,78.6776,0.992465
-136.2648,0.4770,78.1037,0.992604
-135.7110,0.4705,77.5314,0.992743
-135.1591,0.4633,76.9615,0.992882
-134.6058,0.4560,76.3905,0.993021
-134.0531,0.4483,75.8200,0.993160
-133.5027,0.4407,75.2513,0.993298
-132.9540,0.4331,74.6853,0.993436
-132.4055,0.4256,74.1204,0.993574
-131.8570,0.4181,73.5576,0.993712
-131.3088,0.4112,72.9969,0.993849
-130.7589,0.4046,72.4360,0.993988
-130.2103,0.3980,71.8775,0.994124
-129.6628,0.3918,71.3197,0.994260
-129.1156,0.3856,70.7626,0.994397
-128.5698,0.3800,70.2071,0.994534
-128.0224,0.3744,69.6505,0.994670
-127.4771,0.3694,69.0964,0.994807
-126.9338,0.3646,68.5449,0.994941
-126.3901,0.3598,67.9935,0.995077
-125.8457,0.3545,67.4417,0.995212
-125.3026,0.3490,66.8920,0.995348
-124.7611,0.3435,66.3443,0.995482
-124.2187,0.3381,65.7964,0.995617
-123.6776,0.3325,65.2509,0.995752
-123.1348,0.3271,64.7037,0.995887
-122.5964,0.3214,64.1612,0.996020
-122.0547,0.3155,63.6158,0.996155
-121.5149,0.3097,63.0720,0.996289
-120.9763,0.3040,62.5293,0.996423
-120.4393,0.2986,61.9880,0.996555
-119.9030,0.2931,61.4478,0.996688
-119.3667,0.2881,60.9071,0.996823
-118.8299,0.2824,60.3668,0.996955
-118.2942,0.2768,59.8274,0.997089
-117.7606,0.2707,59.2906,0.997221
-117.2265,0.2641,58.7533,0.997354
-116.6932,0.2572,58.2170,0.997486
-116.1609,0.2505,57.6816,0.997619
-115.6289,0.2445,57.1471,0.997750
-115.0963,0.2388,56.6125,0.997883
-114.5659,0.2335,56.0805,0.998015
-114.0342,0.2282,55.5475,0.998147
-113.5046,0.2231,55.0169,0.998279
-112.9751,0.2185,54.4868,0.998410
-112.4464,0.2144,53.9582,0.998542
-111.9188,0.2109,53.4311,0.998672
-111.3821,0.2073,52.8953,0.998807
-110.8617,0.2042,52.3766,0.998935
-110.3344,0.2011,51.8513,0.999067
-109.8087,0.1981,51.3283,0.999196
-109.2794,0.1952,50.8015,0.999328
-108.7547,0.1925,50.2787,0.999457
-108.2302,0.1902,49.7560,0.999587
-107.7060,0.1885,49.2327,0.999717
-107.1825,0.1867,48.7093,0.999839
-106.6595,0.1852,48.1862,0.999957
