-11.1157,0.3649,-64.2610,0.000733
-9.8747,0.3736,-65.6111,0.001052
-8.5184,0.3776,-67.0855,0.001402
-7.2726,0.3762,-68.4383,0.001723
-6.0236,0.3729,-69.7928,0.002043
-4.7712,0.3702,-71.1486,0.002365
-3.5156,0.3691,-72.5056,0.002688
-2.2569,0.3694,-73.8636,0.003010
-0.9952,0.3706,-75.2227,0.003334
0.2694,0.3716,-76.5831,0.003658
1.5368,0.3717,-77.9448,0.003982
2.9225,0.3704,-79.4319,0.004337
4.1955,0.3683,-80.7966,0.004663
5.4712,0.3659,-82.1629,0.004989
6.7495,0.3637,-83.5307,0.005316
8.0305,0.3617,-84.9000,0.005642
9.3140,0.3594,-86.2709,0.005970
10.5999,0.3563,-87.6433,0.006298
12.0056,0.3516,-89.1425,0.006606
14.5901,0.3426,-91.8961,0.007295
15.8864,0.3394,-93.2752,0.007734
17.1852,0.3367,-94.6558,0.007960
18.4868,0.3341,-96.0377,0.008307
19.7912,0.3320,-97.4208,0.008639
21.2175,0.3311,-98.9310,0.009002
22.5282,0.3322,-100.3164,0.009335
23.8419,0.3351,-101.7029,0.009668
25.1586,0.3383,-103.0903,0.010002
26.4783,0.3406,-104.4785,0.010334
27.8011,0.3419,-105.8677,0.010670
29.1270,0.3427,-107.2578,0.011006
30.4562,0.3436,-108.6488,0.011341
31.7886,0.3446,-110.0405,0.011677
33.2457,0.3447,-111.5597,0.012045
34.5844,0.3429,-112.9532,0.012381
35.9259,0.3396,-114.3479,0.012720
37.2704,0.3363,-115.7436,0.013058
38.6179,0.3348,-117.1404,0.013396
39.9683,0.3361,-118.5381,0.013735
41.3217,0.3400,-119.9369,0.014074
42.8013,0.3465,-121.4641,0.014445
44.1603,0.3526,-122.8650,0.014786
45.5220,0.3572,-124.2671,0.015127
46.8863,0.3597,-125.6703,0.015468
48.2533,0.3606,-127.0747,0.015811
49.6229,0.3609,-128.4804,0.016152
50.9952,0.3614,-129.8873,0.016495
52.4951,0.3624,-131.4235,0.016870
53.8726,0.3636,-132.8330,0.017214
55.2525,0.3645,-134.2440,0.017558
56.6345,0.3650,-135.6564,0.017902
58.0188,0.3651,-137.0705,0.018247
59.4054,0.3654,-138.4860,0.018594
60.7941,0.3660,-139.9030,0.018939
62.3116,0.3669,-141.4506,0.019318
63.7049,0.3681,-142.8708,0.019665
65.1003,0.3698,-144.2924,0.020012
66.4979,0.3720,-145.7156,0.020361
67.8978,0.3739,-147.1402,0.020710
69.2997,0.3746,-148.5661,0.021058
70.7040,0.3740,-149.9932,0.021407
72.1105,0.3733,-151.4216,0.021757
73.5196,0.3736,-152.8512,0.022108
75.0595,0.3756,-154.4120,0.022490
76.4737,0.3781,-155.8439,0.022841
77.8904,0.3801,-157.2766,0.023193
79.3096,0.3812,-158.7101,0.023545
80.7314,0.3816,-160.1445,0.023898
82.1560,0.3823,-161.5797,0.024251
83.5832,0.3839,-163.0156,0.024604
85.1431,0.3864,-164.5830,0.024989
86.5755,0.3886,-166.0207,0.025345
88.0102,0.3903,-167.4595,0.025698
89.4471,0.3913,-168.8993,0.026054
91.6720,0.3922,-171.1269,0.026603
93.1143,0.3928,-172.5698,0.026958
94.5585,0.3932,-174.0141,0.027316
96.0046,0.3930,-175.4597,0.027673
97.4524,0.3912,-176.9068,0.028030
98.9020,0.3871,-178.3554,0.028387
100.3532,0.3806,-179.8055,0.028746
101.9383,0.3713,-181.3892,0.029136
103.3931,0.3622,-182.8426,0.029495
104.8495,0.3540,-184.2977,0.029855
106.3075,0.3480,-185.7545,0.030214
107.7670,0.3443,-187.2131,0.030574
109.2280,0.3419,-188.6733,0.030935
110.6903,0.3390,-190.1352,0.031296
112.2873,0.3337,-191.7318,0.031689
113.7526,0.3275,-193.1971,0.032051
115.2195,0.3222,-194.6640,0.032414
116.6879,0.3197,-196.1328,0.032776
118.1578,0.3206,-197.6031,0.033139
119.6293,0.3241,-199.0749,0.033502
121.1024,0.3289,-200.5480,0.033865
122.7113,0.3344,-202.1565,0.034263
124.1879,0.3394,-203.6322,0.034627
125.6664,0.3448,-205.1092,0.034992
127.1466,0.3501,-206.5873,0.035357
128.6286,0.3537,-208.0666,0.035722
130.1122,0.3545,-209.5470,0.036088
131.5967,0.3528,-211.0278,0.036454
133.0798,0.3508,-212.5066,0.036819
134.5565,0.3512,-213.9782,0.037184
136.1530,0.3556,-215.5685,0.037577
137.6013,0.3617,-217.0107,0.037935
139.0357,0.3671,-218.4384,0.038288
140.4562,0.3698,-219.8518,0.038638
141.8619,0.3704,-221.2500,0.038985
143.2523,0.3711,-222.6321,0.039327
144.6279,0.3733,-223.9983,0.039666
146.1122,0.3772,-225.4713,0.040031
147.4583,0.3811,-226.8058,0.040362
148.7905,0.3841,-228.1256,0.040690
150.1088,0.3857,-229.4304,0.041014
151.4128,0.3868,-230.7199,0.041334
152.7024,0.3883,-231.9937,0.041651
153.9779,0.3911,-233.2518,0.041966
155.3539,0.3949,-234.6069,0.042301
156.6017,0.3982,-235.8334,0.042607
157.8368,0.4004,-237.0451,0.042909
159.0602,0.4004,-238.2425,0.043208
160.2721,0.3981,-239.4257,0.043504
161.4716,0.3941,-240.5937,0.043797
162.6584,0.3901,-241.7447,0.044086
163.8331,0.3866,-242.8781,0.044371
164.9968,0.3840,-243.9931,0.044654
166.2552,0.3820,-245.1881,0.044956
167.3996,0.3805,-246.2640,0.045231
168.5358,0.3794,-247.3207,0.045501
169.6642,0.3788,-248.3579,0.045769
170.7850,0.3790,-249.3752,0.046033
171.8994,0.3797,-250.3728,0.046294
173.0090,0.3806,-251.3512,0.046554
174.2148,0.3816,-252.3966,0.046831
175.3165,0.3819,-253.3356,0.047083
176.4142,0.3810,-254.2569,0.047333
177.5080,0.3789,-255.1607,0.047580
178.5980,0.3758,-256.0467,0.047826
179.6847,0.3722,-256.9144,0.048068
180.7687,0.3681,-257.7639,0.048309
181.9481,0.3635,-258.6697,0.048568
183.0275,0.3595,-259.4803,0.048802
184.1067,0.3560,-260.2722,0.049036
185.1882,0.3530,-261.0457,0.049267
186.2743,0.3503,-261.8015,0.049496
187.3659,0.3479,-262.5402,0.049726
188.4635,0.3459,-263.2617,0.049955
189.6665,0.3440,-264.0291,0.050202
190.7736,0.3423,-264.7144,0.050428
191.8843,0.3406,-265.3823,0.050655
192.9986,0.3387,-266.0330,0.050879
194.1167,0.3370,-266.6663,0.051101
195.2388,0.3355,-267.2821,0.051324
196.3650,0.3343,-267.8804,0.051544
197.4958,0.3338,-268.4609,0.051765
198.6308,0.3339,-269.0238,0.051984
199.8732,0.3349,-269.6174,0.052223
201.0156,0.3367,-270.1428,0.052441
202.1612,0.3393,-270.6503,0.052658
203.3098,0.3427,-271.1403,0.052875
204.4612,0.3465,-271.6132,0.053090
205.6152,0.3509,-272.0692,0.053305
206.7714,0.3548,-272.5096,0.053518
208.0351,0.3586,-272.9724,0.053751
209.1954,0.3616,-273.3803,0.053963
210.3576,0.3650,-273.7720,0.054176
211.5227,0.3698,-274.1466,0.054386
212.6920,0.3767,-274.5041,0.054595
213.8667,0.3857,-274.8449,0.054806
215.0473,0.3965,-275.1697,0.055017
216.3420,0.4101,-275.5060,0.055246
217.5351,0.4240,-275.7980,0.055457
218.7339,0.4391,-276.0743,0.055669
219.9362,0.4555,-276.3344,0.055880
221.1391,0.4727,-276.5775,0.056092
222.3416,0.4906,-276.8037,0.056302
223.5435,0.5089,-277.0133,0.056512
224.8536,0.5291,-277.2229,0.056741
226.0533,0.5476,-277.3980,0.056949
227.2516,0.5658,-277.5568,0.057157
228.4483,0.5836,-277.6995,0.057362
229.6430,0.6010,-277.8260,0.057569
230.8356,0.6177,-277.9365,0.057774
232.0257,0.6339,-278.0311,0.057981
233.2126,0.6494,-278.1097,0.058184
234.5013,0.6665,-278.1768,0.058404
235.6752,0.6830,-278.2207,0.058604
236.8413,0.7009,-278.2474,0.058802
238.0010,0.7205,-278.2562,0.059001
239.1558,0.7415,-278.2473,0.059196
240.3070,0.7635,-278.2208,0.059392
241.4573,0.7863,-278.1771,0.059590
242.6089,0.8100,-278.1167,0.059786
243.7626,0.8345,-278.0399,0.059987
245.0236,0.8622,-277.9375,0.060199
246.1817,0.8882,-277.8268,0.060399
247.3415,0.9150,-277.6998,0.060598
248.5030,0.9424,-277.5568,0.060798
249.6662,0.9703,-277.3976,0.060998
250.8306,0.9990,-277.2222,0.061199
252.1021,1.0307,-277.0125,0.061417
253.2686,1.0607,-276.8030,0.061621
254.4356,1.0911,-276.5775,0.061822
255.6031,1.1220,-276.3357,0.062025
256.7707,1.1534,-276.0776,0.062230
257.9385,1.1851,-275.8037,0.062435
259.1065,1.2166,-275.5143,0.062640
260.2743,1.2471,-275.2101,0.062845
261.5465,1.2807,-274.8603,0.063070
262.7115,1.3156,-274.5192,0.063277
263.8734,1.3545,-274.1584,0.063485
265.0288,1.3944,-273.7815,0.063692
266.1768,1.4321,-273.3921,0.063898
267.3163,1.4668,-272.9910,0.064106
268.4442,1.5002,-272.5779,0.064310
269.5570,1.5336,-272.1540,0.064512
270.7524,1.5699,-271.6812,0.064733
271.8308,1.6027,-271.2396,0.064931
272.8934,1.6344,-270.7905,0.065130
273.9416,1.6648,-270.3334,0.065324
274.9745,1.6946,-269.8683,0.065517
275.9910,1.7243,-269.3957,0.065710
276.9907,1.7537,-268.9160,0.065900
278.0616,1.7857,-268.3847,0.066103
279.0255,1.8143,-267.8910,0.066293
279.9732,1.8419,-267.3905,0.066475
280.9045,1.8688,-266.8829,0.066657
281.8199,1.8949,-266.3679,0.066836
282.7206,1.9200,-265.8444,0.067016
283.6077,1.9444,-265.3106,0.067194
284.5611,1.9700,-264.7158,0.067387
285.4218,1.9931,-264.1581,0.067563
286.2701,2.0161,-263.5881,0.067741
287.1082,2.0382,-263.0056,0.067917
287.9369,2.0607,-262.4083,0.068091
288.7575,2.0835,-261.7959,0.068267
289.5711,2.1056,-261.1694,0.068442
290.4514,2.1288,-260.4700,0.068635
291.1793,2.1471,-259.8748,0.068794
292.0459,2.1683,-259.1453,0.068990
292.8330,2.1875,-258.4617,0.069167
293.6123,2.2064,-257.7641,0.069347
294.3825,2.2249,-257.0535,0.069527
295.1409,2.2430,-256.3322,0.069707
295.8858,2.2607,-255.6020,0.069886
296.6169,2.2784,-254.8630,0.070065
297.3989,2.2974,-254.0473,0.070259
298.1023,2.3139,-253.2915,0.070438
298.7926,2.3296,-252.5282,0.070617
299.4698,2.3442,-251.7577,0.070794
300.1333,2.3576,-250.9799,0.070973
300.7826,2.3706,-250.1946,0.071150
301.4167,2.3835,-249.4016,0.071327
302.0914,2.3975,-248.5278,0.071519
302.6947,2.4100,-247.7185,0.071697
303.2838,2.4218,-246.9010,0.071873
303.8591,2.4329,-246.0750,0.072050
304.4203,2.4432,-245.2408,0.072227
304.9666,2.4529,-244.3992,0.072405
305.4978,2.4620,-243.5506,0.072582
306.0597,2.4712,-242.6173,0.072775
306.5586,2.4789,-241.7553,0.072951
307.0418,2.4859,-240.8880,0.073128
307.5080,2.4928,-240.0157,0.073304
307.9555,2.5014,-239.1384,0.073477
308.3850,2.5113,-238.2566,0.073653
308.7978,2.5214,-237.3709,0.073826
309.1932,2.5318,-236.4813,0.074000
309.5711,2.5432,-235.5883,0.074172
309.9647,2.5557,-234.6108,0.074359
310.3100,2.5660,-233.7118,0.074531
310.6425,2.5736,-232.8104,0.074703
310.9625,2.5782,-231.9057,0.074874
311.2689,2.5813,-230.9966,0.075043
311.5597,2.5853,-230.0821,0.075213
311.8334,2.5930,-229.1611,0.075386
312.1154,2.6028,-228.1505,0.075572
312.3624,2.6092,-227.2198,0.075742
312.6008,2.6121,-226.2837,0.075913
312.8309,2.6115,-225.3425,0.076084
313.0511,2.6067,-224.3968,0.076256
313.2584,2.6011,-223.4446,0.076430
313.4514,2.5970,-222.4843,0.076602
313.6460,2.5939,-221.4273,0.076789
313.8104,2.5911,-220.4505,0.076965
313.9629,2.5869,-219.4666,0.077142
314.1036,2.5805,-218.4768,0.077319
314.2319,2.5722,-217.4814,0.077494
314.3461,2.5632,-216.4804,0.077670
314.4419,2.5564,-215.4738,0.077847
314.5161,2.5551,-214.4605,0.078024
314.5743,2.5586,-213.3478,0.078219
314.6101,2.5640,-212.3218,0.078397
314.6323,2.5685,-211.2900,0.078577
314.6419,2.5713,-210.2523,0.078756
314.6364,2.5742,-209.2088,0.078936
314.6137,2.5787,-208.1597,0.079119
314.5735,2.5851,-207.1058,0.079302
314.5159,2.5928,-206.0472,0.079485
314.4336,2.6023,-204.8877,0.079686
314.3403,2.6117,-203.8210,0.079870
314.2307,2.6214,-202.7511,0.080056
314.1049,2.6311,-201.6778,0.080243
313.9633,2.6403,-200.6018,0.080431
313.8063,2.6486,-199.5237,0.080619
313.6341,2.6557,-198.4438,0.080806
313.4286,2.6624,-197.2636,0.081012
313.2237,2.6680,-196.1801,0.081203
313.0028,2.6729,-195.0953,0.081394
312.7661,2.6770,-194.0096,0.081585
312.5136,2.6801,-192.9238,0.081775
312.2453,2.6821,-191.8381,0.081969
311.9608,2.6833,-190.7531,0.082160
311.6320,2.6834,-189.5707,0.082373
311.3137,2.6827,-188.4885,0.082566
310.9794,2.6809,-187.4102,0.082762
310.6301,2.6778,-186.3392,0.082953
310.2665,2.6729,-185.2722,0.083148
309.8882,2.6660,-184.2084,0.083341
309.4977,2.6551,-183.1463,0.083537
309.0948,2.6401,-182.0871,0.083731
308.6779,2.6230,-181.0315,0.083927
308.2071,2.6022,-179.8841,0.084140
307.7610,2.5813,-178.8357,0.084337
307.3026,2.5577,-177.7897,0.084533
306.8306,2.5325,-176.7465,0.084730
306.3433,2.5098,-175.7065,0.084927
305.8448,2.4839,-174.6687,0.085125
305.3367,2.4528,-173.6326,0.085323
304.7709,2.4138,-172.5050,0.085540
304.2414,2.3748,-171.4750,0.085740
303.6987,2.3346,-170.4481,0.085940
303.1395,2.2964,-169.4261,0.086139
302.5645,2.2598,-168.4084,0.086341
301.9760,2.2229,-167.3939,0.086542
301.3756,2.1842,-166.3814,0.086746
300.7072,2.1389,-165.2786,0.086966
300.0815,2.0956,-164.2692,0.087171
299.4423,2.0518,-163.2616,0.087377
298.7897,2.0079,-162.2559,0.087582
298.1239,1.9640,-161.2522,0.087791
297.4456,1.9197,-160.2500,0.087997
296.3732,1.8531,-158.7043,0.088324
295.6657,1.8102,-157.7047,0.088535
294.9483,1.7666,-156.7046,0.088748
294.2213,1.7243,-155.7038,0.088962
293.4870,1.6823,-154.7020,0.089179
292.6789,1.6353,-153.6065,0.089414
291.9316,1.5918,-152.5988,0.089634
291.1792,1.5482,-151.5873,0.089852
290.4223,1.5049,-150.5717,0.090072
289.6613,1.4625,-149.5518,0.090294
288.8966,1.4210,-148.5275,0.090516
288.1282,1.3802,-147.4986,0.090741
287.3562,1.3409,-146.4651,0.090967
286.5099,1.2992,-145.3324,0.091213
285.7300,1.2630,-144.2894,0.091442
284.9458,1.2292,-143.2426,0.091669
284.1567,1.1968,-142.1920,0.091899
283.3622,1.1662,-141.1383,0.092129
282.5627,1.1358,-140.0816,0.092360
281.7584,1.1052,-139.0216,0.092592
280.9493,1.0742,-137.9582,0.092825
280.0610,1.0403,-136.7942,0.093082
279.2416,1.0090,-135.7237,0.093316
278.4175,0.9772,-134.6499,0.093552
277.5890,0.9444,-133.5728,0.093791
276.7559,0.9103,-132.4922,0.094029
275.9185,0.8747,-131.4080,0.094268
275.0768,0.8373,-130.3202,0.094508
274.1539,0.7948,-129.1295,0.094771
273.3035,0.7541,-128.0343,0.095012
272.4490,0.7125,-126.9355,0.095255
271.5905,0.6701,-125.8331,0.095500
270.7279,0.6274,-124.7269,0.095745
269.8615,0.5847,-123.6171,0.095990
268.9913,0.5426,-122.5036,0.096237
268.0375,0.4976,-121.2846,0.096508
267.1595,0.4572,-120.1632,0.096755
266.2781,0.4169,-119.0379,0.097006
265.3934,0.3762,-117.9090,0.097256
264.5054,0.3347,-116.7762,0.097508
263.6143,0.2920,-115.6396,0.097760
262.7200,0.2481,-114.4992,0.098012
261.8226,0.2028,-113.3549,0.098267
260.8400,0.1524,-112.1022,0.098545
259.9361,0.1051,-110.9499,0.098801
259.0292,0.0568,-109.7938,0.099058
258.1193,0.0078,-108.6339,0.099315
257.2084,-0.0418,-107.4727,0.099573
256.2982,-0.0915,-106.3117,0.099832
255.3851,-0.1410,-105.1459,0.100090
254.4692,-0.1908,-103.9743,0.100350
253.4686,-0.2460,-102.6909,0.100634
252.5511,-0.2976,-101.5089,0.100896
251.6343,-0.3496,-100.3208,0.101157
250.7191,-0.4013,-99.1258,0.101420
249.8064,-0.4521,-97.9231,0.101683
248.8973,-0.5021,-96.7124,0.101947
247.9922,-0.5514,-95.4933,0.102212
247.0105,-0.6047,-94.1534,0.102501
246.1162,-0.6535,-92.9158,0.102767
245.2278,-0.7024,-91.6689,0.103034
244.3461,-0.7515,-90.4123,0.103301
243.4716,-0.8008,-89.1459,0.103568
242.6052,-0.8502,-87.8693,0.103836
241.7477,-0.8998,-86.5824,0.104105
240.8227,-0.9544,-85.1664,0.104399
239.9848,-1.0051,-83.8575,0.104668
239.1571,-1.0565,-82.5382,0.104939
238.3399,-1.1084,-81.2081,0.105210
237.5338,-1.1607,-79.8672,0.105481
236.7392,-1.2136,-78.5157,0.105753
235.9564,-1.2669,-77.1536,0.106026
235.1853,-1.3210,-75.7810,0.106298
234.4260,-1.3761,-74.3981,0.106571
233.6109,-1.4380,-72.8784,0.106870
232.8765,-1.4960,-71.4749,0.107144
232.1546,-1.5550,-70.0612,0.107418
231.4458,-1.6146,-68.6375,0.107693
230.7496,-1.6751,-67.2038,0.107968
230.0657,-1.7374,-65.7610,0.108245
229.3935,-1.8021,-64.3094,0.108520
228.6736,-1.8755,-62.7159,0.108824
228.0266,-1.9450,-61.2460,0.109101
227.3919,-2.0164,-59.7670,0.109378
226.7690,-2.0902,-58.2795,0.109658
226.1570,-2.1676,-56.7842,0.109937
225.5561,-2.2487,-55.2816,0.110218
224.9674,-2.3325,-53.7709,0.110497
224.3410,-2.4248,-52.1125,0.110803
223.7828,-2.5089,-50.5828,0.111082
223.2411,-2.5916,-49.0439,0.111362
222.7168,-2.6719,-47.4958,0.111642
222.2105,-2.7492,-45.9386,0.111923
221.7219,-2.8238,-44.3726,0.112205
221.2500,-2.8966,-42.7983,0.112487
220.7940,-2.9685,-41.2162,0.112770
220.3533,-3.0403,-39.6267,0.113053
219.8904,-3.1178,-37.8842,0.113363
219.4837,-3.1869,-36.2790,0.113648
219.0949,-3.2530,-34.6660,0.113931
218.7238,-3.3158,-33.0456,0.114216
218.3691,-3.3767,-31.4183,0.114501
218.0294,-3.4375,-29.7847,0.114788
217.7040,-3.4991,-28.1453,0.115078
217.3660,-3.5667,-26.3502,0.115391
217.0732,-3.6275,-24.6981,0.115679
216.7982,-3.6858,-23.0400,0.115966
216.5414,-3.7410,-21.3759,0.116254
216.3029,-3.7932,-19.7062,0.116544
216.0825,-3.8428,-18.0313,0.116832
215.8799,-3.8902,-16.3513,0.117123
215.6795,-3.9392,-14.5132,0.117437
215.5146,-3.9817,-12.8234,0.117731
215.3670,-4.0228,-11.1292,0.118023
215.2352,-4.0639,-9.4311,0.118314
215.1183,-4.1064,-7.7293,0.118608
215.0162,-4.1506,-6.0240,0.118902
214.9297,-4.1956,-4.3152,0.119197
214.8548,-4.2443,-2.4470,0.119517
214.8054,-4.2872,-0.7313,0.119812
214.7750,-4.3278,0.9875,0.120107
214.7632,-4.3664,2.7089,0.120402
214.7692,-4.4038,4.4329,0.120698
214.7924,-4.4408,6.1591,0.120996
214.8328,-4.4774,7.8873,0.121294
214.8914,-4.5127,9.6175,0.121591
214.9693,-4.5455,11.3494,0.121888
215.0767,-4.5778,13.2402,0.122213
215.1959,-4.6040,14.9746,0.122511
215.3347,-4.6270,16.7097,0.122809
215.4925,-4.6475,18.4456,0.123107
215.6683,-4.6664,20.1820,0.123407
215.8619,-4.6841,21.9188,0.123709
216.0744,-4.6994,23.6555,0.124010
216.3299,-4.7109,25.5496,0.124337
216.5874,-4.7146,27.2847,0.124638
216.8677,-4.7110,29.0182,0.124941
217.1703,-4.7002,30.7499,0.125240
217.4936,-4.6837,32.4797,0.125541
217.8361,-4.6626,34.2077,0.125845
218.1977,-4.6368,35.9340,0.126148
218.6140,-4.6021,37.8152,0.126480
219.0147,-4.5647,39.5376,0.126785
219.4315,-4.5241,41.2586,0.127090
219.8620,-4.4828,42.9785,0.127397
220.3054,-4.4412,44.6976,0.127702
220.7623,-4.3978,46.4158,0.128008
221.2334,-4.3505,48.1328,0.128316
221.7189,-4.2982,49.8474,0.128623
222.2625,-4.2363,51.7111,0.128958
222.7727,-4.1766,53.4168,0.129266
223.2936,-4.1166,55.1230,0.129575
223.8241,-4.0580,56.8288,0.129884
224.3644,-4.0002,58.5339,0.130195
224.9156,-3.9412,60.2382,0.130505
225.4785,-3.8792,61.9410,0.130816
226.0527,-3.8137,63.6425,0.131127
226.6906,-3.7399,65.4974,0.131467
227.2849,-3.6715,67.1970,0.131782
227.8878,-3.6032,68.8961,0.132094
228.4989,-3.5351,70.5949,0.132409
229.1182,-3.4668,72.2933,0.132724
229.7451,-3.3980,73.9916,0.133039
230.3789,-3.3290,75.6900,0.133354
231.0769,-3.2543,77.5433,0.133699
231.7222,-3.1866,79.2430,0.134016
232.3723,-3.1180,80.9435,0.134334
233.0270,-3.0473,82.6451,0.134652
233.6854,-2.9748,84.3480,0.134970
234.3466,-2.9018,86.0524,0.135289
235.0101,-2.8294,87.7586,0.135608
235.7358,-2.7505,89.6222,0.135958
236.4026,-2.6766,91.3329,0.136277
237.0706,-2.6000,93.0457,0.136599
237.7397,-2.5208,94.7607,0.136919
238.4096,-2.4397,96.4780,0.137241
239.0802,-2.3578,98.1976,0.137564
239.7514,-2.2757,99.9195,0.137887
240.4231,-2.1921,101.6438,0.138209
241.0953,-2.1060,103.3706,0.138533
241.8290,-2.0090,105.2570,0.138887
242.5021,-1.9180,106.9886,0.139212
243.1758,-1.8259,108.7225,0.139537
243.8502,-1.7334,110.4586,0.139862
244.5254,-1.6408,112.1970,0.140187
245.2014,-1.5470,113.9375,0.140515
245.8785,-1.4508,115.6801,0.140841
246.6183,-1.3421,117.5835,0.141198
247.2975,-1.2400,119.3303,0.141525
247.9778,-1.1363,121.0790,0.141853
248.6592,-1.0307,122.8296,0.142180
249.3416,-0.9223,124.5822,0.142510
250.0248,-0.8102,126.3367,0.142840
250.7089,-0.6948,128.0932,0.143170
251.4559,-0.5660,130.0115,0.143530
252.1412,-0.4467,131.7721,0.143861
252.8271,-0.3272,133.5348,0.144191
253.5135,-0.2083,135.2997,0.144522
254.2001,-0.0908,137.0671,0.144854
254.8870,0.0245,138.8368,0.145186
255.5739,0.1379,140.6088,0.145519
256.3232,0.2615,142.5450,0.145881
256.9473,0.3663,144.1607,0.146184
257.6959,0.4949,146.1021,0.146547
258.3818,0.6146,147.8842,0.146882
259.0679,0.7340,149.6686,0.147216
259.7540,0.8519,151.4552,0.147551
260.4405,0.9682,153.2441,0.147886
261.1273,1.0840,155.0354,0.148222
261.8145,1.2006,156.8289,0.148557
262.5647,1.3290,158.7879,0.148924
263.2530,1.4463,160.5859,0.149261
263.9418,1.5611,162.3859,0.149599
264.6313,1.6736,164.1880,0.149934
265.3214,1.7854,165.9925,0.150273
266.0124,1.8975,167.7991,0.150611
266.7041,2.0092,169.6078,0.150950
267.4595,2.1282,171.5833,0.151319
268.1529,2.2331,173.3964,0.151659
268.8472,2.3335,175.2114,0.151999
269.5428,2.4315,177.0287,0.152338
270.2395,2.5291,178.8482,0.152678
270.9375,2.6274,180.6696,0.153020
271.6366,2.7267,182.4929,0.153361
272.4004,2.8343,184.4842,0.153733
273.1016,2.9310,186.3116,0.154076
273.8037,3.0253,188.1410,0.154418
274.5069,3.1178,189.9726,0.154761
275.2110,3.2089,191.8064,0.155104
275.9159,3.2983,193.6422,0.155449
276.6217,3.3850,195.4802,0.155793
277.3280,3.4690,197.3204,0.156137
278.0992,3.5583,199.3305,0.156513
278.8066,3.6394,201.1755,0.156859
279.5145,3.7200,203.0229,0.157205
280.2228,3.7992,204.8725,0.157551
280.9315,3.8756,206.7243,0.157896
281.6407,3.9482,208.5783,0.158244
282.3502,4.0183,210.4347,0.158591
283.0603,4.0873,212.2934,0.158938
283.8354,4.1618,214.3239,0.159318
284.5463,4.2276,216.1875,0.159665
285.2577,4.2874,218.0532,0.160015
285.9696,4.3389,219.9207,0.160365
286.6821,4.3814,221.7903,0.160714
287.3951,4.4168,223.6622,0.161064
288.1088,4.4484,225.5372,0.161414
288.8879,4.4808,227.5856,0.161796
289.6022,4.5085,229.4651,0.162148
290.3151,4.5339,231.3422,0.162499
291.0230,4.5573,233.2069,0.162847
291.7233,4.5799,235.0525,0.163192
292.4158,4.6025,236.8784,0.163533
293.1005,4.6254,238.6847,0.163870
293.7773,4.6487,240.4712,0.164204
294.4463,4.6724,242.2381,0.164535
295.1674,4.6977,244.1439,0.164890
295.8207,4.7197,245.8711,0.165213
296.4664,4.7400,247.5793,0.165534
297.1046,4.7590,249.2683,0.165848
297.7350,4.7767,250.9381,0.166160
298.3578,4.7935,252.5885,0.166468
298.9731,4.8096,254.2196,0.166773
299.6355,4.8266,255.9772,0.167101
300.2346,4.8418,257.5684,0.167397
300.8260,4.8566,259.1405,0.167691
301.4095,4.8715,260.6936,0.167982
301.9851,4.8871,262.2275,0.168270
302.5531,4.9027,263.7433,0.168552
303.4174,4.9229,266.0535,0.168982
303.9681,4.9326,267.5278,0.169257
304.5112,4.9411,268.9836,0.169529
305.0464,4.9496,270.4201,0.169797
305.5737,4.9588,271.8380,0.170061
306.1402,4.9697,273.3643,0.170345
306.6515,4.9804,274.7444,0.170602
307.1555,4.9910,276.1070,0.170856
307.6529,5.0009,277.4533,0.171107
308.1435,5.0097,278.7825,0.171354
308.6270,5.0178,280.0938,0.171600
309.1034,5.0257,281.3863,0.171841
309.6150,5.0342,282.7755,0.172097
310.0768,5.0419,284.0298,0.172331
310.5324,5.0493,285.2660,0.172561
310.9825,5.0562,286.4846,0.172788
311.4278,5.0624,287.6860,0.173012
311.8690,5.0676,288.8700,0.173233
312.3067,5.0721,290.0362,0.173449
312.7805,5.0763,291.2877,0.173685
313.2119,5.0798,292.4154,0.173896
313.6411,5.0832,293.5243,0.174103
314.0685,5.0865,294.6148,0.174306
314.4954,5.0893,295.6874,0.174509
314.9226,5.0919,296.7430,0.174708
315.3508,5.0941,297.7811,0.174903
315.7804,5.0963,298.8020,0.175096
316.2510,5.0988,299.8955,0.175304
316.6845,5.1014,300.8794,0.175492
317.1196,5.1048,301.8447,0.175675
317.5553,5.1088,302.7911,0.175857
317.9925,5.1132,303.7193,0.176034
318.4318,5.1179,304.6295,0.176209
318.8748,5.1227,305.5222,0.176382
319.3221,5.1277,306.3981,0.176554
319.8148,5.1330,307.3347,0.176737
320.2706,5.1378,308.1758,0.176902
320.7327,5.1427,309.0009,0.177067
321.2029,5.1475,309.8113,0.177229
321.6821,5.1523,310.6078,0.177384
322.1710,5.1570,311.3908,0.177549
322.6692,5.1621,312.1595,0.177707
323.2214,5.1682,312.9805,0.177879
323.7339,5.1748,313.7154,0.178033
324.2508,5.1823,314.4328,0.178187
324.7714,5.1900,315.1333,0.178339
325.2953,5.1970,315.8178,0.178487
325.8228,5.2035,316.4864,0.178635
326.3549,5.2099,317.1388,0.178780
326.9432,5.2164,317.8343,0.178937
327.4905,5.2214,318.4576,0.179080
328.0461,5.2261,319.0669,0.179223
328.6093,5.2314,319.6610,0.179364
329.1783,5.2376,320.2386,0.179504
329.7509,5.2444,320.7993,0.179643
330.3262,5.2514,321.3434,0.179779
330.9038,5.2579,321.8713,0.179916
331.4846,5.2639,322.3834,0.180047
332.1242,5.2706,322.9241,0.180191
332.7175,5.2769,323.4039,0.180323
333.3177,5.2833,323.8692,0.180454
333.9248,5.2899,324.3197,0.180585
334.5385,5.2967,324.7555,0.180714
335.1583,5.3031,325.1773,0.180843
335.7845,5.3095,325.5851,0.180972
336.4760,5.3167,326.0148,0.181112
337.1186,5.3234,326.3961,0.181239
337.7697,5.3302,326.7661,0.181368
338.4290,5.3370,327.1247,0.181497
339.0949,5.3436,327.4711,0.181626
339.7653,5.3500,327.8041,0.181754
340.4394,5.3564,328.1230,0.181883
341.1789,5.3633,328.4544,0.182022
341.8605,5.3696,328.7428,0.182149
342.5452,5.3759,329.0163,0.182275
343.2328,5.3822,329.2746,0.182401
343.9230,5.3884,329.5176,0.182527
344.6156,5.3946,329.7449,0.182653
345.3101,5.4007,329.9565,0.182777
346.0063,5.4067,330.1520,0.182901
346.7672,5.4130,330.3472,0.183034
347.4658,5.4187,330.5090,0.183156
348.1649,5.4242,330.6548,0.183279
348.8641,5.4297,330.7841,0.183400
349.5631,5.4348,330.8973,0.183521
350.2616,5.4398,330.9941,0.183642
350.9592,5.4445,331.0746,0.183762
351.6554,5.4491,331.1389,0.183883
352.4131,5.4537,331.1906,0.184012
353.1054,5.4577,331.2210,0.184130
353.7954,5.4613,331.2354,0.184249
354.4827,5.4647,331.2338,0.184367
355.1668,5.4678,331.2164,0.184483
355.8476,5.4705,331.1832,0.184599
356.5246,5.4729,331.1345,0.184715
357.2584,5.4751,331.0635,0.184841
357.9264,5.4769,330.9824,0.184957
358.5896,5.4784,330.8858,0.185071
359.2480,5.4799,330.7736,0.185186
359.9033,5.4814,330.6459,0.185299
360.5582,5.4828,330.5030,0.185414
361.2143,5.4840,330.3452,0.185530
361.9319,5.4852,330.1566,0.185658
362.5914,5.4861,329.9682,0.185775
363.2515,5.4866,329.7655,0.185892
363.9112,5.4865,329.5479,0.186012
364.5694,5.4858,329.3156,0.186132
365.2263,5.4848,329.0685,0.186253
365.8813,5.4836,328.8061,0.186375
366.5346,5.4823,328.5285,0.186497
367.1858,5.4809,328.2357,0.186619
367.8935,5.4792,327.8990,0.186754
368.5391,5.4775,327.5746,0.186878
369.1815,5.4758,327.2350,0.187003
369.8201,5.4741,326.8802,0.187130
370.4544,5.4726,326.5101,0.187257
371.0841,5.4711,326.1250,0.187384
371.7088,5.4699,325.7247,0.187512
372.3839,5.4687,325.2710,0.187652
372.9960,5.4679,324.8396,0.187782
373.6012,5.4674,324.3935,0.187911
374.1999,5.4673,323.9326,0.188041
374.7917,5.4676,323.4569,0.188172
375.3765,5.4684,322.9667,0.188304
375.9540,5.4697,322.4620,0.188437
376.5748,5.4716,321.8952,0.188582
377.1348,5.4740,321.3609,0.188716
377.6856,5.4769,320.8128,0.188851
378.2275,5.4805,320.2509,0.188985
378.7597,5.4848,319.6755,0.189121
379.2824,5.4898,319.0865,0.189256
379.7956,5.4955,318.4839,0.189392
380.3444,5.5028,317.8114,0.189542
380.8370,5.5102,317.1811,0.189680
381.3192,5.5184,316.5378,0.189820
381.7907,5.5275,315.8819,0.189959
382.2511,5.5374,315.2136,0.190099
382.6995,5.5482,314.5334,0.190239
383.1363,5.5599,313.8413,0.190381
383.5606,5.5724,313.1378,0.190523
383.9727,5.5858,312.4227,0.190665
384.4078,5.6014,311.6302,0.190821
384.7932,5.6166,310.8924,0.190963
385.1656,5.6327,310.1440,0.191109
385.5244,5.6497,309.3853,0.191252
385.8707,5.6675,308.6163,0.191400
386.2051,5.6861,307.8370,0.191546
386.5274,5.7057,307.0473,0.191692
386.8657,5.7280,306.1740,0.191857
387.1636,5.7492,305.3624,0.192004
387.4504,5.7705,304.5404,0.192154
387.7268,5.7910,303.7086,0.192306
387.9926,5.8104,302.8676,0.192459
388.2477,5.8282,302.0183,0.192613
388.4910,5.8439,301.1621,0.192767
388.7434,5.8587,300.2201,0.192936
388.9615,5.8706,299.3494,0.193091
389.1672,5.8812,298.4713,0.193247
389.3603,5.8905,297.5867,0.193403
389.5413,5.8987,296.6949,0.193560
389.7106,5.9053,295.7965,0.193718
389.8676,5.9108,294.8912,0.193877
390.0251,5.9157,293.8957,0.194053
390.1568,5.9190,292.9761,0.194213
390.2762,5.9217,292.0490,0.194375
390.3840,5.9233,291.1153,0.194539
390.4799,5.9241,290.1743,0.194704
390.5647,5.9242,289.2260,0.194868
390.6392,5.9234,288.2705,0.195035
390.7042,5.9223,287.3072,0.195202
390.7613,5.9206,286.3363,0.195371
390.8172,5.9180,285.2682,0.195557
390.8658,5.9156,284.2809,0.195730
390.9150,5.9126,283.2864,0.195903
390.9692,5.9097,282.2852,0.196078
391.0318,5.9067,281.2783,0.196254
391.1053,5.9038,280.2661,0.196431
391.1918,5.9016,279.2490,0.196610
391.3016,5.8995,278.1346,0.196805
391.4173,5.8980,277.1089,0.196984
391.5478,5.8969,276.0805,0.197166
391.6923,5.8955,275.0547,0.197349
391.8500,5.8937,274.0307,0.197530
392.0215,5.8918,273.0050,0.197712
392.2078,5.8903,271.9781,0.197896
392.4089,5.8891,270.9495,0.198079
392.6451,5.8879,269.8254,0.198281
392.8772,5.8869,268.7933,0.198468
393.1248,5.8862,267.7604,0.198656
393.3869,5.8851,266.7270,0.198843
393.6635,5.8836,265.6929,0.199033
393.9549,5.8819,264.6581,0.199222
394.2613,5.8801,263.6225,0.199414
394.6129,5.8784,262.4924,0.199624
394.9501,5.8767,261.4562,0.199817
395.3007,5.8748,260.4193,0.200011
395.6621,5.8726,259.3806,0.200207
396.0334,5.8701,258.3391,0.200403
396.4160,5.8676,257.2954,0.200602
396.8117,5.8652,256.2502,0.200799
397.2185,5.8631,255.2030,0.201000
397.6728,5.8610,254.0579,0.201222
398.0974,5.8591,253.0050,0.201424
398.5297,5.8575,251.9492,0.201625
398.9704,5.8565,250.8909,0.201831
399.4217,5.8567,249.8315,0.202037
399.8851,5.8585,248.7719,0.202244
400.3618,5.8619,247.7128,0.202452
400.8967,5.8662,246.5579,0.202675
401.3994,5.8689,245.4991,0.202883
401.9131,5.8686,244.4407,0.203092
402.4368,5.8644,243.3833,0.203299
402.9706,5.8568,242.3266,0.203510
403.5164,5.8473,241.2696,0.203718
404.0761,5.8365,240.2133,0.203929
404.6498,5.8243,239.1588,0.204140
405.2907,5.8087,238.0114,0.204371
405.8914,5.7915,236.9628,0.204582
406.5050,5.7719,235.9169,0.204795
407.1322,5.7505,234.8739,0.205009
407.7737,5.7281,233.8342,0.205222
408.4302,5.7052,232.7985,0.205437
409.1019,5.6820,231.7677,0.205651
409.7882,5.6581,230.7417,0.205867
410.5532,5.6308,229.6281,0.206102
411.2689,5.6044,228.6128,0.206318
411.9987,5.5770,227.6031,0.206534
412.7429,5.5491,226.5997,0.206751
413.5021,5.5212,225.6026,0.206969
414.2768,5.4938,224.6125,0.207187
415.0666,5.4669,223.6298,0.207405
415.9455,5.4381,222.5666,0.207644
416.7666,5.4122,221.6005,0.207864
417.6024,5.3866,220.6428,0.208083
418.4520,5.3608,219.6936,0.208304
419.3145,5.3336,218.7517,0.208526
420.1885,5.3037,217.8165,0.208747
421.0730,5.2704,216.8888,0.208970
422.0503,5.2310,215.8863,0.209212
422.9587,5.1936,214.9760,0.209436
423.8802,5.1559,214.0743,0.209660
424.8150,5.1184,213.1810,0.209885
425.7631,5.0810,212.2964,0.210109
426.7248,5.0442,211.4205,0.210335
427.7000,5.0081,210.5533,0.210561
428.6888,4.9725,209.6947,0.210787
429.7833,4.9340,208.7689,0.211036
430.8004,4.8984,207.9304,0.211264
431.8304,4.8621,207.1011,0.211497
432.8734,4.8252,206.2809,0.211724
433.9291,4.7875,205.4695,0.211955
434.9974,4.7490,204.6664,0.212187
436.0781,4.7099,203.8717,0.212420
437.1705,4.6701,203.0846,0.212653
438.3753,4.6259,202.2336,0.212910
439.4907,4.5849,201.4597,0.213146
440.6158,4.5430,200.6903,0.213383
441.7491,4.5004,199.9231,0.213621
442.8884,4.4565,199.1549,0.213860
444.0314,4.4107,198.3829,0.214101
445.1760,4.3631,197.6044,0.214342
446.4245,4.3101,196.7449,0.214607
447.5672,4.2616,195.9451,0.214851
448.7067,4.2137,195.1324,0.215096
449.8412,4.1671,194.3058,0.215341
450.9697,4.1216,193.4647,0.215588
452.0919,4.0775,192.6087,0.215834
453.2080,4.0343,191.7383,0.216083
454.3179,3.9914,190.8540,0.216332
455.4214,3.9487,189.9558,0.216581
456.6175,3.9021,188.9598,0.216853
457.7065,3.8594,188.0320,0.217105
458.7881,3.8163,187.0905,0.217355
459.8618,3.7727,186.1357,0.217609
460.9271,3.7289,185.1678,0.217861
461.9839,3.6850,184.1869,0.218114
463.0322,3.6413,183.1932,0.218367
464.1650,3.5948,182.0942,0.218645
465.1921,3.5538,181.0731,0.218899
466.2065,3.5152,180.0392,0.219155
467.2073,3.4792,178.9936,0.219409
468.1943,3.4448,177.9373,0.219662
469.1684,3.4111,176.8710,0.219914
470.1301,3.3768,175.7955,0.220168
471.1647,3.3384,174.6120,0.220446
472.0991,3.3029,173.5171,0.220699
473.0187,3.2683,172.4120,0.220952
473.9226,3.2357,171.2962,0.221205
474.8100,3.2055,170.1699,0.221456
475.6800,3.1782,169.0335,0.221707
476.5323,3.1535,167.8877,0.221958
477.4414,3.1295,166.6275,0.222232
478.2564,3.1095,165.4639,0.222482
479.0544,3.0906,164.2930,0.222730
479.8366,3.0711,163.1158,0.222978
480.6033,3.0508,161.9326,0.223226
481.3546,3.0292,160.7439,0.223473
482.0897,3.0070,159.5493,0.223719
482.8081,2.9850,158.3487,0.223964
483.5103,2.9628,157.1422,0.224210
484.2560,2.9400,155.8188,0.224477
484.9220,2.9196,154.5996,0.224721
485.5716,2.8989,153.3748,0.224964
486.2041,2.8786,152.1440,0.225206
486.8201,2.8585,150.9075,0.225449
487.4199,2.8382,149.6660,0.225691
488.0042,2.8170,148.4195,0.225934
488.6245,2.7925,147.0542,0.226197
489.1779,2.7685,145.7974,0.226438
489.7167,2.7434,144.5352,0.226681
490.2404,2.7178,143.2669,0.226920
490.7496,2.6921,141.9914,0.227162
491.2446,2.6662,140.7083,0.227404
491.7260,2.6398,139.4177,0.227645
492.2364,2.6098,138.0013,0.227910
492.6883,2.5830,136.6948,0.228153
493.1249,2.5583,135.3793,0.228396
493.5472,2.5349,134.0558,0.228640
493.9570,2.5106,132.7251,0.228884
494.3563,2.4833,131.3873,0.229129
494.7456,2.4525,130.0421,0.229374
495.1573,2.4163,128.5663,0.229644
495.5215,2.3813,127.2061,0.229891
496.0286,2.3273,125.2150,0.230251
496.3616,2.2881,123.8373,0.230502
496.7101,2.2436,122.3260,0.230772
497.0155,2.2018,120.9331,0.231023
497.3068,2.1589,119.5334,0.231275
497.5838,2.1152,118.1269,0.231526
497.8459,2.0706,116.7139,0.231779
498.0928,2.0255,115.2946,0.232031
498.3239,1.9802,113.8691,0.232286
498.5572,1.9311,112.3073,0.232563
498.7537,1.8866,110.8697,0.232819
498.9340,1.8421,109.4264,0.233073
499.0987,1.7971,107.9782,0.233329
499.2480,1.7510,106.5292,0.233585
499.3827,1.7035,105.0793,0.233840
499.5041,1.6551,103.6233,0.234097
499.6102,1.6068,102.1613,0.234354
499.6993,1.5594,100.6944,0.234613
499.7769,1.5089,99.0890,0.234894
499.8296,1.4641,97.6135,0.235155
499.8651,1.4205,96.1343,0.235414
499.8840,1.3780,94.6512,0.235674
499.8871,1.3361,93.1643,0.235934
499.8752,1.2944,91.6740,0.236196
499.8487,1.2526,90.1801,0.236458
499.8031,1.2070,88.5466,0.236745
499.7468,1.1649,87.0458,0.237010
499.6778,1.1224,85.5416,0.237273
499.5971,1.0795,84.0340,0.237538
499.5056,1.0360,82.5227,0.237805
499.4041,0.9919,81.0079,0.238071
499.2938,0.9476,79.4895,0.238338
499.1646,0.8996,77.8287,0.238632
499.0400,0.8561,76.3021,0.238902
498.9119,0.8132,74.7713,0.239173
498.7822,0.7705,73.2362,0.239443
498.6525,0.7282,71.6967,0.239714
498.5232,0.6862,70.1527,0.239985
498.3951,0.6443,68.6043,0.240257
498.2571,0.5988,66.9099,0.240555
498.1324,0.5571,65.3520,0.240827
498.0094,0.5155,63.7896,0.241101
497.8879,0.4739,62.2227,0.241375
497.7677,0.4326,60.6512,0.241648
497.6489,0.3915,59.0754,0.241924
497.5319,0.3509,57.4950,0.242200
497.4176,0.3110,55.9101,0.242477
497.3068,0.2715,54.3206,0.242755
497.1907,0.2270,52.5815,0.243059
497.0891,0.1835,50.9830,0.243339
496.9934,0.1374,49.3804,0.243619
496.9052,0.0905,47.7730,0.243900
496.8266,0.0446,46.1608,0.244183
496.7588,-0.0002,44.5440,0.244466
496.7017,-0.0450,42.9230,0.244748
496.6521,-0.0954,41.1504,0.245060
496.6183,-0.1434,39.5215,0.245345
496.5965,-0.1930,37.8887,0.245631
496.5874,-0.2433,36.2521,0.245917
496.5920,-0.2929,34.6118,0.246205
496.6110,-0.3405,32.9678,0.246493
496.6452,-0.3854,31.3203,0.246782
496.7000,-0.4315,29.5194,0.247097
496.7661,-0.4719,27.8655,0.247387
496.8466,-0.5116,26.2090,0.247678
496.9417,-0.5511,24.5500,0.247969
497.0520,-0.5898,22.8889,0.248261
497.1794,-0.6261,21.2258,0.248552
497.3257,-0.6586,19.5613,0.248847
497.4923,-0.6861,17.8961,0.249138
497.6971,-0.7109,16.0788,0.249460
497.9037,-0.7311,14.4123,0.249754
498.1255,-0.7526,12.7454,0.250048
498.3611,-0.7774,11.0782,0.250343
498.6111,-0.8052,9.4108,0.250638
498.8777,-0.8340,7.7435,0.250933
499.1635,-0.8615,6.0768,0.251230
499.4696,-0.8864,4.4117,0.251526
499.8267,-0.9106,2.5973,0.251850
500.1737,-0.9314,0.9360,0.252148
500.5381,-0.9524,-0.7235,0.252445
500.9190,-0.9746,-2.3813,0.252744
501.3169,-0.9973,-4.0373,0.253041
501.7336,-1.0191,-5.6909,0.253340
502.1705,-1.0384,-7.3413,0.253638
502.6709,-1.0556,-9.1373,0.253966
503.1508,-1.0682,-10.7796,0.254265
503.6500,-1.0788,-12.4180,0.254565
504.1674,-1.0883,-14.0530,0.254865
504.7025,-1.0972,-15.6846,0.255167
505.2554,-1.1051,-17.3128,0.255468
505.8264,-1.1119,-18.9370,0.255769
506.4695,-1.1180,-20.7047,0.256099
507.0760,-1.1234,-22.3214,0.256402
507.6977,-1.1293,-23.9349,0.256704
508.3342,-1.1357,-25.5455,0.257009
508.9858,-1.1416,-27.1532,0.257311
509.6523,-1.1469,-28.7578,0.257616
510.3332,-1.1521,-30.3594,0.257921
511.0274,-1.1580,-31.9582,0.258226
511.7341,-1.1656,-33.5546,0.258532
512.5185,-1.1765,-35.2937,0.258866
513.2501,-1.1885,-36.8853,0.259173
513.9940,-1.2020,-38.4745,0.259480
514.7504,-1.2160,-40.0612,0.259788
515.5186,-1.2302,-41.6454,0.260096
516.2980,-1.2447,-43.2278,0.260404
517.0878,-1.2598,-44.8084,0.260713
517.9604,-1.2769,-46.5311,0.261051
518.7697,-1.2926,-48.1094,0.261361
519.5872,-1.3076,-49.6872,0.261670
520.4118,-1.3212,-51.2650,0.261982
521.2419,-1.3334,-52.8414,0.262293
522.0751,-1.3439,-54.4145,0.262604
522.9124,-1.3527,-55.9888,0.262915
523.8303,-1.3600,-57.7089,0.263255
524.6749,-1.3657,-59.2876,0.263568
525.5220,-1.3721,-60.8684,0.263881
526.3713,-1.3799,-62.4513,0.264194
527.2228,-1.3898,-64.0365,0.264508
528.0762,-1.4016,-65.6241,0.264823
528.9313,-1.4141,-67.2144,0.265138
529.7870,-1.4262,-68.8079,0.265454
530.6416,-1.4372,-70.4055,0.265770
531.5699,-1.4483,-72.1540,0.266114
532.4150,-1.4575,-73.7632,0.266431
533.2525,-1.4663,-75.3793,0.266750
534.0808,-1.4750,-77.0029,0.267069
534.8983,-1.4841,-78.6343,0.267387
535.7032,-1.4934,-80.2736,0.267705
536.5644,-1.5029,-82.0711,0.268053
537.3369,-1.5107,-83.7269,0.268372
538.0926,-1.5180,-85.3899,0.268690
538.8317,-1.5255,-87.0596,0.269008
539.5540,-1.5337,-88.7356,0.269327
540.2582,-1.5416,-90.4182,0.269645
540.9431,-1.5482,-92.1077,0.269963
541.6092,-1.5536,-93.8037,0.270280
542.3159,-1.5600,-95.6604,0.270627
542.9463,-1.5676,-97.3676,0.270944
543.5602,-1.5773,-99.0795,0.271262
544.1567,-1.5883,-100.7961,0.271578
544.7348,-1.5995,-102.5172,0.271896
545.2939,-1.6103,-104.2427,0.272212
545.8337,-1.6207,-105.9721,0.272527
546.4010,-1.6316,-107.8628,0.272871
546.9016,-1.6414,-109.5993,0.273186
547.3829,-1.6506,-111.3387,0.273501
547.8439,-1.6580,-113.0808,0.273815
548.2836,-1.6623,-114.8256,0.274129
548.7013,-1.6629,-116.5727,0.274443
549.0980,-1.6604,-118.3220,0.274755
549.4756,-1.6568,-120.0729,0.275068
549.8365,-1.6547,-121.8249,0.275379
550.2130,-1.6562,-123.7370,0.275719
550.5424,-1.6611,-125.4902,0.276030
550.8553,-1.6682,-127.2437,0.276341
551.1498,-1.6758,-128.9973,0.276651
551.4252,-1.6830,-130.7512,0.276961
551.6818,-1.6900,-132.5052,0.277269
551.9211,-1.6982,-134.2593,0.277578
552.1636,-1.7097,-136.1730,0.277914
552.3691,-1.7228,-137.9281,0.278223
552.5575,-1.7373,-139.6848,0.278531
552.7277,-1.7519,-141.4435,0.278839
552.8789,-1.7658,-143.2045,0.279146
553.0117,-1.7792,-144.9677,0.279454
553.1265,-1.7926,-146.7334,0.279762
553.2321,-1.8078,-148.6623,0.280099
553.3112,-1.8227,-150.4329,0.280408
553.3737,-1.8387,-152.2058,0.280718
553.4194,-1.8556,-153.9808,0.281027
553.4493,-1.8744,-155.7579,0.281337
553.4637,-1.8953,-157.5367,0.281647
553.4625,-1.9183,-159.3172,0.281958
553.4423,-1.9447,-161.2615,0.282296
553.4056,-1.9695,-163.0453,0.282608
553.3515,-1.9946,-164.8303,0.282919
553.2805,-2.0205,-166.6164,0.283231
553.1927,-2.0476,-168.4032,0.283543
553.0881,-2.0758,-170.1907,0.283855
552.9655,-2.1042,-171.9787,0.284168
552.8240,-2.1320,-173.7667,0.284480
552.6480,-2.1611,-175.7171,0.284821
552.4672,-2.1873,-177.5048,0.285136
552.2687,-2.2140,-179.2919,0.285449
552.0531,-2.2418,-181.0785,0.285762
551.8199,-2.2704,-182.8644,0.286077
551.5679,-2.2986,-184.6491,0.286391
551.2963,-2.3255,-186.4324,0.286706
551.0046,-2.3507,-188.2138,0.287020
550.6642,-2.3767,-190.1549,0.287364
550.3334,-2.4005,-191.9325,0.287679
549.9860,-2.4260,-193.7083,0.287994
549.6234,-2.4543,-195.4826,0.288310
549.2445,-2.4847,-197.2550,0.288625
548.8474,-2.5151,-199.0249,0.288942
548.4299,-2.5437,-200.7916,0.289258
547.9500,-2.5710,-202.7144,0.289603
547.4874,-2.5919,-204.4725,0.289919
547.0033,-2.6091,-206.2259,0.290237
546.4994,-2.6243,-207.9752,0.290553
545.9775,-2.6394,-209.7207,0.290871
545.4390,-2.6553,-211.4628,0.291189
544.8835,-2.6717,-213.2016,0.291506
544.3104,-2.6878,-214.9366,0.291823
543.6646,-2.7045,-216.8247,0.292171
543.0543,-2.7194,-218.5511,0.292490
542.4280,-2.7355,-220.2737,0.292809
541.7872,-2.7543,-221.9928,0.293126
541.1327,-2.7766,-223.7086,0.293446
540.4651,-2.8030,-225.4217,0.293768
539.7841,-2.8333,-227.1313,0.294089
539.0876,-2.8657,-228.8366,0.294408
538.3079,-2.9010,-230.6910,0.294757
537.2340,-2.9456,-233.1523,0.295224
536.4023,-2.9762,-234.9886,0.295573
535.6198,-3.0018,-236.6645,0.295895
534.8198,-3.0267,-238.3337,0.296218
534.0037,-3.0528,-239.9967,0.296540
533.1722,-3.0807,-241.6535,0.296862
532.3251,-3.1103,-243.3043,0.297183
531.4623,-3.1415,-244.9489,0.297508
530.5837,-3.1742,-246.5866,0.297830
529.6888,-3.2077,-248.2172,0.298153
528.6939,-3.2450,-249.9875,0.298504
527.7648,-3.2800,-251.6023,0.298830
526.8195,-3.3156,-253.2093,0.299154
525.8577,-3.3516,-254.8081,0.299477
524.8793,-3.3877,-256.3984,0.299800
523.8837,-3.4230,-257.9793,0.300125
522.8699,-3.4565,-259.5502,0.300449
521.7435,-3.4907,-261.2524,0.300804
520.6931,-3.5206,-262.8022,0.301130
519.6252,-3.5490,-264.3414,0.301454
518.5401,-3.5757,-265.8701,0.301780
517.4387,-3.6017,-267.3891,0.302108
516.3228,-3.6283,-268.8994,0.302431
515.1931,-3.6561,-270.4019,0.302761
513.9455,-3.6878,-272.0327,0.303119
512.7880,-3.7178,-273.5199,0.303447
511.6177,-3.7485,-275.0001,0.303776
510.4351,-3.7788,-276.4736,0.304105
509.2412,-3.8084,-277.9416,0.304435
508.0388,-3.8378,-279.4063,0.304765
506.8310,-3.8678,-280.8703,0.305097
505.6219,-3.8982,-282.3368,0.305429
504.3063,-3.9309,-283.9435,0.305792
503.1072,-3.9599,-285.4252,0.306125
501.9181,-3.9881,-286.9166,0.306458
500.7420,-4.0148,-288.4185,0.306791
499.5813,-4.0396,-289.9315,0.307124
498.4367,-4.0632,-291.4551,0.307457
497.3074,-4.0876,-292.9880,0.307790
496.1929,-4.1144,-294.5297,0.308122
494.9955,-4.1452,-296.2218,0.308484
493.9174,-4.1722,-297.7841,0.308816
492.8594,-4.1960,-299.3578,0.309147
491.8209,-4.2173,-300.9424,0.309478
490.8003,-4.2380,-302.5368,0.309808
489.7964,-4.2597,-304.1400,0.310138
488.8093,-4.2827,-305.7520,0.310468
487.7529,-4.3075,-307.5211,0.310827
486.8043,-4.3289,-309.1528,0.311156
485.8740,-4.3495,-310.7933,0.311485
484.9604,-4.3711,-312.4413,0.311814
484.0627,-4.3950,-314.0959,0.312142
483.1814,-4.4208,-315.7571,0.312469
482.3180,-4.4467,-317.4250,0.312797
481.3976,-4.4740,-319.2516,0.313153
480.6474,-4.4962,-320.7786,0.313449
479.7667,-4.5226,-322.6163,0.313803
478.9775,-4.5475,-324.3051,0.314127
478.2054,-4.5732,-325.9973,0.314452
477.4510,-4.5992,-327.6934,0.314774
476.7159,-4.6242,-329.3934,0.315096
476.0008,-4.6471,-331.0976,0.315417
475.3059,-4.6679,-332.8060,0.315738
474.5706,-4.6891,-334.6739,0.316085
473.9167,-4.7080,-336.3895,0.316406
473.2817,-4.7273,-338.1078,0.316723
472.6637,-4.7484,-339.8283,0.317041
472.0614,-4.7729,-341.5503,0.317358
471.4747,-4.8014,-343.2736,0.317675
470.9044,-4.8329,-344.9982,0.317989
470.3026,-4.8693,-346.8812,0.318332
469.7706,-4.9036,-348.6087,0.318645
469.2560,-4.9398,-350.3373,0.318960
468.7574,-4.9789,-352.0667,0.319271
468.2741,-5.0223,-353.7963,0.319581
467.8066,-5.0692,-355.5263,0.319891
467.3568,-5.1180,-357.2566,0.320202
466.8883,-5.1713,-359.1449,0.320538
466.4796,-5.2195,-360.8763,0.320847
466.0903,-5.2674,-362.6081,0.321154
465.7192,-5.3158,-364.3404,0.321460
465.3651,-5.3657,-366.0744,0.321765
465.0267,-5.4179,-367.8111,0.322072
464.7037,-5.4727,-369.5504,0.322378
464.3691,-5.5354,-371.4491,0.322711
464.0792,-5.5953,-373.1890,0.323018
463.8055,-5.6572,-374.9279,0.323320
463.5488,-5.7205,-376.6659,0.323623
463.3104,-5.7839,-378.4029,0.323926
463.0913,-5.8464,-380.1386,0.324224
462.8922,-5.9071,-381.8731,0.324528
462.7128,-5.9662,-383.6062,0.324827
462.5523,-6.0248,-385.3379,0.325126
462.3966,-6.0902,-387.2257,0.325451
462.2706,-6.1527,-388.9547,0.325754
462.1610,-6.2177,-390.6816,0.326052
462.0690,-6.2842,-392.4058,0.326347
461.9956,-6.3509,-394.1272,0.326644
461.9413,-6.4176,-395.8454,0.326939
461.9052,-6.4849,-397.5604,0.327235
461.8857,-6.5599,-399.4275,0.327555
461.8863,-6.6302,-401.1359,0.327848
461.9052,-6.7012,-402.8420,0.328142
461.9440,-6.7716,-404.5463,0.328435
462.0029,-6.8411,-406.2492,0.328726
462.0818,-6.9095,-407.9509,0.329020
462.1798,-6.9775,-409.6514,0.329308
462.3077,-7.0520,-411.5054,0.329628
462.4435,-7.1210,-413.2040,0.329922
462.5973,-7.1905,-414.9015,0.330213
462.7693,-7.2599,-416.5976,0.330504
462.9600,-7.3287,-418.2924,0.330800
463.1696,-7.3966,-419.9847,0.331093
463.3972,-7.4639,-421.6732,0.331382
463.6415,-7.5316,-423.3565,0.331674
463.9015,-7.6010,-425.0342,0.331967
464.2024,-7.6790,-426.8579,0.332284
464.4949,-7.7521,-428.5232,0.332576
464.8045,-7.8257,-430.1820,0.332864
465.1320,-7.8991,-431.8339,0.333153
465.4779,-7.9717,-433.4783,0.333444
465.8427,-8.0433,-435.1149,0.333735
466.2268,-8.1133,-436.7433,0.334027
466.6680,-8.1877,-438.5098,0.334339
467.0923,-8.2546,-440.1200,0.334624
467.5343,-8.3207,-441.7216,0.334912
467.9900,-8.3870,-443.3110,0.335200
468.4536,-8.4535,-444.8821,0.335481
468.9230,-8.5200,-446.4336,0.335763
469.3976,-8.5865,-447.9651,0.336042
469.9216,-8.6584,-449.6126,0.336342
470.4088,-8.7226,-451.1009,0.336613
470.9039,-8.7849,-452.5683,0.336883
471.4054,-8.8459,-454.0154,0.337146
471.9117,-8.9065,-455.4430,0.337407
472.4216,-8.9672,-456.8510,0.337667
472.9344,-9.0278,-458.2396,0.337924
473.4498,-9.0881,-459.6085,0.338177
474.0144,-9.1526,-461.0786,0.338452
474.5334,-9.2093,-462.4045,0.338699
475.0528,-9.2635,-463.7102,0.338944
475.5704,-9.3157,-464.9972,0.339184
476.0832,-9.3666,-466.2668,0.339423
476.5880,-9.4167,-467.5197,0.339658
477.0828,-9.4661,-468.7568,0.339890
477.5662,-9.5149,-469.9789,0.340120
478.0793,-9.5674,-471.2956,0.340367
478.5359,-9.6150,-472.4881,0.340589
478.9783,-9.6618,-473.6679,0.340811
479.4063,-9.7079,-474.8362,0.341028
479.8195,-9.7536,-475.9938,0.341243
480.2181,-9.7984,-477.1400,0.341457
480.6020,-9.8418,-478.2742,0.341668
481.0041,-9.8876,-479.4982,0.341892
481.3574,-9.9282,-480.6074,0.342096
481.6969,-9.9678,-481.7040,0.342298
482.0234,-10.0068,-482.7878,0.342496
482.3376,-10.0455,-483.8587,0.342693
482.6397,-10.0839,-484.9160,0.342885
482.9303,-10.1221,-485.9598,0.343075
483.2344,-10.1635,-487.0833,0.343280
483.5018,-10.2011,-488.0990,0.343464
483.7589,-10.2386,-489.1007,0.343645
484.0063,-10.2755,-490.0881,0.343826
484.2440,-10.3118,-491.0608,0.344002
484.4723,-10.3475,-492.0191,0.344177
484.6910,-10.3825,-492.9672,0.344347
484.9002,-10.4172,-493.9109,0.344518
485.0997,-10.4514,-494.8542,0.344687
485.3055,-10.4879,-495.8836,0.344872
485.4828,-10.5199,-496.8272,0.345043
485.6489,-10.5504,-497.7708,0.345211
485.8039,-10.5799,-498.7134,0.345378
485.9465,-10.6090,-499.6547,0.345545
486.0755,-10.6377,-500.5954,0.345712
486.1901,-10.6658,-501.5352,0.345881
486.2988,-10.6964,-502.5592,0.346063
486.3827,-10.7243,-503.4963,0.346228
486.4513,-10.7521,-504.4316,0.346394
486.5048,-10.7802,-505.3647,0.346562
486.5428,-10.8084,-506.2950,0.346728
486.5664,-10.8389,-507.3058,0.346910
486.5720,-10.8642,-508.1442,0.347058
486.5618,-10.8943,-509.1441,0.347236
486.5366,-10.9214,-510.0539,0.347399
486.4969,-10.9484,-510.9565,0.347562
486.4426,-10.9749,-511.8510,0.347723
486.3740,-11.0006,-512.7366,0.347883
486.2917,-11.0257,-513.6124,0.348039
486.1961,-11.0503,-514.4780,0.348196
486.0775,-11.0768,-515.4105,0.348365
485.9556,-11.1006,-516.2541,0.348517
485.8211,-11.1237,-517.0867,0.348666
485.6737,-11.1460,-517.9085,0.348818
485.5132,-11.1672,-518.7195,0.348966
485.3391,-11.1875,-519.5198,0.349109
485.1510,-11.2067,-520.3102,0.349255
484.9488,-11.2249,-521.0913,0.349400
484.7321,-11.2423,-521.8633,0.349541
484.4796,-11.2605,-522.6949,0.349696
484.2336,-11.2765,-523.4474,0.349838
483.9737,-11.2920,-524.1904,0.349977
483.7000,-11.3070,-524.9238,0.350114
483.4127,-11.3216,-525.6476,0.350252
483.1118,-11.3360,-526.3616,0.350388
482.7974,-11.3501,-527.0656,0.350524
482.4391,-11.3652,-527.8221,0.350671
482.0971,-11.3789,-528.5046,0.350804
481.7421,-11.3924,-529.1767,0.350935
481.3743,-11.4057,-529.8381,0.351066
480.9941,-11.4189,-530.4888,0.351195
480.6019,-11.4319,-531.1288,0.351325
480.1970,-11.4446,-531.7599,0.351453
479.7399,-11.4586,-532.4435,0.351595
479.3063,-11.4716,-533.0684,0.351725
478.8591,-11.4848,-533.6919,0.351856
478.3991,-11.4987,-534.3137,0.351987
477.9273,-11.5142,-534.9321,0.352119
477.4407,-11.5288,-535.5464,0.352250
476.9395,-11.5425,-536.1561,0.352383
476.4235,-11.5560,-536.7618,0.352517
475.8925,-11.5686,-537.3625,0.352657
475.2968,-11.5820,-538.0114,0.352798
474.7358,-11.5941,-538.6000,0.352933
474.1601,-11.6058,-539.1821,0.353066
473.5696,-11.6166,-539.7566,0.353202
472.9638,-11.6262,-540.3229,0.353338
472.3431,-11.6345,-540.8800,0.353476
471.7080,-11.6417,-541.4277,0.353611
470.9989,-11.6482,-542.0137,0.353761
470.3348,-11.6532,-542.5391,0.353898
469.6602,-11.6574,-543.0499,0.354034
468.9775,-11.6609,-543.5444,0.354173
468.2866,-11.6636,-544.0224,0.354310
467.5844,-11.6649,-544.4863,0.354443
466.8701,-11.6645,-544.9365,0.354579
466.0768,-11.6623,-545.4128,0.354729
465.3369,-11.6586,-545.8361,0.354868
464.5862,-11.6535,-546.2451,0.355009
463.8287,-11.6473,-546.6369,0.355148
463.0664,-11.6401,-547.0109,0.355286
462.3000,-11.6321,-547.3671,0.355423
461.5299,-11.6233,-547.7054,0.355560
460.7564,-11.6140,-548.0264,0.355694
459.9799,-11.6045,-548.3303,0.355829
459.1296,-11.5941,-548.6427,0.355971
458.3443,-11.5843,-548.9133,0.356108
457.5498,-11.5744,-549.1717,0.356242
456.7452,-11.5643,-549.4189,0.356376
455.9308,-11.5541,-549.6547,0.356513
455.1073,-11.5437,-549.8778,0.356650
454.2757,-11.5326,-550.0873,0.356783
453.3608,-11.5199,-550.2990,0.356934
452.5147,-11.5076,-550.4775,0.357070
451.6617,-11.4942,-550.6404,0.357206
450.8021,-11.4797,-550.7880,0.357346
449.9367,-11.4642,-550.9199,0.357484
449.0660,-11.4479,-551.0362,0.357622
448.1899,-11.4309,-551.1370,0.357769
447.2295,-11.4116,-551.2287,0.357920
446.3452,-11.3929,-551.2958,0.358065
445.4576,-11.3735,-551.3466,0.358206
444.5672,-11.3524,-551.3800,0.358352
443.6740,-11.3290,-551.3959,0.358493
442.7775,-11.3034,-551.3945,0.358641
441.8778,-11.2755,-551.3757,0.358786
440.8916,-11.2459,-551.3401,0.358947
439.9835,-11.2231,-551.2977,0.359097
439.0750,-11.2051,-551.2469,0.359242
437.7557,-11.1824,-551.1526,0.359461
436.7663,-11.1599,-551.0594,0.359625
435.8578,-11.1335,-550.9556,0.359778
434.9461,-11.1060,-550.8393,0.359929
434.0323,-11.0806,-550.7136,0.360081
433.1197,-11.0570,-550.5789,0.360236
432.2086,-11.0330,-550.4346,0.360393
431.2979,-11.0097,-550.2822,0.360552
430.3040,-10.9860,-550.1062,0.360722
429.3920,-10.9622,-549.9334,0.360885
428.4799,-10.9337,-549.7477,0.361044
427.5682,-10.9013,-549.5497,0.361204
426.6567,-10.8684,-549.3419,0.361367
425.6630,-10.8356,-549.1057,0.361538
424.8353,-10.8110,-548.9017,0.361685
423.8436,-10.7827,-548.6468,0.361859
422.9364,-10.7556,-548.4020,0.362017
422.0307,-10.7270,-548.1464,0.362182
421.1262,-10.6963,-547.8796,0.362340
420.2226,-10.6632,-547.6015,0.362505
419.3195,-10.6293,-547.3129,0.362664
418.4165,-10.5962,-547.0150,0.362823
417.4311,-10.5622,-546.6805,0.363002
416.6096,-10.5361,-546.3953,0.363147
415.6232,-10.5080,-546.0465,0.363322
414.7183,-10.4846,-545.7216,0.363486
413.8123,-10.4615,-545.3918,0.363652
412.9038,-10.4359,-545.0568,0.363813
411.9910,-10.4070,-544.7158,0.363979
411.0730,-10.3730,-544.3680,0.364148
410.1508,-10.3338,-544.0126,0.364312
409.1390,-10.2866,-543.6198,0.364498
408.2054,-10.2458,-543.2574,0.364673
407.2645,-10.2062,-542.8948,0.364844
406.3210,-10.1700,-542.5314,0.365017
405.3767,-10.1365,-542.1672,0.365193
404.4299,-10.1023,-541.8033,0.365368
403.4798,-10.0705,-541.4409,0.365545
402.4339,-10.0314,-541.0430,0.365738
401.4699,-9.9951,-540.6774,0.365918
400.5013,-9.9599,-540.3107,0.366098
399.5273,-9.9256,-539.9417,0.366278
398.5459,-9.8903,-539.5696,0.366460
397.5567,-9.8519,-539.1951,0.366645
396.5606,-9.8127,-538.8187,0.366832
395.5574,-9.7719,-538.4405,0.367018
394.5490,-9.7310,-538.0608,0.367204
393.4435,-9.6866,-537.6450,0.367411
392.4233,-9.6487,-537.2627,0.367599
391.3942,-9.6110,-536.8793,0.367791
390.3586,-9.5741,-536.4962,0.367984
389.3170,-9.5381,-536.1140,0.368176
388.2682,-9.5017,-535.7327,0.368371
387.2113,-9.4639,-535.3523,0.368568
386.0501,-9.4211,-534.9390,0.368781
384.9787,-9.3811,-534.5615,0.368979
383.9008,-9.3395,-534.1858,0.369181
382.8164,-9.2957,-533.8118,0.369381
381.7248,-9.2482,-533.4388,0.369583
380.6261,-9.1970,-533.0668,0.369785
379.5214,-9.1428,-532.6948,0.369988
378.3099,-9.0816,-532.2896,0.370211
377.1944,-9.0252,-531.9189,0.370417
376.0788,-8.9687,-531.5510,0.370622
374.9612,-8.9114,-531.1861,0.370828
373.8348,-8.8523,-530.8230,0.371034
372.7008,-8.7907,-530.4636,0.371242
371.5604,-8.7275,-530.1085,0.371450
370.3091,-8.6560,-529.7261,0.371679
369.1558,-8.5889,-529.3788,0.371889
367.9962,-8.5195,-529.0345,0.372101
366.8307,-8.4480,-528.6930,0.372313
365.6594,-8.3746,-528.3538,0.372526
364.4826,-8.2994,-528.0165,0.372740
363.3004,-8.2228,-527.6805,0.372955
362.1129,-8.1453,-527.3452,0.373171
360.9202,-8.0669,-527.0106,0.373387
359.6132,-7.9803,-526.6462,0.373624
358.4097,-7.8994,-526.3128,0.373842
357.2011,-7.8163,-525.9799,0.374060
355.9873,-7.7311,-525.6475,0.374280
354.7685,-7.6437,-525.3157,0.374503
353.5447,-7.5548,-524.9843,0.374724
352.3159,-7.4651,-524.6541,0.374946
350.9691,-7.3668,-524.2963,0.375191
349.7288,-7.2764,-523.9711,0.375414
348.4828,-7.1856,-523.6490,0.375640
347.2311,-7.0939,-523.3308,0.375865
345.9736,-7.0011,-523.0164,0.376092
344.7103,-6.9077,-522.7053,0.376319
343.4416,-6.8141,-522.3972,0.376547
342.0514,-6.7124,-522.0645,0.376798
340.7713,-6.6196,-521.7621,0.377028
339.4857,-6.5271,-521.4622,0.377258
338.1945,-6.4343,-521.1650,0.377489
336.8980,-6.3414,-520.8705,0.377722
335.5961,-6.2487,-520.5784,0.377955
334.2889,-6.1570,-520.2886,0.378191
332.8570,-6.0587,-519.9747,0.378446
331.6591,-5.9787,-519.7146,0.378660
330.2157,-5.8851,-519.4042,0.378919
328.8872,-5.8018,-519.1215,0.379155
327.5534,-5.7208,-518.8409,0.379393
326.2141,-5.6418,-518.5638,0.379632
324.8692,-5.5639,-518.2910,0.379872
323.5186,-5.4862,-518.0233,0.380113
322.1622,-5.4076,-517.7618,0.380354
320.6759,-5.3205,-517.4842,0.380617
319.3077,-5.2396,-517.2359,0.380862
317.9341,-5.1581,-516.9933,0.381103
316.5554,-5.0771,-516.7560,0.381349
315.1714,-4.9966,-516.5239,0.381592
313.7820,-4.9166,-516.2977,0.381840
312.3875,-4.8363,-516.0778,0.382086
310.8601,-4.7479,-515.8452,0.382355
309.4546,-4.6658,-515.6385,0.382604
308.0441,-4.5831,-515.4374,0.382853
306.6288,-4.5003,-515.2410,0.383100
305.2088,-4.4177,-515.0490,0.383349
303.7841,-4.3354,-514.8608,0.383602
302.3546,-4.2526,-514.6763,0.383854
300.7899,-4.1614,-514.4789,0.384129
299.3509,-4.0772,-514.3008,0.384382
297.9074,-3.9931,-514.1249,0.384636
296.4598,-3.9100,-513.9509,0.384891
295.0079,-3.8281,-513.7784,0.385146
293.5517,-3.7473,-513.6072,0.385402
292.0911,-3.6669,-513.4373,0.385660
290.6263,-3.5869,-513.2686,0.385917
289.1573,-3.5071,-513.1010,0.386175
287.5528,-3.4207,-512.9196,0.386457
286.0834,-3.3429,-512.7551,0.386716
284.6099,-3.2666,-512.5914,0.386976
283.1307,-3.1923,-512.4285,0.387236
281.6473,-3.1204,-512.2665,0.387496
280.1601,-3.0510,-512.1056,0.387758
278.6689,-2.9831,-511.9457,0.388020
277.0377,-2.9094,-511.7725,0.388307
275.5381,-2.8417,-511.6148,0.388570
274.0346,-2.7739,-511.4583,0.388834
272.5274,-2.7067,-511.3029,0.389099
271.0164,-2.6404,-511.1484,0.389364
269.5014,-2.5755,-510.9949,0.389630
267.9825,-2.5122,-510.8425,0.389896
266.3211,-2.4448,-510.6779,0.390188
264.7939,-2.3841,-510.5290,0.390455
263.2627,-2.3241,-510.3824,0.390724
261.7274,-2.2654,-510.2383,0.390994
260.1882,-2.2084,-510.0971,0.391264
258.6449,-2.1538,-509.9587,0.391534
257.0976,-2.1016,-509.8235,0.391805
255.4049,-2.0469,-509.6803,0.392102
253.9904,-2.0029,-509.5651,0.392349
252.2885,-1.9518,-509.4327,0.392646
250.7242,-1.9065,-509.3175,0.392921
249.1557,-1.8622,-509.2088,0.393194
247.5830,-1.8182,-509.1074,0.393470
246.0062,-1.7737,-509.0132,0.393746
244.4252,-1.7280,-508.9262,0.394022
242.8403,-1.6809,-508.8466,0.394298
241.1067,-1.6281,-508.7675,0.394601
239.5135,-1.5800,-508.7017,0.394880
237.9166,-1.5335,-508.6423,0.395158
236.3160,-1.4893,-508.5889,0.395437
234.7114,-1.4473,-508.5420,0.395719
233.1030,-1.4071,-508.5019,0.395999
231.4906,-1.3678,-508.4687,0.396278
229.7274,-1.3254,-508.4403,0.396587
228.1071,-1.2869,-508.4216,0.396870
226.4831,-1.2488,-508.4096,0.397153
224.8555,-1.2114,-508.4044,0.397437
223.2242,-1.1748,-508.4058,0.397721
221.5892,-1.1388,-508.4136,0.398007
219.9507,-1.1038,-508.4276,0.398292
218.1591,-1.0671,-508.4500,0.398606
216.5131,-1.0355,-508.4768,0.398892
214.8636,-1.0058,-508.5098,0.399181
213.2107,-0.9775,-508.5495,0.399469
211.5542,-0.9495,-508.5961,0.399758
209.8943,-0.9211,-508.6497,0.400048
208.2309,-0.8920,-508.7095,0.400339
206.5640,-0.8631,-508.7748,0.400629
204.8937,-0.8357,-508.8446,0.400921
203.0678,-0.8090,-508.9250,0.401239
201.3905,-0.7876,-509.0027,0.401532
199.7097,-0.7684,-509.0846,0.401827
198.0254,-0.7501,-509.1712,0.402120
196.3376,-0.7324,-509.2626,0.402415
194.6465,-0.7158,-509.3585,0.402711
192.9522,-0.7017,-509.4582,0.403008
191.1003,-0.6905,-509.5712,0.403331
189.3993,-0.6846,-509.6787,0.403628
187.6950,-0.6823,-509.7909,0.403927
185.9875,-0.6827,-509.9083,0.404225
184.2769,-0.6840,-510.0318,0.404525
182.5632,-0.6853,-510.1618,0.404825
180.8464,-0.6864,-510.2979,0.405126
178.9700,-0.6887,-510.4525,0.405454
177.2469,-0.6937,-510.5990,0.405757
175.5211,-0.7027,-510.7494,0.406059
173.7921,-0.7146,-510.9035,0.406362
172.0596,-0.7270,-511.0613,0.406666
170.3237,-0.7377,-511.2231,0.406971
168.5845,-0.7460,-511.3882,0.407276
166.6836,-0.7536,-511.5717,0.407609
164.9379,-0.7614,-511.7422,0.407915
163.1891,-0.7714,-511.9147,0.408223
161.4372,-0.7830,-512.0891,0.408529
159.6818,-0.7952,-512.2656,0.408838
157.9236,-0.8075,-512.4444,0.409147
156.1663,-0.8206,-512.6251,0.409455
154.4093,-0.8354,-512.8076,0.409763
152.6480,-0.8516,-512.9922,0.410073
150.7228,-0.8692,-513.1962,0.410410
148.9548,-0.8845,-513.3856,0.410721
146.2168,-0.9072,-513.6822,0.411202
144.4415,-0.9221,-513.8761,0.411514
142.6632,-0.9368,-514.0713,0.411826
140.8819,-0.9502,-514.2677,0.412139
139.0974,-0.9619,-514.4654,0.412452
137.3100,-0.9727,-514.6641,0.412766
135.5197,-0.9849,-514.8638,0.413081
133.7266,-1.0009,-515.0641,0.413396
131.9308,-1.0220,-515.2650,0.413711
129.9682,-1.0495,-515.4850,0.414057
128.1657,-1.0760,-515.6876,0.414373
126.3600,-1.1017,-515.8908,0.414690
124.5512,-1.1255,-516.0947,0.415008
122.7393,-1.1466,-516.2993,0.415327
120.9244,-1.1646,-516.5043,0.415646
119.1064,-1.1800,-516.7098,0.415965
117.1197,-1.1952,-516.9345,0.416314
115.2960,-1.2090,-517.1406,0.416634
113.4729,-1.2235,-517.3467,0.416954
111.6553,-1.2386,-517.5519,0.417274
109.8482,-1.2532,-517.7558,0.417592
108.0579,-1.2658,-517.9569,0.417907
106.2871,-1.2760,-518.1528,0.418218
104.3768,-1.2853,-518.3572,0.418553
102.6435,-1.2943,-518.5349,0.418857
100.9262,-1.3051,-518.7028,0.419159
99.2245,-1.3174,-518.8597,0.419457
97.5364,-1.3300,-519.0021,0.419753
95.8568,-1.3414,-519.1265,0.420046
94.1811,-1.3509,-519.2309,0.420338
92.3572,-1.3582,-519.3206,0.420657
90.6895,-1.3619,-519.3801,0.420949
89.0259,-1.3638,-519.4191,0.421237
87.3666,-1.3655,-519.4393,0.421525
85.7115,-1.3684,-519.4418,0.421816
84.0602,-1.3718,-519.4260,0.422102
82.4118,-1.3747,-519.3909,0.422390
80.7663,-1.3762,-519.3353,0.422678
78.9742,-1.3765,-519.2516,0.422989
77.3338,-1.3762,-519.1545,0.423275
75.6952,-1.3765,-519.0393,0.423561
74.0582,-1.3780,-518.9066,0.423848
72.4232,-1.3807,-518.7563,0.424135
70.7905,-1.3837,-518.5875,0.424421
69.1608,-1.3858,-518.3990,0.424707
67.5345,-1.3861,-518.1901,0.424993
65.7644,-1.3841,-517.9390,0.425305
64.1454,-1.3809,-517.6887,0.425591
62.5296,-1.3771,-517.4203,0.425877
60.9170,-1.3732,-517.1343,0.426164
59.3084,-1.3683,-516.8303,0.426451
57.7049,-1.3605,-516.5067,0.426737
56.1089,-1.3472,-516.1616,0.427023
54.3783,-1.3241,-515.7598,0.427335
52.8023,-1.2950,-515.3686,0.427620
51.2354,-1.2615,-514.9583,0.427905
49.6766,-1.2277,-514.5326,0.428188
48.1257,-1.1956,-514.0922,0.428471
46.5834,-1.1649,-513.6369,0.428754
45.0507,-1.1337,-513.1645,0.429034
43.5294,-1.0989,-512.6726,0.429316
41.8828,-1.0578,-512.1145,0.429624
40.3862,-1.0161,-511.5823,0.429902
38.9016,-0.9713,-511.0314,0.430181
37.4286,-0.9250,-510.4638,0.430460
35.9662,-0.8789,-509.8814,0.430738
34.5146,-0.8326,-509.2836,0.431016
33.0747,-0.7845,-508.6695,0.431292
31.6476,-0.7311,-508.0389,0.431567
30.1053,-0.6664,-507.3304,0.431868
28.7040,-0.5995,-506.6613,0.432142
27.3141,-0.5280,-505.9758,0.432416
25.9340,-0.4569,-505.2769,0.432687
24.5642,-0.3867,-504.5648,0.432962
23.2050,-0.3129,-503.8368,0.433234
21.8566,-0.2373,-503.0939,0.433506
20.3985,-0.1530,-502.2667,0.433802
19.0732,-0.0747,-501.4934,0.434074
17.7586,0.0030,-500.7076,0.434344
16.4565,0.0811,-499.9086,0.434613
15.1702,0.1640,-499.0943,0.434881
13.9000,0.2531,-498.2644,0.435149
12.6438,0.3458,-497.4209,0.435415
11.2855,0.4462,-496.4880,0.435705
10.0473,0.5328,-495.6245,0.435970
8.8134,0.6107,-494.7549,0.436235
7.5839,0.6812,-493.8775,0.436499
6.3623,0.7498,-492.9872,0.436764
5.1511,0.8198,-492.0816,0.437029
3.9505,0.8912,-491.1615,0.437295
2.7598,0.9630,-490.2277,0.437560
1.5773,1.0330,-489.2817,0.437824
0.2962,1.1059,-488.2369,0.438113
-0.8685,1.1709,-487.2664,0.438379
-2.0229,1.2356,-486.2827,0.438645
-3.1672,1.3004,-485.2859,0.438911
-4.3023,1.3639,-484.2768,0.439175
-5.4285,1.4258,-483.2559,0.439441
-6.5454,1.4860,-482.2232,0.439707
-7.7521,1.5513,-481.0820,0.439996
-8.8467,1.6120,-480.0216,0.440262
-9.9296,1.6742,-478.9473,0.440528
-11.0010,1.7376,-477.8595,0.440794
-12.0611,1.8015,-476.7589,0.441059
-13.1101,1.8652,-475.6458,0.441326
-14.1479,1.9288,-474.5203,0.441593
-15.2668,1.9984,-473.2779,0.441883
-16.2803,2.0630,-472.1255,0.442151
-17.2829,2.1280,-470.9608,0.442417
-18.2754,2.1929,-469.7850,0.442685
-19.2568,2.2570,-468.5997,0.442953
-20.2257,2.3203,-467.4074,0.443220
-21.1817,2.3834,-466.2090,0.443488
-22.1248,2.4475,-465.0051,0.443756
-23.1380,2.5187,-463.6900,0.444043
-24.0511,2.5846,-462.4903,0.444306
-24.9496,2.6497,-461.3025,0.444567
-25.8359,2.7134,-460.1291,0.444826
-26.7113,2.7754,-458.9718,0.445080
-27.5771,2.8358,-457.8316,0.445332
-28.4344,2.8948,-456.7087,0.445577
-29.2864,2.9521,-455.6021,0.445824
-30.2170,3.0127,-454.4086,0.446088
-31.0759,3.0663,-453.3242,0.446332
-31.9420,3.1186,-452.2497,0.446574
-32.8165,3.1706,-451.1862,0.446818
-33.7003,3.2228,-450.1352,0.447060
-34.5934,3.2750,-449.0972,0.447302
-35.4954,3.3266,-448.0719,0.447543
-36.4886,3.3810,-446.9683,0.447805
-37.4077,3.4290,-445.9698,0.448044
-38.3351,3.4751,-444.9844,0.448283
-39.2713,3.5198,-444.0126,0.448521
-40.2164,3.5638,-443.0554,0.448760
-41.1710,3.6080,-442.1139,0.448996
-42.1353,3.6530,-441.1887,0.449232
-43.1980,3.7031,-440.1982,0.449490
-44.1813,3.7494,-439.3071,0.449723
-45.1728,3.7951,-438.4314,0.449957
-46.1718,3.8395,-437.5707,0.450191
-47.1780,3.8825,-436.7248,0.450422
-48.1914,3.9242,-435.8943,0.450654
-49.2122,3.9655,-435.0798,0.450883
-50.2407,4.0067,-434.2817,0.451113
-51.3714,4.0518,-433.4300,0.451363
-52.4160,4.0934,-432.6664,0.451592
-53.4684,4.1354,-431.9193,0.451815
-54.5284,4.1781,-431.1893,0.452044
-55.5963,4.2224,-430.4773,0.452272
-56.6723,4.2691,-429.7840,0.452497
-57.7564,4.3190,-429.1101,0.452722
-58.8486,4.3726,-428.4563,0.452945
-60.0486,4.4343,-427.7643,0.453189
-61.1556,4.4917,-427.1469,0.453411
-62.2680,4.5472,-426.5427,0.453634
-63.3850,4.5989,-425.9502,0.453855
-64.5064,4.6462,-425.3688,0.454077
-65.6329,4.6898,-424.7993,0.454297
-66.7653,4.7311,-424.2427,0.454518
-68.0088,4.7752,-423.6515,0.454760
-69.1571,4.8158,-423.1245,0.454981
-70.3135,4.8569,-422.6119,0.455205
-71.4778,4.8982,-422.1135,0.455428
-72.6501,4.9410,-421.6312,0.455649
-73.8289,4.9848,-421.1649,0.455871
-75.0157,5.0298,-420.7141,0.456094
-76.3202,5.0808,-420.2402,0.456338
-77.5235,5.1284,-419.8216,0.456562
-78.7330,5.1758,-419.4177,0.456786
-79.9488,5.2231,-419.0289,0.457010
-81.1715,5.2713,-418.6559,0.457235
-82.4014,5.3215,-418.2998,0.457461
-83.6382,5.3740,-417.9611,0.457686
-84.8814,5.4276,-417.6382,0.457913
-86.1304,5.4801,-417.3291,0.458139
-87.4984,5.5331,-417.0041,0.458386
-88.7567,5.5761,-416.7160,0.458614
-90.0197,5.6150,-416.4384,0.458841
-91.2884,5.6515,-416.1726,0.459068
-92.5630,5.6870,-415.9204,0.459295
-93.8436,5.7222,-415.6824,0.459524
-95.1303,5.7581,-415.4603,0.459754
-96.5413,5.7992,-415.2372,0.460006
-97.8405,5.8378,-415.0494,0.460236
-99.1447,5.8758,-414.8762,0.460467
-100.4537,5.9128,-414.7177,0.460700
-101.7675,5.9496,-414.5747,0.460931
-103.0860,5.9879,-414.4490,0.461164
-104.4089,6.0289,-414.3421,0.461397
-105.8569,6.0779,-414.2480,0.461651
-107.1880,6.1269,-414.1830,0.461886
-108.5223,6.1793,-414.1378,0.462120
-109.8594,6.2338,-414.1111,0.462354
-111.1990,6.2893,-414.1018,0.462589
-112.5407,6.3450,-414.1091,0.462823
-113.8846,6.4010,-414.1329,0.463058
-115.2307,6.4568,-414.1728,0.463293
-116.7017,6.5175,-414.2340,0.463550
-118.0519,6.5724,-414.3062,0.463786
-119.4031,6.6268,-414.3941,0.464022
-120.7551,6.6813,-414.4985,0.464258
-122.1082,6.7368,-414.6201,0.464492
-123.4622,6.7936,-414.7591,0.464729
-124.8168,6.8508,-414.9148,0.464968
-126.1716,6.9074,-415.0862,0.465205
-127.6496,6.9674,-415.2901,0.465463
-129.0051,7.0211,-415.4918,0.465702
-130.3615,7.0738,-415.7076,0.465940
-131.7188,7.1261,-415.9384,0.466178
-133.0766,7.1781,-416.1843,0.466417
-134.4347,7.2301,-416.4453,0.466656
-135.7934,7.2825,-416.7217,0.466898
-137.2759,7.3397,-417.0412,0.467158
-138.6351,7.3908,-417.3502,0.467402
-139.9940,7.4415,-417.6751,0.467641
-141.3529,7.4911,-418.0147,0.467884
-142.7116,7.5416,-418.3698,0.468125
-144.0704,7.5960,-418.7413,0.468371
-145.4291,7.6561,-419.1295,0.468616
-146.9114,7.7250,-419.5683,0.468884
-148.2719,7.7862,-419.9794,0.469131
-149.6347,7.8419,-420.3962,0.469377
-150.9985,7.8904,-420.8176,0.469627
-152.3621,7.9365,-421.2458,0.469874
-153.7240,7.9874,-421.6793,0.470123
-155.0873,8.0476,-422.1180,0.470374
-156.4530,8.1145,-422.5623,0.470623
-157.8210,8.1827,-423.0119,0.470875
-159.3157,8.2531,-423.5082,0.471149
-160.6874,8.3121,-423.9685,0.471401
-162.0596,8.3668,-424.4352,0.471655
-163.4283,8.4195,-424.9094,0.471905
-164.7935,8.4722,-425.3926,0.472159
-166.1535,8.5255,-425.8849,0.472410
-167.5129,8.5801,-426.3868,0.472664
-168.9983,8.6402,-426.9456,0.472939
-170.3604,8.6951,-427.4678,0.473191
-171.7228,8.7496,-427.9991,0.473446
-173.0856,8.8045,-428.5392,0.473703
-174.4491,8.8602,-429.0880,0.473958
-175.8135,8.9168,-429.6444,0.474214
-177.1793,8.9739,-430.2075,0.474472
-178.6712,9.0361,-430.8280,0.474752
-180.0410,9.0927,-431.4017,0.475010
-181.4132,9.1492,-431.9795,0.475270
-182.7881,9.2058,-432.5609,0.475530
-184.1658,9.2627,-433.1457,0.475791
-185.5463,9.3198,-433.7333,0.476052
-186.9299,9.3765,-434.3234,0.476313
-188.3167,9.4329,-434.9156,0.476577
-189.8333,9.4936,-435.5637,0.476863
-191.2272,9.5486,-436.1596,0.477127
-192.6246,9.6031,-436.7569,0.477393
-194.0256,9.6573,-437.3555,0.477659
-195.4302,9.7116,-437.9555,0.477927
-196.8383,9.7664,-438.5568,0.478192
-198.2500,9.8214,-439.1594,0.478459
-199.6652,9.8761,-439.7635,0.478728
-201.2128,9.9347,-440.4243,0.479023
-202.6350,9.9870,-441.0316,0.479291
-204.0606,10.0382,-441.6406,0.479562
-205.4899,10.0890,-442.2510,0.479834
-206.9225,10.1418,-442.8627,0.480106
-208.3590,10.1961,-443.4760,0.480379
-209.7990,10.2522,-444.0906,0.480653
-211.3732,10.3129,-444.7632,0.480953
-212.8195,10.3681,-445.3816,0.481229
-214.2696,10.4234,-446.0015,0.481504
-215.7233,10.4787,-446.6226,0.481780
-217.9769,10.5630,-447.5844,0.482209
-219.4397,10.6161,-448.2080,0.482486
-220.9064,10.6670,-448.8321,0.482765
-222.3770,10.7152,-449.4554,0.483044
-223.8527,10.7635,-450.0777,0.483324
-225.3332,10.8155,-450.6991,0.483603
-226.8177,10.8712,-451.3203,0.483884
-228.4414,10.9346,-451.9983,0.484192
-229.9335,10.9930,-452.6206,0.484475
-231.4290,11.0503,-453.2442,0.484756
-232.9277,11.1062,-453.8694,0.485040
-234.4299,11.1606,-454.4964,0.485325
-235.9353,11.2141,-455.1252,0.485610
-237.4440,11.2667,-455.7557,0.485895
-239.0934,11.3236,-456.4459,0.486204
-240.6086,11.3759,-457.0807,0.486494
-242.1267,11.4294,-457.7181,0.486780
-243.6477,11.4845,-458.3581,0.487068
-245.1713,11.5417,-459.0010,0.487358
-246.6971,11.6013,-459.6472,0.487643
-248.2259,11.6607,-460.2966,0.487935
-249.8963,11.7219,-461.0071,0.488251
-251.4299,11.7728,-461.6595,0.488544
-252.9673,11.8235,-462.3147,0.488835
-254.5078,11.8766,-462.9732,0.489127
-256.0506,11.9333,-463.6351,0.489418
-257.5957,11.9924,-464.3000,0.489713
-259.1432,12.0524,-464.9674,0.490007
-260.6931,12.1122,-465.6375,0.490301
-262.2456,12.1717,-466.3105,0.490597
-263.9420,12.2368,-467.0481,0.490919
-265.4994,12.2965,-467.7274,0.491215
-267.0591,12.3559,-468.4098,0.491513
-268.6211,12.4144,-469.0952,0.491813
-270.1852,12.4721,-469.7837,0.492111
-271.7515,12.5294,-470.4756,0.492408
-273.3198,12.5873,-471.1708,0.492708
-275.0330,12.6515,-471.9334,0.493035
-276.6053,12.7113,-472.6363,0.493337
-278.1794,12.7717,-473.3426,0.493636
-279.7554,12.8322,-474.0526,0.493938
-281.3333,12.8920,-474.7659,0.494242
-282.9128,12.9514,-475.4829,0.494545
-284.4942,13.0113,-476.2037,0.494847
-286.2212,13.0778,-476.9947,0.495179
-287.8060,13.1392,-477.7238,0.495485
-289.3924,13.2005,-478.4564,0.495790
-290.9803,13.2618,-479.1928,0.496094
-292.5700,13.3237,-479.9330,0.496400
-294.1613,13.3867,-480.6769,0.496707
-295.7542,13.4505,-481.4242,0.497014
-297.3487,13.5150,-482.1750,0.497322
-298.9449,13.5799,-482.9293,0.497630
-300.6879,13.6511,-483.7563,0.497968
-302.2872,13.7169,-484.5183,0.498275
-303.8879,13.7833,-485.2841,0.498584
-305.4897,13.8502,-486.0542,0.498894
-307.0925,13.9175,-486.8289,0.499206
-308.6939,13.9850,-487.6073,0.499515
-310.2918,14.0526,-488.3888,0.499825
-312.0359,14.1268,-489.2471,0.500161
-313.6357,14.1954,-490.0395,0.500473
-315.2359,14.2646,-490.8369,0.500783
-316.8366,14.3339,-491.6391,0.501095
-318.4379,14.4034,-492.4458,0.501407
-320.0399,14.4731,-493.2569,0.501721
-321.6426,14.5431,-494.0722,0.502034
-323.3918,14.6197,-494.9669,0.502377
-324.9955,14.6901,-495.7920,0.502691
-326.5995,14.7607,-496.6224,0.503006
-328.2033,14.8314,-497.4583,0.503319
-329.8068,14.9021,-498.3002,0.503636
-331.4098,14.9728,-499.1485,0.503952
-333.0121,15.0435,-500.0034,0.504267
-334.7589,15.1205,-500.9440,0.504613
-336.3590,15.1909,-501.8138,0.504928
-337.9578,15.2609,-502.6909,0.505245
-339.5551,15.3305,-503.5759,0.505564
-341.1504,15.3998,-504.4694,0.505882
-342.7432,15.4695,-505.3719,0.506202
-344.3331,15.5404,-506.2841,0.506522
-345.9198,15.6126,-507.2064,0.506839
-347.5032,15.6857,-508.1386,0.507159
-349.2271,15.7662,-509.1663,0.507509
-350.8042,15.8402,-510.1181,0.507828
-352.3784,15.9146,-511.0792,0.508148
-353.9495,15.9896,-512.0498,0.508471
-355.5172,16.0651,-513.0300,0.508791
-357.0814,16.1411,-514.0198,0.509115
-358.6420,16.2177,-515.0193,0.509436
-360.3402,16.3017,-516.1209,0.509788
-361.8927,16.3793,-517.1412,0.510110
-363.4410,16.4575,-518.1715,0.510434
-364.9852,16.5362,-519.2119,0.510757
-366.5252,16.6156,-520.2624,0.511081
-368.0607,16.6957,-521.3231,0.511405
-369.5915,16.7766,-522.3940,0.511729
-371.2560,16.8657,-523.5743,0.512086
-372.7764,16.9483,-524.6674,0.512413
-374.2916,17.0316,-525.7709,0.512739
-375.8017,17.1153,-526.8849,0.513067
-377.3074,17.1982,-528.0084,0.513392
-378.8094,17.2788,-529.1405,0.513719
-380.3081,17.3565,-530.2806,0.514048
-381.8036,17.4320,-531.4288,0.514377
-383.2957,17.5063,-532.5853,0.514705
-384.9198,17.5868,-533.8563,0.515062
-386.4053,17.6601,-535.0292,0.515395
-387.8880,17.7329,-536.2095,0.515723
-389.3681,17.8049,-537.3965,0.516054
-390.8458,17.8764,-538.5905,0.516386
-392.3210,17.9474,-539.7912,0.516716
-393.7936,18.0182,-540.9988,0.517047
-395.3971,18.0952,-542.3241,0.517408
-396.8637,18.1656,-543.5466,0.517743
-398.3268,18.2357,-544.7767,0.518073
-399.7859,18.3056,-546.0150,0.518407
-401.2406,18.3754,-547.2618,0.518741
-402.6904,18.4451,-548.5176,0.519075
-404.1351,18.5148,-549.7823,0.519411
-405.7059,18.5906,-551.1718,0.519778
-407.1412,18.6601,-552.4543,0.520113
-408.5723,18.7295,-553.7447,0.520447
-409.9994,18.7989,-555.0427,0.520785
-411.4232,18.8683,-556.3477,0.521121
-412.8445,18.9377,-557.6591,0.521459
-414.2638,19.0071,-558.9760,0.521797
-415.8107,19.0829,-560.4180,0.522165
-417.2281,19.1524,-561.7442,0.522503
-418.6454,19.2220,-563.0740,0.522844
-420.0629,19.2923,-564.4070,0.523181
-421.4808,19.3641,-565.7429,0.523524
-422.8996,19.4376,-567.0813,0.523863
-424.3193,19.5119,-568.4220,0.524204
-425.7400,19.5867,-569.7649,0.524546
-427.1619,19.6627,-571.1099,0.524887
-428.7146,19.7467,-572.5795,0.525261
-430.1392,19.8233,-573.9285,0.525603
-431.5652,19.8982,-575.2795,0.525947
-432.9925,19.9712,-576.6324,0.526291
-434.4213,20.0438,-577.9872,0.526634
-435.8515,20.1180,-579.3440,0.526979
-437.2829,20.1947,-580.7027,0.527323
-438.8455,20.2806,-582.1873,0.527699
-440.2788,20.3600,-583.5507,0.528044
-441.7126,20.4393,-584.9166,0.528391
-443.1470,20.5179,-586.2853,0.528737
-444.5816,20.5949,-587.6568,0.529083
-446.0168,20.6687,-589.0311,0.529430
-447.4523,20.7390,-590.4081,0.529778
-449.0189,20.8135,-591.9138,0.530158
-450.4550,20.8830,-593.2971,0.530505
-451.8911,20.9556,-594.6837,0.530854
-453.3275,21.0317,-596.0730,0.531203
-454.7641,21.1097,-597.4650,0.531553
-456.2013,21.1880,-598.8593,0.531901
-457.6393,21.2663,-600.2556,0.532252
-459.0784,21.3448,-601.6540,0.532603
-460.5186,21.4231,-603.0543,0.532955
-462.0913,21.5067,-604.5836,0.533337
-463.5346,21.5811,-605.9869,0.533688
-464.9798,21.6545,-607.3912,0.534040
-466.4270,21.7299,-608.7964,0.534392
-467.8764,21.8088,-610.2023,0.534746
-469.3280,21.8910,-611.6089,0.535099
-470.7816,21.9739,-613.0160,0.535452
-472.3695,22.0618,-614.5519,0.535837
-473.8270,22.1389,-615.9608,0.536191
-475.2866,22.2137,-617.3705,0.536547
-476.7480,22.2897,-618.7812,0.536901
-478.2118,22.3667,-620.1929,0.537255
-479.6775,22.4428,-621.6049,0.537611
-481.1453,22.5183,-623.0175,0.537967
-482.7486,22.6032,-624.5596,0.538357
-484.2197,22.6844,-625.9748,0.538712
-485.6917,22.7677,-627.3916,0.539069
-487.1648,22.8508,-628.8101,0.539427
-488.6389,22.9322,-630.2299,0.539785
-490.1141,23.0125,-631.6514,0.540142
-491.5902,23.0930,-633.0750,0.540500
-493.2010,23.1818,-634.6305,0.540890
-494.6772,23.2636,-636.0594,0.541252
-496.1524,23.3454,-637.4921,0.541610
-497.6258,23.4273,-638.9291,0.541969
-499.0969,23.5099,-640.3710,0.542330
-500.5653,23.5934,-641.8182,0.542688
-502.0309,23.6773,-643.2706,0.543049
-503.4934,23.7608,-644.7285,0.543411
-504.9526,23.8436,-646.1920,0.543772
-506.5395,23.9347,-647.7961,0.544165
-507.9883,24.0208,-649.2747,0.544528
-509.4309,24.1094,-650.7613,0.544889
-510.8675,24.1987,-652.2558,0.545250
-512.2988,24.2862,-653.7572,0.545614
-513.7256,24.3701,-655.2650,0.545977
-515.1483,24.4509,-656.7790,0.546338
-516.6949,24.5371,-658.4383,0.546735
-518.1072,24.6161,-659.9670,0.547098
-519.5139,24.6965,-661.5028,0.547461
-520.9147,24.7789,-663.0463,0.547825
-522.3096,24.8631,-664.5968,0.548189
-523.6991,24.9468,-666.1541,0.548551
-525.0836,25.0276,-667.7179,0.548915
-526.5861,25.1133,-669.4323,0.549313
-527.9532,25.1925,-671.0146,0.549678
-529.3077,25.2744,-672.6088,0.550043
-530.6498,25.3575,-674.2143,0.550408
-531.9808,25.4382,-675.8298,0.550774
-533.3012,25.5145,-677.4547,0.551139
-534.6093,25.5877,-679.0899,0.551504
-535.9016,25.6614,-680.7381,0.551870
-537.2902,25.7457,-682.5523,0.552269
-538.5428,25.8273,-684.2300,0.552635
-539.7772,25.9110,-685.9207,0.553000
-540.9965,25.9932,-687.6220,0.553367
-542.2027,26.0708,-689.3325,0.553733
-543.3961,26.1438,-691.0522,0.554098
-544.5745,26.2142,-692.7823,0.554465
-545.7354,26.2848,-694.5242,0.554833
-546.9807,26.3632,-696.4379,0.555232
-548.1027,26.4358,-698.2039,0.555599
-549.2063,26.5090,-699.9810,0.555965
-550.2918,26.5824,-701.7689,0.556334
-551.3598,26.6555,-703.5671,0.556700
-552.4109,26.7275,-705.3752,0.557068
-553.4453,26.7983,-707.1929,0.557435
-554.5538,26.8753,-709.1871,0.557837
-555.5506,26.9466,-711.0258,0.558207
-556.5293,27.0189,-712.8743,0.558574
-557.4909,27.0909,-714.7320,0.558943
-558.4369,27.1611,-716.5981,0.559311
-559.3681,27.2284,-718.4720,0.559680
-560.2841,27.2934,-720.3541,0.560048
-561.2636,27.3638,-722.4171,0.560450
-562.1423,27.4290,-724.3175,0.560817
-563.0025,27.4951,-726.2266,0.561187
-563.8441,27.5615,-728.1439,0.561556
-564.6666,27.6282,-730.0692,0.561926
-565.4692,27.6957,-732.0024,0.562293
-566.2513,27.7644,-733.9434,0.562661
-567.0136,27.8331,-735.8912,0.563027
-567.7562,27.9013,-737.8462,0.563399
-568.5424,27.9765,-739.9867,0.563799
-569.2400,28.0471,-741.9564,0.564165
-569.9156,28.1195,-743.9329,0.564535
-570.5708,28.1919,-745.9158,0.564903
-571.2078,28.2621,-747.9042,0.565272
-571.8279,28.3286,-749.8975,0.565636
-572.4297,28.3922,-751.8959,0.566004
-573.0617,28.4618,-754.0824,0.566404
-573.6157,28.5282,-756.0927,0.566770
-574.1444,28.5980,-758.1085,0.567136
-574.6487,28.6702,-760.1290,0.567504
-575.1312,28.7425,-762.1537,0.567870
-575.5942,28.8126,-764.1819,0.568235
-576.0389,28.8794,-766.2134,0.568599
-576.4988,28.9524,-768.4343,0.568997
-576.8922,29.0241,-770.4741,0.569363
-577.2591,29.1001,-772.5173,0.569727
-577.6022,29.1780,-774.5634,0.570090
-577.9247,29.2549,-776.6120,0.570455
-578.2272,29.3298,-778.6631,0.570817
-578.5085,29.4042,-780.7169,0.571182
-578.7894,29.4863,-782.9601,0.571577
-579.0239,29.5623,-785.0190,0.571940
-579.2385,29.6374,-787.0801,0.572304
-579.4350,29.7101,-789.1431,0.572667
-579.6133,29.7805,-791.2080,0.573029
-579.7715,29.8508,-793.2748,0.573393
-579.9708,29.9646,-796.4720,0.573953
-580.0702,30.0429,-798.5425,0.574317
-580.1482,30.1229,-800.6140,0.574679
-580.2073,30.2021,-802.6862,0.575041
-580.2488,30.2786,-804.7592,0.575404
-580.2731,30.3597,-807.0212,0.575799
-580.2726,30.4346,-809.0950,0.576161
-580.2476,30.5125,-811.1683,0.576523
-580.1979,30.5940,-813.2406,0.576885
-580.1249,30.6774,-815.3119,0.577246
-580.0309,30.7605,-817.3821,0.577607
-579.9177,30.8413,-819.4512,0.577969
-579.7871,30.9186,-821.5195,0.578331
-579.6401,30.9912,-823.5871,0.578693
-579.4608,31.0654,-825.8416,0.579087
-579.2780,31.1296,-827.9069,0.579447
-579.0759,31.1915,-829.9705,0.579810
-578.8531,31.2528,-832.0323,0.580171
-578.6099,31.3140,-834.0923,0.580530
-578.3477,31.3740,-836.1507,0.580892
-578.0685,31.4314,-838.2077,0.581253
-577.7456,31.4905,-840.4501,0.581649
-577.4321,31.5432,-842.5043,0.582009
-577.1014,31.5967,-844.5539,0.582373
-576.7546,31.6523,-846.5984,0.582736
-576.3938,31.7097,-848.6431,0.583094
-576.0219,31.7668,-850.6870,0.583459
-575.6425,31.8212,-852.7314,0.583820
-575.2233,31.8741,-854.9623,0.584216
-574.8336,31.9174,-857.0078,0.584578
-574.4363,31.9610,-859.0535,0.584939
-574.0303,32.0080,-861.0992,0.585305
-573.6148,32.0588,-863.1444,0.585666
-573.1912,32.1117,-865.1895,0.586029
-572.7603,32.1633,-867.2345,0.586394
-572.2836,32.2143,-869.4659,0.586794
-571.8410,32.2551,-871.5116,0.587157
-571.3909,32.2934,-873.5573,0.587521
-570.9313,32.3332,-875.6027,0.587887
-570.4607,32.3776,-877.6469,0.588251
-569.9792,32.4263,-879.6898,0.588616
-569.4899,32.4734,-881.7322,0.588982
-568.9944,32.5155,-883.7745,0.589348
-568.4929,32.5528,-885.8169,0.589712
-567.9373,32.5904,-888.0449,0.590111
-567.4195,32.6250,-890.0867,0.590480
-566.8931,32.6611,-892.1279,0.590843
-566.3582,32.6991,-894.1684,0.591211
-565.8150,32.7382,-896.2081,0.591577
-565.2645,32.7772,-898.2471,0.591946
-564.7071,32.8150,-900.2861,0.592313
-564.0921,32.8544,-902.5102,0.592717
-563.5218,32.8896,-904.5485,0.593082
-562.9449,32.9245,-906.5869,0.593452
-562.3615,32.9594,-908.6249,0.593824
-561.7716,32.9938,-910.6626,0.594194
-561.1766,33.0255,-912.7006,0.594562
-560.5773,33.0528,-914.7390,0.594935
-559.9193,33.0768,-916.9630,0.595340
-559.3115,33.0970,-919.0026,0.595710
-558.6985,33.1186,-921.0422,0.596084
-558.0803,33.1435,-923.0820,0.596455
-557.4570,33.1721,-925.1223,0.596825
-556.8292,33.2038,-927.1627,0.597201
-556.1976,33.2365,-929.2036,0.597573
-555.5626,33.2678,-931.2449,0.597948
-554.8660,33.2983,-933.4727,0.598358
-554.2240,33.3225,-935.5154,0.598728
-553.5786,33.3425,-937.5590,0.599102
-552.9290,33.3600,-939.6027,0.599475
-552.2729,33.3800,-941.6461,0.599854
-551.6091,33.4052,-943.6887,0.600228
-550.9396,33.4322,-945.7311,0.600603
-550.2662,33.4583,-947.7738,0.600978
-549.5275,33.4853,-950.0027,0.601387
-548.8466,33.5100,-952.0466,0.601765
-548.1622,33.5351,-954.0911,0.602143
-547.4749,33.5599,-956.1364,0.602515
-546.7853,33.5843,-958.1824,0.602895
-546.0933,33.6096,-960.2292,0.603274
-545.3989,33.6380,-962.2771,0.603650
-544.6389,33.6728,-964.5121,0.604064
-543.9404,33.7058,-966.5620,0.604441
-543.2405,33.7370,-968.6129,0.604817
-542.5393,33.7654,-970.6650,0.605196
-541.8368,33.7929,-972.7183,0.605577
-541.1326,33.8226,-974.7729,0.605958
-540.4270,33.8561,-976.8286,0.606334
-539.6557,33.8959,-979.0724,0.606749
-538.9474,33.9335,-981.1306,0.607129
-538.2380,33.9704,-983.1898,0.607512
-537.5275,34.0069,-985.2502,0.607890
-536.8160,34.0448,-987.3120,0.608270
-536.1033,34.0860,-989.3748,0.608652
-535.3893,34.1310,-991.4388,0.609034
-534.6741,34.1789,-993.5039,0.609414
-533.9581,34.2276,-995.5701,0.609797
-533.1757,34.2790,-997.8255,0.610214
-532.4576,34.3238,-999.8942,0.610597
-531.7382,34.3680,-1001.9641,0.610980
-531.0175,34.4137,-1004.0350,0.611364
-530.2953,34.4624,-1006.1071,0.611745
-529.5718,34.5136,-1008.1801,0.612130
-528.8468,34.5657,-1010.2540,0.612513
-528.0544,34.6217,-1012.5176,0.612933
-527.3267,34.6716,-1014.5938,0.613318
-526.5978,34.7214,-1016.6710,0.613702
-525.8681,34.7728,-1018.7494,0.614087
-525.1379,34.8266,-1020.8292,0.614474
-524.4081,34.8814,-1022.9105,0.614859
-523.6788,34.9352,-1024.9934,0.615245
-522.8848,34.9923,-1027.2678,0.615664
-522.1590,35.0452,-1029.3551,0.616050
-521.4358,35.1005,-1031.4448,0.616438
-520.7154,35.1584,-1033.5367,0.616825
-519.9977,35.2170,-1035.6310,0.617213
-519.2826,35.2750,-1037.7275,0.617600
-518.5698,35.3317,-1039.8263,0.617987
-517.7946,35.3926,-1042.1182,0.618411
-517.0863,35.4492,-1044.2216,0.618798
-516.3799,35.5079,-1046.3268,0.619185
-515.6750,35.5693,-1048.4341,0.619573
-514.9713,35.6317,-1050.5430,0.619961
-514.2684,35.6929,-1052.6534,0.620349
-513.5664,35.7511,-1054.7657,0.620738
-512.8657,35.8067,-1056.8799,0.621127
-512.1667,35.8624,-1058.9961,0.621516
-511.4069,35.9257,-1061.3070,0.621941
-510.7132,35.9869,-1063.4279,0.622331
-510.0224,36.0497,-1065.5509,0.622722
-509.3344,36.1121,-1067.6760,0.623111
-508.6492,36.1724,-1069.8036,0.623503
-507.9666,36.2306,-1071.9333,0.623892
-507.2869,36.2885,-1074.0654,0.624283
-506.5492,36.3540,-1076.3939,0.624710
-505.8777,36.4169,-1078.5261,0.625101
-505.2126,36.4816,-1080.6487,0.625490
-504.5557,36.5467,-1082.7537,0.625875
-503.9074,36.6113,-1084.8390,0.626257
-503.2679,36.6762,-1086.9042,0.626635
-502.6379,36.7423,-1088.9492,0.627009
-501.9615,36.8156,-1091.1580,0.627413
-501.3513,36.8832,-1093.1622,0.627779
-500.7504,36.9519,-1095.1469,0.628143
-500.1592,37.0219,-1097.1118,0.628502
-499.5774,37.0920,-1099.0579,0.628857
-499.0045,37.1614,-1100.9846,0.629208
-498.4400,37.2298,-1102.8918,0.629556
-497.8840,37.2974,-1104.7793,0.629900
-497.2874,37.3704,-1106.8160,0.630271
-496.7498,37.4367,-1108.6630,0.630608
-496.2206,37.5024,-1110.4908,0.630941
-495.7000,37.5677,-1112.2998,0.631270
-495.1876,37.6327,-1114.0897,0.631596
-494.6834,37.6970,-1115.8607,0.631918
-494.1872,37.7604,-1117.6128,0.632237
-493.6987,37.8228,-1119.3457,0.632553
-493.1747,37.8894,-1121.2141,0.632891
-492.7021,37.9492,-1122.9065,0.633198
-492.2371,38.0079,-1124.5796,0.633502
-491.7795,38.0658,-1126.2330,0.633802
-491.3294,38.1231,-1127.8669,0.634098
-490.8866,38.1800,-1129.4817,0.634392
-490.4510,38.2368,-1131.0775,0.634681
-489.9840,38.2984,-1132.7969,0.634995
-489.5631,38.3545,-1134.3531,0.635275
-489.1490,38.4100,-1135.8905,0.635554
-488.7415,38.4657,-1137.4082,0.635828
-488.3407,38.5210,-1138.9066,0.636100
-487.9464,38.5762,-1140.3854,0.636368
-487.5584,38.6307,-1141.8451,0.636633
-487.1765,38.6846,-1143.2854,0.636895
-486.7672,38.7438,-1144.8339,0.637175
-486.3986,38.7986,-1146.2325,0.637426
-486.0363,38.8542,-1147.6117,0.637677
-485.6802,38.9102,-1148.9714,0.637923
-485.3303,38.9668,-1150.3124,0.638166
-484.9868,39.0238,-1151.6345,0.638406
-484.6498,39.0809,-1152.9379,0.638642
-484.3197,39.1377,-1154.2229,0.638874
-483.9681,39.1991,-1155.6041,0.639124
-483.6541,39.2542,-1156.8525,0.639348
-483.3489,39.3084,-1158.0839,0.639572
-483.0538,39.3619,-1159.2981,0.639791
-482.7691,39.4146,-1160.4954,0.640005
-482.4959,39.4669,-1161.6760,0.640217
-482.2342,39.5185,-1162.8400,0.640426
-481.9623,39.5738,-1164.0917,0.640651
-481.7258,39.6235,-1165.2236,0.640854
-481.5018,39.6718,-1166.3424,0.641053
-481.2908,39.7184,-1167.4490,0.641250
-481.0923,39.7631,-1168.5430,0.641445
-480.9062,39.8060,-1169.6243,0.641638
-480.7329,39.8471,-1170.6932,0.641827
-480.5591,39.8904,-1171.8457,0.642031
-480.4141,39.9287,-1172.8900,0.642216
-480.2829,39.9661,-1173.9224,0.642397
-480.1655,40.0026,-1174.9425,0.642577
-480.0621,40.0383,-1175.9512,0.642755
-479.9727,40.0733,-1176.9479,0.642929
-479.8968,40.1074,-1177.9327,0.643102
-479.8342,40.1406,-1178.9060,0.643274
-479.7851,40.1730,-1179.8669,0.643444
-479.7466,40.2072,-1180.9026,0.643626
-479.7253,40.2374,-1181.8407,0.643790
-479.7174,40.2665,-1182.7682,0.643953
-479.7225,40.2943,-1183.6851,0.644114
-479.7411,40.3215,-1184.5906,0.644273
-479.7723,40.3475,-1185.4851,0.644431
-479.8161,40.3724,-1186.3685,0.644587
-479.8783,40.3985,-1187.3191,0.644754
-479.9476,40.4213,-1188.1779,0.644905
-480.0290,40.4433,-1189.0240,0.645055
-480.1220,40.4644,-1189.8578,0.645202
-480.2266,40.4848,-1190.6790,0.645347
-480.3426,40.5046,-1191.4871,0.645490
-480.4698,40.5235,-1192.2822,0.645631
-480.6204,40.5429,-1193.1348,0.645783
-480.7679,40.5580,-1193.9041,0.645919
-480.9242,40.5703,-1194.6620,0.646054
-481.0893,40.5811,-1195.4072,0.646187
-481.2621,40.5906,-1196.1387,0.646317
-481.4424,40.5986,-1196.8572,0.646445
-481.6311,40.6055,-1197.5621,0.646572
-481.8287,40.6123,-1198.2522,0.646695
-482.0547,40.6205,-1198.9868,0.646828
-482.2711,40.6289,-1199.6434,0.646945
-482.4965,40.6377,-1200.2853,0.647062
-482.7325,40.6463,-1200.9141,0.647176
-482.9797,40.6544,-1201.5303,0.647289
-483.2384,40.6626,-1202.1337,0.647401
-483.5088,40.6714,-1202.7231,0.647511
-483.7895,40.6814,-1203.2966,0.647620
-484.1054,40.6933,-1203.9033,0.647733
-484.4026,40.7045,-1204.4425,0.647837
-484.7058,40.7153,-1204.9656,0.647941
-485.0150,40.7257,-1205.4725,0.648039
-485.3315,40.7360,-1205.9640,0.648137
-485.6572,40.7460,-1206.4410,0.648231
-485.9925,40.7554,-1206.9049,0.648327
-486.3687,40.7648,-1207.3965,0.648430
-486.7227,40.7722,-1207.8337,0.648521
-487.0848,40.7785,-1208.2587,0.648612
-487.4549,40.7839,-1208.6710,0.648706
-487.8328,40.7883,-1209.0708,0.648794
-488.2182,40.7918,-1209.4584,0.648882
-488.6107,40.7944,-1209.8339,0.648971
-489.0470,40.7961,-1210.2300,0.649066
-489.4543,40.7967,-1210.5807,0.649154
-489.8683,40.7963,-1210.9196,0.649242
-490.2889,40.7950,-1211.2463,0.649326
-490.7157,40.7928,-1211.5612,0.649412
-491.1485,40.7898,-1211.8636,0.649495
-491.5869,40.7858,-1212.1538,0.649578
-492.0316,40.7809,-1212.4321,0.649665
-492.4854,40.7757,-1212.7009,0.649749
-492.9921,40.7699,-1212.9840,0.649842
-493.4673,40.7647,-1213.2336,0.649927
-493.9526,40.7592,-1213.4741,0.650013
-494.4477,40.7534,-1213.7050,0.650101
-494.9526,40.7478,-1213.9253,0.650184
-495.4677,40.7430,-1214.1349,0.650272
-495.9929,40.7392,-1214.3334,0.650362
-496.5768,40.7362,-1214.5367,0.650456
-497.1219,40.7343,-1214.7115,0.650546
-497.6761,40.7330,-1214.8748,0.650635
-498.2390,40.7326,-1215.0260,0.650726
-498.8105,40.7332,-1215.1650,0.650822
-499.3901,40.7348,-1215.2915,0.650916
-500.3017,40.7394,-1215.4618,0.651066
-500.9012,40.7435,-1215.5553,0.651162
-501.5081,40.7487,-1215.6354,0.651260
-502.1214,40.7548,-1215.7013,0.651360
-502.7410,40.7620,-1215.7535,0.651457
-503.4235,40.7710,-1215.7938,0.651573
-504.0549,40.7800,-1215.8153,0.651674
-504.6915,40.7897,-1215.8224,0.651776
-505.3329,40.7998,-1215.8157,0.651881
-505.9789,40.8100,-1215.7942,0.651990
-506.6288,40.8200,-1215.7590,0.652099
-507.2826,40.8295,-1215.7097,0.652201
-507.9995,40.8391,-1215.6401,0.652319
-508.6597,40.8471,-1215.5619,0.652429
-509.3221,40.8543,-1215.4695,0.652541
-509.9866,40.8603,-1215.3635,0.652650
-510.6534,40.8658,-1215.2440,0.652757
-511.3226,40.8709,-1215.1108,0.652873
-511.9941,40.8757,-1214.9635,0.652989
-512.7292,40.8806,-1214.7870,0.653115
-513.4049,40.8850,-1214.6100,0.653228
-514.0823,40.8892,-1214.4193,0.653349
-514.7620,40.8932,-1214.2142,0.653468
-515.4442,40.8972,-1213.9955,0.653586
-516.1292,40.9012,-1213.7633,0.653703
-516.8172,40.9050,-1213.5182,0.653825
-517.5080,40.9082,-1213.2604,0.653951
-518.2651,40.9118,-1212.9646,0.654087
-518.9623,40.9154,-1212.6802,0.654213
-519.6627,40.9187,-1212.3835,0.654341
-520.3663,40.9214,-1212.0747,0.654471
-521.0739,40.9235,-1211.7540,0.654603
-521.7852,40.9255,-1211.4213,0.654734
-522.4999,40.9277,-1211.0765,0.654868
-523.2179,40.9295,-1210.7207,0.655006
-524.0056,40.9307,-1210.3201,0.655152
-524.7321,40.9316,-1209.9407,0.655294
-525.4586,40.9327,-1209.5505,0.655437
-526.1799,40.9335,-1209.1527,0.655576
-526.9016,40.9342,-1208.7476,0.655719
-527.6279,40.9353,-1208.3340,0.655863
-528.3578,40.9369,-1207.9111,0.656007
-529.1584,40.9394,-1207.4407,0.656169
-529.8966,40.9420,-1207.0023,0.656320
-530.6396,40.9449,-1206.5581,0.656465
-531.3881,40.9482,-1206.1088,0.656618
-532.1425,40.9520,-1205.6544,0.656770
-532.9030,40.9563,-1205.1956,0.656926
-533.6694,40.9613,-1204.7323,0.657080
-534.5126,40.9673,-1204.2223,0.657251
-535.2917,40.9735,-1203.7509,0.657411
-536.0771,40.9803,-1203.2756,0.657570
-536.8688,40.9874,-1202.7968,0.657733
-537.6669,40.9951,-1202.3141,0.657896
-538.4713,41.0033,-1201.8279,0.658056
-539.2818,41.0122,-1201.3381,0.658221
-540.0984,41.0219,-1200.8451,0.658389
-540.9212,41.0321,-1200.3484,0.658556
-541.8263,41.0439,-1199.8027,0.658741
-542.6625,41.0555,-1199.2990,0.658911
-543.5047,41.0677,-1198.7917,0.659083
-544.3529,41.0805,-1198.2814,0.659257
-545.2072,41.0936,-1197.7676,0.659428
-546.0678,41.1072,-1197.2504,0.659605
-546.9346,41.1213,-1196.7296,0.659781
-547.8871,41.1378,-1196.1578,0.659975
-548.7664,41.1546,-1195.6304,0.660156
-549.6517,41.1725,-1195.0995,0.660336
-550.5436,41.1917,-1194.5651,0.660518
-551.4415,41.2119,-1194.0275,0.660699
-552.3450,41.2324,-1193.4868,0.660883
-553.2542,41.2528,-1192.9430,0.661068
-554.2531,41.2747,-1192.3461,0.661271
-555.1752,41.2948,-1191.7953,0.661461
-556.1034,41.3143,-1191.2412,0.661650
-557.0377,41.3328,-1190.6844,0.661839
-557.9777,41.3507,-1190.1251,0.662031
-558.9235,41.3678,-1189.5632,0.662223
-559.8759,41.3855,-1188.9985,0.662417
-560.8350,41.4046,-1188.4312,0.662612
-561.8883,41.4268,-1187.8093,0.662826
-562.8600,41.4482,-1187.2368,0.663022
-563.8374,41.4696,-1186.6620,0.663221
-564.8204,41.4905,-1186.0851,0.663421
-565.8092,41.5109,-1185.5059,0.663621
-566.8042,41.5311,-1184.9247,0.663822
-567.8054,41.5512,-1184.3413,0.664025
-568.8126,41.5714,-1183.7563,0.664228
-569.9178,41.5932,-1183.1163,0.664452
-570.9370,41.6129,-1182.5277,0.664658
-571.9623,41.6324,-1181.9374,0.664866
-572.9916,41.6517,-1181.3467,0.665073
-574.0208,41.6702,-1180.7576,0.665281
-575.0532,41.6883,-1180.1678,0.665488
-576.0930,41.7066,-1179.5751,0.665697
-577.2343,41.7266,-1178.9255,0.665928
-578.2859,41.7448,-1178.3284,0.666139
-579.3425,41.7629,-1177.7291,0.666350
-580.4042,41.7811,-1177.1282,0.666565
-581.4712,41.7994,-1176.5250,0.666779
-582.5433,41.8179,-1175.9200,0.666996
-583.6205,41.8363,-1175.3131,0.667211
-584.7028,41.8542,-1174.7042,0.667427
-585.8893,41.8732,-1174.0380,0.667666
-586.9821,41.8900,-1173.4252,0.667885
-588.0801,41.9062,-1172.8107,0.668106
-589.1834,41.9225,-1172.1940,0.668325
-590.2916,41.9388,-1171.5754,0.668549
-591.4048,41.9551,-1170.9546,0.668770
-592.5229,41.9714,-1170.3318,0.668994
-593.6459,41.9875,-1169.7067,0.669220
-594.8764,42.0048,-1169.0221,0.669466
-596.0093,42.0205,-1168.3920,0.669693
-597.1470,42.0361,-1167.7592,0.669922
-598.2892,42.0517,-1167.1238,0.670150
-599.4362,42.0666,-1166.4858,0.670378
-600.5877,42.0807,-1165.8452,0.670608
-601.7438,42.0936,-1165.2021,0.670840
-603.0103,42.1056,-1164.4976,0.671094
-604.1760,42.1156,-1163.8489,0.671328
-605.3463,42.1248,-1163.1975,0.671561
-606.5215,42.1343,-1162.5436,0.671796
-607.7014,42.1443,-1161.8871,0.672033
-608.8859,42.1551,-1161.2280,0.672268
-610.0749,42.1663,-1160.5664,0.672507
-611.3772,42.1787,-1159.8417,0.672769
-612.5756,42.1898,-1159.1747,0.673008
-613.7785,42.2004,-1158.5051,0.673250
-614.9859,42.2102,-1157.8330,0.673491
-616.1976,42.2193,-1157.1583,0.673734
-617.4135,42.2273,-1156.4811,0.673978
-618.6338,42.2344,-1155.8013,0.674222
-619.8583,42.2408,-1155.1188,0.674469
-621.0869,42.2466,-1154.4336,0.674711
-622.4320,42.2525,-1153.6831,0.674982
-623.6693,42.2580,-1152.9923,0.675231
-624.9106,42.2640,-1152.2988,0.675479
-626.1562,42.2708,-1151.6025,0.675728
-627.4056,42.2785,-1150.9037,0.675978
-628.6590,42.2869,-1150.2021,0.676232
-629.9164,42.2956,-1149.4980,0.676482
-631.2927,42.3046,-1148.7271,0.676759
-632.5582,42.3113,-1148.0178,0.677011
-633.8262,42.3164,-1147.3069,0.677267
-635.0934,42.3197,-1146.5966,0.677521
-636.3624,42.3217,-1145.8844,0.677774
-637.6373,42.3232,-1145.1688,0.678029
-638.9161,42.3245,-1144.4510,0.678289
-640.3157,42.3260,-1143.6655,0.678566
-641.6025,42.3276,-1142.9435,0.678826
-642.8931,42.3296,-1142.2194,0.679084
-644.1875,42.3314,-1141.4935,0.679343
-645.4858,42.3327,-1140.7661,0.679605
-646.7878,42.3327,-1140.0367,0.679864
-648.0937,42.3317,-1139.3057,0.680127
-649.5226,42.3301,-1138.5061,0.680414
-650.8366,42.3289,-1137.7712,0.680675
-652.1544,42.3286,-1137.0347,0.680940
-653.4760,42.3293,-1136.2963,0.681208
-654.8015,42.3306,-1135.5559,0.681471
-656.1306,42.3318,-1134.8138,0.681740
-657.4633,42.3320,-1134.0699,0.682005
-658.7996,42.3304,-1133.3241,0.682274
-660.1395,42.3270,-1132.5764,0.682540
-661.6055,42.3213,-1131.7584,0.682835
-662.9531,42.3150,-1131.0066,0.683105
-664.3044,42.3086,-1130.2527,0.683374
-665.6595,42.3030,-1129.4967,0.683647
-667.0182,42.2984,-1128.7386,0.683921
-668.3806,42.2942,-1127.9786,0.684191
-669.7467,42.2880,-1127.2167,0.684466
-671.2407,42.2773,-1126.3835,0.684766
-672.6135,42.2638,-1125.6177,0.685040
-673.9904,42.2493,-1124.8495,0.685317
-675.3712,42.2355,-1124.0790,0.685593
-676.7557,42.2226,-1123.3063,0.685868
-678.1436,42.2102,-1122.5315,0.686146
-679.5350,42.1977,-1121.7546,0.686426
-681.0566,42.1833,-1120.9043,0.686728
-682.4551,42.1696,-1120.1222,0.687011
-683.8565,42.1556,-1119.3370,0.687291
-685.2608,42.1414,-1118.5483,0.687574
-686.6674,42.1270,-1117.7554,0.687854
-688.0751,42.1124,-1116.9567,0.688138
-689.4832,42.0974,-1116.1506,0.688419
-690.8905,42.0822,-1115.3356,0.688704
-692.4237,42.0651,-1114.4346,0.689014
-693.8258,42.0492,-1113.5961,0.689298
-695.2236,42.0331,-1112.7445,0.689585
-696.6161,42.0169,-1111.8784,0.689869
-698.0025,42.0007,-1110.9974,0.690156
-699.3821,41.9849,-1110.1003,0.690441
-700.7537,41.9698,-1109.1868,0.690729
-702.1171,41.9553,-1108.2568,0.691016
-703.5945,41.9402,-1107.2236,0.691329
-704.9394,41.9266,-1106.2593,0.691617
-706.2750,41.9133,-1105.2789,0.691904
-707.6011,41.9002,-1104.2825,0.692194
-708.9174,41.8872,-1103.2700,0.692482
-710.2238,41.8743,-1102.2416,0.692772
-711.5200,41.8613,-1101.1979,0.693062
-712.9226,41.8467,-1100.0414,0.693379
-714.1976,41.8329,-1098.9658,0.693669
-715.4623,41.8186,-1097.8755,0.693960
-716.7169,41.8035,-1096.7704,0.694252
-717.9612,41.7874,-1095.6505,0.694542
-719.1955,41.7701,-1094.5170,0.694835
-720.4197,41.7514,-1093.3694,0.695128
-721.7441,41.7289,-1092.1021,0.695445
-722.9485,41.7060,-1090.9266,0.695741
-724.1443,41.6800,-1089.7393,0.696035
-725.3327,41.6498,-1088.5405,0.696330
-726.5137,41.6151,-1087.3311,0.696624
-727.6868,41.5761,-1086.1106,0.696920
-728.8519,41.5333,-1084.8788,0.697217
-730.1134,41.4830,-1083.5216,0.697542
-731.2609,41.4335,-1082.2654,0.697837
-732.3995,41.3807,-1080.9978,0.698136
-733.5290,41.3250,-1079.7185,0.698434
-734.6487,41.2667,-1078.4272,0.698733
-735.7579,41.2063,-1077.1237,0.699032
-736.8563,41.1443,-1075.8074,0.699331
-737.9429,41.0810,-1074.4785,0.699631
-739.0171,41.0167,-1073.1365,0.699931
-740.1739,40.9461,-1071.6573,0.700260
-741.2200,40.8813,-1070.2874,0.700561
-742.2524,40.8163,-1068.9042,0.700863
-743.2697,40.7521,-1067.5074,0.701165
-744.2704,40.6901,-1066.0962,0.701467
-745.2545,40.6300,-1064.6708,0.701770
-746.2222,40.5716,-1063.2318,0.702072
-747.2576,40.5109,-1061.6461,0.702403
-748.1870,40.4592,-1060.1774,0.702707
-749.0982,40.4101,-1058.6953,0.703011
-749.9924,40.3626,-1057.2003,0.703314
-750.8707,40.3153,-1055.6936,0.703619
-751.7347,40.2664,-1054.1764,0.703924
-752.5840,40.2155,-1052.6490,0.704228
-753.4928,40.1588,-1050.9706,0.704562
-754.3077,40.1074,-1049.4197,0.704868
-755.1039,40.0576,-1047.8571,0.705174
-755.8810,40.0098,-1046.2831,0.705480
-756.6383,39.9640,-1044.6978,0.705785
-757.3755,39.9205,-1043.1013,0.706093
-758.0923,39.8795,-1041.4939,0.706397
-758.7881,39.8414,-1039.8755,0.706705
-759.4622,39.8067,-1038.2463,0.707011
-760.1721,39.7730,-1036.4572,0.707347
-760.7991,39.7463,-1034.8064,0.707654
-761.4031,39.7238,-1033.1459,0.707961
-761.9841,39.7055,-1031.4756,0.708268
-762.5421,39.6916,-1029.7959,0.708577
-763.0779,39.6824,-1028.1069,0.708883
-763.5921,39.6781,-1026.4093,0.709191
-764.1278,39.6789,-1024.5492,0.709527
-764.5951,39.6848,-1022.8405,0.709834
-765.0420,39.6959,-1021.1251,0.710142
-765.4692,39.7126,-1019.4017,0.710450
-765.8776,39.7345,-1017.6715,0.710758
-766.2684,39.7610,-1015.9351,0.711069
-766.6430,39.7908,-1014.1929,0.711375
-767.0341,39.8255,-1012.2863,0.711713
-767.3772,39.8584,-1010.5333,0.712021
-767.7055,39.8920,-1008.7751,0.712331
-768.0181,39.9266,-1007.0122,0.712642
-768.3141,39.9620,-1005.2445,0.712953
-768.5934,39.9978,-1003.4722,0.713262
-768.8575,40.0321,-1001.6957,0.713575
-769.1055,40.0648,-999.9156,0.713887
-769.4498,40.1185,-997.1564,0.714368
-769.6461,40.1563,-995.3660,0.714678
-769.8242,40.1939,-993.5724,0.714990
-770.0033,40.2309,-991.6125,0.715332
-770.1580,40.2576,-989.8137,0.715644
-770.3037,40.2777,-988.0124,0.715958
-770.4393,40.2927,-986.2079,0.716271
-770.5613,40.3060,-984.3995,0.716584
-770.6675,40.3201,-982.5879,0.716901
-770.7587,40.3349,-980.7735,0.717217
-770.8418,40.3507,-978.7912,0.717560
-770.9042,40.3644,-976.9713,0.717875
-770.9541,40.3776,-975.1487,0.718192
-770.9922,40.3903,-973.3233,0.718508
-771.0207,40.4009,-971.4951,0.718826
-771.0420,40.4069,-969.6644,0.719144
-771.0572,40.4067,-967.8318,0.719461
-771.0657,40.4031,-965.9961,0.719781
-771.0663,40.3989,-964.1570,0.720102
-771.0579,40.3951,-962.1474,0.720450
-771.0421,40.3921,-960.3024,0.720774
-771.0183,40.3892,-958.4550,0.721093
-770.9865,40.3863,-956.6051,0.721415
-770.9461,40.3835,-954.7527,0.721734
-770.8964,40.3813,-952.8979,0.722057
-770.8369,40.3798,-951.0408,0.722382
-770.7603,40.3788,-949.0125,0.722733
-770.6794,40.3779,-947.1510,0.723058
-770.5880,40.3765,-945.2876,0.723384
-770.4862,40.3741,-943.4222,0.723704
-770.3738,40.3704,-941.5551,0.724029
-770.2507,40.3654,-939.6861,0.724354
-770.1163,40.3593,-937.8156,0.724677
-769.9556,40.3525,-935.7733,0.725034
-769.7943,40.3479,-933.9002,0.725360
-769.6183,40.3455,-932.0257,0.725686
-769.4303,40.3434,-930.1500,0.726012
-769.2312,40.3391,-928.2734,0.726340
-769.0214,40.3318,-926.3962,0.726668
-768.7996,40.3242,-924.5172,0.726992
-768.5647,40.3183,-922.6368,0.727324
-768.2939,40.3136,-920.5846,0.727684
-768.0312,40.3118,-918.7028,0.728012
-767.7543,40.3124,-916.8209,0.728346
-767.4619,40.3162,-914.9390,0.728674
-767.1547,40.3221,-913.0571,0.729003
-766.8347,40.3286,-911.1752,0.729335
-766.5030,40.3339,-909.2928,0.729666
-766.1606,40.3369,-907.4101,0.730001
-765.7753,40.3371,-905.3556,0.730364
-765.4109,40.3352,-903.4717,0.730696
-765.0352,40.3324,-901.5875,0.731030
-764.6479,40.3295,-899.7029,0.731362
-764.2491,40.3264,-897.8184,0.731698
-763.8400,40.3217,-895.9337,0.732031
-763.4210,40.3145,-894.0485,0.732366
-762.9528,40.3035,-891.9918,0.732731
-762.5118,40.2920,-890.1066,0.733068
-762.0582,40.2812,-888.2219,0.733404
-761.5912,40.2718,-886.3379,0.733740
-761.1113,40.2634,-884.4548,0.734078
-760.6198,40.2543,-882.5723,0.734417
-760.1179,40.2431,-880.6903,0.734754
-759.5580,40.2290,-878.6376,0.735125
-759.0330,40.2156,-876.7564,0.735464
-758.4967,40.2021,-874.8759,0.735806
-757.9503,40.1873,-872.9955,0.736146
-757.3950,40.1696,-871.1156,0.736488
-756.8315,40.1489,-869.2354,0.736831
-756.2592,40.1268,-867.3549,0.737174
-755.6775,40.1054,-865.4743,0.737516
-755.0865,40.0852,-863.5938,0.737860
-754.4329,40.0626,-861.5422,0.738234
-753.8262,40.0395,-859.6616,0.738580
-753.2125,40.0140,-857.7804,0.738924
-752.5914,39.9879,-855.8987,0.739269
-751.9619,39.9630,-854.0171,0.739615
-751.3234,39.9396,-852.1359,0.739961
-750.6764,39.9164,-850.2548,0.740307
-749.9611,39.8894,-848.2032,0.740686
-749.2968,39.8625,-846.3231,0.741035
-748.6235,39.8338,-844.4434,0.741382
-747.9414,39.8029,-842.5641,0.741731
-747.2508,39.7684,-840.6857,0.742079
-746.5524,39.7288,-838.8079,0.742430
-745.8455,39.6848,-836.9308,0.742780
-745.0629,39.6342,-834.8845,0.743163
-744.3333,39.5881,-833.0104,0.743514
-743.5917,39.5432,-831.1385,0.743865
-742.8384,39.4993,-829.2689,0.744217
-742.0740,39.4551,-827.4013,0.744569
-741.2992,39.4097,-825.5357,0.744921
-740.5138,39.3633,-823.6721,0.745275
-739.7174,39.3164,-821.8104,0.745629
-738.8369,39.2635,-819.7817,0.746015
-738.0206,39.2110,-817.9238,0.746369
-737.1960,39.1532,-816.0674,0.746724
-736.3623,39.0912,-814.2127,0.747079
-735.5175,39.0281,-812.3604,0.747435
-734.6599,38.9667,-810.5112,0.747791
-733.7893,38.9077,-808.6658,0.748148
-732.9064,38.8499,-806.8235,0.748504
-731.9311,38.7856,-804.8173,0.748894
-731.0267,38.7235,-802.9808,0.749251
-730.1121,38.6590,-801.1472,0.749609
-729.1863,38.5934,-799.3165,0.749968
-728.2489,38.5273,-797.4892,0.750327
-727.3004,38.4601,-795.6653,0.750685
-726.3403,38.3923,-793.8451,0.751044
-725.2793,38.3193,-791.8639,0.751437
-724.2946,38.2532,-790.0516,0.751797
-723.2991,38.1862,-788.2429,0.752157
-722.2943,38.1162,-786.4369,0.752518
-721.2806,38.0425,-784.6337,0.752879
-720.2573,37.9667,-782.8333,0.753239
-719.2235,37.8911,-781.0362,0.753602
-718.1790,37.8164,-779.2425,0.753964
-717.0281,37.7353,-777.2894,0.754358
-715.9636,37.6596,-775.5021,0.754721
-714.8911,37.5812,-773.7171,0.755084
-713.8105,37.4996,-771.9346,0.755447
-712.7214,37.4161,-770.1545,0.755809
-711.6231,37.3322,-768.3774,0.756173
-710.5152,37.2494,-766.6034,0.756536
-709.3979,37.1676,-764.8326,0.756900
-708.1689,37.0784,-762.9042,0.757296
-707.0337,36.9953,-761.1393,0.757661
-705.8908,36.9103,-759.3769,0.758027
-704.7405,36.8245,-757.6189,0.758390
-703.5828,36.7407,-755.8680,0.758755
-702.4138,36.6613,-754.1214,0.759120
-701.2325,36.5877,-752.3801,0.759486
-699.9293,36.5144,-750.4879,0.759883
-698.7215,36.4521,-748.7604,0.760247
-697.5012,36.3922,-747.0396,0.760614
-696.2684,36.3342,-745.3260,0.760977
-695.0229,36.2774,-743.6193,0.761347
-693.7653,36.2203,-741.9200,0.761711
-692.4967,36.1605,-740.2270,0.762081
-691.1014,36.0908,-738.3869,0.762479
-689.8108,36.0244,-736.7071,0.762847
-688.5075,35.9582,-735.0349,0.763217
-687.1912,35.8932,-733.3707,0.763585
-685.8626,35.8285,-731.7144,0.763954
-684.5223,35.7626,-730.0657,0.764322
-683.1707,35.6951,-728.4249,0.764688
-681.8076,35.6256,-726.7914,0.765060
-680.3077,35.5474,-725.0181,0.765461
-678.9213,35.4731,-723.4006,0.765831
-677.5237,35.3969,-721.7908,0.766203
-676.1142,35.3205,-720.1895,0.766575
-674.6921,35.2453,-718.5970,0.766941
-673.2589,35.1690,-717.0123,0.767309
-671.8168,35.0885,-715.4340,0.767682
-670.3662,35.0032,-713.8614,0.768057
-668.7733,34.9067,-712.1527,0.768463
-667.3022,34.8186,-710.5938,0.768832
-665.8205,34.7330,-709.0422,0.769204
-664.3290,34.6497,-707.4976,0.769572
-662.8288,34.5670,-705.9586,0.769948
-661.3210,34.4834,-704.4246,0.770321
-659.8059,34.3991,-702.8952,0.770694
-658.1444,34.3080,-701.2321,0.771104
-656.6131,34.2266,-699.7128,0.771476
-655.0746,34.1471,-698.1980,0.771851
-653.5294,34.0681,-696.6873,0.772227
-651.9777,33.9891,-695.1805,0.772600
-650.4195,33.9106,-693.6776,0.772977
-648.8549,33.8326,-692.1783,0.773349
-647.1414,33.7470,-690.5467,0.773764
-645.5646,33.6680,-689.0544,0.774138
-643.9822,33.5889,-687.5652,0.774517
-642.3943,33.5100,-686.0789,0.774894
-640.8014,33.4306,-684.5951,0.775272
-639.2038,33.3504,-683.1135,0.775648
-637.6017,33.2699,-681.6338,0.776031
-635.9951,33.1898,-680.1558,0.776410
-634.2375,33.1034,-678.5453,0.776829
-632.6224,33.0232,-677.0703,0.777210
-631.0043,32.9388,-675.5963,0.777591
-629.3832,32.8487,-674.1228,0.777974
-627.7591,32.7540,-672.6498,0.778355
-626.1316,32.6567,-671.1774,0.778741
-624.5007,32.5587,-669.7056,0.779122
-622.8665,32.4604,-668.2343,0.779509
-621.0802,32.3520,-666.6295,0.779928
-619.4398,32.2508,-665.1585,0.780316
-617.7969,32.1481,-663.6875,0.780701
-616.1517,32.0448,-662.2159,0.781088
-614.5042,31.9421,-660.7435,0.781470
-612.8546,31.8400,-659.2703,0.781861
-611.2031,31.7377,-657.7961,0.782246
-609.3996,31.6251,-656.1866,0.782673
-607.7448,31.5204,-654.7098,0.783060
-606.0886,31.4132,-653.2316,0.783449
-604.4312,31.3026,-651.7518,0.783836
-602.7725,31.1888,-650.2706,0.784225
-601.1125,31.0733,-648.7878,0.784613
-599.4510,30.9584,-647.3033,0.785006
-597.6369,30.8360,-645.6817,0.785430
-595.9726,30.7265,-644.1933,0.785822
-594.3071,30.6175,-642.7031,0.786214
-592.6404,30.5069,-641.2113,0.786603
-590.9727,30.3945,-639.7180,0.786996
-589.3036,30.2819,-638.2228,0.787388
-587.6331,30.1706,-636.7257,0.787782
-585.9615,30.0594,-635.2270,0.788178
-584.2887,29.9458,-633.7267,0.788568
-582.4626,29.8181,-632.0883,0.788999
-580.7875,29.6986,-630.5845,0.789390
-579.1113,29.5780,-629.0789,0.789787
-577.4338,29.4563,-627.5715,0.790181
-575.7554,29.3334,-626.0623,0.790578
-574.0760,29.2102,-624.5511,0.790970
-572.3958,29.0885,-623.0375,0.791364
-570.5618,28.9590,-621.3836,0.791799
-568.8800,28.8429,-619.8649,0.792197
-567.1976,28.7280,-618.3436,0.792594
-565.5151,28.6135,-616.8197,0.792990
-563.8321,28.4991,-615.2931,0.793388
-562.1489,28.3853,-613.7635,0.793786
-560.4658,28.2728,-612.2309,0.794187
-558.6296,28.1516,-610.5557,0.794622
-556.9464,28.0407,-609.0172,0.795019
-555.2625,27.9280,-607.4763,0.795420
-553.5787,27.8123,-605.9329,0.795820
-551.8948,27.6933,-604.3869,0.796219
-550.2108,27.5711,-602.8384,0.796621
-548.5263,27.4463,-601.2875,0.797020
-546.6887,27.3068,-599.5926,0.797457
-545.0042,27.1748,-598.0363,0.797859
-543.3196,27.0387,-596.4775,0.798260
-541.6351,26.8995,-594.9159,0.798663
-539.9506,26.7586,-593.3511,0.799064
-538.2667,26.6162,-591.7831,0.799469
-536.5829,26.4709,-590.2122,0.799872
-534.8990,26.3221,-588.6386,0.800277
-533.2153,26.1719,-587.0620,0.800677
-531.3792,26.0097,-585.3381,0.801119
-529.6960,25.8640,-583.7543,0.801524
-528.0128,25.7202,-582.1674,0.801929
-526.3297,25.5761,-580.5776,0.802334
-524.6465,25.4312,-578.9852,0.802739
-522.9632,25.2873,-577.3898,0.803144
-521.2795,25.1470,-575.7913,0.803550
-519.4426,24.9986,-574.0438,0.803993
-517.7587,24.8650,-572.4392,0.804401
-516.0745,24.7313,-570.8322,0.804806
-514.3899,24.5956,-569.2231,0.805215
-512.7047,24.4574,-567.6119,0.805623
-511.0191,24.3173,-565.9985,0.806030
-509.3330,24.1765,-564.3829,0.806438
-507.4932,24.0232,-562.6176,0.806885
-505.8063,23.8827,-560.9969,0.807293
-504.1191,23.7412,-559.3739,0.807703
-502.4316,23.5993,-557.7485,0.808112
-500.7438,23.4588,-556.1205,0.808522
-499.0556,23.3210,-554.4898,0.808932
-497.3672,23.1856,-552.8566,0.809343
-495.6783,23.0512,-551.2211,0.809755
-493.8356,22.9055,-549.4343,0.810204
-492.1461,22.7737,-547.7938,0.810615
-490.4562,22.6444,-546.1509,0.811028
-488.7661,22.5179,-544.5054,0.811439
-487.0759,22.3952,-542.8574,0.811852
-485.3857,22.2789,-541.2063,0.812265
-483.6955,22.1703,-539.5522,0.812679
-482.0055,22.0656,-537.8955,0.813092
-480.1621,21.9479,-536.0857,0.813543
-477.7048,21.7817,-533.6689,0.814145
-475.8622,21.6550,-531.8524,0.814597
-474.1740,21.5414,-530.1837,0.815013
-472.4868,21.4298,-528.5115,0.815427
-470.8005,21.3174,-526.8361,0.815842
-469.1155,21.2024,-525.1577,0.816259
-467.4319,21.0860,-523.4756,0.816675
-465.7499,20.9720,-521.7893,0.817090
-464.0701,20.8625,-520.0984,0.817507
-462.3924,20.7570,-518.4029,0.817923
-460.5646,20.6432,-516.5485,0.818378
-458.8912,20.5370,-514.8447,0.818794
-457.2199,20.4288,-513.1368,0.819212
-455.5511,20.3204,-511.4244,0.819631
-453.8853,20.2141,-509.7068,0.820046
-452.2227,20.1100,-507.9840,0.820465
-450.5632,20.0058,-506.2561,0.820883
-448.7564,19.8888,-504.3660,0.821340
-447.1037,19.7776,-502.6284,0.821757
-445.4550,19.6644,-500.8852,0.822176
-443.8110,19.5514,-499.1354,0.822595
-442.1721,19.4388,-497.3789,0.823013
-440.5383,19.3250,-495.6161,0.823433
-438.9094,19.2085,-493.8473,0.823854
-437.1384,19.0789,-491.9103,0.824312
-435.5214,18.9605,-490.1269,0.824732
-433.9114,18.8448,-488.3354,0.825152
-432.3083,18.7314,-486.5358,0.825572
-430.7117,18.6176,-484.7289,0.825993
-429.1209,18.5006,-482.9157,0.826412
-427.5361,18.3801,-481.0959,0.826834
-425.9583,18.2583,-479.2686,0.827255
-424.2464,18.1273,-477.2650,0.827715
-422.6866,18.0101,-475.4187,0.828135
-421.1365,17.8960,-473.5629,0.828556
-419.5966,17.7860,-471.6971,0.828976
-418.0675,17.6812,-469.8211,0.829399
-416.5495,17.5821,-467.9347,0.829819
-415.0425,17.4870,-466.0381,0.830241
-413.5462,17.3937,-464.1322,0.830662
-411.9256,17.2925,-462.0427,0.831121
-410.4509,17.1996,-460.1179,0.831542
-408.9866,17.1061,-458.1841,0.831964
-407.5331,17.0120,-456.2415,0.832388
-406.0907,16.9179,-454.2896,0.832809
-404.6601,16.8248,-452.3280,0.833231
-403.2418,16.7333,-450.3568,0.833654
-401.7084,16.6345,-448.1954,0.834115
-400.3150,16.5439,-446.2047,0.834536
-398.9336,16.4531,-444.2050,0.834960
-397.5646,16.3635,-442.1958,0.835382
-396.2089,16.2763,-440.1768,0.835805
-394.8666,16.1917,-438.1481,0.836226
-393.5372,16.1087,-436.1101,0.836650
-392.2200,16.0259,-434.0636,0.837074
-390.7962,15.9345,-431.8218,0.837534
-389.5030,15.8494,-429.7584,0.837959
-388.2215,15.7633,-427.6871,0.838383
-386.9525,15.6774,-425.6073,0.838807
-385.6970,15.5935,-423.5186,0.839229
-384.4555,15.5127,-421.4207,0.839653
-383.2279,15.4347,-419.3140,0.840077
-382.0129,15.3574,-417.1992,0.840502
-380.7010,15.2719,-414.8838,0.840965
-379.5106,15.1920,-412.7538,0.841390
-378.3322,15.1111,-410.6164,0.841814
-377.1663,15.0297,-408.4714,0.842238
-376.0129,14.9480,-406.3190,0.842666
-374.8716,14.8652,-404.1595,0.843090
-373.7422,14.7806,-401.9932,0.843515
-372.5244,14.6870,-399.6219,0.843979
-371.4219,14.6019,-397.4403,0.844405
-370.3331,14.5186,-395.2510,0.844831
-369.2573,14.4365,-393.0547,0.845256
-368.1931,14.3538,-390.8519,0.845682
-367.1387,14.2679,-388.6436,0.846108
-366.0934,14.1774,-386.4305,0.846535
-364.9638,14.0752,-384.0101,0.847000
-363.9396,13.9816,-381.7850,0.847428
-362.9265,13.8902,-379.5538,0.847854
-361.9244,13.8016,-377.3166,0.848280
-360.9326,13.7154,-375.0737,0.848708
-359.9507,13.6311,-372.8255,0.849137
-358.9782,13.5485,-370.5722,0.849564
-358.0152,13.4674,-368.3138,0.849992
-356.9753,13.3799,-365.8445,0.850460
-356.0318,13.3004,-363.5759,0.850888
-355.0981,13.2217,-361.3023,0.851317
-354.1743,13.1445,-359.0237,0.851746
-353.2609,13.0693,-356.7401,0.852175
-352.3581,12.9965,-354.4512,0.852605
-351.4660,12.9261,-352.1573,0.853034
-350.5842,12.8576,-349.8586,0.853464
-349.6336,12.7832,-347.3456,0.853934
-348.7723,12.7146,-345.0374,0.854364
-347.9208,12.6460,-342.7247,0.854794
-347.0794,12.5778,-340.4076,0.855225
-346.2484,12.5107,-338.0858,0.855657
-345.4275,12.4446,-335.7596,0.856087
-344.6161,12.3790,-333.4292,0.856518
-343.7414,12.3075,-330.8824,0.856990
-342.9490,12.2419,-328.5437,0.857422
-342.1654,12.1766,-326.2013,0.857854
-341.3903,12.1114,-323.8551,0.858286
-340.6234,12.0461,-321.5053,0.858720
-339.8643,11.9800,-319.1522,0.859152
-339.1129,11.9133,-316.7958,0.859584
-338.3024,11.8413,-314.2211,0.860058
-337.5686,11.7780,-311.8572,0.860491
-336.8434,11.7175,-309.4896,0.860924
-336.1260,11.6584,-307.1188,0.861358
-335.4158,11.5984,-304.7450,0.861793
-334.7124,11.5365,-302.3685,0.862226
-334.0162,11.4738,-299.9890,0.862661
-333.3277,11.4123,-297.6062,0.863095
-332.5862,11.3477,-295.0031,0.863568
-331.9150,11.2907,-292.6135,0.864001
-331.2521,11.2357,-290.2209,0.864435
-330.5977,11.1834,-287.8250,0.864870
-329.9521,11.1346,-285.4260,0.865306
-329.3155,11.0898,-283.0237,0.865739
-328.6876,11.0479,-280.6184,0.866174
-328.0678,11.0069,-278.2103,0.866609
-327.4003,10.9613,-275.5803,0.867083
-326.7970,10.9189,-273.1666,0.867518
-326.2026,10.8776,-270.7499,0.867955
-325.6179,10.8391,-268.3301,0.868390
-325.0435,10.8039,-265.9072,0.868826
-324.4792,10.7710,-263.4814,0.869261
-323.9246,10.7386,-261.0527,0.869698
-323.3307,10.7035,-258.4002,0.870174
-322.7965,10.6703,-255.9658,0.870611
-322.2719,10.6349,-253.5289,0.871047
-321.7570,10.5975,-251.0893,0.871485
-321.2529,10.5600,-248.6470,0.871921
-320.7603,10.5240,-246.2017,0.872359
-320.2789,10.4890,-243.7537,0.872797
-319.8082,10.4534,-241.3031,0.873233
-319.3062,10.4131,-238.6270,0.873710
-318.8566,10.3751,-236.1714,0.874148
-318.4176,10.3375,-233.7133,0.874586
-317.9890,10.3004,-231.2528,0.875023
-317.5697,10.2629,-228.7901,0.875462
-317.1587,10.2236,-226.3255,0.875901
-316.7555,10.1825,-223.8589,0.876337
-316.3596,10.1398,-221.3904,0.876777
-315.9355,10.0916,-218.6955,0.877254
-315.5529,10.0448,-216.2234,0.877693
-315.1751,9.9942,-213.7499,0.878130
-314.8018,9.9396,-211.2751,0.878568
-314.4327,9.8821,-208.7988,0.879009
-314.0680,9.8233,-206.3209,0.879447
-313.7076,9.7635,-203.8416,0.879883
-313.3190,9.6959,-201.1353,0.880362
-312.9671,9.6310,-198.6532,0.880800
-312.6193,9.5634,-196.1697,0.881238
-312.2760,9.4939,-193.6848,0.881678
-311.9372,9.4225,-191.1983,0.882116
-311.6021,9.3471,-188.7106,0.882554
-311.2703,9.2652,-186.2219,0.882993
-310.9117,9.1684,-183.5058,0.883472
-310.5864,9.0758,-181.0146,0.883910
-310.2644,8.9822,-178.5218,0.884349
-309.9454,8.8885,-176.0277,0.884789
-309.6286,8.7925,-173.5324,0.885228
-309.3134,8.6915,-171.0362,0.885668
-308.9992,8.5845,-168.5392,0.886107
-308.6861,8.4729,-166.0412,0.886546
-308.3737,8.3593,-163.5420,0.886987
-308.0338,8.2337,-160.8143,0.887467
-307.7228,8.1153,-158.3130,0.887908
-307.4122,7.9918,-155.8108,0.888349
-307.1019,7.8624,-153.3079,0.888790
-306.7917,7.7295,-150.8040,0.889230
-306.4817,7.5955,-148.2988,0.889672
-306.1718,7.4619,-145.7925,0.890114
-305.8336,7.3167,-143.0571,0.890594
-305.5235,7.1838,-140.5485,0.891037
-305.2133,7.0506,-138.0389,0.891479
-304.9031,6.9174,-135.5283,0.891922
-304.5927,6.7856,-133.0164,0.892364
-304.2822,6.6560,-130.5034,0.892807
-303.9716,6.5292,-127.9892,0.893250
-303.6325,6.3944,-125.2452,0.893732
-303.3211,6.2745,-122.7287,0.894176
-303.0093,6.1570,-120.2112,0.894621
-302.6970,6.0402,-117.6927,0.895063
-302.3841,5.9229,-115.1734,0.895507
-302.0706,5.8045,-112.6532,0.895951
-301.7564,5.6853,-110.1321,0.896393
-301.4413,5.5669,-107.6101,0.896837
-301.0966,5.4407,-104.8577,0.897324
-300.7794,5.3283,-102.3338,0.897767
-300.4607,5.2185,-99.8089,0.898212
-300.1404,5.1101,-97.2833,0.898656
-299.8181,5.0022,-94.7571,0.899102
-299.4933,4.8954,-92.2302,0.899547
-299.1654,4.7911,-89.7028,0.899991
-298.8341,4.6907,-87.1748,0.900438
-298.4681,4.5856,-84.4164,0.900923
-298.1285,4.4917,-81.8875,0.901368
-297.7849,4.3997,-79.3584,0.901814
-297.4366,4.3112,-76.8289,0.902260
-297.0835,4.2284,-74.2992,0.902707
-296.7253,4.1512,-71.7692,0.903152
-296.3627,4.0773,-69.2391,0.903600
-295.9626,3.9971,-66.4791,0.904086
-295.5923,3.9226,-63.9525,0.904533
-295.2185,3.8482,-61.4282,0.904976
-294.8406,3.7764,-58.9037,0.905423
-294.4586,3.7087,-56.3790,0.905869
-294.0729,3.6453,-53.8540,0.906314
-293.6840,3.5850,-51.3288,0.906760
-293.2564,3.5220,-48.5738,0.907247
-292.8615,3.4668,-46.0480,0.907694
-292.4639,3.4140,-43.5220,0.908139
-292.0635,3.3635,-40.9957,0.908585
-291.6609,3.3149,-38.4691,0.909030
-291.2564,3.2677,-35.9431,0.909477
-290.8510,3.2225,-33.4207,0.909924
-290.4441,3.1788,-30.8992,0.910369
-290.0361,3.1349,-28.3774,0.910815
-289.5902,3.0841,-25.6259,0.911302
-289.1814,3.0356,-23.1063,0.911747
-288.7728,2.9892,-20.5888,0.912192
-288.3639,2.9485,-18.0708,0.912638
-287.9550,2.9133,-15.5519,0.913083
-287.5462,2.8809,-13.0325,0.913528
-287.1375,2.8480,-10.5127,0.913974
-286.6928,2.8103,-7.7699,0.914459
-286.2886,2.7766,-5.2750,0.914902
-285.8884,2.7471,-2.8022,0.915339
-285.4920,2.7209,-0.3508,0.915773
-285.0992,2.6956,2.0794,0.916203
-284.7104,2.6706,4.4881,0.916629
-284.3253,2.6447,6.8759,0.917052
-283.9092,2.6137,9.4571,0.917508
-283.5319,2.5831,11.8007,0.917923
-283.1583,2.5519,14.1224,0.918333
-282.7887,2.5224,16.4225,0.918740
-282.4231,2.4941,18.7013,0.919144
-282.0610,2.4666,20.9591,0.919544
-281.7015,2.4399,23.1957,0.919939
-281.3438,2.4135,25.4112,0.920331
-280.9553,2.3856,27.8036,0.920755
-280.6003,2.3619,29.9747,0.921139
-280.2463,2.3410,32.1247,0.921520
-279.8930,2.3231,34.2537,0.921897
-279.5402,2.3084,36.3618,0.922271
-279.1881,2.2962,38.4481,0.922642
-278.8369,2.2858,40.5126,0.923008
-278.4870,2.2768,42.5559,0.923369
-278.1070,2.2677,44.7610,0.923760
-277.7609,2.2596,46.7604,0.924115
-277.4170,2.2530,48.7384,0.924466
-277.0755,2.2488,50.6957,0.924812
-276.7362,2.2468,52.6328,0.925156
-276.3995,2.2465,54.5496,0.925496
-276.0656,2.2474,56.4464,0.925834
-275.7051,2.2490,58.4923,0.926196
-275.3785,2.2506,60.3448,0.926526
-275.0555,2.2522,62.1757,0.926850
-274.7362,2.2542,63.9855,0.927170
-274.4203,2.2568,65.7745,0.927488
-274.1082,2.2595,67.5429,0.927802
-273.7994,2.2618,69.2914,0.928113
-273.4667,2.2635,71.1758,0.928447
-273.1655,2.2652,72.8816,0.928750
-272.8678,2.2685,74.5668,0.929048
-272.4409,2.2770,76.9813,0.929477
-272.1255,2.2858,78.7641,0.929793
-271.8398,2.2950,80.3774,0.930079
-271.5572,2.3050,81.9706,0.930362
-271.2778,2.3155,83.5438,0.930642
-271.0016,2.3264,85.0970,0.930917
-270.7284,2.3375,86.6301,0.931191
-270.4578,2.3487,88.1433,0.931458
-270.1656,2.3610,89.7712,0.931746
-269.9001,2.3725,91.2424,0.932008
-269.6365,2.3834,92.6943,0.932266
-269.3745,2.3929,94.1277,0.932520
-269.1136,2.4011,95.5423,0.932774
-268.8538,2.4086,96.9370,0.933021
-268.5944,2.4160,98.3120,0.933264
-268.3112,2.4240,99.7904,0.933527
-268.0511,2.4309,101.1260,0.933765
-267.7905,2.4375,102.4427,0.934001
-267.5295,2.4438,103.7397,0.934231
-267.2679,2.4499,105.0172,0.934459
-267.0050,2.4558,106.2755,0.934684
-266.7405,2.4618,107.5145,0.934905
-266.4739,2.4678,108.7344,0.935122
-266.2051,2.4740,109.9348,0.935338
-265.9088,2.4818,111.2217,0.935569
-265.6339,2.4897,112.3810,0.935777
-265.3560,2.4983,113.5207,0.935981
-265.0745,2.5077,114.6411,0.936183
-264.7892,2.5179,115.7424,0.936382
-264.5004,2.5284,116.8249,0.936578
-264.2077,2.5394,117.8889,0.936771
-263.8846,2.5519,119.0281,0.936978
-263.5853,2.5634,120.0533,0.937165
-263.2830,2.5748,121.0603,0.937350
-262.9774,2.5862,122.0497,0.937531
-262.6681,2.5975,123.0217,0.937708
-262.3545,2.6083,123.9770,0.937884
-262.0367,2.6188,124.9157,0.938059
-261.6852,2.6297,125.9206,0.938246
-261.3581,2.6392,126.8244,0.938415
-261.0259,2.6483,127.7122,0.938581
-260.6888,2.6570,128.5837,0.938746
-260.3471,2.6651,129.4387,0.938909
-260.0009,2.6730,130.2769,0.939068
-259.6499,2.6806,131.0986,0.939226
-259.2938,2.6880,131.9039,0.939381
-258.9326,2.6952,132.6928,0.939539
-258.5332,2.7027,133.5350,0.939705
-258.1618,2.7090,134.2908,0.939856
-257.7848,2.7149,135.0312,0.940005
-257.4026,2.7203,135.7563,0.940154
-257.0152,2.7252,136.4662,0.940299
-256.6228,2.7295,137.1609,0.940443
-256.2271,2.7331,137.8402,0.940584
-255.7916,2.7362,138.5638,0.940738
-255.3885,2.7384,139.2113,0.940877
-254.9813,2.7401,139.8436,0.941013
-254.5701,2.7414,140.4609,0.941147
-254.1550,2.7421,141.0632,0.941280
-253.7359,2.7424,141.6506,0.941411
-253.3121,2.7424,142.2233,0.941540
-252.8443,2.7420,142.8313,0.941677
-252.4106,2.7412,143.3733,0.941807
-251.9718,2.7400,143.9006,0.941932
-251.5278,2.7383,144.4133,0.942056
-251.0785,2.7363,144.9116,0.942179
-250.6237,2.7338,145.3954,0.942301
-250.1636,2.7307,145.8649,0.942426
-249.6978,2.7271,146.3203,0.942551
-249.1832,2.7226,146.8010,0.942684
-248.7059,2.7179,147.2266,0.942804
-248.2249,2.7127,147.6373,0.942926
-247.7416,2.7073,148.0327,0.943043
-247.2564,2.7015,148.4127,0.943160
-246.7677,2.6952,148.7777,0.943277
-246.2743,2.6884,149.1282,0.943392
-245.7756,2.6813,149.4643,0.943507
-245.2254,2.6735,149.8143,0.943629
-244.7158,2.6663,150.1200,0.943741
-244.2014,2.6592,150.4114,0.943854
-243.6828,2.6521,150.6888,0.943964
-243.1603,2.6450,150.9526,0.944072
-242.6341,2.6378,151.2028,0.944180
-242.1046,2.6309,151.4395,0.944286
-241.5235,2.6236,151.6824,0.944401
-240.9881,2.6170,151.8910,0.944505
-240.4502,2.6103,152.0862,0.944608
-239.9102,2.6036,152.2680,0.944710
-239.3684,2.5969,152.4359,0.944810
-238.8235,2.5904,152.5905,0.944910
-238.2718,2.5841,152.7337,0.945011
-237.6616,2.5770,152.8771,0.945121
-237.0942,2.5703,152.9972,0.945221
-236.5193,2.5634,153.1061,0.945324
-235.9374,2.5565,153.2030,0.945426
-235.3488,2.5496,153.2877,0.945529
-234.7542,2.5426,153.3596,0.945633
-234.1536,2.5356,153.4188,0.945737
-233.5473,2.5285,153.4650,0.945842
-232.8797,2.5207,153.5004,0.945957
-232.2625,2.5136,153.5188,0.946063
-231.6405,2.5065,153.5236,0.946169
-231.0142,2.4994,153.5146,0.946277
-230.3838,2.4924,153.4920,0.946386
-229.7491,2.4853,153.4561,0.946495
-229.1100,2.4783,153.4074,0.946604
-228.4663,2.4713,153.3462,0.946716
-227.7589,2.4640,153.2650,0.946837
-227.1054,2.4575,153.1774,0.946950
-226.4469,2.4511,153.0774,0.947063
-225.7831,2.4451,152.9651,0.947178
-225.1139,2.4393,152.8406,0.947294
-224.4394,2.4338,152.7039,0.947411
-223.7598,2.4287,152.5548,0.947530
-223.0127,2.4235,152.3782,0.947661
-222.3228,2.4193,152.2033,0.947782
-221.6282,2.4154,152.0159,0.947905
-220.9286,2.4111,151.8165,0.948030
-220.2240,2.4055,151.6061,0.948154
-219.5139,2.3983,151.3851,0.948282
-218.7999,2.3902,151.1525,0.948410
-218.0839,2.3809,150.9083,0.948539
-217.3012,2.3693,150.6286,0.948680
-216.5812,2.3578,150.3592,0.948812
-215.8583,2.3462,150.0762,0.948942
-215.1330,2.3359,149.7785,0.949075
-214.4070,2.3268,149.4662,0.949208
-213.6805,2.3175,149.1400,0.949343
-212.9533,2.3092,148.7991,0.949479
-212.2258,2.3034,148.4419,0.949616
-211.4319,2.2987,148.0349,0.949769
-210.7056,2.2950,147.6465,0.949908
-209.9864,2.2918,147.2455,0.950049
-209.2734,2.2891,146.8331,0.950189
-208.5602,2.2862,146.4094,0.950330
-207.8479,2.2828,145.9735,0.950473
-207.1356,2.2789,145.5248,0.950617
-206.3584,2.2738,145.0212,0.950776
-205.6453,2.2683,144.5468,0.950923
-204.9314,2.2620,144.0603,0.951069
-204.2167,2.2555,143.5620,0.951218
-203.5014,2.2486,143.0526,0.951369
-202.7850,2.2409,142.5326,0.951520
-202.0670,2.2327,142.0019,0.951674
-201.2819,2.2237,141.4103,0.951841
-200.5609,2.2155,140.8571,0.951997
-199.8387,2.2075,140.2940,0.952153
-199.1149,2.1994,139.7213,0.952310
-198.3894,2.1914,139.1390,0.952471
-197.6622,2.1833,138.5470,0.952630
-196.9334,2.1753,137.9453,0.952794
-196.2034,2.1679,137.3340,0.952959
-195.4056,2.1601,136.6565,0.953138
-194.6718,2.1528,136.0265,0.953305
-193.9356,2.1452,135.3881,0.953473
-193.1971,2.1365,134.7417,0.953643
-192.4562,2.1266,134.0876,0.953813
-191.7132,2.1158,133.4256,0.953986
-190.9679,2.1041,132.7558,0.954160
-190.2201,2.0916,132.0774,0.954334
-189.4016,2.0779,131.3275,0.954527
-188.6495,2.0655,130.6314,0.954705
-187.8955,2.0529,129.9272,0.954883
-187.1393,2.0400,129.2148,0.955062
-186.3811,2.0269,128.4940,0.955244
-185.6209,2.0137,127.7649,0.955425
-184.8590,2.0000,127.0274,0.955609
-184.0258,1.9847,126.2135,0.955811
-183.2603,1.9701,125.4589,0.955998
-182.4928,1.9550,124.6962,0.956185
-181.7234,1.9394,123.9255,0.956375
-180.9520,1.9234,123.1469,0.956566
-180.1786,1.9069,122.3606,0.956757
-179.4028,1.8900,121.5669,0.956950
-178.5538,1.8709,120.6930,0.957162
-177.7729,1.8530,119.8849,0.957357
-176.9894,1.8344,119.0699,0.957553
-176.2034,1.8152,118.2480,0.957751
-175.4153,1.7955,117.4193,0.957949
-174.6251,1.7750,116.5839,0.958149
-173.8324,1.7536,115.7416,0.958351
-173.0374,1.7317,114.8927,0.958554
-172.2400,1.7089,114.0376,0.958758
-171.3672,1.6831,113.0974,0.958981
-170.5644,1.6588,112.2291,0.959185
-169.7590,1.6341,111.3548,0.959394
-168.9507,1.6088,110.4747,0.959602
-168.1425,1.5832,109.5920,0.959811
-167.3357,1.5573,108.7087,0.960019
-166.5263,1.5313,107.8207,0.960228
-165.6377,1.5034,106.8438,0.960458
-164.8197,1.4782,105.9424,0.960672
-163.9989,1.4527,105.0359,0.960885
-163.1757,1.4280,104.1240,0.961099
-162.3506,1.4041,103.2063,0.961315
-161.5232,1.3801,102.2824,0.961530
-160.6942,1.3567,101.3520,0.961746
-159.7881,1.3307,100.3306,0.961986
-158.9549,1.3064,99.3888,0.962205
-158.1190,1.2819,98.4416,0.962426
-157.2801,1.2580,97.4891,0.962648
-156.4383,1.2347,96.5317,0.962869
-155.5934,1.2116,95.5694,0.963092
-154.7452,1.1886,94.6026,0.963318
-153.8936,1.1652,93.6314,0.963542
-152.9606,1.1393,92.5668,0.963789
-152.1015,1.1158,91.5863,0.964017
-151.2388,1.0929,90.6015,0.964245
-150.3724,1.0706,89.6123,0.964474
-149.5025,1.0493,88.6189,0.964705
-148.6288,1.0286,87.6212,0.964936
-147.7515,1.0086,86.6192,0.965169
-146.8707,0.9893,85.6130,0.965402
-145.9056,0.9687,84.5106,0.965657
-145.0172,0.9510,83.4956,0.965893
-144.1254,0.9341,82.4764,0.966127
-143.2298,0.9178,81.4529,0.966365
-142.3309,0.9027,80.4254,0.966604
-141.4284,0.8881,79.3939,0.966844
-140.5222,0.8742,78.3582,0.967083
-139.5297,0.8597,77.2240,0.967346
-138.6161,0.8467,76.1803,0.967588
-137.6988,0.8341,75.1328,0.967831
-136.7780,0.8219,74.0816,0.968074
-135.8535,0.8101,73.0267,0.968319
-134.9255,0.7986,71.9682,0.968564
-133.9940,0.7872,70.9061,0.968811
-132.9738,0.7746,69.7434,0.969081
-132.0349,0.7629,68.6739,0.969329
-131.0926,0.7509,67.6009,0.969579
-130.1467,0.7386,66.5245,0.969828
-129.1974,0.7268,65.4447,0.970079
-128.2444,0.7158,64.3614,0.970331
-127.2878,0.7058,63.2748,0.970583
-126.3277,0.6967,62.1850,0.970836
-125.2763,0.6871,60.9924,0.971114
-124.3088,0.6779,59.8959,0.971369
-123.3379,0.6676,58.7963,0.971625
-122.3636,0.6561,57.6937,0.971881
-121.3857,0.6437,56.5879,0.972139
-120.4044,0.6309,55.4789,0.972397
-119.4198,0.6182,54.3671,0.972656
-118.4348,0.6062,53.2556,0.972915
-117.3596,0.5940,52.0430,0.973198
-116.3689,0.5841,50.9264,0.973459
-115.3747,0.5753,49.8066,0.973720
-114.3773,0.5675,48.6839,0.973980
-113.3767,0.5606,47.5583,0.974242
-112.3730,0.5548,46.4299,0.974508
-111.3662,0.5506,45.2987,0.974772
-110.2643,0.5476,44.0613,0.975061
-109.2508,0.5462,42.9240,0.975326
-108.2342,0.5455,41.7840,0.975593
-107.2146,0.5448,40.6413,0.975860
-106.1918,0.5435,39.4959,0.976128
-105.1659,0.5417,38.3476,0.976397
-104.1369,0.5391,37.1966,0.976666
-103.1048,0.5363,36.0427,0.976936
-101.9753,0.5329,34.7806,0.977231
-100.9369,0.5296,33.6209,0.977503
-99.8953,0.5262,32.4582,0.977775
-98.8507,0.5229,31.2928,0.978048
-97.8029,0.5197,30.1246,0.978322
-96.7520,0.5164,28.9537,0.978596
-95.6980,0.5122,27.7801,0.978872
-94.6409,0.5063,26.6038,0.979148
-93.4843,0.4971,25.3176,0.979449
-92.4208,0.4864,24.1356,0.979727
-91.3541,0.4741,22.9510,0.980005
-89.6989,0.4552,21.1150,0.980436
-88.6234,0.4446,19.9238,0.980716
-87.5445,0.4358,18.7301,0.980997
-86.4619,0.4281,17.5342,0.981278
-85.3759,0.4208,16.3359,0.981560
-84.2866,0.4129,15.1353,0.981844
-83.1939,0.4041,13.9324,0.982127
-82.0978,0.3948,12.7270,0.982411
-80.8981,0.3848,11.4093,0.982722
-79.7950,0.3764,10.1987,0.983008
-78.6885,0.3689,8.9857,0.983294
-77.5790,0.3619,7.7701,0.983582
-76.4664,0.3549,6.5519,0.983870
-75.3509,0.3479,5.3311,0.984158
-74.2323,0.3412,4.1077,0.984448
-73.0086,0.3351,2.7700,0.984764
-71.8838,0.3311,1.5411,0.985055
-70.7559,0.3285,0.3095,0.985346
-69.6251,0.3267,-0.9247,0.985639
-68.4916,0.3249,-2.1614,0.985929
-67.3552,0.3218,-3.4008,0.986223
-66.2161,0.3168,-4.6426,0.986519
-64.9703,0.3093,-6.0002,0.986841
-63.8251,0.3014,-7.2472,0.987136
-62.6770,0.2940,-8.4967,0.987432
-61.5258,0.2880,-9.7486,0.987729
-60.3716,0.2846,-11.0028,0.988027
-59.2144,0.2838,-12.2592,0.988325
-58.0542,0.2854,-13.5179,0.988623
-56.8911,0.2890,-14.7787,0.988923
-55.7251,0.2935,-16.0417,0.989223
-54.4498,0.2991,-17.4219,0.989551
-53.2778,0.3044,-18.6892,0.989852
-52.1027,0.3094,-19.9585,0.990154
-50.9248,0.3141,-21.2299,0.990456
-49.7441,0.3175,-22.5034,0.990760
-48.4529,0.3197,-23.8951,0.991091
-47.3744,0.3204,-25.0567,0.991369
-46.0771,0.3203,-26.4530,0.991701
-44.8850,0.3197,-27.7351,0.992007
-43.6901,0.3191,-29.0194,0.992313
-42.4925,0.3187,-30.3057,0.992620
-41.2920,0.3183,-31.5941,0.992928
-40.0888,0.3181,-32.8844,0.993235
-38.8826,0.3178,-34.1766,0.993544
-37.5637,0.3175,-35.5885,0.993882
-36.3517,0.3174,-36.8848,0.994192
-35.1369,0.3175,-38.1829,0.994503
-33.9192,0.3182,-39.4829,0.994815
-32.6987,0.3194,-40.7848,0.995126
-31.4753,0.3203,-42.0883,0.995439
-30.2491,0.3201,-43.3936,0.995753
-28.9083,0.3179,-44.8196,0.996094
-27.6763,0.3140,-46.1285,0.996408
-26.4431,0.3094,-47.4375,0.996722
-25.2101,0.3057,-48.7446,0.997036
-23.9739,0.3042,-50.0538,0.997351
-22.7344,0.3059,-51.3649,0.997666
-21.4921,0.3104,-52.6775,0.997981
-20.2470,0.3166,-53.9915,0.998298
-18.8858,0.3234,-55.4267,0.998643
-17.6354,0.3284,-56.7439,0.998960
-16.3825,0.3321,-58.0627,0.999277
-15.1269,0.3360,-59.3833,0.999594
-13.8687,0.3418,-60.7054,0.999945
