# TrackBridge. Unreal-oriented centimetres: X=AC X, Y=AC Z, Z=AC Y.
mtllib model.mtl
o AC_TIME_0_L_0
usemtl material_0
v -9175.920868 6049.902725 -40.000001
v -9175.920868 6249.902725 -40.000001
v -8975.920868 6249.902725 -40.000001
v -8975.920868 6049.902725 -40.000001
v -9175.920868 6049.902725 160.000002
v -8975.920868 6049.902725 160.000002
v -8975.920868 6249.902725 160.000002
v -9175.920868 6249.902725 160.000002
v -9175.920868 6049.902725 -40.000001
v -8975.920868 6049.902725 -40.000001
v -8975.920868 6049.902725 160.000002
v -9175.920868 6049.902725 160.000002
v -8975.920868 6049.902725 -40.000001
v -8975.920868 6249.902725 -40.000001
v -8975.920868 6249.902725 160.000002
v -8975.920868 6049.902725 160.000002
v -8975.920868 6249.902725 -40.000001
v -9175.920868 6249.902725 -40.000001
v -9175.920868 6249.902725 160.000002
v -8975.920868 6249.902725 160.000002
v -9175.920868 6249.902725 -40.000001
v -9175.920868 6049.902725 -40.000001
v -9175.920868 6049.902725 160.000002
v -9175.920868 6249.902725 160.000002
vt 1 1
vt 1 2
vt 0 2
vt 0 1
vt 0 1
vt 1 1
vt 1 2
vt 0 2
vt 0 1
vt 1 1
vt 1 2
vt 0 2
vt 0 1
vt 1 1
vt 1 2
vt 0 2
vt 0 1
vt 1 1
vt 1 2
vt 0 2
vt 0 1
vt 1 1
vt 1 2
vt 0 2
vn 0 -0.0 -1
vn 0 -0.0 -1
vn 0 -0.0 -1
vn 0 -0.0 -1
vn 0 -0.0 1
vn 0 -0.0 1
vn 0 -0.0 1
vn 0 -0.0 1
vn 0 -1.0 0
vn 0 -1.0 0
vn 0 -1.0 0
vn 0 -1.0 0
vn 1 -0.0 0
vn 1 -0.0 0
vn 1 -0.0 0
vn 1 -0.0 0
vn 0 1.0 0
vn 0 1.0 0
vn 0 1.0 0
vn 0 1.0 0
vn -1 -0.0 0
vn -1 -0.0 0
vn -1 -0.0 0
vn -1 -0.0 0
f 2/2/2 3/3/3 1/1/1
f 4/4/4 1/1/1 3/3/3
f 6/6/6 7/7/7 5/5/5
f 8/8/8 5/5/5 7/7/7
f 10/10/10 11/11/11 9/9/9
f 12/12/12 9/9/9 11/11/11
f 14/14/14 15/15/15 13/13/13
f 16/16/16 13/13/13 15/15/15
f 18/18/18 19/19/19 17/17/17
f 20/20/20 17/17/17 19/19/19
f 22/22/22 23/23/23 21/21/21
f 24/24/24 21/21/21 23/23/23
o AC_TIME_0_R_1
usemtl material_0
v -12232.730865 3008.387756 -40.000001
v -12232.730865 3208.387756 -40.000001
v -12032.730865 3208.387756 -40.000001
v -12032.730865 3008.387756 -40.000001
v -12232.730865 3008.387756 160.000002
v -12032.730865 3008.387756 160.000002
v -12032.730865 3208.387756 160.000002
v -12232.730865 3208.387756 160.000002
v -12232.730865 3008.387756 -40.000001
v -12032.730865 3008.387756 -40.000001
v -12032.730865 3008.387756 160.000002
v -12232.730865 3008.387756 160.000002
v -12032.730865 3008.387756 -40.000001
v -12032.730865 3208.387756 -40.000001
v -12032.730865 3208.387756 160.000002
v -12032.730865 3008.387756 160.000002
v -12032.730865 3208.387756 -40.000001
v -12232.730865 3208.387756 -40.000001
v -12232.730865 3208.387756 160.000002
v -12032.730865 3208.387756 160.000002
v -12232.730865 3208.387756 -40.000001
v -12232.730865 3008.387756 -40.000001
v -12232.730865 3008.387756 160.000002
v -12232.730865 3208.387756 160.000002
vt 1 1
vt 1 2
vt 0 2
vt 0 1
vt 0 1
vt 1 1
vt 1 2
vt 0 2
vt 0 1
vt 1 1
vt 1 2
vt 0 2
vt 0 1
vt 1 1
vt 1 2
vt 0 2
vt 0 1
vt 1 1
vt 1 2
vt 0 2
vt 0 1
vt 1 1
vt 1 2
vt 0 2
vn 0 -0.0 -1
vn 0 -0.0 -1
vn 0 -0.0 -1
vn 0 -0.0 -1
vn 0 -0.0 1
vn 0 -0.0 1
vn 0 -0.0 1
vn 0 -0.0 1
vn 0 -1.0 0
vn 0 -1.0 0
vn 0 -1.0 0
vn 0 -1.0 0
vn 1 -0.0 0
vn 1 -0.0 0
vn 1 -0.0 0
vn 1 -0.0 0
vn 0 1.0 0
vn 0 1.0 0
vn 0 1.0 0
vn 0 1.0 0
vn -1 -0.0 0
vn -1 -0.0 0
vn -1 -0.0 0
vn -1 -0.0 0
f 26/26/26 27/27/27 25/25/25
f 28/28/28 25/25/25 27/27/27
f 30/30/30 31/31/31 29/29/29
f 32/32/32 29/29/29 31/31/31
f 34/34/34 35/35/35 33/33/33
f 36/36/36 33/33/33 35/35/35
f 38/38/38 39/39/39 37/37/37
f 40/40/40 37/37/37 39/39/39
f 42/42/42 43/43/43 41/41/41
f 44/44/44 41/41/41 43/43/43
f 46/46/46 47/47/47 45/45/45
f 48/48/48 45/45/45 47/47/47
o AC_TIME_1_R_2
usemtl material_0
v 46123.995972 -32288.720703 -566.552734
v 45938.070679 -32215.026855 -566.552734
v 46011.764526 -32029.101563 -566.552734
v 46197.689819 -32102.79541 -566.552734
v 46123.995972 -32288.720703 -366.552734
v 46197.689819 -32102.79541 -366.552734
v 46011.764526 -32029.101563 -366.552734
v 45938.070679 -32215.026855 -366.552734
v 46123.995972 -32288.720703 -566.552734
v 46197.689819 -32102.79541 -566.552734
v 46197.689819 -32102.79541 -366.552734
v 46123.995972 -32288.720703 -366.552734
v 46197.689819 -32102.79541 -566.552734
v 46011.764526 -32029.101563 -566.552734
v 46011.764526 -32029.101563 -366.552734
v 46197.689819 -32102.79541 -366.552734
v 46011.764526 -32029.101563 -566.552734
v 45938.070679 -32215.026855 -566.552734
v 45938.070679 -32215.026855 -366.552734
v 46011.764526 -32029.101563 -366.552734
v 45938.070679 -32215.026855 -566.552734
v 46123.995972 -32288.720703 -566.552734
v 46123.995972 -32288.720703 -366.552734
v 45938.070679 -32215.026855 -366.552734
vt 1 1
vt 1 2
vt 0 2
vt 0 1
vt 0 1
vt 1 1
vt 1 2
vt 0 2
vt 0 1
vt 1 1
vt 1 2
vt 0 2
vt 0 1
vt 1 1
vt 1 2
vt 0 2
vt 0 1
vt 1 1
vt 1 2
vt 0 2
vt 0 1
vt 1 1
vt 1 2
vt 0 2
vn 0 -0.0 -1
vn 0 -0.0 -1
vn 0 -0.0 -1
vn 0 -0.0 -1
vn 0 -0.0 1
vn 0 -0.0 1
vn 0 -0.0 1
vn 0 -0.0 1
vn 0.92964 -0.368468 0
vn 0.92964 -0.368468 0
vn 0.92964 -0.368468 0
vn 0.92964 -0.368468 0
vn 0.368468 0.92964 0
vn 0.368468 0.92964 0
vn 0.368468 0.92964 0
vn 0.368468 0.92964 0
vn -0.92964 0.368468 0
vn -0.92964 0.368468 0
vn -0.92964 0.368468 0
vn -0.92964 0.368468 0
vn -0.368468 -0.92964 0
vn -0.368468 -0.92964 0
vn -0.368468 -0.92964 0
vn -0.368468 -0.92964 0
f 50/50/50 51/51/51 49/49/49
f 52/52/52 49/49/49 51/51/51
f 54/54/54 55/55/55 53/53/53
f 56/56/56 53/53/53 55/55/55
f 58/58/58 59/59/59 57/57/57
f 60/60/60 57/57/57 59/59/59
f 62/62/62 63/63/63 61/61/61
f 64/64/64 61/61/61 63/63/63
f 66/66/66 67/67/67 65/65/65
f 68/68/68 65/65/65 67/67/67
f 70/70/70 71/71/71 69/69/69
f 72/72/72 69/69/69 71/71/71
o AC_TIME_1_L_3
usemtl material_0
v 49475.161743 -34177.554321 -566.552734
v 49289.23645 -34103.860474 -566.552734
v 49362.930298 -33917.935181 -566.552734
v 49548.855591 -33991.629028 -566.552734
v 49475.161743 -34177.554321 -366.552734
v 49548.855591 -33991.629028 -366.552734
v 49362.930298 -33917.935181 -366.552734
v 49289.23645 -34103.860474 -366.552734
v 49475.161743 -34177.554321 -566.552734
v 49548.855591 -33991.629028 -566.552734
v 49548.855591 -33991.629028 -366.552734
v 49475.161743 -34177.554321 -366.552734
v 49548.855591 -33991.629028 -566.552734
v 49362.930298 -33917.935181 -566.552734
v 49362.930298 -33917.935181 -366.552734
v 49548.855591 -33991.629028 -366.552734
v 49362.930298 -33917.935181 -566.552734
v 49289.23645 -34103.860474 -566.552734
v 49289.23645 -34103.860474 -366.552734
v 49362.930298 -33917.935181 -366.552734
v 49289.23645 -34103.860474 -566.552734
v 49475.161743 -34177.554321 -566.552734
v 49475.161743 -34177.554321 -366.552734
v 49289.23645 -34103.860474 -366.552734
vt 1 1
vt 1 2
vt 0 2
vt 0 1
vt 0 1
vt 1 1
vt 1 2
vt 0 2
vt 0 1
vt 1 1
vt 1 2
vt 0 2
vt 0 1
vt 1 1
vt 1 2
vt 0 2
vt 0 1
vt 1 1
vt 1 2
vt 0 2
vt 0 1
vt 1 1
vt 1 2
vt 0 2
vn 0 -0.0 -1
vn 0 -0.0 -1
vn 0 -0.0 -1
vn 0 -0.0 -1
vn 0 -0.0 1
vn 0 -0.0 1
vn 0 -0.0 1
vn 0 -0.0 1
vn 0.92964 -0.368468 0
vn 0.92964 -0.368468 0
vn 0.92964 -0.368468 0
vn 0.92964 -0.368468 0
vn 0.368468 0.92964 0
vn 0.368468 0.92964 0
vn 0.368468 0.92964 0
vn 0.368468 0.92964 0
vn -0.92964 0.368468 0
vn -0.92964 0.368468 0
vn -0.92964 0.368468 0
vn -0.92964 0.368468 0
vn -0.368468 -0.92964 0
vn -0.368468 -0.92964 0
vn -0.368468 -0.92964 0
vn -0.368468 -0.92964 0
f 74/74/74 75/75/75 73/73/73
f 76/76/76 73/73/73 75/75/75
f 78/78/78 79/79/79 77/77/77
f 80/80/80 77/77/77 79/79/79
f 82/82/82 83/83/83 81/81/81
f 84/84/84 81/81/81 83/83/83
f 86/86/86 87/87/87 85/85/85
f 88/88/88 85/85/85 87/87/87
f 90/90/90 91/91/91 89/89/89
f 92/92/92 89/89/89 91/91/91
f 94/94/94 95/95/95 93/93/93
f 96/96/96 93/93/93 95/95/95
o AC_TIME_2_L_4
usemtl material_0
v -50365.063477 -103849.182129 3476.16272
v -50505.804443 -103991.271973 3476.16272
v -50647.900391 -103850.524902 3476.16272
v -50507.159424 -103708.435059 3476.16272
v -50365.063477 -103849.182129 3676.16272
v -50507.159424 -103708.435059 3676.16272
v -50647.900391 -103850.524902 3676.16272
v -50505.804443 -103991.271973 3676.16272
v -50365.063477 -103849.182129 3476.16272
v -50507.159424 -103708.435059 3476.16272
v -50507.159424 -103708.435059 3676.16272
v -50365.063477 -103849.182129 3676.16272
v -50507.159424 -103708.435059 3476.16272
v -50647.900391 -103850.524902 3476.16272
v -50647.900391 -103850.524902 3676.16272
v -50507.159424 -103708.435059 3676.16272
v -50647.900391 -103850.524902 3476.16272
v -50505.804443 -103991.271973 3476.16272
v -50505.804443 -103991.271973 3676.16272
v -50647.900391 -103850.524902 3676.16272
v -50505.804443 -103991.271973 3476.16272
v -50365.063477 -103849.182129 3476.16272
v -50365.063477 -103849.182129 3676.16272
v -50505.804443 -103991.271973 3676.16272
vt 1 1
vt 1 2
vt 0 2
vt 0 1
vt 0 1
vt 1 1
vt 1 2
vt 0 2
vt 0 1
vt 1 1
vt 1 2
vt 0 2
vt 0 1
vt 1 1
vt 1 2
vt 0 2
vt 0 1
vt 1 1
vt 1 2
vt 0 2
vt 0 1
vt 1 1
vt 1 2
vt 0 2
vn 0 -0.0 -1
vn 0 -0.0 -1
vn 0 -0.0 -1
vn 0 -0.0 -1
vn 0 -0.0 1
vn 0 -0.0 1
vn 0 -0.0 1
vn 0 -0.0 1
vn 0.703712 0.710486 0
vn 0.703712 0.710486 0
vn 0.703712 0.710486 0
vn 0.703712 0.710486 0
vn -0.710486 0.703712 0
vn -0.710486 0.703712 0
vn -0.710486 0.703712 0
vn -0.710486 0.703712 0
vn -0.703712 -0.710486 0
vn -0.703712 -0.710486 0
vn -0.703712 -0.710486 0
vn -0.703712 -0.710486 0
vn 0.710486 -0.703712 0
vn 0.710486 -0.703712 0
vn 0.710486 -0.703712 0
vn 0.710486 -0.703712 0
f 98/98/98 99/99/99 97/97/97
f 100/100/100 97/97/97 99/99/99
f 102/102/102 103/103/103 101/101/101
f 104/104/104 101/101/101 103/103/103
f 106/106/106 107/107/107 105/105/105
f 108/108/108 105/105/105 107/107/107
f 110/110/110 111/111/111 109/109/109
f 112/112/112 109/109/109 111/111/111
f 114/114/114 115/115/115 113/113/113
f 116/116/116 113/113/113 115/115/115
f 118/118/118 119/119/119 117/117/117
f 120/120/120 117/117/117 119/119/119
o AC_TIME_2_R_5
usemtl material_0
v -54182.049561 -104910.473633 3476.16272
v -54322.790527 -105052.563477 3476.16272
v -54464.886475 -104911.816406 3476.16272
v -54324.145508 -104769.726563 3476.16272
v -54182.049561 -104910.473633 3676.16272
v -54324.145508 -104769.726563 3676.16272
v -54464.886475 -104911.816406 3676.16272
v -54322.790527 -105052.563477 3676.16272
v -54182.049561 -104910.473633 3476.16272
v -54324.145508 -104769.726563 3476.16272
v -54324.145508 -104769.726563 3676.16272
v -54182.049561 -104910.473633 3676.16272
v -54324.145508 -104769.726563 3476.16272
v -54464.886475 -104911.816406 3476.16272
v -54464.886475 -104911.816406 3676.16272
v -54324.145508 -104769.726563 3676.16272
v -54464.886475 -104911.816406 3476.16272
v -54322.790527 -105052.563477 3476.16272
v -54322.790527 -105052.563477 3676.16272
v -54464.886475 -104911.816406 3676.16272
v -54322.790527 -105052.563477 3476.16272
v -54182.049561 -104910.473633 3476.16272
v -54182.049561 -104910.473633 3676.16272
v -54322.790527 -105052.563477 3676.16272
vt 1 1
vt 1 2
vt 0 2
vt 0 1
vt 0 1
vt 1 1
vt 1 2
vt 0 2
vt 0 1
vt 1 1
vt 1 2
vt 0 2
vt 0 1
vt 1 1
vt 1 2
vt 0 2
vt 0 1
vt 1 1
vt 1 2
vt 0 2
vt 0 1
vt 1 1
vt 1 2
vt 0 2
vn 0 -0.0 -1
vn 0 -0.0 -1
vn 0 -0.0 -1
vn 0 -0.0 -1
vn 0 -0.0 1
vn 0 -0.0 1
vn 0 -0.0 1
vn 0 -0.0 1
vn 0.703712 0.710486 0
vn 0.703712 0.710486 0
vn 0.703712 0.710486 0
vn 0.703712 0.710486 0
vn -0.710486 0.703712 0
vn -0.710486 0.703712 0
vn -0.710486 0.703712 0
vn -0.710486 0.703712 0
vn -0.703712 -0.710486 0
vn -0.703712 -0.710486 0
vn -0.703712 -0.710486 0
vn -0.703712 -0.710486 0
vn 0.710486 -0.703712 0
vn 0.710486 -0.703712 0
vn 0.710486 -0.703712 0
vn 0.710486 -0.703712 0
f 122/122/122 123/123/123 121/121/121
f 124/124/124 121/121/121 123/123/123
f 126/126/126 127/127/127 125/125/125
f 128/128/128 125/125/125 127/127/127
f 130/130/130 131/131/131 129/129/129
f 132/132/132 129/129/129 131/131/131
f 134/134/134 135/135/135 133/133/133
f 136/136/136 133/133/133 135/135/135
f 138/138/138 139/139/139 137/137/137
f 140/140/140 137/137/137 139/139/139
f 142/142/142 143/143/143 141/141/141
f 144/144/144 141/141/141 143/143/143
o AC_PIT_0_6
usemtl material_0
v -702.303267 -3276.734543 -89.999986
v -702.303219 -3276.734543 110.000026
v -560.704088 -3135.491371 110.000026
v -560.704136 -3135.491371 -89.999986
v -419.816542 -3559.93309 -89.999998
v -278.217387 -3418.689728 -89.999998
v -278.217387 -3418.689728 110.000002
v -419.816494 -3559.93309 110.000002
v -702.303267 -3276.734543 -89.999986
v -560.704136 -3135.491371 -89.999986
v -278.217387 -3418.689728 -89.999998
v -419.816542 -3559.93309 -89.999998
v -560.704136 -3135.491371 -89.999986
v -560.704088 -3135.491371 110.000026
v -278.217387 -3418.689728 110.000002
v -278.217387 -3418.689728 -89.999998
v -560.704088 -3135.491371 110.000026
v -702.303219 -3276.734543 110.000026
v -419.816494 -3559.93309 110.000002
v -278.217387 -3418.689728 110.000002
v -702.303219 -3276.734543 110.000026
v -702.303267 -3276.734543 -89.999986
v -419.816542 -3559.93309 -89.999998
v -419.816494 -3559.93309 110.000002
vt 1 1
vt 1 2
vt 0 2
vt 0 1
vt 0 1
vt 1 1
vt 1 2
vt 0 2
vt 0 1
vt 1 1
vt 1 2
vt 0 2
vt 0 1
vt 1 1
vt 1 2
vt 0 2
vt 0 1
vt 1 1
vt 1 2
vt 0 2
vt 0 1
vt 1 1
vt 1 2
vt 0 2
vn -0.706217 0.707996 0
vn -0.706217 0.707996 0
vn -0.706217 0.707996 0
vn -0.706217 0.707996 0
vn 0.706217 -0.707996 0
vn 0.706217 -0.707996 0
vn 0.706217 -0.707996 0
vn 0.706217 -0.707996 0
vn 0 -0.0 -1
vn 0 -0.0 -1
vn 0 -0.0 -1
vn 0 -0.0 -1
vn 0.707996 0.706217 0
vn 0.707996 0.706217 0
vn 0.707996 0.706217 0
vn 0.707996 0.706217 0
vn 0 -0.0 1
vn 0 -0.0 1
vn 0 -0.0 1
vn 0 -0.0 1
vn -0.707996 -0.706217 0
vn -0.707996 -0.706217 0
vn -0.707996 -0.706217 0
vn -0.707996 -0.706217 0
f 146/146/146 147/147/147 145/145/145
f 148/148/148 145/145/145 147/147/147
f 150/150/150 151/151/151 149/149/149
f 152/152/152 149/149/149 151/151/151
f 154/154/154 155/155/155 153/153/153
f 156/156/156 153/153/153 155/155/155
f 158/158/158 159/159/159 157/157/157
f 160/160/160 157/157/157 159/159/159
f 162/162/162 163/163/163 161/161/161
f 164/164/164 161/161/161 163/163/163
f 166/166/166 167/167/167 165/165/165
f 168/168/168 165/165/165 167/167/167
o AC_START_0_7
usemtl material_0
v -1589.706421 -6059.86557 -71.329331
v -1589.706421 -6059.86557 128.670669
v -1447.473049 -5919.260788 128.670669
v -1447.473049 -5919.260788 -71.329331
v -1308.497143 -6344.332123 -71.329349
v -1166.263771 -6203.727341 -71.329349
v -1166.263771 -6203.727341 128.670657
v -1308.497143 -6344.332123 128.670657
v -1589.706421 -6059.86557 -71.329331
v -1447.473049 -5919.260788 -71.329331
v -1166.263771 -6203.727341 -71.329349
v -1308.497143 -6344.332123 -71.329349
v -1447.473049 -5919.260788 -71.329331
v -1447.473049 -5919.260788 128.670669
v -1166.263771 -6203.727341 128.670657
v -1166.263771 -6203.727341 -71.329349
v -1447.473049 -5919.260788 128.670669
v -1589.706421 -6059.86557 128.670669
v -1308.497143 -6344.332123 128.670657
v -1166.263771 -6203.727341 128.670657
v -1589.706421 -6059.86557 128.670669
v -1589.706421 -6059.86557 -71.329331
v -1308.497143 -6344.332123 -71.329349
v -1308.497143 -6344.332123 128.670657
vt 1 1
vt 1 2
vt 0 2
vt 0 1
vt 0 1
vt 1 1
vt 1 2
vt 0 2
vt 0 1
vt 1 1
vt 1 2
vt 0 2
vt 0 1
vt 1 1
vt 1 2
vt 0 2
vt 0 1
vt 1 1
vt 1 2
vt 0 2
vt 0 1
vt 1 1
vt 1 2
vt 0 2
vn -0.703023 0.711167 0
vn -0.703023 0.711167 0
vn -0.703023 0.711167 0
vn -0.703023 0.711167 0
vn 0.703023 -0.711167 0
vn 0.703023 -0.711167 0
vn 0.703023 -0.711167 0
vn 0.703023 -0.711167 0
vn 0 -0.0 -1
vn 0 -0.0 -1
vn 0 -0.0 -1
vn 0 -0.0 -1
vn 0.711167 0.703023 0
vn 0.711167 0.703023 0
vn 0.711167 0.703023 0
vn 0.711167 0.703023 0
vn 0 -0.0 1
vn 0 -0.0 1
vn 0 -0.0 1
vn 0 -0.0 1
vn -0.711167 -0.703023 0
vn -0.711167 -0.703023 0
vn -0.711167 -0.703023 0
vn -0.711167 -0.703023 0
f 170/170/170 171/171/171 169/169/169
f 172/172/172 169/169/169 171/171/171
f 174/174/174 175/175/175 173/173/173
f 176/176/176 173/173/173 175/175/175
f 178/178/178 179/179/179 177/177/177
f 180/180/180 177/177/177 179/179/179
f 182/182/182 183/183/183 181/181/181
f 184/184/184 181/181/181 183/183/183
f 186/186/186 187/187/187 185/185/185
f 188/188/188 185/185/185 187/187/187
f 190/190/190 191/191/191 189/189/189
f 192/192/192 189/189/189 191/191/191
o AC_HOTLAP_START_0_8
usemtl material_0
v -30635.614014 -15798.448181 715.513849
v -30634.417725 -15791.571045 915.392017
v -30831.445313 -15757.23114 915.392017
v -30832.644653 -15764.108276 715.513849
v -30566.976929 -15404.627991 701.554012
v -30764.007568 -15370.288086 701.554012
v -30762.808228 -15363.41095 901.432133
v -30565.777588 -15397.75238 901.432133
v -30635.614014 -15798.448181 715.513849
v -30832.644653 -15764.108276 715.513849
v -30764.007568 -15370.288086 701.554012
v -30566.976929 -15404.627991 701.554012
v -30832.644653 -15764.108276 715.513849
v -30831.445313 -15757.23114 915.392017
v -30762.808228 -15363.41095 901.432133
v -30764.007568 -15370.288086 701.554012
v -30831.445313 -15757.23114 915.392017
v -30634.417725 -15791.571045 915.392017
v -30565.777588 -15397.75238 901.432133
v -30762.808228 -15363.41095 901.432133
v -30634.417725 -15791.571045 915.392017
v -30635.614014 -15798.448181 715.513849
v -30566.976929 -15404.627991 701.554012
v -30565.777588 -15397.75238 901.432133
vt 1 1
vt 1 2
vt 0 2
vt 0 1
vt 0 1
vt 1 1
vt 1 2
vt 0 2
vt 0 1
vt 1 1
vt 1 2
vt 0 2
vt 0 1
vt 1 1
vt 1 2
vt 0 2
vt 0 1
vt 1 1
vt 1 2
vt 0 2
vt 0 1
vt 1 1
vt 1 2
vt 0 2
vn -0.171595 -0.984549 0.0349
vn -0.171595 -0.984549 0.0349
vn -0.171595 -0.984549 0.0349
vn -0.171595 -0.984549 0.0349
vn 0.171595 0.984549 -0.0349
vn 0.171595 0.984549 -0.0349
vn 0.171595 0.984549 -0.0349
vn 0.171595 0.984549 -0.0349
vn -0.005992 -0.034381 -0.999391
vn -0.005992 -0.034381 -0.999391
vn -0.005992 -0.034381 -0.999391
vn -0.005992 -0.034381 -0.999391
vn -0.985149 0.1717 0
vn -0.985149 0.1717 0
vn -0.985149 0.1717 0
vn -0.985149 0.1717 0
vn 0.005992 0.034381 0.999391
vn 0.005992 0.034381 0.999391
vn 0.005992 0.034381 0.999391
vn 0.005992 0.034381 0.999391
vn 0.985149 -0.1717 0
vn 0.985149 -0.1717 0
vn 0.985149 -0.1717 0
vn 0.985149 -0.1717 0
f 194/194/194 195/195/195 193/193/193
f 196/196/196 193/193/193 195/195/195
f 198/198/198 199/199/199 197/197/197
f 200/200/200 197/197/197 199/199/199
f 202/202/202 203/203/203 201/201/201
f 204/204/204 201/201/201 203/203/203
f 206/206/206 207/207/207 205/205/205
f 208/208/208 205/205/205 207/207/207
f 210/210/210 211/211/211 209/209/209
f 212/212/212 209/209/209 211/211/211
f 214/214/214 215/215/215 213/213/213
f 216/216/216 213/213/213 215/215/215
o AC_PIT_1_9
usemtl material_0
v 2699.88842 -6667.38205 -89.999986
v 2699.88842 -6667.38205 110.000026
v 2842.832375 -6527.500153 110.000026
v 2842.832375 -6527.500153 -89.999986
v 2979.652977 -6953.269958 -89.999998
v 3122.596931 -6813.387299 -89.999998
v 3122.596931 -6813.387299 110.000002
v 2979.652977 -6953.269958 110.000002
v 2699.88842 -6667.38205 -89.999986
v 2842.832375 -6527.500153 -89.999986
v 3122.596931 -6813.387299 -89.999998
v 2979.652977 -6953.269958 -89.999998
v 2842.832375 -6527.500153 -89.999986
v 2842.832375 -6527.500153 110.000026
v 3122.596931 -6813.387299 110.000002
v 3122.596931 -6813.387299 -89.999998
v 2842.832375 -6527.500153 110.000026
v 2699.88842 -6667.38205 110.000026
v 2979.652977 -6953.269958 110.000002
v 3122.596931 -6813.387299 110.000002
v 2699.88842 -6667.38205 110.000026
v 2699.88842 -6667.38205 -89.999986
v 2979.652977 -6953.269958 -89.999998
v 2979.652977 -6953.269958 110.000002
vt 1 1
vt 1 2
vt 0 2
vt 0 1
vt 0 1
vt 1 1
vt 1 2
vt 0 2
vt 0 1
vt 1 1
vt 1 2
vt 0 2
vt 0 1
vt 1 1
vt 1 2
vt 0 2
vt 0 1
vt 1 1
vt 1 2
vt 0 2
vt 0 1
vt 1 1
vt 1 2
vt 0 2
vn -0.699412 0.714719 0
vn -0.699412 0.714719 0
vn -0.699412 0.714719 0
vn -0.699412 0.714719 0
vn 0.699412 -0.714719 0
vn 0.699412 -0.714719 0
vn 0.699412 -0.714719 0
vn 0.699412 -0.714719 0
vn 0 -0.0 -1
vn 0 -0.0 -1
vn 0 -0.0 -1
vn 0 -0.0 -1
vn 0.714719 0.699412 0
vn 0.714719 0.699412 0
vn 0.714719 0.699412 0
vn 0.714719 0.699412 0
vn 0 -0.0 1
vn 0 -0.0 1
vn 0 -0.0 1
vn 0 -0.0 1
vn -0.714719 -0.699412 0
vn -0.714719 -0.699412 0
vn -0.714719 -0.699412 0
vn -0.714719 -0.699412 0
f 218/218/218 219/219/219 217/217/217
f 220/220/220 217/217/217 219/219/219
f 222/222/222 223/223/223 221/221/221
f 224/224/224 221/221/221 223/223/223
f 226/226/226 227/227/227 225/225/225
f 228/228/228 225/225/225 227/227/227
f 230/230/230 231/231/231 229/229/229
f 232/232/232 229/229/229 231/231/231
f 234/234/234 235/235/235 233/233/233
f 236/236/236 233/233/233 235/235/235
f 238/238/238 239/239/239 237/237/237
f 240/240/240 237/237/237 239/239/239
o AC_START_1_10
usemtl material_0
v -1584.439945 -4921.68808 -72.513413
v -1584.439945 -4921.68808 127.486587
v -1442.206573 -4781.083298 127.486587
v -1442.206573 -4781.083298 -72.513413
v -1303.230667 -5206.154633 -72.513431
v -1160.997295 -5065.54985 -72.513431
v -1160.997295 -5065.54985 127.486575
v -1303.230667 -5206.154633 127.486575
v -1584.439945 -4921.68808 -72.513413
v -1442.206573 -4781.083298 -72.513413
v -1160.997295 -5065.54985 -72.513431
v -1303.230667 -5206.154633 -72.513431
v -1442.206573 -4781.083298 -72.513413
v -1442.206573 -4781.083298 127.486587
v -1160.997295 -5065.54985 127.486575
v -1160.997295 -5065.54985 -72.513431
v -1442.206573 -4781.083298 127.486587
v -1584.439945 -4921.68808 127.486587
v -1303.230667 -5206.154633 127.486575
v -1160.997295 -5065.54985 127.486575
v -1584.439945 -4921.68808 127.486587
v -1584.439945 -4921.68808 -72.513413
v -1303.230667 -5206.154633 -72.513431
v -1303.230667 -5206.154633 127.486575
vt 1 1
vt 1 2
vt 0 2
vt 0 1
vt 0 1
vt 1 1
vt 1 2
vt 0 2
vt 0 1
vt 1 1
vt 1 2
vt 0 2
vt 0 1
vt 1 1
vt 1 2
vt 0 2
vt 0 1
vt 1 1
vt 1 2
vt 0 2
vt 0 1
vt 1 1
vt 1 2
vt 0 2
vn -0.703023 0.711167 0
vn -0.703023 0.711167 0
vn -0.703023 0.711167 0
vn -0.703023 0.711167 0
vn 0.703023 -0.711167 0
vn 0.703023 -0.711167 0
vn 0.703023 -0.711167 0
vn 0.703023 -0.711167 0
vn 0 -0.0 -1
vn 0 -0.0 -1
vn 0 -0.0 -1
vn 0 -0.0 -1
vn 0.711167 0.703023 0
vn 0.711167 0.703023 0
vn 0.711167 0.703023 0
vn 0.711167 0.703023 0
vn 0 -0.0 1
vn 0 -0.0 1
vn 0 -0.0 1
vn 0 -0.0 1
vn -0.711167 -0.703023 0
vn -0.711167 -0.703023 0
vn -0.711167 -0.703023 0
vn -0.711167 -0.703023 0
f 242/242/242 243/243/243 241/241/241
f 244/244/244 241/241/241 243/243/243
f 246/246/246 247/247/247 245/245/245
f 248/248/248 245/245/245 247/247/247
f 250/250/250 251/251/251 249/249/249
f 252/252/252 249/249/249 251/251/251
f 254/254/254 255/255/255 253/253/253
f 256/256/256 253/253/253 255/255/255
f 258/258/258 259/259/259 257/257/257
f 260/260/260 257/257/257 259/259/259
f 262/262/262 263/263/263 261/261/261
f 264/264/264 261/261/261 263/263/263
o AC_START_2_11
usemtl material_0
v -2722.045326 -4926.136398 -76.547837
v -2722.045326 -4926.136398 123.452163
v -2579.811859 -4785.531616 123.452163
v -2579.811859 -4785.531616 -76.547837
v -2440.835953 -5210.602951 -76.547855
v -2298.602486 -5069.998169 -76.547855
v -2298.602486 -5069.998169 123.452151
v -2440.835953 -5210.602951 123.452151
v -2722.045326 -4926.136398 -76.547837
v -2579.811859 -4785.531616 -76.547837
v -2298.602486 -5069.998169 -76.547855
v -2440.835953 -5210.602951 -76.547855
v -2579.811859 -4785.531616 -76.547837
v -2579.811859 -4785.531616 123.452163
v -2298.602486 -5069.998169 123.452151
v -2298.602486 -5069.998169 -76.547855
v -2579.811859 -4785.531616 123.452163
v -2722.045326 -4926.136398 123.452163
v -2440.835953 -5210.602951 123.452151
v -2298.602486 -5069.998169 123.452151
v -2722.045326 -4926.136398 123.452163
v -2722.045326 -4926.136398 -76.547837
v -2440.835953 -5210.602951 -76.547855
v -2440.835953 -5210.602951 123.452151
vt 1 1
vt 1 2
vt 0 2
vt 0 1
vt 0 1
vt 1 1
vt 1 2
vt 0 2
vt 0 1
vt 1 1
vt 1 2
vt 0 2
vt 0 1
vt 1 1
vt 1 2
vt 0 2
vt 0 1
vt 1 1
vt 1 2
vt 0 2
vt 0 1
vt 1 1
vt 1 2
vt 0 2
vn -0.703023 0.711167 0
vn -0.703023 0.711167 0
vn -0.703023 0.711167 0
vn -0.703023 0.711167 0
vn 0.703023 -0.711167 0
vn 0.703023 -0.711167 0
vn 0.703023 -0.711167 0
vn 0.703023 -0.711167 0
vn 0 -0.0 -1
vn 0 -0.0 -1
vn 0 -0.0 -1
vn 0 -0.0 -1
vn 0.711167 0.703023 0
vn 0.711167 0.703023 0
vn 0.711167 0.703023 0
vn 0.711167 0.703023 0
vn 0 -0.0 1
vn 0 -0.0 1
vn 0 -0.0 1
vn 0 -0.0 1
vn -0.711167 -0.703023 0
vn -0.711167 -0.703023 0
vn -0.711167 -0.703023 0
vn -0.711167 -0.703023 0
f 266/266/266 267/267/267 265/265/265
f 268/268/268 265/265/265 267/267/267
f 270/270/270 271/271/271 269/269/269
f 272/272/272 269/269/269 271/271/271
f 274/274/274 275/275/275 273/273/273
f 276/276/276 273/273/273 275/275/275
f 278/278/278 279/279/279 277/277/277
f 280/280/280 277/277/277 279/279/279
f 282/282/282 283/283/283 281/281/281
f 284/284/284 281/281/281 283/283/283
f 286/286/286 287/287/287 285/285/285
f 288/288/288 285/285/285 287/287/287
o AC_START_3_12
usemtl material_0
v -2721.176529 -3785.559845 -75.082994
v -2721.176529 -3785.559845 124.917006
v -2578.623009 -3645.279694 124.917006
v -2578.623009 -3645.279694 -75.082994
v -2440.616417 -4070.666885 -75.083011
v -2298.062897 -3930.386734 -75.083011
v -2298.062897 -3930.386734 124.916995
v -2440.616417 -4070.666885 124.916995
v -2721.176529 -3785.559845 -75.082994
v -2578.623009 -3645.279694 -75.082994
v -2298.062897 -3930.386734 -75.083011
v -2440.616417 -4070.666885 -75.083011
v -2578.623009 -3645.279694 -75.082994
v -2578.623009 -3645.279694 124.917006
v -2298.062897 -3930.386734 124.916995
v -2298.062897 -3930.386734 -75.083011
v -2578.623009 -3645.279694 124.917006
v -2721.176529 -3785.559845 124.917006
v -2440.616417 -4070.666885 124.916995
v -2298.062897 -3930.386734 124.916995
v -2721.176529 -3785.559845 124.917006
v -2721.176529 -3785.559845 -75.082994
v -2440.616417 -4070.666885 -75.083011
v -2440.616417 -4070.666885 124.916995
vt 1 1
vt 1 2
vt 0 2
vt 0 1
vt 0 1
vt 1 1
vt 1 2
vt 0 2
vt 0 1
vt 1 1
vt 1 2
vt 0 2
vt 0 1
vt 1 1
vt 1 2
vt 0 2
vt 0 1
vt 1 1
vt 1 2
vt 0 2
vt 0 1
vt 1 1
vt 1 2
vt 0 2
vn -0.7014 0.712768 0
vn -0.7014 0.712768 0
vn -0.7014 0.712768 0
vn -0.7014 0.712768 0
vn 0.7014 -0.712768 0
vn 0.7014 -0.712768 0
vn 0.7014 -0.712768 0
vn 0.7014 -0.712768 0
vn 0 -0.0 -1
vn 0 -0.0 -1
vn 0 -0.0 -1
vn 0 -0.0 -1
vn 0.712768 0.7014 0
vn 0.712768 0.7014 0
vn 0.712768 0.7014 0
vn 0.712768 0.7014 0
vn 0 -0.0 1
vn 0 -0.0 1
vn 0 -0.0 1
vn 0 -0.0 1
vn -0.712768 -0.7014 0
vn -0.712768 -0.7014 0
vn -0.712768 -0.7014 0
vn -0.712768 -0.7014 0
f 290/290/290 291/291/291 289/289/289
f 292/292/292 289/289/289 291/291/291
f 294/294/294 295/295/295 293/293/293
f 296/296/296 293/293/293 295/295/295
f 298/298/298 299/299/299 297/297/297
f 300/300/300 297/297/297 299/299/299
f 302/302/302 303/303/303 301/301/301
f 304/304/304 301/301/301 303/303/303
f 306/306/306 307/307/307 305/305/305
f 308/308/308 305/305/305 307/307/307
f 310/310/310 311/311/311 309/309/309
f 312/312/312 309/309/309 311/311/311
o AC_START_4_13
usemtl material_0
v -3855.654144 -3799.352264 -76.480699
v -3855.654144 -3799.352264 123.519301
v -3715.381241 -3656.791687 123.519301
v -3715.381241 -3656.791687 -76.480699
v -3570.532608 -4079.89769 -76.480716
v -3430.259705 -3937.337112 -76.480716
v -3430.259705 -3937.337112 123.519289
v -3570.532608 -4079.89769 123.519289
v -3855.654144 -3799.352264 -76.480699
v -3715.381241 -3656.791687 -76.480699
v -3430.259705 -3937.337112 -76.480716
v -3570.532608 -4079.89769 -76.480716
v -3715.381241 -3656.791687 -76.480699
v -3715.381241 -3656.791687 123.519301
v -3430.259705 -3937.337112 123.519289
v -3430.259705 -3937.337112 -76.480716
v -3715.381241 -3656.791687 123.519301
v -3855.654144 -3799.352264 123.519301
v -3570.532608 -4079.89769 123.519289
v -3430.259705 -3937.337112 123.519289
v -3855.654144 -3799.352264 123.519301
v -3855.654144 -3799.352264 -76.480699
v -3570.532608 -4079.89769 -76.480716
v -3570.532608 -4079.89769 123.519289
vt 1 1
vt 1 2
vt 0 2
vt 0 1
vt 0 1
vt 1 1
vt 1 2
vt 0 2
vt 0 1
vt 1 1
vt 1 2
vt 0 2
vt 0 1
vt 1 1
vt 1 2
vt 0 2
vt 0 1
vt 1 1
vt 1 2
vt 0 2
vt 0 1
vt 1 1
vt 1 2
vt 0 2
vn -0.712803 0.701364 0
vn -0.712803 0.701364 0
vn -0.712803 0.701364 0
vn -0.712803 0.701364 0
vn 0.712803 -0.701364 0
vn 0.712803 -0.701364 0
vn 0.712803 -0.701364 0
vn 0.712803 -0.701364 0
vn 0 -0.0 -1
vn 0 -0.0 -1
vn 0 -0.0 -1
vn 0 -0.0 -1
vn 0.701364 0.712803 0
vn 0.701364 0.712803 0
vn 0.701364 0.712803 0
vn 0.701364 0.712803 0
vn 0 -0.0 1
vn 0 -0.0 1
vn 0 -0.0 1
vn 0 -0.0 1
vn -0.701364 -0.712803 0
vn -0.701364 -0.712803 0
vn -0.701364 -0.712803 0
vn -0.701364 -0.712803 0
f 314/314/314 315/315/315 313/313/313
f 316/316/316 313/313/313 315/315/315
f 318/318/318 319/319/319 317/317/317
f 320/320/320 317/317/317 319/319/319
f 322/322/322 323/323/323 321/321/321
f 324/324/324 321/321/321 323/323/323
f 326/326/326 327/327/327 325/325/325
f 328/328/328 325/325/325 327/327/327
f 330/330/330 331/331/331 329/329/329
f 332/332/332 329/329/329 331/331/331
f 334/334/334 335/335/335 333/333/333
f 336/336/336 333/333/333 335/335/335
o AC_START_5_14
usemtl material_0
v -3849.943542 -2655.331993 -81.284165
v -3849.943542 -2655.331993 118.715835
v -3707.710266 -2514.727402 118.715835
v -3707.710266 -2514.727402 -81.284165
v -3568.733978 -2939.798737 -81.284183
v -3426.500702 -2799.194145 -81.284183
v -3426.500702 -2799.194145 118.715823
v -3568.733978 -2939.798737 118.715823
v -3849.943542 -2655.331993 -81.284165
v -3707.710266 -2514.727402 -81.284165
v -3426.500702 -2799.194145 -81.284183
v -3568.733978 -2939.798737 -81.284183
v -3707.710266 -2514.727402 -81.284165
v -3707.710266 -2514.727402 118.715835
v -3426.500702 -2799.194145 118.715823
v -3426.500702 -2799.194145 -81.284183
v -3707.710266 -2514.727402 118.715835
v -3849.943542 -2655.331993 118.715835
v -3568.733978 -2939.798737 118.715823
v -3426.500702 -2799.194145 118.715823
v -3849.943542 -2655.331993 118.715835
v -3849.943542 -2655.331993 -81.284165
v -3568.733978 -2939.798737 -81.284183
v -3568.733978 -2939.798737 118.715823
vt 1 1
vt 1 2
vt 0 2
vt 0 1
vt 0 1
vt 1 1
vt 1 2
vt 0 2
vt 0 1
vt 1 1
vt 1 2
vt 0 2
vt 0 1
vt 1 1
vt 1 2
vt 0 2
vt 0 1
vt 1 1
vt 1 2
vt 0 2
vt 0 1
vt 1 1
vt 1 2
vt 0 2
vn -0.703023 0.711167 0
vn -0.703023 0.711167 0
vn -0.703023 0.711167 0
vn -0.703023 0.711167 0
vn 0.703023 -0.711167 0
vn 0.703023 -0.711167 0
vn 0.703023 -0.711167 0
vn 0.703023 -0.711167 0
vn 0 -0.0 -1
vn 0 -0.0 -1
vn 0 -0.0 -1
vn 0 -0.0 -1
vn 0.711167 0.703023 0
vn 0.711167 0.703023 0
vn 0.711167 0.703023 0
vn 0.711167 0.703023 0
vn 0 -0.0 1
vn 0 -0.0 1
vn 0 -0.0 1
vn 0 -0.0 1
vn -0.711167 -0.703023 0
vn -0.711167 -0.703023 0
vn -0.711167 -0.703023 0
vn -0.711167 -0.703023 0
f 338/338/338 339/339/339 337/337/337
f 340/340/340 337/337/337 339/339/339
f 342/342/342 343/343/343 341/341/341
f 344/344/344 341/341/341 343/343/343
f 346/346/346 347/347/347 345/345/345
f 348/348/348 345/345/345 347/347/347
f 350/350/350 351/351/351 349/349/349
f 352/352/352 349/349/349 351/351/351
f 354/354/354 355/355/355 353/353/353
f 356/356/356 353/353/353 355/355/355
f 358/358/358 359/359/359 357/357/357
f 360/360/360 357/357/357 359/359/359
o AC_START_6_15
usemtl material_0
v -4984.362793 -2661.792374 -80.240464
v -4984.362793 -2661.792374 119.759536
v -4842.129517 -2521.187782 119.759536
v -4842.129517 -2521.187782 -80.240464
v -4703.153229 -2946.259117 -80.240482
v -4560.919952 -2805.654526 -80.240482
v -4560.919952 -2805.654526 119.759524
v -4703.153229 -2946.259117 119.759524
v -4984.362793 -2661.792374 -80.240464
v -4842.129517 -2521.187782 -80.240464
v -4560.919952 -2805.654526 -80.240482
v -4703.153229 -2946.259117 -80.240482
v -4842.129517 -2521.187782 -80.240464
v -4842.129517 -2521.187782 119.759536
v -4560.919952 -2805.654526 119.759524
v -4560.919952 -2805.654526 -80.240482
v -4842.129517 -2521.187782 119.759536
v -4984.362793 -2661.792374 119.759536
v -4703.153229 -2946.259117 119.759524
v -4560.919952 -2805.654526 119.759524
v -4984.362793 -2661.792374 119.759536
v -4984.362793 -2661.792374 -80.240464
v -4703.153229 -2946.259117 -80.240482
v -4703.153229 -2946.259117 119.759524
vt 1 1
vt 1 2
vt 0 2
vt 0 1
vt 0 1
vt 1 1
vt 1 2
vt 0 2
vt 0 1
vt 1 1
vt 1 2
vt 0 2
vt 0 1
vt 1 1
vt 1 2
vt 0 2
vt 0 1
vt 1 1
vt 1 2
vt 0 2
vt 0 1
vt 1 1
vt 1 2
vt 0 2
vn -0.703023 0.711167 0
vn -0.703023 0.711167 0
vn -0.703023 0.711167 0
vn -0.703023 0.711167 0
vn 0.703023 -0.711167 0
vn 0.703023 -0.711167 0
vn 0.703023 -0.711167 0
vn 0.703023 -0.711167 0
vn 0 -0.0 -1
vn 0 -0.0 -1
vn 0 -0.0 -1
vn 0 -0.0 -1
vn 0.711167 0.703023 0
vn 0.711167 0.703023 0
vn 0.711167 0.703023 0
vn 0.711167 0.703023 0
vn 0 -0.0 1
vn 0 -0.0 1
vn 0 -0.0 1
vn 0 -0.0 1
vn -0.711167 -0.703023 0
vn -0.711167 -0.703023 0
vn -0.711167 -0.703023 0
vn -0.711167 -0.703023 0
f 362/362/362 363/363/363 361/361/361
f 364/364/364 361/361/361 363/363/363
f 366/366/366 367/367/367 365/365/365
f 368/368/368 365/365/365 367/367/367
f 370/370/370 371/371/371 369/369/369
f 372/372/372 369/369/369 371/371/371
f 374/374/374 375/375/375 373/373/373
f 376/376/376 373/373/373 375/375/375
f 378/378/378 379/379/379 377/377/377
f 380/380/380 377/377/377 379/379/379
f 382/382/382 383/383/383 381/381/381
f 384/384/384 381/381/381 383/383/383
o AC_START_7_16
usemtl material_0
v -4981.236649 -1532.202816 -76.236558
v -4981.236649 -1532.202816 123.763442
v -4839.003372 -1391.598129 123.763442
v -4839.003372 -1391.598129 -76.236558
v -4700.027084 -1816.669464 -76.236576
v -4557.793808 -1676.064873 -76.236576
v -4557.793808 -1676.064873 123.76343
v -4700.027084 -1816.669464 123.76343
v -4981.236649 -1532.202816 -76.236558
v -4839.003372 -1391.598129 -76.236558
v -4557.793808 -1676.064873 -76.236576
v -4700.027084 -1816.669464 -76.236576
v -4839.003372 -1391.598129 -76.236558
v -4839.003372 -1391.598129 123.763442
v -4557.793808 -1676.064873 123.76343
v -4557.793808 -1676.064873 -76.236576
v -4839.003372 -1391.598129 123.763442
v -4981.236649 -1532.202816 123.763442
v -4700.027084 -1816.669464 123.76343
v -4557.793808 -1676.064873 123.76343
v -4981.236649 -1532.202816 123.763442
v -4981.236649 -1532.202816 -76.236558
v -4700.027084 -1816.669464 -76.236576
v -4700.027084 -1816.669464 123.76343
vt 1 1
vt 1 2
vt 0 2
vt 0 1
vt 0 1
vt 1 1
vt 1 2
vt 0 2
vt 0 1
vt 1 1
vt 1 2
vt 0 2
vt 0 1
vt 1 1
vt 1 2
vt 0 2
vt 0 1
vt 1 1
vt 1 2
vt 0 2
vt 0 1
vt 1 1
vt 1 2
vt 0 2
vn -0.703023 0.711167 0
vn -0.703023 0.711167 0
vn -0.703023 0.711167 0
vn -0.703023 0.711167 0
vn 0.703023 -0.711167 0
vn 0.703023 -0.711167 0
vn 0.703023 -0.711167 0
vn 0.703023 -0.711167 0
vn 0 -0.0 -1
vn 0 -0.0 -1
vn 0 -0.0 -1
vn 0 -0.0 -1
vn 0.711167 0.703023 0
vn 0.711167 0.703023 0
vn 0.711167 0.703023 0
vn 0.711167 0.703023 0
vn 0 -0.0 1
vn 0 -0.0 1
vn 0 -0.0 1
vn 0 -0.0 1
vn -0.711167 -0.703023 0
vn -0.711167 -0.703023 0
vn -0.711167 -0.703023 0
vn -0.711167 -0.703023 0
f 386/386/386 387/387/387 385/385/385
f 388/388/388 385/385/385 387/387/387
f 390/390/390 391/391/391 389/389/389
f 392/392/392 389/389/389 391/391/391
f 394/394/394 395/395/395 393/393/393
f 396/396/396 393/393/393 395/395/395
f 398/398/398 399/399/399 397/397/397
f 400/400/400 397/397/397 399/399/399
f 402/402/402 403/403/403 401/401/401
f 404/404/404 401/401/401 403/403/403
f 406/406/406 407/407/407 405/405/405
f 408/408/408 405/405/405 407/407/407
o AC_START_8_17
usemtl material_0
v -6119.245529 -1534.45673 -80.277085
v -6119.245529 -1534.45673 119.722915
v -5979.046249 -1391.823769 119.722915
v -5979.046249 -1391.823769 -80.277085
v -5833.979416 -1814.855385 -80.277103
v -5693.780136 -1672.222519 -80.277103
v -5693.780136 -1672.222519 119.722903
v -5833.979416 -1814.855385 119.722903
v -6119.245529 -1534.45673 -80.277085
v -5979.046249 -1391.823769 -80.277085
v -5693.780136 -1672.222519 -80.277103
v -5833.979416 -1814.855385 -80.277103
v -5979.046249 -1391.823769 -80.277085
v -5979.046249 -1391.823769 119.722915
v -5693.780136 -1672.222519 119.722903
v -5693.780136 -1672.222519 -80.277103
v -5979.046249 -1391.823769 119.722915
v -6119.245529 -1534.45673 119.722915
v -5833.979416 -1814.855385 119.722903
v -5693.780136 -1672.222519 119.722903
v -6119.245529 -1534.45673 119.722915
v -6119.245529 -1534.45673 -80.277085
v -5833.979416 -1814.855385 -80.277103
v -5833.979416 -1814.855385 119.722903
vt 1 1
vt 1 2
vt 0 2
vt 0 1
vt 0 1
vt 1 1
vt 1 2
vt 0 2
vt 0 1
vt 1 1
vt 1 2
vt 0 2
vt 0 1
vt 1 1
vt 1 2
vt 0 2
vt 0 1
vt 1 1
vt 1 2
vt 0 2
vt 0 1
vt 1 1
vt 1 2
vt 0 2
vn -0.713165 0.700997 0
vn -0.713165 0.700997 0
vn -0.713165 0.700997 0
vn -0.713165 0.700997 0
vn 0.713165 -0.700997 0
vn 0.713165 -0.700997 0
vn 0.713165 -0.700997 0
vn 0.713165 -0.700997 0
vn 0 -0.0 -1
vn 0 -0.0 -1
vn 0 -0.0 -1
vn 0 -0.0 -1
vn 0.700997 0.713165 0
vn 0.700997 0.713165 0
vn 0.700997 0.713165 0
vn 0.700997 0.713165 0
vn 0 -0.0 1
vn 0 -0.0 1
vn 0 -0.0 1
vn 0 -0.0 1
vn -0.700997 -0.713165 0
vn -0.700997 -0.713165 0
vn -0.700997 -0.713165 0
vn -0.700997 -0.713165 0
f 410/410/410 411/411/411 409/409/409
f 412/412/412 409/409/409 411/411/411
f 414/414/414 415/415/415 413/413/413
f 416/416/416 413/413/413 415/415/415
f 418/418/418 419/419/419 417/417/417
f 420/420/420 417/417/417 419/419/419
f 422/422/422 423/423/423 421/421/421
f 424/424/424 421/421/421 423/423/423
f 426/426/426 427/427/427 425/425/425
f 428/428/428 425/425/425 427/427/427
f 430/430/430 431/431/431 429/429/429
f 432/432/432 429/429/429 431/431/431
o AC_START_9_18
usemtl material_0
v -6112.940216 -395.378852 -79.831529
v -6112.940216 -395.378876 120.168471
v -5969.392014 -256.116915 120.168471
v -5969.392014 -256.116915 -79.831529
v -5834.41658 -682.475424 -79.831547
v -5690.868378 -543.213511 -79.831547
v -5690.868378 -543.213511 120.168459
v -5834.41658 -682.475424 120.168459
v -6112.940216 -395.378852 -79.831529
v -5969.392014 -256.116915 -79.831529
v -5690.868378 -543.213511 -79.831547
v -5834.41658 -682.475424 -79.831547
v -5969.392014 -256.116915 -79.831529
v -5969.392014 -256.116915 120.168471
v -5690.868378 -543.213511 120.168459
v -5690.868378 -543.213511 -79.831547
v -5969.392014 -256.116915 120.168471
v -6112.940216 -395.378876 120.168471
v -5834.41658 -682.475424 120.168459
v -5690.868378 -543.213511 120.168459
v -6112.940216 -395.378876 120.168471
v -6112.940216 -395.378852 -79.831529
v -5834.41658 -682.475424 -79.831547
v -5834.41658 -682.475424 120.168459
vt 1 1
vt 1 2
vt 0 2
vt 0 1
vt 0 1
vt 1 1
vt 1 2
vt 0 2
vt 0 1
vt 1 1
vt 1 2
vt 0 2
vt 0 1
vt 1 1
vt 1 2
vt 0 2
vt 0 1
vt 1 1
vt 1 2
vt 0 2
vt 0 1
vt 1 1
vt 1 2
vt 0 2
vn -0.69631 0.717741 0
vn -0.69631 0.717741 0
vn -0.69631 0.717741 0
vn -0.69631 0.717741 0
vn 0.69631 -0.717741 0
vn 0.69631 -0.717741 0
vn 0.69631 -0.717741 0
vn 0.69631 -0.717741 0
vn 0 -0.0 -1
vn 0 -0.0 -1
vn 0 -0.0 -1
vn 0 -0.0 -1
vn 0.717741 0.69631 0
vn 0.717741 0.69631 0
vn 0.717741 0.69631 0
vn 0.717741 0.69631 0
vn 0 -0.0 1
vn 0 -0.0 1
vn 0 -0.0 1
vn 0 -0.0 1
vn -0.717741 -0.69631 0
vn -0.717741 -0.69631 0
vn -0.717741 -0.69631 0
vn -0.717741 -0.69631 0
f 434/434/434 435/435/435 433/433/433
f 436/436/436 433/433/433 435/435/435
f 438/438/438 439/439/439 437/437/437
f 440/440/440 437/437/437 439/439/439
f 442/442/442 443/443/443 441/441/441
f 444/444/444 441/441/441 443/443/443
f 446/446/446 447/447/447 445/445/445
f 448/448/448 445/445/445 447/447/447
f 450/450/450 451/451/451 449/449/449
f 452/452/452 449/449/449 451/451/451
f 454/454/454 455/455/455 453/453/453
f 456/456/456 453/453/453 455/455/455
o AC_START_10_19
usemtl material_0
v -7248.032379 -400.525141 -77.902818
v -7248.032379 -400.525141 122.097182
v -7105.799103 -259.920478 122.097182
v -7105.799103 -259.920478 -77.902818
v -6966.823578 -684.991884 -77.902836
v -6824.590302 -544.387197 -77.902836
v -6824.590302 -544.387197 122.09717
v -6966.823578 -684.991884 122.09717
v -7248.032379 -400.525141 -77.902818
v -7105.799103 -259.920478 -77.902818
v -6824.590302 -544.387197 -77.902836
v -6966.823578 -684.991884 -77.902836
v -7105.799103 -259.920478 -77.902818
v -7105.799103 -259.920478 122.097182
v -6824.590302 -544.387197 122.09717
v -6824.590302 -544.387197 -77.902836
v -7105.799103 -259.920478 122.097182
v -7248.032379 -400.525141 122.097182
v -6966.823578 -684.991884 122.09717
v -6824.590302 -544.387197 122.09717
v -7248.032379 -400.525141 122.097182
v -7248.032379 -400.525141 -77.902818
v -6966.823578 -684.991884 -77.902836
v -6966.823578 -684.991884 122.09717
vt 1 1
vt 1 2
vt 0 2
vt 0 1
vt 0 1
vt 1 1
vt 1 2
vt 0 2
vt 0 1
vt 1 1
vt 1 2
vt 0 2
vt 0 1
vt 1 1
vt 1 2
vt 0 2
vt 0 1
vt 1 1
vt 1 2
vt 0 2
vt 0 1
vt 1 1
vt 1 2
vt 0 2
vn -0.703023 0.711167 0
vn -0.703023 0.711167 0
vn -0.703023 0.711167 0
vn -0.703023 0.711167 0
vn 0.703023 -0.711167 0
vn 0.703023 -0.711167 0
vn 0.703023 -0.711167 0
vn 0.703023 -0.711167 0
vn 0 -0.0 -1
vn 0 -0.0 -1
vn 0 -0.0 -1
vn 0 -0.0 -1
vn 0.711167 0.703023 0
vn 0.711167 0.703023 0
vn 0.711167 0.703023 0
vn 0.711167 0.703023 0
vn 0 -0.0 1
vn 0 -0.0 1
vn 0 -0.0 1
vn 0 -0.0 1
vn -0.711167 -0.703023 0
vn -0.711167 -0.703023 0
vn -0.711167 -0.703023 0
vn -0.711167 -0.703023 0
f 458/458/458 459/459/459 457/457/457
f 460/460/460 457/457/457 459/459/459
f 462/462/462 463/463/463 461/461/461
f 464/464/464 461/461/461 463/463/463
f 466/466/466 467/467/467 465/465/465
f 468/468/468 465/465/465 467/467/467
f 470/470/470 471/471/471 469/469/469
f 472/472/472 469/469/469 471/471/471
f 474/474/474 475/475/475 473/473/473
f 476/476/476 473/473/473 475/475/475
f 478/478/478 479/479/479 477/477/477
f 480/480/480 477/477/477 479/479/479
o AC_START_11_20
usemtl material_0
v -7245.406342 727.957344 -83.640122
v -7245.406342 727.957344 116.359878
v -7106.459808 871.810341 116.359878
v -7106.459808 871.810341 -83.640122
v -6957.700348 450.063086 -83.64014
v -6818.753815 593.916082 -83.64014
v -6818.753815 593.916082 116.359866
v -6957.700348 450.063086 116.359866
v -7245.406342 727.957344 -83.640122
v -7106.459808 871.810341 -83.640122
v -6818.753815 593.916082 -83.64014
v -6957.700348 450.063086 -83.64014
v -7106.459808 871.810341 -83.640122
v -7106.459808 871.810341 116.359878
v -6818.753815 593.916082 116.359866
v -6818.753815 593.916082 -83.64014
v -7106.459808 871.810341 116.359878
v -7245.406342 727.957344 116.359878
v -6957.700348 450.063086 116.359866
v -6818.753815 593.916082 116.359866
v -7245.406342 727.957344 116.359878
v -7245.406342 727.957344 -83.640122
v -6957.700348 450.063086 -83.64014
v -6957.700348 450.063086 116.359866
vt 1 1
vt 1 2
vt 0 2
vt 0 1
vt 0 1
vt 1 1
vt 1 2
vt 0 2
vt 0 1
vt 1 1
vt 1 2
vt 0 2
vt 0 1
vt 1 1
vt 1 2
vt 0 2
vt 0 1
vt 1 1
vt 1 2
vt 0 2
vt 0 1
vt 1 1
vt 1 2
vt 0 2
vn -0.719265 0.694736 0
vn -0.719265 0.694736 0
vn -0.719265 0.694736 0
vn -0.719265 0.694736 0
vn 0.719265 -0.694736 0
vn 0.719265 -0.694736 0
vn 0.719265 -0.694736 0
vn 0.719265 -0.694736 0
vn 0 -0.0 -1
vn 0 -0.0 -1
vn 0 -0.0 -1
vn 0 -0.0 -1
vn 0.694736 0.719265 0
vn 0.694736 0.719265 0
vn 0.694736 0.719265 0
vn 0.694736 0.719265 0
vn 0 -0.0 1
vn 0 -0.0 1
vn 0 -0.0 1
vn 0 -0.0 1
vn -0.694736 -0.719265 0
vn -0.694736 -0.719265 0
vn -0.694736 -0.719265 0
vn -0.694736 -0.719265 0
f 482/482/482 483/483/483 481/481/481
f 484/484/484 481/481/481 483/483/483
f 486/486/486 487/487/487 485/485/485
f 488/488/488 485/485/485 487/487/487
f 490/490/490 491/491/491 489/489/489
f 492/492/492 489/489/489 491/491/491
f 494/494/494 495/495/495 493/493/493
f 496/496/496 493/493/493 495/495/495
f 498/498/498 499/499/499 497/497/497
f 500/500/500 497/497/497 499/499/499
f 502/502/502 503/503/503 501/501/501
f 504/504/504 501/501/501 503/503/503
o AC_START_12_21
usemtl material_0
v -8382.414246 727.864218 -79.062486
v -8382.414246 727.864218 120.937514
v -8243.036652 871.30003 120.937514
v -8243.036652 871.30003 -79.062486
v -8095.542145 449.108601 -79.062504
v -7956.164551 592.544413 -79.062504
v -7956.164551 592.544413 120.937502
v -8095.542145 449.108601 120.937502
v -8382.414246 727.864218 -79.062486
v -8243.036652 871.30003 -79.062486
v -7956.164551 592.544413 -79.062504
v -8095.542145 449.108601 -79.062504
v -8243.036652 871.30003 -79.062486
v -8243.036652 871.30003 120.937514
v -7956.164551 592.544413 120.937502
v -7956.164551 592.544413 -79.062504
v -8243.036652 871.30003 120.937514
v -8382.414246 727.864218 120.937514
v -8095.542145 449.108601 120.937502
v -7956.164551 592.544413 120.937502
v -8382.414246 727.864218 120.937514
v -8382.414246 727.864218 -79.062486
v -8095.542145 449.108601 -79.062504
v -8095.542145 449.108601 120.937502
vt 1 1
vt 1 2
vt 0 2
vt 0 1
vt 0 1
vt 1 1
vt 1 2
vt 0 2
vt 0 1
vt 1 1
vt 1 2
vt 0 2
vt 0 1
vt 1 1
vt 1 2
vt 0 2
vt 0 1
vt 1 1
vt 1 2
vt 0 2
vt 0 1
vt 1 1
vt 1 2
vt 0 2
vn -0.717179 0.696889 0
vn -0.717179 0.696889 0
vn -0.717179 0.696889 0
vn -0.717179 0.696889 0
vn 0.717179 -0.696889 0
vn 0.717179 -0.696889 0
vn 0.717179 -0.696889 0
vn 0.717179 -0.696889 0
vn 0 -0.0 -1
vn 0 -0.0 -1
vn 0 -0.0 -1
vn 0 -0.0 -1
vn 0.696889 0.717179 0
vn 0.696889 0.717179 0
vn 0.696889 0.717179 0
vn 0.696889 0.717179 0
vn 0 -0.0 1
vn 0 -0.0 1
vn 0 -0.0 1
vn 0 -0.0 1
vn -0.696889 -0.717179 0
vn -0.696889 -0.717179 0
vn -0.696889 -0.717179 0
vn -0.696889 -0.717179 0
f 506/506/506 507/507/507 505/505/505
f 508/508/508 505/505/505 507/507/507
f 510/510/510 511/511/511 509/509/509
f 512/512/512 509/509/509 511/511/511
f 514/514/514 515/515/515 513/513/513
f 516/516/516 513/513/513 515/515/515
f 518/518/518 519/519/519 517/517/517
f 520/520/520 517/517/517 519/519/519
f 522/522/522 523/523/523 521/521/521
f 524/524/524 521/521/521 523/523/523
f 526/526/526 527/527/527 525/525/525
f 528/528/528 525/525/525 527/527/527
o AC_START_13_22
usemtl material_0
v -8375.540924 1866.065788 -82.376695
v -8375.540924 1866.065788 117.623305
v -8233.307648 2006.67038 117.623305
v -8233.307648 2006.67038 -82.376695
v -8094.332123 1581.599045 -82.376713
v -7952.098846 1722.203636 -82.376713
v -7952.098846 1722.203636 117.623293
v -8094.332123 1581.599045 117.623293
v -8375.540924 1866.065788 -82.376695
v -8233.307648 2006.67038 -82.376695
v -7952.098846 1722.203636 -82.376713
v -8094.332123 1581.599045 -82.376713
v -8233.307648 2006.67038 -82.376695
v -8233.307648 2006.67038 117.623305
v -7952.098846 1722.203636 117.623293
v -7952.098846 1722.203636 -82.376713
v -8233.307648 2006.67038 117.623305
v -8375.540924 1866.065788 117.623305
v -8094.332123 1581.599045 117.623293
v -7952.098846 1722.203636 117.623293
v -8375.540924 1866.065788 117.623305
v -8375.540924 1866.065788 -82.376695
v -8094.332123 1581.599045 -82.376713
v -8094.332123 1581.599045 117.623293
vt 1 1
vt 1 2
vt 0 2
vt 0 1
vt 0 1
vt 1 1
vt 1 2
vt 0 2
vt 0 1
vt 1 1
vt 1 2
vt 0 2
vt 0 1
vt 1 1
vt 1 2
vt 0 2
vt 0 1
vt 1 1
vt 1 2
vt 0 2
vt 0 1
vt 1 1
vt 1 2
vt 0 2
vn -0.703023 0.711167 0
vn -0.703023 0.711167 0
vn -0.703023 0.711167 0
vn -0.703023 0.711167 0
vn 0.703023 -0.711167 0
vn 0.703023 -0.711167 0
vn 0.703023 -0.711167 0
vn 0.703023 -0.711167 0
vn 0 -0.0 -1
vn 0 -0.0 -1
vn 0 -0.0 -1
vn 0 -0.0 -1
vn 0.711167 0.703023 0
vn 0.711167 0.703023 0
vn 0.711167 0.703023 0
vn 0.711167 0.703023 0
vn 0 -0.0 1
vn 0 -0.0 1
vn 0 -0.0 1
vn 0 -0.0 1
vn -0.711167 -0.703023 0
vn -0.711167 -0.703023 0
vn -0.711167 -0.703023 0
vn -0.711167 -0.703023 0
f 530/530/530 531/531/531 529/529/529
f 532/532/532 529/529/529 531/531/531
f 534/534/534 535/535/535 533/533/533
f 536/536/536 533/533/533 535/535/535
f 538/538/538 539/539/539 537/537/537
f 540/540/540 537/537/537 539/539/539
f 542/542/542 543/543/543 541/541/541
f 544/544/544 541/541/541 543/543/543
f 546/546/546 547/547/547 545/545/545
f 548/548/548 545/545/545 547/547/547
f 550/550/550 551/551/551 549/549/549
f 552/552/552 549/549/549 551/551/551
o AC_START_14_23
usemtl material_0
v -9509.722137 1861.74984 -81.632066
v -9509.722137 1861.74984 118.367934
v -9367.488861 2002.354431 118.367934
v -9367.488861 2002.354431 -81.632066
v -9228.513336 1577.283096 -81.632084
v -9086.28006 1717.887688 -81.632084
v -9086.28006 1717.887688 118.367922
v -9228.513336 1577.283096 118.367922
v -9509.722137 1861.74984 -81.632066
v -9367.488861 2002.354431 -81.632066
v -9086.28006 1717.887688 -81.632084
v -9228.513336 1577.283096 -81.632084
v -9367.488861 2002.354431 -81.632066
v -9367.488861 2002.354431 118.367934
v -9086.28006 1717.887688 118.367922
v -9086.28006 1717.887688 -81.632084
v -9367.488861 2002.354431 118.367934
v -9509.722137 1861.74984 118.367934
v -9228.513336 1577.283096 118.367922
v -9086.28006 1717.887688 118.367922
v -9509.722137 1861.74984 118.367934
v -9509.722137 1861.74984 -81.632066
v -9228.513336 1577.283096 -81.632084
v -9228.513336 1577.283096 118.367922
vt 1 1
vt 1 2
vt 0 2
vt 0 1
vt 0 1
vt 1 1
vt 1 2
vt 0 2
vt 0 1
vt 1 1
vt 1 2
vt 0 2
vt 0 1
vt 1 1
vt 1 2
vt 0 2
vt 0 1
vt 1 1
vt 1 2
vt 0 2
vt 0 1
vt 1 1
vt 1 2
vt 0 2
vn -0.703023 0.711167 0
vn -0.703023 0.711167 0
vn -0.703023 0.711167 0
vn -0.703023 0.711167 0
vn 0.703023 -0.711167 0
vn 0.703023 -0.711167 0
vn 0.703023 -0.711167 0
vn 0.703023 -0.711167 0
vn 0 -0.0 -1
vn 0 -0.0 -1
vn 0 -0.0 -1
vn 0 -0.0 -1
vn 0.711167 0.703023 0
vn 0.711167 0.703023 0
vn 0.711167 0.703023 0
vn 0.711167 0.703023 0
vn 0 -0.0 1
vn 0 -0.0 1
vn 0 -0.0 1
vn 0 -0.0 1
vn -0.711167 -0.703023 0
vn -0.711167 -0.703023 0
vn -0.711167 -0.703023 0
vn -0.711167 -0.703023 0
f 554/554/554 555/555/555 553/553/553
f 556/556/556 553/553/553 555/555/555
f 558/558/558 559/559/559 557/557/557
f 560/560/560 557/557/557 559/559/559
f 562/562/562 563/563/563 561/561/561
f 564/564/564 561/561/561 563/563/563
f 566/566/566 567/567/567 565/565/565
f 568/568/568 565/565/565 567/567/567
f 570/570/570 571/571/571 569/569/569
f 572/572/572 569/569/569 571/571/571
f 574/574/574 575/575/575 573/573/573
f 576/576/576 573/573/573 575/575/575
o AC_START_15_24
usemtl material_0
v -9504.540253 2999.196243 -71.286607
v -9504.540253 2999.196243 128.713393
v -9360.945129 3138.409615 128.713393
v -9360.945129 3138.409615 -71.286607
v -9226.113892 2712.005424 -71.286625
v -9082.518768 2851.218796 -71.286625
v -9082.518768 2851.218796 128.713381
v -9226.113892 2712.005424 128.713381
v -9504.540253 2999.196243 -71.286607
v -9360.945129 3138.409615 -71.286607
v -9082.518768 2851.218796 -71.286625
v -9226.113892 2712.005424 -71.286625
v -9360.945129 3138.409615 -71.286607
v -9360.945129 3138.409615 128.713393
v -9082.518768 2851.218796 128.713381
v -9082.518768 2851.218796 -71.286625
v -9360.945129 3138.409615 128.713393
v -9504.540253 2999.196243 128.713393
v -9226.113892 2712.005424 128.713381
v -9082.518768 2851.218796 128.713381
v -9504.540253 2999.196243 128.713393
v -9504.540253 2999.196243 -71.286607
v -9226.113892 2712.005424 -71.286625
v -9226.113892 2712.005424 128.713381
vt 1 1
vt 1 2
vt 0 2
vt 0 1
vt 0 1
vt 1 1
vt 1 2
vt 0 2
vt 0 1
vt 1 1
vt 1 2
vt 0 2
vt 0 1
vt 1 1
vt 1 2
vt 0 2
vt 0 1
vt 1 1
vt 1 2
vt 0 2
vt 0 1
vt 1 1
vt 1 2
vt 0 2
vn -0.696067 0.717977 0
vn -0.696067 0.717977 0
vn -0.696067 0.717977 0
vn -0.696067 0.717977 0
vn 0.696067 -0.717977 0
vn 0.696067 -0.717977 0
vn 0.696067 -0.717977 0
vn 0.696067 -0.717977 0
vn 0 -0.0 -1
vn 0 -0.0 -1
vn 0 -0.0 -1
vn 0 -0.0 -1
vn 0.717977 0.696067 0
vn 0.717977 0.696067 0
vn 0.717977 0.696067 0
vn 0.717977 0.696067 0
vn 0 -0.0 1
vn 0 -0.0 1
vn 0 -0.0 1
vn 0 -0.0 1
vn -0.717977 -0.696067 0
vn -0.717977 -0.696067 0
vn -0.717977 -0.696067 0
vn -0.717977 -0.696067 0
f 578/578/578 579/579/579 577/577/577
f 580/580/580 577/577/577 579/579/579
f 582/582/582 583/583/583 581/581/581
f 584/584/584 581/581/581 583/583/583
f 586/586/586 587/587/587 585/585/585
f 588/588/588 585/585/585 587/587/587
f 590/590/590 591/591/591 589/589/589
f 592/592/592 589/589/589 591/591/591
f 594/594/594 595/595/595 593/593/593
f 596/596/596 593/593/593 595/595/595
f 598/598/598 599/599/599 597/597/597
f 600/600/600 597/597/597 599/599/599
o AC_START_16_25
usemtl material_0
v -10642.513275 2991.86573 -71.439195
v -10642.513275 2991.86573 128.560805
v -10500.279999 3132.470322 128.560805
v -10500.279999 3132.470322 -71.439195
v -10361.304474 2707.398987 -71.439213
v -10219.071198 2848.003578 -71.439213
v -10219.071198 2848.003578 128.560793
v -10361.304474 2707.398987 128.560793
v -10642.513275 2991.86573 -71.439195
v -10500.279999 3132.470322 -71.439195
v -10219.071198 2848.003578 -71.439213
v -10361.304474 2707.398987 -71.439213
v -10500.279999 3132.470322 -71.439195
v -10500.279999 3132.470322 128.560805
v -10219.071198 2848.003578 128.560793
v -10219.071198 2848.003578 -71.439213
v -10500.279999 3132.470322 128.560805
v -10642.513275 2991.86573 128.560805
v -10361.304474 2707.398987 128.560793
v -10219.071198 2848.003578 128.560793
v -10642.513275 2991.86573 128.560805
v -10642.513275 2991.86573 -71.439195
v -10361.304474 2707.398987 -71.439213
v -10361.304474 2707.398987 128.560793
vt 1 1
vt 1 2
vt 0 2
vt 0 1
vt 0 1
vt 1 1
vt 1 2
vt 0 2
vt 0 1
vt 1 1
vt 1 2
vt 0 2
vt 0 1
vt 1 1
vt 1 2
vt 0 2
vt 0 1
vt 1 1
vt 1 2
vt 0 2
vt 0 1
vt 1 1
vt 1 2
vt 0 2
vn -0.703023 0.711167 0
vn -0.703023 0.711167 0
vn -0.703023 0.711167 0
vn -0.703023 0.711167 0
vn 0.703023 -0.711167 0
vn 0.703023 -0.711167 0
vn 0.703023 -0.711167 0
vn 0.703023 -0.711167 0
vn 0 -0.0 -1
vn 0 -0.0 -1
vn 0 -0.0 -1
vn 0 -0.0 -1
vn 0.711167 0.703023 0
vn 0.711167 0.703023 0
vn 0.711167 0.703023 0
vn 0.711167 0.703023 0
vn 0 -0.0 1
vn 0 -0.0 1
vn 0 -0.0 1
vn 0 -0.0 1
vn -0.711167 -0.703023 0
vn -0.711167 -0.703023 0
vn -0.711167 -0.703023 0
vn -0.711167 -0.703023 0
f 602/602/602 603/603/603 601/601/601
f 604/604/604 601/601/601 603/603/603
f 606/606/606 607/607/607 605/605/605
f 608/608/608 605/605/605 607/607/607
f 610/610/610 611/611/611 609/609/609
f 612/612/612 609/609/609 611/611/611
f 614/614/614 615/615/615 613/613/613
f 616/616/616 613/613/613 615/615/615
f 618/618/618 619/619/619 617/617/617
f 620/620/620 617/617/617 619/619/619
f 622/622/622 623/623/623 621/621/621
f 624/624/624 621/621/621 623/623/623
o AC_START_17_26
usemtl material_0
v -10635.449219 4125.188446 -55.643296
v -10635.449219 4125.188446 144.356704
v -10493.215942 4265.793228 144.356704
v -10493.215942 4265.793228 -55.643296
v -10354.240417 3840.721893 -55.643314
v -10212.007141 3981.326675 -55.643314
v -10212.007141 3981.326675 144.356692
v -10354.240417 3840.721893 144.356692
v -10635.449219 4125.188446 -55.643296
v -10493.215942 4265.793228 -55.643296
v -10212.007141 3981.326675 -55.643314
v -10354.240417 3840.721893 -55.643314
v -10493.215942 4265.793228 -55.643296
v -10493.215942 4265.793228 144.356704
v -10212.007141 3981.326675 144.356692
v -10212.007141 3981.326675 -55.643314
v -10493.215942 4265.793228 144.356704
v -10635.449219 4125.188446 144.356704
v -10354.240417 3840.721893 144.356692
v -10212.007141 3981.326675 144.356692
v -10635.449219 4125.188446 144.356704
v -10635.449219 4125.188446 -55.643296
v -10354.240417 3840.721893 -55.643314
v -10354.240417 3840.721893 144.356692
vt 1 1
vt 1 2
vt 0 2
vt 0 1
vt 0 1
vt 1 1
vt 1 2
vt 0 2
vt 0 1
vt 1 1
vt 1 2
vt 0 2
vt 0 1
vt 1 1
vt 1 2
vt 0 2
vt 0 1
vt 1 1
vt 1 2
vt 0 2
vt 0 1
vt 1 1
vt 1 2
vt 0 2
vn -0.703023 0.711167 0
vn -0.703023 0.711167 0
vn -0.703023 0.711167 0
vn -0.703023 0.711167 0
vn 0.703023 -0.711167 0
vn 0.703023 -0.711167 0
vn 0.703023 -0.711167 0
vn 0.703023 -0.711167 0
vn 0 -0.0 -1
vn 0 -0.0 -1
vn 0 -0.0 -1
vn 0 -0.0 -1
vn 0.711167 0.703023 0
vn 0.711167 0.703023 0
vn 0.711167 0.703023 0
vn 0.711167 0.703023 0
vn 0 -0.0 1
vn 0 -0.0 1
vn 0 -0.0 1
vn 0 -0.0 1
vn -0.711167 -0.703023 0
vn -0.711167 -0.703023 0
vn -0.711167 -0.703023 0
vn -0.711167 -0.703023 0
f 626/626/626 627/627/627 625/625/625
f 628/628/628 625/625/625 627/627/627
f 630/630/630 631/631/631 629/629/629
f 632/632/632 629/629/629 631/631/631
f 634/634/634 635/635/635 633/633/633
f 636/636/636 633/633/633 635/635/635
f 638/638/638 639/639/639 637/637/637
f 640/640/640 637/637/637 639/639/639
f 642/642/642 643/643/643 641/641/641
f 644/644/644 641/641/641 643/643/643
f 646/646/646 647/647/647 645/645/645
f 648/648/648 645/645/645 647/647/647
o AC_START_18_27
usemtl material_0
v -11776.561737 4119.555664 -52.866197
v -11776.561737 4119.555664 147.133803
v -11636.629486 4262.450409 147.133803
v -11636.629486 4262.450409 -52.866197
v -11490.772247 3839.690781 -52.866215
v -11350.839996 3982.585526 -52.866215
v -11350.839996 3982.585526 147.133791
v -11490.772247 3839.690781 147.133791
v -11776.561737 4119.555664 -52.866197
v -11636.629486 4262.450409 -52.866197
v -11350.839996 3982.585526 -52.866215
v -11490.772247 3839.690781 -52.866215
v -11636.629486 4262.450409 -52.866197
v -11636.629486 4262.450409 147.133803
v -11350.839996 3982.585526 147.133791
v -11350.839996 3982.585526 -52.866215
v -11636.629486 4262.450409 147.133803
v -11776.561737 4119.555664 147.133803
v -11490.772247 3839.690781 147.133791
v -11350.839996 3982.585526 147.133791
v -11776.561737 4119.555664 147.133803
v -11776.561737 4119.555664 -52.866197
v -11490.772247 3839.690781 -52.866215
v -11490.772247 3839.690781 147.133791
vt 1 1
vt 1 2
vt 0 2
vt 0 1
vt 0 1
vt 1 1
vt 1 2
vt 0 2
vt 0 1
vt 1 1
vt 1 2
vt 0 2
vt 0 1
vt 1 1
vt 1 2
vt 0 2
vt 0 1
vt 1 1
vt 1 2
vt 0 2
vt 0 1
vt 1 1
vt 1 2
vt 0 2
vn -0.714474 0.699662 0
vn -0.714474 0.699662 0
vn -0.714474 0.699662 0
vn -0.714474 0.699662 0
vn 0.714474 -0.699662 0
vn 0.714474 -0.699662 0
vn 0.714474 -0.699662 0
vn 0.714474 -0.699662 0
vn 0 -0.0 -1
vn 0 -0.0 -1
vn 0 -0.0 -1
vn 0 -0.0 -1
vn 0.699662 0.714474 0
vn 0.699662 0.714474 0
vn 0.699662 0.714474 0
vn 0.699662 0.714474 0
vn 0 -0.0 1
vn 0 -0.0 1
vn 0 -0.0 1
vn 0 -0.0 1
vn -0.699662 -0.714474 0
vn -0.699662 -0.714474 0
vn -0.699662 -0.714474 0
vn -0.699662 -0.714474 0
f 650/650/650 651/651/651 649/649/649
f 652/652/652 649/649/649 651/651/651
f 654/654/654 655/655/655 653/653/653
f 656/656/656 653/653/653 655/655/655
f 658/658/658 659/659/659 657/657/657
f 660/660/660 657/657/657 659/659/659
f 662/662/662 663/663/663 661/661/661
f 664/664/664 661/661/661 663/663/663
f 666/666/666 667/667/667 665/665/665
f 668/668/668 665/665/665 667/667/667
f 670/670/670 671/671/671 669/669/669
f 672/672/672 669/669/669 671/671/671
o AC_START_19_28
usemtl material_0
v -11771.447754 5261.918259 -53.476548
v -11771.447754 5261.918259 146.523452
v -11629.214478 5402.523041 146.523452
v -11629.214478 5402.523041 -53.476548
v -11490.238953 4977.451706 -53.476566
v -11348.005676 5118.056488 -53.476566
v -11348.005676 5118.056488 146.52344
v -11490.238953 4977.451706 146.52344
v -11771.447754 5261.918259 -53.476548
v -11629.214478 5402.523041 -53.476548
v -11348.005676 5118.056488 -53.476566
v -11490.238953 4977.451706 -53.476566
v -11629.214478 5402.523041 -53.476548
v -11629.214478 5402.523041 146.523452
v -11348.005676 5118.056488 146.52344
v -11348.005676 5118.056488 -53.476566
v -11629.214478 5402.523041 146.523452
v -11771.447754 5261.918259 146.523452
v -11490.238953 4977.451706 146.52344
v -11348.005676 5118.056488 146.52344
v -11771.447754 5261.918259 146.523452
v -11771.447754 5261.918259 -53.476548
v -11490.238953 4977.451706 -53.476566
v -11490.238953 4977.451706 146.52344
vt 1 1
vt 1 2
vt 0 2
vt 0 1
vt 0 1
vt 1 1
vt 1 2
vt 0 2
vt 0 1
vt 1 1
vt 1 2
vt 0 2
vt 0 1
vt 1 1
vt 1 2
vt 0 2
vt 0 1
vt 1 1
vt 1 2
vt 0 2
vt 0 1
vt 1 1
vt 1 2
vt 0 2
vn -0.703023 0.711167 0
vn -0.703023 0.711167 0
vn -0.703023 0.711167 0
vn -0.703023 0.711167 0
vn 0.703023 -0.711167 0
vn 0.703023 -0.711167 0
vn 0.703023 -0.711167 0
vn 0.703023 -0.711167 0
vn 0 -0.0 -1
vn 0 -0.0 -1
vn 0 -0.0 -1
vn 0 -0.0 -1
vn 0.711167 0.703023 0
vn 0.711167 0.703023 0
vn 0.711167 0.703023 0
vn 0.711167 0.703023 0
vn 0 -0.0 1
vn 0 -0.0 1
vn 0 -0.0 1
vn 0 -0.0 1
vn -0.711167 -0.703023 0
vn -0.711167 -0.703023 0
vn -0.711167 -0.703023 0
vn -0.711167 -0.703023 0
f 674/674/674 675/675/675 673/673/673
f 676/676/676 673/673/673 675/675/675
f 678/678/678 679/679/679 677/677/677
f 680/680/680 677/677/677 679/679/679
f 682/682/682 683/683/683 681/681/681
f 684/684/684 681/681/681 683/683/683
f 686/686/686 687/687/687 685/685/685
f 688/688/688 685/685/685 687/687/687
f 690/690/690 691/691/691 689/689/689
f 692/692/692 689/689/689 691/691/691
f 694/694/694 695/695/695 693/693/693
f 696/696/696 693/693/693 695/695/695
o AC_START_20_29
usemtl material_0
v -12906.541443 5258.329773 -45.572492
v -12906.541443 5258.329773 154.427516
v -12764.307404 5398.934555 154.427516
v -12764.307404 5398.934555 -45.572492
v -12625.331879 4973.86322 -45.57251
v -12483.098602 5114.468002 -45.57251
v -12483.098602 5114.468002 154.427493
v -12625.331879 4973.86322 154.427493
v -12906.541443 5258.329773 -45.572492
v -12764.307404 5398.934555 -45.572492
v -12483.098602 5114.468002 -45.57251
v -12625.331879 4973.86322 -45.57251
v -12764.307404 5398.934555 -45.572492
v -12764.307404 5398.934555 154.427516
v -12483.098602 5114.468002 154.427493
v -12483.098602 5114.468002 -45.57251
v -12764.307404 5398.934555 154.427516
v -12906.541443 5258.329773 154.427516
v -12625.331879 4973.86322 154.427493
v -12483.098602 5114.468002 154.427493
v -12906.541443 5258.329773 154.427516
v -12906.541443 5258.329773 -45.572492
v -12625.331879 4973.86322 -45.57251
v -12625.331879 4973.86322 154.427493
vt 1 1
vt 1 2
vt 0 2
vt 0 1
vt 0 1
vt 1 1
vt 1 2
vt 0 2
vt 0 1
vt 1 1
vt 1 2
vt 0 2
vt 0 1
vt 1 1
vt 1 2
vt 0 2
vt 0 1
vt 1 1
vt 1 2
vt 0 2
vt 0 1
vt 1 1
vt 1 2
vt 0 2
vn -0.703023 0.711167 0
vn -0.703023 0.711167 0
vn -0.703023 0.711167 0
vn -0.703023 0.711167 0
vn 0.703023 -0.711167 0
vn 0.703023 -0.711167 0
vn 0.703023 -0.711167 0
vn 0.703023 -0.711167 0
vn 0 -0.0 -1
vn 0 -0.0 -1
vn 0 -0.0 -1
vn 0 -0.0 -1
vn 0.711167 0.703023 0
vn 0.711167 0.703023 0
vn 0.711167 0.703023 0
vn 0.711167 0.703023 0
vn 0 -0.0 1
vn 0 -0.0 1
vn 0 -0.0 1
vn 0 -0.0 1
vn -0.711167 -0.703023 0
vn -0.711167 -0.703023 0
vn -0.711167 -0.703023 0
vn -0.711167 -0.703023 0
f 698/698/698 699/699/699 697/697/697
f 700/700/700 697/697/697 699/699/699
f 702/702/702 703/703/703 701/701/701
f 704/704/704 701/701/701 703/703/703
f 706/706/706 707/707/707 705/705/705
f 708/708/708 705/705/705 707/707/707
f 710/710/710 711/711/711 709/709/709
f 712/712/712 709/709/709 711/711/711
f 714/714/714 715/715/715 713/713/713
f 716/716/716 713/713/713 715/715/715
f 718/718/718 719/719/719 717/717/717
f 720/720/720 717/717/717 719/719/719
o AC_START_21_30
usemtl material_0
v -12898.147583 6396.224594 -39.45677
v -12898.147583 6396.224594 160.543239
v -12754.602814 6535.489655 160.543239
v -12754.602814 6535.489655 -39.45677
v -12619.617462 6109.134293 -39.456788
v -12476.072693 6248.399353 -39.456788
v -12476.072693 6248.399353 160.543215
v -12619.617462 6109.134293 160.543215
v -12898.147583 6396.224594 -39.45677
v -12754.602814 6535.489655 -39.45677
v -12476.072693 6248.399353 -39.456788
v -12619.617462 6109.134293 -39.456788
v -12754.602814 6535.489655 -39.45677
v -12754.602814 6535.489655 160.543239
v -12476.072693 6248.399353 160.543215
v -12476.072693 6248.399353 -39.456788
v -12754.602814 6535.489655 160.543239
v -12898.147583 6396.224594 160.543239
v -12619.617462 6109.134293 160.543215
v -12476.072693 6248.399353 160.543215
v -12898.147583 6396.224594 160.543239
v -12898.147583 6396.224594 -39.45677
v -12619.617462 6109.134293 -39.456788
v -12619.617462 6109.134293 160.543215
vt 1 1
vt 1 2
vt 0 2
vt 0 1
vt 0 1
vt 1 1
vt 1 2
vt 0 2
vt 0 1
vt 1 1
vt 1 2
vt 0 2
vt 0 1
vt 1 1
vt 1 2
vt 0 2
vt 0 1
vt 1 1
vt 1 2
vt 0 2
vt 0 1
vt 1 1
vt 1 2
vt 0 2
vn -0.696326 0.717726 0
vn -0.696326 0.717726 0
vn -0.696326 0.717726 0
vn -0.696326 0.717726 0
vn 0.696326 -0.717726 0
vn 0.696326 -0.717726 0
vn 0.696326 -0.717726 0
vn 0.696326 -0.717726 0
vn 0 -0.0 -1
vn 0 -0.0 -1
vn 0 -0.0 -1
vn 0 -0.0 -1
vn 0.717726 0.696326 0
vn 0.717726 0.696326 0
vn 0.717726 0.696326 0
vn 0.717726 0.696326 0
vn 0 -0.0 1
vn 0 -0.0 1
vn 0 -0.0 1
vn 0 -0.0 1
vn -0.717726 -0.696326 0
vn -0.717726 -0.696326 0
vn -0.717726 -0.696326 0
vn -0.717726 -0.696326 0
f 722/722/722 723/723/723 721/721/721
f 724/724/724 721/721/721 723/723/723
f 726/726/726 727/727/727 725/725/725
f 728/728/728 725/725/725 727/727/727
f 730/730/730 731/731/731 729/729/729
f 732/732/732 729/729/729 731/731/731
f 734/734/734 735/735/735 733/733/733
f 736/736/736 733/733/733 735/735/735
f 738/738/738 739/739/739 737/737/737
f 740/740/740 737/737/737 739/739/739
f 742/742/742 743/743/743 741/741/741
f 744/744/744 741/741/741 743/743/743
o AC_START_22_31
usemtl material_0
v -14034.976196 6387.812805 -35.281965
v -14034.976196 6387.812805 164.718044
v -13892.74292 6528.417969 164.718044
v -13892.74292 6528.417969 -35.281965
v -13753.765869 6103.346252 -35.281983
v -13611.532593 6243.951035 -35.281983
v -13611.532593 6243.951035 164.71802
v -13753.765869 6103.346252 164.71802
v -14034.976196 6387.812805 -35.281965
v -13892.74292 6528.417969 -35.281965
v -13611.532593 6243.951035 -35.281983
v -13753.765869 6103.346252 -35.281983
v -13892.74292 6528.417969 -35.281965
v -13892.74292 6528.417969 164.718044
v -13611.532593 6243.951035 164.71802
v -13611.532593 6243.951035 -35.281983
v -13892.74292 6528.417969 164.718044
v -14034.976196 6387.812805 164.718044
v -13753.765869 6103.346252 164.71802
v -13611.532593 6243.951035 164.71802
v -14034.976196 6387.812805 164.718044
v -14034.976196 6387.812805 -35.281965
v -13753.765869 6103.346252 -35.281983
v -13753.765869 6103.346252 164.71802
vt 1 1
vt 1 2
vt 0 2
vt 0 1
vt 0 1
vt 1 1
vt 1 2
vt 0 2
vt 0 1
vt 1 1
vt 1 2
vt 0 2
vt 0 1
vt 1 1
vt 1 2
vt 0 2
vt 0 1
vt 1 1
vt 1 2
vt 0 2
vt 0 1
vt 1 1
vt 1 2
vt 0 2
vn -0.703023 0.711167 0
vn -0.703023 0.711167 0
vn -0.703023 0.711167 0
vn -0.703023 0.711167 0
vn 0.703023 -0.711167 0
vn 0.703023 -0.711167 0
vn 0.703023 -0.711167 0
vn 0.703023 -0.711167 0
vn 0 -0.0 -1
vn 0 -0.0 -1
vn 0 -0.0 -1
vn 0 -0.0 -1
vn 0.711167 0.703023 0
vn 0.711167 0.703023 0
vn 0.711167 0.703023 0
vn 0.711167 0.703023 0
vn 0 -0.0 1
vn 0 -0.0 1
vn 0 -0.0 1
vn 0 -0.0 1
vn -0.711167 -0.703023 0
vn -0.711167 -0.703023 0
vn -0.711167 -0.703023 0
vn -0.711167 -0.703023 0
f 746/746/746 747/747/747 745/745/745
f 748/748/748 745/745/745 747/747/747
f 750/750/750 751/751/751 749/749/749
f 752/752/752 749/749/749 751/751/751
f 754/754/754 755/755/755 753/753/753
f 756/756/756 753/753/753 755/755/755
f 758/758/758 759/759/759 757/757/757
f 760/760/760 757/757/757 759/759/759
f 762/762/762 763/763/763 761/761/761
f 764/764/764 761/761/761 763/763/763
f 766/766/766 767/767/767 765/765/765
f 768/768/768 765/765/765 767/767/767
o AC_START_23_32
usemtl material_0
v -14033.776855 7516.592407 -34.079573
v -14033.776855 7516.592407 165.920436
v -13893.347168 7658.998108 165.920436
v -13893.347168 7658.998108 -34.079573
v -13748.965454 7235.731506 -34.07959
v -13608.535767 7378.137207 -34.07959
v -13608.535767 7378.136444 165.920413
v -13748.965454 7235.731506 165.920413
v -14033.776855 7516.592407 -34.079573
v -13893.347168 7658.998108 -34.079573
v -13608.535767 7378.137207 -34.07959
v -13748.965454 7235.731506 -34.07959
v -13893.347168 7658.998108 -34.079573
v -13893.347168 7658.998108 165.920436
v -13608.535767 7378.136444 165.920413
v -13608.535767 7378.137207 -34.07959
v -13893.347168 7658.998108 165.920436
v -14033.776855 7516.592407 165.920436
v -13748.965454 7235.731506 165.920413
v -13608.535767 7378.136444 165.920413
v -14033.776855 7516.592407 165.920436
v -14033.776855 7516.592407 -34.079573
v -13748.965454 7235.731506 -34.07959
v -13748.965454 7235.731506 165.920413
vt 1 1
vt 1 2
vt 0 2
vt 0 1
vt 0 1
vt 1 1
vt 1 2
vt 0 2
vt 0 1
vt 1 1
vt 1 2
vt 0 2
vt 0 1
vt 1 1
vt 1 2
vt 0 2
vt 0 1
vt 1 1
vt 1 2
vt 0 2
vt 0 1
vt 1 1
vt 1 2
vt 0 2
vn -0.712027 0.702152 0
vn -0.712027 0.702152 0
vn -0.712027 0.702152 0
vn -0.712027 0.702152 0
vn 0.712027 -0.702152 0
vn 0.712027 -0.702152 0
vn 0.712027 -0.702152 0
vn 0.712027 -0.702152 0
vn 0 -0.0 -1
vn 0 -0.0 -1
vn 0 -0.0 -1
vn 0 -0.0 -1
vn 0.702152 0.712027 0
vn 0.702152 0.712027 0
vn 0.702152 0.712027 0
vn 0.702152 0.712027 0
vn 0 -0.0 1
vn 0 -0.0 1
vn 0 -0.0 1
vn 0 -0.0 1
vn -0.702152 -0.712027 0
vn -0.702152 -0.712027 0
vn -0.702152 -0.712027 0
vn -0.702152 -0.712027 0
f 770/770/770 771/771/771 769/769/769
f 772/772/772 769/769/769 771/771/771
f 774/774/774 775/775/775 773/773/773
f 776/776/776 773/773/773 775/775/775
f 778/778/778 779/779/779 777/777/777
f 780/780/780 777/777/777 779/779/779
f 782/782/782 783/783/783 781/781/781
f 784/784/784 781/781/781 783/783/783
f 786/786/786 787/787/787 785/785/785
f 788/788/788 785/785/785 787/787/787
f 790/790/790 791/791/791 789/789/789
f 792/792/792 789/789/789 791/791/791
o AC_START_24_33
usemtl material_0
v -15165.994263 7516.918945 -21.243879
v -15165.994263 7516.918945 178.75613
v -15023.760986 7657.524109 178.75613
v -15023.760986 7657.524109 -21.243879
v -14884.783936 7232.452393 -21.243897
v -14742.550659 7373.056793 -21.243897
v -14742.550659 7373.056793 178.756106
v -14884.783936 7232.452393 178.756106
v -15165.994263 7516.918945 -21.243879
v -15023.760986 7657.524109 -21.243879
v -14742.550659 7373.056793 -21.243897
v -14884.783936 7232.452393 -21.243897
v -15023.760986 7657.524109 -21.243879
v -15023.760986 7657.524109 178.75613
v -14742.550659 7373.056793 178.756106
v -14742.550659 7373.056793 -21.243897
v -15023.760986 7657.524109 178.75613
v -15165.994263 7516.918945 178.75613
v -14884.783936 7232.452393 178.756106
v -14742.550659 7373.056793 178.756106
v -15165.994263 7516.918945 178.75613
v -15165.994263 7516.918945 -21.243879
v -14884.783936 7232.452393 -21.243897
v -14884.783936 7232.452393 178.756106
vt 1 1
vt 1 2
vt 0 2
vt 0 1
vt 0 1
vt 1 1
vt 1 2
vt 0 2
vt 0 1
vt 1 1
vt 1 2
vt 0 2
vt 0 1
vt 1 1
vt 1 2
vt 0 2
vt 0 1
vt 1 1
vt 1 2
vt 0 2
vt 0 1
vt 1 1
vt 1 2
vt 0 2
vn -0.703023 0.711167 0
vn -0.703023 0.711167 0
vn -0.703023 0.711167 0
vn -0.703023 0.711167 0
vn 0.703023 -0.711167 0
vn 0.703023 -0.711167 0
vn 0.703023 -0.711167 0
vn 0.703023 -0.711167 0
vn 0 -0.0 -1
vn 0 -0.0 -1
vn 0 -0.0 -1
vn 0 -0.0 -1
vn 0.711167 0.703023 0
vn 0.711167 0.703023 0
vn 0.711167 0.703023 0
vn 0.711167 0.703023 0
vn 0 -0.0 1
vn 0 -0.0 1
vn 0 -0.0 1
vn 0 -0.0 1
vn -0.711167 -0.703023 0
vn -0.711167 -0.703023 0
vn -0.711167 -0.703023 0
vn -0.711167 -0.703023 0
f 794/794/794 795/795/795 793/793/793
f 796/796/796 793/793/793 795/795/795
f 798/798/798 799/799/799 797/797/797
f 800/800/800 797/797/797 799/799/799
f 802/802/802 803/803/803 801/801/801
f 804/804/804 801/801/801 803/803/803
f 806/806/806 807/807/807 805/805/805
f 808/808/808 805/805/805 807/807/807
f 810/810/810 811/811/811 809/809/809
f 812/812/812 809/809/809 811/811/811
f 814/814/814 815/815/815 813/813/813
f 816/816/816 813/813/813 815/815/815
o AC_START_25_34
usemtl material_0
v -15163.534546 8649.909973 -12.68675
v -15163.534546 8649.909973 187.313259
v -15021.30127 8790.515137 187.313259
v -15021.30127 8790.515137 -12.68675
v -14882.324219 8365.44342 -12.686768
v -14740.090942 8506.047821 -12.686768
v -14740.090942 8506.047821 187.313235
v -14882.324219 8365.44342 187.313235
v -15163.534546 8649.909973 -12.68675
v -15021.30127 8790.515137 -12.68675
v -14740.090942 8506.047821 -12.686768
v -14882.324219 8365.44342 -12.686768
v -15021.30127 8790.515137 -12.68675
v -15021.30127 8790.515137 187.313259
v -14740.090942 8506.047821 187.313235
v -14740.090942 8506.047821 -12.686768
v -15021.30127 8790.515137 187.313259
v -15163.534546 8649.909973 187.313259
v -14882.324219 8365.44342 187.313235
v -14740.090942 8506.047821 187.313235
v -15163.534546 8649.909973 187.313259
v -15163.534546 8649.909973 -12.68675
v -14882.324219 8365.44342 -12.686768
v -14882.324219 8365.44342 187.313235
vt 1 1
vt 1 2
vt 0 2
vt 0 1
vt 0 1
vt 1 1
vt 1 2
vt 0 2
vt 0 1
vt 1 1
vt 1 2
vt 0 2
vt 0 1
vt 1 1
vt 1 2
vt 0 2
vt 0 1
vt 1 1
vt 1 2
vt 0 2
vt 0 1
vt 1 1
vt 1 2
vt 0 2
vn -0.703023 0.711167 0
vn -0.703023 0.711167 0
vn -0.703023 0.711167 0
vn -0.703023 0.711167 0
vn 0.703023 -0.711167 0
vn 0.703023 -0.711167 0
vn 0.703023 -0.711167 0
vn 0.703023 -0.711167 0
vn 0 -0.0 -1
vn 0 -0.0 -1
vn 0 -0.0 -1
vn 0 -0.0 -1
vn 0.711167 0.703023 0
vn 0.711167 0.703023 0
vn 0.711167 0.703023 0
vn 0.711167 0.703023 0
vn 0 -0.0 1
vn 0 -0.0 1
vn 0 -0.0 1
vn 0 -0.0 1
vn -0.711167 -0.703023 0
vn -0.711167 -0.703023 0
vn -0.711167 -0.703023 0
vn -0.711167 -0.703023 0
f 818/818/818 819/819/819 817/817/817
f 820/820/820 817/817/817 819/819/819
f 822/822/822 823/823/823 821/821/821
f 824/824/824 821/821/821 823/823/823
f 826/826/826 827/827/827 825/825/825
f 828/828/828 825/825/825 827/827/827
f 830/830/830 831/831/831 829/829/829
f 832/832/832 829/829/829 831/831/831
f 834/834/834 835/835/835 833/833/833
f 836/836/836 833/833/833 835/835/835
f 838/838/838 839/839/839 837/837/837
f 840/840/840 837/837/837 839/839/839
o AC_START_26_35
usemtl material_0
v -16297.958374 8655.892944 5.288103
v -16297.958374 8655.892944 205.2881
v -16155.725098 8796.498108 205.2881
v -16155.725098 8796.498108 5.288103
v -16016.748047 8371.426392 5.288086
v -15874.514771 8512.030792 5.288086
v -15874.514771 8512.030792 205.2881
v -16016.748047 8371.426392 205.2881
v -16297.958374 8655.892944 5.288103
v -16155.725098 8796.498108 5.288103
v -15874.514771 8512.030792 5.288086
v -16016.748047 8371.426392 5.288086
v -16155.725098 8796.498108 5.288103
v -16155.725098 8796.498108 205.2881
v -15874.514771 8512.030792 205.2881
v -15874.514771 8512.030792 5.288086
v -16155.725098 8796.498108 205.2881
v -16297.958374 8655.892944 205.2881
v -16016.748047 8371.426392 205.2881
v -15874.514771 8512.030792 205.2881
v -16297.958374 8655.892944 205.2881
v -16297.958374 8655.892944 5.288103
v -16016.748047 8371.426392 5.288086
v -16016.748047 8371.426392 205.2881
vt 1 1
vt 1 2
vt 0 2
vt 0 1
vt 0 1
vt 1 1
vt 1 2
vt 0 2
vt 0 1
vt 1 1
vt 1 2
vt 0 2
vt 0 1
vt 1 1
vt 1 2
vt 0 2
vt 0 1
vt 1 1
vt 1 2
vt 0 2
vt 0 1
vt 1 1
vt 1 2
vt 0 2
vn -0.703023 0.711167 0
vn -0.703023 0.711167 0
vn -0.703023 0.711167 0
vn -0.703023 0.711167 0
vn 0.703023 -0.711167 0
vn 0.703023 -0.711167 0
vn 0.703023 -0.711167 0
vn 0.703023 -0.711167 0
vn 0 -0.0 -1
vn 0 -0.0 -1
vn 0 -0.0 -1
vn 0 -0.0 -1
vn 0.711167 0.703023 0
vn 0.711167 0.703023 0
vn 0.711167 0.703023 0
vn 0.711167 0.703023 0
vn 0 -0.0 1
vn 0 -0.0 1
vn 0 -0.0 1
vn 0 -0.0 1
vn -0.711167 -0.703023 0
vn -0.711167 -0.703023 0
vn -0.711167 -0.703023 0
vn -0.711167 -0.703023 0
f 842/842/842 843/843/843 841/841/841
f 844/844/844 841/841/841 843/843/843
f 846/846/846 847/847/847 845/845/845
f 848/848/848 845/845/845 847/847/847
f 850/850/850 851/851/851 849/849/849
f 852/852/852 849/849/849 851/851/851
f 854/854/854 855/855/855 853/853/853
f 856/856/856 853/853/853 855/855/855
f 858/858/858 859/859/859 857/857/857
f 860/860/860 857/857/857 859/859/859
f 862/862/862 863/863/863 861/861/861
f 864/864/864 861/861/861 863/863/863
o AC_START_27_36
usemtl material_0
v -16292.58728 9784.500885 18.380144
v -16292.58728 9784.500885 218.380141
v -16150.354004 9925.106049 218.380141
v -16150.354004 9925.106049 18.380144
v -16011.376953 9500.034332 18.380126
v -15869.143677 9640.638733 18.380126
v -15869.143677 9640.638733 218.380141
v -16011.376953 9500.034332 218.380141
v -16292.58728 9784.500885 18.380144
v -16150.354004 9925.106049 18.380144
v -15869.143677 9640.638733 18.380126
v -16011.376953 9500.034332 18.380126
v -16150.354004 9925.106049 18.380144
v -16150.354004 9925.106049 218.380141
v -15869.143677 9640.638733 218.380141
v -15869.143677 9640.638733 18.380126
v -16150.354004 9925.106049 218.380141
v -16292.58728 9784.500885 218.380141
v -16011.376953 9500.034332 218.380141
v -15869.143677 9640.638733 218.380141
v -16292.58728 9784.500885 218.380141
v -16292.58728 9784.500885 18.380144
v -16011.376953 9500.034332 18.380126
v -16011.376953 9500.034332 218.380141
vt 1 1
vt 1 2
vt 0 2
vt 0 1
vt 0 1
vt 1 1
vt 1 2
vt 0 2
vt 0 1
vt 1 1
vt 1 2
vt 0 2
vt 0 1
vt 1 1
vt 1 2
vt 0 2
vt 0 1
vt 1 1
vt 1 2
vt 0 2
vt 0 1
vt 1 1
vt 1 2
vt 0 2
vn -0.703023 0.711167 0
vn -0.703023 0.711167 0
vn -0.703023 0.711167 0
vn -0.703023 0.711167 0
vn 0.703023 -0.711167 0
vn 0.703023 -0.711167 0
vn 0.703023 -0.711167 0
vn 0.703023 -0.711167 0
vn 0 -0.0 -1
vn 0 -0.0 -1
vn 0 -0.0 -1
vn 0 -0.0 -1
vn 0.711167 0.703023 0
vn 0.711167 0.703023 0
vn 0.711167 0.703023 0
vn 0.711167 0.703023 0
vn 0 -0.0 1
vn 0 -0.0 1
vn 0 -0.0 1
vn 0 -0.0 1
vn -0.711167 -0.703023 0
vn -0.711167 -0.703023 0
vn -0.711167 -0.703023 0
vn -0.711167 -0.703023 0
f 866/866/866 867/867/867 865/865/865
f 868/868/868 865/865/865 867/867/867
f 870/870/870 871/871/871 869/869/869
f 872/872/872 869/869/869 871/871/871
f 874/874/874 875/875/875 873/873/873
f 876/876/876 873/873/873 875/875/875
f 878/878/878 879/879/879 877/877/877
f 880/880/880 877/877/877 879/879/879
f 882/882/882 883/883/883 881/881/881
f 884/884/884 881/881/881 883/883/883
f 886/886/886 887/887/887 885/885/885
f 888/888/888 885/885/885 887/887/887
o AC_START_28_37
usemtl material_0
v -17433.207703 9782.555389 36.031511
v -17433.207703 9782.555389 236.031508
v -17290.974426 9923.160553 236.031508
v -17290.974426 9923.160553 36.031511
v -17151.997375 9498.088837 36.031494
v -17009.764099 9638.693237 36.031494
v -17009.764099 9638.693237 236.031508
v -17151.997375 9498.088837 236.031508
v -17433.207703 9782.555389 36.031511
v -17290.974426 9923.160553 36.031511
v -17009.764099 9638.693237 36.031494
v -17151.997375 9498.088837 36.031494
v -17290.974426 9923.160553 36.031511
v -17290.974426 9923.160553 236.031508
v -17009.764099 9638.693237 236.031508
v -17009.764099 9638.693237 36.031494
v -17290.974426 9923.160553 236.031508
v -17433.207703 9782.555389 236.031508
v -17151.997375 9498.088837 236.031508
v -17009.764099 9638.693237 236.031508
v -17433.207703 9782.555389 236.031508
v -17433.207703 9782.555389 36.031511
v -17151.997375 9498.088837 36.031494
v -17151.997375 9498.088837 236.031508
vt 1 1
vt 1 2
vt 0 2
vt 0 1
vt 0 1
vt 1 1
vt 1 2
vt 0 2
vt 0 1
vt 1 1
vt 1 2
vt 0 2
vt 0 1
vt 1 1
vt 1 2
vt 0 2
vt 0 1
vt 1 1
vt 1 2
vt 0 2
vt 0 1
vt 1 1
vt 1 2
vt 0 2
vn -0.703023 0.711167 0
vn -0.703023 0.711167 0
vn -0.703023 0.711167 0
vn -0.703023 0.711167 0
vn 0.703023 -0.711167 0
vn 0.703023 -0.711167 0
vn 0.703023 -0.711167 0
vn 0.703023 -0.711167 0
vn 0 -0.0 -1
vn 0 -0.0 -1
vn 0 -0.0 -1
vn 0 -0.0 -1
vn 0.711167 0.703023 0
vn 0.711167 0.703023 0
vn 0.711167 0.703023 0
vn 0.711167 0.703023 0
vn 0 -0.0 1
vn 0 -0.0 1
vn 0 -0.0 1
vn 0 -0.0 1
vn -0.711167 -0.703023 0
vn -0.711167 -0.703023 0
vn -0.711167 -0.703023 0
vn -0.711167 -0.703023 0
f 890/890/890 891/891/891 889/889/889
f 892/892/892 889/889/889 891/891/891
f 894/894/894 895/895/895 893/893/893
f 896/896/896 893/893/893 895/895/895
f 898/898/898 899/899/899 897/897/897
f 900/900/900 897/897/897 899/899/899
f 902/902/902 903/903/903 901/901/901
f 904/904/904 901/901/901 903/903/903
f 906/906/906 907/907/907 905/905/905
f 908/908/908 905/905/905 907/907/907
f 910/910/910 911/911/911 909/909/909
f 912/912/912 909/909/909 911/911/911
o AC_START_29_38
usemtl material_0
v -17427.906799 10917.266083 57.320571
v -17427.906799 10917.266083 257.320571
v -17285.673523 11057.871246 257.320571
v -17285.673523 11057.871246 57.320571
v -17146.696472 10632.79953 57.320559
v -17004.463196 10773.403931 57.320559
v -17004.463196 10773.403931 257.320571
v -17146.696472 10632.79953 257.320571
v -17427.906799 10917.266083 57.320571
v -17285.673523 11057.871246 57.320571
v -17004.463196 10773.403931 57.320559
v -17146.696472 10632.79953 57.320559
v -17285.673523 11057.871246 57.320571
v -17285.673523 11057.871246 257.320571
v -17004.463196 10773.403931 257.320571
v -17004.463196 10773.403931 57.320559
v -17285.673523 11057.871246 257.320571
v -17427.906799 10917.266083 257.320571
v -17146.696472 10632.79953 257.320571
v -17004.463196 10773.403931 257.320571
v -17427.906799 10917.266083 257.320571
v -17427.906799 10917.266083 57.320571
v -17146.696472 10632.79953 57.320559
v -17146.696472 10632.79953 257.320571
vt 1 1
vt 1 2
vt 0 2
vt 0 1
vt 0 1
vt 1 1
vt 1 2
vt 0 2
vt 0 1
vt 1 1
vt 1 2
vt 0 2
vt 0 1
vt 1 1
vt 1 2
vt 0 2
vt 0 1
vt 1 1
vt 1 2
vt 0 2
vt 0 1
vt 1 1
vt 1 2
vt 0 2
vn -0.703023 0.711167 0
vn -0.703023 0.711167 0
vn -0.703023 0.711167 0
vn -0.703023 0.711167 0
vn 0.703023 -0.711167 0
vn 0.703023 -0.711167 0
vn 0.703023 -0.711167 0
vn 0.703023 -0.711167 0
vn 0 -0.0 -1
vn 0 -0.0 -1
vn 0 -0.0 -1
vn 0 -0.0 -1
vn 0.711167 0.703023 0
vn 0.711167 0.703023 0
vn 0.711167 0.703023 0
vn 0.711167 0.703023 0
vn 0 -0.0 1
vn 0 -0.0 1
vn 0 -0.0 1
vn 0 -0.0 1
vn -0.711167 -0.703023 0
vn -0.711167 -0.703023 0
vn -0.711167 -0.703023 0
vn -0.711167 -0.703023 0
f 914/914/914 915/915/915 913/913/913
f 916/916/916 913/913/913 915/915/915
f 918/918/918 919/919/919 917/917/917
f 920/920/920 917/917/917 919/919/919
f 922/922/922 923/923/923 921/921/921
f 924/924/924 921/921/921 923/923/923
f 926/926/926 927/927/927 925/925/925
f 928/928/928 925/925/925 927/927/927
f 930/930/930 931/931/931 929/929/929
f 932/932/932 929/929/929 931/931/931
f 934/934/934 935/935/935 933/933/933
f 936/936/936 933/933/933 935/935/935
o AC_START_30_39
usemtl material_0
v -18560.321045 10915.674591 69.930434
v -18560.321045 10915.674591 269.930434
v -18418.087769 11056.279755 269.930434
v -18418.087769 11056.279755 69.930434
v -18279.110718 10631.208038 69.930422
v -18136.877441 10771.812439 69.930422
v -18136.877441 10771.812439 269.930434
v -18279.110718 10631.208038 269.930434
v -18560.321045 10915.674591 69.930434
v -18418.087769 11056.279755 69.930434
v -18136.877441 10771.812439 69.930422
v -18279.110718 10631.208038 69.930422
v -18418.087769 11056.279755 69.930434
v -18418.087769 11056.279755 269.930434
v -18136.877441 10771.812439 269.930434
v -18136.877441 10771.812439 69.930422
v -18418.087769 11056.279755 269.930434
v -18560.321045 10915.674591 269.930434
v -18279.110718 10631.208038 269.930434
v -18136.877441 10771.812439 269.930434
v -18560.321045 10915.674591 269.930434
v -18560.321045 10915.674591 69.930434
v -18279.110718 10631.208038 69.930422
v -18279.110718 10631.208038 269.930434
vt 1 1
vt 1 2
vt 0 2
vt 0 1
vt 0 1
vt 1 1
vt 1 2
vt 0 2
vt 0 1
vt 1 1
vt 1 2
vt 0 2
vt 0 1
vt 1 1
vt 1 2
vt 0 2
vt 0 1
vt 1 1
vt 1 2
vt 0 2
vt 0 1
vt 1 1
vt 1 2
vt 0 2
vn -0.703023 0.711167 0
vn -0.703023 0.711167 0
vn -0.703023 0.711167 0
vn -0.703023 0.711167 0
vn 0.703023 -0.711167 0
vn 0.703023 -0.711167 0
vn 0.703023 -0.711167 0
vn 0.703023 -0.711167 0
vn 0 -0.0 -1
vn 0 -0.0 -1
vn 0 -0.0 -1
vn 0 -0.0 -1
vn 0.711167 0.703023 0
vn 0.711167 0.703023 0
vn 0.711167 0.703023 0
vn 0.711167 0.703023 0
vn 0 -0.0 1
vn 0 -0.0 1
vn 0 -0.0 1
vn 0 -0.0 1
vn -0.711167 -0.703023 0
vn -0.711167 -0.703023 0
vn -0.711167 -0.703023 0
vn -0.711167 -0.703023 0
f 938/938/938 939/939/939 937/937/937
f 940/940/940 937/937/937 939/939/939
f 942/942/942 943/943/943 941/941/941
f 944/944/944 941/941/941 943/943/943
f 946/946/946 947/947/947 945/945/945
f 948/948/948 945/945/945 947/947/947
f 950/950/950 951/951/951 949/949/949
f 952/952/952 949/949/949 951/951/951
f 954/954/954 955/955/955 953/953/953
f 956/956/956 953/953/953 955/955/955
f 958/958/958 959/959/959 957/957/957
f 960/960/960 957/957/957 959/959/959
o AC_START_31_40
usemtl material_0
v -18560.10437 12046.868896 78.70729
v -18560.10437 12046.868896 278.70729
v -18417.871094 12187.47406 278.70729
v -18417.871094 12187.47406 78.70729
v -18278.894043 11762.402344 78.707278
v -18136.660767 11903.006744 78.707278
v -18136.660767 11903.006744 278.70729
v -18278.894043 11762.402344 278.70729
v -18560.10437 12046.868896 78.70729
v -18417.871094 12187.47406 78.70729
v -18136.660767 11903.006744 78.707278
v -18278.894043 11762.402344 78.707278
v -18417.871094 12187.47406 78.70729
v -18417.871094 12187.47406 278.70729
v -18136.660767 11903.006744 278.70729
v -18136.660767 11903.006744 78.707278
v -18417.871094 12187.47406 278.70729
v -18560.10437 12046.868896 278.70729
v -18278.894043 11762.402344 278.70729
v -18136.660767 11903.006744 278.70729
v -18560.10437 12046.868896 278.70729
v -18560.10437 12046.868896 78.70729
v -18278.894043 11762.402344 78.707278
v -18278.894043 11762.402344 278.70729
vt 1 1
vt 1 2
vt 0 2
vt 0 1
vt 0 1
vt 1 1
vt 1 2
vt 0 2
vt 0 1
vt 1 1
vt 1 2
vt 0 2
vt 0 1
vt 1 1
vt 1 2
vt 0 2
vt 0 1
vt 1 1
vt 1 2
vt 0 2
vt 0 1
vt 1 1
vt 1 2
vt 0 2
vn -0.703023 0.711167 0
vn -0.703023 0.711167 0
vn -0.703023 0.711167 0
vn -0.703023 0.711167 0
vn 0.703023 -0.711167 0
vn 0.703023 -0.711167 0
vn 0.703023 -0.711167 0
vn 0.703023 -0.711167 0
vn 0 -0.0 -1
vn 0 -0.0 -1
vn 0 -0.0 -1
vn 0 -0.0 -1
vn 0.711167 0.703023 0
vn 0.711167 0.703023 0
vn 0.711167 0.703023 0
vn 0.711167 0.703023 0
vn 0 -0.0 1
vn 0 -0.0 1
vn 0 -0.0 1
vn 0 -0.0 1
vn -0.711167 -0.703023 0
vn -0.711167 -0.703023 0
vn -0.711167 -0.703023 0
vn -0.711167 -0.703023 0
f 962/962/962 963/963/963 961/961/961
f 964/964/964 961/961/961 963/963/963
f 966/966/966 967/967/967 965/965/965
f 968/968/968 965/965/965 967/967/967
f 970/970/970 971/971/971 969/969/969
f 972/972/972 969/969/969 971/971/971
f 974/974/974 975/975/975 973/973/973
f 976/976/976 973/973/973 975/975/975
f 978/978/978 979/979/979 977/977/977
f 980/980/980 977/977/977 979/979/979
f 982/982/982 983/983/983 981/981/981
f 984/984/984 981/981/981 983/983/983
o AC_START_32_41
usemtl material_0
v -19696.925354 12039.52179 90.749526
v -19696.925354 12039.52179 290.749526
v -19554.692078 12180.126953 290.749526
v -19554.692078 12180.126953 90.749526
v -19415.715027 11755.055237 90.749514
v -19273.48175 11895.659637 90.749514
v -19273.48175 11895.659637 290.749526
v -19415.715027 11755.055237 290.749526
v -19696.925354 12039.52179 90.749526
v -19554.692078 12180.126953 90.749526
v -19273.48175 11895.659637 90.749514
v -19415.715027 11755.055237 90.749514
v -19554.692078 12180.126953 90.749526
v -19554.692078 12180.126953 290.749526
v -19273.48175 11895.659637 290.749526
v -19273.48175 11895.659637 90.749514
v -19554.692078 12180.126953 290.749526
v -19696.925354 12039.52179 290.749526
v -19415.715027 11755.055237 290.749526
v -19273.48175 11895.659637 290.749526
v -19696.925354 12039.52179 290.749526
v -19696.925354 12039.52179 90.749526
v -19415.715027 11755.055237 90.749514
v -19415.715027 11755.055237 290.749526
vt 1 1
vt 1 2
vt 0 2
vt 0 1
vt 0 1
vt 1 1
vt 1 2
vt 0 2
vt 0 1
vt 1 1
vt 1 2
vt 0 2
vt 0 1
vt 1 1
vt 1 2
vt 0 2
vt 0 1
vt 1 1
vt 1 2
vt 0 2
vt 0 1
vt 1 1
vt 1 2
vt 0 2
vn -0.703023 0.711167 0
vn -0.703023 0.711167 0
vn -0.703023 0.711167 0
vn -0.703023 0.711167 0
vn 0.703023 -0.711167 0
vn 0.703023 -0.711167 0
vn 0.703023 -0.711167 0
vn 0.703023 -0.711167 0
vn 0 -0.0 -1
vn 0 -0.0 -1
vn 0 -0.0 -1
vn 0 -0.0 -1
vn 0.711167 0.703023 0
vn 0.711167 0.703023 0
vn 0.711167 0.703023 0
vn 0.711167 0.703023 0
vn 0 -0.0 1
vn 0 -0.0 1
vn 0 -0.0 1
vn 0 -0.0 1
vn -0.711167 -0.703023 0
vn -0.711167 -0.703023 0
vn -0.711167 -0.703023 0
vn -0.711167 -0.703023 0
f 986/986/986 987/987/987 985/985/985
f 988/988/988 985/985/985 987/987/987
f 990/990/990 991/991/991 989/989/989
f 992/992/992 989/989/989 991/991/991
f 994/994/994 995/995/995 993/993/993
f 996/996/996 993/993/993 995/995/995
f 998/998/998 999/999/999 997/997/997
f 1000/1000/1000 997/997/997 999/999/999
f 1002/1002/1002 1003/1003/1003 1001/1001/1001
f 1004/1004/1004 1001/1001/1001 1003/1003/1003
f 1006/1006/1006 1007/1007/1007 1005/1005/1005
f 1008/1008/1008 1005/1005/1005 1007/1007/1007
o AC_START_33_42
usemtl material_0
v -19690.744019 13179.101563 97.609878
v -19690.744019 13179.101563 297.609878
v -19548.510742 13319.7052 297.609878
v -19548.510742 13319.7052 97.609878
v -19409.533691 12894.633484 97.609866
v -19267.300415 13035.238647 97.609866
v -19267.300415 13035.238647 297.609878
v -19409.533691 12894.633484 297.609878
v -19690.744019 13179.101563 97.609878
v -19548.510742 13319.7052 97.609878
v -19267.300415 13035.238647 97.609866
v -19409.533691 12894.633484 97.609866
v -19548.510742 13319.7052 97.609878
v -19548.510742 13319.7052 297.609878
v -19267.300415 13035.238647 297.609878
v -19267.300415 13035.238647 97.609866
v -19548.510742 13319.7052 297.609878
v -19690.744019 13179.101563 297.609878
v -19409.533691 12894.633484 297.609878
v -19267.300415 13035.238647 297.609878
v -19690.744019 13179.101563 297.609878
v -19690.744019 13179.101563 97.609878
v -19409.533691 12894.633484 97.609866
v -19409.533691 12894.633484 297.609878
vt 1 1
vt 1 2
vt 0 2
vt 0 1
vt 0 1
vt 1 1
vt 1 2
vt 0 2
vt 0 1
vt 1 1
vt 1 2
vt 0 2
vt 0 1
vt 1 1
vt 1 2
vt 0 2
vt 0 1
vt 1 1
vt 1 2
vt 0 2
vt 0 1
vt 1 1
vt 1 2
vt 0 2
vn -0.703023 0.711167 0
vn -0.703023 0.711167 0
vn -0.703023 0.711167 0
vn -0.703023 0.711167 0
vn 0.703023 -0.711167 0
vn 0.703023 -0.711167 0
vn 0.703023 -0.711167 0
vn 0.703023 -0.711167 0
vn 0 -0.0 -1
vn 0 -0.0 -1
vn 0 -0.0 -1
vn 0 -0.0 -1
vn 0.711167 0.703023 0
vn 0.711167 0.703023 0
vn 0.711167 0.703023 0
vn 0.711167 0.703023 0
vn 0 -0.0 1
vn 0 -0.0 1
vn 0 -0.0 1
vn 0 -0.0 1
vn -0.711167 -0.703023 0
vn -0.711167 -0.703023 0
vn -0.711167 -0.703023 0
vn -0.711167 -0.703023 0
f 1010/1010/1010 1011/1011/1011 1009/1009/1009
f 1012/1012/1012 1009/1009/1009 1011/1011/1011
f 1014/1014/1014 1015/1015/1015 1013/1013/1013
f 1016/1016/1016 1013/1013/1013 1015/1015/1015
f 1018/1018/1018 1019/1019/1019 1017/1017/1017
f 1020/1020/1020 1017/1017/1017 1019/1019/1019
f 1022/1022/1022 1023/1023/1023 1021/1021/1021
f 1024/1024/1024 1021/1021/1021 1023/1023/1023
f 1026/1026/1026 1027/1027/1027 1025/1025/1025
f 1028/1028/1028 1025/1025/1025 1027/1027/1027
f 1030/1030/1030 1031/1031/1031 1029/1029/1029
f 1032/1032/1032 1029/1029/1029 1031/1031/1031
o AC_START_34_43
usemtl material_0
v -20824.597168 13173.156738 114.992678
v -20824.597168 13173.156738 314.99269
v -20682.363892 13313.760376 314.99269
v -20682.363892 13313.760376 114.992678
v -20543.386841 12888.68866 114.992666
v -20401.153564 13029.293823 114.992666
v -20401.153564 13029.293823 314.992666
v -20543.386841 12888.68866 314.992666
v -20824.597168 13173.156738 114.992678
v -20682.363892 13313.760376 114.992678
v -20401.153564 13029.293823 114.992666
v -20543.386841 12888.68866 114.992666
v -20682.363892 13313.760376 114.992678
v -20682.363892 13313.760376 314.99269
v -20401.153564 13029.293823 314.992666
v -20401.153564 13029.293823 114.992666
v -20682.363892 13313.760376 314.99269
v -20824.597168 13173.156738 314.99269
v -20543.386841 12888.68866 314.992666
v -20401.153564 13029.293823 314.992666
v -20824.597168 13173.156738 314.99269
v -20824.597168 13173.156738 114.992678
v -20543.386841 12888.68866 114.992666
v -20543.386841 12888.68866 314.992666
vt 1 1
vt 1 2
vt 0 2
vt 0 1
vt 0 1
vt 1 1
vt 1 2
vt 0 2
vt 0 1
vt 1 1
vt 1 2
vt 0 2
vt 0 1
vt 1 1
vt 1 2
vt 0 2
vt 0 1
vt 1 1
vt 1 2
vt 0 2
vt 0 1
vt 1 1
vt 1 2
vt 0 2
vn -0.703023 0.711167 0
vn -0.703023 0.711167 0
vn -0.703023 0.711167 0
vn -0.703023 0.711167 0
vn 0.703023 -0.711167 0
vn 0.703023 -0.711167 0
vn 0.703023 -0.711167 0
vn 0.703023 -0.711167 0
vn 0 -0.0 -1
vn 0 -0.0 -1
vn 0 -0.0 -1
vn 0 -0.0 -1
vn 0.711167 0.703023 0
vn 0.711167 0.703023 0
vn 0.711167 0.703023 0
vn 0.711167 0.703023 0
vn 0 -0.0 1
vn 0 -0.0 1
vn 0 -0.0 1
vn 0 -0.0 1
vn -0.711167 -0.703023 0
vn -0.711167 -0.703023 0
vn -0.711167 -0.703023 0
vn -0.711167 -0.703023 0
f 1034/1034/1034 1035/1035/1035 1033/1033/1033
f 1036/1036/1036 1033/1033/1033 1035/1035/1035
f 1038/1038/1038 1039/1039/1039 1037/1037/1037
f 1040/1040/1040 1037/1037/1037 1039/1039/1039
f 1042/1042/1042 1043/1043/1043 1041/1041/1041
f 1044/1044/1044 1041/1041/1041 1043/1043/1043
f 1046/1046/1046 1047/1047/1047 1045/1045/1045
f 1048/1048/1048 1045/1045/1045 1047/1047/1047
f 1050/1050/1050 1051/1051/1051 1049/1049/1049
f 1052/1052/1052 1049/1049/1049 1051/1051/1051
f 1054/1054/1054 1055/1055/1055 1053/1053/1053
f 1056/1056/1056 1053/1053/1053 1055/1055/1055
o AC_START_35_44
usemtl material_0
v -20824.241638 14310.890198 117.40967
v -20824.241638 14310.890198 317.409682
v -20682.008362 14451.493835 317.409682
v -20682.008362 14451.493835 117.40967
v -20543.031311 14026.422119 117.409658
v -20400.798035 14167.027283 117.409658
v -20400.798035 14167.027283 317.409658
v -20543.031311 14026.422119 317.409658
v -20824.241638 14310.890198 117.40967
v -20682.008362 14451.493835 117.40967
v -20400.798035 14167.027283 117.409658
v -20543.031311 14026.422119 117.409658
v -20682.008362 14451.493835 117.40967
v -20682.008362 14451.493835 317.409682
v -20400.798035 14167.027283 317.409658
v -20400.798035 14167.027283 117.409658
v -20682.008362 14451.493835 317.409682
v -20824.241638 14310.890198 317.409682
v -20543.031311 14026.422119 317.409658
v -20400.798035 14167.027283 317.409658
v -20824.241638 14310.890198 317.409682
v -20824.241638 14310.890198 117.40967
v -20543.031311 14026.422119 117.409658
v -20543.031311 14026.422119 317.409658
vt 1 1
vt 1 2
vt 0 2
vt 0 1
vt 0 1
vt 1 1
vt 1 2
vt 0 2
vt 0 1
vt 1 1
vt 1 2
vt 0 2
vt 0 1
vt 1 1
vt 1 2
vt 0 2
vt 0 1
vt 1 1
vt 1 2
vt 0 2
vt 0 1
vt 1 1
vt 1 2
vt 0 2
vn -0.703023 0.711167 0
vn -0.703023 0.711167 0
vn -0.703023 0.711167 0
vn -0.703023 0.711167 0
vn 0.703023 -0.711167 0
vn 0.703023 -0.711167 0
vn 0.703023 -0.711167 0
vn 0.703023 -0.711167 0
vn 0 -0.0 -1
vn 0 -0.0 -1
vn 0 -0.0 -1
vn 0 -0.0 -1
vn 0.711167 0.703023 0
vn 0.711167 0.703023 0
vn 0.711167 0.703023 0
vn 0.711167 0.703023 0
vn 0 -0.0 1
vn 0 -0.0 1
vn 0 -0.0 1
vn 0 -0.0 1
vn -0.711167 -0.703023 0
vn -0.711167 -0.703023 0
vn -0.711167 -0.703023 0
vn -0.711167 -0.703023 0
f 1058/1058/1058 1059/1059/1059 1057/1057/1057
f 1060/1060/1060 1057/1057/1057 1059/1059/1059
f 1062/1062/1062 1063/1063/1063 1061/1061/1061
f 1064/1064/1064 1061/1061/1061 1063/1063/1063
f 1066/1066/1066 1067/1067/1067 1065/1065/1065
f 1068/1068/1068 1065/1065/1065 1067/1067/1067
f 1070/1070/1070 1071/1071/1071 1069/1069/1069
f 1072/1072/1072 1069/1069/1069 1071/1071/1071
f 1074/1074/1074 1075/1075/1075 1073/1073/1073
f 1076/1076/1076 1073/1073/1073 1075/1075/1075
f 1078/1078/1078 1079/1079/1079 1077/1077/1077
f 1080/1080/1080 1077/1077/1077 1079/1079/1079
o AC_PIT_2_45
usemtl material_0
v 4968.571472 -8950.022888 -89.999986
v 4968.571472 -8950.022888 110.000026
v 5110.170746 -8808.779144 110.000026
v 5110.170746 -8808.779144 -89.999986
v 5251.058197 -9233.220673 -89.999998
v 5392.657471 -9091.977692 -89.999998
v 5392.657471 -9091.977692 110.000002
v 5251.058197 -9233.220673 110.000002
v 4968.571472 -8950.022888 -89.999986
v 5110.170746 -8808.779144 -89.999986
v 5392.657471 -9091.977692 -89.999998
v 5251.058197 -9233.220673 -89.999998
v 5110.170746 -8808.779144 -89.999986
v 5110.170746 -8808.779144 110.000026
v 5392.657471 -9091.977692 110.000002
v 5392.657471 -9091.977692 -89.999998
v 5110.170746 -8808.779144 110.000026
v 4968.571472 -8950.022888 110.000026
v 5251.058197 -9233.220673 110.000002
v 5392.657471 -9091.977692 110.000002
v 4968.571472 -8950.022888 110.000026
v 4968.571472 -8950.022888 -89.999986
v 5251.058197 -9233.220673 -89.999998
v 5251.058197 -9233.220673 110.000002
vt 1 1
vt 1 2
vt 0 2
vt 0 1
vt 0 1
vt 1 1
vt 1 2
vt 0 2
vt 0 1
vt 1 1
vt 1 2
vt 0 2
vt 0 1
vt 1 1
vt 1 2
vt 0 2
vt 0 1
vt 1 1
vt 1 2
vt 0 2
vt 0 1
vt 1 1
vt 1 2
vt 0 2
vn -0.706217 0.707996 0
vn -0.706217 0.707996 0
vn -0.706217 0.707996 0
vn -0.706217 0.707996 0
vn 0.706217 -0.707996 0
vn 0.706217 -0.707996 0
vn 0.706217 -0.707996 0
vn 0.706217 -0.707996 0
vn 0 -0.0 -1
vn 0 -0.0 -1
vn 0 -0.0 -1
vn 0 -0.0 -1
vn 0.707996 0.706217 0
vn 0.707996 0.706217 0
vn 0.707996 0.706217 0
vn 0.707996 0.706217 0
vn 0 -0.0 1
vn 0 -0.0 1
vn 0 -0.0 1
vn 0 -0.0 1
vn -0.707996 -0.706217 0
vn -0.707996 -0.706217 0
vn -0.707996 -0.706217 0
vn -0.707996 -0.706217 0
f 1082/1082/1082 1083/1083/1083 1081/1081/1081
f 1084/1084/1084 1081/1081/1081 1083/1083/1083
f 1086/1086/1086 1087/1087/1087 1085/1085/1085
f 1088/1088/1088 1085/1085/1085 1087/1087/1087
f 1090/1090/1090 1091/1091/1091 1089/1089/1089
f 1092/1092/1092 1089/1089/1089 1091/1091/1091
f 1094/1094/1094 1095/1095/1095 1093/1093/1093
f 1096/1096/1096 1093/1093/1093 1095/1095/1095
f 1098/1098/1098 1099/1099/1099 1097/1097/1097
f 1100/1100/1100 1097/1097/1097 1099/1099/1099
f 1102/1102/1102 1103/1103/1103 1101/1101/1101
f 1104/1104/1104 1101/1101/1101 1103/1103/1103
o AC_PIT_3_46
usemtl material_0
v 7137.647247 -11131.721497 -89.999986
v 7137.647247 -11131.721497 110.000026
v 7279.246521 -10990.477753 110.000026
v 7279.246521 -10990.477753 -89.999986
v 7420.133972 -11414.919281 -89.999998
v 7561.733246 -11273.6763 -89.999998
v 7561.733246 -11273.6763 110.000002
v 7420.133972 -11414.919281 110.000002
v 7137.647247 -11131.721497 -89.999986
v 7279.246521 -10990.477753 -89.999986
v 7561.733246 -11273.6763 -89.999998
v 7420.133972 -11414.919281 -89.999998
v 7279.246521 -10990.477753 -89.999986
v 7279.246521 -10990.477753 110.000026
v 7561.733246 -11273.6763 110.000002
v 7561.733246 -11273.6763 -89.999998
v 7279.246521 -10990.477753 110.000026
v 7137.647247 -11131.721497 110.000026
v 7420.133972 -11414.919281 110.000002
v 7561.733246 -11273.6763 110.000002
v 7137.647247 -11131.721497 110.000026
v 7137.647247 -11131.721497 -89.999986
v 7420.133972 -11414.919281 -89.999998
v 7420.133972 -11414.919281 110.000002
vt 1 1
vt 1 2
vt 0 2
vt 0 1
vt 0 1
vt 1 1
vt 1 2
vt 0 2
vt 0 1
vt 1 1
vt 1 2
vt 0 2
vt 0 1
vt 1 1
vt 1 2
vt 0 2
vt 0 1
vt 1 1
vt 1 2
vt 0 2
vt 0 1
vt 1 1
vt 1 2
vt 0 2
vn -0.706217 0.707996 0
vn -0.706217 0.707996 0
vn -0.706217 0.707996 0
vn -0.706217 0.707996 0
vn 0.706217 -0.707996 0
vn 0.706217 -0.707996 0
vn 0.706217 -0.707996 0
vn 0.706217 -0.707996 0
vn 0 -0.0 -1
vn 0 -0.0 -1
vn 0 -0.0 -1
vn 0 -0.0 -1
vn 0.707996 0.706217 0
vn 0.707996 0.706217 0
vn 0.707996 0.706217 0
vn 0.707996 0.706217 0
vn 0 -0.0 1
vn 0 -0.0 1
vn 0 -0.0 1
vn 0 -0.0 1
vn -0.707996 -0.706217 0
vn -0.707996 -0.706217 0
vn -0.707996 -0.706217 0
vn -0.707996 -0.706217 0
f 1106/1106/1106 1107/1107/1107 1105/1105/1105
f 1108/1108/1108 1105/1105/1105 1107/1107/1107
f 1110/1110/1110 1111/1111/1111 1109/1109/1109
f 1112/1112/1112 1109/1109/1109 1111/1111/1111
f 1114/1114/1114 1115/1115/1115 1113/1113/1113
f 1116/1116/1116 1113/1113/1113 1115/1115/1115
f 1118/1118/1118 1119/1119/1119 1117/1117/1117
f 1120/1120/1120 1117/1117/1117 1119/1119/1119
f 1122/1122/1122 1123/1123/1123 1121/1121/1121
f 1124/1124/1124 1121/1121/1121 1123/1123/1123
f 1126/1126/1126 1127/1127/1127 1125/1125/1125
f 1128/1128/1128 1125/1125/1125 1127/1127/1127
o AC_PIT_4_47
usemtl material_0
v -2960.009003 -1005.673027 -89.999986
v -2960.009003 -1005.673027 110.000026
v -2818.409729 -864.429665 110.000026
v -2818.409729 -864.429665 -89.999986
v -2677.522278 -1288.871288 -89.999998
v -2535.923004 -1147.627926 -89.999998
v -2535.923004 -1147.627926 110.000002
v -2677.522278 -1288.871288 110.000002
v -2960.009003 -1005.673027 -89.999986
v -2818.409729 -864.429665 -89.999986
v -2535.923004 -1147.627926 -89.999998
v -2677.522278 -1288.871288 -89.999998
v -2818.409729 -864.429665 -89.999986
v -2818.409729 -864.429665 110.000026
v -2535.923004 -1147.627926 110.000002
v -2535.923004 -1147.627926 -89.999998
v -2818.409729 -864.429665 110.000026
v -2960.009003 -1005.673027 110.000026
v -2677.522278 -1288.871288 110.000002
v -2535.923004 -1147.627926 110.000002
v -2960.009003 -1005.673027 110.000026
v -2960.009003 -1005.673027 -89.999986
v -2677.522278 -1288.871288 -89.999998
v -2677.522278 -1288.871288 110.000002
vt 1 1
vt 1 2
vt 0 2
vt 0 1
vt 0 1
vt 1 1
vt 1 2
vt 0 2
vt 0 1
vt 1 1
vt 1 2
vt 0 2
vt 0 1
vt 1 1
vt 1 2
vt 0 2
vt 0 1
vt 1 1
vt 1 2
vt 0 2
vt 0 1
vt 1 1
vt 1 2
vt 0 2
vn -0.706217 0.707996 0
vn -0.706217 0.707996 0
vn -0.706217 0.707996 0
vn -0.706217 0.707996 0
vn 0.706217 -0.707996 0
vn 0.706217 -0.707996 0
vn 0.706217 -0.707996 0
vn 0.706217 -0.707996 0
vn 0 -0.0 -1
vn 0 -0.0 -1
vn 0 -0.0 -1
vn 0 -0.0 -1
vn 0.707996 0.706217 0
vn 0.707996 0.706217 0
vn 0.707996 0.706217 0
vn 0.707996 0.706217 0
vn 0 -0.0 1
vn 0 -0.0 1
vn 0 -0.0 1
vn 0 -0.0 1
vn -0.707996 -0.706217 0
vn -0.707996 -0.706217 0
vn -0.707996 -0.706217 0
vn -0.707996 -0.706217 0
f 1130/1130/1130 1131/1131/1131 1129/1129/1129
f 1132/1132/1132 1129/1129/1129 1131/1131/1131
f 1134/1134/1134 1135/1135/1135 1133/1133/1133
f 1136/1136/1136 1133/1133/1133 1135/1135/1135
f 1138/1138/1138 1139/1139/1139 1137/1137/1137
f 1140/1140/1140 1137/1137/1137 1139/1139/1139
f 1142/1142/1142 1143/1143/1143 1141/1141/1141
f 1144/1144/1144 1141/1141/1141 1143/1143/1143
f 1146/1146/1146 1147/1147/1147 1145/1145/1145
f 1148/1148/1148 1145/1145/1145 1147/1147/1147
f 1150/1150/1150 1151/1151/1151 1149/1149/1149
f 1152/1152/1152 1149/1149/1149 1151/1151/1151
o AC_PIT_6_48
usemtl material_0
v 6088.856888 -10064.205933 -89.999986
v 6088.856888 -10064.205933 110.000026
v 6230.456161 -9922.962189 110.000026
v 6230.456161 -9922.962189 -89.999986
v 6371.343613 -10347.403717 -89.999998
v 6512.942505 -10206.160736 -89.999998
v 6512.942505 -10206.160736 110.000002
v 6371.343613 -10347.403717 110.000002
v 6088.856888 -10064.205933 -89.999986
v 6230.456161 -9922.962189 -89.999986
v 6512.942505 -10206.160736 -89.999998
v 6371.343613 -10347.403717 -89.999998
v 6230.456161 -9922.962189 -89.999986
v 6230.456161 -9922.962189 110.000026
v 6512.942505 -10206.160736 110.000002
v 6512.942505 -10206.160736 -89.999998
v 6230.456161 -9922.962189 110.000026
v 6088.856888 -10064.205933 110.000026
v 6371.343613 -10347.403717 110.000002
v 6512.942505 -10206.160736 110.000002
v 6088.856888 -10064.205933 110.000026
v 6088.856888 -10064.205933 -89.999986
v 6371.343613 -10347.403717 -89.999998
v 6371.343613 -10347.403717 110.000002
vt 1 1
vt 1 2
vt 0 2
vt 0 1
vt 0 1
vt 1 1
vt 1 2
vt 0 2
vt 0 1
vt 1 1
vt 1 2
vt 0 2
vt 0 1
vt 1 1
vt 1 2
vt 0 2
vt 0 1
vt 1 1
vt 1 2
vt 0 2
vt 0 1
vt 1 1
vt 1 2
vt 0 2
vn -0.706217 0.707996 0
vn -0.706217 0.707996 0
vn -0.706217 0.707996 0
vn -0.706217 0.707996 0
vn 0.706217 -0.707996 0
vn 0.706217 -0.707996 0
vn 0.706217 -0.707996 0
vn 0.706217 -0.707996 0
vn 0 -0.0 -1
vn 0 -0.0 -1
vn 0 -0.0 -1
vn 0 -0.0 -1
vn 0.707996 0.706217 0
vn 0.707996 0.706217 0
vn 0.707996 0.706217 0
vn 0.707996 0.706217 0
vn 0 -0.0 1
vn 0 -0.0 1
vn 0 -0.0 1
vn 0 -0.0 1
vn -0.707996 -0.706217 0
vn -0.707996 -0.706217 0
vn -0.707996 -0.706217 0
vn -0.707996 -0.706217 0
f 1154/1154/1154 1155/1155/1155 1153/1153/1153
f 1156/1156/1156 1153/1153/1153 1155/1155/1155
f 1158/1158/1158 1159/1159/1159 1157/1157/1157
f 1160/1160/1160 1157/1157/1157 1159/1159/1159
f 1162/1162/1162 1163/1163/1163 1161/1161/1161
f 1164/1164/1164 1161/1161/1161 1163/1163/1163
f 1166/1166/1166 1167/1167/1167 1165/1165/1165
f 1168/1168/1168 1165/1165/1165 1167/1167/1167
f 1170/1170/1170 1171/1171/1171 1169/1169/1169
f 1172/1172/1172 1169/1169/1169 1171/1171/1171
f 1174/1174/1174 1175/1175/1175 1173/1173/1173
f 1176/1176/1176 1173/1173/1173 1175/1175/1175
o AC_PIT_7_49
usemtl material_0
v 3829.216766 -7802.658081 -89.999986
v 3829.216766 -7802.658081 110.000026
v 3970.81604 -7661.414337 110.000026
v 3970.81604 -7661.414337 -89.999986
v 4111.703491 -8085.855865 -89.999998
v 4253.302765 -7944.612885 -89.999998
v 4253.302765 -7944.612885 110.000002
v 4111.703491 -8085.855865 110.000002
v 3829.216766 -7802.658081 -89.999986
v 3970.81604 -7661.414337 -89.999986
v 4253.302765 -7944.612885 -89.999998
v 4111.703491 -8085.855865 -89.999998
v 3970.81604 -7661.414337 -89.999986
v 3970.81604 -7661.414337 110.000026
v 4253.302765 -7944.612885 110.000002
v 4253.302765 -7944.612885 -89.999998
v 3970.81604 -7661.414337 110.000026
v 3829.216766 -7802.658081 110.000026
v 4111.703491 -8085.855865 110.000002
v 4253.302765 -7944.612885 110.000002
v 3829.216766 -7802.658081 110.000026
v 3829.216766 -7802.658081 -89.999986
v 4111.703491 -8085.855865 -89.999998
v 4111.703491 -8085.855865 110.000002
vt 1 1
vt 1 2
vt 0 2
vt 0 1
vt 0 1
vt 1 1
vt 1 2
vt 0 2
vt 0 1
vt 1 1
vt 1 2
vt 0 2
vt 0 1
vt 1 1
vt 1 2
vt 0 2
vt 0 1
vt 1 1
vt 1 2
vt 0 2
vt 0 1
vt 1 1
vt 1 2
vt 0 2
vn -0.706217 0.707996 0
vn -0.706217 0.707996 0
vn -0.706217 0.707996 0
vn -0.706217 0.707996 0
vn 0.706217 -0.707996 0
vn 0.706217 -0.707996 0
vn 0.706217 -0.707996 0
vn 0.706217 -0.707996 0
vn 0 -0.0 -1
vn 0 -0.0 -1
vn 0 -0.0 -1
vn 0 -0.0 -1
vn 0.707996 0.706217 0
vn 0.707996 0.706217 0
vn 0.707996 0.706217 0
vn 0.707996 0.706217 0
vn 0 -0.0 1
vn 0 -0.0 1
vn 0 -0.0 1
vn 0 -0.0 1
vn -0.707996 -0.706217 0
vn -0.707996 -0.706217 0
vn -0.707996 -0.706217 0
vn -0.707996 -0.706217 0
f 1178/1178/1178 1179/1179/1179 1177/1177/1177
f 1180/1180/1180 1177/1177/1177 1179/1179/1179
f 1182/1182/1182 1183/1183/1183 1181/1181/1181
f 1184/1184/1184 1181/1181/1181 1183/1183/1183
f 1186/1186/1186 1187/1187/1187 1185/1185/1185
f 1188/1188/1188 1185/1185/1185 1187/1187/1187
f 1190/1190/1190 1191/1191/1191 1189/1189/1189
f 1192/1192/1192 1189/1189/1189 1191/1191/1191
f 1194/1194/1194 1195/1195/1195 1193/1193/1193
f 1196/1196/1196 1193/1193/1193 1195/1195/1195
f 1198/1198/1198 1199/1199/1199 1197/1197/1197
f 1200/1200/1200 1197/1197/1197 1199/1199/1199
o AC_PIT_8_50
usemtl material_0
v 1574.150181 -5547.47963 -89.999986
v 1574.150181 -5547.47963 110.000026
v 1715.749359 -5406.236267 110.000026
v 1715.749359 -5406.236267 -89.999986
v 1856.63681 -5830.678177 -89.999998
v 1998.236084 -5689.434814 -89.999998
v 1998.236084 -5689.434814 110.000002
v 1856.63681 -5830.678177 110.000002
v 1574.150181 -5547.47963 -89.999986
v 1715.749359 -5406.236267 -89.999986
v 1998.236084 -5689.434814 -89.999998
v 1856.63681 -5830.678177 -89.999998
v 1715.749359 -5406.236267 -89.999986
v 1715.749359 -5406.236267 110.000026
v 1998.236084 -5689.434814 110.000002
v 1998.236084 -5689.434814 -89.999998
v 1715.749359 -5406.236267 110.000026
v 1574.150181 -5547.47963 110.000026
v 1856.63681 -5830.678177 110.000002
v 1998.236084 -5689.434814 110.000002
v 1574.150181 -5547.47963 110.000026
v 1574.150181 -5547.47963 -89.999986
v 1856.63681 -5830.678177 -89.999998
v 1856.63681 -5830.678177 110.000002
vt 1 1
vt 1 2
vt 0 2
vt 0 1
vt 0 1
vt 1 1
vt 1 2
vt 0 2
vt 0 1
vt 1 1
vt 1 2
vt 0 2
vt 0 1
vt 1 1
vt 1 2
vt 0 2
vt 0 1
vt 1 1
vt 1 2
vt 0 2
vt 0 1
vt 1 1
vt 1 2
vt 0 2
vn -0.706217 0.707996 0
vn -0.706217 0.707996 0
vn -0.706217 0.707996 0
vn -0.706217 0.707996 0
vn 0.706217 -0.707996 0
vn 0.706217 -0.707996 0
vn 0.706217 -0.707996 0
vn 0.706217 -0.707996 0
vn 0 -0.0 -1
vn 0 -0.0 -1
vn 0 -0.0 -1
vn 0 -0.0 -1
vn 0.707996 0.706217 0
vn 0.707996 0.706217 0
vn 0.707996 0.706217 0
vn 0.707996 0.706217 0
vn 0 -0.0 1
vn 0 -0.0 1
vn 0 -0.0 1
vn 0 -0.0 1
vn -0.707996 -0.706217 0
vn -0.707996 -0.706217 0
vn -0.707996 -0.706217 0
vn -0.707996 -0.706217 0
f 1202/1202/1202 1203/1203/1203 1201/1201/1201
f 1204/1204/1204 1201/1201/1201 1203/1203/1203
f 1206/1206/1206 1207/1207/1207 1205/1205/1205
f 1208/1208/1208 1205/1205/1205 1207/1207/1207
f 1210/1210/1210 1211/1211/1211 1209/1209/1209
f 1212/1212/1212 1209/1209/1209 1211/1211/1211
f 1214/1214/1214 1215/1215/1215 1213/1213/1213
f 1216/1216/1216 1213/1213/1213 1215/1215/1215
f 1218/1218/1218 1219/1219/1219 1217/1217/1217
f 1220/1220/1220 1217/1217/1217 1219/1219/1219
f 1222/1222/1222 1223/1223/1223 1221/1221/1221
f 1224/1224/1224 1221/1221/1221 1223/1223/1223
o AC_PIT_9_51
usemtl material_0
v -1841.614723 -2141.447639 -89.999986
v -1841.614723 -2141.447639 110.000026
v -1700.01545 -2000.204277 110.000026
v -1700.01545 -2000.204277 -89.999986
v -1559.127903 -2424.645805 -89.999998
v -1417.52882 -2283.402443 -89.999998
v -1417.52882 -2283.402443 110.000002
v -1559.127903 -2424.645805 110.000002
v -1841.614723 -2141.447639 -89.999986
v -1700.01545 -2000.204277 -89.999986
v -1417.52882 -2283.402443 -89.999998
v -1559.127903 -2424.645805 -89.999998
v -1700.01545 -2000.204277 -89.999986
v -1700.01545 -2000.204277 110.000026
v -1417.52882 -2283.402443 110.000002
v -1417.52882 -2283.402443 -89.999998
v -1700.01545 -2000.204277 110.000026
v -1841.614723 -2141.447639 110.000026
v -1559.127903 -2424.645805 110.000002
v -1417.52882 -2283.402443 110.000002
v -1841.614723 -2141.447639 110.000026
v -1841.614723 -2141.447639 -89.999986
v -1559.127903 -2424.645805 -89.999998
v -1559.127903 -2424.645805 110.000002
vt 1 1
vt 1 2
vt 0 2
vt 0 1
vt 0 1
vt 1 1
vt 1 2
vt 0 2
vt 0 1
vt 1 1
vt 1 2
vt 0 2
vt 0 1
vt 1 1
vt 1 2
vt 0 2
vt 0 1
vt 1 1
vt 1 2
vt 0 2
vt 0 1
vt 1 1
vt 1 2
vt 0 2
vn -0.706217 0.707996 0
vn -0.706217 0.707996 0
vn -0.706217 0.707996 0
vn -0.706217 0.707996 0
vn 0.706217 -0.707996 0
vn 0.706217 -0.707996 0
vn 0.706217 -0.707996 0
vn 0.706217 -0.707996 0
vn 0 -0.0 -1
vn 0 -0.0 -1
vn 0 -0.0 -1
vn 0 -0.0 -1
vn 0.707996 0.706217 0
vn 0.707996 0.706217 0
vn 0.707996 0.706217 0
vn 0.707996 0.706217 0
vn 0 -0.0 1
vn 0 -0.0 1
vn 0 -0.0 1
vn 0 -0.0 1
vn -0.707996 -0.706217 0
vn -0.707996 -0.706217 0
vn -0.707996 -0.706217 0
vn -0.707996 -0.706217 0
f 1226/1226/1226 1227/1227/1227 1225/1225/1225
f 1228/1228/1228 1225/1225/1225 1227/1227/1227
f 1230/1230/1230 1231/1231/1231 1229/1229/1229
f 1232/1232/1232 1229/1229/1229 1231/1231/1231
f 1234/1234/1234 1235/1235/1235 1233/1233/1233
f 1236/1236/1236 1233/1233/1233 1235/1235/1235
f 1238/1238/1238 1239/1239/1239 1237/1237/1237
f 1240/1240/1240 1237/1237/1237 1239/1239/1239
f 1242/1242/1242 1243/1243/1243 1241/1241/1241
f 1244/1244/1244 1241/1241/1241 1243/1243/1243
f 1246/1246/1246 1247/1247/1247 1245/1245/1245
f 1248/1248/1248 1245/1245/1245 1247/1247/1247
o AC_PIT_10_52
usemtl material_0
v -4104.404831 133.655381 -89.999986
v -4104.404831 133.655369 110.000026
v -3962.805557 274.89872 110.000026
v -3962.805557 274.898744 -89.999986
v -3821.918106 -149.54288 -89.999998
v -3680.318832 -8.299524 -89.999998
v -3680.318832 -8.29953 110.000002
v -3821.918106 -149.542892 110.000002
v -4104.404831 133.655381 -89.999986
v -3962.805557 274.898744 -89.999986
v -3680.318832 -8.299524 -89.999998
v -3821.918106 -149.54288 -89.999998
v -3962.805557 274.898744 -89.999986
v -3962.805557 274.89872 110.000026
v -3680.318832 -8.29953 110.000002
v -3680.318832 -8.299524 -89.999998
v -3962.805557 274.89872 110.000026
v -4104.404831 133.655369 110.000026
v -3821.918106 -149.542892 110.000002
v -3680.318832 -8.29953 110.000002
v -4104.404831 133.655369 110.000026
v -4104.404831 133.655381 -89.999986
v -3821.918106 -149.54288 -89.999998
v -3821.918106 -149.542892 110.000002
vt 1 1
vt 1 2
vt 0 2
vt 0 1
vt 0 1
vt 1 1
vt 1 2
vt 0 2
vt 0 1
vt 1 1
vt 1 2
vt 0 2
vt 0 1
vt 1 1
vt 1 2
vt 0 2
vt 0 1
vt 1 1
vt 1 2
vt 0 2
vt 0 1
vt 1 1
vt 1 2
vt 0 2
vn -0.706217 0.707996 0
vn -0.706217 0.707996 0
vn -0.706217 0.707996 0
vn -0.706217 0.707996 0
vn 0.706217 -0.707996 0
vn 0.706217 -0.707996 0
vn 0.706217 -0.707996 0
vn 0.706217 -0.707996 0
vn 0 -0.0 -1
vn 0 -0.0 -1
vn 0 -0.0 -1
vn 0 -0.0 -1
vn 0.707996 0.706217 0
vn 0.707996 0.706217 0
vn 0.707996 0.706217 0
vn 0.707996 0.706217 0
vn 0 -0.0 1
vn 0 -0.0 1
vn 0 -0.0 1
vn 0 -0.0 1
vn -0.707996 -0.706217 0
vn -0.707996 -0.706217 0
vn -0.707996 -0.706217 0
vn -0.707996 -0.706217 0
f 1250/1250/1250 1251/1251/1251 1249/1249/1249
f 1252/1252/1252 1249/1249/1249 1251/1251/1251
f 1254/1254/1254 1255/1255/1255 1253/1253/1253
f 1256/1256/1256 1253/1253/1253 1255/1255/1255
f 1258/1258/1258 1259/1259/1259 1257/1257/1257
f 1260/1260/1260 1257/1257/1257 1259/1259/1259
f 1262/1262/1262 1263/1263/1263 1261/1261/1261
f 1264/1264/1264 1261/1261/1261 1263/1263/1263
f 1266/1266/1266 1267/1267/1267 1265/1265/1265
f 1268/1268/1268 1265/1265/1265 1267/1267/1267
f 1270/1270/1270 1271/1271/1271 1269/1269/1269
f 1272/1272/1272 1269/1269/1269 1271/1271/1271
o AC_PIT_11_53
usemtl material_0
v -5231.615829 1256.239128 -89.999986
v -5231.615829 1256.239128 110.000026
v -5090.016556 1397.482491 110.000026
v -5090.016556 1397.482491 -89.999986
v -4949.129105 973.040867 -89.999998
v -4807.529831 1114.284229 -89.999998
v -4807.529831 1114.284229 110.000002
v -4949.129105 973.040867 110.000002
v -5231.615829 1256.239128 -89.999986
v -5090.016556 1397.482491 -89.999986
v -4807.529831 1114.284229 -89.999998
v -4949.129105 973.040867 -89.999998
v -5090.016556 1397.482491 -89.999986
v -5090.016556 1397.482491 110.000026
v -4807.529831 1114.284229 110.000002
v -4807.529831 1114.284229 -89.999998
v -5090.016556 1397.482491 110.000026
v -5231.615829 1256.239128 110.000026
v -4949.129105 973.040867 110.000002
v -4807.529831 1114.284229 110.000002
v -5231.615829 1256.239128 110.000026
v -5231.615829 1256.239128 -89.999986
v -4949.129105 973.040867 -89.999998
v -4949.129105 973.040867 110.000002
vt 1 1
vt 1 2
vt 0 2
vt 0 1
vt 0 1
vt 1 1
vt 1 2
vt 0 2
vt 0 1
vt 1 1
vt 1 2
vt 0 2
vt 0 1
vt 1 1
vt 1 2
vt 0 2
vt 0 1
vt 1 1
vt 1 2
vt 0 2
vt 0 1
vt 1 1
vt 1 2
vt 0 2
vn -0.706217 0.707996 0
vn -0.706217 0.707996 0
vn -0.706217 0.707996 0
vn -0.706217 0.707996 0
vn 0.706217 -0.707996 0
vn 0.706217 -0.707996 0
vn 0.706217 -0.707996 0
vn 0.706217 -0.707996 0
vn 0 -0.0 -1
vn 0 -0.0 -1
vn 0 -0.0 -1
vn 0 -0.0 -1
vn 0.707996 0.706217 0
vn 0.707996 0.706217 0
vn 0.707996 0.706217 0
vn 0.707996 0.706217 0
vn 0 -0.0 1
vn 0 -0.0 1
vn 0 -0.0 1
vn 0 -0.0 1
vn -0.707996 -0.706217 0
vn -0.707996 -0.706217 0
vn -0.707996 -0.706217 0
vn -0.707996 -0.706217 0
f 1274/1274/1274 1275/1275/1275 1273/1273/1273
f 1276/1276/1276 1273/1273/1273 1275/1275/1275
f 1278/1278/1278 1279/1279/1279 1277/1277/1277
f 1280/1280/1280 1277/1277/1277 1279/1279/1279
f 1282/1282/1282 1283/1283/1283 1281/1281/1281
f 1284/1284/1284 1281/1281/1281 1283/1283/1283
f 1286/1286/1286 1287/1287/1287 1285/1285/1285
f 1288/1288/1288 1285/1285/1285 1287/1287/1287
f 1290/1290/1290 1291/1291/1291 1289/1289/1289
f 1292/1292/1292 1289/1289/1289 1291/1291/1291
f 1294/1294/1294 1295/1295/1295 1293/1293/1293
f 1296/1296/1296 1293/1293/1293 1295/1295/1295
o AC_PIT_12_54
usemtl material_0
v -6289.089966 2299.944496 -89.999986
v -6289.089966 2299.944496 110.000026
v -6147.490692 2441.187859 110.000026
v -6147.490692 2441.187859 -89.999986
v -6006.603241 2016.74633 -89.999998
v -5865.003967 2157.989693 -89.999998
v -5865.003967 2157.989693 110.000002
v -6006.603241 2016.74633 110.000002
v -6289.089966 2299.944496 -89.999986
v -6147.490692 2441.187859 -89.999986
v -5865.003967 2157.989693 -89.999998
v -6006.603241 2016.74633 -89.999998
v -6147.490692 2441.187859 -89.999986
v -6147.490692 2441.187859 110.000026
v -5865.003967 2157.989693 110.000002
v -5865.003967 2157.989693 -89.999998
v -6147.490692 2441.187859 110.000026
v -6289.089966 2299.944496 110.000026
v -6006.603241 2016.74633 110.000002
v -5865.003967 2157.989693 110.000002
v -6289.089966 2299.944496 110.000026
v -6289.089966 2299.944496 -89.999986
v -6006.603241 2016.74633 -89.999998
v -6006.603241 2016.74633 110.000002
vt 1 1
vt 1 2
vt 0 2
vt 0 1
vt 0 1
vt 1 1
vt 1 2
vt 0 2
vt 0 1
vt 1 1
vt 1 2
vt 0 2
vt 0 1
vt 1 1
vt 1 2
vt 0 2
vt 0 1
vt 1 1
vt 1 2
vt 0 2
vt 0 1
vt 1 1
vt 1 2
vt 0 2
vn -0.706217 0.707996 0
vn -0.706217 0.707996 0
vn -0.706217 0.707996 0
vn -0.706217 0.707996 0
vn 0.706217 -0.707996 0
vn 0.706217 -0.707996 0
vn 0.706217 -0.707996 0
vn 0.706217 -0.707996 0
vn 0 -0.0 -1
vn 0 -0.0 -1
vn 0 -0.0 -1
vn 0 -0.0 -1
vn 0.707996 0.706217 0
vn 0.707996 0.706217 0
vn 0.707996 0.706217 0
vn 0.707996 0.706217 0
vn 0 -0.0 1
vn 0 -0.0 1
vn 0 -0.0 1
vn 0 -0.0 1
vn -0.707996 -0.706217 0
vn -0.707996 -0.706217 0
vn -0.707996 -0.706217 0
vn -0.707996 -0.706217 0
f 1298/1298/1298 1299/1299/1299 1297/1297/1297
f 1300/1300/1300 1297/1297/1297 1299/1299/1299
f 1302/1302/1302 1303/1303/1303 1301/1301/1301
f 1304/1304/1304 1301/1301/1301 1303/1303/1303
f 1306/1306/1306 1307/1307/1307 1305/1305/1305
f 1308/1308/1308 1305/1305/1305 1307/1307/1307
f 1310/1310/1310 1311/1311/1311 1309/1309/1309
f 1312/1312/1312 1309/1309/1309 1311/1311/1311
f 1314/1314/1314 1315/1315/1315 1313/1313/1313
f 1316/1316/1316 1313/1313/1313 1315/1315/1315
f 1318/1318/1318 1319/1319/1319 1317/1317/1317
f 1320/1320/1320 1317/1317/1317 1319/1319/1319
o AC_PIT_13_55
usemtl material_0
v -7322.937012 3340.502167 -89.999986
v -7322.937012 3340.502167 110.000026
v -7181.337738 3481.745529 110.000026
v -7181.337738 3481.745529 -89.999986
v -7040.450287 3057.30381 -89.999998
v -6898.851013 3198.547173 -89.999998
v -6898.851013 3198.547173 110.000002
v -7040.450287 3057.30381 110.000002
v -7322.937012 3340.502167 -89.999986
v -7181.337738 3481.745529 -89.999986
v -6898.851013 3198.547173 -89.999998
v -7040.450287 3057.30381 -89.999998
v -7181.337738 3481.745529 -89.999986
v -7181.337738 3481.745529 110.000026
v -6898.851013 3198.547173 110.000002
v -6898.851013 3198.547173 -89.999998
v -7181.337738 3481.745529 110.000026
v -7322.937012 3340.502167 110.000026
v -7040.450287 3057.30381 110.000002
v -6898.851013 3198.547173 110.000002
v -7322.937012 3340.502167 110.000026
v -7322.937012 3340.502167 -89.999986
v -7040.450287 3057.30381 -89.999998
v -7040.450287 3057.30381 110.000002
vt 1 1
vt 1 2
vt 0 2
vt 0 1
vt 0 1
vt 1 1
vt 1 2
vt 0 2
vt 0 1
vt 1 1
vt 1 2
vt 0 2
vt 0 1
vt 1 1
vt 1 2
vt 0 2
vt 0 1
vt 1 1
vt 1 2
vt 0 2
vt 0 1
vt 1 1
vt 1 2
vt 0 2
vn -0.706217 0.707996 0
vn -0.706217 0.707996 0
vn -0.706217 0.707996 0
vn -0.706217 0.707996 0
vn 0.706217 -0.707996 0
vn 0.706217 -0.707996 0
vn 0.706217 -0.707996 0
vn 0.706217 -0.707996 0
vn 0 -0.0 -1
vn 0 -0.0 -1
vn 0 -0.0 -1
vn 0 -0.0 -1
vn 0.707996 0.706217 0
vn 0.707996 0.706217 0
vn 0.707996 0.706217 0
vn 0.707996 0.706217 0
vn 0 -0.0 1
vn 0 -0.0 1
vn 0 -0.0 1
vn 0 -0.0 1
vn -0.707996 -0.706217 0
vn -0.707996 -0.706217 0
vn -0.707996 -0.706217 0
vn -0.707996 -0.706217 0
f 1322/1322/1322 1323/1323/1323 1321/1321/1321
f 1324/1324/1324 1321/1321/1321 1323/1323/1323
f 1326/1326/1326 1327/1327/1327 1325/1325/1325
f 1328/1328/1328 1325/1325/1325 1327/1327/1327
f 1330/1330/1330 1331/1331/1331 1329/1329/1329
f 1332/1332/1332 1329/1329/1329 1331/1331/1331
f 1334/1334/1334 1335/1335/1335 1333/1333/1333
f 1336/1336/1336 1333/1333/1333 1335/1335/1335
f 1338/1338/1338 1339/1339/1339 1337/1337/1337
f 1340/1340/1340 1337/1337/1337 1339/1339/1339
f 1342/1342/1342 1343/1343/1343 1341/1341/1341
f 1344/1344/1344 1341/1341/1341 1343/1343/1343
o AC_PIT_14_56
usemtl material_0
v -8352.407074 4334.222031 -50.009751
v -8352.407074 4334.222031 149.990261
v -8210.8078 4475.465393 149.990261
v -8210.8078 4475.465393 -50.009751
v -8069.920349 4051.023483 -50.009763
v -7928.321075 4192.266846 -50.009763
v -7928.321075 4192.266846 149.990237
v -8069.920349 4051.023483 149.990237
v -8352.407074 4334.222031 -50.009751
v -8210.8078 4475.465393 -50.009751
v -7928.321075 4192.266846 -50.009763
v -8069.920349 4051.023483 -50.009763
v -8210.8078 4475.465393 -50.009751
v -8210.8078 4475.465393 149.990261
v -7928.321075 4192.266846 149.990237
v -7928.321075 4192.266846 -50.009763
v -8210.8078 4475.465393 149.990261
v -8352.407074 4334.222031 149.990261
v -8069.920349 4051.023483 149.990237
v -7928.321075 4192.266846 149.990237
v -8352.407074 4334.222031 149.990261
v -8352.407074 4334.222031 -50.009751
v -8069.920349 4051.023483 -50.009763
v -8069.920349 4051.023483 149.990237
vt 1 1
vt 1 2
vt 0 2
vt 0 1
vt 0 1
vt 1 1
vt 1 2
vt 0 2
vt 0 1
vt 1 1
vt 1 2
vt 0 2
vt 0 1
vt 1 1
vt 1 2
vt 0 2
vt 0 1
vt 1 1
vt 1 2
vt 0 2
vt 0 1
vt 1 1
vt 1 2
vt 0 2
vn -0.706217 0.707996 0
vn -0.706217 0.707996 0
vn -0.706217 0.707996 0
vn -0.706217 0.707996 0
vn 0.706217 -0.707996 0
vn 0.706217 -0.707996 0
vn 0.706217 -0.707996 0
vn 0.706217 -0.707996 0
vn 0 -0.0 -1
vn 0 -0.0 -1
vn 0 -0.0 -1
vn 0 -0.0 -1
vn 0.707996 0.706217 0
vn 0.707996 0.706217 0
vn 0.707996 0.706217 0
vn 0.707996 0.706217 0
vn 0 -0.0 1
vn 0 -0.0 1
vn 0 -0.0 1
vn 0 -0.0 1
vn -0.707996 -0.706217 0
vn -0.707996 -0.706217 0
vn -0.707996 -0.706217 0
vn -0.707996 -0.706217 0
f 1346/1346/1346 1347/1347/1347 1345/1345/1345
f 1348/1348/1348 1345/1345/1345 1347/1347/1347
f 1350/1350/1350 1351/1351/1351 1349/1349/1349
f 1352/1352/1352 1349/1349/1349 1351/1351/1351
f 1354/1354/1354 1355/1355/1355 1353/1353/1353
f 1356/1356/1356 1353/1353/1353 1355/1355/1355
f 1358/1358/1358 1359/1359/1359 1357/1357/1357
f 1360/1360/1360 1357/1357/1357 1359/1359/1359
f 1362/1362/1362 1363/1363/1363 1361/1361/1361
f 1364/1364/1364 1361/1361/1361 1363/1363/1363
f 1366/1366/1366 1367/1367/1367 1365/1365/1365
f 1368/1368/1368 1365/1365/1365 1367/1367/1367
o AC_PIT_15_57
usemtl material_0
v 9244.846344 -13264.927673 -89.999986
v 9244.846344 -13264.927673 110.000026
v 9386.445618 -13123.684692 110.000026
v 9386.445618 -13123.684692 -89.999986
v 9527.333069 -13548.126221 -89.999998
v 9668.932343 -13406.881714 -89.999998
v 9668.932343 -13406.881714 110.000002
v 9527.333069 -13548.126221 110.000002
v 9244.846344 -13264.927673 -89.999986
v 9386.445618 -13123.684692 -89.999986
v 9668.932343 -13406.881714 -89.999998
v 9527.333069 -13548.126221 -89.999998
v 9386.445618 -13123.684692 -89.999986
v 9386.445618 -13123.684692 110.000026
v 9668.932343 -13406.881714 110.000002
v 9668.932343 -13406.881714 -89.999998
v 9386.445618 -13123.684692 110.000026
v 9244.846344 -13264.927673 110.000026
v 9527.333069 -13548.126221 110.000002
v 9668.932343 -13406.881714 110.000002
v 9244.846344 -13264.927673 110.000026
v 9244.846344 -13264.927673 -89.999986
v 9527.333069 -13548.126221 -89.999998
v 9527.333069 -13548.126221 110.000002
vt 1 1
vt 1 2
vt 0 2
vt 0 1
vt 0 1
vt 1 1
vt 1 2
vt 0 2
vt 0 1
vt 1 1
vt 1 2
vt 0 2
vt 0 1
vt 1 1
vt 1 2
vt 0 2
vt 0 1
vt 1 1
vt 1 2
vt 0 2
vt 0 1
vt 1 1
vt 1 2
vt 0 2
vn -0.706217 0.707996 0
vn -0.706217 0.707996 0
vn -0.706217 0.707996 0
vn -0.706217 0.707996 0
vn 0.706217 -0.707996 0
vn 0.706217 -0.707996 0
vn 0.706217 -0.707996 0
vn 0.706217 -0.707996 0
vn 0 -0.0 -1
vn 0 -0.0 -1
vn 0 -0.0 -1
vn 0 -0.0 -1
vn 0.707996 0.706217 0
vn 0.707996 0.706217 0
vn 0.707996 0.706217 0
vn 0.707996 0.706217 0
vn 0 -0.0 1
vn 0 -0.0 1
vn 0 -0.0 1
vn 0 -0.0 1
vn -0.707996 -0.706217 0
vn -0.707996 -0.706217 0
vn -0.707996 -0.706217 0
vn -0.707996 -0.706217 0
f 1370/1370/1370 1371/1371/1371 1369/1369/1369
f 1372/1372/1372 1369/1369/1369 1371/1371/1371
f 1374/1374/1374 1375/1375/1375 1373/1373/1373
f 1376/1376/1376 1373/1373/1373 1375/1375/1375
f 1378/1378/1378 1379/1379/1379 1377/1377/1377
f 1380/1380/1380 1377/1377/1377 1379/1379/1379
f 1382/1382/1382 1383/1383/1383 1381/1381/1381
f 1384/1384/1384 1381/1381/1381 1383/1383/1383
f 1386/1386/1386 1387/1387/1387 1385/1385/1385
f 1388/1388/1388 1385/1385/1385 1387/1387/1387
f 1390/1390/1390 1391/1391/1391 1389/1389/1389
f 1392/1392/1392 1389/1389/1389 1391/1391/1391
o AC_PIT_35_58
usemtl material_0
v -9685.849762 5663.911057 -59.628892
v -9685.849762 5663.911057 140.37112
v -9544.250488 5805.154419 140.37112
v -9544.250488 5805.154419 -59.628892
v -9403.363037 5380.712509 -59.628904
v -9261.763763 5521.955872 -59.628904
v -9261.763763 5521.955872 140.371096
v -9403.363037 5380.712509 140.371096
v -9685.849762 5663.911057 -59.628892
v -9544.250488 5805.154419 -59.628892
v -9261.763763 5521.955872 -59.628904
v -9403.363037 5380.712509 -59.628904
v -9544.250488 5805.154419 -59.628892
v -9544.250488 5805.154419 140.37112
v -9261.763763 5521.955872 140.371096
v -9261.763763 5521.955872 -59.628904
v -9544.250488 5805.154419 140.37112
v -9685.849762 5663.911057 140.37112
v -9403.363037 5380.712509 140.371096
v -9261.763763 5521.955872 140.371096
v -9685.849762 5663.911057 140.37112
v -9685.849762 5663.911057 -59.628892
v -9403.363037 5380.712509 -59.628904
v -9403.363037 5380.712509 140.371096
vt 1 1
vt 1 2
vt 0 2
vt 0 1
vt 0 1
vt 1 1
vt 1 2
vt 0 2
vt 0 1
vt 1 1
vt 1 2
vt 0 2
vt 0 1
vt 1 1
vt 1 2
vt 0 2
vt 0 1
vt 1 1
vt 1 2
vt 0 2
vt 0 1
vt 1 1
vt 1 2
vt 0 2
vn -0.706217 0.707996 0
vn -0.706217 0.707996 0
vn -0.706217 0.707996 0
vn -0.706217 0.707996 0
vn 0.706217 -0.707996 0
vn 0.706217 -0.707996 0
vn 0.706217 -0.707996 0
vn 0.706217 -0.707996 0
vn 0 -0.0 -1
vn 0 -0.0 -1
vn 0 -0.0 -1
vn 0 -0.0 -1
vn 0.707996 0.706217 0
vn 0.707996 0.706217 0
vn 0.707996 0.706217 0
vn 0.707996 0.706217 0
vn 0 -0.0 1
vn 0 -0.0 1
vn 0 -0.0 1
vn 0 -0.0 1
vn -0.707996 -0.706217 0
vn -0.707996 -0.706217 0
vn -0.707996 -0.706217 0
vn -0.707996 -0.706217 0
f 1394/1394/1394 1395/1395/1395 1393/1393/1393
f 1396/1396/1396 1393/1393/1393 1395/1395/1395
f 1398/1398/1398 1399/1399/1399 1397/1397/1397
f 1400/1400/1400 1397/1397/1397 1399/1399/1399
f 1402/1402/1402 1403/1403/1403 1401/1401/1401
f 1404/1404/1404 1401/1401/1401 1403/1403/1403
f 1406/1406/1406 1407/1407/1407 1405/1405/1405
f 1408/1408/1408 1405/1405/1405 1407/1407/1407
f 1410/1410/1410 1411/1411/1411 1409/1409/1409
f 1412/1412/1412 1409/1409/1409 1411/1411/1411
f 1414/1414/1414 1415/1415/1415 1413/1413/1413
f 1416/1416/1416 1413/1413/1413 1415/1415/1415
o AC_PIT_17_59
usemtl material_0
v 10601.016998 -14616.217041 -89.99998
v 10601.016998 -14616.217041 110.000026
v 10742.616272 -14474.97406 110.000026
v 10742.616272 -14474.97406 -89.99998
v 10883.503723 -14899.415588 -89.999998
v 11025.102997 -14758.171082 -89.999998
v 11025.102997 -14758.171082 110.000014
v 10883.503723 -14899.415588 110.000014
v 10601.016998 -14616.217041 -89.99998
v 10742.616272 -14474.97406 -89.99998
v 11025.102997 -14758.171082 -89.999998
v 10883.503723 -14899.415588 -89.999998
v 10742.616272 -14474.97406 -89.99998
v 10742.616272 -14474.97406 110.000026
v 11025.102997 -14758.171082 110.000014
v 11025.102997 -14758.171082 -89.999998
v 10742.616272 -14474.97406 110.000026
v 10601.016998 -14616.217041 110.000026
v 10883.503723 -14899.415588 110.000014
v 11025.102997 -14758.171082 110.000014
v 10601.016998 -14616.217041 110.000026
v 10601.016998 -14616.217041 -89.99998
v 10883.503723 -14899.415588 -89.999998
v 10883.503723 -14899.415588 110.000014
vt 1 1
vt 1 2
vt 0 2
vt 0 1
vt 0 1
vt 1 1
vt 1 2
vt 0 2
vt 0 1
vt 1 1
vt 1 2
vt 0 2
vt 0 1
vt 1 1
vt 1 2
vt 0 2
vt 0 1
vt 1 1
vt 1 2
vt 0 2
vt 0 1
vt 1 1
vt 1 2
vt 0 2
vn -0.706217 0.707996 0
vn -0.706217 0.707996 0
vn -0.706217 0.707996 0
vn -0.706217 0.707996 0
vn 0.706217 -0.707996 0
vn 0.706217 -0.707996 0
vn 0.706217 -0.707996 0
vn 0.706217 -0.707996 0
vn 0 -0.0 -1
vn 0 -0.0 -1
vn 0 -0.0 -1
vn 0 -0.0 -1
vn 0.707996 0.706217 0
vn 0.707996 0.706217 0
vn 0.707996 0.706217 0
vn 0.707996 0.706217 0
vn 0 -0.0 1
vn 0 -0.0 1
vn 0 -0.0 1
vn 0 -0.0 1
vn -0.707996 -0.706217 0
vn -0.707996 -0.706217 0
vn -0.707996 -0.706217 0
vn -0.707996 -0.706217 0
f 1418/1418/1418 1419/1419/1419 1417/1417/1417
f 1420/1420/1420 1417/1417/1417 1419/1419/1419
f 1422/1422/1422 1423/1423/1423 1421/1421/1421
f 1424/1424/1424 1421/1421/1421 1423/1423/1423
f 1426/1426/1426 1427/1427/1427 1425/1425/1425
f 1428/1428/1428 1425/1425/1425 1427/1427/1427
f 1430/1430/1430 1431/1431/1431 1429/1429/1429
f 1432/1432/1432 1429/1429/1429 1431/1431/1431
f 1434/1434/1434 1435/1435/1435 1433/1433/1433
f 1436/1436/1436 1433/1433/1433 1435/1435/1435
f 1438/1438/1438 1439/1439/1439 1437/1437/1437
f 1440/1440/1440 1437/1437/1437 1439/1439/1439
o AC_PIT_18_60
usemtl material_0
v 9920.305634 -13941.159058 -89.999986
v 9920.305634 -13941.159058 110.000026
v 10061.904907 -13799.916077 110.000026
v 10061.904907 -13799.916077 -89.999986
v 10202.792358 -14224.357605 -89.999998
v 10344.391632 -14083.113098 -89.999998
v 10344.391632 -14083.113098 110.000002
v 10202.792358 -14224.357605 110.000002
v 9920.305634 -13941.159058 -89.999986
v 10061.904907 -13799.916077 -89.999986
v 10344.391632 -14083.113098 -89.999998
v 10202.792358 -14224.357605 -89.999998
v 10061.904907 -13799.916077 -89.999986
v 10061.904907 -13799.916077 110.000026
v 10344.391632 -14083.113098 110.000002
v 10344.391632 -14083.113098 -89.999998
v 10061.904907 -13799.916077 110.000026
v 9920.305634 -13941.159058 110.000026
v 10202.792358 -14224.357605 110.000002
v 10344.391632 -14083.113098 110.000002
v 9920.305634 -13941.159058 110.000026
v 9920.305634 -13941.159058 -89.999986
v 10202.792358 -14224.357605 -89.999998
v 10202.792358 -14224.357605 110.000002
vt 1 1
vt 1 2
vt 0 2
vt 0 1
vt 0 1
vt 1 1
vt 1 2
vt 0 2
vt 0 1
vt 1 1
vt 1 2
vt 0 2
vt 0 1
vt 1 1
vt 1 2
vt 0 2
vt 0 1
vt 1 1
vt 1 2
vt 0 2
vt 0 1
vt 1 1
vt 1 2
vt 0 2
vn -0.706217 0.707996 0
vn -0.706217 0.707996 0
vn -0.706217 0.707996 0
vn -0.706217 0.707996 0
vn 0.706217 -0.707996 0
vn 0.706217 -0.707996 0
vn 0.706217 -0.707996 0
vn 0.706217 -0.707996 0
vn 0 -0.0 -1
vn 0 -0.0 -1
vn 0 -0.0 -1
vn 0 -0.0 -1
vn 0.707996 0.706217 0
vn 0.707996 0.706217 0
vn 0.707996 0.706217 0
vn 0.707996 0.706217 0
vn 0 -0.0 1
vn 0 -0.0 1
vn 0 -0.0 1
vn 0 -0.0 1
vn -0.707996 -0.706217 0
vn -0.707996 -0.706217 0
vn -0.707996 -0.706217 0
vn -0.707996 -0.706217 0
f 1442/1442/1442 1443/1443/1443 1441/1441/1441
f 1444/1444/1444 1441/1441/1441 1443/1443/1443
f 1446/1446/1446 1447/1447/1447 1445/1445/1445
f 1448/1448/1448 1445/1445/1445 1447/1447/1447
f 1450/1450/1450 1451/1451/1451 1449/1449/1449
f 1452/1452/1452 1449/1449/1449 1451/1451/1451
f 1454/1454/1454 1455/1455/1455 1453/1453/1453
f 1456/1456/1456 1453/1453/1453 1455/1455/1455
f 1458/1458/1458 1459/1459/1459 1457/1457/1457
f 1460/1460/1460 1457/1457/1457 1459/1459/1459
f 1462/1462/1462 1463/1463/1463 1461/1461/1461
f 1464/1464/1464 1461/1461/1461 1463/1463/1463
o AC_PIT_19_61
usemtl material_0
v 7847.801971 -11852.391052 -89.999986
v 7847.801971 -11852.391052 110.000026
v 7989.401245 -11711.147308 110.000026
v 7989.401245 -11711.147308 -89.999986
v 8130.288696 -12135.588837 -89.999998
v 8271.88797 -11994.345856 -89.999998
v 8271.88797 -11994.345856 110.000002
v 8130.288696 -12135.588837 110.000002
v 7847.801971 -11852.391052 -89.999986
v 7989.401245 -11711.147308 -89.999986
v 8271.88797 -11994.345856 -89.999998
v 8130.288696 -12135.588837 -89.999998
v 7989.401245 -11711.147308 -89.999986
v 7989.401245 -11711.147308 110.000026
v 8271.88797 -11994.345856 110.000002
v 8271.88797 -11994.345856 -89.999998
v 7989.401245 -11711.147308 110.000026
v 7847.801971 -11852.391052 110.000026
v 8130.288696 -12135.588837 110.000002
v 8271.88797 -11994.345856 110.000002
v 7847.801971 -11852.391052 110.000026
v 7847.801971 -11852.391052 -89.999986
v 8130.288696 -12135.588837 -89.999998
v 8130.288696 -12135.588837 110.000002
vt 1 1
vt 1 2
vt 0 2
vt 0 1
vt 0 1
vt 1 1
vt 1 2
vt 0 2
vt 0 1
vt 1 1
vt 1 2
vt 0 2
vt 0 1
vt 1 1
vt 1 2
vt 0 2
vt 0 1
vt 1 1
vt 1 2
vt 0 2
vt 0 1
vt 1 1
vt 1 2
vt 0 2
vn -0.706217 0.707996 0
vn -0.706217 0.707996 0
vn -0.706217 0.707996 0
vn -0.706217 0.707996 0
vn 0.706217 -0.707996 0
vn 0.706217 -0.707996 0
vn 0.706217 -0.707996 0
vn 0.706217 -0.707996 0
vn 0 -0.0 -1
vn 0 -0.0 -1
vn 0 -0.0 -1
vn 0 -0.0 -1
vn 0.707996 0.706217 0
vn 0.707996 0.706217 0
vn 0.707996 0.706217 0
vn 0.707996 0.706217 0
vn 0 -0.0 1
vn 0 -0.0 1
vn 0 -0.0 1
vn 0 -0.0 1
vn -0.707996 -0.706217 0
vn -0.707996 -0.706217 0
vn -0.707996 -0.706217 0
vn -0.707996 -0.706217 0
f 1466/1466/1466 1467/1467/1467 1465/1465/1465
f 1468/1468/1468 1465/1465/1465 1467/1467/1467
f 1470/1470/1470 1471/1471/1471 1469/1469/1469
f 1472/1472/1472 1469/1469/1469 1471/1471/1471
f 1474/1474/1474 1475/1475/1475 1473/1473/1473
f 1476/1476/1476 1473/1473/1473 1475/1475/1475
f 1478/1478/1478 1479/1479/1479 1477/1477/1477
f 1480/1480/1480 1477/1477/1477 1479/1479/1479
f 1482/1482/1482 1483/1483/1483 1481/1481/1481
f 1484/1484/1484 1481/1481/1481 1483/1483/1483
f 1486/1486/1486 1487/1487/1487 1485/1485/1485
f 1488/1488/1488 1485/1485/1485 1487/1487/1487
o AC_PIT_28_62
usemtl material_0
v 5326.625824 -9328.334045 -89.999986
v 5326.625824 -9328.334045 110.000026
v 5468.225098 -9187.090302 110.000026
v 5468.225098 -9187.090302 -89.999986
v 5609.112549 -9611.53183 -89.999998
v 5750.711823 -9470.288849 -89.999998
v 5750.711823 -9470.288849 110.000002
v 5609.112549 -9611.53183 110.000002
v 5326.625824 -9328.334045 -89.999986
v 5468.225098 -9187.090302 -89.999986
v 5750.711823 -9470.288849 -89.999998
v 5609.112549 -9611.53183 -89.999998
v 5468.225098 -9187.090302 -89.999986
v 5468.225098 -9187.090302 110.000026
v 5750.711823 -9470.288849 110.000002
v 5750.711823 -9470.288849 -89.999998
v 5468.225098 -9187.090302 110.000026
v 5326.625824 -9328.334045 110.000026
v 5609.112549 -9611.53183 110.000002
v 5750.711823 -9470.288849 110.000002
v 5326.625824 -9328.334045 110.000026
v 5326.625824 -9328.334045 -89.999986
v 5609.112549 -9611.53183 -89.999998
v 5609.112549 -9611.53183 110.000002
vt 1 1
vt 1 2
vt 0 2
vt 0 1
vt 0 1
vt 1 1
vt 1 2
vt 0 2
vt 0 1
vt 1 1
vt 1 2
vt 0 2
vt 0 1
vt 1 1
vt 1 2
vt 0 2
vt 0 1
vt 1 1
vt 1 2
vt 0 2
vt 0 1
vt 1 1
vt 1 2
vt 0 2
vn -0.706217 0.707996 0
vn -0.706217 0.707996 0
vn -0.706217 0.707996 0
vn -0.706217 0.707996 0
vn 0.706217 -0.707996 0
vn 0.706217 -0.707996 0
vn 0.706217 -0.707996 0
vn 0.706217 -0.707996 0
vn 0 -0.0 -1
vn 0 -0.0 -1
vn 0 -0.0 -1
vn 0 -0.0 -1
vn 0.707996 0.706217 0
vn 0.707996 0.706217 0
vn 0.707996 0.706217 0
vn 0.707996 0.706217 0
vn 0 -0.0 1
vn 0 -0.0 1
vn 0 -0.0 1
vn 0 -0.0 1
vn -0.707996 -0.706217 0
vn -0.707996 -0.706217 0
vn -0.707996 -0.706217 0
vn -0.707996 -0.706217 0
f 1490/1490/1490 1491/1491/1491 1489/1489/1489
f 1492/1492/1492 1489/1489/1489 1491/1491/1491
f 1494/1494/1494 1495/1495/1495 1493/1493/1493
f 1496/1496/1496 1493/1493/1493 1495/1495/1495
f 1498/1498/1498 1499/1499/1499 1497/1497/1497
f 1500/1500/1500 1497/1497/1497 1499/1499/1499
f 1502/1502/1502 1503/1503/1503 1501/1501/1501
f 1504/1504/1504 1501/1501/1501 1503/1503/1503
f 1506/1506/1506 1507/1507/1507 1505/1505/1505
f 1508/1508/1508 1505/1505/1505 1507/1507/1507
f 1510/1510/1510 1511/1511/1511 1509/1509/1509
f 1512/1512/1512 1509/1509/1509 1511/1511/1511
o AC_PIT_21_63
usemtl material_0
v 3061.493683 -7053.843689 -89.999986
v 3061.493683 -7053.843689 110.000026
v 3203.092957 -6912.599945 110.000026
v 3203.092957 -6912.599945 -89.999986
v 3343.980408 -7337.041473 -89.999998
v 3485.579681 -7195.798492 -89.999998
v 3485.579681 -7195.798492 110.000002
v 3343.980408 -7337.041473 110.000002
v 3061.493683 -7053.843689 -89.999986
v 3203.092957 -6912.599945 -89.999986
v 3485.579681 -7195.798492 -89.999998
v 3343.980408 -7337.041473 -89.999998
v 3203.092957 -6912.599945 -89.999986
v 3203.092957 -6912.599945 110.000026
v 3485.579681 -7195.798492 110.000002
v 3485.579681 -7195.798492 -89.999998
v 3203.092957 -6912.599945 110.000026
v 3061.493683 -7053.843689 110.000026
v 3343.980408 -7337.041473 110.000002
v 3485.579681 -7195.798492 110.000002
v 3061.493683 -7053.843689 110.000026
v 3061.493683 -7053.843689 -89.999986
v 3343.980408 -7337.041473 -89.999998
v 3343.980408 -7337.041473 110.000002
vt 1 1
vt 1 2
vt 0 2
vt 0 1
vt 0 1
vt 1 1
vt 1 2
vt 0 2
vt 0 1
vt 1 1
vt 1 2
vt 0 2
vt 0 1
vt 1 1
vt 1 2
vt 0 2
vt 0 1
vt 1 1
vt 1 2
vt 0 2
vt 0 1
vt 1 1
vt 1 2
vt 0 2
vn -0.706217 0.707996 0
vn -0.706217 0.707996 0
vn -0.706217 0.707996 0
vn -0.706217 0.707996 0
vn 0.706217 -0.707996 0
vn 0.706217 -0.707996 0
vn 0.706217 -0.707996 0
vn 0.706217 -0.707996 0
vn 0 -0.0 -1
vn 0 -0.0 -1
vn 0 -0.0 -1
vn 0 -0.0 -1
vn 0.707996 0.706217 0
vn 0.707996 0.706217 0
vn 0.707996 0.706217 0
vn 0.707996 0.706217 0
vn 0 -0.0 1
vn 0 -0.0 1
vn 0 -0.0 1
vn 0 -0.0 1
vn -0.707996 -0.706217 0
vn -0.707996 -0.706217 0
vn -0.707996 -0.706217 0
vn -0.707996 -0.706217 0
f 1514/1514/1514 1515/1515/1515 1513/1513/1513
f 1516/1516/1516 1513/1513/1513 1515/1515/1515
f 1518/1518/1518 1519/1519/1519 1517/1517/1517
f 1520/1520/1520 1517/1517/1517 1519/1519/1519
f 1522/1522/1522 1523/1523/1523 1521/1521/1521
f 1524/1524/1524 1521/1521/1521 1523/1523/1523
f 1526/1526/1526 1527/1527/1527 1525/1525/1525
f 1528/1528/1528 1525/1525/1525 1527/1527/1527
f 1530/1530/1530 1531/1531/1531 1529/1529/1529
f 1532/1532/1532 1529/1529/1529 1531/1531/1531
f 1534/1534/1534 1535/1535/1535 1533/1533/1533
f 1536/1536/1536 1533/1533/1533 1535/1535/1535
o AC_PIT_22_64
usemtl material_0
v 1953.824615 -5942.424774 -89.999986
v 1953.824615 -5942.424774 110.000026
v 2095.423889 -5801.181412 110.000026
v 2095.423889 -5801.181412 -89.999986
v 2236.31134 -6225.623322 -89.999998
v 2377.910614 -6084.379959 -89.999998
v 2377.910614 -6084.379959 110.000002
v 2236.31134 -6225.623322 110.000002
v 1953.824615 -5942.424774 -89.999986
v 2095.423889 -5801.181412 -89.999986
v 2377.910614 -6084.379959 -89.999998
v 2236.31134 -6225.623322 -89.999998
v 2095.423889 -5801.181412 -89.999986
v 2095.423889 -5801.181412 110.000026
v 2377.910614 -6084.379959 110.000002
v 2377.910614 -6084.379959 -89.999998
v 2095.423889 -5801.181412 110.000026
v 1953.824615 -5942.424774 110.000026
v 2236.31134 -6225.623322 110.000002
v 2377.910614 -6084.379959 110.000002
v 1953.824615 -5942.424774 110.000026
v 1953.824615 -5942.424774 -89.999986
v 2236.31134 -6225.623322 -89.999998
v 2236.31134 -6225.623322 110.000002
vt 1 1
vt 1 2
vt 0 2
vt 0 1
vt 0 1
vt 1 1
vt 1 2
vt 0 2
vt 0 1
vt 1 1
vt 1 2
vt 0 2
vt 0 1
vt 1 1
vt 1 2
vt 0 2
vt 0 1
vt 1 1
vt 1 2
vt 0 2
vt 0 1
vt 1 1
vt 1 2
vt 0 2
vn -0.706217 0.707996 0
vn -0.706217 0.707996 0
vn -0.706217 0.707996 0
vn -0.706217 0.707996 0
vn 0.706217 -0.707996 0
vn 0.706217 -0.707996 0
vn 0.706217 -0.707996 0
vn 0.706217 -0.707996 0
vn 0 -0.0 -1
vn 0 -0.0 -1
vn 0 -0.0 -1
vn 0 -0.0 -1
vn 0.707996 0.706217 0
vn 0.707996 0.706217 0
vn 0.707996 0.706217 0
vn 0.707996 0.706217 0
vn 0 -0.0 1
vn 0 -0.0 1
vn 0 -0.0 1
vn 0 -0.0 1
vn -0.707996 -0.706217 0
vn -0.707996 -0.706217 0
vn -0.707996 -0.706217 0
vn -0.707996 -0.706217 0
f 1538/1538/1538 1539/1539/1539 1537/1537/1537
f 1540/1540/1540 1537/1537/1537 1539/1539/1539
f 1542/1542/1542 1543/1543/1543 1541/1541/1541
f 1544/1544/1544 1541/1541/1541 1543/1543/1543
f 1546/1546/1546 1547/1547/1547 1545/1545/1545
f 1548/1548/1548 1545/1545/1545 1547/1547/1547
f 1550/1550/1550 1551/1551/1551 1549/1549/1549
f 1552/1552/1552 1549/1549/1549 1551/1551/1551
f 1554/1554/1554 1555/1555/1555 1553/1553/1553
f 1556/1556/1556 1553/1553/1553 1555/1555/1555
f 1558/1558/1558 1559/1559/1559 1557/1557/1557
f 1560/1560/1560 1557/1557/1557 1559/1559/1559
o AC_PIT_23_65
usemtl material_0
v 808.746719 -4809.808731 -89.999998
v 808.746719 -4809.808731 110.000002
v 950.345802 -4668.565369 110.000002
v 950.345802 -4668.565369 -89.999998
v 1091.233444 -5093.007278 -90.000015
v 1232.832527 -4951.763916 -90.000015
v 1232.832527 -4951.763916 109.99999
v 1091.233444 -5093.007278 109.99999
v 808.746719 -4809.808731 -89.999998
v 950.345802 -4668.565369 -89.999998
v 1232.832527 -4951.763916 -90.000015
v 1091.233444 -5093.007278 -90.000015
v 950.345802 -4668.565369 -89.999998
v 950.345802 -4668.565369 110.000002
v 1232.832527 -4951.763916 109.99999
v 1232.832527 -4951.763916 -90.000015
v 950.345802 -4668.565369 110.000002
v 808.746719 -4809.808731 110.000002
v 1091.233444 -5093.007278 109.99999
v 1232.832527 -4951.763916 109.99999
v 808.746719 -4809.808731 110.000002
v 808.746719 -4809.808731 -89.999998
v 1091.233444 -5093.007278 -90.000015
v 1091.233444 -5093.007278 109.99999
vt 1 1
vt 1 2
vt 0 2
vt 0 1
vt 0 1
vt 1 1
vt 1 2
vt 0 2
vt 0 1
vt 1 1
vt 1 2
vt 0 2
vt 0 1
vt 1 1
vt 1 2
vt 0 2
vt 0 1
vt 1 1
vt 1 2
vt 0 2
vt 0 1
vt 1 1
vt 1 2
vt 0 2
vn -0.706217 0.707996 0
vn -0.706217 0.707996 0
vn -0.706217 0.707996 0
vn -0.706217 0.707996 0
vn 0.706217 -0.707996 0
vn 0.706217 -0.707996 0
vn 0.706217 -0.707996 0
vn 0.706217 -0.707996 0
vn 0 -0.0 -1
vn 0 -0.0 -1
vn 0 -0.0 -1
vn 0 -0.0 -1
vn 0.707996 0.706217 0
vn 0.707996 0.706217 0
vn 0.707996 0.706217 0
vn 0.707996 0.706217 0
vn 0 -0.0 1
vn 0 -0.0 1
vn 0 -0.0 1
vn 0 -0.0 1
vn -0.707996 -0.706217 0
vn -0.707996 -0.706217 0
vn -0.707996 -0.706217 0
vn -0.707996 -0.706217 0
f 1562/1562/1562 1563/1563/1563 1561/1561/1561
f 1564/1564/1564 1561/1561/1561 1563/1563/1563
f 1566/1566/1566 1567/1567/1567 1565/1565/1565
f 1568/1568/1568 1565/1565/1565 1567/1567/1567
f 1570/1570/1570 1571/1571/1571 1569/1569/1569
f 1572/1572/1572 1569/1569/1569 1571/1571/1571
f 1574/1574/1574 1575/1575/1575 1573/1573/1573
f 1576/1576/1576 1573/1573/1573 1575/1575/1575
f 1578/1578/1578 1579/1579/1579 1577/1577/1577
f 1580/1580/1580 1577/1577/1577 1579/1579/1579
f 1582/1582/1582 1583/1583/1583 1581/1581/1581
f 1584/1584/1584 1581/1581/1581 1583/1583/1583
o AC_PIT_24_66
usemtl material_0
v -1473.287106 -2522.537422 -89.999986
v -1473.287106 -2522.537422 110.000026
v -1331.688023 -2381.29406 110.000026
v -1331.688023 -2381.29406 -89.999986
v -1190.800381 -2805.735588 -89.999998
v -1049.201298 -2664.492226 -89.999998
v -1049.201298 -2664.492226 110.000002
v -1190.800381 -2805.735588 110.000002
v -1473.287106 -2522.537422 -89.999986
v -1331.688023 -2381.29406 -89.999986
v -1049.201298 -2664.492226 -89.999998
v -1190.800381 -2805.735588 -89.999998
v -1331.688023 -2381.29406 -89.999986
v -1331.688023 -2381.29406 110.000026
v -1049.201298 -2664.492226 110.000002
v -1049.201298 -2664.492226 -89.999998
v -1331.688023 -2381.29406 110.000026
v -1473.287106 -2522.537422 110.000026
v -1190.800381 -2805.735588 110.000002
v -1049.201298 -2664.492226 110.000002
v -1473.287106 -2522.537422 110.000026
v -1473.287106 -2522.537422 -89.999986
v -1190.800381 -2805.735588 -89.999998
v -1190.800381 -2805.735588 110.000002
vt 1 1
vt 1 2
vt 0 2
vt 0 1
vt 0 1
vt 1 1
vt 1 2
vt 0 2
vt 0 1
vt 1 1
vt 1 2
vt 0 2
vt 0 1
vt 1 1
vt 1 2
vt 0 2
vt 0 1
vt 1 1
vt 1 2
vt 0 2
vt 0 1
vt 1 1
vt 1 2
vt 0 2
vn -0.706217 0.707996 0
vn -0.706217 0.707996 0
vn -0.706217 0.707996 0
vn -0.706217 0.707996 0
vn 0.706217 -0.707996 0
vn 0.706217 -0.707996 0
vn 0.706217 -0.707996 0
vn 0.706217 -0.707996 0
vn 0 -0.0 -1
vn 0 -0.0 -1
vn 0 -0.0 -1
vn 0 -0.0 -1
vn 0.707996 0.706217 0
vn 0.707996 0.706217 0
vn 0.707996 0.706217 0
vn 0.707996 0.706217 0
vn 0 -0.0 1
vn 0 -0.0 1
vn 0 -0.0 1
vn 0 -0.0 1
vn -0.707996 -0.706217 0
vn -0.707996 -0.706217 0
vn -0.707996 -0.706217 0
vn -0.707996 -0.706217 0
f 1586/1586/1586 1587/1587/1587 1585/1585/1585
f 1588/1588/1588 1585/1585/1585 1587/1587/1587
f 1590/1590/1590 1591/1591/1591 1589/1589/1589
f 1592/1592/1592 1589/1589/1589 1591/1591/1591
f 1594/1594/1594 1595/1595/1595 1593/1593/1593
f 1596/1596/1596 1593/1593/1593 1595/1595/1595
f 1598/1598/1598 1599/1599/1599 1597/1597/1597
f 1600/1600/1600 1597/1597/1597 1599/1599/1599
f 1602/1602/1602 1603/1603/1603 1601/1601/1601
f 1604/1604/1604 1601/1601/1601 1603/1603/1603
f 1606/1606/1606 1607/1607/1607 1605/1605/1605
f 1608/1608/1608 1605/1605/1605 1607/1607/1607
o AC_PIT_25_67
usemtl material_0
v -3743.93158 -252.342439 -89.999986
v -3743.93158 -252.342463 110.000026
v -3602.332306 -111.099088 110.000026
v -3602.332306 -111.099076 -89.999986
v -3461.444855 -535.540724 -89.999998
v -3319.845581 -394.297338 -89.999998
v -3319.845581 -394.297361 110.000002
v -3461.444855 -535.540724 110.000002
v -3743.93158 -252.342439 -89.999986
v -3602.332306 -111.099076 -89.999986
v -3319.845581 -394.297338 -89.999998
v -3461.444855 -535.540724 -89.999998
v -3602.332306 -111.099076 -89.999986
v -3602.332306 -111.099088 110.000026
v -3319.845581 -394.297361 110.000002
v -3319.845581 -394.297338 -89.999998
v -3602.332306 -111.099088 110.000026
v -3743.93158 -252.342463 110.000026
v -3461.444855 -535.540724 110.000002
v -3319.845581 -394.297361 110.000002
v -3743.93158 -252.342463 110.000026
v -3743.93158 -252.342439 -89.999986
v -3461.444855 -535.540724 -89.999998
v -3461.444855 -535.540724 110.000002
vt 1 1
vt 1 2
vt 0 2
vt 0 1
vt 0 1
vt 1 1
vt 1 2
vt 0 2
vt 0 1
vt 1 1
vt 1 2
vt 0 2
vt 0 1
vt 1 1
vt 1 2
vt 0 2
vt 0 1
vt 1 1
vt 1 2
vt 0 2
vt 0 1
vt 1 1
vt 1 2
vt 0 2
vn -0.706217 0.707996 0
vn -0.706217 0.707996 0
vn -0.706217 0.707996 0
vn -0.706217 0.707996 0
vn 0.706217 -0.707996 0
vn 0.706217 -0.707996 0
vn 0.706217 -0.707996 0
vn 0.706217 -0.707996 0
vn 0 -0.0 -1
vn 0 -0.0 -1
vn 0 -0.0 -1
vn 0 -0.0 -1
vn 0.707996 0.706217 0
vn 0.707996 0.706217 0
vn 0.707996 0.706217 0
vn 0.707996 0.706217 0
vn 0 -0.0 1
vn 0 -0.0 1
vn 0 -0.0 1
vn 0 -0.0 1
vn -0.707996 -0.706217 0
vn -0.707996 -0.706217 0
vn -0.707996 -0.706217 0
vn -0.707996 -0.706217 0
f 1610/1610/1610 1611/1611/1611 1609/1609/1609
f 1612/1612/1612 1609/1609/1609 1611/1611/1611
f 1614/1614/1614 1615/1615/1615 1613/1613/1613
f 1616/1616/1616 1613/1613/1613 1615/1615/1615
f 1618/1618/1618 1619/1619/1619 1617/1617/1617
f 1620/1620/1620 1617/1617/1617 1619/1619/1619
f 1622/1622/1622 1623/1623/1623 1621/1621/1621
f 1624/1624/1624 1621/1621/1621 1623/1623/1623
f 1626/1626/1626 1627/1627/1627 1625/1625/1625
f 1628/1628/1628 1625/1625/1625 1627/1627/1627
f 1630/1630/1630 1631/1631/1631 1629/1629/1629
f 1632/1632/1632 1629/1629/1629 1631/1631/1631
o AC_PIT_26_68
usemtl material_0
v -5938.481522 1955.389786 -89.999986
v -5938.481522 1955.389786 110.000026
v -5796.882248 2096.633148 110.000026
v -5796.882248 2096.633148 -89.999986
v -5655.994797 1672.19162 -89.999998
v -5514.395523 1813.434982 -89.999998
v -5514.395523 1813.434982 110.000002
v -5655.994797 1672.19162 110.000002
v -5938.481522 1955.389786 -89.999986
v -5796.882248 2096.633148 -89.999986
v -5514.395523 1813.434982 -89.999998
v -5655.994797 1672.19162 -89.999998
v -5796.882248 2096.633148 -89.999986
v -5796.882248 2096.633148 110.000026
v -5514.395523 1813.434982 110.000002
v -5514.395523 1813.434982 -89.999998
v -5796.882248 2096.633148 110.000026
v -5938.481522 1955.389786 110.000026
v -5655.994797 1672.19162 110.000002
v -5514.395523 1813.434982 110.000002
v -5938.481522 1955.389786 110.000026
v -5938.481522 1955.389786 -89.999986
v -5655.994797 1672.19162 -89.999998
v -5655.994797 1672.19162 110.000002
vt 1 1
vt 1 2
vt 0 2
vt 0 1
vt 0 1
vt 1 1
vt 1 2
vt 0 2
vt 0 1
vt 1 1
vt 1 2
vt 0 2
vt 0 1
vt 1 1
vt 1 2
vt 0 2
vt 0 1
vt 1 1
vt 1 2
vt 0 2
vt 0 1
vt 1 1
vt 1 2
vt 0 2
vn -0.706217 0.707996 0
vn -0.706217 0.707996 0
vn -0.706217 0.707996 0
vn -0.706217 0.707996 0
vn 0.706217 -0.707996 0
vn 0.706217 -0.707996 0
vn 0.706217 -0.707996 0
vn 0.706217 -0.707996 0
vn 0 -0.0 -1
vn 0 -0.0 -1
vn 0 -0.0 -1
vn 0 -0.0 -1
vn 0.707996 0.706217 0
vn 0.707996 0.706217 0
vn 0.707996 0.706217 0
vn 0.707996 0.706217 0
vn 0 -0.0 1
vn 0 -0.0 1
vn 0 -0.0 1
vn 0 -0.0 1
vn -0.707996 -0.706217 0
vn -0.707996 -0.706217 0
vn -0.707996 -0.706217 0
vn -0.707996 -0.706217 0
f 1634/1634/1634 1635/1635/1635 1633/1633/1633
f 1636/1636/1636 1633/1633/1633 1635/1635/1635
f 1638/1638/1638 1639/1639/1639 1637/1637/1637
f 1640/1640/1640 1637/1637/1637 1639/1639/1639
f 1642/1642/1642 1643/1643/1643 1641/1641/1641
f 1644/1644/1644 1641/1641/1641 1643/1643/1643
f 1646/1646/1646 1647/1647/1647 1645/1645/1645
f 1648/1648/1648 1645/1645/1645 1647/1647/1647
f 1650/1650/1650 1651/1651/1651 1649/1649/1649
f 1652/1652/1652 1649/1649/1649 1651/1651/1651
f 1654/1654/1654 1655/1655/1655 1653/1653/1653
f 1656/1656/1656 1653/1653/1653 1655/1655/1655
o AC_PIT_27_69
usemtl material_0
v -8012.226105 4006.56662 -62.607408
v -8012.226105 4006.56662 137.392604
v -7870.626831 4147.809982 137.392604
v -7870.626831 4147.809982 -62.607408
v -7729.73938 3723.368073 -62.607419
v -7588.140106 3864.611435 -62.607419
v -7588.140106 3864.611435 137.392581
v -7729.73938 3723.368073 137.392581
v -8012.226105 4006.56662 -62.607408
v -7870.626831 4147.809982 -62.607408
v -7588.140106 3864.611435 -62.607419
v -7729.73938 3723.368073 -62.607419
v -7870.626831 4147.809982 -62.607408
v -7870.626831 4147.809982 137.392604
v -7588.140106 3864.611435 137.392581
v -7588.140106 3864.611435 -62.607419
v -7870.626831 4147.809982 137.392604
v -8012.226105 4006.56662 137.392604
v -7729.73938 3723.368073 137.392581
v -7588.140106 3864.611435 137.392581
v -8012.226105 4006.56662 137.392604
v -8012.226105 4006.56662 -62.607408
v -7729.73938 3723.368073 -62.607419
v -7729.73938 3723.368073 137.392581
vt 1 1
vt 1 2
vt 0 2
vt 0 1
vt 0 1
vt 1 1
vt 1 2
vt 0 2
vt 0 1
vt 1 1
vt 1 2
vt 0 2
vt 0 1
vt 1 1
vt 1 2
vt 0 2
vt 0 1
vt 1 1
vt 1 2
vt 0 2
vt 0 1
vt 1 1
vt 1 2
vt 0 2
vn -0.706217 0.707996 0
vn -0.706217 0.707996 0
vn -0.706217 0.707996 0
vn -0.706217 0.707996 0
vn 0.706217 -0.707996 0
vn 0.706217 -0.707996 0
vn 0.706217 -0.707996 0
vn 0.706217 -0.707996 0
vn 0 -0.0 -1
vn 0 -0.0 -1
vn 0 -0.0 -1
vn 0 -0.0 -1
vn 0.707996 0.706217 0
vn 0.707996 0.706217 0
vn 0.707996 0.706217 0
vn 0.707996 0.706217 0
vn 0 -0.0 1
vn 0 -0.0 1
vn 0 -0.0 1
vn 0 -0.0 1
vn -0.707996 -0.706217 0
vn -0.707996 -0.706217 0
vn -0.707996 -0.706217 0
vn -0.707996 -0.706217 0
f 1658/1658/1658 1659/1659/1659 1657/1657/1657
f 1660/1660/1660 1657/1657/1657 1659/1659/1659
f 1662/1662/1662 1663/1663/1663 1661/1661/1661
f 1664/1664/1664 1661/1661/1661 1663/1663/1663
f 1666/1666/1666 1667/1667/1667 1665/1665/1665
f 1668/1668/1668 1665/1665/1665 1667/1667/1667
f 1670/1670/1670 1671/1671/1671 1669/1669/1669
f 1672/1672/1672 1669/1669/1669 1671/1671/1671
f 1674/1674/1674 1675/1675/1675 1673/1673/1673
f 1676/1676/1676 1673/1673/1673 1675/1675/1675
f 1678/1678/1678 1679/1679/1679 1677/1677/1677
f 1680/1680/1680 1677/1677/1677 1679/1679/1679
o AC_PIT_20_70
usemtl material_0
v 6787.093353 -10768.32428 -89.999986
v 6787.093353 -10768.32428 110.000026
v 6928.692627 -10627.080536 110.000026
v 6928.692627 -10627.080536 -89.999986
v 7069.580078 -11051.522064 -89.999998
v 7211.179352 -10910.279083 -89.999998
v 7211.179352 -10910.279083 110.000002
v 7069.580078 -11051.522064 110.000002
v 6787.093353 -10768.32428 -89.999986
v 6928.692627 -10627.080536 -89.999986
v 7211.179352 -10910.279083 -89.999998
v 7069.580078 -11051.522064 -89.999998
v 6928.692627 -10627.080536 -89.999986
v 6928.692627 -10627.080536 110.000026
v 7211.179352 -10910.279083 110.000002
v 7211.179352 -10910.279083 -89.999998
v 6928.692627 -10627.080536 110.000026
v 6787.093353 -10768.32428 110.000026
v 7069.580078 -11051.522064 110.000002
v 7211.179352 -10910.279083 110.000002
v 6787.093353 -10768.32428 110.000026
v 6787.093353 -10768.32428 -89.999986
v 7069.580078 -11051.522064 -89.999998
v 7069.580078 -11051.522064 110.000002
vt 1 1
vt 1 2
vt 0 2
vt 0 1
vt 0 1
vt 1 1
vt 1 2
vt 0 2
vt 0 1
vt 1 1
vt 1 2
vt 0 2
vt 0 1
vt 1 1
vt 1 2
vt 0 2
vt 0 1
vt 1 1
vt 1 2
vt 0 2
vt 0 1
vt 1 1
vt 1 2
vt 0 2
vn -0.706217 0.707996 0
vn -0.706217 0.707996 0
vn -0.706217 0.707996 0
vn -0.706217 0.707996 0
vn 0.706217 -0.707996 0
vn 0.706217 -0.707996 0
vn 0.706217 -0.707996 0
vn 0.706217 -0.707996 0
vn 0 -0.0 -1
vn 0 -0.0 -1
vn 0 -0.0 -1
vn 0 -0.0 -1
vn 0.707996 0.706217 0
vn 0.707996 0.706217 0
vn 0.707996 0.706217 0
vn 0.707996 0.706217 0
vn 0 -0.0 1
vn 0 -0.0 1
vn 0 -0.0 1
vn 0 -0.0 1
vn -0.707996 -0.706217 0
vn -0.707996 -0.706217 0
vn -0.707996 -0.706217 0
vn -0.707996 -0.706217 0
f 1682/1682/1682 1683/1683/1683 1681/1681/1681
f 1684/1684/1684 1681/1681/1681 1683/1683/1683
f 1686/1686/1686 1687/1687/1687 1685/1685/1685
f 1688/1688/1688 1685/1685/1685 1687/1687/1687
f 1690/1690/1690 1691/1691/1691 1689/1689/1689
f 1692/1692/1692 1689/1689/1689 1691/1691/1691
f 1694/1694/1694 1695/1695/1695 1693/1693/1693
f 1696/1696/1696 1693/1693/1693 1695/1695/1695
f 1698/1698/1698 1699/1699/1699 1697/1697/1697
f 1700/1700/1700 1697/1697/1697 1699/1699/1699
f 1702/1702/1702 1703/1703/1703 1701/1701/1701
f 1704/1704/1704 1701/1701/1701 1703/1703/1703
o AC_PIT_29_71
usemtl material_0
v 4184.850311 -8189.442444 -89.999986
v 4184.850311 -8189.442444 110.000026
v 4326.449585 -8048.1987 110.000026
v 4326.449585 -8048.1987 -89.999986
v 4467.337036 -8472.640228 -89.999998
v 4608.93631 -8331.397247 -89.999998
v 4608.93631 -8331.397247 110.000002
v 4467.337036 -8472.640228 110.000002
v 4184.850311 -8189.442444 -89.999986
v 4326.449585 -8048.1987 -89.999986
v 4608.93631 -8331.397247 -89.999998
v 4467.337036 -8472.640228 -89.999998
v 4326.449585 -8048.1987 -89.999986
v 4326.449585 -8048.1987 110.000026
v 4608.93631 -8331.397247 110.000002
v 4608.93631 -8331.397247 -89.999998
v 4326.449585 -8048.1987 110.000026
v 4184.850311 -8189.442444 110.000026
v 4467.337036 -8472.640228 110.000002
v 4608.93631 -8331.397247 110.000002
v 4184.850311 -8189.442444 110.000026
v 4184.850311 -8189.442444 -89.999986
v 4467.337036 -8472.640228 -89.999998
v 4467.337036 -8472.640228 110.000002
vt 1 1
vt 1 2
vt 0 2
vt 0 1
vt 0 1
vt 1 1
vt 1 2
vt 0 2
vt 0 1
vt 1 1
vt 1 2
vt 0 2
vt 0 1
vt 1 1
vt 1 2
vt 0 2
vt 0 1
vt 1 1
vt 1 2
vt 0 2
vt 0 1
vt 1 1
vt 1 2
vt 0 2
vn -0.706217 0.707996 0
vn -0.706217 0.707996 0
vn -0.706217 0.707996 0
vn -0.706217 0.707996 0
vn 0.706217 -0.707996 0
vn 0.706217 -0.707996 0
vn 0.706217 -0.707996 0
vn 0.706217 -0.707996 0
vn 0 -0.0 -1
vn 0 -0.0 -1
vn 0 -0.0 -1
vn 0 -0.0 -1
vn 0.707996 0.706217 0
vn 0.707996 0.706217 0
vn 0.707996 0.706217 0
vn 0.707996 0.706217 0
vn 0 -0.0 1
vn 0 -0.0 1
vn 0 -0.0 1
vn 0 -0.0 1
vn -0.707996 -0.706217 0
vn -0.707996 -0.706217 0
vn -0.707996 -0.706217 0
vn -0.707996 -0.706217 0
f 1706/1706/1706 1707/1707/1707 1705/1705/1705
f 1708/1708/1708 1705/1705/1705 1707/1707/1707
f 1710/1710/1710 1711/1711/1711 1709/1709/1709
f 1712/1712/1712 1709/1709/1709 1711/1711/1711
f 1714/1714/1714 1715/1715/1715 1713/1713/1713
f 1716/1716/1716 1713/1713/1713 1715/1715/1715
f 1718/1718/1718 1719/1719/1719 1717/1717/1717
f 1720/1720/1720 1717/1717/1717 1719/1719/1719
f 1722/1722/1722 1723/1723/1723 1721/1721/1721
f 1724/1724/1724 1721/1721/1721 1723/1723/1723
f 1726/1726/1726 1727/1727/1727 1725/1725/1725
f 1728/1728/1728 1725/1725/1725 1727/1727/1727
o AC_PIT_30_72
usemtl material_0
v -334.218907 -3676.864243 -89.999986
v -334.218907 -3676.864243 110.000026
v -192.619777 -3535.62088 110.000026
v -192.619777 -3535.62088 -89.999986
v -51.732183 -3960.06279 -89.999998
v 89.866948 -3818.819427 -89.999998
v 89.866954 -3818.819427 110.000002
v -51.732177 -3960.06279 110.000002
v -334.218907 -3676.864243 -89.999986
v -192.619777 -3535.62088 -89.999986
v 89.866948 -3818.819427 -89.999998
v -51.732183 -3960.06279 -89.999998
v -192.619777 -3535.62088 -89.999986
v -192.619777 -3535.62088 110.000026
v 89.866954 -3818.819427 110.000002
v 89.866948 -3818.819427 -89.999998
v -192.619777 -3535.62088 110.000026
v -334.218907 -3676.864243 110.000026
v -51.732177 -3960.06279 110.000002
v 89.866954 -3818.819427 110.000002
v -334.218907 -3676.864243 110.000026
v -334.218907 -3676.864243 -89.999986
v -51.732183 -3960.06279 -89.999998
v -51.732177 -3960.06279 110.000002
vt 1 1
vt 1 2
vt 0 2
vt 0 1
vt 0 1
vt 1 1
vt 1 2
vt 0 2
vt 0 1
vt 1 1
vt 1 2
vt 0 2
vt 0 1
vt 1 1
vt 1 2
vt 0 2
vt 0 1
vt 1 1
vt 1 2
vt 0 2
vt 0 1
vt 1 1
vt 1 2
vt 0 2
vn -0.706217 0.707996 0
vn -0.706217 0.707996 0
vn -0.706217 0.707996 0
vn -0.706217 0.707996 0
vn 0.706217 -0.707996 0
vn 0.706217 -0.707996 0
vn 0.706217 -0.707996 0
vn 0.706217 -0.707996 0
vn 0 -0.0 -1
vn 0 -0.0 -1
vn 0 -0.0 -1
vn 0 -0.0 -1
vn 0.707996 0.706217 0
vn 0.707996 0.706217 0
vn 0.707996 0.706217 0
vn 0.707996 0.706217 0
vn 0 -0.0 1
vn 0 -0.0 1
vn 0 -0.0 1
vn 0 -0.0 1
vn -0.707996 -0.706217 0
vn -0.707996 -0.706217 0
vn -0.707996 -0.706217 0
vn -0.707996 -0.706217 0
f 1730/1730/1730 1731/1731/1731 1729/1729/1729
f 1732/1732/1732 1729/1729/1729 1731/1731/1731
f 1734/1734/1734 1735/1735/1735 1733/1733/1733
f 1736/1736/1736 1733/1733/1733 1735/1735/1735
f 1738/1738/1738 1739/1739/1739 1737/1737/1737
f 1740/1740/1740 1737/1737/1737 1739/1739/1739
f 1742/1742/1742 1743/1743/1743 1741/1741/1741
f 1744/1744/1744 1741/1741/1741 1743/1743/1743
f 1746/1746/1746 1747/1747/1747 1745/1745/1745
f 1748/1748/1748 1745/1745/1745 1747/1747/1747
f 1750/1750/1750 1751/1751/1751 1749/1749/1749
f 1752/1752/1752 1749/1749/1749 1751/1751/1751
o AC_PIT_31_73
usemtl material_0
v -2617.58461 -1374.98455 -89.999986
v -2617.58461 -1374.98455 110.000026
v -2475.985336 -1233.741188 110.000026
v -2475.985336 -1233.741188 -89.999986
v -2335.097885 -1658.182716 -89.999998
v -2193.498611 -1516.939449 -89.999998
v -2193.498611 -1516.939449 110.000002
v -2335.097885 -1658.182716 110.000002
v -2617.58461 -1374.98455 -89.999986
v -2475.985336 -1233.741188 -89.999986
v -2193.498611 -1516.939449 -89.999998
v -2335.097885 -1658.182716 -89.999998
v -2475.985336 -1233.741188 -89.999986
v -2475.985336 -1233.741188 110.000026
v -2193.498611 -1516.939449 110.000002
v -2193.498611 -1516.939449 -89.999998
v -2475.985336 -1233.741188 110.000026
v -2617.58461 -1374.98455 110.000026
v -2335.097885 -1658.182716 110.000002
v -2193.498611 -1516.939449 110.000002
v -2617.58461 -1374.98455 110.000026
v -2617.58461 -1374.98455 -89.999986
v -2335.097885 -1658.182716 -89.999998
v -2335.097885 -1658.182716 110.000002
vt 1 1
vt 1 2
vt 0 2
vt 0 1
vt 0 1
vt 1 1
vt 1 2
vt 0 2
vt 0 1
vt 1 1
vt 1 2
vt 0 2
vt 0 1
vt 1 1
vt 1 2
vt 0 2
vt 0 1
vt 1 1
vt 1 2
vt 0 2
vt 0 1
vt 1 1
vt 1 2
vt 0 2
vn -0.706217 0.707996 0
vn -0.706217 0.707996 0
vn -0.706217 0.707996 0
vn -0.706217 0.707996 0
vn 0.706217 -0.707996 0
vn 0.706217 -0.707996 0
vn 0.706217 -0.707996 0
vn 0.706217 -0.707996 0
vn 0 -0.0 -1
vn 0 -0.0 -1
vn 0 -0.0 -1
vn 0 -0.0 -1
vn 0.707996 0.706217 0
vn 0.707996 0.706217 0
vn 0.707996 0.706217 0
vn 0.707996 0.706217 0
vn 0 -0.0 1
vn 0 -0.0 1
vn 0 -0.0 1
vn 0 -0.0 1
vn -0.707996 -0.706217 0
vn -0.707996 -0.706217 0
vn -0.707996 -0.706217 0
vn -0.707996 -0.706217 0
f 1754/1754/1754 1755/1755/1755 1753/1753/1753
f 1756/1756/1756 1753/1753/1753 1755/1755/1755
f 1758/1758/1758 1759/1759/1759 1757/1757/1757
f 1760/1760/1760 1757/1757/1757 1759/1759/1759
f 1762/1762/1762 1763/1763/1763 1761/1761/1761
f 1764/1764/1764 1761/1761/1761 1763/1763/1763
f 1766/1766/1766 1767/1767/1767 1765/1765/1765
f 1768/1768/1768 1765/1765/1765 1767/1767/1767
f 1770/1770/1770 1771/1771/1771 1769/1769/1769
f 1772/1772/1772 1769/1769/1769 1771/1771/1771
f 1774/1774/1774 1775/1775/1775 1773/1773/1773
f 1776/1776/1776 1773/1773/1773 1775/1775/1775
o AC_PIT_32_74
usemtl material_0
v -4869.264984 868.664742 -89.999986
v -4869.264984 868.664742 110.000026
v -4727.66571 1009.908104 110.000026
v -4727.66571 1009.908104 -89.999986
v -4586.778259 585.46648 -89.999998
v -4445.178986 726.709843 -89.999998
v -4445.178986 726.709843 110.000002
v -4586.778259 585.46648 110.000002
v -4869.264984 868.664742 -89.999986
v -4727.66571 1009.908104 -89.999986
v -4445.178986 726.709843 -89.999998
v -4586.778259 585.46648 -89.999998
v -4727.66571 1009.908104 -89.999986
v -4727.66571 1009.908104 110.000026
v -4445.178986 726.709843 110.000002
v -4445.178986 726.709843 -89.999998
v -4727.66571 1009.908104 110.000026
v -4869.264984 868.664742 110.000026
v -4586.778259 585.46648 110.000002
v -4445.178986 726.709843 110.000002
v -4869.264984 868.664742 110.000026
v -4869.264984 868.664742 -89.999986
v -4586.778259 585.46648 -89.999998
v -4586.778259 585.46648 110.000002
vt 1 1
vt 1 2
vt 0 2
vt 0 1
vt 0 1
vt 1 1
vt 1 2
vt 0 2
vt 0 1
vt 1 1
vt 1 2
vt 0 2
vt 0 1
vt 1 1
vt 1 2
vt 0 2
vt 0 1
vt 1 1
vt 1 2
vt 0 2
vt 0 1
vt 1 1
vt 1 2
vt 0 2
vn -0.706217 0.707996 0
vn -0.706217 0.707996 0
vn -0.706217 0.707996 0
vn -0.706217 0.707996 0
vn 0.706217 -0.707996 0
vn 0.706217 -0.707996 0
vn 0.706217 -0.707996 0
vn 0.706217 -0.707996 0
vn 0 -0.0 -1
vn 0 -0.0 -1
vn 0 -0.0 -1
vn 0 -0.0 -1
vn 0.707996 0.706217 0
vn 0.707996 0.706217 0
vn 0.707996 0.706217 0
vn 0.707996 0.706217 0
vn 0 -0.0 1
vn 0 -0.0 1
vn 0 -0.0 1
vn 0 -0.0 1
vn -0.707996 -0.706217 0
vn -0.707996 -0.706217 0
vn -0.707996 -0.706217 0
vn -0.707996 -0.706217 0
f 1778/1778/1778 1779/1779/1779 1777/1777/1777
f 1780/1780/1780 1777/1777/1777 1779/1779/1779
f 1782/1782/1782 1783/1783/1783 1781/1781/1781
f 1784/1784/1784 1781/1781/1781 1783/1783/1783
f 1786/1786/1786 1787/1787/1787 1785/1785/1785
f 1788/1788/1788 1785/1785/1785 1787/1787/1787
f 1790/1790/1790 1791/1791/1791 1789/1789/1789
f 1792/1792/1792 1789/1789/1789 1791/1791/1791
f 1794/1794/1794 1795/1795/1795 1793/1793/1793
f 1796/1796/1796 1793/1793/1793 1795/1795/1795
f 1798/1798/1798 1799/1799/1799 1797/1797/1797
f 1800/1800/1800 1797/1797/1797 1799/1799/1799
o AC_PIT_33_75
usemtl material_0
v -6979.50592 3004.197502 -89.999986
v -6979.50592 3004.197502 110.000026
v -6837.906647 3145.440865 110.000026
v -6837.906647 3145.440865 -89.999986
v -6697.019196 2720.999336 -89.999998
v -6555.419922 2862.242699 -89.999998
v -6555.419922 2862.242699 110.000002
v -6697.019196 2720.999336 110.000002
v -6979.50592 3004.197502 -89.999986
v -6837.906647 3145.440865 -89.999986
v -6555.419922 2862.242699 -89.999998
v -6697.019196 2720.999336 -89.999998
v -6837.906647 3145.440865 -89.999986
v -6837.906647 3145.440865 110.000026
v -6555.419922 2862.242699 110.000002
v -6555.419922 2862.242699 -89.999998
v -6837.906647 3145.440865 110.000026
v -6979.50592 3004.197502 110.000026
v -6697.019196 2720.999336 110.000002
v -6555.419922 2862.242699 110.000002
v -6979.50592 3004.197502 110.000026
v -6979.50592 3004.197502 -89.999986
v -6697.019196 2720.999336 -89.999998
v -6697.019196 2720.999336 110.000002
vt 1 1
vt 1 2
vt 0 2
vt 0 1
vt 0 1
vt 1 1
vt 1 2
vt 0 2
vt 0 1
vt 1 1
vt 1 2
vt 0 2
vt 0 1
vt 1 1
vt 1 2
vt 0 2
vt 0 1
vt 1 1
vt 1 2
vt 0 2
vt 0 1
vt 1 1
vt 1 2
vt 0 2
vn -0.706217 0.707996 0
vn -0.706217 0.707996 0
vn -0.706217 0.707996 0
vn -0.706217 0.707996 0
vn 0.706217 -0.707996 0
vn 0.706217 -0.707996 0
vn 0.706217 -0.707996 0
vn 0.706217 -0.707996 0
vn 0 -0.0 -1
vn 0 -0.0 -1
vn 0 -0.0 -1
vn 0 -0.0 -1
vn 0.707996 0.706217 0
vn 0.707996 0.706217 0
vn 0.707996 0.706217 0
vn 0.707996 0.706217 0
vn 0 -0.0 1
vn 0 -0.0 1
vn 0 -0.0 1
vn 0 -0.0 1
vn -0.707996 -0.706217 0
vn -0.707996 -0.706217 0
vn -0.707996 -0.706217 0
vn -0.707996 -0.706217 0
f 1802/1802/1802 1803/1803/1803 1801/1801/1801
f 1804/1804/1804 1801/1801/1801 1803/1803/1803
f 1806/1806/1806 1807/1807/1807 1805/1805/1805
f 1808/1808/1808 1805/1805/1805 1807/1807/1807
f 1810/1810/1810 1811/1811/1811 1809/1809/1809
f 1812/1812/1812 1809/1809/1809 1811/1811/1811
f 1814/1814/1814 1815/1815/1815 1813/1813/1813
f 1816/1816/1816 1813/1813/1813 1815/1815/1815
f 1818/1818/1818 1819/1819/1819 1817/1817/1817
f 1820/1820/1820 1817/1817/1817 1819/1819/1819
f 1822/1822/1822 1823/1823/1823 1821/1821/1821
f 1824/1824/1824 1821/1821/1821 1823/1823/1823
o AC_PIT_34_76
usemtl material_0
v 8916.963196 -12903.65448 -89.999986
v 8916.963196 -12903.65448 110.000026
v 9059.906769 -12763.77182 110.000026
v 9059.906769 -12763.77182 -89.999986
v 9196.727753 -13189.541626 -89.999998
v 9339.671326 -13049.659729 -89.999998
v 9339.671326 -13049.659729 110.000002
v 9196.727753 -13189.541626 110.000002
v 8916.963196 -12903.65448 -89.999986
v 9059.906769 -12763.77182 -89.999986
v 9339.671326 -13049.659729 -89.999998
v 9196.727753 -13189.541626 -89.999998
v 9059.906769 -12763.77182 -89.999986
v 9059.906769 -12763.77182 110.000026
v 9339.671326 -13049.659729 110.000002
v 9339.671326 -13049.659729 -89.999998
v 9059.906769 -12763.77182 110.000026
v 8916.963196 -12903.65448 110.000026
v 9196.727753 -13189.541626 110.000002
v 9339.671326 -13049.659729 110.000002
v 8916.963196 -12903.65448 110.000026
v 8916.963196 -12903.65448 -89.999986
v 9196.727753 -13189.541626 -89.999998
v 9196.727753 -13189.541626 110.000002
vt 1 1
vt 1 2
vt 0 2
vt 0 1
vt 0 1
vt 1 1
vt 1 2
vt 0 2
vt 0 1
vt 1 1
vt 1 2
vt 0 2
vt 0 1
vt 1 1
vt 1 2
vt 0 2
vt 0 1
vt 1 1
vt 1 2
vt 0 2
vt 0 1
vt 1 1
vt 1 2
vt 0 2
vn -0.699412 0.714719 0
vn -0.699412 0.714719 0
vn -0.699412 0.714719 0
vn -0.699412 0.714719 0
vn 0.699412 -0.714719 0
vn 0.699412 -0.714719 0
vn 0.699412 -0.714719 0
vn 0.699412 -0.714719 0
vn 0 -0.0 -1
vn 0 -0.0 -1
vn 0 -0.0 -1
vn 0 -0.0 -1
vn 0.714719 0.699412 0
vn 0.714719 0.699412 0
vn 0.714719 0.699412 0
vn 0.714719 0.699412 0
vn 0 -0.0 1
vn 0 -0.0 1
vn 0 -0.0 1
vn 0 -0.0 1
vn -0.714719 -0.699412 0
vn -0.714719 -0.699412 0
vn -0.714719 -0.699412 0
vn -0.714719 -0.699412 0
f 1826/1826/1826 1827/1827/1827 1825/1825/1825
f 1828/1828/1828 1825/1825/1825 1827/1827/1827
f 1830/1830/1830 1831/1831/1831 1829/1829/1829
f 1832/1832/1832 1829/1829/1829 1831/1831/1831
f 1834/1834/1834 1835/1835/1835 1833/1833/1833
f 1836/1836/1836 1833/1833/1833 1835/1835/1835
f 1838/1838/1838 1839/1839/1839 1837/1837/1837
f 1840/1840/1840 1837/1837/1837 1839/1839/1839
f 1842/1842/1842 1843/1843/1843 1841/1841/1841
f 1844/1844/1844 1841/1841/1841 1843/1843/1843
f 1846/1846/1846 1847/1847/1847 1845/1845/1845
f 1848/1848/1848 1845/1845/1845 1847/1847/1847
o AC_PIT_16_77
usemtl material_0
v -9337.671661 5323.950958 -63.217759
v -9337.671661 5323.950958 136.782253
v -9196.072388 5465.194321 136.782253
v -9196.072388 5465.194321 -63.217759
v -9055.184937 5040.752411 -63.217771
v -8913.585663 5181.995773 -63.217771
v -8913.585663 5181.995773 136.782229
v -9055.184937 5040.752411 136.782229
v -9337.671661 5323.950958 -63.217759
v -9196.072388 5465.194321 -63.217759
v -8913.585663 5181.995773 -63.217771
v -9055.184937 5040.752411 -63.217771
v -9196.072388 5465.194321 -63.217759
v -9196.072388 5465.194321 136.782253
v -8913.585663 5181.995773 136.782229
v -8913.585663 5181.995773 -63.217771
v -9196.072388 5465.194321 136.782253
v -9337.671661 5323.950958 136.782253
v -9055.184937 5040.752411 136.782229
v -8913.585663 5181.995773 136.782229
v -9337.671661 5323.950958 136.782253
v -9337.671661 5323.950958 -63.217759
v -9055.184937 5040.752411 -63.217771
v -9055.184937 5040.752411 136.782229
vt 1 1
vt 1 2
vt 0 2
vt 0 1
vt 0 1
vt 1 1
vt 1 2
vt 0 2
vt 0 1
vt 1 1
vt 1 2
vt 0 2
vt 0 1
vt 1 1
vt 1 2
vt 0 2
vt 0 1
vt 1 1
vt 1 2
vt 0 2
vt 0 1
vt 1 1
vt 1 2
vt 0 2
vn -0.706217 0.707996 0
vn -0.706217 0.707996 0
vn -0.706217 0.707996 0
vn -0.706217 0.707996 0
vn 0.706217 -0.707996 0
vn 0.706217 -0.707996 0
vn 0.706217 -0.707996 0
vn 0.706217 -0.707996 0
vn 0 -0.0 -1
vn 0 -0.0 -1
vn 0 -0.0 -1
vn 0 -0.0 -1
vn 0.707996 0.706217 0
vn 0.707996 0.706217 0
vn 0.707996 0.706217 0
vn 0.707996 0.706217 0
vn 0 -0.0 1
vn 0 -0.0 1
vn 0 -0.0 1
vn 0 -0.0 1
vn -0.707996 -0.706217 0
vn -0.707996 -0.706217 0
vn -0.707996 -0.706217 0
vn -0.707996 -0.706217 0
f 1850/1850/1850 1851/1851/1851 1849/1849/1849
f 1852/1852/1852 1849/1849/1849 1851/1851/1851
f 1854/1854/1854 1855/1855/1855 1853/1853/1853
f 1856/1856/1856 1853/1853/1853 1855/1855/1855
f 1858/1858/1858 1859/1859/1859 1857/1857/1857
f 1860/1860/1860 1857/1857/1857 1859/1859/1859
f 1862/1862/1862 1863/1863/1863 1861/1861/1861
f 1864/1864/1864 1861/1861/1861 1863/1863/1863
f 1866/1866/1866 1867/1867/1867 1865/1865/1865
f 1868/1868/1868 1865/1865/1865 1867/1867/1867
f 1870/1870/1870 1871/1871/1871 1869/1869/1869
f 1872/1872/1872 1869/1869/1869 1871/1871/1871
o AC_PIT_5_78
usemtl material_0
v 8553.503418 -12560.68573 -89.999986
v 8553.503418 -12560.68573 110.000026
v 8695.102692 -12419.441986 110.000026
v 8695.102692 -12419.441986 -89.999986
v 8835.990143 -12843.884277 -89.999998
v 8977.589417 -12702.640533 -89.999998
v 8977.589417 -12702.640533 110.000002
v 8835.990143 -12843.884277 110.000002
v 8553.503418 -12560.68573 -89.999986
v 8695.102692 -12419.441986 -89.999986
v 8977.589417 -12702.640533 -89.999998
v 8835.990143 -12843.884277 -89.999998
v 8695.102692 -12419.441986 -89.999986
v 8695.102692 -12419.441986 110.000026
v 8977.589417 -12702.640533 110.000002
v 8977.589417 -12702.640533 -89.999998
v 8695.102692 -12419.441986 110.000026
v 8553.503418 -12560.68573 110.000026
v 8835.990143 -12843.884277 110.000002
v 8977.589417 -12702.640533 110.000002
v 8553.503418 -12560.68573 110.000026
v 8553.503418 -12560.68573 -89.999986
v 8835.990143 -12843.884277 -89.999998
v 8835.990143 -12843.884277 110.000002
vt 1 1
vt 1 2
vt 0 2
vt 0 1
vt 0 1
vt 1 1
vt 1 2
vt 0 2
vt 0 1
vt 1 1
vt 1 2
vt 0 2
vt 0 1
vt 1 1
vt 1 2
vt 0 2
vt 0 1
vt 1 1
vt 1 2
vt 0 2
vt 0 1
vt 1 1
vt 1 2
vt 0 2
vn -0.706217 0.707996 0
vn -0.706217 0.707996 0
vn -0.706217 0.707996 0
vn -0.706217 0.707996 0
vn 0.706217 -0.707996 0
vn 0.706217 -0.707996 0
vn 0.706217 -0.707996 0
vn 0.706217 -0.707996 0
vn 0 -0.0 -1
vn 0 -0.0 -1
vn 0 -0.0 -1
vn 0 -0.0 -1
vn 0.707996 0.706217 0
vn 0.707996 0.706217 0
vn 0.707996 0.706217 0
vn 0.707996 0.706217 0
vn 0 -0.0 1
vn 0 -0.0 1
vn 0 -0.0 1
vn 0 -0.0 1
vn -0.707996 -0.706217 0
vn -0.707996 -0.706217 0
vn -0.707996 -0.706217 0
vn -0.707996 -0.706217 0
f 1874/1874/1874 1875/1875/1875 1873/1873/1873
f 1876/1876/1876 1873/1873/1873 1875/1875/1875
f 1878/1878/1878 1879/1879/1879 1877/1877/1877
f 1880/1880/1880 1877/1877/1877 1879/1879/1879
f 1882/1882/1882 1883/1883/1883 1881/1881/1881
f 1884/1884/1884 1881/1881/1881 1883/1883/1883
f 1886/1886/1886 1887/1887/1887 1885/1885/1885
f 1888/1888/1888 1885/1885/1885 1887/1887/1887
f 1890/1890/1890 1891/1891/1891 1889/1889/1889
f 1892/1892/1892 1889/1889/1889 1891/1891/1891
f 1894/1894/1894 1895/1895/1895 1893/1893/1893
f 1896/1896/1896 1893/1893/1893 1895/1895/1895
