# TrackBridge. Unreal-oriented centimetres: X=AC X, Y=AC Z, Z=AC Y.
mtllib model.mtl
o lay_a_posts_0
usemtl material_0
v 19453.759766 49172.393799 210.003757
v 19451.542664 49157.910156 -108.404136
v 19451.643372 49172.409058 -108.404136
v 19453.703308 49157.894897 216.520405
v 19457.643127 49172.366333 -108.444023
v 19459.759521 49172.354126 209.963894
v 19453.759766 49172.393799 210.003757
v 19451.643372 49172.409058 -108.404136
v 19453.759766 49172.393799 210.003757
v 19454.177856 49191.867065 252.398634
v 19453.703308 49157.894897 216.520405
v 19454.18396 49202.767944 242.10031
v 19454.18396 49202.767944 242.10031
v 19453.759766 49172.393799 210.003757
v 19460.183716 49202.72522 242.060423
v 19459.759521 49172.354126 209.963894
v 19451.542664 49157.910156 -108.404136
v 19453.759766 49172.393799 210.003757
v 19451.643372 49172.409058 -108.404136
v 19453.703308 49157.894897 216.520405
v 19451.643372 49172.409058 -108.404136
v 19453.759766 49172.393799 210.003757
v 19457.643127 49172.366333 -108.444023
v 19459.759521 49172.354126 209.963894
v 19454.177856 49191.867065 252.398634
v 19453.759766 49172.393799 210.003757
v 19453.703308 49157.894897 216.520405
v 19454.18396 49202.767944 242.10031
v 19460.183716 49202.72522 242.060423
v 19459.759521 49172.354126 209.963894
v 19453.759766 49172.393799 210.003757
v 19454.18396 49202.767944 242.10031
v 19114.907837 49177.770996 211.98554
v 19112.93335 49163.317871 -106.425345
v 19113.301086 49177.813721 -106.425357
v 19114.575195 49163.275146 218.502212
v 19119.299316 49177.661133 -106.455648
v 19120.907593 49177.62146 211.955237
v 19114.907837 49177.770996 211.98554
v 19113.301086 49177.813721 -106.425357
v 19114.907837 49177.770996 211.98554
v 19115.615845 49197.235107 254.380798
v 19114.575195 49163.275146 218.502212
v 19115.840149 49208.132935 244.082355
v 19115.840149 49208.132935 244.082355
v 19120.907593 49177.62146 211.955237
v 19121.836853 49207.983398 244.052076
v 19114.907837 49177.770996 211.98554
v 19112.93335 49163.317871 -106.425345
v 19114.907837 49177.770996 211.98554
v 19113.301086 49177.813721 -106.425357
v 19114.575195 49163.275146 218.502212
v 19113.301086 49177.813721 -106.425357
v 19114.907837 49177.770996 211.98554
v 19119.299316 49177.661133 -106.455648
v 19120.907593 49177.62146 211.955237
v 19115.615845 49197.235107 254.380798
v 19114.907837 49177.770996 211.98554
v 19114.575195 49163.275146 218.502212
v 19115.840149 49208.132935 244.082355
v 19120.907593 49177.62146 211.955237
v 19115.840149 49208.132935 244.082355
v 19121.836853 49207.983398 244.052076
v 19114.907837 49177.770996 211.98554
v 18775.926208 49189.556885 213.413858
v 18774.206543 49175.119019 -104.99928
v 18774.845886 49189.605713 -104.99928
v 18775.309753 49175.07019 219.930577
v 18781.919861 49189.294434 213.39345
v 18774.845886 49189.605713 -104.99928
v 18780.839539 49189.34021 -105.019641
v 18775.926208 49189.556885 213.413858
v 18775.926208 49189.556885 213.413858
v 18776.927185 49209.005737 255.809379
v 18775.309753 49175.07019 219.930577
v 18777.372742 49219.900513 245.510864
v 18777.372742 49219.900513 245.510864
v 18781.919861 49189.294434 213.39345
v 18783.366394 49219.63501 245.490503
v 18775.926208 49189.556885 213.413858
v 18774.206543 49175.119019 -104.99928
v 18775.926208 49189.556885 213.413858
v 18774.845886 49189.605713 -104.99928
v 18775.309753 49175.07019 219.930577
v 18774.845886 49189.605713 -104.99928
v 18781.919861 49189.294434 213.39345
v 18780.839539 49189.34021 -105.019641
v 18775.926208 49189.556885 213.413858
v 18776.927185 49209.005737 255.809379
v 18775.926208 49189.556885 213.413858
v 18775.309753 49175.07019 219.930577
v 18777.372742 49219.900513 245.510864
v 18781.919861 49189.294434 213.39345
v 18777.372742 49219.900513 245.510864
v 18783.366394 49219.63501 245.490503
v 18775.926208 49189.556885 213.413858
v 18437.336731 49208.517456 214.310932
v 18435.723877 49194.094849 -104.103422
v 18436.714172 49208.560181 -104.103422
v 18436.358643 49194.049072 220.827723
v 18443.322754 49208.108521 214.299178
v 18436.714172 49208.560181 -104.103422
v 18442.700195 49208.151245 -104.115176
v 18437.336731 49208.517456 214.310932
v 18437.336731 49208.517456 214.310932
v 18438.749695 49227.941895 256.706667
v 18436.358643 49194.049072 220.827723
v 18439.472961 49238.818359 246.408105
v 18439.472961 49238.818359 246.408105
v 18443.322754 49208.108521 214.299178
v 18445.458984 49238.409424 246.396375
v 18437.336731 49208.517456 214.310932
v 18435.723877 49194.094849 -104.103422
v 18437.336731 49208.517456 214.310932
v 18436.714172 49208.560181 -104.103422
v 18436.358643 49194.049072 220.827723
v 18436.714172 49208.560181 -104.103422
v 18443.322754 49208.108521 214.299178
v 18442.700195 49208.151245 -104.115176
v 18437.336731 49208.517456 214.310932
v 18438.749695 49227.941895 256.706667
v 18437.336731 49208.517456 214.310932
v 18436.358643 49194.049072 220.827723
v 18439.472961 49238.818359 246.408105
v 18443.322754 49208.108521 214.299178
v 18439.472961 49238.818359 246.408105
v 18445.458984 49238.409424 246.396375
v 18437.336731 49208.517456 214.310932
v 18099.015808 49234.552002 214.64324
v 18097.857666 49220.098877 -103.771734
v 18099.047852 49234.54895 -103.771734
v 18097.824097 49220.101929 221.159983
v 18105.027771 49234.057617 -103.771114
v 18104.995728 49234.060669 214.64386
v 18099.015808 49234.552002 214.64324
v 18099.047852 49234.54895 -103.771734
v 18099.015808 49234.552002 214.64324
v 18100.611877 49253.961182 257.03907
v 18097.824097 49220.101929 221.159983
v 18101.509094 49264.825439 246.740484
v 18101.509094 49264.825439 246.740484
v 18104.995728 49234.060669 214.64386
v 18107.489014 49264.334106 246.74108
v 18099.015808 49234.552002 214.64324
v 18097.857666 49220.098877 -103.771734
v 18099.015808 49234.552002 214.64324
v 18099.047852 49234.54895 -103.771734
v 18097.824097 49220.101929 221.159983
v 18099.047852 49234.54895 -103.771734
v 18099.015808 49234.552002 214.64324
v 18105.027771 49234.057617 -103.771114
v 18104.995728 49234.060669 214.64386
v 18100.611877 49253.961182 257.03907
v 18099.015808 49234.552002 214.64324
v 18097.824097 49220.101929 221.159983
v 18101.509094 49264.825439 246.740484
v 18104.995728 49234.060669 214.64386
v 18101.509094 49264.825439 246.740484
v 18107.489014 49264.334106 246.74108
v 18099.015808 49234.552002 214.64324
v 17760.446167 49262.322998 214.057827
v 17760.647583 49247.76001 -104.354274
v 17761.798096 49262.216187 -104.354274
v 17759.268188 49247.869873 220.574522
v 17767.779541 49261.740112 -104.328716
v 17766.427612 49261.846924 214.083362
v 17760.446167 49262.322998 214.057827
v 17761.798096 49262.216187 -104.354274
v 17760.446167 49262.322998 214.057827
v 17761.811829 49281.750488 256.453228
v 17759.268188 49247.869873 220.574522
v 17762.721252 49292.614746 246.154761
v 17762.721252 49292.614746 246.154761
v 17766.427612 49261.846924 214.083362
v 17768.702698 49292.138672 246.180296
v 17760.446167 49262.322998 214.057827
v 17760.647583 49247.76001 -104.354274
v 17760.446167 49262.322998 214.057827
v 17761.798096 49262.216187 -104.354274
v 17759.268188 49247.869873 220.574522
v 17761.798096 49262.216187 -104.354274
v 17760.446167 49262.322998 214.057827
v 17767.779541 49261.740112 -104.328716
v 17766.427612 49261.846924 214.083362
v 17761.811829 49281.750488 256.453228
v 17760.446167 49262.322998 214.057827
v 17759.268188 49247.869873 220.574522
v 17762.721252 49292.614746 246.154761
v 17766.427612 49261.846924 214.083362
v 17762.721252 49292.614746 246.154761
v 17768.702698 49292.138672 246.180296
v 17760.446167 49262.322998 214.057827
v 17422.285461 49289.709473 212.079358
v 17423.005676 49275.094604 -106.329572
v 17424.241638 49289.541626 -106.329584
v 17421.008301 49275.265503 218.596005
v 17430.220032 49289.028931 -106.29257
v 17428.262329 49289.196777 212.116385
v 17422.285461 49289.709473 212.079358
v 17424.241638 49289.541626 -106.329584
v 17422.285461 49289.709473 212.079358
v 17423.684692 49309.133911 254.474354
v 17421.008301 49275.265503 218.596005
v 17424.67804 49319.992065 244.176006
v 17424.67804 49319.992065 244.176006
v 17428.262329 49289.196777 212.116385
v 17430.656433 49319.47937 244.213009
v 17422.285461 49289.709473 212.079358
v 17423.005676 49275.094604 -106.329572
v 17422.285461 49289.709473 212.079358
v 17424.241638 49289.541626 -106.329584
v 17421.008301 49275.265503 218.596005
v 17424.241638 49289.541626 -106.329584
v 17422.285461 49289.709473 212.079358
v 17430.220032 49289.028931 -106.29257
v 17428.262329 49289.196777 212.116385
v 17423.684692 49309.133911 254.474354
v 17422.285461 49289.709473 212.079358
v 17421.008301 49275.265503 218.596005
v 17424.67804 49319.992065 244.176006
v 17428.262329 49289.196777 212.116385
v 17424.67804 49319.992065 244.176006
v 17430.656433 49319.47937 244.213009
v 17422.285461 49289.709473 212.079358
v 17087.1521 49322.915649 210.750055
v 17085.542297 49308.505249 -107.664895
v 17087.231445 49322.906494 -107.664895
v 17085.461426 49308.514404 217.266822
v 17093.190002 49322.207642 -107.663393
v 17093.112183 49322.216797 210.751534
v 17087.1521 49322.915649 210.750055
v 17087.231445 49322.906494 -107.664895
v 17087.1521 49322.915649 210.750055
v 17089.4104 49342.260742 253.145838
v 17085.461426 49308.514404 217.266822
v 17090.682983 49353.085327 242.8473
v 17090.682983 49353.085327 242.8473
v 17093.112183 49322.216797 210.751534
v 17096.641541 49352.386475 242.848778
v 17087.1521 49322.915649 210.750055
v 17085.542297 49308.505249 -107.664895
v 17087.1521 49322.915649 210.750055
v 17087.231445 49322.906494 -107.664895
v 17085.461426 49308.514404 217.266822
v 17087.231445 49322.906494 -107.664895
v 17087.1521 49322.915649 210.750055
v 17093.190002 49322.207642 -107.663393
v 17093.112183 49322.216797 210.751534
v 17089.4104 49342.260742 253.145838
v 17087.1521 49322.915649 210.750055
v 17085.461426 49308.514404 217.266822
v 17090.682983 49353.085327 242.8473
v 17093.112183 49322.216797 210.751534
v 17090.682983 49353.085327 242.8473
v 17096.641541 49352.386475 242.848778
v 17087.1521 49322.915649 210.750055
v 16755.992126 49370.556641 213.255024
v 16749.668884 49356.912231 -105.134952
v 16752.056885 49371.21582 -105.134952
v 16753.684998 49356.240845 219.771266
v 16761.909485 49369.570923 213.179827
v 16752.056885 49371.21582 -105.134952
v 16757.974243 49370.227051 -105.210137
v 16755.992126 49370.556641 213.255024
v 16755.992126 49370.556641 213.255024
v 16759.7229 49389.678955 255.647492
v 16753.684998 49356.240845 219.771266
v 16761.390686 49400.45166 245.349741
v 16761.390686 49400.45166 245.349741
v 16761.909485 49369.570923 213.179827
v 16767.30957 49399.465942 245.274591
v 16755.992126 49370.556641 213.255024
v 16749.668884 49356.912231 -105.134952
v 16755.992126 49370.556641 213.255024
v 16752.056885 49371.21582 -105.134952
v 16753.684998 49356.240845 219.771266
v 16752.056885 49371.21582 -105.134952
v 16761.909485 49369.570923 213.179827
v 16757.974243 49370.227051 -105.210137
v 16755.992126 49370.556641 213.255024
v 16759.7229 49389.678955 255.647492
v 16755.992126 49370.556641 213.255024
v 16753.684998 49356.240845 219.771266
v 16761.390686 49400.45166 245.349741
v 16761.909485 49369.570923 213.179827
v 16761.390686 49400.45166 245.349741
v 16767.30957 49399.465942 245.274591
v 16755.992126 49370.556641 213.255024
v 16418.766785 49429.293823 216.13009
v 16416.247559 49415.011597 -102.284861
v 16418.710327 49429.302979 -102.284873
v 16416.305542 49415.002441 222.646856
v 16424.679565 49428.274536 216.129017
v 16418.710327 49429.302979 -102.284873
v 16424.623108 49428.283691 -102.285957
v 16418.766785 49429.293823 216.13009
v 16418.766785 49429.293823 216.13009
v 16422.08252 49448.483276 258.525896
v 16416.305542 49415.002441 222.646856
v 16423.931885 49459.225464 248.227358
v 16423.931885 49459.225464 248.227358
v 16424.679565 49428.274536 216.129017
v 16429.844666 49458.206177 248.226261
v 16418.766785 49429.293823 216.13009
v 16416.247559 49415.011597 -102.284861
v 16418.766785 49429.293823 216.13009
v 16418.710327 49429.302979 -102.284873
v 16416.305542 49415.002441 222.646856
v 16418.710327 49429.302979 -102.284873
v 16424.679565 49428.274536 216.129017
v 16424.623108 49428.283691 -102.285957
v 16418.766785 49429.293823 216.13009
v 16422.08252 49448.483276 258.525896
v 16418.766785 49429.293823 216.13009
v 16416.305542 49415.002441 222.646856
v 16423.931885 49459.225464 248.227358
v 16424.679565 49428.274536 216.129017
v 16423.931885 49459.225464 248.227358
v 16429.844666 49458.206177 248.226261
v 16418.766785 49429.293823 216.13009
v 16080.12085 49486.419678 213.024259
v 16082.362366 49471.331787 -105.355573
v 16084.785461 49485.629272 -105.355573
v 16077.603149 49472.137451 219.54031
v 16090.699768 49484.625244 -105.266464
v 16086.036682 49485.415649 213.113403
v 16080.12085 49486.419678 213.024259
v 16084.785461 49485.629272 -105.355573
v 16080.12085 49486.419678 213.024259
v 16082.754517 49505.725098 255.415392
v 16077.603149 49472.137451 219.54031
v 16084.727478 49516.445923 245.11795
v 16084.727478 49516.445923 245.11795
v 16086.036682 49485.415649 213.113403
v 16090.641785 49515.444946 245.207119
v 16080.12085 49486.419678 213.024259
v 16082.362366 49471.331787 -105.355573
v 16080.12085 49486.419678 213.024259
v 16084.785461 49485.629272 -105.355573
v 16077.603149 49472.137451 219.54031
v 16084.785461 49485.629272 -105.355573
v 16080.12085 49486.419678 213.024259
v 16090.699768 49484.625244 -105.266464
v 16086.036682 49485.415649 213.113403
v 16082.754517 49505.725098 255.415392
v 16080.12085 49486.419678 213.024259
v 16077.603149 49472.137451 219.54031
v 16084.727478 49516.445923 245.11795
v 16086.036682 49485.415649 213.113403
v 16084.727478 49516.445923 245.11795
v 16090.641785 49515.444946 245.207119
v 16080.12085 49486.419678 213.024259
v 15745.606995 49544.342041 207.254028
v 15748.583984 49529.083252 -111.111546
v 15751.127625 49543.359375 -111.111569
v 15742.950439 49530.08728 213.76977
v 15757.032776 49542.306519 -111.005902
v 15751.512146 49543.289185 207.359695
v 15745.606995 49544.342041 207.254028
v 15751.127625 49543.359375 -111.111569
v 15745.606995 49544.342041 207.254028
v 15748.287964 49563.647461 249.64323
v 15742.950439 49530.08728 213.76977
v 15750.379944 49574.346924 239.346266
v 15750.379944 49574.346924 239.346266
v 15751.512146 49543.289185 207.359695
v 15756.285095 49573.294067 239.451909
v 15745.606995 49544.342041 207.254028
v 15748.583984 49529.083252 -111.111546
v 15745.606995 49544.342041 207.254028
v 15751.127625 49543.359375 -111.111569
v 15742.950439 49530.08728 213.76977
v 15751.127625 49543.359375 -111.111569
v 15745.606995 49544.342041 207.254028
v 15757.032776 49542.306519 -111.005902
v 15751.512146 49543.289185 207.359695
v 15748.287964 49563.647461 249.64323
v 15745.606995 49544.342041 207.254028
v 15742.950439 49530.08728 213.76977
v 15750.379944 49574.346924 239.346266
v 15751.512146 49543.289185 207.359695
v 15750.379944 49574.346924 239.346266
v 15756.285095 49573.294067 239.451909
v 15745.606995 49544.342041 207.254028
v 15413.935852 49607.232666 202.061796
v 15415.542603 49592.11731 -116.320443
v 15418.408203 49606.332397 -116.320443
v 15410.978699 49593.035889 208.577919
v 15424.28894 49605.145264 -116.234446
v 15419.816589 49606.048584 202.14777
v 15413.935852 49607.232666 202.061796
v 15418.408203 49606.332397 -116.320443
v 15413.935852 49607.232666 202.061796
v 15417.1875 49626.443481 244.453287
v 15410.978699 49593.035889 208.577919
v 15419.487 49637.10022 234.155798
v 15419.487 49637.10022 234.155798
v 15419.816589 49606.048584 202.14777
v 15425.367737 49635.916138 234.241772
v 15413.935852 49607.232666 202.061796
v 15415.542603 49592.11731 -116.320443
v 15413.935852 49607.232666 202.061796
v 15418.408203 49606.332397 -116.320443
v 15410.978699 49593.035889 208.577919
v 15418.408203 49606.332397 -116.320443
v 15413.935852 49607.232666 202.061796
v 15424.28894 49605.145264 -116.234446
v 15419.816589 49606.048584 202.14777
v 15417.1875 49626.443481 244.453287
v 15413.935852 49607.232666 202.061796
v 15410.978699 49593.035889 208.577919
v 15419.487 49637.10022 234.155798
v 15419.816589 49606.048584 202.14777
v 15419.487 49637.10022 234.155798
v 15425.367737 49635.916138 234.241772
v 15413.935852 49607.232666 202.061796
v 15083.708191 49681.454468 197.273242
v 15084.387207 49666.311646 -121.111095
v 15087.986755 49680.355835 -121.111083
v 15080.020142 49667.428589 203.789377
v 15093.798828 49678.866577 -121.027851
v 15089.520264 49679.96521 197.356474
v 15083.708191 49681.454468 197.273242
v 15087.986755 49680.355835 -121.111083
v 15083.708191 49681.454468 197.273242
v 15087.973022 49700.463867 239.664984
v 15080.020142 49667.428589 203.789377
v 15090.817261 49710.98938 229.367399
v 15090.817261 49710.98938 229.367399
v 15089.520264 49679.96521 197.356474
v 15096.629333 49709.500122 229.450607
v 15083.708191 49681.454468 197.273242
v 15084.387207 49666.311646 -121.111095
v 15083.708191 49681.454468 197.273242
v 15087.986755 49680.355835 -121.111083
v 15080.020142 49667.428589 203.789377
v 15087.986755 49680.355835 -121.111083
v 15083.708191 49681.454468 197.273242
v 15093.798828 49678.866577 -121.027851
v 15089.520264 49679.96521 197.356474
v 15087.973022 49700.463867 239.664984
v 15083.708191 49681.454468 197.273242
v 15080.020142 49667.428589 203.789377
v 15090.817261 49710.98938 229.367399
v 15089.520264 49679.96521 197.356474
v 15090.817261 49710.98938 229.367399
v 15096.629333 49709.500122 229.450607
v 15083.708191 49681.454468 197.273242
vt -0.24 1.3
vt -0.01 2.05
vt -0.24 2.05
vt -0.01 1.3
vt -0.1825 2.05
vt -0.1825 1.3
vt -0.0675 1.3
vt -0.0675 2.05
vt -0.24 1.3
vt -0.01 1.175
vt -0.01 1.3
vt -0.24 1.175
vt -0.0675 1.175
vt -0.0675 1.3
vt -0.1825 1.175
vt -0.1825 1.3
vt -0.01 2.05
vt -0.24 1.3
vt -0.24 2.05
vt -0.01 1.3
vt -0.0675 2.05
vt -0.0675 1.3
vt -0.1825 2.05
vt -0.1825 1.3
vt -0.01 1.175
vt -0.24 1.3
vt -0.01 1.3
vt -0.24 1.175
vt -0.1825 1.175
vt -0.1825 1.3
vt -0.0675 1.3
vt -0.0675 1.175
vt -0.24 1.3
vt -0.01 2.05
vt -0.24 2.05
vt -0.01 1.3
vt -0.1825 2.05
vt -0.1825 1.3
vt -0.0675 1.3
vt -0.0675 2.05
vt -0.24 1.3
vt -0.01 1.175
vt -0.01 1.3
vt -0.24 1.175
vt -0.0675 1.175
vt -0.1825 1.3
vt -0.1825 1.175
vt -0.0675 1.3
vt -0.01 2.05
vt -0.24 1.3
vt -0.24 2.05
vt -0.01 1.3
vt -0.0675 2.05
vt -0.0675 1.3
vt -0.1825 2.05
vt -0.1825 1.3
vt -0.01 1.175
vt -0.24 1.3
vt -0.01 1.3
vt -0.24 1.175
vt -0.1825 1.3
vt -0.0675 1.175
vt -0.1825 1.175
vt -0.0675 1.3
vt -0.24 1.3
vt -0.01 2.05
vt -0.24 2.05
vt -0.01 1.3
vt -0.1825 1.3
vt -0.0675 2.05
vt -0.1825 2.05
vt -0.0675 1.3
vt -0.24 1.3
vt -0.01 1.175
vt -0.01 1.3
vt -0.24 1.175
vt -0.0675 1.175
vt -0.1825 1.3
vt -0.1825 1.175
vt -0.0675 1.3
vt -0.01 2.05
vt -0.24 1.3
vt -0.24 2.05
vt -0.01 1.3
vt -0.0675 2.05
vt -0.1825 1.3
vt -0.1825 2.05
vt -0.0675 1.3
vt -0.01 1.175
vt -0.24 1.3
vt -0.01 1.3
vt -0.24 1.175
vt -0.1825 1.3
vt -0.0675 1.175
vt -0.1825 1.175
vt -0.0675 1.3
vt -0.24 1.3
vt -0.01 2.05
vt -0.24 2.05
vt -0.01 1.3
vt -0.1825 1.3
vt -0.0675 2.05
vt -0.1825 2.05
vt -0.0675 1.3
vt -0.24 1.3
vt -0.01 1.175
vt -0.01 1.3
vt -0.24 1.175
vt -0.0675 1.175
vt -0.1825 1.3
vt -0.1825 1.175
vt -0.0675 1.3
vt -0.01 2.05
vt -0.24 1.3
vt -0.24 2.05
vt -0.01 1.3
vt -0.0675 2.05
vt -0.1825 1.3
vt -0.1825 2.05
vt -0.0675 1.3
vt -0.01 1.175
vt -0.24 1.3
vt -0.01 1.3
vt -0.24 1.175
vt -0.1825 1.3
vt -0.0675 1.175
vt -0.1825 1.175
vt -0.0675 1.3
vt -0.24 1.3
vt -0.01 2.05
vt -0.24 2.05
vt -0.01 1.3
vt -0.1825 2.05
vt -0.1825 1.3
vt -0.0675 1.3
vt -0.0675 2.05
vt -0.24 1.3
vt -0.01 1.175
vt -0.01 1.3
vt -0.24 1.175
vt -0.0675 1.175
vt -0.1825 1.3
vt -0.1825 1.175
vt -0.0675 1.3
vt -0.01 2.05
vt -0.24 1.3
vt -0.24 2.05
vt -0.01 1.3
vt -0.0675 2.05
vt -0.0675 1.3
vt -0.1825 2.05
vt -0.1825 1.3
vt -0.01 1.175
vt -0.24 1.3
vt -0.01 1.3
vt -0.24 1.175
vt -0.1825 1.3
vt -0.0675 1.175
vt -0.1825 1.175
vt -0.0675 1.3
vt -0.24 1.3
vt -0.01 2.05
vt -0.24 2.05
vt -0.01 1.3
vt -0.1825 2.05
vt -0.1825 1.3
vt -0.0675 1.3
vt -0.0675 2.05
vt -0.24 1.3
vt -0.01 1.175
vt -0.01 1.3
vt -0.24 1.175
vt -0.0675 1.175
vt -0.1825 1.3
vt -0.1825 1.175
vt -0.0675 1.3
vt -0.01 2.05
vt -0.24 1.3
vt -0.24 2.05
vt -0.01 1.3
vt -0.0675 2.05
vt -0.0675 1.3
vt -0.1825 2.05
vt -0.1825 1.3
vt -0.01 1.175
vt -0.24 1.3
vt -0.01 1.3
vt -0.24 1.175
vt -0.1825 1.3
vt -0.0675 1.175
vt -0.1825 1.175
vt -0.0675 1.3
vt -0.24 1.3
vt -0.01 2.05
vt -0.24 2.05
vt -0.01 1.3
vt -0.1825 2.05
vt -0.1825 1.3
vt -0.0675 1.3
vt -0.0675 2.05
vt -0.24 1.3
vt -0.01 1.175
vt -0.01 1.3
vt -0.24 1.175
vt -0.0675 1.175
vt -0.1825 1.3
vt -0.1825 1.175
vt -0.0675 1.3
vt -0.01 2.05
vt -0.24 1.3
vt -0.24 2.05
vt -0.01 1.3
vt -0.0675 2.05
vt -0.0675 1.3
vt -0.1825 2.05
vt -0.1825 1.3
vt -0.01 1.175
vt -0.24 1.3
vt -0.01 1.3
vt -0.24 1.175
vt -0.1825 1.3
vt -0.0675 1.175
vt -0.1825 1.175
vt -0.0675 1.3
vt -0.24 1.3
vt -0.01 2.05
vt -0.24 2.05
vt -0.01 1.3
vt -0.1825 2.05
vt -0.1825 1.3
vt -0.0675 1.3
vt -0.0675 2.05
vt -0.24 1.3
vt -0.01 1.175
vt -0.01 1.3
vt -0.24 1.175
vt -0.0675 1.175
vt -0.1825 1.3
vt -0.1825 1.175
vt -0.0675 1.3
vt -0.01 2.05
vt -0.24 1.3
vt -0.24 2.05
vt -0.01 1.3
vt -0.0675 2.05
vt -0.0675 1.3
vt -0.1825 2.05
vt -0.1825 1.3
vt -0.01 1.175
vt -0.24 1.3
vt -0.01 1.3
vt -0.24 1.175
vt -0.1825 1.3
vt -0.0675 1.175
vt -0.1825 1.175
vt -0.0675 1.3
vt -0.24 1.3
vt -0.01 2.05
vt -0.24 2.05
vt -0.01 1.3
vt -0.1825 1.3
vt -0.0675 2.05
vt -0.1825 2.05
vt -0.0675 1.3
vt -0.24 1.3
vt -0.01 1.175
vt -0.01 1.3
vt -0.24 1.175
vt -0.0675 1.175
vt -0.1825 1.3
vt -0.1825 1.175
vt -0.0675 1.3
vt -0.01 2.05
vt -0.24 1.3
vt -0.24 2.05
vt -0.01 1.3
vt -0.0675 2.05
vt -0.1825 1.3
vt -0.1825 2.05
vt -0.0675 1.3
vt -0.01 1.175
vt -0.24 1.3
vt -0.01 1.3
vt -0.24 1.175
vt -0.1825 1.3
vt -0.0675 1.175
vt -0.1825 1.175
vt -0.0675 1.3
vt -0.24 1.3
vt -0.01 2.05
vt -0.24 2.05
vt -0.01 1.3
vt -0.1825 1.3
vt -0.0675 2.05
vt -0.1825 2.05
vt -0.0675 1.3
vt -0.24 1.3
vt -0.01 1.175
vt -0.01 1.3
vt -0.24 1.175
vt -0.0675 1.175
vt -0.1825 1.3
vt -0.1825 1.175
vt -0.0675 1.3
vt -0.01 2.05
vt -0.24 1.3
vt -0.24 2.05
vt -0.01 1.3
vt -0.0675 2.05
vt -0.1825 1.3
vt -0.1825 2.05
vt -0.0675 1.3
vt -0.01 1.175
vt -0.24 1.3
vt -0.01 1.3
vt -0.24 1.175
vt -0.1825 1.3
vt -0.0675 1.175
vt -0.1825 1.175
vt -0.0675 1.3
vt -0.24 1.3
vt -0.01 2.05
vt -0.24 2.05
vt -0.01 1.3
vt -0.1825 2.05
vt -0.1825 1.3
vt -0.0675 1.3
vt -0.0675 2.05
vt -0.24 1.3
vt -0.01 1.175
vt -0.01 1.3
vt -0.24 1.175
vt -0.0675 1.175
vt -0.1825 1.3
vt -0.1825 1.175
vt -0.0675 1.3
vt -0.01 2.05
vt -0.24 1.3
vt -0.24 2.05
vt -0.01 1.3
vt -0.0675 2.05
vt -0.0675 1.3
vt -0.1825 2.05
vt -0.1825 1.3
vt -0.01 1.175
vt -0.24 1.3
vt -0.01 1.3
vt -0.24 1.175
vt -0.1825 1.3
vt -0.0675 1.175
vt -0.1825 1.175
vt -0.0675 1.3
vt -0.24 1.3
vt -0.01 2.05
vt -0.24 2.05
vt -0.01 1.3
vt -0.1825 2.05
vt -0.1825 1.3
vt -0.0675 1.3
vt -0.0675 2.05
vt -0.24 1.3
vt -0.01 1.175
vt -0.01 1.3
vt -0.24 1.175
vt -0.0675 1.175
vt -0.1825 1.3
vt -0.1825 1.175
vt -0.0675 1.3
vt -0.01 2.05
vt -0.24 1.3
vt -0.24 2.05
vt -0.01 1.3
vt -0.0675 2.05
vt -0.0675 1.3
vt -0.1825 2.05
vt -0.1825 1.3
vt -0.01 1.175
vt -0.24 1.3
vt -0.01 1.3
vt -0.24 1.175
vt -0.1825 1.3
vt -0.0675 1.175
vt -0.1825 1.175
vt -0.0675 1.3
vt -0.24 1.3
vt -0.01 2.05
vt -0.24 2.05
vt -0.01 1.3
vt -0.1825 2.05
vt -0.1825 1.3
vt -0.0675 1.3
vt -0.0675 2.05
vt -0.24 1.3
vt -0.01 1.175
vt -0.01 1.3
vt -0.24 1.175
vt -0.0675 1.175
vt -0.1825 1.3
vt -0.1825 1.175
vt -0.0675 1.3
vt -0.01 2.05
vt -0.24 1.3
vt -0.24 2.05
vt -0.01 1.3
vt -0.0675 2.05
vt -0.0675 1.3
vt -0.1825 2.05
vt -0.1825 1.3
vt -0.01 1.175
vt -0.24 1.3
vt -0.01 1.3
vt -0.24 1.175
vt -0.1825 1.3
vt -0.0675 1.175
vt -0.1825 1.175
vt -0.0675 1.3
vt -0.24 1.3
vt -0.01 2.05
vt -0.24 2.05
vt -0.01 1.3
vt -0.1825 2.05
vt -0.1825 1.3
vt -0.0675 1.3
vt -0.0675 2.05
vt -0.24 1.3
vt -0.01 1.175
vt -0.01 1.3
vt -0.24 1.175
vt -0.0675 1.175
vt -0.1825 1.3
vt -0.1825 1.175
vt -0.0675 1.3
vt -0.01 2.05
vt -0.24 1.3
vt -0.24 2.05
vt -0.01 1.3
vt -0.0675 2.05
vt -0.0675 1.3
vt -0.1825 2.05
vt -0.1825 1.3
vt -0.01 1.175
vt -0.24 1.3
vt -0.01 1.3
vt -0.24 1.175
vt -0.1825 1.3
vt -0.0675 1.175
vt -0.1825 1.175
vt -0.0675 1.3
vn -0.781084 0.624404 0.005221
vn -0.999954 0.006931 0.006648
vn -0.702173 0.711991 0.004701
vn -0.999954 0.006931 0.006648
vn 0.006932 0.999976 0
vn 0.006932 0.999976 0
vn -0.781084 0.624404 0.005221
vn -0.702173 0.711991 0.004701
vn -0.999954 0.006931 0.006649
vn -0.999954 0.006931 0.006649
vn -0.999954 0.006931 0.006649
vn -0.999954 0.006931 0.006649
vn 0.000466 0.72633 -0.687346
vn 0.000466 0.72633 -0.687346
vn 0.000466 0.72633 -0.687346
vn 0.000466 0.72633 -0.687346
vn 0.999954 -0.006931 -0.006648
vn 0.781084 -0.624404 -0.005221
vn 0.702173 -0.711991 -0.004701
vn 0.999954 -0.006931 -0.006648
vn 0.702173 -0.711991 -0.004701
vn 0.781084 -0.624404 -0.005221
vn -0.006932 -0.999976 0
vn -0.006932 -0.999976 0
vn 0.999954 -0.006931 -0.006649
vn 0.999954 -0.006931 -0.006649
vn 0.999954 -0.006931 -0.006649
vn 0.999954 -0.006931 -0.006649
vn -0.000466 -0.72633 0.687346
vn -0.000466 -0.72633 0.687346
vn -0.000466 -0.72633 0.687346
vn -0.000466 -0.72633 0.687346
vn -0.769484 0.638654 0.003967
vn -0.999667 0.025307 0.005051
vn -0.688976 0.724775 0.003572
vn -0.999667 0.025307 0.005051
vn 0.025308 0.99968 0
vn 0.025308 0.99968 0
vn -0.769484 0.638654 0.003967
vn -0.688976 0.724775 0.003572
vn -0.999667 0.025307 0.005052
vn -0.999667 0.025307 0.005052
vn -0.999667 0.025307 0.005052
vn -0.999667 0.025307 0.005052
vn 0.014912 0.726171 -0.687353
vn 0.014912 0.726171 -0.687353
vn 0.014912 0.726171 -0.687353
vn 0.014912 0.726171 -0.687353
vn 0.999667 -0.025307 -0.005051
vn 0.769484 -0.638654 -0.003967
vn 0.688976 -0.724775 -0.003572
vn 0.999667 -0.025307 -0.005051
vn 0.688976 -0.724775 -0.003572
vn 0.769484 -0.638654 -0.003967
vn -0.025308 -0.99968 0
vn -0.025308 -0.99968 0
vn 0.999667 -0.025307 -0.005052
vn 0.999667 -0.025307 -0.005052
vn 0.999667 -0.025307 -0.005052
vn 0.999667 -0.025307 -0.005052
vn -0.014912 -0.726171 0.687353
vn -0.014912 -0.726171 0.687353
vn -0.014912 -0.726171 0.687353
vn -0.014912 -0.726171 0.687353
vn -0.757392 0.652955 0.002667
vn -0.999024 0.044029 0.003395
vn -0.675283 0.737555 0.002401
vn -0.999024 0.044029 0.003395
vn 0.044032 0.99903 0
vn -0.675283 0.737555 0.002401
vn 0.044031 0.99903 0
vn -0.757392 0.652955 0.002667
vn -0.999024 0.04403 0.003396
vn -0.999024 0.04403 0.003396
vn -0.999024 0.04403 0.003396
vn -0.999024 0.04403 0.003396
vn 0.029648 0.725714 -0.687357
vn 0.029648 0.725714 -0.687357
vn 0.029648 0.725714 -0.687357
vn 0.029648 0.725714 -0.687357
vn 0.999024 -0.044029 -0.003395
vn 0.757392 -0.652955 -0.002667
vn 0.675283 -0.737555 -0.002401
vn 0.999024 -0.044029 -0.003395
vn 0.675283 -0.737555 -0.002401
vn -0.044031 -0.99903 0
vn -0.044031 -0.99903 0
vn 0.757392 -0.652955 -0.002667
vn 0.999024 -0.04403 -0.003396
vn 0.999024 -0.04403 -0.003396
vn 0.999024 -0.04403 -0.003396
vn 0.999024 -0.04403 -0.003396
vn -0.029648 -0.725714 0.687357
vn -0.029648 -0.725714 0.687357
vn -0.029648 -0.725714 0.687357
vn -0.029648 -0.725714 0.687357
vn -0.741308 0.671163 0.001539
vn -0.997664 0.068286 0.00196
vn -0.657168 0.753743 0.001386
vn -0.997664 0.068286 0.00196
vn 0.06829 0.997666 0
vn -0.657168 0.753743 0.001386
vn 0.06829 0.997666 0
vn -0.741308 0.671163 0.001539
vn -0.997664 0.068288 0.001962
vn -0.997664 0.068288 0.001962
vn -0.997664 0.068288 0.001962
vn -0.997664 0.068288 0.001962
vn 0.048257 0.724712 -0.68736
vn 0.048257 0.724712 -0.68736
vn 0.048257 0.724712 -0.68736
vn 0.048257 0.724712 -0.68736
vn 0.997664 -0.068286 -0.00196
vn 0.741308 -0.671163 -0.001539
vn 0.657168 -0.753743 -0.001386
vn 0.997664 -0.068286 -0.00196
vn 0.657168 -0.753743 -0.001386
vn -0.06829 -0.997666 0
vn -0.06829 -0.997666 0
vn 0.741308 -0.671163 -0.001539
vn 0.997664 -0.068288 -0.001962
vn 0.997664 -0.068288 -0.001962
vn 0.997664 -0.068288 -0.001962
vn 0.997664 -0.068288 -0.001962
vn -0.048257 -0.724712 0.68736
vn -0.048257 -0.724712 0.68736
vn -0.048257 -0.724712 0.68736
vn -0.048257 -0.724712 0.68736
vn -0.731902 0.68141 -0.00008
vn -0.996619 0.082158 -0.000102
vn -0.646623 0.76281 -0.000072
vn -0.996619 0.082158 -0.000102
vn 0.082157 0.996619 0
vn 0.082157 0.996619 0
vn -0.731902 0.68141 -0.00008
vn -0.646623 0.76281 -0.000072
vn -0.99662 0.082154 -0.0001
vn -0.99662 0.082154 -0.0001
vn -0.99662 0.082154 -0.0001
vn -0.99662 0.082154 -0.0001
vn 0.059741 0.723854 -0.687362
vn 0.059741 0.723854 -0.687362
vn 0.059741 0.723854 -0.687362
vn 0.059741 0.723854 -0.687362
vn 0.996619 -0.082158 0.000102
vn 0.731902 -0.68141 0.00008
vn 0.646623 -0.76281 0.000072
vn 0.996619 -0.082158 0.000102
vn 0.646623 -0.76281 0.000072
vn 0.731902 -0.68141 0.00008
vn -0.082157 -0.996619 0
vn -0.082157 -0.996619 0
vn 0.99662 -0.082154 0.0001
vn 0.99662 -0.082154 0.0001
vn 0.99662 -0.082154 0.0001
vn 0.99662 -0.082154 0.0001
vn -0.059741 -0.723854 0.687362
vn -0.059741 -0.723854 0.687362
vn -0.059741 -0.723854 0.687362
vn -0.059741 -0.723854 0.687362
vn -0.733789 0.67937 -0.003345
vn -0.996835 0.079382 -0.004259
vn -0.648736 0.761008 -0.003011
vn -0.996835 0.079382 -0.004259
vn 0.079386 0.996844 0
vn 0.079386 0.996844 0
vn -0.733789 0.67937 -0.003345
vn -0.648736 0.761008 -0.003011
vn -0.996835 0.079384 -0.004257
vn -0.996835 0.079384 -0.004257
vn -0.996835 0.079384 -0.004257
vn -0.996835 0.079384 -0.004257
vn 0.060577 0.723791 -0.687355
vn 0.060577 0.723791 -0.687355
vn 0.060577 0.723791 -0.687355
vn 0.060577 0.723791 -0.687355
vn 0.996835 -0.079382 0.004259
vn 0.733788 -0.67937 0.003345
vn 0.648736 -0.761008 0.003011
vn 0.996835 -0.079382 0.004259
vn 0.648736 -0.761008 0.003011
vn 0.733788 -0.67937 0.003345
vn -0.079386 -0.996844 0
vn -0.079386 -0.996844 0
vn 0.996835 -0.079384 0.004257
vn 0.996835 -0.079384 0.004257
vn 0.996835 -0.079384 0.004257
vn 0.996835 -0.079384 0.004257
vn -0.060577 -0.723791 0.687355
vn -0.060577 -0.723791 0.687355
vn -0.060577 -0.723791 0.687355
vn -0.060577 -0.723791 0.687355
vn -0.729757 0.683689 -0.004844
vn -0.996339 0.085265 -0.006167
vn -0.644225 0.764824 -0.004361
vn -0.996339 0.085265 -0.006167
vn 0.085269 0.996358 0
vn 0.085269 0.996358 0
vn -0.729757 0.683689 -0.004844
vn -0.644225 0.764824 -0.004361
vn -0.996339 0.085262 -0.006166
vn -0.996339 0.085262 -0.006166
vn -0.996339 0.085262 -0.006166
vn -0.996339 0.085262 -0.006166
vn 0.066156 0.723309 -0.687348
vn 0.066156 0.723309 -0.687348
vn 0.066156 0.723309 -0.687348
vn 0.066156 0.723309 -0.687348
vn 0.996339 -0.085265 0.006167
vn 0.729757 -0.683689 0.004844
vn 0.644225 -0.764824 0.004361
vn 0.996339 -0.085265 0.006167
vn 0.644225 -0.764824 0.004361
vn 0.729757 -0.683689 0.004844
vn -0.085269 -0.996358 0
vn -0.085269 -0.996358 0
vn 0.996339 -0.085262 0.006166
vn 0.996339 -0.085262 0.006166
vn 0.996339 -0.085262 0.006166
vn 0.996339 -0.085262 0.006166
vn -0.066156 -0.723309 0.687348
vn -0.066156 -0.723309 0.687348
vn -0.066156 -0.723309 0.687348
vn -0.066156 -0.723309 0.687348
vn -0.707968 0.706245 -0.000195
vn -0.993193 0.116477 -0.000248
vn -0.619931 0.784656 -0.000175
vn -0.993193 0.116477 -0.000248
vn 0.11648 0.993193 0
vn 0.11648 0.993193 0
vn -0.707968 0.706245 -0.000195
vn -0.619931 0.784656 -0.000175
vn -0.993193 0.116481 -0.000248
vn -0.993193 0.116481 -0.000248
vn -0.993193 0.116481 -0.000248
vn -0.993193 0.116481 -0.000248
vn 0.084769 0.721352 -0.687362
vn 0.084769 0.721352 -0.687362
vn 0.084769 0.721352 -0.687362
vn 0.084769 0.721352 -0.687362
vn 0.993193 -0.116477 0.000248
vn 0.707968 -0.706245 0.000195
vn 0.619931 -0.784656 0.000175
vn 0.993193 -0.116477 0.000248
vn 0.619931 -0.784656 0.000175
vn 0.707968 -0.706245 0.000195
vn -0.11648 -0.993193 0
vn -0.11648 -0.993193 0
vn 0.993193 -0.116481 0.000248
vn 0.993193 -0.116481 0.000248
vn 0.993193 -0.116481 0.000248
vn 0.993193 -0.116481 0.000248
vn -0.084769 -0.721352 0.687362
vn -0.084769 -0.721352 0.687362
vn -0.084769 -0.721352 0.687362
vn -0.084769 -0.721352 0.687362
vn -0.67269 0.739859 0.009841
vn -0.986268 0.164674 0.01253
vn -0.580948 0.813893 0.00886
vn -0.986268 0.164674 0.01253
vn 0.164682 0.986347 0
vn -0.580948 0.813893 0.00886
vn 0.164682 0.986347 0
vn -0.67269 0.739859 0.009841
vn -0.986269 0.16467 0.01253
vn -0.986269 0.16467 0.01253
vn -0.986269 0.16467 0.01253
vn -0.986269 0.16467 0.01253
vn 0.111118 0.717817 -0.687307
vn 0.111118 0.717817 -0.687307
vn 0.111118 0.717817 -0.687307
vn 0.111118 0.717817 -0.687307
vn 0.986268 -0.164674 -0.01253
vn 0.67269 -0.739859 -0.009841
vn 0.580948 -0.813893 -0.00886
vn 0.986268 -0.164674 -0.01253
vn 0.580948 -0.813893 -0.00886
vn -0.164682 -0.986347 0
vn -0.164682 -0.986347 0
vn 0.67269 -0.739859 -0.009841
vn 0.986269 -0.16467 -0.01253
vn 0.986269 -0.16467 -0.01253
vn 0.986269 -0.16467 -0.01253
vn 0.986269 -0.16467 -0.01253
vn -0.111118 -0.717817 0.687307
vn -0.111118 -0.717817 0.687307
vn -0.111118 -0.717817 0.687307
vn -0.111118 -0.717817 0.687307
vn -0.668871 0.743379 0.000142
vn -0.985472 0.16984 0.000181
vn -0.576735 0.816931 0.000128
vn -0.985472 0.16984 0.000181
vn 0.169848 0.98547 0
vn -0.576735 0.816931 0.000128
vn 0.169848 0.98547 0
vn -0.668871 0.743379 0.000142
vn -0.985471 0.169845 0.000185
vn -0.985471 0.169845 0.000185
vn -0.985471 0.169845 0.000185
vn -0.985471 0.169845 0.000185
vn 0.12324 0.715783 -0.687362
vn 0.12324 0.715784 -0.687361
vn 0.12324 0.715784 -0.687361
vn 0.12324 0.715783 -0.687362
vn 0.985472 -0.16984 -0.000181
vn 0.668871 -0.743379 -0.000142
vn 0.576735 -0.816931 -0.000128
vn 0.985472 -0.16984 -0.000181
vn 0.576735 -0.816931 -0.000128
vn -0.169848 -0.98547 0
vn -0.169848 -0.98547 0
vn 0.668871 -0.743379 -0.000142
vn 0.985471 -0.169845 -0.000185
vn 0.985471 -0.169845 -0.000185
vn 0.985471 -0.169845 -0.000185
vn 0.985471 -0.169845 -0.000185
vn -0.12324 -0.715784 0.687361
vn -0.12324 -0.715783 0.687362
vn -0.12324 -0.715784 0.687361
vn -0.12324 -0.715783 0.687362
vn -0.670856 0.741496 -0.011667
vn -0.985832 0.167075 -0.014855
vn -0.578935 0.815306 -0.010504
vn -0.985832 0.167075 -0.014855
vn 0.167095 0.985941 0
vn 0.167095 0.985941 0
vn -0.670856 0.741496 -0.011667
vn -0.578935 0.815306 -0.010504
vn -0.985831 0.167083 -0.014855
vn -0.985831 0.167083 -0.014855
vn -0.985831 0.167083 -0.014855
vn -0.985831 0.167083 -0.014855
vn 0.131436 0.714397 -0.687285
vn 0.131436 0.714397 -0.687285
vn 0.131436 0.714397 -0.687285
vn 0.131436 0.714397 -0.687285
vn 0.985832 -0.167075 0.014855
vn 0.670856 -0.741496 0.011667
vn 0.578935 -0.815306 0.010504
vn 0.985832 -0.167075 0.014855
vn 0.578935 -0.815306 0.010504
vn 0.670856 -0.741496 0.011667
vn -0.167095 -0.985941 0
vn -0.167095 -0.985941 0
vn 0.985831 -0.167083 0.014855
vn 0.985831 -0.167083 0.014855
vn 0.985831 -0.167083 0.014855
vn 0.985831 -0.167083 0.014855
vn -0.131436 -0.714397 0.687285
vn -0.131436 -0.714397 0.687285
vn -0.131436 -0.714397 0.687285
vn -0.131436 -0.714397 0.687285
vn -0.664519 0.747143 -0.013832
vn -0.984338 0.175409 -0.017611
vn -0.571981 0.820172 -0.012453
vn -0.984338 0.175409 -0.017611
vn 0.175434 0.984491 0
vn 0.175434 0.984491 0
vn -0.664519 0.747143 -0.013832
vn -0.571981 0.820172 -0.012453
vn -0.984337 0.175414 -0.017617
vn -0.984337 0.175414 -0.017617
vn -0.984337 0.175414 -0.017617
vn -0.984337 0.175414 -0.017617
vn 0.139337 0.712927 -0.687256
vn 0.139337 0.712927 -0.687256
vn 0.139337 0.712927 -0.687255
vn 0.139337 0.712927 -0.687256
vn 0.984338 -0.175409 0.017611
vn 0.664519 -0.747143 0.013832
vn 0.571981 -0.820172 0.012453
vn 0.984338 -0.175409 0.017611
vn 0.571981 -0.820172 0.012453
vn 0.664519 -0.747143 0.013832
vn -0.175434 -0.984491 0
vn -0.175434 -0.984491 0
vn 0.984337 -0.175414 0.017617
vn 0.984337 -0.175414 0.017617
vn 0.984337 -0.175414 0.017617
vn 0.984337 -0.175414 0.017617
vn -0.139337 -0.712927 0.687256
vn -0.139337 -0.712927 0.687256
vn -0.139337 -0.712927 0.687255
vn -0.139337 -0.712927 0.687256
vn -0.647524 0.761962 -0.011255
vn -0.980179 0.197594 -0.014331
vn -0.553354 0.832884 -0.010133
vn -0.980179 0.197594 -0.014331
vn 0.197621 0.980279 0
vn 0.197621 0.980279 0
vn -0.647524 0.761962 -0.011255
vn -0.553354 0.832884 -0.010133
vn -0.980179 0.197594 -0.01433
vn -0.980179 0.197594 -0.01433
vn -0.980179 0.197594 -0.01433
vn -0.980179 0.197594 -0.01433
vn 0.153188 0.710046 -0.68729
vn 0.153188 0.710046 -0.68729
vn 0.153188 0.710046 -0.68729
vn 0.153188 0.710046 -0.68729
vn 0.980179 -0.197594 0.014331
vn 0.647524 -0.761962 0.011255
vn 0.553354 -0.832884 0.010133
vn 0.980179 -0.197594 0.014331
vn 0.553354 -0.832884 0.010133
vn 0.647524 -0.761962 0.011255
vn -0.197621 -0.980279 0
vn -0.197621 -0.980279 0
vn 0.980179 -0.197594 0.01433
vn 0.980179 -0.197594 0.01433
vn 0.980179 -0.197594 0.01433
vn 0.980179 -0.197594 0.01433
vn -0.153188 -0.710046 0.68729
vn -0.153188 -0.710046 0.68729
vn -0.153188 -0.710046 0.68729
vn -0.153188 -0.710046 0.68729
vn -0.607096 0.794554 -0.010895
vn -0.968603 0.248224 -0.013872
vn -0.509372 0.860491 -0.009809
vn -0.968603 0.248224 -0.013872
vn 0.248239 0.968699 0
vn 0.248239 0.968699 0
vn -0.607096 0.794554 -0.010895
vn -0.509372 0.860491 -0.009809
vn -0.968604 0.248221 -0.013871
vn -0.968604 0.248221 -0.013871
vn -0.968604 0.248221 -0.013871
vn -0.968604 0.248221 -0.013871
vn 0.189538 0.701213 -0.687296
vn 0.189538 0.701213 -0.687296
vn 0.189538 0.701213 -0.687296
vn 0.189538 0.701213 -0.687296
vn 0.968603 -0.248224 0.013872
vn 0.607096 -0.794554 0.010895
vn 0.509372 -0.860491 0.009809
vn 0.968603 -0.248224 0.013872
vn 0.509372 -0.860491 0.009809
vn 0.607096 -0.794554 0.010895
vn -0.248239 -0.968699 0
vn -0.248239 -0.968699 0
vn 0.968604 -0.248221 0.013871
vn 0.968604 -0.248221 0.013871
vn 0.968604 -0.248221 0.013871
vn 0.968604 -0.248221 0.013871
vn -0.189538 -0.701213 0.687296
vn -0.189538 -0.701213 0.687296
vn -0.189538 -0.701213 0.687296
vn -0.189538 -0.701213 0.687296
f 1/1/1 3/3/3 2/2/2
f 2/2/2 4/4/4 1/1/1
f 5/5/5 7/7/7 6/6/6
f 7/7/7 5/5/5 8/8/8
f 9/9/9 11/11/11 10/10/10
f 10/10/10 12/12/12 9/9/9
f 13/13/13 15/15/15 14/14/14
f 15/15/15 16/16/16 14/14/14
f 17/17/17 19/19/19 18/18/18
f 18/18/18 20/20/20 17/17/17
f 21/21/21 23/23/23 22/22/22
f 23/23/23 24/24/24 22/22/22
f 25/25/25 27/27/27 26/26/26
f 26/26/26 28/28/28 25/25/25
f 29/29/29 31/31/31 30/30/30
f 31/31/31 29/29/29 32/32/32
f 33/33/33 35/35/35 34/34/34
f 34/34/34 36/36/36 33/33/33
f 37/37/37 39/39/39 38/38/38
f 39/39/39 37/37/37 40/40/40
f 41/41/41 43/43/43 42/42/42
f 42/42/42 44/44/44 41/41/41
f 45/45/45 47/47/47 46/46/46
f 46/46/46 48/48/48 45/45/45
f 49/49/49 51/51/51 50/50/50
f 50/50/50 52/52/52 49/49/49
f 53/53/53 55/55/55 54/54/54
f 55/55/55 56/56/56 54/54/54
f 57/57/57 59/59/59 58/58/58
f 58/58/58 60/60/60 57/57/57
f 61/61/61 63/63/63 62/62/62
f 62/62/62 64/64/64 61/61/61
f 65/65/65 67/67/67 66/66/66
f 66/66/66 68/68/68 65/65/65
f 69/69/69 71/71/71 70/70/70
f 70/70/70 72/72/72 69/69/69
f 73/73/73 75/75/75 74/74/74
f 74/74/74 76/76/76 73/73/73
f 77/77/77 79/79/79 78/78/78
f 78/78/78 80/80/80 77/77/77
f 81/81/81 83/83/83 82/82/82
f 82/82/82 84/84/84 81/81/81
f 85/85/85 87/87/87 86/86/86
f 86/86/86 88/88/88 85/85/85
f 89/89/89 91/91/91 90/90/90
f 90/90/90 92/92/92 89/89/89
f 93/93/93 95/95/95 94/94/94
f 94/94/94 96/96/96 93/93/93
f 97/97/97 99/99/99 98/98/98
f 98/98/98 100/100/100 97/97/97
f 101/101/101 103/103/103 102/102/102
f 102/102/102 104/104/104 101/101/101
f 105/105/105 107/107/107 106/106/106
f 106/106/106 108/108/108 105/105/105
f 109/109/109 111/111/111 110/110/110
f 110/110/110 112/112/112 109/109/109
f 113/113/113 115/115/115 114/114/114
f 114/114/114 116/116/116 113/113/113
f 117/117/117 119/119/119 118/118/118
f 118/118/118 120/120/120 117/117/117
f 121/121/121 123/123/123 122/122/122
f 122/122/122 124/124/124 121/121/121
f 125/125/125 127/127/127 126/126/126
f 126/126/126 128/128/128 125/125/125
f 129/129/129 131/131/131 130/130/130
f 130/130/130 132/132/132 129/129/129
f 133/133/133 135/135/135 134/134/134
f 135/135/135 133/133/133 136/136/136
f 137/137/137 139/139/139 138/138/138
f 138/138/138 140/140/140 137/137/137
f 141/141/141 143/143/143 142/142/142
f 142/142/142 144/144/144 141/141/141
f 145/145/145 147/147/147 146/146/146
f 146/146/146 148/148/148 145/145/145
f 149/149/149 151/151/151 150/150/150
f 151/151/151 152/152/152 150/150/150
f 153/153/153 155/155/155 154/154/154
f 154/154/154 156/156/156 153/153/153
f 157/157/157 159/159/159 158/158/158
f 158/158/158 160/160/160 157/157/157
f 161/161/161 163/163/163 162/162/162
f 162/162/162 164/164/164 161/161/161
f 165/165/165 167/167/167 166/166/166
f 167/167/167 165/165/165 168/168/168
f 169/169/169 171/171/171 170/170/170
f 170/170/170 172/172/172 169/169/169
f 173/173/173 175/175/175 174/174/174
f 174/174/174 176/176/176 173/173/173
f 177/177/177 179/179/179 178/178/178
f 178/178/178 180/180/180 177/177/177
f 181/181/181 183/183/183 182/182/182
f 183/183/183 184/184/184 182/182/182
f 185/185/185 187/187/187 186/186/186
f 186/186/186 188/188/188 185/185/185
f 189/189/189 191/191/191 190/190/190
f 190/190/190 192/192/192 189/189/189
f 193/193/193 195/195/195 194/194/194
f 194/194/194 196/196/196 193/193/193
f 197/197/197 199/199/199 198/198/198
f 199/199/199 197/197/197 200/200/200
f 201/201/201 203/203/203 202/202/202
f 202/202/202 204/204/204 201/201/201
f 205/205/205 207/207/207 206/206/206
f 206/206/206 208/208/208 205/205/205
f 209/209/209 211/211/211 210/210/210
f 210/210/210 212/212/212 209/209/209
f 213/213/213 215/215/215 214/214/214
f 215/215/215 216/216/216 214/214/214
f 217/217/217 219/219/219 218/218/218
f 218/218/218 220/220/220 217/217/217
f 221/221/221 223/223/223 222/222/222
f 222/222/222 224/224/224 221/221/221
f 225/225/225 227/227/227 226/226/226
f 226/226/226 228/228/228 225/225/225
f 229/229/229 231/231/231 230/230/230
f 231/231/231 229/229/229 232/232/232
f 233/233/233 235/235/235 234/234/234
f 234/234/234 236/236/236 233/233/233
f 237/237/237 239/239/239 238/238/238
f 238/238/238 240/240/240 237/237/237
f 241/241/241 243/243/243 242/242/242
f 242/242/242 244/244/244 241/241/241
f 245/245/245 247/247/247 246/246/246
f 247/247/247 248/248/248 246/246/246
f 249/249/249 251/251/251 250/250/250
f 250/250/250 252/252/252 249/249/249
f 253/253/253 255/255/255 254/254/254
f 254/254/254 256/256/256 253/253/253
f 257/257/257 259/259/259 258/258/258
f 258/258/258 260/260/260 257/257/257
f 261/261/261 263/263/263 262/262/262
f 262/262/262 264/264/264 261/261/261
f 265/265/265 267/267/267 266/266/266
f 266/266/266 268/268/268 265/265/265
f 269/269/269 271/271/271 270/270/270
f 270/270/270 272/272/272 269/269/269
f 273/273/273 275/275/275 274/274/274
f 274/274/274 276/276/276 273/273/273
f 277/277/277 279/279/279 278/278/278
f 278/278/278 280/280/280 277/277/277
f 281/281/281 283/283/283 282/282/282
f 282/282/282 284/284/284 281/281/281
f 285/285/285 287/287/287 286/286/286
f 286/286/286 288/288/288 285/285/285
f 289/289/289 291/291/291 290/290/290
f 290/290/290 292/292/292 289/289/289
f 293/293/293 295/295/295 294/294/294
f 294/294/294 296/296/296 293/293/293
f 297/297/297 299/299/299 298/298/298
f 298/298/298 300/300/300 297/297/297
f 301/301/301 303/303/303 302/302/302
f 302/302/302 304/304/304 301/301/301
f 305/305/305 307/307/307 306/306/306
f 306/306/306 308/308/308 305/305/305
f 309/309/309 311/311/311 310/310/310
f 310/310/310 312/312/312 309/309/309
f 313/313/313 315/315/315 314/314/314
f 314/314/314 316/316/316 313/313/313
f 317/317/317 319/319/319 318/318/318
f 318/318/318 320/320/320 317/317/317
f 321/321/321 323/323/323 322/322/322
f 322/322/322 324/324/324 321/321/321
f 325/325/325 327/327/327 326/326/326
f 327/327/327 325/325/325 328/328/328
f 329/329/329 331/331/331 330/330/330
f 330/330/330 332/332/332 329/329/329
f 333/333/333 335/335/335 334/334/334
f 334/334/334 336/336/336 333/333/333
f 337/337/337 339/339/339 338/338/338
f 338/338/338 340/340/340 337/337/337
f 341/341/341 343/343/343 342/342/342
f 343/343/343 344/344/344 342/342/342
f 345/345/345 347/347/347 346/346/346
f 346/346/346 348/348/348 345/345/345
f 349/349/349 351/351/351 350/350/350
f 350/350/350 352/352/352 349/349/349
f 353/353/353 355/355/355 354/354/354
f 354/354/354 356/356/356 353/353/353
f 357/357/357 359/359/359 358/358/358
f 359/359/359 357/357/357 360/360/360
f 361/361/361 363/363/363 362/362/362
f 362/362/362 364/364/364 361/361/361
f 365/365/365 367/367/367 366/366/366
f 366/366/366 368/368/368 365/365/365
f 369/369/369 371/371/371 370/370/370
f 370/370/370 372/372/372 369/369/369
f 373/373/373 375/375/375 374/374/374
f 375/375/375 376/376/376 374/374/374
f 377/377/377 379/379/379 378/378/378
f 378/378/378 380/380/380 377/377/377
f 381/381/381 383/383/383 382/382/382
f 382/382/382 384/384/384 381/381/381
f 385/385/385 387/387/387 386/386/386
f 386/386/386 388/388/388 385/385/385
f 389/389/389 391/391/391 390/390/390
f 391/391/391 389/389/389 392/392/392
f 393/393/393 395/395/395 394/394/394
f 394/394/394 396/396/396 393/393/393
f 397/397/397 399/399/399 398/398/398
f 398/398/398 400/400/400 397/397/397
f 401/401/401 403/403/403 402/402/402
f 402/402/402 404/404/404 401/401/401
f 405/405/405 407/407/407 406/406/406
f 407/407/407 408/408/408 406/406/406
f 409/409/409 411/411/411 410/410/410
f 410/410/410 412/412/412 409/409/409
f 413/413/413 415/415/415 414/414/414
f 414/414/414 416/416/416 413/413/413
f 417/417/417 419/419/419 418/418/418
f 418/418/418 420/420/420 417/417/417
f 421/421/421 423/423/423 422/422/422
f 423/423/423 421/421/421 424/424/424
f 425/425/425 427/427/427 426/426/426
f 426/426/426 428/428/428 425/425/425
f 429/429/429 431/431/431 430/430/430
f 430/430/430 432/432/432 429/429/429
f 433/433/433 435/435/435 434/434/434
f 434/434/434 436/436/436 433/433/433
f 437/437/437 439/439/439 438/438/438
f 439/439/439 440/440/440 438/438/438
f 441/441/441 443/443/443 442/442/442
f 442/442/442 444/444/444 441/441/441
f 445/445/445 447/447/447 446/446/446
f 446/446/446 448/448/448 445/445/445
o lay_b_posts_1
usemtl material_0
v -27610.388184 44948.156738 1544.582558
v -27617.425537 44935.205078 1226.178551
v -27608.331299 44946.499634 1226.178646
v -27619.525146 44936.895752 1551.09911
v -27603.659058 44942.736816 1226.228333
v -27605.715942 44944.390869 1544.632339
v -27610.388184 44948.156738 1544.582558
v -27608.331299 44946.499634 1226.178646
v -27591.543579 44971.981812 1576.678753
v -27619.525146 44936.895752 1551.09911
v -27610.388184 44948.156738 1544.582558
v -27598.446655 44963.543701 1586.97691
v -27586.871338 44968.218994 1576.728439
v -27610.388184 44948.156738 1544.582558
v -27605.715942 44944.390869 1544.632339
v -27591.543579 44971.981812 1576.678753
v -27617.425537 44935.205078 1226.178551
v -27610.388184 44948.156738 1544.582558
v -27608.331299 44946.499634 1226.178646
v -27619.525146 44936.895752 1551.09911
v -27608.331299 44946.499634 1226.178646
v -27610.388184 44948.156738 1544.582558
v -27603.659058 44942.736816 1226.228333
v -27605.715942 44944.390869 1544.632339
v -27591.543579 44971.981812 1576.678753
v -27610.388184 44948.156738 1544.582558
v -27619.525146 44936.895752 1551.09911
v -27598.446655 44963.543701 1586.97691
v -27586.871338 44968.218994 1576.728439
v -27605.715942 44944.390869 1544.632339
v -27610.388184 44948.156738 1544.582558
v -27591.543579 44971.981812 1576.678753
v -27885.336304 45151.412964 1543.328857
v -27889.627075 45136.663818 1224.954128
v -27881.207275 45148.471069 1224.954128
v -27893.841553 45139.666748 1549.844742
v -27876.324463 45144.989014 1225.049686
v -27880.450439 45147.930908 1543.424225
v -27885.336304 45151.412964 1543.328857
v -27881.207275 45148.471069 1224.954128
v -27868.115234 45176.44043 1575.422001
v -27893.841553 45139.666748 1549.844742
v -27885.336304 45151.412964 1543.328857
v -27874.578857 45167.660522 1585.719204
v -27863.22937 45172.958374 1575.517368
v -27885.336304 45151.412964 1543.328857
v -27880.450439 45147.930908 1543.424225
v -27868.115234 45176.44043 1575.422001
v -27889.627075 45136.663818 1224.954128
v -27885.336304 45151.412964 1543.328857
v -27881.207275 45148.471069 1224.954128
v -27893.841553 45139.666748 1549.844742
v -27881.207275 45148.471069 1224.954128
v -27885.336304 45151.412964 1543.328857
v -27876.324463 45144.989014 1225.049686
v -27880.450439 45147.930908 1543.424225
v -27868.115234 45176.44043 1575.422001
v -27885.336304 45151.412964 1543.328857
v -27893.841553 45139.666748 1549.844742
v -27874.578857 45167.660522 1585.719204
v -27863.22937 45172.958374 1575.517368
v -27880.450439 45147.930908 1543.424225
v -27885.336304 45151.412964 1543.328857
v -27868.115234 45176.44043 1575.422001
v -28152.792358 45338.186646 1547.555447
v -28168.313599 45331.314087 1229.262733
v -28160.040283 45343.222046 1229.262733
v -28160.919189 45326.177979 1554.06971
v -28147.869873 45334.765625 1547.389221
v -28160.040283 45343.222046 1229.262733
v -28155.114746 45339.801025 1229.096508
v -28152.792358 45338.186646 1547.555447
v -28134.732056 45362.625122 1579.640293
v -28160.919189 45326.177979 1554.06971
v -28152.792358 45338.186646 1547.555447
v -28140.716553 45353.509521 1589.934921
v -28147.869873 45334.765625 1547.389221
v -28134.732056 45362.625122 1579.640293
v -28152.792358 45338.186646 1547.555447
v -28129.806519 45359.204102 1579.474068
v -28168.313599 45331.314087 1229.262733
v -28152.792358 45338.186646 1547.555447
v -28160.040283 45343.222046 1229.262733
v -28160.919189 45326.177979 1554.06971
v -28147.869873 45334.765625 1547.389221
v -28160.040283 45343.222046 1229.262733
v -28152.792358 45338.186646 1547.555447
v -28155.114746 45339.801025 1229.096508
v -28134.732056 45362.625122 1579.640293
v -28152.792358 45338.186646 1547.555447
v -28160.919189 45326.177979 1554.06971
v -28140.716553 45353.509521 1589.934921
v -28147.869873 45334.765625 1547.389221
v -28134.732056 45362.625122 1579.640293
v -28129.806519 45359.204102 1579.474068
v -28152.792358 45338.186646 1547.555447
v -28430.731201 45531.546021 1557.894897
v -28447.427368 45525.494385 1239.644909
v -28439.147949 45537.399292 1239.645004
v -28438.839722 45519.522095 1564.408207
v -28425.808716 45528.121948 1557.701683
v -28439.147949 45537.399292 1239.645004
v -28434.222412 45533.97522 1239.45179
v -28430.731201 45531.546021 1557.894897
v -28412.536621 45555.892944 1589.975452
v -28438.839722 45519.522095 1564.408207
v -28430.731201 45531.546021 1557.894897
v -28418.490601 45546.75293 1600.268745
v -28425.808716 45528.121948 1557.701683
v -28412.536621 45555.892944 1589.975452
v -28430.731201 45531.546021 1557.894897
v -28407.617188 45552.468872 1589.782238
v -28447.427368 45525.494385 1239.644909
v -28430.731201 45531.546021 1557.894897
v -28439.147949 45537.399292 1239.645004
v -28438.839722 45519.522095 1564.408207
v -28425.808716 45528.121948 1557.701683
v -28439.147949 45537.399292 1239.645004
v -28430.731201 45531.546021 1557.894897
v -28434.222412 45533.97522 1239.45179
v -28412.536621 45555.892944 1589.975452
v -28430.731201 45531.546021 1557.894897
v -28438.839722 45519.522095 1564.408207
v -28418.490601 45546.75293 1600.268745
v -28425.808716 45528.121948 1557.701683
v -28412.536621 45555.892944 1589.975452
v -28407.617188 45552.468872 1589.782238
v -28430.731201 45531.546021 1557.894897
v -28709.014893 45724.749756 1569.149113
v -28726.184082 45719.000244 1250.918961
v -28717.932129 45730.923462 1250.918961
v -28717.086792 45712.701416 1575.662041
v -28704.083252 45721.337891 1568.94474
v -28717.932129 45730.923462 1250.918961
v -28713.000488 45727.511597 1250.714588
v -28709.014893 45724.749756 1569.149113
v -28690.826416 45749.102783 1601.22776
v -28717.086792 45712.701416 1575.662041
v -28709.014893 45724.749756 1569.149113
v -28696.743774 45739.941406 1611.520386
v -28704.083252 45721.337891 1568.94474
v -28690.826416 45749.102783 1601.22776
v -28709.014893 45724.749756 1569.149113
v -28685.894775 45745.690918 1601.023293
v -28726.184082 45719.000244 1250.918961
v -28709.014893 45724.749756 1569.149113
v -28717.932129 45730.923462 1250.918961
v -28717.086792 45712.701416 1575.662041
v -28704.083252 45721.337891 1568.94474
v -28717.932129 45730.923462 1250.918961
v -28709.014893 45724.749756 1569.149113
v -28713.000488 45727.511597 1250.714588
v -28690.826416 45749.102783 1601.22776
v -28709.014893 45724.749756 1569.149113
v -28717.086792 45712.701416 1575.662041
v -28696.743774 45739.941406 1611.520386
v -28704.083252 45721.337891 1568.94474
v -28690.826416 45749.102783 1601.22776
v -28685.894775 45745.690918 1601.023293
v -28709.014893 45724.749756 1569.149113
v -28988.433838 45917.41333 1581.008625
v -29006.036377 45911.898804 1262.798023
v -28997.839355 45923.861694 1262.797928
v -28996.44165 45905.322266 1587.521172
v -28983.48999 45914.025879 1580.793762
v -28997.839355 45923.861694 1262.797928
v -28992.895508 45920.471191 1262.58316
v -28988.433838 45917.41333 1581.008625
v -28970.315552 45941.821289 1613.085175
v -28996.44165 45905.322266 1587.521172
v -28988.433838 45917.41333 1581.008625
v -28976.171875 45932.620239 1623.377228
v -28983.48999 45914.025879 1580.793762
v -28970.315552 45941.821289 1613.085175
v -28988.433838 45917.41333 1581.008625
v -28965.368652 45938.430786 1612.870407
v -29006.036377 45911.898804 1262.798023
v -28988.433838 45917.41333 1581.008625
v -28997.839355 45923.861694 1262.797928
v -28996.44165 45905.322266 1587.521172
v -28983.48999 45914.025879 1580.793762
v -28997.839355 45923.861694 1262.797928
v -28988.433838 45917.41333 1581.008625
v -28992.895508 45920.471191 1262.58316
v -28970.315552 45941.821289 1613.085175
v -28988.433838 45917.41333 1581.008625
v -28996.44165 45905.322266 1587.521172
v -28976.171875 45932.620239 1623.377228
v -28983.48999 45914.025879 1580.793762
v -28970.315552 45941.821289 1613.085175
v -28965.368652 45938.430786 1612.870407
v -28988.433838 45917.41333 1581.008625
v -29268.637085 46107.357788 1593.715763
v -29287.353516 46102.429199 1275.559044
v -29279.296875 46114.483643 1275.559044
v -29276.477051 46095.159912 1600.227165
v -29263.653564 46104.02832 1593.474197
v -29279.296875 46114.483643 1275.559044
v -29274.310303 46111.154175 1275.317383
v -29268.637085 46107.357788 1593.715763
v -29250.680542 46131.893921 1625.786972
v -29276.477051 46095.159912 1600.227165
v -29268.637085 46107.357788 1593.715763
v -29256.390381 46122.601318 1636.077118
v -29263.653564 46104.02832 1593.474197
v -29250.680542 46131.893921 1625.786972
v -29268.637085 46107.357788 1593.715763
v -29245.697021 46128.561401 1625.545311
v -29287.353516 46102.429199 1275.559044
v -29268.637085 46107.357788 1593.715763
v -29279.296875 46114.483643 1275.559044
v -29276.477051 46095.159912 1600.227165
v -29263.653564 46104.02832 1593.474197
v -29279.296875 46114.483643 1275.559044
v -29268.637085 46107.357788 1593.715763
v -29274.310303 46111.154175 1275.317383
v -29250.680542 46131.893921 1625.786972
v -29268.637085 46107.357788 1593.715763
v -29276.477051 46095.159912 1600.227165
v -29256.390381 46122.601318 1636.077118
v -29263.653564 46104.02832 1593.474197
v -29250.680542 46131.893921 1625.786972
v -29245.697021 46128.561401 1625.545311
v -29268.637085 46107.357788 1593.715763
v -29550.836182 46293.618774 1608.39901
v -29570.932007 46289.39209 1290.3162
v -29563.024902 46301.547241 1290.316296
v -29558.496094 46281.30188 1614.908981
v -29545.812988 46290.350342 1608.125114
v -29563.024902 46301.547241 1290.316296
v -29558.001709 46298.278809 1290.042305
v -29550.836182 46293.618774 1608.39901
v -29550.836182 46293.618774 1608.39901
v -29538.595581 46308.886719 1650.750732
v -29558.496094 46281.30188 1614.908981
v -29533.044434 46318.283081 1640.462875
v -29545.812988 46290.350342 1608.125114
v -29533.044434 46318.283081 1640.462875
v -29550.836182 46293.618774 1608.39901
v -29528.02124 46315.014648 1640.18898
v -29570.932007 46289.39209 1290.3162
v -29550.836182 46293.618774 1608.39901
v -29563.024902 46301.547241 1290.316296
v -29558.496094 46281.30188 1614.908981
v -29545.812988 46290.350342 1608.125114
v -29563.024902 46301.547241 1290.316296
v -29550.836182 46293.618774 1608.39901
v -29558.001709 46298.278809 1290.042305
v -29550.836182 46293.618774 1608.39901
v -29538.595581 46308.886719 1650.750732
v -29533.044434 46318.283081 1640.462875
v -29558.496094 46281.30188 1614.908981
v -29545.812988 46290.350342 1608.125114
v -29533.044434 46318.283081 1640.462875
v -29528.02124 46315.014648 1640.18898
v -29550.836182 46293.618774 1608.39901
v -29836.523438 46477.62146 1623.855972
v -29856.063843 46472.900391 1305.745697
v -29848.260498 46485.119629 1305.745697
v -29844.091797 46465.246582 1630.366516
v -29831.472778 46474.3927 1623.593521
v -29848.260498 46485.119629 1305.745697
v -29843.206787 46481.890869 1305.483341
v -29836.523438 46477.62146 1623.855972
v -29836.523438 46477.62146 1623.855972
v -29824.475098 46493.032837 1666.211128
v -29844.091797 46465.246582 1630.366516
v -29818.988037 46502.459717 1655.922508
v -29831.472778 46474.3927 1623.593521
v -29818.988037 46502.459717 1655.922508
v -29836.523438 46477.62146 1623.855972
v -29813.934326 46499.234009 1655.660057
v -29856.063843 46472.900391 1305.745697
v -29836.523438 46477.62146 1623.855972
v -29848.260498 46485.119629 1305.745697
v -29844.091797 46465.246582 1630.366516
v -29831.472778 46474.3927 1623.593521
v -29848.260498 46485.119629 1305.745697
v -29836.523438 46477.62146 1623.855972
v -29843.206787 46481.890869 1305.483341
v -29836.523438 46477.62146 1623.855972
v -29824.475098 46493.032837 1666.211128
v -29818.988037 46502.459717 1655.922508
v -29844.091797 46465.246582 1630.366516
v -29831.472778 46474.3927 1623.593521
v -29818.988037 46502.459717 1655.922508
v -29813.934326 46499.234009 1655.660057
v -29836.523438 46477.62146 1623.855972
v -30124.423218 46660.375977 1637.976265
v -30142.965698 46654.888916 1319.818497
v -30135.26001 46667.172241 1319.818401
v -30131.906128 46647.952271 1644.487762
v -30119.345093 46657.189941 1637.735367
v -30135.26001 46667.172241 1319.818401
v -30130.178833 46663.986206 1319.577408
v -30124.423218 46660.375977 1637.976265
v -30124.423218 46660.375977 1637.976265
v -30112.631226 46675.967407 1680.337906
v -30131.906128 46647.952271 1644.487762
v -30107.18689 46685.421753 1670.047569
v -30119.345093 46657.189941 1637.735367
v -30107.18689 46685.421753 1670.047569
v -30124.423218 46660.375977 1637.976265
v -30102.111816 46682.235718 1669.80648
v -30142.965698 46654.888916 1319.818497
v -30124.423218 46660.375977 1637.976265
v -30135.26001 46667.172241 1319.818401
v -30131.906128 46647.952271 1644.487762
v -30119.345093 46657.189941 1637.735367
v -30135.26001 46667.172241 1319.818401
v -30124.423218 46660.375977 1637.976265
v -30130.178833 46663.986206 1319.577408
v -30124.423218 46660.375977 1637.976265
v -30112.631226 46675.967407 1680.337906
v -30107.18689 46685.421753 1670.047569
v -30131.906128 46647.952271 1644.487762
v -30119.345093 46657.189941 1637.735367
v -30107.18689 46685.421753 1670.047569
v -30102.111816 46682.235718 1669.80648
v -30124.423218 46660.375977 1637.976265
v -30413.299561 46840.209961 1651.420403
v -30431.484985 46834.417725 1333.247566
v -30423.852539 46846.746826 1333.247566
v -30420.715332 46827.749634 1657.932281
v -30408.200073 46837.054443 1651.186562
v -30423.852539 46846.746826 1333.247566
v -30418.756104 46843.591309 1333.013725
v -30413.299561 46840.209961 1651.420403
v -30413.299561 46840.209961 1651.420403
v -30401.638794 46855.899048 1693.783951
v -30420.715332 46827.749634 1657.932281
v -30396.243286 46865.377808 1683.493233
v -30408.200073 46837.054443 1651.186562
v -30396.243286 46865.377808 1683.493233
v -30413.299561 46840.209961 1651.420403
v -30391.146851 46862.22229 1683.259392
v -30431.484985 46834.417725 1333.247566
v -30413.299561 46840.209961 1651.420403
v -30423.852539 46846.746826 1333.247566
v -30420.715332 46827.749634 1657.932281
v -30408.200073 46837.054443 1651.186562
v -30423.852539 46846.746826 1333.247566
v -30413.299561 46840.209961 1651.420403
v -30418.756104 46843.591309 1333.013725
v -30413.299561 46840.209961 1651.420403
v -30401.638794 46855.899048 1693.783951
v -30396.243286 46865.377808 1683.493233
v -30420.715332 46827.749634 1657.932281
v -30408.200073 46837.054443 1651.186562
v -30396.243286 46865.377808 1683.493233
v -30391.146851 46862.22229 1683.259392
v -30413.299561 46840.209961 1651.420403
v -30701.818848 47018.765259 1664.621735
v -30720.016479 47012.988281 1346.449089
v -30712.374878 47025.308228 1346.448994
v -30709.246826 47006.307983 1671.133423
v -30696.725464 47015.603638 1664.387703
v -30712.374878 47025.308228 1346.448994
v -30707.275391 47022.149658 1346.214962
v -30701.818848 47018.765259 1664.621735
v -30701.818848 47018.765259 1664.621735
v -30690.148926 47034.442139 1706.985283
v -30709.246826 47006.307983 1671.133423
v -30684.744263 47043.917847 1696.694565
v -30696.725464 47015.603638 1664.387703
v -30684.744263 47043.917847 1696.694565
v -30701.818848 47018.765259 1664.621735
v -30679.650879 47040.759277 1696.460533
v -30720.016479 47012.988281 1346.449089
v -30701.818848 47018.765259 1664.621735
v -30712.374878 47025.308228 1346.448994
v -30709.246826 47006.307983 1671.133423
v -30696.725464 47015.603638 1664.387703
v -30712.374878 47025.308228 1346.448994
v -30701.818848 47018.765259 1664.621735
v -30707.275391 47022.149658 1346.214962
v -30701.818848 47018.765259 1664.621735
v -30690.148926 47034.442139 1706.985283
v -30684.744263 47043.917847 1696.694565
v -30709.246826 47006.307983 1671.133423
v -30696.725464 47015.603638 1664.387703
v -30684.744263 47043.917847 1696.694565
v -30679.650879 47040.759277 1696.460533
v -30701.818848 47018.765259 1664.621735
v -30990.631104 47197.967529 1677.946091
v -31008.843994 47192.196655 1359.774303
v -31001.202393 47204.519653 1359.774208
v -30998.05603 47185.507202 1684.45797
v -30985.534668 47194.805908 1677.711868
v -31001.202393 47204.519653 1359.774208
v -30996.109009 47201.361084 1359.53989
v -30990.631104 47197.967529 1677.946091
v -30990.631104 47197.967529 1677.946091
v -30978.964233 47213.644409 1720.309639
v -30998.05603 47185.507202 1684.45797
v -30973.562622 47223.123169 1710.018921
v -30985.534668 47194.805908 1677.711868
v -30973.562622 47223.123169 1710.018921
v -30990.631104 47197.967529 1677.946091
v -30968.466187 47219.9646 1709.784508
v -31008.843994 47192.196655 1359.774303
v -30990.631104 47197.967529 1677.946091
v -31001.202393 47204.519653 1359.774208
v -30998.05603 47185.507202 1684.45797
v -30985.534668 47194.805908 1677.711868
v -31001.202393 47204.519653 1359.774208
v -30990.631104 47197.967529 1677.946091
v -30996.109009 47201.361084 1359.53989
v -30990.631104 47197.967529 1677.946091
v -30978.964233 47213.644409 1720.309639
v -30973.562622 47223.123169 1710.018921
v -30998.05603 47185.507202 1684.45797
v -30985.534668 47194.805908 1677.711868
v -30973.562622 47223.123169 1710.018921
v -30968.466187 47219.9646 1709.784508
v -30990.631104 47197.967529 1677.946091
v -31280.319214 47376.733398 1691.03756
v -31298.092651 47370.620728 1372.847366
v -31290.512085 47382.983398 1372.847271
v -31287.689209 47364.242554 1697.54982
v -31275.20752 47373.599243 1690.812302
v -31290.512085 47382.983398 1372.847271
v -31285.400391 47379.849243 1372.622013
v -31280.319214 47376.733398 1691.03756
v -31280.319214 47376.733398 1691.03756
v -31268.780518 47392.504883 1733.403587
v -31287.689209 47364.242554 1697.54982
v -31263.415527 47401.998901 1723.112297
v -31275.20752 47373.599243 1690.812302
v -31263.415527 47401.998901 1723.112297
v -31280.319214 47376.733398 1691.03756
v -31258.303833 47398.867798 1722.886848
v -31298.092651 47370.620728 1372.847366
v -31280.319214 47376.733398 1691.03756
v -31290.512085 47382.983398 1372.847271
v -31287.689209 47364.242554 1697.54982
v -31275.20752 47373.599243 1690.812302
v -31290.512085 47382.983398 1372.847271
v -31280.319214 47376.733398 1691.03756
v -31285.400391 47379.849243 1372.622013
v -31280.319214 47376.733398 1691.03756
v -31268.780518 47392.504883 1733.403587
v -31263.415527 47401.998901 1723.112297
v -31287.689209 47364.242554 1697.54982
v -31275.20752 47373.599243 1690.812302
v -31263.415527 47401.998901 1723.112297
v -31258.303833 47398.867798 1722.886848
v -31280.319214 47376.733398 1691.03756
v -31571.853638 47553.75061 1703.310966
v -31588.613892 47546.899414 1385.080528
v -31581.149292 47559.329224 1385.080624
v -31579.13208 47541.204834 1709.82399
v -31566.711426 47550.662231 1703.106689
v -31581.149292 47559.329224 1385.080624
v -31576.00708 47556.243896 1384.876347
v -31571.853638 47553.75061 1703.310966
v -31571.853638 47553.75061 1703.310966
v -31560.5896 47569.702148 1745.682335
v -31579.13208 47541.204834 1709.82399
v -31555.279541 47579.229736 1735.389709
v -31566.711426 47550.662231 1703.106689
v -31555.279541 47579.229736 1735.389709
v -31571.853638 47553.75061 1703.310966
v -31550.140381 47576.141357 1735.185432
v -31588.613892 47546.899414 1385.080528
v -31571.853638 47553.75061 1703.310966
v -31581.149292 47559.329224 1385.080624
v -31579.13208 47541.204834 1709.82399
v -31566.711426 47550.662231 1703.106689
v -31581.149292 47559.329224 1385.080624
v -31571.853638 47553.75061 1703.310966
v -31576.00708 47556.243896 1384.876347
v -31571.853638 47553.75061 1703.310966
v -31560.5896 47569.702148 1745.682335
v -31555.279541 47579.229736 1735.389709
v -31579.13208 47541.204834 1709.82399
v -31566.711426 47550.662231 1703.106689
v -31555.279541 47579.229736 1735.389709
v -31550.140381 47576.141357 1735.185432
v -31571.853638 47553.75061 1703.310966
v -31864.227295 47727.835083 1714.332771
v -31880.154419 47720.391846 1396.072769
v -31872.784424 47732.879639 1396.072769
v -31871.426392 47715.24353 1720.846367
v -31859.066772 47724.786377 1714.14566
v -31872.784424 47732.879639 1396.072769
v -31867.617798 47729.833984 1395.885658
v -31864.227295 47727.835083 1714.332771
v -31864.227295 47727.835083 1714.332771
v -31853.19519 47743.936157 1756.707954
v -31871.426392 47715.24353 1720.846367
v -31847.937012 47753.488159 1746.414566
v -31859.066772 47724.786377 1714.14566
v -31847.937012 47753.488159 1746.414566
v -31864.227295 47727.835083 1714.332771
v -31842.770386 47750.439453 1746.227264
v -31880.154419 47720.391846 1396.072769
v -31864.227295 47727.835083 1714.332771
v -31872.784424 47732.879639 1396.072769
v -31871.426392 47715.24353 1720.846367
v -31859.066772 47724.786377 1714.14566
v -31872.784424 47732.879639 1396.072769
v -31864.227295 47727.835083 1714.332771
v -31867.617798 47729.833984 1395.885658
v -31864.227295 47727.835083 1714.332771
v -31853.19519 47743.936157 1756.707954
v -31847.937012 47753.488159 1746.414566
v -31871.426392 47715.24353 1720.846367
v -31859.066772 47724.786377 1714.14566
v -31847.937012 47753.488159 1746.414566
v -31842.770386 47750.439453 1746.227264
v -31864.227295 47727.835083 1714.332771
v -32157.632446 47899.603271 1724.865913
v -32173.529053 47892.06543 1406.606865
v -32166.238403 47904.605103 1406.606674
v -32164.73999 47886.962891 1731.379509
v -32152.450562 47896.591187 1724.678421
v -32166.238403 47904.605103 1406.606674
v -32161.056519 47901.593018 1406.419182
v -32157.632446 47899.603271 1724.865913
v -32157.632446 47899.603271 1724.865913
v -32146.704102 47915.774536 1767.241096
v -32164.73999 47886.962891 1731.379509
v -32141.506958 47925.363159 1756.947517
v -32152.450562 47896.591187 1724.678421
v -32141.506958 47925.363159 1756.947517
v -32157.632446 47899.603271 1724.865913
v -32136.322021 47922.351074 1756.760025
v -32173.529053 47892.06543 1406.606865
v -32157.632446 47899.603271 1724.865913
v -32166.238403 47904.605103 1406.606674
v -32164.73999 47886.962891 1731.379509
v -32152.450562 47896.591187 1724.678421
v -32166.238403 47904.605103 1406.606674
v -32157.632446 47899.603271 1724.865913
v -32161.056519 47901.593018 1406.419182
v -32157.632446 47899.603271 1724.865913
v -32146.704102 47915.774536 1767.241096
v -32141.506958 47925.363159 1756.947517
v -32164.73999 47886.962891 1731.379509
v -32152.450562 47896.591187 1724.678421
v -32141.506958 47925.363159 1756.947517
v -32136.322021 47922.351074 1756.760025
v -32157.632446 47899.603271 1724.865913
v -32451.843262 48069.595337 1735.698318
v -32467.880249 48062.084961 1417.44566
v -32460.650635 48074.658203 1417.445564
v -32458.889771 48056.921387 1742.211914
v -32446.646118 48066.607666 1735.507011
v -32460.650635 48074.658203 1417.445564
v -32455.453491 48071.670532 1417.254162
v -32451.843262 48069.595337 1735.698318
v -32451.843262 48069.595337 1735.698318
v -32440.969849 48085.809326 1778.072548
v -32458.889771 48056.921387 1742.211914
v -32435.818481 48095.422363 1767.77916
v -32446.646118 48066.607666 1735.507011
v -32435.818481 48095.422363 1767.77916
v -32451.843262 48069.595337 1735.698318
v -32430.621338 48092.434692 1767.587852
v -32467.880249 48062.084961 1417.44566
v -32451.843262 48069.595337 1735.698318
v -32460.650635 48074.658203 1417.445564
v -32458.889771 48056.921387 1742.211914
v -32446.646118 48066.607666 1735.507011
v -32460.650635 48074.658203 1417.445564
v -32451.843262 48069.595337 1735.698318
v -32455.453491 48071.670532 1417.254162
v -32451.843262 48069.595337 1735.698318
v -32440.969849 48085.809326 1778.072548
v -32435.818481 48095.422363 1767.77916
v -32458.889771 48056.921387 1742.211914
v -32446.646118 48066.607666 1735.507011
v -32435.818481 48095.422363 1767.77916
v -32430.621338 48092.434692 1767.587852
v -32451.843262 48069.595337 1735.698318
v -32747.143555 48237.924194 1746.579933
v -32763.192749 48230.325317 1428.330231
v -32756.072998 48242.959595 1428.330231
v -32754.0802 48225.189209 1753.093338
v -32741.918945 48234.979248 1746.386719
v -32756.072998 48242.959595 1428.330231
v -32750.85144 48240.014648 1428.137016
v -32747.143555 48237.924194 1746.579933
v -32747.143555 48237.924194 1746.579933
v -32736.392212 48254.217529 1788.953781
v -32754.0802 48225.189209 1753.093338
v -32731.326294 48263.876343 1778.660583
v -32741.918945 48234.979248 1746.386719
v -32731.326294 48263.876343 1778.660583
v -32747.143555 48237.924194 1746.579933
v -32726.098633 48260.931396 1778.467369
v -32763.192749 48230.325317 1428.330231
v -32747.143555 48237.924194 1746.579933
v -32756.072998 48242.959595 1428.330231
v -32754.0802 48225.189209 1753.093338
v -32741.918945 48234.979248 1746.386719
v -32756.072998 48242.959595 1428.330231
v -32747.143555 48237.924194 1746.579933
v -32750.85144 48240.014648 1428.137016
v -32747.143555 48237.924194 1746.579933
v -32736.392212 48254.217529 1788.953781
v -32731.326294 48263.876343 1778.660583
v -32754.0802 48225.189209 1753.093338
v -32741.918945 48234.979248 1746.386719
v -32731.326294 48263.876343 1778.660583
v -32726.098633 48260.931396 1778.467369
v -32747.143555 48237.924194 1746.579933
v -33043.533325 48402.566528 1757.660675
v -33059.753418 48394.894409 1439.421082
v -33052.810669 48407.626343 1439.421082
v -33050.286865 48389.733887 1764.173698
v -33038.269043 48399.694824 1757.461548
v -33052.810669 48407.626343 1439.421082
v -33047.546387 48404.754639 1439.221954
v -33043.533325 48402.566528 1757.660675
v -33043.533325 48402.566528 1757.660675
v -33032.974243 48418.991089 1800.033188
v -33050.286865 48389.733887 1764.173698
v -33028.05481 48428.726196 1789.740181
v -33038.269043 48399.694824 1757.461548
v -33028.05481 48428.726196 1789.740181
v -33043.533325 48402.566528 1757.660675
v -33022.790527 48425.854492 1789.541054
v -33059.753418 48394.894409 1439.421082
v -33043.533325 48402.566528 1757.660675
v -33052.810669 48407.626343 1439.421082
v -33050.286865 48389.733887 1764.173698
v -33038.269043 48399.694824 1757.461548
v -33052.810669 48407.626343 1439.421082
v -33043.533325 48402.566528 1757.660675
v -33047.546387 48404.754639 1439.221954
v -33043.533325 48402.566528 1757.660675
v -33032.974243 48418.991089 1800.033188
v -33028.05481 48428.726196 1789.740181
v -33050.286865 48389.733887 1764.173698
v -33038.269043 48399.694824 1757.461548
v -33028.05481 48428.726196 1789.740181
v -33022.790527 48425.854492 1789.541054
v -33043.533325 48402.566528 1757.660675
v -33343.179321 48562.789917 1769.038582
v -33359.448242 48554.96521 1450.805283
v -33352.694702 48567.797852 1450.805283
v -33349.737549 48549.856567 1775.551605
v -33337.869263 48559.997559 1768.836021
v -33352.694702 48567.797852 1450.805283
v -33347.384644 48565.005493 1450.602722
v -33343.179321 48562.789917 1769.038582
v -33343.179321 48562.789917 1769.038582
v -33332.846069 48579.35791 1811.410141
v -33349.737549 48549.856567 1775.551605
v -33328.079224 48589.169312 1801.117516
v -33337.869263 48559.997559 1768.836021
v -33328.079224 48589.169312 1801.117516
v -33343.179321 48562.789917 1769.038582
v -33322.769165 48586.376953 1800.914955
v -33359.448242 48554.96521 1450.805283
v -33343.179321 48562.789917 1769.038582
v -33352.694702 48567.797852 1450.805283
v -33349.737549 48549.856567 1775.551605
v -33337.869263 48559.997559 1768.836021
v -33352.694702 48567.797852 1450.805283
v -33343.179321 48562.789917 1769.038582
v -33347.384644 48565.005493 1450.602722
v -33343.179321 48562.789917 1769.038582
v -33332.846069 48579.35791 1811.410141
v -33328.079224 48589.169312 1801.117516
v -33349.737549 48549.856567 1775.551605
v -33337.869263 48559.997559 1768.836021
v -33328.079224 48589.169312 1801.117516
v -33322.769165 48586.376953 1800.914955
v -33343.179321 48562.789917 1769.038582
v -33644.207764 48720.230103 1780.647087
v -33660.678101 48712.469482 1462.422657
v -33653.967285 48725.323486 1462.422657
v -33650.720215 48707.269287 1787.15992
v -33638.894653 48717.453003 1780.439758
v -33653.967285 48725.323486 1462.422657
v -33648.654175 48722.549438 1462.215137
v -33644.207764 48720.230103 1780.647087
v -33644.207764 48720.230103 1780.647087
v -33633.898926 48736.813354 1823.017693
v -33650.720215 48707.269287 1787.15992
v -33629.168701 48746.643066 1812.725258
v -33638.894653 48717.453003 1780.439758
v -33629.168701 48746.643066 1812.725258
v -33644.207764 48720.230103 1780.647087
v -33623.855591 48743.865967 1812.517738
v -33660.678101 48712.469482 1462.422657
v -33644.207764 48720.230103 1780.647087
v -33653.967285 48725.323486 1462.422657
v -33650.720215 48707.269287 1787.15992
v -33638.894653 48717.453003 1780.439758
v -33653.967285 48725.323486 1462.422657
v -33644.207764 48720.230103 1780.647087
v -33648.654175 48722.549438 1462.215137
v -33644.207764 48720.230103 1780.647087
v -33633.898926 48736.813354 1823.017693
v -33629.168701 48746.643066 1812.725258
v -33650.720215 48707.269287 1787.15992
v -33638.894653 48717.453003 1780.439758
v -33629.168701 48746.643066 1812.725258
v -33623.855591 48743.865967 1812.517738
v -33644.207764 48720.230103 1780.647087
v -33944.067383 48877.984619 1792.599297
v -33961.062622 48870.59021 1474.393749
v -33954.257202 48883.395386 1474.393654
v -33950.65918 48865.066528 1799.111748
v -33938.766479 48875.17395 1792.381859
v -33954.257202 48883.395386 1474.393654
v -33948.962402 48880.584717 1474.176216
v -33944.067383 48877.984619 1792.599297
v -33944.067383 48877.984619 1792.599297
v -33933.578491 48894.464111 1834.967232
v -33950.65918 48865.066528 1799.111748
v -33928.793335 48904.269409 1824.67556
v -33938.766479 48875.17395 1792.381859
v -33928.793335 48904.269409 1824.67556
v -33944.067383 48877.984619 1792.599297
v -33923.495483 48901.45874 1824.457932
v -33961.062622 48870.59021 1474.393749
v -33944.067383 48877.984619 1792.599297
v -33954.257202 48883.395386 1474.393654
v -33950.65918 48865.066528 1799.111748
v -33938.766479 48875.17395 1792.381859
v -33954.257202 48883.395386 1474.393654
v -33944.067383 48877.984619 1792.599297
v -33948.962402 48880.584717 1474.176216
v -33944.067383 48877.984619 1792.599297
v -33933.578491 48894.464111 1834.967232
v -33928.793335 48904.269409 1824.67556
v -33950.65918 48865.066528 1799.111748
v -33938.766479 48875.17395 1792.381859
v -33928.793335 48904.269409 1824.67556
v -33923.495483 48901.45874 1824.457932
v -33944.067383 48877.984619 1792.599297
v -34243.856812 49037.451172 1805.19371
v -34261.172485 49030.224609 1487.00161
v -34254.376221 49043.032837 1487.00161
v -34250.436401 49024.526978 1811.705971
v -34238.562012 49034.640503 1804.969406
v -34254.376221 49043.032837 1487.00161
v -34249.081421 49040.222168 1486.77721
v -34243.856812 49037.451172 1805.19371
v -34243.856812 49037.451172 1805.19371
v -34233.328247 49053.909302 1847.56012
v -34250.436401 49024.526978 1811.705971
v -34228.55835 49063.720703 1837.268639
v -34238.562012 49034.640503 1804.969406
v -34228.55835 49063.720703 1837.268639
v -34243.856812 49037.451172 1805.19371
v -34223.260498 49060.906982 1837.044334
v -34261.172485 49030.224609 1487.00161
v -34243.856812 49037.451172 1805.19371
v -34254.376221 49043.032837 1487.00161
v -34250.436401 49024.526978 1811.705971
v -34238.562012 49034.640503 1804.969406
v -34254.376221 49043.032837 1487.00161
v -34243.856812 49037.451172 1805.19371
v -34249.081421 49040.222168 1486.77721
v -34243.856812 49037.451172 1805.19371
v -34233.328247 49053.909302 1847.56012
v -34228.55835 49063.720703 1837.268639
v -34250.436401 49024.526978 1811.705971
v -34238.562012 49034.640503 1804.969406
v -34228.55835 49063.720703 1837.268639
v -34223.260498 49060.906982 1837.044334
v -34243.856812 49037.451172 1805.19371
v -34545.15686 49195.870972 1817.731476
v -34561.990356 49188.272095 1499.522114
v -34555.310059 49201.141357 1499.522114
v -34551.635742 49182.891846 1824.244118
v -34539.834595 49193.106079 1817.515945
v -34555.310059 49201.141357 1499.522114
v -34549.990845 49198.376465 1499.306488
v -34545.15686 49195.870972 1817.731476
v -34545.15686 49195.870972 1817.731476
v -34534.835815 49212.451172 1860.099792
v -34551.635742 49182.891846 1824.244118
v -34530.133057 49222.296143 1849.80793
v -34539.834595 49193.106079 1817.515945
v -34530.133057 49222.296143 1849.80793
v -34545.15686 49195.870972 1817.731476
v -34524.813843 49219.53125 1849.5924
v -34561.990356 49188.272095 1499.522114
v -34545.15686 49195.870972 1817.731476
v -34555.310059 49201.141357 1499.522114
v -34551.635742 49182.891846 1824.244118
v -34539.834595 49193.106079 1817.515945
v -34555.310059 49201.141357 1499.522114
v -34545.15686 49195.870972 1817.731476
v -34549.990845 49198.376465 1499.306488
v -34545.15686 49195.870972 1817.731476
v -34534.835815 49212.451172 1860.099792
v -34530.133057 49222.296143 1849.80793
v -34551.635742 49182.891846 1824.244118
v -34539.834595 49193.106079 1817.515945
v -34530.133057 49222.296143 1849.80793
v -34524.813843 49219.53125 1849.5924
v -34545.15686 49195.870972 1817.731476
v -34847.741699 49351.528931 1829.748344
v -34864.23645 49343.670654 1511.527634
v -34857.63855 49356.585693 1511.527538
v -34854.129028 49338.510132 1836.261177
v -34842.401123 49348.800659 1829.538918
v -34857.63855 49356.585693 1511.527538
v -34852.301025 49353.857422 1511.318111
v -34847.741699 49351.528931 1829.748344
v -34847.741699 49351.528931 1829.748344
v -34837.564087 49368.197632 1872.118187
v -34854.129028 49338.510132 1836.261177
v -34832.931519 49378.07312 1861.826134
v -34842.401123 49348.800659 1829.538918
v -34832.931519 49378.07312 1861.826134
v -34847.741699 49351.528931 1829.748344
v -34827.587891 49375.344849 1861.616516
v -34864.23645 49343.670654 1511.527634
v -34847.741699 49351.528931 1829.748344
v -34857.63855 49356.585693 1511.527538
v -34854.129028 49338.510132 1836.261177
v -34842.401123 49348.800659 1829.538918
v -34857.63855 49356.585693 1511.527538
v -34847.741699 49351.528931 1829.748344
v -34852.301025 49353.857422 1511.318111
v -34847.741699 49351.528931 1829.748344
v -34837.564087 49368.197632 1872.118187
v -34832.931519 49378.07312 1861.826134
v -34854.129028 49338.510132 1836.261177
v -34842.401123 49348.800659 1829.538918
v -34832.931519 49378.07312 1861.826134
v -34827.587891 49375.344849 1861.616516
v -34847.741699 49351.528931 1829.748344
v -35150.170898 49505.545044 1841.571617
v -35166.625977 49497.640991 1523.349857
v -35160.05249 49510.568237 1523.349857
v -35156.536865 49492.51709 1848.084641
v -35144.827271 49502.828979 1841.362762
v -35160.05249 49510.568237 1523.349857
v -35154.708862 49507.852173 1523.140907
v -35150.170898 49505.545044 1841.571617
v -35150.170898 49505.545044 1841.571617
v -35140.026855 49522.235107 1883.94165
v -35156.536865 49492.51709 1848.084641
v -35135.412598 49532.116699 1873.649406
v -35144.827271 49502.828979 1841.362762
v -35135.412598 49532.116699 1873.649406
v -35150.170898 49505.545044 1841.571617
v -35130.062866 49529.400635 1873.440552
v -35166.625977 49497.640991 1523.349857
v -35150.170898 49505.545044 1841.571617
v -35160.05249 49510.568237 1523.349857
v -35156.536865 49492.51709 1848.084641
v -35144.827271 49502.828979 1841.362762
v -35160.05249 49510.568237 1523.349857
v -35150.170898 49505.545044 1841.571617
v -35154.708862 49507.852173 1523.140907
v -35150.170898 49505.545044 1841.571617
v -35140.026855 49522.235107 1883.94165
v -35135.412598 49532.116699 1873.649406
v -35156.536865 49492.51709 1848.084641
v -35144.827271 49502.828979 1841.362762
v -35135.412598 49532.116699 1873.649406
v -35130.062866 49529.400635 1873.440552
v -35150.170898 49505.545044 1841.571617
v -35452.944946 49659.579468 1853.510857
v -35469.641113 49651.821899 1535.298157
v -35463.052368 49664.736938 1535.298157
v -35459.329224 49646.557617 1860.023499
v -35447.601318 49656.854248 1853.297043
v -35463.052368 49664.736938 1535.298157
v -35457.711792 49662.011719 1535.084343
v -35452.944946 49659.579468 1853.510857
v -35452.944946 49659.579468 1853.510857
v -35442.745972 49676.239014 1895.879745
v -35459.329224 49646.557617 1860.023499
v -35438.119507 49686.117554 1885.587692
v -35447.601318 49656.854248 1853.297043
v -35438.119507 49686.117554 1885.587692
v -35452.944946 49659.579468 1853.510857
v -35432.772827 49683.392334 1885.374069
v -35469.641113 49651.821899 1535.298157
v -35452.944946 49659.579468 1853.510857
v -35463.052368 49664.736938 1535.298157
v -35459.329224 49646.557617 1860.023499
v -35447.601318 49656.854248 1853.297043
v -35463.052368 49664.736938 1535.298157
v -35452.944946 49659.579468 1853.510857
v -35457.711792 49662.011719 1535.084343
v -35452.944946 49659.579468 1853.510857
v -35442.745972 49676.239014 1895.879745
v -35438.119507 49686.117554 1885.587692
v -35459.329224 49646.557617 1860.023499
v -35447.601318 49656.854248 1853.297043
v -35438.119507 49686.117554 1885.587692
v -35432.772827 49683.392334 1885.374069
v -35452.944946 49659.579468 1853.510857
v -35755.548096 49813.977051 1865.739059
v -35772.451782 49806.32019 1547.534657
v -35765.863037 49819.238281 1547.534561
v -35761.92627 49800.952148 1872.251511
v -35750.210571 49811.254883 1865.520859
v -35765.863037 49819.238281 1547.534561
v -35760.522461 49816.513062 1547.316456
v -35755.548096 49813.977051 1865.739059
v -35755.548096 49813.977051 1865.739059
v -35745.330811 49830.627441 1908.106804
v -35761.92627 49800.952148 1872.251511
v -35740.710449 49840.509033 1897.814941
v -35750.210571 49811.254883 1865.520859
v -35740.710449 49840.509033 1897.814941
v -35755.548096 49813.977051 1865.739059
v -35735.369873 49837.783813 1897.597122
v -35772.451782 49806.32019 1547.534657
v -35755.548096 49813.977051 1865.739059
v -35765.863037 49819.238281 1547.534561
v -35761.92627 49800.952148 1872.251511
v -35750.210571 49811.254883 1865.520859
v -35765.863037 49819.238281 1547.534561
v -35755.548096 49813.977051 1865.739059
v -35760.522461 49816.513062 1547.316456
v -35755.548096 49813.977051 1865.739059
v -35745.330811 49830.627441 1908.106804
v -35740.710449 49840.509033 1897.814941
v -35761.92627 49800.952148 1872.251511
v -35750.210571 49811.254883 1865.520859
v -35740.710449 49840.509033 1897.814941
v -35735.369873 49837.783813 1897.597122
v -35755.548096 49813.977051 1865.739059
v -36058.004761 49968.188477 1878.301239
v -36075.292969 49960.723877 1560.113239
v -36068.707275 49973.64502 1560.113239
v -36064.370728 49955.157471 1884.813499
v -36052.661133 49965.466309 1878.074837
v -36068.707275 49973.64502 1560.113239
v -36063.369751 49970.922852 1559.886932
v -36058.004761 49968.188477 1878.301239
v -36058.004761 49968.188477 1878.301239
v -36047.738647 49984.814453 1920.666885
v -36064.370728 49955.157471 1884.813499
v -36043.136597 49994.7052 1910.375786
v -36052.661133 49965.466309 1878.074837
v -36043.136597 49994.7052 1910.375786
v -36058.004761 49968.188477 1878.301239
v -36037.792969 49991.97998 1910.149384
v -36075.292969 49960.723877 1560.113239
v -36058.004761 49968.188477 1878.301239
v -36068.707275 49973.64502 1560.113239
v -36064.370728 49955.157471 1884.813499
v -36052.661133 49965.466309 1878.074837
v -36068.707275 49973.64502 1560.113239
v -36058.004761 49968.188477 1878.301239
v -36063.369751 49970.922852 1559.886932
v -36058.004761 49968.188477 1878.301239
v -36047.738647 49984.814453 1920.666885
v -36043.136597 49994.7052 1910.375786
v -36064.370728 49955.157471 1884.813499
v -36052.661133 49965.466309 1878.074837
v -36043.136597 49994.7052 1910.375786
v -36037.792969 49991.97998 1910.149384
v -36058.004761 49968.188477 1878.301239
vt -0.24 1.3
vt -0.01 2.05
vt -0.24 2.05
vt -0.01 1.3
vt -0.1825 2.05
vt -0.1825 1.3
vt -0.0675 1.3
vt -0.0675 2.05
vt -0.24 1.175
vt -0.01 1.3
vt -0.24 1.3
vt -0.01 1.175
vt -0.1825 1.175
vt -0.0675 1.3
vt -0.1825 1.3
vt -0.0675 1.175
vt -0.01 2.05
vt -0.24 1.3
vt -0.24 2.05
vt -0.01 1.3
vt -0.0675 2.05
vt -0.0675 1.3
vt -0.1825 2.05
vt -0.1825 1.3
vt -0.24 1.175
vt -0.24 1.3
vt -0.01 1.3
vt -0.01 1.175
vt -0.1825 1.175
vt -0.1825 1.3
vt -0.0675 1.3
vt -0.0675 1.175
vt -0.24 1.3
vt -0.01 2.05
vt -0.24 2.05
vt -0.01 1.3
vt -0.1825 2.05
vt -0.1825 1.3
vt -0.0675 1.3
vt -0.0675 2.05
vt -0.24 1.175
vt -0.01 1.3
vt -0.24 1.3
vt -0.01 1.175
vt -0.1825 1.175
vt -0.0675 1.3
vt -0.1825 1.3
vt -0.0675 1.175
vt -0.01 2.05
vt -0.24 1.3
vt -0.24 2.05
vt -0.01 1.3
vt -0.0675 2.05
vt -0.0675 1.3
vt -0.1825 2.05
vt -0.1825 1.3
vt -0.24 1.175
vt -0.24 1.3
vt -0.01 1.3
vt -0.01 1.175
vt -0.1825 1.175
vt -0.1825 1.3
vt -0.0675 1.3
vt -0.0675 1.175
vt -0.24 1.3
vt -0.01 2.05
vt -0.24 2.05
vt -0.01 1.3
vt -0.1825 1.3
vt -0.0675 2.05
vt -0.1825 2.05
vt -0.0675 1.3
vt -0.24 1.175
vt -0.01 1.3
vt -0.24 1.3
vt -0.01 1.175
vt -0.1825 1.3
vt -0.0675 1.175
vt -0.0675 1.3
vt -0.1825 1.175
vt -0.01 2.05
vt -0.24 1.3
vt -0.24 2.05
vt -0.01 1.3
vt -0.1825 1.3
vt -0.0675 2.05
vt -0.0675 1.3
vt -0.1825 2.05
vt -0.24 1.175
vt -0.24 1.3
vt -0.01 1.3
vt -0.01 1.175
vt -0.1825 1.3
vt -0.0675 1.175
vt -0.1825 1.175
vt -0.0675 1.3
vt -0.24 1.3
vt -0.01 2.05
vt -0.24 2.05
vt -0.01 1.3
vt -0.1825 1.3
vt -0.0675 2.05
vt -0.1825 2.05
vt -0.0675 1.3
vt -0.24 1.175
vt -0.01 1.3
vt -0.24 1.3
vt -0.01 1.175
vt -0.1825 1.3
vt -0.0675 1.175
vt -0.0675 1.3
vt -0.1825 1.175
vt -0.01 2.05
vt -0.24 1.3
vt -0.24 2.05
vt -0.01 1.3
vt -0.1825 1.3
vt -0.0675 2.05
vt -0.0675 1.3
vt -0.1825 2.05
vt -0.24 1.175
vt -0.24 1.3
vt -0.01 1.3
vt -0.01 1.175
vt -0.1825 1.3
vt -0.0675 1.175
vt -0.1825 1.175
vt -0.0675 1.3
vt -0.24 1.3
vt -0.01 2.05
vt -0.24 2.05
vt -0.01 1.3
vt -0.1825 1.3
vt -0.0675 2.05
vt -0.1825 2.05
vt -0.0675 1.3
vt -0.24 1.175
vt -0.01 1.3
vt -0.24 1.3
vt -0.01 1.175
vt -0.1825 1.3
vt -0.0675 1.175
vt -0.0675 1.3
vt -0.1825 1.175
vt -0.01 2.05
vt -0.24 1.3
vt -0.24 2.05
vt -0.01 1.3
vt -0.1825 1.3
vt -0.0675 2.05
vt -0.0675 1.3
vt -0.1825 2.05
vt -0.24 1.175
vt -0.24 1.3
vt -0.01 1.3
vt -0.01 1.175
vt -0.1825 1.3
vt -0.0675 1.175
vt -0.1825 1.175
vt -0.0675 1.3
vt -0.24 1.3
vt -0.01 2.05
vt -0.24 2.05
vt -0.01 1.3
vt -0.1825 1.3
vt -0.0675 2.05
vt -0.1825 2.05
vt -0.0675 1.3
vt -0.24 1.175
vt -0.01 1.3
vt -0.24 1.3
vt -0.01 1.175
vt -0.1825 1.3
vt -0.0675 1.175
vt -0.0675 1.3
vt -0.1825 1.175
vt -0.01 2.05
vt -0.24 1.3
vt -0.24 2.05
vt -0.01 1.3
vt -0.1825 1.3
vt -0.0675 2.05
vt -0.0675 1.3
vt -0.1825 2.05
vt -0.24 1.175
vt -0.24 1.3
vt -0.01 1.3
vt -0.01 1.175
vt -0.1825 1.3
vt -0.0675 1.175
vt -0.1825 1.175
vt -0.0675 1.3
vt -0.24 1.3
vt -0.01 2.05
vt -0.24 2.05
vt -0.01 1.3
vt -0.1825 1.3
vt -0.0675 2.05
vt -0.1825 2.05
vt -0.0675 1.3
vt -0.24 1.175
vt -0.01 1.3
vt -0.24 1.3
vt -0.01 1.175
vt -0.1825 1.3
vt -0.0675 1.175
vt -0.0675 1.3
vt -0.1825 1.175
vt -0.01 2.05
vt -0.24 1.3
vt -0.24 2.05
vt -0.01 1.3
vt -0.1825 1.3
vt -0.0675 2.05
vt -0.0675 1.3
vt -0.1825 2.05
vt -0.24 1.175
vt -0.24 1.3
vt -0.01 1.3
vt -0.01 1.175
vt -0.1825 1.3
vt -0.0675 1.175
vt -0.1825 1.175
vt -0.0675 1.3
vt -0.24 1.3
vt -0.01 2.05
vt -0.24 2.05
vt -0.01 1.3
vt -0.1825 1.3
vt -0.0675 2.05
vt -0.1825 2.05
vt -0.0675 1.3
vt -0.24 1.3
vt -0.01 1.175
vt -0.01 1.3
vt -0.24 1.175
vt -0.1825 1.3
vt -0.0675 1.175
vt -0.0675 1.3
vt -0.1825 1.175
vt -0.01 2.05
vt -0.24 1.3
vt -0.24 2.05
vt -0.01 1.3
vt -0.1825 1.3
vt -0.0675 2.05
vt -0.0675 1.3
vt -0.1825 2.05
vt -0.24 1.3
vt -0.01 1.175
vt -0.24 1.175
vt -0.01 1.3
vt -0.1825 1.3
vt -0.0675 1.175
vt -0.1825 1.175
vt -0.0675 1.3
vt -0.24 1.3
vt -0.01 2.05
vt -0.24 2.05
vt -0.01 1.3
vt -0.1825 1.3
vt -0.0675 2.05
vt -0.1825 2.05
vt -0.0675 1.3
vt -0.24 1.3
vt -0.01 1.175
vt -0.01 1.3
vt -0.24 1.175
vt -0.1825 1.3
vt -0.0675 1.175
vt -0.0675 1.3
vt -0.1825 1.175
vt -0.01 2.05
vt -0.24 1.3
vt -0.24 2.05
vt -0.01 1.3
vt -0.1825 1.3
vt -0.0675 2.05
vt -0.0675 1.3
vt -0.1825 2.05
vt -0.24 1.3
vt -0.01 1.175
vt -0.24 1.175
vt -0.01 1.3
vt -0.1825 1.3
vt -0.0675 1.175
vt -0.1825 1.175
vt -0.0675 1.3
vt -0.24 1.3
vt -0.01 2.05
vt -0.24 2.05
vt -0.01 1.3
vt -0.1825 1.3
vt -0.0675 2.05
vt -0.1825 2.05
vt -0.0675 1.3
vt -0.24 1.3
vt -0.01 1.175
vt -0.01 1.3
vt -0.24 1.175
vt -0.1825 1.3
vt -0.0675 1.175
vt -0.0675 1.3
vt -0.1825 1.175
vt -0.01 2.05
vt -0.24 1.3
vt -0.24 2.05
vt -0.01 1.3
vt -0.1825 1.3
vt -0.0675 2.05
vt -0.0675 1.3
vt -0.1825 2.05
vt -0.24 1.3
vt -0.01 1.175
vt -0.24 1.175
vt -0.01 1.3
vt -0.1825 1.3
vt -0.0675 1.175
vt -0.1825 1.175
vt -0.0675 1.3
vt -0.24 1.3
vt -0.01 2.05
vt -0.24 2.05
vt -0.01 1.3
vt -0.1825 1.3
vt -0.0675 2.05
vt -0.1825 2.05
vt -0.0675 1.3
vt -0.24 1.3
vt -0.01 1.175
vt -0.01 1.3
vt -0.24 1.175
vt -0.1825 1.3
vt -0.0675 1.175
vt -0.0675 1.3
vt -0.1825 1.175
vt -0.01 2.05
vt -0.24 1.3
vt -0.24 2.05
vt -0.01 1.3
vt -0.1825 1.3
vt -0.0675 2.05
vt -0.0675 1.3
vt -0.1825 2.05
vt -0.24 1.3
vt -0.01 1.175
vt -0.24 1.175
vt -0.01 1.3
vt -0.1825 1.3
vt -0.0675 1.175
vt -0.1825 1.175
vt -0.0675 1.3
vt -0.24 1.3
vt -0.01 2.05
vt -0.24 2.05
vt -0.01 1.3
vt -0.1825 1.3
vt -0.0675 2.05
vt -0.1825 2.05
vt -0.0675 1.3
vt -0.24 1.3
vt -0.01 1.175
vt -0.01 1.3
vt -0.24 1.175
vt -0.1825 1.3
vt -0.0675 1.175
vt -0.0675 1.3
vt -0.1825 1.175
vt -0.01 2.05
vt -0.24 1.3
vt -0.24 2.05
vt -0.01 1.3
vt -0.1825 1.3
vt -0.0675 2.05
vt -0.0675 1.3
vt -0.1825 2.05
vt -0.24 1.3
vt -0.01 1.175
vt -0.24 1.175
vt -0.01 1.3
vt -0.1825 1.3
vt -0.0675 1.175
vt -0.1825 1.175
vt -0.0675 1.3
vt -0.24 1.3
vt -0.01 2.05
vt -0.24 2.05
vt -0.01 1.3
vt -0.1825 1.3
vt -0.0675 2.05
vt -0.1825 2.05
vt -0.0675 1.3
vt -0.24 1.3
vt -0.01 1.175
vt -0.01 1.3
vt -0.24 1.175
vt -0.1825 1.3
vt -0.0675 1.175
vt -0.0675 1.3
vt -0.1825 1.175
vt -0.01 2.05
vt -0.24 1.3
vt -0.24 2.05
vt -0.01 1.3
vt -0.1825 1.3
vt -0.0675 2.05
vt -0.0675 1.3
vt -0.1825 2.05
vt -0.24 1.3
vt -0.01 1.175
vt -0.24 1.175
vt -0.01 1.3
vt -0.1825 1.3
vt -0.0675 1.175
vt -0.1825 1.175
vt -0.0675 1.3
vt -0.24 1.3
vt -0.01 2.05
vt -0.24 2.05
vt -0.01 1.3
vt -0.1825 1.3
vt -0.0675 2.05
vt -0.1825 2.05
vt -0.0675 1.3
vt -0.24 1.3
vt -0.01 1.175
vt -0.01 1.3
vt -0.24 1.175
vt -0.1825 1.3
vt -0.0675 1.175
vt -0.0675 1.3
vt -0.1825 1.175
vt -0.01 2.05
vt -0.24 1.3
vt -0.24 2.05
vt -0.01 1.3
vt -0.1825 1.3
vt -0.0675 2.05
vt -0.0675 1.3
vt -0.1825 2.05
vt -0.24 1.3
vt -0.01 1.175
vt -0.24 1.175
vt -0.01 1.3
vt -0.1825 1.3
vt -0.0675 1.175
vt -0.1825 1.175
vt -0.0675 1.3
vt -0.24 1.3
vt -0.01 2.05
vt -0.24 2.05
vt -0.01 1.3
vt -0.1825 1.3
vt -0.0675 2.05
vt -0.1825 2.05
vt -0.0675 1.3
vt -0.24 1.3
vt -0.01 1.175
vt -0.01 1.3
vt -0.24 1.175
vt -0.1825 1.3
vt -0.0675 1.175
vt -0.0675 1.3
vt -0.1825 1.175
vt -0.01 2.05
vt -0.24 1.3
vt -0.24 2.05
vt -0.01 1.3
vt -0.1825 1.3
vt -0.0675 2.05
vt -0.0675 1.3
vt -0.1825 2.05
vt -0.24 1.3
vt -0.01 1.175
vt -0.24 1.175
vt -0.01 1.3
vt -0.1825 1.3
vt -0.0675 1.175
vt -0.1825 1.175
vt -0.0675 1.3
vt -0.24 1.3
vt -0.01 2.05
vt -0.24 2.05
vt -0.01 1.3
vt -0.1825 1.3
vt -0.0675 2.05
vt -0.1825 2.05
vt -0.0675 1.3
vt -0.24 1.3
vt -0.01 1.175
vt -0.01 1.3
vt -0.24 1.175
vt -0.1825 1.3
vt -0.0675 1.175
vt -0.0675 1.3
vt -0.1825 1.175
vt -0.01 2.05
vt -0.24 1.3
vt -0.24 2.05
vt -0.01 1.3
vt -0.1825 1.3
vt -0.0675 2.05
vt -0.0675 1.3
vt -0.1825 2.05
vt -0.24 1.3
vt -0.01 1.175
vt -0.24 1.175
vt -0.01 1.3
vt -0.1825 1.3
vt -0.0675 1.175
vt -0.1825 1.175
vt -0.0675 1.3
vt -0.24 1.3
vt -0.01 2.05
vt -0.24 2.05
vt -0.01 1.3
vt -0.1825 1.3
vt -0.0675 2.05
vt -0.1825 2.05
vt -0.0675 1.3
vt -0.24 1.3
vt -0.01 1.175
vt -0.01 1.3
vt -0.24 1.175
vt -0.1825 1.3
vt -0.0675 1.175
vt -0.0675 1.3
vt -0.1825 1.175
vt -0.01 2.05
vt -0.24 1.3
vt -0.24 2.05
vt -0.01 1.3
vt -0.1825 1.3
vt -0.0675 2.05
vt -0.0675 1.3
vt -0.1825 2.05
vt -0.24 1.3
vt -0.01 1.175
vt -0.24 1.175
vt -0.01 1.3
vt -0.1825 1.3
vt -0.0675 1.175
vt -0.1825 1.175
vt -0.0675 1.3
vt -0.24 1.3
vt -0.01 2.05
vt -0.24 2.05
vt -0.01 1.3
vt -0.1825 1.3
vt -0.0675 2.05
vt -0.1825 2.05
vt -0.0675 1.3
vt -0.24 1.3
vt -0.01 1.175
vt -0.01 1.3
vt -0.24 1.175
vt -0.1825 1.3
vt -0.0675 1.175
vt -0.0675 1.3
vt -0.1825 1.175
vt -0.01 2.05
vt -0.24 1.3
vt -0.24 2.05
vt -0.01 1.3
vt -0.1825 1.3
vt -0.0675 2.05
vt -0.0675 1.3
vt -0.1825 2.05
vt -0.24 1.3
vt -0.01 1.175
vt -0.24 1.175
vt -0.01 1.3
vt -0.1825 1.3
vt -0.0675 1.175
vt -0.1825 1.175
vt -0.0675 1.3
vt -0.24 1.3
vt -0.01 2.05
vt -0.24 2.05
vt -0.01 1.3
vt -0.1825 1.3
vt -0.0675 2.05
vt -0.1825 2.05
vt -0.0675 1.3
vt -0.24 1.3
vt -0.01 1.175
vt -0.01 1.3
vt -0.24 1.175
vt -0.1825 1.3
vt -0.0675 1.175
vt -0.0675 1.3
vt -0.1825 1.175
vt -0.01 2.05
vt -0.24 1.3
vt -0.24 2.05
vt -0.01 1.3
vt -0.1825 1.3
vt -0.0675 2.05
vt -0.0675 1.3
vt -0.1825 2.05
vt -0.24 1.3
vt -0.01 1.175
vt -0.24 1.175
vt -0.01 1.3
vt -0.1825 1.3
vt -0.0675 1.175
vt -0.1825 1.175
vt -0.0675 1.3
vt -0.24 1.3
vt -0.01 2.05
vt -0.24 2.05
vt -0.01 1.3
vt -0.1825 1.3
vt -0.0675 2.05
vt -0.1825 2.05
vt -0.0675 1.3
vt -0.24 1.3
vt -0.01 1.175
vt -0.01 1.3
vt -0.24 1.175
vt -0.1825 1.3
vt -0.0675 1.175
vt -0.0675 1.3
vt -0.1825 1.175
vt -0.01 2.05
vt -0.24 1.3
vt -0.24 2.05
vt -0.01 1.3
vt -0.1825 1.3
vt -0.0675 2.05
vt -0.0675 1.3
vt -0.1825 2.05
vt -0.24 1.3
vt -0.01 1.175
vt -0.24 1.175
vt -0.01 1.3
vt -0.1825 1.3
vt -0.0675 1.175
vt -0.1825 1.175
vt -0.0675 1.3
vt -0.24 1.3
vt -0.01 2.05
vt -0.24 2.05
vt -0.01 1.3
vt -0.1825 1.3
vt -0.0675 2.05
vt -0.1825 2.05
vt -0.0675 1.3
vt -0.24 1.3
vt -0.01 1.175
vt -0.01 1.3
vt -0.24 1.175
vt -0.1825 1.3
vt -0.0675 1.175
vt -0.0675 1.3
vt -0.1825 1.175
vt -0.01 2.05
vt -0.24 1.3
vt -0.24 2.05
vt -0.01 1.3
vt -0.1825 1.3
vt -0.0675 2.05
vt -0.0675 1.3
vt -0.1825 2.05
vt -0.24 1.3
vt -0.01 1.175
vt -0.24 1.175
vt -0.01 1.3
vt -0.1825 1.3
vt -0.0675 1.175
vt -0.1825 1.175
vt -0.0675 1.3
vt -0.24 1.3
vt -0.01 2.05
vt -0.24 2.05
vt -0.01 1.3
vt -0.1825 1.3
vt -0.0675 2.05
vt -0.1825 2.05
vt -0.0675 1.3
vt -0.24 1.3
vt -0.01 1.175
vt -0.01 1.3
vt -0.24 1.175
vt -0.1825 1.3
vt -0.0675 1.175
vt -0.0675 1.3
vt -0.1825 1.175
vt -0.01 2.05
vt -0.24 1.3
vt -0.24 2.05
vt -0.01 1.3
vt -0.1825 1.3
vt -0.0675 2.05
vt -0.0675 1.3
vt -0.1825 2.05
vt -0.24 1.3
vt -0.01 1.175
vt -0.24 1.175
vt -0.01 1.3
vt -0.1825 1.3
vt -0.0675 1.175
vt -0.1825 1.175
vt -0.0675 1.3
vt -0.24 1.3
vt -0.01 2.05
vt -0.24 2.05
vt -0.01 1.3
vt -0.1825 1.3
vt -0.0675 2.05
vt -0.1825 2.05
vt -0.0675 1.3
vt -0.24 1.3
vt -0.01 1.175
vt -0.01 1.3
vt -0.24 1.175
vt -0.1825 1.3
vt -0.0675 1.175
vt -0.0675 1.3
vt -0.1825 1.175
vt -0.01 2.05
vt -0.24 1.3
vt -0.24 2.05
vt -0.01 1.3
vt -0.1825 1.3
vt -0.0675 2.05
vt -0.0675 1.3
vt -0.1825 2.05
vt -0.24 1.3
vt -0.01 1.175
vt -0.24 1.175
vt -0.01 1.3
vt -0.1825 1.3
vt -0.0675 1.175
vt -0.1825 1.175
vt -0.0675 1.3
vt -0.24 1.3
vt -0.01 2.05
vt -0.24 2.05
vt -0.01 1.3
vt -0.1825 1.3
vt -0.0675 2.05
vt -0.1825 2.05
vt -0.0675 1.3
vt -0.24 1.3
vt -0.01 1.175
vt -0.01 1.3
vt -0.24 1.175
vt -0.1825 1.3
vt -0.0675 1.175
vt -0.0675 1.3
vt -0.1825 1.175
vt -0.01 2.05
vt -0.24 1.3
vt -0.24 2.05
vt -0.01 1.3
vt -0.1825 1.3
vt -0.0675 2.05
vt -0.0675 1.3
vt -0.1825 2.05
vt -0.24 1.3
vt -0.01 1.175
vt -0.24 1.175
vt -0.01 1.3
vt -0.1825 1.3
vt -0.0675 1.175
vt -0.1825 1.175
vt -0.0675 1.3
vt -0.24 1.3
vt -0.01 2.05
vt -0.24 2.05
vt -0.01 1.3
vt -0.1825 1.3
vt -0.0675 2.05
vt -0.1825 2.05
vt -0.0675 1.3
vt -0.24 1.3
vt -0.01 1.175
vt -0.01 1.3
vt -0.24 1.175
vt -0.1825 1.3
vt -0.0675 1.175
vt -0.0675 1.3
vt -0.1825 1.175
vt -0.01 2.05
vt -0.24 1.3
vt -0.24 2.05
vt -0.01 1.3
vt -0.1825 1.3
vt -0.0675 2.05
vt -0.0675 1.3
vt -0.1825 2.05
vt -0.24 1.3
vt -0.01 1.175
vt -0.24 1.175
vt -0.01 1.3
vt -0.1825 1.3
vt -0.0675 1.175
vt -0.1825 1.175
vt -0.0675 1.3
vt -0.24 1.3
vt -0.01 2.05
vt -0.24 2.05
vt -0.01 1.3
vt -0.1825 1.3
vt -0.0675 2.05
vt -0.1825 2.05
vt -0.0675 1.3
vt -0.24 1.3
vt -0.01 1.175
vt -0.01 1.3
vt -0.24 1.175
vt -0.1825 1.3
vt -0.0675 1.175
vt -0.0675 1.3
vt -0.1825 1.175
vt -0.01 2.05
vt -0.24 1.3
vt -0.24 2.05
vt -0.01 1.3
vt -0.1825 1.3
vt -0.0675 2.05
vt -0.0675 1.3
vt -0.1825 2.05
vt -0.24 1.3
vt -0.01 1.175
vt -0.24 1.175
vt -0.01 1.3
vt -0.1825 1.3
vt -0.0675 1.175
vt -0.1825 1.175
vt -0.0675 1.3
vt -0.24 1.3
vt -0.01 2.05
vt -0.24 2.05
vt -0.01 1.3
vt -0.1825 1.3
vt -0.0675 2.05
vt -0.1825 2.05
vt -0.0675 1.3
vt -0.24 1.3
vt -0.01 1.175
vt -0.01 1.3
vt -0.24 1.175
vt -0.1825 1.3
vt -0.0675 1.175
vt -0.0675 1.3
vt -0.1825 1.175
vt -0.01 2.05
vt -0.24 1.3
vt -0.24 2.05
vt -0.01 1.3
vt -0.1825 1.3
vt -0.0675 2.05
vt -0.0675 1.3
vt -0.1825 2.05
vt -0.24 1.3
vt -0.01 1.175
vt -0.24 1.175
vt -0.01 1.3
vt -0.1825 1.3
vt -0.0675 1.175
vt -0.1825 1.175
vt -0.0675 1.3
vt -0.24 1.3
vt -0.01 2.05
vt -0.24 2.05
vt -0.01 1.3
vt -0.1825 1.3
vt -0.0675 2.05
vt -0.1825 2.05
vt -0.0675 1.3
vt -0.24 1.3
vt -0.01 1.175
vt -0.01 1.3
vt -0.24 1.175
vt -0.1825 1.3
vt -0.0675 1.175
vt -0.0675 1.3
vt -0.1825 1.175
vt -0.01 2.05
vt -0.24 1.3
vt -0.24 2.05
vt -0.01 1.3
vt -0.1825 1.3
vt -0.0675 2.05
vt -0.0675 1.3
vt -0.1825 2.05
vt -0.24 1.3
vt -0.01 1.175
vt -0.24 1.175
vt -0.01 1.3
vt -0.1825 1.3
vt -0.0675 1.175
vt -0.1825 1.175
vt -0.0675 1.3
vt -0.24 1.3
vt -0.01 2.05
vt -0.24 2.05
vt -0.01 1.3
vt -0.1825 1.3
vt -0.0675 2.05
vt -0.1825 2.05
vt -0.0675 1.3
vt -0.24 1.3
vt -0.01 1.175
vt -0.01 1.3
vt -0.24 1.175
vt -0.1825 1.3
vt -0.0675 1.175
vt -0.0675 1.3
vt -0.1825 1.175
vt -0.01 2.05
vt -0.24 1.3
vt -0.24 2.05
vt -0.01 1.3
vt -0.1825 1.3
vt -0.0675 2.05
vt -0.0675 1.3
vt -0.1825 2.05
vt -0.24 1.3
vt -0.01 1.175
vt -0.24 1.175
vt -0.01 1.3
vt -0.1825 1.3
vt -0.0675 1.175
vt -0.1825 1.175
vt -0.0675 1.3
vt -0.24 1.3
vt -0.01 2.05
vt -0.24 2.05
vt -0.01 1.3
vt -0.1825 1.3
vt -0.0675 2.05
vt -0.1825 2.05
vt -0.0675 1.3
vt -0.24 1.3
vt -0.01 1.175
vt -0.01 1.3
vt -0.24 1.175
vt -0.1825 1.3
vt -0.0675 1.175
vt -0.0675 1.3
vt -0.1825 1.175
vt -0.01 2.05
vt -0.24 1.3
vt -0.24 2.05
vt -0.01 1.3
vt -0.1825 1.3
vt -0.0675 2.05
vt -0.0675 1.3
vt -0.1825 2.05
vt -0.24 1.3
vt -0.01 1.175
vt -0.24 1.175
vt -0.01 1.3
vt -0.1825 1.3
vt -0.0675 1.175
vt -0.1825 1.175
vt -0.0675 1.3
vn -0.223404 0.974704 -0.006513
vn -0.778825 0.627187 -0.008293
vn -0.107132 0.994227 -0.005863
vn -0.778825 0.627187 -0.008293
vn 0.627331 0.778752 0.000002
vn 0.627331 0.778752 0.000002
vn -0.223404 0.974704 -0.006513
vn -0.107132 0.994227 -0.005863
vn -0.778834 0.627175 -0.008304
vn -0.778834 0.627175 -0.008304
vn -0.778834 0.627175 -0.008304
vn -0.778834 0.627175 -0.008304
vn 0.459988 0.562117 -0.68734
vn 0.459988 0.562117 -0.68734
vn 0.459988 0.562117 -0.68734
vn 0.459988 0.562117 -0.68734
vn 0.778825 -0.627187 0.008293
vn 0.223404 -0.974704 0.006513
vn 0.107132 -0.994227 0.005863
vn 0.778825 -0.627187 0.008293
vn 0.107132 -0.994227 0.005863
vn 0.223404 -0.974704 0.006513
vn -0.627331 -0.778752 -0.000002
vn -0.627331 -0.778752 -0.000002
vn 0.778834 -0.627175 0.008304
vn 0.778834 -0.627175 0.008304
vn 0.778834 -0.627175 0.008304
vn 0.778834 -0.627175 0.008304
vn -0.459988 -0.562117 0.68734
vn -0.459988 -0.562117 0.68734
vn -0.459988 -0.562117 0.68734
vn -0.459988 -0.562117 0.68734
vn -0.27997 0.959927 -0.012502
vn -0.81406 0.580563 -0.015922
vn -0.165047 0.986221 -0.011255
vn -0.814059 0.580563 -0.015922
vn 0.580649 0.814154 0.000005
vn 0.580649 0.814154 0.000005
vn -0.27997 0.959927 -0.012502
vn -0.165047 0.986221 -0.011255
vn -0.814069 0.580551 -0.015908
vn -0.814069 0.580551 -0.015908
vn -0.814069 0.580551 -0.015908
vn -0.814069 0.580551 -0.015908
vn 0.430635 0.584979 -0.687279
vn 0.430635 0.584979 -0.687279
vn 0.430635 0.584979 -0.687279
vn 0.430635 0.584979 -0.687279
vn 0.814059 -0.580563 0.015922
vn 0.27997 -0.959927 0.012502
vn 0.165047 -0.986221 0.011255
vn 0.814059 -0.580563 0.015922
vn 0.165047 -0.986221 0.011255
vn 0.27997 -0.959927 0.012502
vn -0.580649 -0.814154 -0.000005
vn -0.580649 -0.814154 -0.000005
vn 0.814069 -0.580551 0.015908
vn 0.814069 -0.580551 0.015908
vn 0.814069 -0.580551 0.015908
vn 0.814069 -0.580551 0.015908
vn -0.430635 -0.584979 0.687279
vn -0.430635 -0.584979 0.687279
vn -0.430635 -0.584979 0.687279
vn -0.430635 -0.584979 0.687279
vn -0.291588 0.956296 0.021764
vn -0.820931 0.570354 0.027708
vn -0.177011 0.984014 0.019594
vn -0.820931 0.570354 0.027708
vn 0.570606 0.821224 0.000001
vn -0.177011 0.984014 0.019594
vn 0.570606 0.821224 0.000001
vn -0.291588 0.956296 0.021764
vn -0.820931 0.570353 0.027722
vn -0.820931 0.570353 0.027722
vn -0.820931 0.570353 0.027722
vn -0.820931 0.570353 0.027722
vn 0.398802 0.607335 -0.687096
vn 0.398802 0.607335 -0.687096
vn 0.398802 0.607335 -0.687096
vn 0.398802 0.607335 -0.687096
vn 0.820931 -0.570354 -0.027708
vn 0.291588 -0.956296 -0.021764
vn 0.177011 -0.984014 -0.019594
vn 0.820931 -0.570354 -0.027708
vn -0.570606 -0.821224 -0.000001
vn 0.177011 -0.984014 -0.019594
vn 0.291588 -0.956296 -0.021764
vn -0.570606 -0.821224 -0.000001
vn 0.820931 -0.570353 -0.027722
vn 0.820931 -0.570353 -0.027722
vn 0.820931 -0.570353 -0.027722
vn 0.820931 -0.570353 -0.027722
vn -0.398802 -0.607335 0.687096
vn -0.398802 -0.607335 0.687096
vn -0.398802 -0.607335 0.687096
vn -0.398802 -0.607335 0.687096
vn -0.290977 0.956396 0.025286
vn -0.820483 0.570763 0.032196
vn -0.176424 0.984051 0.022766
vn -0.820483 0.570763 0.032196
vn 0.570975 0.820968 0.000001
vn -0.176424 0.984051 0.022766
vn 0.570975 0.820968 0.000001
vn -0.290977 0.956396 0.025286
vn -0.820499 0.570741 0.032188
vn -0.820499 0.570741 0.032188
vn -0.820499 0.570741 0.032188
vn -0.820499 0.570741 0.032188
vn 0.396624 0.608864 -0.687004
vn 0.396624 0.608864 -0.687004
vn 0.396624 0.608864 -0.687004
vn 0.396624 0.608864 -0.687004
vn 0.820483 -0.570763 -0.032196
vn 0.290977 -0.956396 -0.025286
vn 0.176424 -0.984051 -0.022766
vn 0.820483 -0.570763 -0.032196
vn -0.570975 -0.820968 -0.000001
vn 0.176424 -0.984051 -0.022766
vn 0.290977 -0.956396 -0.025286
vn -0.570975 -0.820968 -0.000001
vn 0.820499 -0.570741 -0.032188
vn 0.820499 -0.570741 -0.032188
vn 0.820499 -0.570741 -0.032188
vn 0.820499 -0.570741 -0.032188
vn -0.396624 -0.608864 0.687004
vn -0.396624 -0.608864 0.687004
vn -0.396624 -0.608864 0.687004
vn -0.396624 -0.608864 0.687004
vn -0.293076 0.955715 0.026752
vn -0.821715 0.568879 0.034061
vn -0.178591 0.983629 0.024085
vn -0.821715 0.568879 0.034061
vn 0.56914 0.822241 0.000002
vn -0.178591 0.983629 0.024085
vn 0.56914 0.822241 0.000002
vn -0.293076 0.955715 0.026752
vn -0.82172 0.568874 0.03404
vn -0.82172 0.568874 0.03404
vn -0.82172 0.568874 0.03404
vn -0.82172 0.568874 0.03404
vn 0.394135 0.610539 -0.686949
vn 0.394135 0.610539 -0.686949
vn 0.394135 0.610539 -0.686949
vn 0.394135 0.610539 -0.686949
vn 0.821715 -0.568879 -0.034061
vn 0.293076 -0.955715 -0.026752
vn 0.178591 -0.983629 -0.024085
vn 0.821715 -0.568879 -0.034061
vn -0.56914 -0.822241 -0.000002
vn 0.178591 -0.983629 -0.024085
vn 0.293076 -0.955715 -0.026752
vn -0.56914 -0.822241 -0.000002
vn 0.82172 -0.568874 -0.03404
vn 0.82172 -0.568874 -0.03404
vn 0.82172 -0.568874 -0.03404
vn 0.82172 -0.568874 -0.03404
vn -0.394135 -0.610539 0.686949
vn -0.394135 -0.610539 0.686949
vn -0.394135 -0.610539 0.686949
vn -0.394135 -0.610539 0.686949
vn -0.297459 0.95432 0.028123
vn -0.824313 0.565001 0.035808
vn -0.183081 0.982772 0.025319
vn -0.824313 0.565001 0.035808
vn 0.565398 0.824818 -0.000002
vn -0.183081 0.982772 0.025319
vn 0.565398 0.824818 -0.000002
vn -0.297459 0.95432 0.028123
vn -0.824327 0.56498 0.035813
vn -0.824327 0.56498 0.035813
vn -0.824327 0.56498 0.035813
vn -0.824327 0.56498 0.035813
vn 0.390278 0.613052 -0.686913
vn 0.390278 0.613052 -0.686913
vn 0.390278 0.613053 -0.686913
vn 0.390278 0.613053 -0.686913
vn 0.824313 -0.565001 -0.035808
vn 0.297459 -0.95432 -0.028123
vn 0.183081 -0.982772 -0.025319
vn 0.824313 -0.565001 -0.035808
vn -0.565398 -0.824818 0.000002
vn 0.183081 -0.982772 -0.025319
vn 0.297459 -0.95432 -0.028123
vn -0.565398 -0.824818 0.000002
vn 0.824327 -0.56498 -0.035813
vn 0.824327 -0.56498 -0.035813
vn 0.824327 -0.56498 -0.035813
vn 0.824327 -0.56498 -0.035813
vn -0.390278 -0.613052 0.686913
vn -0.390278 -0.613052 0.686913
vn -0.390278 -0.613052 0.686913
vn -0.390278 -0.613052 0.686913
vn -0.308421 0.950724 0.031626
vn -0.83065 0.555337 0.040266
vn -0.194417 0.980506 0.028474
vn -0.83065 0.555337 0.040266
vn 0.555687 0.831392 0.000005
vn -0.194417 0.980506 0.028474
vn 0.555687 0.831392 0.000005
vn -0.308421 0.950724 0.031626
vn -0.830659 0.555322 0.040292
vn -0.830658 0.555322 0.040292
vn -0.830658 0.555322 0.040292
vn -0.830659 0.555322 0.040292
vn 0.380696 0.619167 -0.686806
vn 0.380696 0.619167 -0.686806
vn 0.380696 0.619167 -0.686806
vn 0.380696 0.619167 -0.686806
vn 0.83065 -0.555337 -0.040266
vn 0.308421 -0.950724 -0.031626
vn 0.194417 -0.980506 -0.028474
vn 0.83065 -0.555337 -0.040266
vn -0.555687 -0.831392 -0.000005
vn 0.194417 -0.980506 -0.028474
vn 0.308421 -0.950724 -0.031626
vn -0.555687 -0.831392 -0.000005
vn 0.830659 -0.555322 -0.040292
vn 0.830658 -0.555322 -0.040292
vn 0.830658 -0.555322 -0.040292
vn 0.830659 -0.555322 -0.040292
vn -0.380696 -0.619167 0.686806
vn -0.380696 -0.619167 0.686806
vn -0.380696 -0.619167 0.686806
vn -0.380696 -0.619167 0.686806
vn -0.320091 0.946708 0.03586
vn -0.837347 0.544761 0.045662
vn -0.206466 0.977921 0.032284
vn -0.837347 0.544761 0.045662
vn 0.545369 0.838196 -0.000006
vn -0.206466 0.977921 0.032284
vn 0.545369 0.838196 -0.000006
vn -0.320091 0.946708 0.03586
vn -0.837335 0.544784 0.045612
vn -0.837335 0.544784 0.045612
vn -0.837335 0.544784 0.045612
vn -0.837335 0.544784 0.045612
vn 0.369774 0.62593 -0.686643
vn 0.369774 0.62593 -0.686643
vn 0.369774 0.62593 -0.686643
vn 0.369774 0.62593 -0.686643
vn 0.837347 -0.544761 -0.045662
vn 0.320091 -0.946708 -0.03586
vn 0.206466 -0.977921 -0.032284
vn 0.837347 -0.544761 -0.045662
vn -0.545369 -0.838196 0.000006
vn 0.206466 -0.977921 -0.032284
vn 0.320091 -0.946708 -0.03586
vn -0.545369 -0.838196 0.000006
vn 0.837335 -0.544784 -0.045612
vn 0.837335 -0.544784 -0.045612
vn 0.837335 -0.544784 -0.045612
vn 0.837335 -0.544784 -0.045612
vn -0.369774 -0.62593 0.686643
vn -0.369774 -0.62593 0.686643
vn -0.369774 -0.62593 0.686643
vn -0.369774 -0.62593 0.686643
vn -0.327941 0.944074 0.034346
vn -0.841868 0.537909 0.04373
vn -0.21457 0.976219 0.030922
vn -0.841868 0.537909 0.04373
vn 0.538422 0.842675 0.000001
vn -0.21457 0.976219 0.030922
vn 0.538422 0.842675 0.000001
vn -0.327941 0.944074 0.034346
vn -0.841873 0.537898 0.043777
vn -0.841873 0.537898 0.043777
vn -0.841873 0.537898 0.043777
vn -0.841873 0.537898 0.043777
vn 0.365652 0.628285 -0.686699
vn 0.365652 0.628285 -0.686699
vn 0.365652 0.628285 -0.686699
vn 0.365652 0.628285 -0.686699
vn 0.841868 -0.537909 -0.04373
vn 0.327941 -0.944074 -0.034346
vn 0.214571 -0.976219 -0.030922
vn 0.841868 -0.537909 -0.04373
vn -0.538422 -0.842676 -0.000001
vn 0.214571 -0.976219 -0.030922
vn 0.327941 -0.944074 -0.034346
vn -0.538422 -0.842675 -0.000001
vn 0.841873 -0.537898 -0.043777
vn 0.841873 -0.537898 -0.043777
vn 0.841873 -0.537898 -0.043777
vn 0.841873 -0.537898 -0.043777
vn -0.365652 -0.628285 0.686699
vn -0.365652 -0.628285 0.686699
vn -0.365652 -0.628285 0.686699
vn -0.365652 -0.628285 0.686699
vn -0.335883 0.941375 0.031556
vn -0.846437 0.530971 0.040175
vn -0.22277 0.974457 0.02841
vn -0.846437 0.530971 0.040175
vn 0.53139 0.847127 0.000003
vn -0.22277 0.974457 0.02841
vn 0.53139 0.847127 0.000003
vn -0.335883 0.941375 0.031556
vn -0.846408 0.531018 0.04016
vn -0.846408 0.531018 0.04016
vn -0.846408 0.531018 0.04016
vn -0.846408 0.531018 0.04016
vn 0.362653 0.629902 -0.686809
vn 0.362653 0.629902 -0.686809
vn 0.362653 0.629902 -0.686809
vn 0.362653 0.629902 -0.686809
vn 0.846437 -0.530971 -0.040175
vn 0.335883 -0.941375 -0.031556
vn 0.22277 -0.974457 -0.02841
vn 0.846437 -0.530971 -0.040175
vn -0.53139 -0.847127 -0.000003
vn 0.22277 -0.974457 -0.02841
vn 0.335883 -0.941375 -0.031556
vn -0.53139 -0.847127 -0.000003
vn 0.846408 -0.531018 -0.04016
vn 0.846408 -0.531018 -0.04016
vn 0.846408 -0.531018 -0.04016
vn 0.846408 -0.531018 -0.04016
vn -0.362653 -0.629902 0.686809
vn -0.362653 -0.629902 0.686809
vn -0.362653 -0.629902 0.686809
vn -0.362653 -0.629902 0.686809
vn -0.34147 0.939394 0.030621
vn -0.849602 0.525981 0.038986
vn -0.228549 0.973142 0.027568
vn -0.849602 0.525981 0.038986
vn 0.526384 0.850247 0.000002
vn -0.228549 0.973142 0.027568
vn 0.526384 0.850247 0.000002
vn -0.34147 0.939394 0.030621
vn -0.849601 0.52598 0.039026
vn -0.849601 0.52598 0.039026
vn -0.849601 0.52598 0.039026
vn -0.849601 0.52598 0.039026
vn 0.35954 0.631652 -0.686839
vn 0.35954 0.631652 -0.686839
vn 0.35954 0.631652 -0.686839
vn 0.35954 0.631652 -0.686839
vn 0.849602 -0.525981 -0.038986
vn 0.34147 -0.939394 -0.030621
vn 0.228549 -0.973142 -0.027568
vn 0.849602 -0.525981 -0.038986
vn -0.526384 -0.850247 -0.000002
vn 0.228549 -0.973142 -0.027568
vn 0.34147 -0.939394 -0.030621
vn -0.526384 -0.850247 -0.000002
vn 0.849601 -0.52598 -0.039026
vn 0.849601 -0.52598 -0.039026
vn 0.849601 -0.52598 -0.039026
vn 0.849601 -0.52598 -0.039026
vn -0.35954 -0.631652 0.686839
vn -0.35954 -0.631652 0.686839
vn -0.35954 -0.631652 0.686839
vn -0.35954 -0.631652 0.686839
vn -0.340785 0.939642 0.030636
vn -0.849202 0.526625 0.039003
vn -0.227847 0.973306 0.027582
vn -0.849202 0.526625 0.039003
vn 0.52697 0.849884 0.000005
vn -0.227847 0.973306 0.027582
vn 0.52697 0.849884 0.000005
vn -0.340785 0.939642 0.030636
vn -0.849178 0.526665 0.039012
vn -0.849178 0.526665 0.039012
vn -0.849178 0.526665 0.039012
vn -0.849178 0.526665 0.039012
vn 0.360047 0.631349 -0.686851
vn 0.360047 0.631349 -0.686851
vn 0.360047 0.631349 -0.686851
vn 0.360047 0.631349 -0.686851
vn 0.849202 -0.526625 -0.039003
vn 0.340785 -0.939642 -0.030636
vn 0.227847 -0.973306 -0.027582
vn 0.849202 -0.526625 -0.039003
vn -0.52697 -0.849884 -0.000005
vn 0.227847 -0.973306 -0.027582
vn 0.340785 -0.939642 -0.030636
vn -0.52697 -0.849884 -0.000005
vn 0.849178 -0.526665 -0.039012
vn 0.849178 -0.526665 -0.039012
vn 0.849178 -0.526665 -0.039012
vn 0.849178 -0.526665 -0.039012
vn -0.360047 -0.631349 0.686851
vn -0.360047 -0.631349 0.686851
vn -0.360047 -0.631349 0.686851
vn -0.360047 -0.631349 0.686851
vn -0.340807 0.939633 0.03068
vn -0.849229 0.526578 0.039065
vn -0.22787 0.9733 0.02762
vn -0.849229 0.526578 0.039065
vn 0.526967 0.849886 -0.000004
vn -0.22787 0.9733 0.02762
vn 0.526967 0.849886 -0.000004
vn -0.340807 0.939633 0.03068
vn -0.849265 0.526523 0.039015
vn -0.849265 0.526523 0.039015
vn -0.849265 0.526523 0.039015
vn -0.849265 0.526523 0.039015
vn 0.3599 0.631452 -0.686833
vn 0.3599 0.631452 -0.686833
vn 0.3599 0.631452 -0.686833
vn 0.3599 0.631452 -0.686833
vn 0.849229 -0.526578 -0.039065
vn 0.340807 -0.939633 -0.03068
vn 0.22787 -0.9733 -0.02762
vn 0.849229 -0.526578 -0.039065
vn -0.526967 -0.849886 0.000004
vn 0.22787 -0.9733 -0.02762
vn 0.340807 -0.939633 -0.03068
vn -0.526967 -0.849886 0.000004
vn 0.849265 -0.526523 -0.039015
vn 0.849265 -0.526523 -0.039015
vn 0.849265 -0.526523 -0.039015
vn 0.849265 -0.526523 -0.039015
vn -0.3599 -0.631452 0.686833
vn -0.3599 -0.631452 0.686833
vn -0.3599 -0.631452 0.686833
vn -0.3599 -0.631452 0.686833
vn -0.345496 0.937957 0.029492
vn -0.851887 0.522378 0.037552
vn -0.232718 0.972182 0.026551
vn -0.851887 0.522378 0.037552
vn 0.522782 0.852466 -0.000004
vn -0.232718 0.972182 0.026551
vn 0.522782 0.852466 -0.000004
vn -0.345496 0.937957 0.029492
vn -0.851952 0.522269 0.037583
vn -0.851952 0.522269 0.037583
vn -0.851952 0.522269 0.037583
vn -0.851952 0.522269 0.037583
vn 0.357608 0.63271 -0.686873
vn 0.357608 0.63271 -0.686873
vn 0.357608 0.63271 -0.686873
vn 0.357608 0.63271 -0.686873
vn 0.851887 -0.522378 -0.037552
vn 0.345496 -0.937957 -0.029492
vn 0.232718 -0.972182 -0.026551
vn 0.851887 -0.522378 -0.037552
vn -0.522782 -0.852466 0.000004
vn 0.232718 -0.972182 -0.026551
vn 0.345496 -0.937957 -0.029492
vn -0.522782 -0.852466 0.000004
vn 0.851952 -0.522269 -0.037583
vn 0.851952 -0.522269 -0.037583
vn 0.851952 -0.522269 -0.037583
vn 0.851952 -0.522269 -0.037583
vn -0.357608 -0.63271 0.686873
vn -0.357608 -0.63271 0.686873
vn -0.357608 -0.63271 0.686873
vn -0.357608 -0.63271 0.686873
vn -0.354239 0.934773 0.026737
vn -0.856766 0.51458 0.034046
vn -0.241794 0.970029 0.024071
vn -0.856766 0.51458 0.034046
vn 0.514809 0.857305 -0.000002
vn -0.241794 0.970029 0.024071
vn 0.514809 0.857305 -0.000002
vn -0.354239 0.934773 0.026737
vn -0.856788 0.514544 0.034032
vn -0.856788 0.514544 0.034032
vn -0.856788 0.514544 0.034032
vn -0.856788 0.514544 0.034032
vn 0.353846 0.634729 -0.686959
vn 0.353846 0.634729 -0.686959
vn 0.353846 0.634728 -0.686959
vn 0.353846 0.634728 -0.686959
vn 0.856766 -0.51458 -0.034046
vn 0.354239 -0.934773 -0.026737
vn 0.241794 -0.970029 -0.024071
vn 0.856766 -0.51458 -0.034046
vn -0.514809 -0.857305 0.000002
vn 0.241794 -0.970029 -0.024071
vn 0.354239 -0.934773 -0.026737
vn -0.514809 -0.857305 0.000002
vn 0.856788 -0.514544 -0.034032
vn 0.856788 -0.514544 -0.034032
vn 0.856788 -0.514544 -0.034032
vn 0.856788 -0.514544 -0.034032
vn -0.353846 -0.634729 0.686959
vn -0.353846 -0.634729 0.686959
vn -0.353846 -0.634728 0.686959
vn -0.353846 -0.634728 0.686959
vn -0.361436 0.932075 0.024494
vn -0.860786 0.508011 0.031192
vn -0.249253 0.968187 0.022051
vn -0.860786 0.508011 0.031192
vn 0.508312 0.861173 -0.000009
vn -0.249253 0.968187 0.022051
vn 0.508312 0.861173 -0.000009
vn -0.361436 0.932075 0.024494
vn -0.86086 0.507889 0.031142
vn -0.860859 0.507889 0.031142
vn -0.86086 0.507889 0.031142
vn -0.86086 0.507889 0.031142
vn 0.350739 0.636387 -0.687018
vn 0.350739 0.636387 -0.687018
vn 0.350739 0.636387 -0.687018
vn 0.350739 0.636387 -0.687018
vn 0.860786 -0.508011 -0.031192
vn 0.361436 -0.932075 -0.024494
vn 0.249253 -0.968187 -0.022051
vn 0.860786 -0.508011 -0.031192
vn -0.508312 -0.861173 0.000009
vn 0.249253 -0.968187 -0.022051
vn 0.361436 -0.932075 -0.024494
vn -0.508312 -0.861173 0.000009
vn 0.860859 -0.507889 -0.031142
vn 0.860859 -0.507889 -0.031142
vn 0.860859 -0.507889 -0.031142
vn 0.86086 -0.507889 -0.031142
vn -0.350739 -0.636387 0.687018
vn -0.350739 -0.636387 0.687018
vn -0.350739 -0.636387 0.687018
vn -0.350739 -0.636387 0.687018
vn -0.367782 0.929588 0.024562
vn -0.864191 0.502191 0.03127
vn -0.255829 0.966469 0.022113
vn -0.864191 0.502191 0.03127
vn 0.502377 0.864649 0.000004
vn -0.255829 0.966469 0.022113
vn 0.502377 0.864649 0.000004
vn -0.367782 0.929588 0.024562
vn -0.864261 0.502071 0.031276
vn -0.864261 0.502071 0.031276
vn -0.864261 0.502071 0.031276
vn -0.864261 0.502071 0.031276
vn 0.346314 0.638788 -0.687034
vn 0.346314 0.638788 -0.687034
vn 0.346314 0.638788 -0.687034
vn 0.346314 0.638788 -0.687034
vn 0.864191 -0.502191 -0.03127
vn 0.367782 -0.929588 -0.024562
vn 0.255829 -0.966469 -0.022113
vn 0.864191 -0.502191 -0.03127
vn -0.502377 -0.864649 -0.000004
vn 0.255829 -0.966469 -0.022113
vn 0.367782 -0.929588 -0.024562
vn -0.502377 -0.864649 -0.000004
vn 0.864261 -0.502071 -0.031276
vn 0.864261 -0.502071 -0.031276
vn 0.864261 -0.502071 -0.031276
vn 0.864261 -0.502071 -0.031276
vn -0.346314 -0.638788 0.687034
vn -0.346314 -0.638788 0.687034
vn -0.346314 -0.638788 0.687034
vn -0.346314 -0.638788 0.687034
vn -0.372072 0.927866 0.025058
vn -0.866518 0.498126 0.031906
vn -0.260282 0.965269 0.022559
vn -0.866518 0.498126 0.031906
vn 0.49843 0.86693 -0.000004
vn -0.260282 0.965269 0.022559
vn 0.49843 0.86693 -0.000004
vn -0.372072 0.927866 0.025058
vn -0.866548 0.498078 0.031824
vn -0.866548 0.498078 0.031824
vn -0.866548 0.498078 0.031824
vn -0.866548 0.498078 0.031824
vn 0.342981 0.64059 -0.687029
vn 0.342981 0.64059 -0.687029
vn 0.342981 0.64059 -0.687029
vn 0.342981 0.64059 -0.687029
vn 0.866518 -0.498126 -0.031906
vn 0.372072 -0.927866 -0.025058
vn 0.260282 -0.965269 -0.022559
vn 0.866518 -0.498126 -0.031906
vn -0.49843 -0.86693 0.000004
vn 0.260282 -0.965269 -0.022559
vn 0.372072 -0.927866 -0.025058
vn -0.49843 -0.86693 0.000004
vn 0.866548 -0.498078 -0.031824
vn 0.866548 -0.498078 -0.031824
vn 0.866548 -0.498078 -0.031824
vn 0.866548 -0.498078 -0.031824
vn -0.342981 -0.64059 0.687029
vn -0.342981 -0.64059 0.687029
vn -0.342981 -0.64059 0.687029
vn -0.342981 -0.64059 0.687029
vn -0.379969 0.924653 0.02529
vn -0.870731 0.490705 0.032196
vn -0.268492 0.963013 0.022768
vn -0.870731 0.490705 0.032196
vn 0.491023 0.871147 0.000003
vn -0.268492 0.963013 0.022768
vn 0.491023 0.871147 0.000003
vn -0.379969 0.924653 0.02529
vn -0.870695 0.490767 0.03223
vn -0.870695 0.490767 0.03223
vn -0.870695 0.490767 0.03223
vn -0.870695 0.490767 0.03223
vn 0.337178 0.643686 -0.687008
vn 0.337178 0.643686 -0.687008
vn 0.337178 0.643686 -0.687008
vn 0.337178 0.643686 -0.687008
vn 0.870731 -0.490705 -0.032196
vn 0.37997 -0.924653 -0.02529
vn 0.268493 -0.963013 -0.022768
vn 0.870731 -0.490705 -0.032196
vn -0.491023 -0.871147 -0.000003
vn 0.268493 -0.963013 -0.022768
vn 0.37997 -0.924653 -0.02529
vn -0.491023 -0.871147 -0.000003
vn 0.870695 -0.490767 -0.03223
vn 0.870695 -0.490767 -0.03223
vn 0.870695 -0.490767 -0.03223
vn 0.870695 -0.490767 -0.03223
vn -0.337178 -0.643686 0.687008
vn -0.337178 -0.643686 0.687008
vn -0.337178 -0.643686 0.687008
vn -0.337178 -0.643686 0.687008
vn -0.392803 0.919253 0.026062
vn -0.877432 0.478552 0.033184
vn -0.281908 0.959154 0.023464
vn -0.877432 0.478552 0.033184
vn 0.478731 0.877961 0.000001
vn -0.281908 0.959154 0.023464
vn 0.478731 0.877961 0.000001
vn -0.392803 0.919253 0.026062
vn -0.877451 0.478519 0.033162
vn -0.877451 0.478519 0.033162
vn -0.877451 0.478519 0.033162
vn -0.877451 0.478519 0.033162
vn 0.327703 0.648593 -0.686978
vn 0.327703 0.648593 -0.686978
vn 0.327703 0.648593 -0.686978
vn 0.327703 0.648593 -0.686978
vn 0.877432 -0.478552 -0.033184
vn 0.392803 -0.919253 -0.026062
vn 0.281908 -0.959154 -0.023464
vn 0.877432 -0.478552 -0.033184
vn -0.478731 -0.877961 -0.000001
vn 0.281908 -0.959154 -0.023464
vn 0.392803 -0.919253 -0.026062
vn -0.478731 -0.877961 -0.000001
vn 0.877451 -0.478519 -0.033162
vn 0.877451 -0.478519 -0.033162
vn 0.877451 -0.478519 -0.033162
vn 0.877451 -0.478519 -0.033162
vn -0.327703 -0.648593 0.686978
vn -0.327703 -0.648593 0.686978
vn -0.327703 -0.648593 0.686978
vn -0.327703 -0.648593 0.686978
vn -0.406394 0.913313 0.02652
vn -0.884409 0.465489 0.033768
vn -0.296127 0.95485 0.023877
vn -0.884409 0.465489 0.033768
vn 0.465586 0.885002 0.000002
vn -0.296127 0.95485 0.023877
vn 0.465586 0.885002 0.000002
vn -0.406394 0.913313 0.02652
vn -0.884476 0.465364 0.033747
vn -0.884476 0.465364 0.033747
vn -0.884476 0.465364 0.033747
vn -0.884476 0.465364 0.033747
vn 0.317632 0.653607 -0.686955
vn 0.317632 0.653607 -0.686955
vn 0.317632 0.653607 -0.686955
vn 0.317632 0.653607 -0.686955
vn 0.884409 -0.465489 -0.033768
vn 0.406394 -0.913313 -0.02652
vn 0.296127 -0.95485 -0.023877
vn 0.884409 -0.465489 -0.033768
vn -0.465586 -0.885002 -0.000002
vn 0.296127 -0.95485 -0.023877
vn 0.406394 -0.913313 -0.02652
vn -0.465586 -0.885002 -0.000002
vn 0.884476 -0.465364 -0.033747
vn 0.884476 -0.465364 -0.033747
vn 0.884476 -0.465364 -0.033747
vn 0.884476 -0.465364 -0.033747
vn -0.317632 -0.653607 0.686955
vn -0.317632 -0.653607 0.686955
vn -0.317632 -0.653607 0.686955
vn -0.317632 -0.653607 0.686955
vn -0.409305 0.911993 0.027156
vn -0.885924 0.46254 0.034576
vn -0.299122 0.953902 0.024448
vn -0.885924 0.46254 0.034576
vn 0.462922 0.886399 -0.000003
vn -0.299122 0.953902 0.024448
vn 0.462922 0.886399 -0.000003
vn -0.409305 0.911993 0.027156
vn -0.885945 0.462504 0.034527
vn -0.885945 0.462504 0.034527
vn -0.885945 0.462504 0.034527
vn -0.885945 0.462504 0.034527
vn 0.315148 0.654827 -0.686938
vn 0.315148 0.654827 -0.686938
vn 0.315148 0.654827 -0.686938
vn 0.315148 0.654827 -0.686938
vn 0.885924 -0.46254 -0.034576
vn 0.409305 -0.911993 -0.027156
vn 0.299122 -0.953902 -0.024448
vn 0.885924 -0.46254 -0.034576
vn -0.462921 -0.886399 0.000003
vn 0.299122 -0.953902 -0.024448
vn 0.409305 -0.911993 -0.027156
vn -0.462921 -0.886399 0.000003
vn 0.885945 -0.462504 -0.034527
vn 0.885945 -0.462504 -0.034527
vn 0.885945 -0.462504 -0.034527
vn 0.885945 -0.462504 -0.034527
vn -0.315148 -0.654827 0.686938
vn -0.315148 -0.654827 0.686938
vn -0.315149 -0.654827 0.686938
vn -0.315149 -0.654827 0.686938
vn -0.403068 0.914727 0.028467
vn -0.882636 0.468658 0.036242
vn -0.292654 0.955875 0.025631
vn -0.882636 0.468658 0.036242
vn 0.468686 0.883365 0.000011
vn -0.292654 0.955875 0.025631
vn 0.468686 0.883365 0.000011
vn -0.403068 0.914727 0.028467
vn -0.882632 0.468663 0.036265
vn -0.882632 0.468663 0.036265
vn -0.882632 0.468663 0.036265
vn -0.882632 0.468663 0.036265
vn 0.318386 0.653278 -0.68692
vn 0.318386 0.653278 -0.68692
vn 0.318386 0.653278 -0.68692
vn 0.318386 0.653278 -0.68692
vn 0.882636 -0.468658 -0.036242
vn 0.403068 -0.914727 -0.028467
vn 0.292654 -0.955875 -0.025631
vn 0.882636 -0.468658 -0.036242
vn -0.468686 -0.883365 -0.000011
vn 0.292654 -0.955875 -0.025631
vn 0.403068 -0.914727 -0.028467
vn -0.468686 -0.883365 -0.000011
vn 0.882632 -0.468663 -0.036265
vn 0.882632 -0.468663 -0.036265
vn 0.882632 -0.468663 -0.036265
vn 0.882632 -0.468663 -0.036265
vn -0.318386 -0.653278 0.68692
vn -0.318386 -0.653278 0.68692
vn -0.318386 -0.653278 0.68692
vn -0.318386 -0.653278 0.68692
vn -0.403206 0.914638 0.029378
vn -0.882784 0.468289 0.037402
vn -0.292734 0.955828 0.026448
vn -0.882784 0.468289 0.037402
vn 0.468846 0.88328 -0.000003
vn -0.292734 0.955828 0.026448
vn 0.468846 0.88328 -0.000003
vn -0.403206 0.914638 0.029378
vn -0.88274 0.46837 0.03741
vn -0.88274 0.46837 0.03741
vn -0.88274 0.46837 0.03741
vn -0.88274 0.46837 0.03741
vn 0.31784 0.653575 -0.68689
vn 0.31784 0.653575 -0.68689
vn 0.31784 0.653575 -0.68689
vn 0.31784 0.653575 -0.68689
vn 0.882784 -0.468288 -0.037402
vn 0.403206 -0.914638 -0.029378
vn 0.292734 -0.955828 -0.026448
vn 0.882784 -0.468288 -0.037402
vn -0.468846 -0.88328 0.000003
vn 0.292734 -0.955828 -0.026448
vn 0.403206 -0.914638 -0.029378
vn -0.468846 -0.88328 0.000003
vn 0.88274 -0.46837 -0.03741
vn 0.88274 -0.46837 -0.03741
vn 0.88274 -0.46837 -0.03741
vn 0.88274 -0.46837 -0.03741
vn -0.31784 -0.653575 0.68689
vn -0.317841 -0.653575 0.68689
vn -0.31784 -0.653575 0.68689
vn -0.317841 -0.653575 0.68689
vn -0.411211 0.911103 0.028209
vn -0.88685 0.460658 0.035923
vn -0.301165 0.953234 0.025396
vn -0.88685 0.460658 0.035923
vn 0.460931 0.887436 -0.000006
vn -0.301165 0.953234 0.025396
vn 0.460931 0.887436 -0.000006
vn -0.411211 0.911103 0.028209
vn -0.886822 0.460727 0.035735
vn -0.886822 0.460727 0.035735
vn -0.886822 0.460727 0.035735
vn -0.886822 0.460727 0.035735
vn 0.312903 0.655927 -0.686915
vn 0.312903 0.655927 -0.686915
vn 0.312903 0.655927 -0.686915
vn 0.312903 0.655927 -0.686915
vn 0.88685 -0.460658 -0.035923
vn 0.411211 -0.911103 -0.028209
vn 0.301165 -0.953234 -0.025396
vn 0.88685 -0.460658 -0.035923
vn -0.460931 -0.887436 0.000006
vn 0.301165 -0.953234 -0.025396
vn 0.411211 -0.911103 -0.028209
vn -0.460931 -0.887436 0.000006
vn 0.886822 -0.460727 -0.035735
vn 0.886822 -0.460727 -0.035735
vn 0.886822 -0.460727 -0.035735
vn 0.886822 -0.460727 -0.035735
vn -0.312903 -0.655927 0.686915
vn -0.312903 -0.655927 0.686915
vn -0.312903 -0.655927 0.686915
vn -0.312903 -0.655927 0.686915
vn -0.417594 0.90822 0.027427
vn -0.89008 0.454464 0.034917
vn -0.307792 0.951133 0.024692
vn -0.89008 0.454464 0.034917
vn 0.454806 0.89059 0.000002
vn -0.307792 0.951133 0.024692
vn 0.454806 0.89059 0.000002
vn -0.417594 0.90822 0.027427
vn -0.890153 0.454313 0.035023
vn -0.890153 0.454313 0.035023
vn -0.890153 0.454313 0.035023
vn -0.890153 0.454313 0.035023
vn 0.308815 0.657837 -0.686938
vn 0.308815 0.657837 -0.686938
vn 0.308815 0.657837 -0.686938
vn 0.308815 0.657837 -0.686938
vn 0.89008 -0.454464 -0.034917
vn 0.417594 -0.90822 -0.027427
vn 0.307792 -0.951133 -0.024692
vn 0.89008 -0.454464 -0.034917
vn -0.454806 -0.89059 -0.000002
vn 0.307792 -0.951133 -0.024692
vn 0.417594 -0.90822 -0.027427
vn -0.454806 -0.89059 -0.000002
vn 0.890153 -0.454313 -0.035023
vn 0.890153 -0.454313 -0.035023
vn 0.890153 -0.454313 -0.035023
vn 0.890153 -0.454313 -0.035023
vn -0.308815 -0.657837 0.686938
vn -0.308815 -0.657837 0.686938
vn -0.308815 -0.657837 0.686938
vn -0.308815 -0.657837 0.686938
vn -0.419323 0.907425 0.027353
vn -0.890947 0.45277 0.034821
vn -0.309606 0.950546 0.024626
vn -0.890947 0.45277 0.034821
vn 0.453107 0.891456 0.000004
vn -0.309606 0.950546 0.024626
vn 0.453107 0.891456 0.000004
vn -0.419323 0.907425 0.027353
vn -0.890993 0.452664 0.035016
vn -0.890993 0.452664 0.035016
vn -0.890993 0.452664 0.035016
vn -0.890993 0.452664 0.035016
vn 0.307599 0.658391 -0.686953
vn 0.307599 0.658391 -0.686953
vn 0.307599 0.658391 -0.686953
vn 0.307599 0.658391 -0.686953
vn 0.890947 -0.45277 -0.034821
vn 0.419323 -0.907425 -0.027353
vn 0.309606 -0.950546 -0.024626
vn 0.890947 -0.45277 -0.034821
vn -0.453107 -0.891456 -0.000004
vn 0.309606 -0.950546 -0.024626
vn 0.419323 -0.907425 -0.027353
vn -0.453107 -0.891456 -0.000004
vn 0.890993 -0.452664 -0.035016
vn 0.890993 -0.452664 -0.035016
vn 0.890993 -0.452664 -0.035016
vn 0.890993 -0.452664 -0.035016
vn -0.307599 -0.658391 0.686953
vn -0.307599 -0.658391 0.686953
vn -0.307599 -0.658391 0.686953
vn -0.307599 -0.658391 0.686953
vn -0.417892 0.908066 0.027987
vn -0.890199 0.454177 0.035634
vn -0.30814 0.951007 0.025197
vn -0.890199 0.454177 0.035634
vn 0.454402 0.890796 0.000002
vn -0.30814 0.951007 0.025197
vn 0.454402 0.890796 0.000002
vn -0.417892 0.908066 0.027987
vn -0.890188 0.454191 0.035708
vn -0.890188 0.454191 0.035708
vn -0.890188 0.454191 0.035708
vn -0.890188 0.454191 0.035708
vn 0.30814 0.658168 -0.686924
vn 0.30814 0.658168 -0.686924
vn 0.30814 0.658168 -0.686924
vn 0.30814 0.658168 -0.686924
vn 0.890199 -0.454177 -0.035634
vn 0.417891 -0.908066 -0.027987
vn 0.30814 -0.951007 -0.025197
vn 0.890199 -0.454177 -0.035634
vn -0.454403 -0.890796 -0.000002
vn 0.30814 -0.951007 -0.025197
vn 0.417891 -0.908066 -0.027987
vn -0.454403 -0.890796 -0.000002
vn 0.890188 -0.454191 -0.035708
vn 0.890188 -0.454191 -0.035708
vn 0.890188 -0.454191 -0.035708
vn 0.890188 -0.454191 -0.035708
vn -0.30814 -0.658168 0.686924
vn -0.30814 -0.658168 0.686924
vn -0.30814 -0.658168 0.686924
vn -0.30814 -0.658168 0.686924
vn -0.417885 0.908051 0.028555
vn -0.890221 0.454075 0.036361
vn -0.308106 0.951005 0.025707
vn -0.890221 0.454075 0.036361
vn 0.454531 0.890731 -0.000009
vn -0.308106 0.951005 0.025707
vn 0.454531 0.890731 -0.000009
vn -0.417885 0.908051 0.028555
vn -0.89025 0.454023 0.0363
vn -0.89025 0.454023 0.0363
vn -0.89025 0.454023 0.0363
vn -0.89025 0.454023 0.0363
vn 0.307853 0.658317 -0.68691
vn 0.307853 0.658317 -0.68691
vn 0.307853 0.658317 -0.68691
vn 0.307853 0.658317 -0.68691
vn 0.890221 -0.454075 -0.036361
vn 0.417885 -0.908051 -0.028555
vn 0.308106 -0.951005 -0.025707
vn 0.890221 -0.454075 -0.036361
vn -0.454531 -0.890731 0.000009
vn 0.308106 -0.951005 -0.025707
vn 0.417885 -0.908051 -0.028555
vn -0.454531 -0.890731 0.000009
vn 0.89025 -0.454023 -0.0363
vn 0.89025 -0.454023 -0.0363
vn 0.89025 -0.454023 -0.0363
vn 0.89025 -0.454023 -0.0363
vn -0.307853 -0.658317 0.68691
vn -0.307853 -0.658317 0.68691
vn -0.307853 -0.658317 0.68691
vn -0.307853 -0.658317 0.68691
vn -0.418265 0.907842 0.029631
vn -0.890349 0.453712 0.037726
vn -0.308531 0.95084 0.026677
vn -0.890349 0.453712 0.037726
vn 0.454003 0.891 0.000002
vn -0.308531 0.95084 0.026677
vn 0.454003 0.891 0.000002
vn -0.418265 0.907842 0.029631
vn -0.890368 0.453676 0.03773
vn -0.890368 0.453676 0.03773
vn -0.890368 0.453676 0.03773
vn -0.890368 0.453676 0.03773
vn 0.306543 0.65898 -0.68686
vn 0.306543 0.65898 -0.68686
vn 0.306543 0.65898 -0.68686
vn 0.306543 0.65898 -0.68686
vn 0.890349 -0.453712 -0.037726
vn 0.418265 -0.907842 -0.029631
vn 0.308531 -0.95084 -0.026677
vn 0.890349 -0.453712 -0.037726
vn -0.454003 -0.891 -0.000002
vn 0.308531 -0.95084 -0.026677
vn 0.418265 -0.907842 -0.029631
vn -0.454003 -0.891 -0.000002
vn 0.890368 -0.453676 -0.03773
vn 0.890368 -0.453676 -0.03773
vn 0.890368 -0.453676 -0.03773
vn 0.890368 -0.453676 -0.03773
vn -0.306543 -0.65898 0.68686
vn -0.306543 -0.65898 0.68686
vn -0.306543 -0.65898 0.68686
vn -0.306543 -0.65898 0.68686
f 449/449/449 451/451/451 450/450/450
f 450/450/450 452/452/452 449/449/449
f 453/453/453 455/455/455 454/454/454
f 455/455/455 453/453/453 456/456/456
f 457/457/457 459/459/459 458/458/458
f 460/460/460 457/457/457 458/458/458
f 461/461/461 463/463/463 462/462/462
f 462/462/462 464/464/464 461/461/461
f 465/465/465 467/467/467 466/466/466
f 466/466/466 468/468/468 465/465/465
f 469/469/469 471/471/471 470/470/470
f 471/471/471 472/472/472 470/470/470
f 473/473/473 475/475/475 474/474/474
f 475/475/475 473/473/473 476/476/476
f 477/477/477 479/479/479 478/478/478
f 477/477/477 480/480/480 479/479/479
f 481/481/481 483/483/483 482/482/482
f 482/482/482 484/484/484 481/481/481
f 485/485/485 487/487/487 486/486/486
f 487/487/487 485/485/485 488/488/488
f 489/489/489 491/491/491 490/490/490
f 492/492/492 489/489/489 490/490/490
f 493/493/493 495/495/495 494/494/494
f 494/494/494 496/496/496 493/493/493
f 497/497/497 499/499/499 498/498/498
f 498/498/498 500/500/500 497/497/497
f 501/501/501 503/503/503 502/502/502
f 503/503/503 504/504/504 502/502/502
f 505/505/505 507/507/507 506/506/506
f 507/507/507 505/505/505 508/508/508
f 509/509/509 511/511/511 510/510/510
f 509/509/509 512/512/512 511/511/511
f 513/513/513 515/515/515 514/514/514
f 514/514/514 516/516/516 513/513/513
f 517/517/517 519/519/519 518/518/518
f 518/518/518 520/520/520 517/517/517
f 521/521/521 523/523/523 522/522/522
f 522/522/522 524/524/524 521/521/521
f 525/525/525 527/527/527 526/526/526
f 526/526/526 528/528/528 525/525/525
f 529/529/529 531/531/531 530/530/530
f 530/530/530 532/532/532 529/529/529
f 533/533/533 535/535/535 534/534/534
f 534/534/534 536/536/536 533/533/533
f 537/537/537 539/539/539 538/538/538
f 539/539/539 537/537/537 540/540/540
f 541/541/541 543/543/543 542/542/542
f 542/542/542 544/544/544 541/541/541
f 545/545/545 547/547/547 546/546/546
f 546/546/546 548/548/548 545/545/545
f 549/549/549 551/551/551 550/550/550
f 550/550/550 552/552/552 549/549/549
f 553/553/553 555/555/555 554/554/554
f 554/554/554 556/556/556 553/553/553
f 557/557/557 559/559/559 558/558/558
f 558/558/558 560/560/560 557/557/557
f 561/561/561 563/563/563 562/562/562
f 562/562/562 564/564/564 561/561/561
f 565/565/565 567/567/567 566/566/566
f 566/566/566 568/568/568 565/565/565
f 569/569/569 571/571/571 570/570/570
f 571/571/571 569/569/569 572/572/572
f 573/573/573 575/575/575 574/574/574
f 574/574/574 576/576/576 573/573/573
f 577/577/577 579/579/579 578/578/578
f 578/578/578 580/580/580 577/577/577
f 581/581/581 583/583/583 582/582/582
f 582/582/582 584/584/584 581/581/581
f 585/585/585 587/587/587 586/586/586
f 586/586/586 588/588/588 585/585/585
f 589/589/589 591/591/591 590/590/590
f 590/590/590 592/592/592 589/589/589
f 593/593/593 595/595/595 594/594/594
f 594/594/594 596/596/596 593/593/593
f 597/597/597 599/599/599 598/598/598
f 598/598/598 600/600/600 597/597/597
f 601/601/601 603/603/603 602/602/602
f 603/603/603 601/601/601 604/604/604
f 605/605/605 607/607/607 606/606/606
f 606/606/606 608/608/608 605/605/605
f 609/609/609 611/611/611 610/610/610
f 610/610/610 612/612/612 609/609/609
f 613/613/613 615/615/615 614/614/614
f 614/614/614 616/616/616 613/613/613
f 617/617/617 619/619/619 618/618/618
f 618/618/618 620/620/620 617/617/617
f 621/621/621 623/623/623 622/622/622
f 622/622/622 624/624/624 621/621/621
f 625/625/625 627/627/627 626/626/626
f 626/626/626 628/628/628 625/625/625
f 629/629/629 631/631/631 630/630/630
f 630/630/630 632/632/632 629/629/629
f 633/633/633 635/635/635 634/634/634
f 635/635/635 633/633/633 636/636/636
f 637/637/637 639/639/639 638/638/638
f 638/638/638 640/640/640 637/637/637
f 641/641/641 643/643/643 642/642/642
f 642/642/642 644/644/644 641/641/641
f 645/645/645 647/647/647 646/646/646
f 646/646/646 648/648/648 645/645/645
f 649/649/649 651/651/651 650/650/650
f 650/650/650 652/652/652 649/649/649
f 653/653/653 655/655/655 654/654/654
f 654/654/654 656/656/656 653/653/653
f 657/657/657 659/659/659 658/658/658
f 658/658/658 660/660/660 657/657/657
f 661/661/661 663/663/663 662/662/662
f 662/662/662 664/664/664 661/661/661
f 665/665/665 667/667/667 666/666/666
f 667/667/667 665/665/665 668/668/668
f 669/669/669 671/671/671 670/670/670
f 670/670/670 672/672/672 669/669/669
f 673/673/673 675/675/675 674/674/674
f 674/674/674 676/676/676 673/673/673
f 677/677/677 679/679/679 678/678/678
f 678/678/678 680/680/680 677/677/677
f 681/681/681 683/683/683 682/682/682
f 682/682/682 684/684/684 681/681/681
f 685/685/685 687/687/687 686/686/686
f 686/686/686 688/688/688 685/685/685
f 689/689/689 691/691/691 690/690/690
f 690/690/690 692/692/692 689/689/689
f 693/693/693 695/695/695 694/694/694
f 694/694/694 696/696/696 693/693/693
f 697/697/697 699/699/699 698/698/698
f 698/698/698 700/700/700 697/697/697
f 701/701/701 703/703/703 702/702/702
f 702/702/702 704/704/704 701/701/701
f 705/705/705 707/707/707 706/706/706
f 706/706/706 708/708/708 705/705/705
f 709/709/709 711/711/711 710/710/710
f 710/710/710 712/712/712 709/709/709
f 713/713/713 715/715/715 714/714/714
f 714/714/714 716/716/716 713/713/713
f 717/717/717 719/719/719 718/718/718
f 718/718/718 720/720/720 717/717/717
f 721/721/721 723/723/723 722/722/722
f 722/722/722 724/724/724 721/721/721
f 725/725/725 727/727/727 726/726/726
f 726/726/726 728/728/728 725/725/725
f 729/729/729 731/731/731 730/730/730
f 730/730/730 732/732/732 729/729/729
f 733/733/733 735/735/735 734/734/734
f 734/734/734 736/736/736 733/733/733
f 737/737/737 739/739/739 738/738/738
f 738/738/738 740/740/740 737/737/737
f 741/741/741 743/743/743 742/742/742
f 742/742/742 744/744/744 741/741/741
f 745/745/745 747/747/747 746/746/746
f 746/746/746 748/748/748 745/745/745
f 749/749/749 751/751/751 750/750/750
f 750/750/750 752/752/752 749/749/749
f 753/753/753 755/755/755 754/754/754
f 754/754/754 756/756/756 753/753/753
f 757/757/757 759/759/759 758/758/758
f 758/758/758 760/760/760 757/757/757
f 761/761/761 763/763/763 762/762/762
f 762/762/762 764/764/764 761/761/761
f 765/765/765 767/767/767 766/766/766
f 766/766/766 768/768/768 765/765/765
f 769/769/769 771/771/771 770/770/770
f 770/770/770 772/772/772 769/769/769
f 773/773/773 775/775/775 774/774/774
f 774/774/774 776/776/776 773/773/773
f 777/777/777 779/779/779 778/778/778
f 778/778/778 780/780/780 777/777/777
f 781/781/781 783/783/783 782/782/782
f 782/782/782 784/784/784 781/781/781
f 785/785/785 787/787/787 786/786/786
f 786/786/786 788/788/788 785/785/785
f 789/789/789 791/791/791 790/790/790
f 790/790/790 792/792/792 789/789/789
f 793/793/793 795/795/795 794/794/794
f 794/794/794 796/796/796 793/793/793
f 797/797/797 799/799/799 798/798/798
f 798/798/798 800/800/800 797/797/797
f 801/801/801 803/803/803 802/802/802
f 802/802/802 804/804/804 801/801/801
f 805/805/805 807/807/807 806/806/806
f 806/806/806 808/808/808 805/805/805
f 809/809/809 811/811/811 810/810/810
f 810/810/810 812/812/812 809/809/809
f 813/813/813 815/815/815 814/814/814
f 814/814/814 816/816/816 813/813/813
f 817/817/817 819/819/819 818/818/818
f 818/818/818 820/820/820 817/817/817
f 821/821/821 823/823/823 822/822/822
f 822/822/822 824/824/824 821/821/821
f 825/825/825 827/827/827 826/826/826
f 826/826/826 828/828/828 825/825/825
f 829/829/829 831/831/831 830/830/830
f 830/830/830 832/832/832 829/829/829
f 833/833/833 835/835/835 834/834/834
f 834/834/834 836/836/836 833/833/833
f 837/837/837 839/839/839 838/838/838
f 838/838/838 840/840/840 837/837/837
f 841/841/841 843/843/843 842/842/842
f 842/842/842 844/844/844 841/841/841
f 845/845/845 847/847/847 846/846/846
f 846/846/846 848/848/848 845/845/845
f 849/849/849 851/851/851 850/850/850
f 850/850/850 852/852/852 849/849/849
f 853/853/853 855/855/855 854/854/854
f 854/854/854 856/856/856 853/853/853
f 857/857/857 859/859/859 858/858/858
f 858/858/858 860/860/860 857/857/857
f 861/861/861 863/863/863 862/862/862
f 862/862/862 864/864/864 861/861/861
f 865/865/865 867/867/867 866/866/866
f 866/866/866 868/868/868 865/865/865
f 869/869/869 871/871/871 870/870/870
f 870/870/870 872/872/872 869/869/869
f 873/873/873 875/875/875 874/874/874
f 874/874/874 876/876/876 873/873/873
f 877/877/877 879/879/879 878/878/878
f 878/878/878 880/880/880 877/877/877
f 881/881/881 883/883/883 882/882/882
f 882/882/882 884/884/884 881/881/881
f 885/885/885 887/887/887 886/886/886
f 886/886/886 888/888/888 885/885/885
f 889/889/889 891/891/891 890/890/890
f 890/890/890 892/892/892 889/889/889
f 893/893/893 895/895/895 894/894/894
f 894/894/894 896/896/896 893/893/893
f 897/897/897 899/899/899 898/898/898
f 898/898/898 900/900/900 897/897/897
f 901/901/901 903/903/903 902/902/902
f 902/902/902 904/904/904 901/901/901
f 905/905/905 907/907/907 906/906/906
f 906/906/906 908/908/908 905/905/905
f 909/909/909 911/911/911 910/910/910
f 910/910/910 912/912/912 909/909/909
f 913/913/913 915/915/915 914/914/914
f 914/914/914 916/916/916 913/913/913
f 917/917/917 919/919/919 918/918/918
f 918/918/918 920/920/920 917/917/917
f 921/921/921 923/923/923 922/922/922
f 922/922/922 924/924/924 921/921/921
f 925/925/925 927/927/927 926/926/926
f 926/926/926 928/928/928 925/925/925
f 929/929/929 931/931/931 930/930/930
f 930/930/930 932/932/932 929/929/929
f 933/933/933 935/935/935 934/934/934
f 934/934/934 936/936/936 933/933/933
f 937/937/937 939/939/939 938/938/938
f 938/938/938 940/940/940 937/937/937
f 941/941/941 943/943/943 942/942/942
f 942/942/942 944/944/944 941/941/941
f 945/945/945 947/947/947 946/946/946
f 946/946/946 948/948/948 945/945/945
f 949/949/949 951/951/951 950/950/950
f 950/950/950 952/952/952 949/949/949
f 953/953/953 955/955/955 954/954/954
f 954/954/954 956/956/956 953/953/953
f 957/957/957 959/959/959 958/958/958
f 958/958/958 960/960/960 957/957/957
f 961/961/961 963/963/963 962/962/962
f 962/962/962 964/964/964 961/961/961
f 965/965/965 967/967/967 966/966/966
f 966/966/966 968/968/968 965/965/965
f 969/969/969 971/971/971 970/970/970
f 970/970/970 972/972/972 969/969/969
f 973/973/973 975/975/975 974/974/974
f 974/974/974 976/976/976 973/973/973
f 977/977/977 979/979/979 978/978/978
f 978/978/978 980/980/980 977/977/977
f 981/981/981 983/983/983 982/982/982
f 982/982/982 984/984/984 981/981/981
f 985/985/985 987/987/987 986/986/986
f 986/986/986 988/988/988 985/985/985
f 989/989/989 991/991/991 990/990/990
f 990/990/990 992/992/992 989/989/989
f 993/993/993 995/995/995 994/994/994
f 994/994/994 996/996/996 993/993/993
f 997/997/997 999/999/999 998/998/998
f 998/998/998 1000/1000/1000 997/997/997
f 1001/1001/1001 1003/1003/1003 1002/1002/1002
f 1002/1002/1002 1004/1004/1004 1001/1001/1001
f 1005/1005/1005 1007/1007/1007 1006/1006/1006
f 1006/1006/1006 1008/1008/1008 1005/1005/1005
f 1009/1009/1009 1011/1011/1011 1010/1010/1010
f 1010/1010/1010 1012/1012/1012 1009/1009/1009
f 1013/1013/1013 1015/1015/1015 1014/1014/1014
f 1014/1014/1014 1016/1016/1016 1013/1013/1013
f 1017/1017/1017 1019/1019/1019 1018/1018/1018
f 1018/1018/1018 1020/1020/1020 1017/1017/1017
f 1021/1021/1021 1023/1023/1023 1022/1022/1022
f 1022/1022/1022 1024/1024/1024 1021/1021/1021
f 1025/1025/1025 1027/1027/1027 1026/1026/1026
f 1026/1026/1026 1028/1028/1028 1025/1025/1025
f 1029/1029/1029 1031/1031/1031 1030/1030/1030
f 1030/1030/1030 1032/1032/1032 1029/1029/1029
f 1033/1033/1033 1035/1035/1035 1034/1034/1034
f 1034/1034/1034 1036/1036/1036 1033/1033/1033
f 1037/1037/1037 1039/1039/1039 1038/1038/1038
f 1038/1038/1038 1040/1040/1040 1037/1037/1037
f 1041/1041/1041 1043/1043/1043 1042/1042/1042
f 1042/1042/1042 1044/1044/1044 1041/1041/1041
f 1045/1045/1045 1047/1047/1047 1046/1046/1046
f 1046/1046/1046 1048/1048/1048 1045/1045/1045
f 1049/1049/1049 1051/1051/1051 1050/1050/1050
f 1050/1050/1050 1052/1052/1052 1049/1049/1049
f 1053/1053/1053 1055/1055/1055 1054/1054/1054
f 1054/1054/1054 1056/1056/1056 1053/1053/1053
f 1057/1057/1057 1059/1059/1059 1058/1058/1058
f 1058/1058/1058 1060/1060/1060 1057/1057/1057
f 1061/1061/1061 1063/1063/1063 1062/1062/1062
f 1062/1062/1062 1064/1064/1064 1061/1061/1061
f 1065/1065/1065 1067/1067/1067 1066/1066/1066
f 1066/1066/1066 1068/1068/1068 1065/1065/1065
f 1069/1069/1069 1071/1071/1071 1070/1070/1070
f 1070/1070/1070 1072/1072/1072 1069/1069/1069
f 1073/1073/1073 1075/1075/1075 1074/1074/1074
f 1074/1074/1074 1076/1076/1076 1073/1073/1073
f 1077/1077/1077 1079/1079/1079 1078/1078/1078
f 1078/1078/1078 1080/1080/1080 1077/1077/1077
f 1081/1081/1081 1083/1083/1083 1082/1082/1082
f 1082/1082/1082 1084/1084/1084 1081/1081/1081
f 1085/1085/1085 1087/1087/1087 1086/1086/1086
f 1086/1086/1086 1088/1088/1088 1085/1085/1085
f 1089/1089/1089 1091/1091/1091 1090/1090/1090
f 1090/1090/1090 1092/1092/1092 1089/1089/1089
f 1093/1093/1093 1095/1095/1095 1094/1094/1094
f 1094/1094/1094 1096/1096/1096 1093/1093/1093
f 1097/1097/1097 1099/1099/1099 1098/1098/1098
f 1098/1098/1098 1100/1100/1100 1097/1097/1097
f 1101/1101/1101 1103/1103/1103 1102/1102/1102
f 1102/1102/1102 1104/1104/1104 1101/1101/1101
f 1105/1105/1105 1107/1107/1107 1106/1106/1106
f 1106/1106/1106 1108/1108/1108 1105/1105/1105
f 1109/1109/1109 1111/1111/1111 1110/1110/1110
f 1110/1110/1110 1112/1112/1112 1109/1109/1109
f 1113/1113/1113 1115/1115/1115 1114/1114/1114
f 1114/1114/1114 1116/1116/1116 1113/1113/1113
f 1117/1117/1117 1119/1119/1119 1118/1118/1118
f 1118/1118/1118 1120/1120/1120 1117/1117/1117
f 1121/1121/1121 1123/1123/1123 1122/1122/1122
f 1122/1122/1122 1124/1124/1124 1121/1121/1121
f 1125/1125/1125 1127/1127/1127 1126/1126/1126
f 1126/1126/1126 1128/1128/1128 1125/1125/1125
f 1129/1129/1129 1131/1131/1131 1130/1130/1130
f 1130/1130/1130 1132/1132/1132 1129/1129/1129
f 1133/1133/1133 1135/1135/1135 1134/1134/1134
f 1134/1134/1134 1136/1136/1136 1133/1133/1133
f 1137/1137/1137 1139/1139/1139 1138/1138/1138
f 1138/1138/1138 1140/1140/1140 1137/1137/1137
f 1141/1141/1141 1143/1143/1143 1142/1142/1142
f 1142/1142/1142 1144/1144/1144 1141/1141/1141
f 1145/1145/1145 1147/1147/1147 1146/1146/1146
f 1146/1146/1146 1148/1148/1148 1145/1145/1145
f 1149/1149/1149 1151/1151/1151 1150/1150/1150
f 1150/1150/1150 1152/1152/1152 1149/1149/1149
f 1153/1153/1153 1155/1155/1155 1154/1154/1154
f 1154/1154/1154 1156/1156/1156 1153/1153/1153
f 1157/1157/1157 1159/1159/1159 1158/1158/1158
f 1158/1158/1158 1160/1160/1160 1157/1157/1157
f 1161/1161/1161 1163/1163/1163 1162/1162/1162
f 1162/1162/1162 1164/1164/1164 1161/1161/1161
f 1165/1165/1165 1167/1167/1167 1166/1166/1166
f 1166/1166/1166 1168/1168/1168 1165/1165/1165
f 1169/1169/1169 1171/1171/1171 1170/1170/1170
f 1170/1170/1170 1172/1172/1172 1169/1169/1169
f 1173/1173/1173 1175/1175/1175 1174/1174/1174
f 1174/1174/1174 1176/1176/1176 1173/1173/1173
f 1177/1177/1177 1179/1179/1179 1178/1178/1178
f 1178/1178/1178 1180/1180/1180 1177/1177/1177
f 1181/1181/1181 1183/1183/1183 1182/1182/1182
f 1182/1182/1182 1184/1184/1184 1181/1181/1181
f 1185/1185/1185 1187/1187/1187 1186/1186/1186
f 1186/1186/1186 1188/1188/1188 1185/1185/1185
f 1189/1189/1189 1191/1191/1191 1190/1190/1190
f 1190/1190/1190 1192/1192/1192 1189/1189/1189
f 1193/1193/1193 1195/1195/1195 1194/1194/1194
f 1194/1194/1194 1196/1196/1196 1193/1193/1193
f 1197/1197/1197 1199/1199/1199 1198/1198/1198
f 1198/1198/1198 1200/1200/1200 1197/1197/1197
f 1201/1201/1201 1203/1203/1203 1202/1202/1202
f 1202/1202/1202 1204/1204/1204 1201/1201/1201
f 1205/1205/1205 1207/1207/1207 1206/1206/1206
f 1206/1206/1206 1208/1208/1208 1205/1205/1205
f 1209/1209/1209 1211/1211/1211 1210/1210/1210
f 1210/1210/1210 1212/1212/1212 1209/1209/1209
f 1213/1213/1213 1215/1215/1215 1214/1214/1214
f 1214/1214/1214 1216/1216/1216 1213/1213/1213
f 1217/1217/1217 1219/1219/1219 1218/1218/1218
f 1218/1218/1218 1220/1220/1220 1217/1217/1217
f 1221/1221/1221 1223/1223/1223 1222/1222/1222
f 1222/1222/1222 1224/1224/1224 1221/1221/1221
f 1225/1225/1225 1227/1227/1227 1226/1226/1226
f 1226/1226/1226 1228/1228/1228 1225/1225/1225
f 1229/1229/1229 1231/1231/1231 1230/1230/1230
f 1230/1230/1230 1232/1232/1232 1229/1229/1229
f 1233/1233/1233 1235/1235/1235 1234/1234/1234
f 1234/1234/1234 1236/1236/1236 1233/1233/1233
f 1237/1237/1237 1239/1239/1239 1238/1238/1238
f 1238/1238/1238 1240/1240/1240 1237/1237/1237
f 1241/1241/1241 1243/1243/1243 1242/1242/1242
f 1242/1242/1242 1244/1244/1244 1241/1241/1241
f 1245/1245/1245 1247/1247/1247 1246/1246/1246
f 1246/1246/1246 1248/1248/1248 1245/1245/1245
f 1249/1249/1249 1251/1251/1251 1250/1250/1250
f 1250/1250/1250 1252/1252/1252 1249/1249/1249
f 1253/1253/1253 1255/1255/1255 1254/1254/1254
f 1254/1254/1254 1256/1256/1256 1253/1253/1253
f 1257/1257/1257 1259/1259/1259 1258/1258/1258
f 1258/1258/1258 1260/1260/1260 1257/1257/1257
f 1261/1261/1261 1263/1263/1263 1262/1262/1262
f 1262/1262/1262 1264/1264/1264 1261/1261/1261
f 1265/1265/1265 1267/1267/1267 1266/1266/1266
f 1266/1266/1266 1268/1268/1268 1265/1265/1265
f 1269/1269/1269 1271/1271/1271 1270/1270/1270
f 1270/1270/1270 1272/1272/1272 1269/1269/1269
f 1273/1273/1273 1275/1275/1275 1274/1274/1274
f 1274/1274/1274 1276/1276/1276 1273/1273/1273
f 1277/1277/1277 1279/1279/1279 1278/1278/1278
f 1278/1278/1278 1280/1280/1280 1277/1277/1277
f 1281/1281/1281 1283/1283/1283 1282/1282/1282
f 1282/1282/1282 1284/1284/1284 1281/1281/1281
f 1285/1285/1285 1287/1287/1287 1286/1286/1286
f 1286/1286/1286 1288/1288/1288 1285/1285/1285
f 1289/1289/1289 1291/1291/1291 1290/1290/1290
f 1290/1290/1290 1292/1292/1292 1289/1289/1289
f 1293/1293/1293 1295/1295/1295 1294/1294/1294
f 1294/1294/1294 1296/1296/1296 1293/1293/1293
f 1297/1297/1297 1299/1299/1299 1298/1298/1298
f 1298/1298/1298 1300/1300/1300 1297/1297/1297
f 1301/1301/1301 1303/1303/1303 1302/1302/1302
f 1302/1302/1302 1304/1304/1304 1301/1301/1301
f 1305/1305/1305 1307/1307/1307 1306/1306/1306
f 1306/1306/1306 1308/1308/1308 1305/1305/1305
f 1309/1309/1309 1311/1311/1311 1310/1310/1310
f 1310/1310/1310 1312/1312/1312 1309/1309/1309
f 1313/1313/1313 1315/1315/1315 1314/1314/1314
f 1314/1314/1314 1316/1316/1316 1313/1313/1313
f 1317/1317/1317 1319/1319/1319 1318/1318/1318
f 1318/1318/1318 1320/1320/1320 1317/1317/1317
f 1321/1321/1321 1323/1323/1323 1322/1322/1322
f 1322/1322/1322 1324/1324/1324 1321/1321/1321
f 1325/1325/1325 1327/1327/1327 1326/1326/1326
f 1326/1326/1326 1328/1328/1328 1325/1325/1325
f 1329/1329/1329 1331/1331/1331 1330/1330/1330
f 1330/1330/1330 1332/1332/1332 1329/1329/1329
f 1333/1333/1333 1335/1335/1335 1334/1334/1334
f 1334/1334/1334 1336/1336/1336 1333/1333/1333
f 1337/1337/1337 1339/1339/1339 1338/1338/1338
f 1338/1338/1338 1340/1340/1340 1337/1337/1337
f 1341/1341/1341 1343/1343/1343 1342/1342/1342
f 1342/1342/1342 1344/1344/1344 1341/1341/1341
f 1345/1345/1345 1347/1347/1347 1346/1346/1346
f 1346/1346/1346 1348/1348/1348 1345/1345/1345
f 1349/1349/1349 1351/1351/1351 1350/1350/1350
f 1350/1350/1350 1352/1352/1352 1349/1349/1349
f 1353/1353/1353 1355/1355/1355 1354/1354/1354
f 1354/1354/1354 1356/1356/1356 1353/1353/1353
f 1357/1357/1357 1359/1359/1359 1358/1358/1358
f 1358/1358/1358 1360/1360/1360 1357/1357/1357
f 1361/1361/1361 1363/1363/1363 1362/1362/1362
f 1362/1362/1362 1364/1364/1364 1361/1361/1361
f 1365/1365/1365 1367/1367/1367 1366/1366/1366
f 1366/1366/1366 1368/1368/1368 1365/1365/1365
f 1369/1369/1369 1371/1371/1371 1370/1370/1370
f 1370/1370/1370 1372/1372/1372 1369/1369/1369
f 1373/1373/1373 1375/1375/1375 1374/1374/1374
f 1374/1374/1374 1376/1376/1376 1373/1373/1373
f 1377/1377/1377 1379/1379/1379 1378/1378/1378
f 1378/1378/1378 1380/1380/1380 1377/1377/1377
f 1381/1381/1381 1383/1383/1383 1382/1382/1382
f 1382/1382/1382 1384/1384/1384 1381/1381/1381
f 1385/1385/1385 1387/1387/1387 1386/1386/1386
f 1386/1386/1386 1388/1388/1388 1385/1385/1385
f 1389/1389/1389 1391/1391/1391 1390/1390/1390
f 1390/1390/1390 1392/1392/1392 1389/1389/1389
f 1393/1393/1393 1395/1395/1395 1394/1394/1394
f 1394/1394/1394 1396/1396/1396 1393/1393/1393
f 1397/1397/1397 1399/1399/1399 1398/1398/1398
f 1398/1398/1398 1400/1400/1400 1397/1397/1397
f 1401/1401/1401 1403/1403/1403 1402/1402/1402
f 1402/1402/1402 1404/1404/1404 1401/1401/1401
f 1405/1405/1405 1407/1407/1407 1406/1406/1406
f 1406/1406/1406 1408/1408/1408 1405/1405/1405
o 3_wall_b_2
usemtl material_1
v -27694.528198 44994.787598 1332.790756
v -27615.872192 44933.966064 1333.199406
v -27615.124512 44933.361816 1226.203728
v -27694.454956 44994.735718 1225.790405
v -27615.872192 44933.966064 1333.199406
v -27676.531982 45018.789673 1332.790184
v -27596.981812 44957.272339 1333.199406
v -27694.528198 44994.787598 1332.790756
v -27676.531982 45018.789673 1332.790184
v -27596.234131 44956.665039 1226.203728
v -27596.981812 44957.272339 1333.199406
v -27676.45874 45018.737793 1225.789833
v -27808.294678 45078.19519 1226.000118
v -27808.035278 45078.012085 1333.001614
v -27790.490723 45102.346802 1333.002186
v -27808.035278 45078.012085 1333.001614
v -27790.490723 45102.346802 1333.002186
v -27790.74707 45102.529907 1226.000595
v -27921.456909 45159.225464 1331.504726
v -27920.800781 45158.7677 1224.499321
v -27921.456909 45159.225464 1331.504726
v -27904.153442 45183.734131 1331.503487
v -27904.153442 45183.734131 1331.503487
v -27903.497314 45183.276367 1224.498177
v -28139.065552 45311.001587 1228.292561
v -28136.727905 45309.378052 1335.258484
v -28119.619751 45334.024048 1335.258389
v -28136.727905 45309.378052 1335.258484
v -28119.619751 45334.024048 1335.258389
v -28121.960449 45335.647583 1228.292465
v -28632.012939 45653.735352 1247.0438
v -28629.064941 45651.690674 1353.983879
v -28629.064941 45651.690674 1353.983879
v -28611.965942 45676.339722 1353.983879
v -28611.965942 45676.339722 1353.983879
v -28614.910889 45678.384399 1247.0438
v -29178.640747 46029.406738 1270.452309
v -29175.308228 46027.154541 1377.377319
v -29175.308228 46027.154541 1377.377319
v -29158.52356 46052.020264 1377.376842
v -29158.52356 46052.020264 1377.376842
v -29161.856079 46054.272461 1270.451832
v -29577.46582 46293.643188 1290.673637
v -29573.361206 46290.975952 1397.561741
v -29573.361206 46290.975952 1397.561741
v -29557.012939 46316.131592 1397.56155
v -29557.012939 46316.131592 1397.56155
v -29561.117554 46318.798828 1290.673542
v -29940.011597 46526.516724 1310.000038
v -29936.257935 46524.124146 1416.907692
v -29920.117188 46549.411011 1416.907787
v -29936.257935 46524.124146 1416.907692
v -29920.117188 46549.411011 1416.907787
v -29923.867798 46551.806641 1310.000229
v -30310.437012 46759.384155 1327.667332
v -30306.860352 46757.162476 1434.584522
v -30291.030884 46782.647705 1434.584522
v -30306.860352 46757.162476 1434.584522
v -30291.030884 46782.647705 1434.584522
v -30294.607544 46784.869385 1327.667427
v -30688.412476 46993.399048 1344.999981
v -30684.875488 46991.207886 1451.918983
v -30669.070435 47016.708374 1451.918983
v -30684.875488 46991.207886 1451.918983
v -30669.070435 47016.708374 1451.918983
v -30672.607422 47018.899536 1344.999981
v -31097.372437 47247.000122 1363.830471
v -31093.847656 47244.818115 1470.750046
v -31093.847656 47244.818115 1470.750046
v -31078.070068 47270.333862 1470.750046
v -31078.070068 47270.333862 1470.750046
v -31081.5979 47272.515869 1363.830471
v -31509.194946 47499.099731 1381.871414
v -31505.969238 47497.15271 1488.805389
v -31505.969238 47497.15271 1488.805389
v -31490.46936 47522.839355 1488.80558
v -31490.46936 47522.839355 1488.80558
v -31493.695068 47524.786377 1381.871605
v -31898.669434 47731.311035 1396.742725
v -31895.803833 47729.623413 1503.691006
v -31880.57251 47755.46875 1503.691101
v -31895.803833 47729.623413 1503.691006
v -31880.57251 47755.46875 1503.691101
v -31883.43811 47757.156372 1396.742821
v -32281.390381 47954.562378 1410.556507
v -32278.417969 47952.84729 1517.501354
v -32263.406372 47978.820801 1517.501354
v -32278.417969 47952.84729 1517.501354
v -32263.406372 47978.820801 1517.501354
v -32266.378784 47980.53894 1410.556507
v -32662.606812 48173.416138 1424.615574
v -32659.628296 48171.722412 1531.560707
v -32659.628296 48171.722412 1531.560707
v -32644.80896 48197.808838 1531.560707
v -32644.80896 48197.808838 1531.560707
v -32647.790527 48199.499512 1424.615574
v -33047.784424 48388.363647 1438.968086
v -33044.671631 48386.663818 1545.909214
v -33044.671631 48386.663818 1545.909214
v -33030.285645 48412.991333 1545.909119
v -33030.285645 48412.991333 1545.909119
v -33033.398438 48414.694214 1438.967991
v -33452.926636 48603.991699 1454.384708
v -33449.703979 48602.307129 1561.32288
v -33435.797119 48628.887939 1561.322784
v -33449.703979 48602.307129 1561.32288
v -33435.797119 48628.887939 1561.322784
v -33439.019775 48630.575562 1454.384613
v -33852.67334 48813.186646 1469.999886
v -33849.331665 48811.419678 1576.933002
v -33835.321045 48837.948608 1576.933098
v -33849.331665 48811.419678 1576.933002
v -33835.321045 48837.948608 1576.933098
v -33838.665771 48839.712524 1469.999886
v -34208.108521 49002.041626 1484.751892
v -34204.574585 49000.164795 1591.676903
v -34204.574585 49000.164795 1591.676903
v -34190.490723 49026.654053 1591.676903
v -34190.490723 49026.654053 1591.676903
v -34194.024658 49028.530884 1484.751892
v -34573.794556 49194.403076 1499.999809
v -34570.391846 49192.63916 1606.931114
v -34570.391846 49192.63916 1606.931114
v -34556.57959 49219.268799 1606.931305
v -34556.57959 49219.268799 1606.931305
v -34559.9823 49221.032715 1499.999905
v -35024.856567 49425.552368 1517.812347
v -35021.539307 49423.864746 1624.747658
v -35007.931519 49450.601196 1624.747658
v -35021.539307 49423.864746 1624.747658
v -35007.931519 49450.601196 1624.747658
v -35011.248779 49452.288818 1517.812347
v -35462.188721 49648.025513 1534.999847
v -35458.795166 49646.292114 1641.931915
v -35445.15686 49673.013306 1641.931915
v -35458.795166 49646.292114 1641.931915
v -35445.15686 49673.013306 1641.931915
v -35448.553467 49674.746704 1534.999847
v -35802.163696 49821.484375 1548.749924
v -35798.687744 49819.711304 1655.678749
v -35798.687744 49819.711304 1655.678749
v -35785.058594 49846.435547 1655.678749
v -35785.058594 49846.435547 1655.678749
v -35788.534546 49848.208618 1548.749924
v -36072.625732 49959.362793 1559.999847
v -36069.024658 49957.525635 1666.923523
v -36069.024658 49957.525635 1666.923523
v -36055.407715 49984.255981 1666.923523
v -36055.407715 49984.255981 1666.923523
v -36059.008789 49986.09314 1559.999847
v -36069.024658 49957.525635 1666.923523
v -36072.625732 49959.359741 1559.999752
v -36055.407715 49984.255981 1666.923523
v -36059.008789 49986.090088 1559.999752
v -27596.981812 44957.272339 1333.199406
v -27596.234131 44956.668091 1226.203728
v -27615.872192 44933.966064 1333.199406
v -27615.124512 44933.361816 1226.203728
vt -0.05115 1.438525
vt 0 1.438525
vt 0 1
vt -0.05115 1
vt 0 1.438525
vt -0.05115 1.561475
vt 0 1.561475
vt -0.05115 1.438525
vt -0.05115 1.561475
vt 0 2
vt 0 1.561475
vt -0.05115 2
vt -0.122872 1
vt -0.122872 1.438525
vt -0.122872 1.561475
vt -0.122872 1.438525
vt -0.122872 1.561475
vt -0.122872 2
vt -0.193124 1.438525
vt -0.193124 1
vt -0.193124 1.438525
vt -0.193124 1.561475
vt -0.193124 1.561475
vt -0.193124 2
vt -0.328143 1
vt -0.328143 1.438525
vt -0.328143 1.561475
vt -0.328143 1.438525
vt -0.328143 1.561475
vt -0.328143 2
vt -0.632746 1
vt -0.632746 1.438525
vt -0.632746 1.438525
vt -0.632746 1.561475
vt -0.632746 1.561475
vt -0.632746 2
vt -0.969397 1
vt -0.969397 1.438525
vt -0.969397 1.438525
vt -0.969397 1.561475
vt -0.969397 1.561475
vt -0.969397 2
vt -1.21235 1
vt -1.21235 1.438525
vt -1.21235 1.438525
vt -1.21235 1.561475
vt -1.21235 1.561475
vt -1.21235 2
vt -1.431136 1
vt -1.431136 1.438525
vt -1.431136 1.561475
vt -1.431136 1.438525
vt -1.431136 1.561475
vt -1.431136 2
vt -1.653286 1
vt -1.653286 1.438525
vt -1.653286 1.561475
vt -1.653286 1.438525
vt -1.653286 1.561475
vt -1.653286 2
vt -1.878897 1
vt -1.878897 1.438525
vt -1.878897 1.561475
vt -1.878897 1.438525
vt -1.878897 1.561475
vt -1.878897 2
vt -2.123111 1
vt -2.123111 1.438525
vt -2.123111 1.438525
vt -2.123112 1.561475
vt -2.123112 1.561475
vt -2.123112 2
vt -2.368219 1
vt -2.368219 1.438525
vt -2.368219 1.438525
vt -2.36822 1.561475
vt -2.36822 1.561475
vt -2.36822 2
vt -2.598363 1
vt -2.598363 1.438525
vt -2.598364 1.561475
vt -2.598363 1.438525
vt -2.598364 1.561475
vt -2.598364 2
vt -2.82322 1
vt -2.82322 1.438525
vt -2.82322 1.561475
vt -2.82322 1.438525
vt -2.82322 1.561475
vt -2.82322 2
vt -3.046295 1
vt -3.046295 1.438525
vt -3.046295 1.438525
vt -3.046295 1.561475
vt -3.046295 1.561475
vt -3.046295 2
vt -3.270217 1
vt -3.270217 1.438525
vt -3.270217 1.438525
vt -3.270217 1.561475
vt -3.270217 1.561475
vt -3.270217 2
vt -3.503218 1
vt -3.503218 1.438525
vt -3.503218 1.561475
vt -3.503218 1.438525
vt -3.503218 1.561475
vt -3.503218 2
vt -3.732115 1
vt -3.732115 1.438525
vt -3.732115 1.561475
vt -3.732115 1.438525
vt -3.732115 1.561475
vt -3.732115 2
vt -3.936333 1
vt -3.936333 1.438525
vt -3.936333 1.438525
vt -3.936334 1.561475
vt -3.936334 1.561475
vt -3.936334 2
vt -4.146083 1
vt -4.146083 1.438525
vt -4.146083 1.438525
vt -4.146083 1.561475
vt -4.146083 1.561475
vt -4.146083 2
vt -4.403317 1
vt -4.403317 1.438525
vt -4.403317 1.561475
vt -4.403317 1.438525
vt -4.403317 1.561475
vt -4.403317 2
vt -4.652277 1
vt -4.652277 1.438525
vt -4.652277 1.561475
vt -4.652277 1.438525
vt -4.652277 1.561475
vt -4.652277 2
vt -4.845947 1
vt -4.845947 1.438525
vt -4.845947 1.438525
vt -4.845947 1.561475
vt -4.845947 1.561475
vt -4.845947 2
vt -5 1
vt -5 1.438525
vt -5 1.438525
vt -5 1.561475
vt -5 1.561475
vt -5 2
vt -5 1.438525
vt -5 1.438525
vt -5 1.561475
vt -5 1.561475
vt 0 1.561475
vt 0 1.561475
vt 0 1.438525
vt 0 1.438525
vn -0.601596 -0.7988 0.000052
vn -0.611799 -0.791013 0.000088
vn -0.611799 -0.791013 0.000088
vn -0.60159 -0.798805 0.000052
vn -0.003219 0.002522 0.999992
vn -0.001003 0.000815 0.999999
vn -0.003219 0.002522 0.999992
vn -0.001009 0.000819 0.999999
vn 0.60162 0.798782 -0.000052
vn 0.611855 0.79097 -0.000088
vn 0.611855 0.79097 -0.000088
vn 0.601614 0.798787 -0.000052
vn -0.586736 -0.809778 -0.000012
vn -0.58678 -0.809746 -0.000012
vn -0.003766 0.00268 0.999989
vn -0.003751 0.00267 0.999989
vn 0.586776 0.80975 0.000012
vn 0.586732 0.809781 0.000012
vn -0.577127 -0.816655 -0.000005
vn -0.577186 -0.816613 -0.000005
vn 0.001496 -0.00097 0.999998
vn 0.001503 -0.000974 0.999998
vn 0.577126 0.816655 0.000006
vn 0.577185 0.816613 0.000007
vn -0.571467 -0.820625 0.000027
vn -0.57147 -0.820623 0.000027
vn 0.018691 -0.012992 0.999741
vn 0.018678 -0.012983 0.999741
vn 0.571469 0.820624 -0.000027
vn 0.571466 0.820626 -0.000027
vn -0.568638 -0.822588 0.00005
vn -0.568639 -0.822587 0.00005
vn 0.027376 -0.018851 0.999447
vn 0.027372 -0.018848 0.999448
vn 0.568639 0.822587 -0.000051
vn 0.568639 0.822587 -0.000051
vn -0.559426 -0.82888 0.000056
vn -0.559415 -0.828888 0.000056
vn 0.032149 -0.021603 0.99925
vn 0.032149 -0.021603 0.99925
vn 0.559415 0.828888 -0.000055
vn 0.559425 0.828881 -0.000056
vn -0.54644 -0.837498 -0.000013
vn -0.546457 -0.837487 -0.000012
vn 0.036424 -0.023777 0.999054
vn 0.036427 -0.023778 0.999053
vn 0.546457 0.837487 0.000013
vn 0.54644 0.837499 0.000013
vn -0.536386 -0.843973 -0.000047
vn -0.536381 -0.843976 -0.000047
vn 0.035893 -0.022876 0.999094
vn 0.035889 -0.022873 0.999094
vn 0.536381 0.843976 0.000047
vn 0.536386 0.843973 0.000047
vn -0.529343 -0.848408 -0.000035
vn -0.529342 -0.848409 -0.000035
vn 0.033613 -0.021016 0.999214
vn 0.033614 -0.021017 0.999214
vn 0.529342 0.848409 0.000035
vn 0.529343 0.848408 0.000035
vn -0.526708 -0.850046 -0.000003
vn -0.526709 -0.850046 -0.000003
vn 0.033174 -0.020561 0.999238
vn 0.033174 -0.020561 0.999238
vn 0.526708 0.850046 0.000003
vn 0.526708 0.850046 0.000003
vn -0.524574 -0.851365 0.000031
vn -0.524575 -0.851364 0.000031
vn 0.032547 -0.02002 0.99927
vn 0.032549 -0.020021 0.99927
vn 0.524575 0.851364 -0.000031
vn 0.524574 0.851365 -0.000031
vn -0.517148 -0.855896 0.000012
vn -0.517149 -0.855896 0.000012
vn 0.029997 -0.018123 0.999386
vn 0.029995 -0.018122 0.999386
vn 0.517149 0.855896 -0.000012
vn 0.517148 0.855896 -0.000012
vn -0.508026 -0.861341 -0.000006
vn -0.508022 -0.861344 -0.000006
vn 0.027523 -0.016244 0.999489
vn 0.027523 -0.016245 0.999489
vn 0.508022 0.861344 0.000006
vn 0.508026 0.861342 0.000006
vn -0.5009 -0.865505 0.000011
vn -0.500902 -0.865504 0.000011
vn 0.027318 -0.015796 0.999502
vn 0.027317 -0.015796 0.999502
vn 0.500902 0.865504 -0.000011
vn 0.5009 0.865505 -0.000011
vn -0.492643 -0.870231 0.000026
vn -0.492642 -0.870232 0.000026
vn 0.028062 -0.015854 0.99948
vn 0.028061 -0.015854 0.99948
vn 0.492642 0.870232 -0.000027
vn 0.492644 0.870231 -0.000027
vn -0.478652 -0.878005 -0.000017
vn -0.478653 -0.878004 -0.000017
vn 0.028991 -0.01582 0.999454
vn 0.028991 -0.01582 0.999454
vn 0.478653 0.878004 0.000017
vn 0.478652 0.878005 0.000017
vn -0.466773 -0.884377 -0.000064
vn -0.466773 -0.884377 -0.000064
vn 0.030106 -0.015959 0.999419
vn 0.030103 -0.015959 0.999419
vn 0.466773 0.884377 0.000064
vn 0.466773 0.884377 0.000064
vn -0.46643 -0.884558 -0.000013
vn -0.466431 -0.884558 -0.000013
vn 0.031493 -0.016625 0.999366
vn 0.031494 -0.016625 0.999366
vn 0.466431 0.884558 0.000013
vn 0.46643 0.884558 0.000013
vn -0.467396 -0.884048 0.000031
vn -0.467397 -0.884047 0.000031
vn 0.032502 -0.017147 0.999325
vn 0.032502 -0.017147 0.999325
vn 0.467398 0.884047 -0.000032
vn 0.467396 0.884048 -0.000032
vn -0.460845 -0.887481 -0.000007
vn -0.460844 -0.887481 -0.000007
vn 0.031935 -0.016595 0.999352
vn 0.031934 -0.016595 0.999352
vn 0.460844 0.887481 0.000007
vn 0.460845 0.887481 0.000007
vn -0.454747 -0.890621 -0.000032
vn -0.454747 -0.890621 -0.000032
vn 0.031212 -0.015972 0.999385
vn 0.031212 -0.015972 0.999385
vn 0.454746 0.890621 0.000032
vn 0.454747 0.890621 0.000032
vn -0.453941 -0.891032 -0.000012
vn -0.453941 -0.891032 -0.000012
vn 0.031631 -0.016128 0.99937
vn 0.031631 -0.016129 0.99937
vn 0.453941 0.891032 0.000012
vn 0.453941 0.891032 0.000012
vn -0.454326 -0.890835 0.000002
vn -0.454326 -0.890835 0.000002
vn 0.032531 -0.016589 0.999333
vn 0.032531 -0.016589 0.999333
vn 0.454326 0.890835 -0.000002
vn 0.454326 0.890835 -0.000002
vn -0.454174 -0.890913 0.000002
vn -0.454174 -0.890913 0.000002
vn 0.032993 -0.016817 0.999314
vn 0.032993 -0.016817 0.999314
vn 0.454174 0.890913 -0.000002
vn 0.454174 0.890913 -0.000002
vn -0.890393 0.453624 0.037769
vn -0.890393 0.453624 0.037769
vn -0.890393 0.453624 0.037769
vn -0.890393 0.453624 0.037769
vn 0.776793 -0.629692 0.008984
vn 0.776793 -0.629692 0.008984
vn 0.776793 -0.629692 0.008984
vn 0.776793 -0.629692 0.008984
f 1409/1409/1409 1411/1411/1411 1410/1410/1410
f 1409/1409/1409 1412/1412/1412 1411/1411/1411
f 1413/1413/1413 1415/1415/1415 1414/1414/1414
f 1414/1414/1414 1416/1416/1416 1413/1413/1413
f 1417/1417/1417 1419/1419/1419 1418/1418/1418
f 1418/1418/1418 1420/1420/1420 1417/1417/1417
f 1409/1409/1409 1422/1422/1422 1421/1421/1421
f 1421/1421/1421 1412/1412/1412 1409/1409/1409
f 1416/1416/1416 1414/1414/1414 1423/1423/1423
f 1423/1423/1423 1424/1424/1424 1416/1416/1416
f 1425/1425/1425 1417/1417/1417 1426/1426/1426
f 1417/1417/1417 1420/1420/1420 1426/1426/1426
f 1427/1427/1427 1421/1421/1421 1422/1422/1422
f 1427/1427/1427 1428/1428/1428 1421/1421/1421
f 1423/1423/1423 1430/1430/1430 1429/1429/1429
f 1429/1429/1429 1424/1424/1424 1423/1423/1423
f 1431/1431/1431 1425/1425/1425 1426/1426/1426
f 1426/1426/1426 1432/1432/1432 1431/1431/1431
f 1427/1427/1427 1434/1434/1434 1433/1433/1433
f 1433/1433/1433 1428/1428/1428 1427/1427/1427
f 1429/1429/1429 1430/1430/1430 1435/1435/1435
f 1435/1435/1435 1436/1436/1436 1429/1429/1429
f 1431/1431/1431 1438/1438/1438 1437/1437/1437
f 1431/1431/1431 1432/1432/1432 1438/1438/1438
f 1434/1434/1434 1440/1440/1440 1439/1439/1439
f 1439/1439/1439 1433/1433/1433 1434/1434/1434
f 1435/1435/1435 1442/1442/1442 1441/1441/1441
f 1441/1441/1441 1436/1436/1436 1435/1435/1435
f 1437/1437/1437 1444/1444/1444 1443/1443/1443
f 1437/1437/1437 1438/1438/1438 1444/1444/1444
f 1440/1440/1440 1446/1446/1446 1445/1445/1445
f 1445/1445/1445 1439/1439/1439 1440/1440/1440
f 1442/1442/1442 1448/1448/1448 1447/1447/1447
f 1447/1447/1447 1441/1441/1441 1442/1442/1442
f 1443/1443/1443 1450/1450/1450 1449/1449/1449
f 1443/1443/1443 1444/1444/1444 1450/1450/1450
f 1446/1446/1446 1452/1452/1452 1451/1451/1451
f 1451/1451/1451 1445/1445/1445 1446/1446/1446
f 1448/1448/1448 1454/1454/1454 1453/1453/1453
f 1453/1453/1453 1447/1447/1447 1448/1448/1448
f 1449/1449/1449 1456/1456/1456 1455/1455/1455
f 1449/1449/1449 1450/1450/1450 1456/1456/1456
f 1452/1452/1452 1458/1458/1458 1457/1457/1457
f 1457/1457/1457 1451/1451/1451 1452/1452/1452
f 1453/1453/1453 1454/1454/1454 1459/1459/1459
f 1459/1459/1459 1460/1460/1460 1453/1453/1453
f 1455/1455/1455 1462/1462/1462 1461/1461/1461
f 1455/1455/1455 1456/1456/1456 1462/1462/1462
f 1458/1458/1458 1464/1464/1464 1463/1463/1463
f 1463/1463/1463 1457/1457/1457 1458/1458/1458
f 1460/1460/1460 1459/1459/1459 1465/1465/1465
f 1465/1465/1465 1466/1466/1466 1460/1460/1460
f 1461/1461/1461 1468/1468/1468 1467/1467/1467
f 1461/1461/1461 1462/1462/1462 1468/1468/1468
f 1464/1464/1464 1470/1470/1470 1469/1469/1469
f 1469/1469/1469 1463/1463/1463 1464/1464/1464
f 1466/1466/1466 1465/1465/1465 1471/1471/1471
f 1471/1471/1471 1472/1472/1472 1466/1466/1466
f 1467/1467/1467 1474/1474/1474 1473/1473/1473
f 1467/1467/1467 1468/1468/1468 1474/1474/1474
f 1470/1470/1470 1476/1476/1476 1475/1475/1475
f 1475/1475/1475 1469/1469/1469 1470/1470/1470
f 1471/1471/1471 1478/1478/1478 1477/1477/1477
f 1477/1477/1477 1472/1472/1472 1471/1471/1471
f 1473/1473/1473 1480/1480/1480 1479/1479/1479
f 1473/1473/1473 1474/1474/1474 1480/1480/1480
f 1476/1476/1476 1482/1482/1482 1481/1481/1481
f 1481/1481/1481 1475/1475/1475 1476/1476/1476
f 1478/1478/1478 1484/1484/1484 1483/1483/1483
f 1483/1483/1483 1477/1477/1477 1478/1478/1478
f 1479/1479/1479 1486/1486/1486 1485/1485/1485
f 1479/1479/1479 1480/1480/1480 1486/1486/1486
f 1482/1482/1482 1488/1488/1488 1487/1487/1487
f 1487/1487/1487 1481/1481/1481 1482/1482/1482
f 1489/1489/1489 1490/1490/1490 1483/1483/1483
f 1483/1483/1483 1484/1484/1484 1489/1489/1489
f 1485/1485/1485 1492/1492/1492 1491/1491/1491
f 1485/1485/1485 1486/1486/1486 1492/1492/1492
f 1488/1488/1488 1494/1494/1494 1493/1493/1493
f 1493/1493/1493 1487/1487/1487 1488/1488/1488
f 1495/1495/1495 1496/1496/1496 1490/1490/1490
f 1490/1490/1490 1489/1489/1489 1495/1495/1495
f 1491/1491/1491 1498/1498/1498 1497/1497/1497
f 1491/1491/1491 1492/1492/1492 1498/1498/1498
f 1494/1494/1494 1500/1500/1500 1499/1499/1499
f 1499/1499/1499 1493/1493/1493 1494/1494/1494
f 1501/1501/1501 1496/1496/1496 1495/1495/1495
f 1495/1495/1495 1502/1502/1502 1501/1501/1501
f 1497/1497/1497 1504/1504/1504 1503/1503/1503
f 1497/1497/1497 1498/1498/1498 1504/1504/1504
f 1500/1500/1500 1506/1506/1506 1505/1505/1505
f 1505/1505/1505 1499/1499/1499 1500/1500/1500
f 1507/1507/1507 1501/1501/1501 1502/1502/1502
f 1502/1502/1502 1508/1508/1508 1507/1507/1507
f 1503/1503/1503 1510/1510/1510 1509/1509/1509
f 1503/1503/1503 1504/1504/1504 1510/1510/1510
f 1506/1506/1506 1512/1512/1512 1511/1511/1511
f 1511/1511/1511 1505/1505/1505 1506/1506/1506
f 1513/1513/1513 1514/1514/1514 1507/1507/1507
f 1507/1507/1507 1508/1508/1508 1513/1513/1513
f 1509/1509/1509 1516/1516/1516 1515/1515/1515
f 1509/1509/1509 1510/1510/1510 1516/1516/1516
f 1512/1512/1512 1518/1518/1518 1517/1517/1517
f 1517/1517/1517 1511/1511/1511 1512/1512/1512
f 1519/1519/1519 1520/1520/1520 1514/1514/1514
f 1514/1514/1514 1513/1513/1513 1519/1519/1519
f 1515/1515/1515 1522/1522/1522 1521/1521/1521
f 1515/1515/1515 1516/1516/1516 1522/1522/1522
f 1518/1518/1518 1524/1524/1524 1523/1523/1523
f 1523/1523/1523 1517/1517/1517 1518/1518/1518
f 1525/1525/1525 1520/1520/1520 1519/1519/1519
f 1519/1519/1519 1526/1526/1526 1525/1525/1525
f 1521/1521/1521 1528/1528/1528 1527/1527/1527
f 1521/1521/1521 1522/1522/1522 1528/1528/1528
f 1524/1524/1524 1530/1530/1530 1529/1529/1529
f 1529/1529/1529 1523/1523/1523 1524/1524/1524
f 1531/1531/1531 1525/1525/1525 1526/1526/1526
f 1526/1526/1526 1532/1532/1532 1531/1531/1531
f 1527/1527/1527 1534/1534/1534 1533/1533/1533
f 1527/1527/1527 1528/1528/1528 1534/1534/1534
f 1530/1530/1530 1536/1536/1536 1535/1535/1535
f 1535/1535/1535 1529/1529/1529 1530/1530/1530
f 1537/1537/1537 1538/1538/1538 1531/1531/1531
f 1531/1531/1531 1532/1532/1532 1537/1537/1537
f 1533/1533/1533 1540/1540/1540 1539/1539/1539
f 1533/1533/1533 1534/1534/1534 1540/1540/1540
f 1536/1536/1536 1542/1542/1542 1541/1541/1541
f 1541/1541/1541 1535/1535/1535 1536/1536/1536
f 1543/1543/1543 1544/1544/1544 1538/1538/1538
f 1538/1538/1538 1537/1537/1537 1543/1543/1543
f 1539/1539/1539 1546/1546/1546 1545/1545/1545
f 1539/1539/1539 1540/1540/1540 1546/1546/1546
f 1542/1542/1542 1548/1548/1548 1547/1547/1547
f 1547/1547/1547 1541/1541/1541 1542/1542/1542
f 1549/1549/1549 1544/1544/1544 1543/1543/1543
f 1543/1543/1543 1550/1550/1550 1549/1549/1549
f 1545/1545/1545 1552/1552/1552 1551/1551/1551
f 1545/1545/1545 1546/1546/1546 1552/1552/1552
f 1548/1548/1548 1554/1554/1554 1553/1553/1553
f 1553/1553/1553 1547/1547/1547 1548/1548/1548
f 1555/1555/1555 1549/1549/1549 1550/1550/1550
f 1550/1550/1550 1556/1556/1556 1555/1555/1555
f 1551/1551/1551 1558/1558/1558 1557/1557/1557
f 1551/1551/1551 1552/1552/1552 1558/1558/1558
f 1559/1559/1559 1561/1561/1561 1560/1560/1560
f 1561/1561/1561 1562/1562/1562 1560/1560/1560
f 1563/1563/1563 1565/1565/1565 1564/1564/1564
f 1565/1565/1565 1566/1566/1566 1564/1564/1564
o 3_wall_b_3
usemtl material_1
v 19455.264282 49157.879639 -1.426542
v 19054.327393 49164.89563 -106.138623
v 19054.83551 49164.880371 0.860178
v 19454.550171 49157.885742 -108.424127
v 19055.69458 49194.869995 0.860012
v 19455.264282 49157.879639 -1.426542
v 19054.83551 49164.880371 0.860178
v 19455.459595 49187.88147 -1.426542
v 19455.459595 49187.88147 -1.426542
v 19055.69458 49194.869995 0.860012
v 19055.186462 49194.885254 -106.13879
v 19454.745483 49187.884521 -108.424127
v 18657.463074 49180.69458 -104.638147
v 18657.762146 49180.679321 2.361441
v 18659.295654 49210.641479 2.361274
v 18657.762146 49180.679321 2.361441
v 18659.295654 49210.641479 2.361274
v 18658.996582 49210.656738 -104.638326
v 18267.070007 49206.494141 -103.849852
v 18267.178345 49206.484985 3.150129
v 18267.178345 49206.484985 3.150129
v 18269.502258 49236.395264 3.149986
v 18269.502258 49236.395264 3.149986
v 18269.393921 49236.404419 -103.849995
v 17874.038696 49238.635254 -103.992164
v 17873.835754 49238.653564 3.007913
v 17873.835754 49238.653564 3.007913
v 17876.287842 49268.551636 3.007936
v 17876.49231 49268.536377 -103.99214
v 17876.287842 49268.551636 3.007936
v 17457.640076 49272.146606 0.88886
v 17458.311462 49272.088623 -106.108999
v 17460.159302 49302.041626 0.888956
v 17457.640076 49272.146606 0.88886
v 17460.159302 49302.041626 0.888956
v 17460.830688 49301.983643 -106.108916
v 17053.384399 49312.374878 -0.649738
v 17053.268433 49312.380981 -107.651758
v 17057.043457 49342.160034 -0.647402
v 17053.384399 49312.374878 -0.649738
v 17057.043457 49342.160034 -0.647402
v 17056.92749 49342.166138 -107.649422
v 16703.031921 49364.810181 -104.541445
v 16704.347229 49364.584351 2.450299
v 16704.347229 49364.584351 2.450299
v 16709.411621 49394.155884 2.450061
v 16709.411621 49394.155884 2.450061
v 16708.096313 49394.381714 -104.541683
v 16359.416199 49424.679565 -102.403259
v 16358.979797 49424.752808 4.600286
v 16358.979797 49424.752808 4.600286
v 16363.954163 49454.3396 4.600644
v 16363.954163 49454.3396 4.600644
v 16364.390564 49454.263306 -102.402914
v 15958.773804 49492.407227 -0.348675
v 15960.55603 49492.102051 -107.333672
v 15963.847351 49521.975708 -0.348842
v 15958.773804 49492.407227 -0.348675
v 15963.847351 49521.975708 -0.348842
v 15965.631104 49521.670532 -107.333827
v 15584.407043 49559.140015 -6.837082
v 15585.931396 49558.850098 -113.825905
v 15589.987183 49588.616943 -6.836867
v 15584.407043 49559.140015 -6.837082
v 15589.987183 49588.616943 -6.836867
v 15591.51001 49588.330078 -113.825691
v 15300.805664 49615.945435 -10.980862
v 15302.294922 49615.625 -117.970002
v 15307.084656 49645.285034 -10.980839
v 15300.805664 49615.945435 -10.980862
v 15307.084656 49645.285034 -10.980839
v 15308.573914 49644.9646 -117.969966
v 15085.84137 49665.942383 -14.07969
v 15087.277222 49665.57312 -121.069372
v 15093.322754 49694.995117 -14.07969
v 15085.84137 49665.942383 -14.07969
v 15093.322754 49694.995117 -14.07969
v 15094.760132 49694.622803 -121.069372
v 15085.84137 49665.942383 -14.07969
v 15094.758606 49694.625854 -121.069372
v 15093.322754 49694.995117 -14.07969
v 15087.277222 49665.57312 -121.069372
v 19455.459595 49187.88147 -1.426542
v 19454.550171 49157.88269 -108.424127
v 19455.264282 49157.879639 -1.426542
v 19454.745483 49187.884521 -108.424127
vt 0 1.438525
vt -0.272598 1
vt -0.272598 1.438525
vt 0 1
vt -0.272598 1.561475
vt 0 1.438525
vt -0.272598 1.438525
vt 0 1.561475
vt 0 1.561475
vt -0.272598 1.561475
vt -0.272598 2
vt 0 2
vt -0.543073 1
vt -0.543073 1.438525
vt -0.543073 1.561475
vt -0.543073 1.438525
vt -0.543073 1.561475
vt -0.543073 2
vt -0.809462 1
vt -0.809462 1.438525
vt -0.809462 1.438525
vt -0.809462 1.561475
vt -0.809462 1.561475
vt -0.809462 2
vt -1.078188 1
vt -1.078188 1.438525
vt -1.078188 1.438525
vt -1.078188 1.561475
vt -1.078188 2
vt -1.078188 1.561475
vt -1.36243 1.438525
vt -1.36243 1
vt -1.36243 1.561475
vt -1.36243 1.438525
vt -1.36243 1.561475
vt -1.36243 2
vt -1.639467 1.438525
vt -1.639467 1
vt -1.639468 1.561475
vt -1.639467 1.438525
vt -1.639468 1.561475
vt -1.639468 2
vt -1.880361 1
vt -1.880361 1.438525
vt -1.880361 1.438525
vt -1.880361 1.561475
vt -1.880361 1.561475
vt -1.880361 2
vt -2.118121 1
vt -2.118121 1.438525
vt -2.118121 1.438525
vt -2.118121 1.561475
vt -2.118121 1.561475
vt -2.118121 2
vt -2.393812 1.438525
vt -2.393812 1
vt -2.393812 1.561475
vt -2.393812 1.438525
vt -2.393812 1.561475
vt -2.393813 2
vt -2.653028 1.438525
vt -2.653028 1
vt -2.653028 1.561475
vt -2.653028 1.438525
vt -2.653028 1.561475
vt -2.653028 2
vt -2.849956 1.438525
vt -2.849956 1
vt -2.849956 1.561475
vt -2.849956 1.438525
vt -2.849956 1.561475
vt -2.849957 2
vt -3 1.438525
vt -3 1
vt -3 1.561475
vt -3 1.438525
vt -3 1.561475
vt -3 2
vt -3 1.438525
vt -3 1.561475
vt -3 1.561475
vt -3 1.438525
vt 0 1.561475
vt 0 1.438525
vt 0 1.438525
vt 0 1.561475
vn -0.017495 -0.999847 0.000007
vn -0.028632 -0.99959 0.000006
vn -0.028632 -0.99959 0.000006
vn -0.017495 -0.999847 0.000007
vn 0.004746 -0.000121 0.999989
vn 0.005713 -0.000098 0.999984
vn 0.004746 -0.000121 0.999989
vn 0.005713 -0.000098 0.999984
vn 0.0175 0.999847 -0.000008
vn 0.028635 0.99959 -0.000006
vn 0.028635 0.99959 -0.000006
vn 0.0175 0.999847 -0.000008
vn -0.052855 -0.998602 0.000007
vn -0.052856 -0.998602 0.000007
vn 0.002895 -0.000135 0.999996
vn 0.002897 -0.000135 0.999996
vn 0.052857 0.998602 -0.000007
vn 0.052855 0.998602 -0.000007
vn -0.073725 -0.997279 0.000005
vn -0.073724 -0.997279 0.000005
vn 0.000824 -0.000047 1
vn 0.00083 -0.000047 1
vn 0.073722 0.997279 -0.000005
vn 0.073724 0.997279 -0.000005
vn -0.08086 -0.996725 0.000008
vn -0.08086 -0.996725 0.000008
vn -0.00271 0.000225 0.999996
vn -0.002707 0.000225 0.999996
vn 0.08086 0.996725 -0.000008
vn 0.080861 0.996725 -0.000008
vn -0.089624 -0.995976 -0.000002
vn -0.089602 -0.995978 -0.000002
vn -0.004414 0.000384 0.99999
vn -0.004418 0.000384 0.99999
vn 0.08963 0.995975 0.000002
vn 0.089607 0.995977 0.000002
vn -0.123558 -0.992337 -0.000051
vn -0.123514 -0.992343 -0.000051
vn 0.002469 -0.000483 0.999997
vn 0.002456 -0.000481 0.999997
vn 0.123557 0.992337 0.000051
vn 0.123513 0.992343 0.000051
vn -0.159865 -0.987139 -0.000037
vn -0.159789 -0.987151 -0.000037
vn 0.007365 -0.00117 0.999972
vn 0.00738 -0.001172 0.999972
vn 0.159781 0.987152 0.000037
vn 0.159857 0.98714 0.000037
vn -0.169163 -0.985588 0.000015
vn -0.169159 -0.985589 0.000015
vn -0.002969 0.000502 0.999995
vn -0.003008 0.000509 0.999995
vn 0.169156 0.985589 -0.000015
vn 0.169159 0.985589 -0.000015
vn -0.171073 -0.985258 0.000023
vn -0.17106 -0.985261 0.000023
vn -0.014414 0.002535 0.999893
vn -0.014408 0.002534 0.999893
vn 0.171073 0.985258 -0.000023
vn 0.171061 0.98526 -0.000023
vn -0.185895 -0.98257 0.000023
vn -0.185911 -0.982567 0.000023
vn -0.015431 0.002931 0.999877
vn -0.015431 0.002931 0.999877
vn 0.185897 0.982569 -0.000023
vn 0.185913 0.982566 -0.000023
vn -0.211394 -0.977401 0.000031
vn -0.211393 -0.977401 0.000031
vn -0.013882 0.00303 0.999899
vn -0.013883 0.00303 0.999899
vn 0.211379 0.977404 -0.000031
vn 0.211379 0.977404 -0.000031
vn -0.226401 -0.974034 0.00004
vn -0.226401 -0.974034 0.00004
vn -0.013704 0.003229 0.999901
vn -0.013704 0.003229 0.999901
vn 0.226369 0.974042 -0.00004
vn 0.226369 0.974042 -0.00004
vn -0.96831 0.249368 -0.013856
vn -0.96831 0.249368 -0.013856
vn -0.96831 0.249368 -0.013856
vn -0.96831 0.249368 -0.013856
vn 0.999957 -0.00651 -0.006674
vn 0.999957 -0.00651 -0.006674
vn 0.999957 -0.00651 -0.006674
vn 0.999957 -0.00651 -0.006674
f 1567/1567/1567 1569/1569/1569 1568/1568/1568
f 1568/1568/1568 1570/1570/1570 1567/1567/1567
f 1571/1571/1571 1573/1573/1573 1572/1572/1572
f 1572/1572/1572 1574/1574/1574 1571/1571/1571
f 1575/1575/1575 1577/1577/1577 1576/1576/1576
f 1575/1575/1575 1578/1578/1578 1577/1577/1577
f 1569/1569/1569 1580/1580/1580 1579/1579/1579
f 1579/1579/1579 1568/1568/1568 1569/1569/1569
f 1581/1581/1581 1582/1582/1582 1573/1573/1573
f 1573/1573/1573 1571/1571/1571 1581/1581/1581
f 1576/1576/1576 1584/1584/1584 1583/1583/1583
f 1576/1576/1576 1577/1577/1577 1584/1584/1584
f 1580/1580/1580 1586/1586/1586 1585/1585/1585
f 1585/1585/1585 1579/1579/1579 1580/1580/1580
f 1587/1587/1587 1582/1582/1582 1581/1581/1581
f 1581/1581/1581 1588/1588/1588 1587/1587/1587
f 1583/1583/1583 1590/1590/1590 1589/1589/1589
f 1583/1583/1583 1584/1584/1584 1590/1590/1590
f 1586/1586/1586 1592/1592/1592 1591/1591/1591
f 1591/1591/1591 1585/1585/1585 1586/1586/1586
f 1593/1593/1593 1587/1587/1587 1588/1588/1588
f 1588/1588/1588 1594/1594/1594 1593/1593/1593
f 1595/1595/1595 1596/1596/1596 1589/1589/1589
f 1589/1589/1589 1590/1590/1590 1595/1595/1595
f 1597/1597/1597 1591/1591/1591 1592/1592/1592
f 1597/1597/1597 1598/1598/1598 1591/1591/1591
f 1599/1599/1599 1600/1600/1600 1593/1593/1593
f 1593/1593/1593 1594/1594/1594 1599/1599/1599
f 1601/1601/1601 1596/1596/1596 1595/1595/1595
f 1595/1595/1595 1602/1602/1602 1601/1601/1601
f 1603/1603/1603 1598/1598/1598 1597/1597/1597
f 1603/1603/1603 1604/1604/1604 1598/1598/1598
f 1605/1605/1605 1606/1606/1606 1600/1600/1600
f 1600/1600/1600 1599/1599/1599 1605/1605/1605
f 1607/1607/1607 1601/1601/1601 1602/1602/1602
f 1602/1602/1602 1608/1608/1608 1607/1607/1607
f 1603/1603/1603 1610/1610/1610 1609/1609/1609
f 1609/1609/1609 1604/1604/1604 1603/1603/1603
f 1611/1611/1611 1606/1606/1606 1605/1605/1605
f 1605/1605/1605 1612/1612/1612 1611/1611/1611
f 1607/1607/1607 1614/1614/1614 1613/1613/1613
f 1607/1607/1607 1608/1608/1608 1614/1614/1614
f 1610/1610/1610 1616/1616/1616 1615/1615/1615
f 1615/1615/1615 1609/1609/1609 1610/1610/1610
f 1617/1617/1617 1611/1611/1611 1612/1612/1612
f 1612/1612/1612 1618/1618/1618 1617/1617/1617
f 1613/1613/1613 1620/1620/1620 1619/1619/1619
f 1613/1613/1613 1614/1614/1614 1620/1620/1620
f 1621/1621/1621 1615/1615/1615 1616/1616/1616
f 1621/1621/1621 1622/1622/1622 1615/1615/1615
f 1623/1623/1623 1624/1624/1624 1617/1617/1617
f 1617/1617/1617 1618/1618/1618 1623/1623/1623
f 1625/1625/1625 1619/1619/1619 1620/1620/1620
f 1620/1620/1620 1626/1626/1626 1625/1625/1625
f 1627/1627/1627 1622/1622/1622 1621/1621/1621
f 1627/1627/1627 1628/1628/1628 1622/1622/1622
f 1629/1629/1629 1630/1630/1630 1624/1624/1624
f 1624/1624/1624 1623/1623/1623 1629/1629/1629
f 1631/1631/1631 1625/1625/1625 1626/1626/1626
f 1626/1626/1626 1632/1632/1632 1631/1631/1631
f 1633/1633/1633 1628/1628/1628 1627/1627/1627
f 1633/1633/1633 1634/1634/1634 1628/1628/1628
f 1635/1635/1635 1636/1636/1636 1630/1630/1630
f 1630/1630/1630 1629/1629/1629 1635/1635/1635
f 1637/1637/1637 1631/1631/1631 1632/1632/1632
f 1632/1632/1632 1638/1638/1638 1637/1637/1637
f 1639/1639/1639 1634/1634/1634 1633/1633/1633
f 1639/1639/1639 1640/1640/1640 1634/1634/1634
f 1641/1641/1641 1642/1642/1642 1636/1636/1636
f 1636/1636/1636 1635/1635/1635 1641/1641/1641
f 1643/1643/1643 1637/1637/1637 1638/1638/1638
f 1638/1638/1638 1644/1644/1644 1643/1643/1643
f 1645/1645/1645 1647/1647/1647 1646/1646/1646
f 1646/1646/1646 1648/1648/1648 1645/1645/1645
f 1649/1649/1649 1651/1651/1651 1650/1650/1650
f 1650/1650/1650 1652/1652/1652 1649/1649/1649
o 3_wall_a_4
usemtl material_1
v 18397.30835 28489.233398 108.135629
v 18124.203491 27955.383301 110.019791
v 18124.0448 27955.075073 3.020392
v 18397.161865 28488.946533 1.136159
v 18424.015808 28475.570679 108.135629
v 18150.91095 27941.720581 110.019791
v 18124.203491 27955.383301 110.019791
v 18397.30835 28489.233398 108.135629
v 18424.015808 28475.570679 108.135629
v 18150.753784 27941.412354 3.020392
v 18150.91095 27941.720581 110.019791
v 18423.869324 28475.283813 1.136159
v 18580.381775 28846.948242 107.005262
v 18580.26123 28846.710205 0.005615
v 18580.381775 28846.948242 107.005262
v 18607.084656 28833.276367 107.005262
v 18607.084656 28833.276367 107.005262
v 18606.964111 28833.03833 0.005616
v 18638.00354 28959.469604 106.81504
v 18638.328552 28960.098267 -0.182767
v 18638.00354 28959.469604 106.81504
v 18664.6698 28945.721436 106.815076
v 18664.6698 28945.721436 106.815076
v 18664.994812 28946.353149 -0.182726
v 18676.416016 29033.932495 107.00562
v 18676.417542 29033.935547 0.005602
v 18676.416016 29033.932495 107.00562
v 18703.088379 29020.202637 107.00562
v 18703.088379 29020.202637 107.00562
v 18703.089905 29020.202637 0.005604
v 18811.935425 29296.789551 107.004952
v 18811.935425 29296.789551 0.004991
v 18811.935425 29296.789551 107.004952
v 18838.598633 29283.041382 107.004952
v 18838.598633 29283.041382 107.004952
v 18838.598633 29283.041382 0.004991
v 18973.135376 29609.820557 107.004166
v 18973.135376 29609.820557 0.004205
v 18973.135376 29609.820557 107.004166
v 18999.81842 29596.109009 107.004166
v 18999.81842 29596.109009 107.004166
v 18999.81842 29596.109009 0.004205
v 19123.387146 29902.651978 107.003462
v 19123.387146 29902.648926 0.003506
v 19123.387146 29902.651978 107.003462
v 19150.086975 29888.970947 107.003462
v 19150.086975 29888.970947 107.003462
v 19150.086975 29888.970947 0.003506
v 19274.909973 30198.754883 107.002771
v 19274.909973 30198.751831 0.002807
v 19274.909973 30198.754883 107.002771
v 19301.623535 30185.101318 107.002771
v 19301.623535 30185.101318 107.002771
v 19301.623535 30185.101318 0.002807
v 18150.91095 27941.720581 110.019791
v 18150.753784 27941.412354 3.020399
v 18124.203491 27955.383301 110.019791
v 18124.0448 27955.075073 3.020399
v 19274.909973 30198.754883 107.002771
v 19274.909973 30198.751831 0.002449
v 19301.623535 30185.101318 107.002771
v 19301.623535 30185.098267 0.002431
vt -0.475625 1.438525
vt 0 1.438525
vt 0 1
vt -0.475625 1
vt -0.475625 1.561475
vt 0 1.561475
vt 0 1.438525
vt -0.475625 1.438525
vt -0.475625 1.561475
vt 0 2
vt 0 1.561475
vt -0.475625 2
vt -0.794376 1.438525
vt -0.794376 1
vt -0.794376 1.438525
vt -0.794376 1.561475
vt -0.794376 1.561475
vt -0.794376 2
vt -0.89535 1.438525
vt -0.89535 1
vt -0.89535 1.438525
vt -0.89535 1.561475
vt -0.89535 1.561475
vt -0.89535 2
vt -0.961257 1.438525
vt -0.961257 1
vt -0.961257 1.438525
vt -0.961257 1.561475
vt -0.961257 1.561475
vt -0.961257 2
vt -1.195798 1.438525
vt -1.195798 1
vt -1.195798 1.438525
vt -1.195798 1.561475
vt -1.195798 1.561475
vt -1.195798 2
vt -1.475092 1.438525
vt -1.475092 1
vt -1.475092 1.438525
vt -1.475092 1.561475
vt -1.475092 1.561475
vt -1.475093 2
vt -1.736162 1.438525
vt -1.736162 1
vt -1.736162 1.438525
vt -1.736162 1.561475
vt -1.736162 1.561475
vt -1.736162 2
vt -2 1.438525
vt -2 1
vt -2 1.438525
vt -2 1.561475
vt -2 1.561475
vt -2 2
vt 0 1.561475
vt 0 1.561475
vt 0 1.438525
vt 0 1.438525
vt -2 1.438525
vt -2 1.438525
vt -2 1.561475
vt -2 1.561475
vn -0.890229 0.455514 0
vn -0.890267 0.45544 0
vn -0.890267 0.45544 0
vn -0.890229 0.455514 0
vn 0.001356 0.002651 0.999996
vn 0.001431 0.002797 0.999995
vn 0.001431 0.002797 0.999995
vn 0.001356 0.002651 0.999996
vn 0.890229 -0.455514 0
vn 0.890267 -0.45544 0
vn 0.890267 -0.45544 0
vn 0.890229 -0.455514 0
vn -0.890132 0.455702 -0.000004
vn -0.890132 0.455702 -0.000004
vn 0.000984 0.001922 0.999998
vn 0.000984 0.001922 0.999998
vn 0.890132 -0.455702 0.000004
vn 0.890132 -0.455702 0.000004
vn -0.889402 0.457126 -0.000003
vn -0.889397 0.457136 -0.000003
vn -0.000178 -0.000342 1
vn -0.000177 -0.00034 1
vn 0.889402 -0.457125 0.000003
vn 0.889397 -0.457136 0.000003
vn -0.888775 0.458344 0.000001
vn -0.888775 0.458344 0.000001
vn -0.000521 -0.00101 0.999999
vn -0.00052 -0.001009 0.999999
vn 0.888775 -0.458344 -0.000001
vn 0.888775 -0.458344 -0.000001
vn -0.888934 0.458035 0
vn -0.888934 0.458035 0
vn 0.000001 0.000002 1
vn 0.000001 0.000002 1
vn 0.888934 -0.458035 0
vn 0.888934 -0.458035 0
vn -0.889378 0.457172 0
vn -0.889378 0.457172 0
vn 0.000001 0.000002 1
vn 0.000001 0.000002 1
vn 0.889378 -0.457172 0
vn 0.889378 -0.457172 0
vn -0.889965 0.456029 0
vn -0.889965 0.456029 0
vn 0.000001 0.000002 1
vn 0.000001 0.000002 1
vn 0.889965 -0.456029 0
vn 0.889965 -0.456029 0
vn -0.890214 0.455542 0
vn -0.890214 0.455542 0
vn 0.000001 0.000002 1
vn 0.000001 0.000002 1
vn 0.890214 -0.455542 0
vn 0.890214 -0.455542 0
vn -0.455393 -0.890284 0.003233
vn -0.455393 -0.890284 0.003233
vn -0.455393 -0.890284 0.003233
vn -0.455393 -0.890284 0.003233
vn 0.455063 0.890459 -0.000025
vn 0.455063 0.890459 -0.000025
vn 0.455063 0.890459 -0.000025
vn 0.455063 0.890459 -0.000025
f 1653/1653/1653 1655/1655/1655 1654/1654/1654
f 1653/1653/1653 1656/1656/1656 1655/1655/1655
f 1657/1657/1657 1659/1659/1659 1658/1658/1658
f 1659/1659/1659 1657/1657/1657 1660/1660/1660
f 1661/1661/1661 1663/1663/1663 1662/1662/1662
f 1662/1662/1662 1664/1664/1664 1661/1661/1661
f 1665/1665/1665 1656/1656/1656 1653/1653/1653
f 1665/1665/1665 1666/1666/1666 1656/1656/1656
f 1660/1660/1660 1668/1668/1668 1667/1667/1667
f 1660/1660/1660 1657/1657/1657 1668/1668/1668
f 1669/1669/1669 1661/1661/1661 1664/1664/1664
f 1664/1664/1664 1670/1670/1670 1669/1669/1669
f 1671/1671/1671 1666/1666/1666 1665/1665/1665
f 1671/1671/1671 1672/1672/1672 1666/1666/1666
f 1667/1667/1667 1674/1674/1674 1673/1673/1673
f 1667/1667/1667 1668/1668/1668 1674/1674/1674
f 1675/1675/1675 1669/1669/1669 1670/1670/1670
f 1670/1670/1670 1676/1676/1676 1675/1675/1675
f 1677/1677/1677 1672/1672/1672 1671/1671/1671
f 1677/1677/1677 1678/1678/1678 1672/1672/1672
f 1679/1679/1679 1673/1673/1673 1674/1674/1674
f 1674/1674/1674 1680/1680/1680 1679/1679/1679
f 1681/1681/1681 1675/1675/1675 1676/1676/1676
f 1676/1676/1676 1682/1682/1682 1681/1681/1681
f 1683/1683/1683 1678/1678/1678 1677/1677/1677
f 1683/1683/1683 1684/1684/1684 1678/1678/1678
f 1685/1685/1685 1679/1679/1679 1680/1680/1680
f 1680/1680/1680 1686/1686/1686 1685/1685/1685
f 1687/1687/1687 1681/1681/1681 1682/1682/1682
f 1682/1682/1682 1688/1688/1688 1687/1687/1687
f 1689/1689/1689 1684/1684/1684 1683/1683/1683
f 1689/1689/1689 1690/1690/1690 1684/1684/1684
f 1691/1691/1691 1685/1685/1685 1686/1686/1686
f 1686/1686/1686 1692/1692/1692 1691/1691/1691
f 1693/1693/1693 1687/1687/1687 1688/1688/1688
f 1688/1688/1688 1694/1694/1694 1693/1693/1693
f 1695/1695/1695 1690/1690/1690 1689/1689/1689
f 1695/1695/1695 1696/1696/1696 1690/1690/1690
f 1691/1691/1691 1698/1698/1698 1697/1697/1697
f 1691/1691/1691 1692/1692/1692 1698/1698/1698
f 1699/1699/1699 1693/1693/1693 1694/1694/1694
f 1694/1694/1694 1700/1700/1700 1699/1699/1699
f 1701/1701/1701 1696/1696/1696 1695/1695/1695
f 1701/1701/1701 1702/1702/1702 1696/1696/1696
f 1697/1697/1697 1704/1704/1704 1703/1703/1703
f 1697/1697/1697 1698/1698/1698 1704/1704/1704
f 1705/1705/1705 1699/1699/1699 1700/1700/1700
f 1700/1700/1700 1706/1706/1706 1705/1705/1705
f 1707/1707/1707 1709/1709/1709 1708/1708/1708
f 1709/1709/1709 1710/1710/1710 1708/1708/1708
f 1711/1711/1711 1713/1713/1713 1712/1712/1712
f 1713/1713/1713 1714/1714/1714 1712/1712/1712
o lay_b_fencea_5
usemtl material_2
v -27607.904053 44946.817017 1544.490719
v -27799.282837 45090.188599 1326.000404
v -27606.378174 44945.581055 1326.199722
v -27798.760986 45089.807129 1544.300461
v -27589.233398 44970.300293 1576.189613
v -27781.140137 45114.086914 1575.999928
v -27607.904053 44946.817017 1544.490719
v -27798.760986 45089.807129 1544.300461
v -28123.55957 45318.487549 1546.51022
v -28128.329468 45321.80481 1328.266621
v -28105.761719 45342.648315 1578.201199
v -28123.55957 45318.487549 1546.51022
v -29167.13562 46039.733887 1370.38269
v -29160.336304 46035.134888 1588.531017
v -29142.562866 46059.335327 1620.208168
v -29160.336304 46035.134888 1588.531017
v -29928.433228 46536.923218 1409.913731
v -29920.776367 46532.037354 1628.025055
v -29903.521729 46556.616211 1659.697914
v -29920.776367 46532.037354 1628.025055
v -30677.203369 47004.101563 1444.924355
v -30669.985962 46999.627686 1663.059044
v -30653.134155 47024.478149 1694.735336
v -30669.985962 46999.627686 1663.059044
v -31498.428345 47510.125732 1481.809998
v -31491.848755 47506.158447 1699.975586
v -31475.393677 47531.268311 1731.656837
v -31491.848755 47506.158447 1699.975586
v -32271.105957 47965.945435 1510.505009
v -32265.045166 47962.442017 1728.692627
v -32249.151611 47987.905884 1760.376358
v -32265.045166 47962.442017 1728.692627
v -33037.680054 48399.938965 1538.913059
v -33031.329346 48396.466064 1757.092857
v -33016.021729 48422.290039 1788.775444
v -33031.329346 48396.466064 1757.092857
v -33842.544556 48824.798584 1569.937515
v -33835.720825 48821.194458 1788.101196
v -33820.721436 48847.201538 1819.781494
v -33835.720825 48821.194458 1788.101196
v -34563.708496 49206.069946 1599.935722
v -34556.765747 49202.468872 1818.095398
v -34541.943359 49228.57666 1849.775314
v -34556.765747 49202.468872 1818.095398
v -35452.197266 49659.765625 1634.936523
v -35445.269775 49656.231689 1853.097916
v -35430.627441 49682.440186 1884.777832
v -35445.269775 49656.231689 1853.097916
v -36062.451172 49971.011353 1659.928513
v -36055.102539 49967.269897 1878.072548
v -36040.41748 49993.457031 1909.749985
v -36055.102539 49967.269897 1878.072548
v -27607.904053 44946.817017 1544.490719
v -27799.282837 45090.188599 1326.000404
v -27798.760986 45089.807129 1544.300461
v -27606.378174 44945.581055 1326.199722
v -27607.904053 44946.817017 1544.490719
v -27781.140137 45114.086914 1575.999928
v -27589.233398 44970.300293 1576.189613
v -27798.760986 45089.807129 1544.300461
v -28123.55957 45318.487549 1546.51022
v -28128.329468 45321.80481 1328.266621
v -28105.761719 45342.648315 1578.201199
v -28123.55957 45318.487549 1546.51022
v -29167.13562 46039.733887 1370.38269
v -29160.336304 46035.134888 1588.531017
v -29142.562866 46059.335327 1620.208168
v -29160.336304 46035.134888 1588.531017
v -29928.433228 46536.923218 1409.913731
v -29920.776367 46532.037354 1628.025055
v -29903.521729 46556.616211 1659.697914
v -29920.776367 46532.037354 1628.025055
v -30677.203369 47004.101563 1444.924355
v -30669.985962 46999.627686 1663.059044
v -30653.134155 47024.478149 1694.735336
v -30669.985962 46999.627686 1663.059044
v -31498.428345 47510.125732 1481.809998
v -31491.848755 47506.158447 1699.975586
v -31475.393677 47531.268311 1731.656837
v -31491.848755 47506.158447 1699.975586
v -32271.105957 47965.945435 1510.505009
v -32265.045166 47962.442017 1728.692627
v -32249.151611 47987.905884 1760.376358
v -32265.045166 47962.442017 1728.692627
v -33037.680054 48399.938965 1538.913059
v -33031.329346 48396.466064 1757.092857
v -33016.021729 48422.290039 1788.775444
v -33031.329346 48396.466064 1757.092857
v -33842.544556 48824.798584 1569.937515
v -33835.720825 48821.194458 1788.101196
v -33820.721436 48847.201538 1819.781494
v -33835.720825 48821.194458 1788.101196
v -34563.708496 49206.069946 1599.935722
v -34556.765747 49202.468872 1818.095398
v -34541.943359 49228.57666 1849.775314
v -34556.765747 49202.468872 1818.095398
v -35452.197266 49659.765625 1634.936523
v -35445.269775 49656.231689 1853.097916
v -35430.627441 49682.440186 1884.777832
v -35445.269775 49656.231689 1853.097916
v -36062.451172 49971.011353 1659.928513
v -36055.102539 49967.269897 1878.072548
v -36040.41748 49993.457031 1909.749985
v -36055.102539 49967.269897 1878.072548
vt -0.000004 3.660141
vt -2.948709 1.16
vt 0 1.16
vt -2.948713 3.660141
vt -0.000005 4.16
vt -2.948714 4.16
vt -0.000004 3.660141
vt -2.948713 3.660141
vt -7.874851 3.660141
vt -7.874847 1.16
vt -7.874852 4.16
vt -7.874851 3.660141
vt -23.265059 1.16
vt -23.265062 3.660141
vt -23.265064 4.16
vt -23.265062 3.660141
vt -34.346664 1.16
vt -34.346668 3.660141
vt -34.346668 4.16
vt -34.346668 3.660141
vt -45.09301 1.16
vt -45.093014 3.660141
vt -45.093014 4.16
vt -45.093014 3.660141
vt -56.836857 1.16
vt -56.836861 3.660141
vt -56.836861 4.16
vt -56.836861 3.660141
vt -67.756874 1.16
vt -67.756882 3.660141
vt -67.756882 4.16
vt -67.756882 3.660141
vt -78.484756 1.16
vt -78.484764 3.660141
vt -78.484764 4.16
vt -78.484764 3.660141
vt -89.570396 1.16
vt -89.570404 3.660141
vt -89.570404 4.16
vt -89.570404 3.660141
vt -99.505737 1.16
vt -99.505745 3.660141
vt -99.505745 4.16
vt -99.505745 3.660141
vt -111.654541 1.16
vt -111.654549 3.660141
vt -111.654549 4.16
vt -111.654549 3.660141
vt -120 1.16
vt -120.000008 3.660141
vt -120.000008 4.16
vt -120.000008 3.660141
vt -0.000004 3.660141
vt -2.948709 1.16
vt -2.948713 3.660141
vt 0 1.16
vt -0.000004 3.660141
vt -2.948714 4.16
vt -0.000005 4.16
vt -2.948713 3.660141
vt -7.874851 3.660141
vt -7.874847 1.16
vt -7.874852 4.16
vt -7.874851 3.660141
vt -23.265059 1.16
vt -23.265062 3.660141
vt -23.265064 4.16
vt -23.265062 3.660141
vt -34.346664 1.16
vt -34.346668 3.660141
vt -34.346668 4.16
vt -34.346668 3.660141
vt -45.09301 1.16
vt -45.093014 3.660141
vt -45.093014 4.16
vt -45.093014 3.660141
vt -56.836857 1.16
vt -56.836861 3.660141
vt -56.836861 4.16
vt -56.836861 3.660141
vt -67.756874 1.16
vt -67.756882 3.660141
vt -67.756882 4.16
vt -67.756882 3.660141
vt -78.484756 1.16
vt -78.484764 3.660141
vt -78.484764 4.16
vt -78.484764 3.660141
vt -89.570396 1.16
vt -89.570404 3.660141
vt -89.570404 4.16
vt -89.570404 3.660141
vt -99.505737 1.16
vt -99.505745 3.660141
vt -99.505745 4.16
vt -99.505745 3.660141
vt -111.654541 1.16
vt -111.654549 3.660141
vt -111.654549 4.16
vt -111.654549 3.660141
vt -120 1.16
vt -120.000008 3.660141
vt -120.000008 4.16
vt -120.000008 3.660141
vn 0.599701 0.800224 -0.000187
vn 0.587735 0.809054 -0.000115
vn 0.599701 0.800224 -0.000187
vn 0.587744 0.809047 -0.000115
vn 0.435971 0.580984 -0.687304
vn 0.425502 0.588571 -0.68741
vn 0.435971 0.580984 -0.687304
vn 0.425529 0.588551 -0.68741
vn 0.572131 0.820162 -0.000096
vn 0.572099 0.820184 -0.000096
vn 0.404597 0.603254 -0.687303
vn 0.404549 0.603287 -0.687302
vn 0.557794 0.829979 -0.000036
vn 0.557783 0.829987 -0.000036
vn 0.383266 0.617441 -0.686931
vn 0.383255 0.617448 -0.68693
vn 0.538185 0.842826 0.000113
vn 0.538186 0.842826 0.000113
vn 0.366942 0.627534 -0.686698
vn 0.366943 0.627533 -0.686698
vn 0.527018 0.849854 0.000013
vn 0.527018 0.849854 0.000013
vn 0.360093 0.631341 -0.686834
vn 0.360094 0.631341 -0.686834
vn 0.51642 0.856335 -0.00005
vn 0.516421 0.856335 -0.00005
vn 0.35446 0.634362 -0.686981
vn 0.354459 0.634362 -0.686981
vn 0.500478 0.865749 -0.000042
vn 0.500478 0.865749 -0.000042
vn 0.34445 0.639773 -0.687055
vn 0.344451 0.639773 -0.687055
vn 0.479867 0.877341 0.000069
vn 0.479867 0.877341 0.000069
vn 0.328605 0.648132 -0.686981
vn 0.328609 0.64813 -0.686981
vn 0.467146 0.88418 0.000047
vn 0.467146 0.88418 0.000046
vn 0.317828 0.653571 -0.686899
vn 0.317828 0.653571 -0.686899
vn 0.461121 0.887337 -0.000022
vn 0.46112 0.887338 -0.000022
vn 0.313032 0.655836 -0.686943
vn 0.313036 0.655834 -0.686943
vn 0.454576 0.890708 0.000051
vn 0.454576 0.890708 0.000051
vn 0.3083 0.658133 -0.686886
vn 0.3083 0.658133 -0.686886
vn 0.454349 0.890824 -0.000005
vn 0.454349 0.890824 -0.000005
vn 0.307678 0.6584 -0.686909
vn 0.307678 0.6584 -0.686909
vn -0.599701 -0.800224 0.000187
vn -0.587735 -0.809054 0.000115
vn -0.587744 -0.809047 0.000115
vn -0.599701 -0.800224 0.000187
vn -0.435971 -0.580984 0.687304
vn -0.425502 -0.588571 0.68741
vn -0.435971 -0.580984 0.687304
vn -0.425529 -0.588551 0.68741
vn -0.572131 -0.820162 0.000096
vn -0.572099 -0.820184 0.000096
vn -0.404597 -0.603254 0.687303
vn -0.404549 -0.603287 0.687302
vn -0.557794 -0.829979 0.000036
vn -0.557783 -0.829987 0.000036
vn -0.383266 -0.617441 0.686931
vn -0.383255 -0.617448 0.68693
vn -0.538185 -0.842826 -0.000113
vn -0.538186 -0.842826 -0.000113
vn -0.366942 -0.627534 0.686698
vn -0.366943 -0.627533 0.686698
vn -0.527018 -0.849854 -0.000013
vn -0.527018 -0.849854 -0.000013
vn -0.360093 -0.631341 0.686834
vn -0.360094 -0.631341 0.686834
vn -0.51642 -0.856335 0.00005
vn -0.516421 -0.856335 0.00005
vn -0.35446 -0.634362 0.686981
vn -0.354459 -0.634362 0.686981
vn -0.500478 -0.865749 0.000042
vn -0.500478 -0.865749 0.000042
vn -0.34445 -0.639773 0.687055
vn -0.344451 -0.639773 0.687055
vn -0.479867 -0.877341 -0.000069
vn -0.479867 -0.877341 -0.000069
vn -0.328605 -0.648132 0.686981
vn -0.328609 -0.64813 0.686981
vn -0.467146 -0.88418 -0.000047
vn -0.467146 -0.88418 -0.000046
vn -0.317828 -0.653571 0.686899
vn -0.317828 -0.653571 0.686899
vn -0.461121 -0.887337 0.000022
vn -0.46112 -0.887338 0.000022
vn -0.313032 -0.655836 0.686943
vn -0.313036 -0.655834 0.686943
vn -0.454576 -0.890708 -0.000051
vn -0.454576 -0.890708 -0.000051
vn -0.3083 -0.658133 0.686886
vn -0.3083 -0.658133 0.686886
vn -0.454349 -0.890824 0.000005
vn -0.454349 -0.890824 0.000005
vn -0.307678 -0.6584 0.686909
vn -0.307678 -0.6584 0.686909
f 1715/1715/1715 1717/1717/1717 1716/1716/1716
f 1716/1716/1716 1718/1718/1718 1715/1715/1715
f 1719/1719/1719 1721/1721/1721 1720/1720/1720
f 1721/1721/1721 1722/1722/1722 1720/1720/1720
f 1723/1723/1723 1718/1718/1718 1716/1716/1716
f 1716/1716/1716 1724/1724/1724 1723/1723/1723
f 1720/1720/1720 1722/1722/1722 1725/1725/1725
f 1722/1722/1722 1726/1726/1726 1725/1725/1725
f 1723/1723/1723 1724/1724/1724 1727/1727/1727
f 1727/1727/1727 1728/1728/1728 1723/1723/1723
f 1725/1725/1725 1726/1726/1726 1729/1729/1729
f 1726/1726/1726 1730/1730/1730 1729/1729/1729
f 1728/1728/1728 1727/1727/1727 1731/1731/1731
f 1731/1731/1731 1732/1732/1732 1728/1728/1728
f 1729/1729/1729 1730/1730/1730 1733/1733/1733
f 1730/1730/1730 1734/1734/1734 1733/1733/1733
f 1732/1732/1732 1731/1731/1731 1735/1735/1735
f 1735/1735/1735 1736/1736/1736 1732/1732/1732
f 1733/1733/1733 1734/1734/1734 1737/1737/1737
f 1734/1734/1734 1738/1738/1738 1737/1737/1737
f 1736/1736/1736 1735/1735/1735 1739/1739/1739
f 1739/1739/1739 1740/1740/1740 1736/1736/1736
f 1737/1737/1737 1738/1738/1738 1741/1741/1741
f 1738/1738/1738 1742/1742/1742 1741/1741/1741
f 1740/1740/1740 1739/1739/1739 1743/1743/1743
f 1743/1743/1743 1744/1744/1744 1740/1740/1740
f 1741/1741/1741 1742/1742/1742 1745/1745/1745
f 1742/1742/1742 1746/1746/1746 1745/1745/1745
f 1744/1744/1744 1743/1743/1743 1747/1747/1747
f 1747/1747/1747 1748/1748/1748 1744/1744/1744
f 1745/1745/1745 1746/1746/1746 1749/1749/1749
f 1746/1746/1746 1750/1750/1750 1749/1749/1749
f 1748/1748/1748 1747/1747/1747 1751/1751/1751
f 1751/1751/1751 1752/1752/1752 1748/1748/1748
f 1749/1749/1749 1750/1750/1750 1753/1753/1753
f 1750/1750/1750 1754/1754/1754 1753/1753/1753
f 1752/1752/1752 1751/1751/1751 1755/1755/1755
f 1755/1755/1755 1756/1756/1756 1752/1752/1752
f 1753/1753/1753 1754/1754/1754 1757/1757/1757
f 1754/1754/1754 1758/1758/1758 1757/1757/1757
f 1756/1756/1756 1755/1755/1755 1759/1759/1759
f 1759/1759/1759 1760/1760/1760 1756/1756/1756
f 1757/1757/1757 1758/1758/1758 1761/1761/1761
f 1758/1758/1758 1762/1762/1762 1761/1761/1761
f 1760/1760/1760 1759/1759/1759 1763/1763/1763
f 1763/1763/1763 1764/1764/1764 1760/1760/1760
f 1761/1761/1761 1762/1762/1762 1765/1765/1765
f 1762/1762/1762 1766/1766/1766 1765/1765/1765
f 1767/1767/1767 1769/1769/1769 1768/1768/1768
f 1768/1768/1768 1770/1770/1770 1767/1767/1767
f 1771/1771/1771 1773/1773/1773 1772/1772/1772
f 1772/1772/1772 1774/1774/1774 1771/1771/1771
f 1775/1775/1775 1768/1768/1768 1769/1769/1769
f 1775/1775/1775 1776/1776/1776 1768/1768/1768
f 1774/1774/1774 1772/1772/1772 1777/1777/1777
f 1777/1777/1777 1778/1778/1778 1774/1774/1774
f 1775/1775/1775 1780/1780/1780 1779/1779/1779
f 1779/1779/1779 1776/1776/1776 1775/1775/1775
f 1778/1778/1778 1777/1777/1777 1781/1781/1781
f 1781/1781/1781 1782/1782/1782 1778/1778/1778
f 1780/1780/1780 1784/1784/1784 1783/1783/1783
f 1783/1783/1783 1779/1779/1779 1780/1780/1780
f 1782/1782/1782 1781/1781/1781 1785/1785/1785
f 1785/1785/1785 1786/1786/1786 1782/1782/1782
f 1784/1784/1784 1788/1788/1788 1787/1787/1787
f 1787/1787/1787 1783/1783/1783 1784/1784/1784
f 1786/1786/1786 1785/1785/1785 1789/1789/1789
f 1789/1789/1789 1790/1790/1790 1786/1786/1786
f 1788/1788/1788 1792/1792/1792 1791/1791/1791
f 1791/1791/1791 1787/1787/1787 1788/1788/1788
f 1790/1790/1790 1789/1789/1789 1793/1793/1793
f 1793/1793/1793 1794/1794/1794 1790/1790/1790
f 1792/1792/1792 1796/1796/1796 1795/1795/1795
f 1795/1795/1795 1791/1791/1791 1792/1792/1792
f 1794/1794/1794 1793/1793/1793 1797/1797/1797
f 1797/1797/1797 1798/1798/1798 1794/1794/1794
f 1796/1796/1796 1800/1800/1800 1799/1799/1799
f 1799/1799/1799 1795/1795/1795 1796/1796/1796
f 1801/1801/1801 1802/1802/1802 1798/1798/1798
f 1798/1798/1798 1797/1797/1797 1801/1801/1801
f 1800/1800/1800 1804/1804/1804 1803/1803/1803
f 1803/1803/1803 1799/1799/1799 1800/1800/1800
f 1805/1805/1805 1806/1806/1806 1802/1802/1802
f 1802/1802/1802 1801/1801/1801 1805/1805/1805
f 1804/1804/1804 1808/1808/1808 1807/1807/1807
f 1807/1807/1807 1803/1803/1803 1804/1804/1804
f 1809/1809/1809 1810/1810/1810 1806/1806/1806
f 1806/1806/1806 1805/1805/1805 1809/1809/1809
f 1808/1808/1808 1812/1812/1812 1811/1811/1811
f 1811/1811/1811 1807/1807/1807 1808/1808/1808
f 1813/1813/1813 1814/1814/1814 1810/1810/1810
f 1810/1810/1810 1809/1809/1809 1813/1813/1813
f 1812/1812/1812 1816/1816/1816 1815/1815/1815
f 1815/1815/1815 1811/1811/1811 1812/1812/1812
f 1817/1817/1817 1818/1818/1818 1814/1814/1814
f 1814/1814/1814 1813/1813/1813 1817/1817/1817
o lay_a_fencea_6
usemtl material_2
v 19456.770325 49172.869873 209.86867
v 19055.232239 49179.876709 -6.139803
v 19455.314636 49172.88208 -8.426344
v 19056.268311 49179.846191 212.157679
v 19057.276917 49209.829712 243.857288
v 19456.770325 49172.869873 209.86867
v 19457.177734 49202.868652 241.568089
v 19056.268311 49179.846191 212.157679
v 18658.509827 49195.6604 -4.638588
v 18659.121704 49195.626831 213.660526
v 18660.743713 49225.585938 245.360374
v 18659.121704 49195.626831 213.660526
v 18268.333435 49221.44165 -3.849912
v 18268.554688 49221.42334 214.449978
v 18270.909119 49251.330566 246.149969
v 18268.554688 49221.42334 214.449978
v 17875.074768 49253.601074 -3.992057
v 17874.659729 49253.634644 214.308023
v 17877.052307 49283.538818 246.008205
v 17874.659729 49253.634644 214.308023
v 17457.575989 49287.207031 212.18462
v 17458.944702 49287.091064 -6.110919
v 17459.895325 49317.11731 243.88423
v 17457.575989 49287.207031 212.18462
v 17055.44281 49327.255249 210.655403
v 17055.206299 49327.267456 -7.648671
v 17059.135437 49357.040405 242.358494
v 17055.44281 49327.255249 210.655403
v 16706.793213 49379.385376 -4.549253
v 16709.475708 49378.924561 213.733816
v 16714.929199 49408.428955 245.43128
v 16709.475708 49378.924561 213.733816
v 16361.495972 49439.541626 -2.399743
v 16360.606384 49439.694214 215.907431
v 16365.45105 49469.299316 247.608948
v 16360.606384 49439.694214 215.907431
v 15957.789612 49507.794189 210.921574
v 15961.427307 49507.171631 -7.347739
v 15962.335205 49537.454224 242.61713
v 15957.789612 49507.794189 210.921574
v 15584.188843 49574.450684 204.440928
v 15587.297058 49573.861694 -13.836217
v 15589.317322 49604.013062 236.137962
v 15584.188843 49574.450684 204.440928
v 15301.005554 49631.243896 200.297642
v 15304.043579 49630.593872 -17.980111
v 15306.842041 49660.678101 231.994581
v 15301.005554 49631.243896 200.297642
v 15086.74469 49681.19812 197.199881
v 15089.675903 49680.444336 -21.078992
v 15093.80188 49710.360718 228.896999
v 15086.74469 49681.19812 197.199881
v 19456.770325 49172.869873 209.86867
v 19055.232239 49179.876709 -6.139803
v 19056.268311 49179.846191 212.157679
v 19455.314636 49172.88208 -8.426344
v 19057.276917 49209.829712 243.857288
v 19457.177734 49202.868652 241.568089
v 19456.770325 49172.869873 209.86867
v 19056.268311 49179.846191 212.157679
v 18658.509827 49195.6604 -4.638588
v 18659.121704 49195.626831 213.660526
v 18660.743713 49225.585938 245.360374
v 18659.121704 49195.626831 213.660526
v 18268.333435 49221.44165 -3.849912
v 18268.554688 49221.42334 214.449978
v 18270.909119 49251.330566 246.149969
v 18268.554688 49221.42334 214.449978
v 17875.074768 49253.601074 -3.992057
v 17874.659729 49253.634644 214.308023
v 17877.052307 49283.538818 246.008205
v 17874.659729 49253.634644 214.308023
v 17457.575989 49287.207031 212.18462
v 17458.944702 49287.091064 -6.110919
v 17459.895325 49317.11731 243.88423
v 17457.575989 49287.207031 212.18462
v 17055.44281 49327.255249 210.655403
v 17055.206299 49327.267456 -7.648671
v 17059.135437 49357.040405 242.358494
v 17055.44281 49327.255249 210.655403
v 16706.793213 49379.385376 -4.549253
v 16709.475708 49378.924561 213.733816
v 16714.929199 49408.428955 245.43128
v 16709.475708 49378.924561 213.733816
v 16361.495972 49439.541626 -2.399743
v 16360.606384 49439.694214 215.907431
v 16365.45105 49469.299316 247.608948
v 16360.606384 49439.694214 215.907431
v 15957.789612 49507.794189 210.921574
v 15961.427307 49507.171631 -7.347739
v 15962.335205 49537.454224 242.61713
v 15957.789612 49507.794189 210.921574
v 15584.188843 49574.450684 204.440928
v 15587.297058 49573.861694 -13.836217
v 15589.317322 49604.013062 236.137962
v 15584.188843 49574.450684 204.440928
v 15301.005554 49631.243896 200.297642
v 15304.043579 49630.593872 -17.980111
v 15306.842041 49660.678101 231.994581
v 15301.005554 49631.243896 200.297642
v 15086.74469 49681.19812 197.199881
v 15089.675903 49680.444336 -21.078992
v 15093.80188 49710.360718 228.896999
v 15086.74469 49681.19812 197.199881
vt -0.000002 3.660141
vt -5.451962 1.16
vt 0 1.16
vt -5.451964 3.660141
vt -5.451964 4.16
vt -0.000002 3.660141
vt -0.000003 4.16
vt -5.451964 3.660141
vt -10.861465 1.16
vt -10.861466 3.660141
vt -10.861467 4.16
vt -10.861466 3.660141
vt -16.189243 1.16
vt -16.189245 3.660141
vt -16.189245 4.16
vt -16.189245 3.660141
vt -21.563763 1.16
vt -21.563765 3.660141
vt -21.563765 4.16
vt -21.563765 3.660141
vt -27.248606 3.660141
vt -27.248604 1.16
vt -27.248606 4.16
vt -27.248606 3.660141
vt -32.789356 3.660141
vt -32.789352 1.16
vt -32.789356 4.16
vt -32.789356 3.660141
vt -37.607224 1.16
vt -37.607227 3.660141
vt -37.607227 4.16
vt -37.607227 3.660141
vt -42.362423 1.16
vt -42.362427 3.660141
vt -42.362427 4.16
vt -42.362427 3.660141
vt -47.876251 3.660141
vt -47.876247 1.16
vt -47.876251 4.16
vt -47.876251 3.660141
vt -53.060566 3.660141
vt -53.060562 1.16
vt -53.060566 4.16
vt -53.060566 3.660141
vt -56.99913 3.660141
vt -56.999126 1.16
vt -56.99913 4.16
vt -56.99913 3.660141
vt -60.000004 3.660141
vt -60 1.16
vt -60.000004 4.16
vt -60.000004 3.660141
vt -0.000002 3.660141
vt -5.451962 1.16
vt -5.451964 3.660141
vt 0 1.16
vt -5.451964 4.16
vt -0.000003 4.16
vt -0.000002 3.660141
vt -5.451964 3.660141
vt -10.861465 1.16
vt -10.861466 3.660141
vt -10.861467 4.16
vt -10.861466 3.660141
vt -16.189243 1.16
vt -16.189245 3.660141
vt -16.189245 4.16
vt -16.189245 3.660141
vt -21.563763 1.16
vt -21.563765 3.660141
vt -21.563765 4.16
vt -21.563765 3.660141
vt -27.248606 3.660141
vt -27.248604 1.16
vt -27.248606 4.16
vt -27.248606 3.660141
vt -32.789356 3.660141
vt -32.789352 1.16
vt -32.789356 4.16
vt -32.789356 3.660141
vt -37.607224 1.16
vt -37.607227 3.660141
vt -37.607227 4.16
vt -37.607227 3.660141
vt -42.362423 1.16
vt -42.362427 3.660141
vt -42.362427 4.16
vt -42.362427 3.660141
vt -47.876251 3.660141
vt -47.876247 1.16
vt -47.876251 4.16
vt -47.876251 3.660141
vt -53.060566 3.660141
vt -53.060562 1.16
vt -53.060566 4.16
vt -53.060566 3.660141
vt -56.99913 3.660141
vt -56.999126 1.16
vt -56.99913 4.16
vt -56.99913 3.660141
vt -60.000004 3.660141
vt -60 1.16
vt -60.000004 4.16
vt -60.000004 3.660141
vn 0.017447 0.999848 -0.000007
vn 0.028591 0.999591 -0.000006
vn 0.017447 0.999848 -0.000007
vn 0.028591 0.999591 -0.000006
vn 0.017477 0.726087 -0.68738
vn 0.008713 0.72628 -0.687343
vn 0.008713 0.726281 -0.687343
vn 0.017477 0.726087 -0.68738
vn 0.052828 0.998604 -0.000007
vn 0.052829 0.998604 -0.000007
vn 0.036369 0.725372 -0.687396
vn 0.036353 0.725373 -0.687396
vn 0.073715 0.997279 -0.000005
vn 0.073713 0.99728 -0.000005
vn 0.052952 0.724369 -0.687376
vn 0.052974 0.724367 -0.687376
vn 0.080864 0.996725 -0.000008
vn 0.080865 0.996725 -0.000008
vn 0.060596 0.723776 -0.687369
vn 0.060598 0.723776 -0.687369
vn 0.089659 0.995973 0.000002
vn 0.089637 0.995975 0.000002
vn 0.068187 0.723103 -0.687366
vn 0.068144 0.723107 -0.687367
vn 0.123502 0.992344 0.000052
vn 0.123458 0.99235 0.000051
vn 0.087956 0.720969 -0.687362
vn 0.08792 0.720973 -0.687362
vn 0.15977 0.987154 0.000038
vn 0.159694 0.987167 0.000038
vn 0.110823 0.717819 -0.687353
vn 0.110945 0.717799 -0.687354
vn 0.169157 0.985589 -0.000015
vn 0.169154 0.98559 -0.000015
vn 0.124922 0.715497 -0.687356
vn 0.124904 0.7155 -0.687356
vn 0.171134 0.985248 -0.000022
vn 0.171122 0.98525 -0.000022
vn 0.134253 0.71385 -0.687309
vn 0.134234 0.713854 -0.687309
vn 0.18604 0.982542 -0.000021
vn 0.186057 0.982539 -0.000021
vn 0.145825 0.711577 -0.687309
vn 0.145831 0.711576 -0.687309
vn 0.211674 0.97734 -0.000026
vn 0.211674 0.97734 -0.000026
vn 0.163476 0.707713 -0.687326
vn 0.163451 0.707719 -0.687326
vn 0.226783 0.973945 -0.000034
vn 0.226783 0.973945 -0.000034
vn 0.174395 0.705167 -0.687259
vn 0.174395 0.705167 -0.687259
vn -0.017447 -0.999848 0.000007
vn -0.028591 -0.999591 0.000006
vn -0.028591 -0.999591 0.000006
vn -0.017447 -0.999848 0.000007
vn -0.017477 -0.726087 0.68738
vn -0.008713 -0.726281 0.687343
vn -0.008713 -0.72628 0.687343
vn -0.017477 -0.726087 0.68738
vn -0.052828 -0.998604 0.000007
vn -0.052829 -0.998604 0.000007
vn -0.036369 -0.725372 0.687396
vn -0.036353 -0.725373 0.687396
vn -0.073715 -0.997279 0.000005
vn -0.073713 -0.99728 0.000005
vn -0.052952 -0.724369 0.687376
vn -0.052974 -0.724367 0.687376
vn -0.080864 -0.996725 0.000008
vn -0.080865 -0.996725 0.000008
vn -0.060596 -0.723776 0.687369
vn -0.060598 -0.723776 0.687369
vn -0.089659 -0.995973 -0.000002
vn -0.089637 -0.995975 -0.000002
vn -0.068187 -0.723103 0.687366
vn -0.068144 -0.723107 0.687367
vn -0.123502 -0.992344 -0.000052
vn -0.123458 -0.99235 -0.000051
vn -0.087956 -0.720969 0.687362
vn -0.08792 -0.720973 0.687362
vn -0.15977 -0.987154 -0.000038
vn -0.159694 -0.987167 -0.000038
vn -0.110823 -0.717819 0.687353
vn -0.110945 -0.717799 0.687354
vn -0.169157 -0.985589 0.000015
vn -0.169154 -0.98559 0.000015
vn -0.124922 -0.715497 0.687356
vn -0.124904 -0.7155 0.687356
vn -0.171134 -0.985248 0.000022
vn -0.171122 -0.98525 0.000022
vn -0.134253 -0.71385 0.687309
vn -0.134234 -0.713854 0.687309
vn -0.18604 -0.982542 0.000021
vn -0.186057 -0.982539 0.000021
vn -0.145825 -0.711577 0.687309
vn -0.145831 -0.711576 0.687309
vn -0.211674 -0.97734 0.000026
vn -0.211674 -0.97734 0.000026
vn -0.163476 -0.707713 0.687326
vn -0.163451 -0.707719 0.687326
vn -0.226783 -0.973945 0.000034
vn -0.226783 -0.973945 0.000034
vn -0.174395 -0.705167 0.687259
vn -0.174395 -0.705167 0.687259
f 1819/1819/1819 1821/1821/1821 1820/1820/1820
f 1820/1820/1820 1822/1822/1822 1819/1819/1819
f 1823/1823/1823 1825/1825/1825 1824/1824/1824
f 1824/1824/1824 1826/1826/1826 1823/1823/1823
f 1822/1822/1822 1820/1820/1820 1827/1827/1827
f 1827/1827/1827 1828/1828/1828 1822/1822/1822
f 1829/1829/1829 1823/1823/1823 1826/1826/1826
f 1826/1826/1826 1830/1830/1830 1829/1829/1829
f 1828/1828/1828 1827/1827/1827 1831/1831/1831
f 1831/1831/1831 1832/1832/1832 1828/1828/1828
f 1833/1833/1833 1829/1829/1829 1830/1830/1830
f 1830/1830/1830 1834/1834/1834 1833/1833/1833
f 1832/1832/1832 1831/1831/1831 1835/1835/1835
f 1835/1835/1835 1836/1836/1836 1832/1832/1832
f 1837/1837/1837 1833/1833/1833 1834/1834/1834
f 1834/1834/1834 1838/1838/1838 1837/1837/1837
f 1839/1839/1839 1836/1836/1836 1835/1835/1835
f 1835/1835/1835 1840/1840/1840 1839/1839/1839
f 1841/1841/1841 1837/1837/1837 1838/1838/1838
f 1838/1838/1838 1842/1842/1842 1841/1841/1841
f 1843/1843/1843 1839/1839/1839 1840/1840/1840
f 1840/1840/1840 1844/1844/1844 1843/1843/1843
f 1845/1845/1845 1841/1841/1841 1842/1842/1842
f 1842/1842/1842 1846/1846/1846 1845/1845/1845
f 1843/1843/1843 1844/1844/1844 1847/1847/1847
f 1847/1847/1847 1848/1848/1848 1843/1843/1843
f 1849/1849/1849 1845/1845/1845 1846/1846/1846
f 1846/1846/1846 1850/1850/1850 1849/1849/1849
f 1848/1848/1848 1847/1847/1847 1851/1851/1851
f 1851/1851/1851 1852/1852/1852 1848/1848/1848
f 1853/1853/1853 1849/1849/1849 1850/1850/1850
f 1850/1850/1850 1854/1854/1854 1853/1853/1853
f 1855/1855/1855 1852/1852/1852 1851/1851/1851
f 1851/1851/1851 1856/1856/1856 1855/1855/1855
f 1857/1857/1857 1853/1853/1853 1854/1854/1854
f 1854/1854/1854 1858/1858/1858 1857/1857/1857
f 1859/1859/1859 1855/1855/1855 1856/1856/1856
f 1856/1856/1856 1860/1860/1860 1859/1859/1859
f 1861/1861/1861 1857/1857/1857 1858/1858/1858
f 1858/1858/1858 1862/1862/1862 1861/1861/1861
f 1863/1863/1863 1859/1859/1859 1860/1860/1860
f 1860/1860/1860 1864/1864/1864 1863/1863/1863
f 1865/1865/1865 1861/1861/1861 1862/1862/1862
f 1862/1862/1862 1866/1866/1866 1865/1865/1865
f 1867/1867/1867 1863/1863/1863 1864/1864/1864
f 1864/1864/1864 1868/1868/1868 1867/1867/1867
f 1869/1869/1869 1865/1865/1865 1866/1866/1866
f 1866/1866/1866 1870/1870/1870 1869/1869/1869
f 1871/1871/1871 1873/1873/1873 1872/1872/1872
f 1872/1872/1872 1874/1874/1874 1871/1871/1871
f 1875/1875/1875 1877/1877/1877 1876/1876/1876
f 1875/1875/1875 1878/1878/1878 1877/1877/1877
f 1873/1873/1873 1880/1880/1880 1879/1879/1879
f 1879/1879/1879 1872/1872/1872 1873/1873/1873
f 1881/1881/1881 1878/1878/1878 1875/1875/1875
f 1881/1881/1881 1882/1882/1882 1878/1878/1878
f 1880/1880/1880 1884/1884/1884 1883/1883/1883
f 1883/1883/1883 1879/1879/1879 1880/1880/1880
f 1885/1885/1885 1882/1882/1882 1881/1881/1881
f 1885/1885/1885 1886/1886/1886 1882/1882/1882
f 1884/1884/1884 1888/1888/1888 1887/1887/1887
f 1887/1887/1887 1883/1883/1883 1884/1884/1884
f 1889/1889/1889 1886/1886/1886 1885/1885/1885
f 1889/1889/1889 1890/1890/1890 1886/1886/1886
f 1891/1891/1891 1887/1887/1887 1888/1888/1888
f 1891/1891/1891 1892/1892/1892 1887/1887/1887
f 1893/1893/1893 1890/1890/1890 1889/1889/1889
f 1893/1893/1893 1894/1894/1894 1890/1890/1890
f 1895/1895/1895 1892/1892/1892 1891/1891/1891
f 1895/1895/1895 1896/1896/1896 1892/1892/1892
f 1897/1897/1897 1894/1894/1894 1893/1893/1893
f 1897/1897/1897 1898/1898/1898 1894/1894/1894
f 1895/1895/1895 1900/1900/1900 1899/1899/1899
f 1899/1899/1899 1896/1896/1896 1895/1895/1895
f 1901/1901/1901 1898/1898/1898 1897/1897/1897
f 1901/1901/1901 1902/1902/1902 1898/1898/1898
f 1900/1900/1900 1904/1904/1904 1903/1903/1903
f 1903/1903/1903 1899/1899/1899 1900/1900/1900
f 1905/1905/1905 1902/1902/1902 1901/1901/1901
f 1905/1905/1905 1906/1906/1906 1902/1902/1902
f 1907/1907/1907 1903/1903/1903 1904/1904/1904
f 1907/1907/1907 1908/1908/1908 1903/1903/1903
f 1909/1909/1909 1906/1906/1906 1905/1905/1905
f 1909/1909/1909 1910/1910/1910 1906/1906/1906
f 1911/1911/1911 1908/1908/1908 1907/1907/1907
f 1911/1911/1911 1912/1912/1912 1908/1908/1908
f 1913/1913/1913 1910/1910/1910 1909/1909/1909
f 1913/1913/1913 1914/1914/1914 1910/1910/1910
f 1915/1915/1915 1912/1912/1912 1911/1911/1911
f 1915/1915/1915 1916/1916/1916 1912/1912/1912
f 1917/1917/1917 1914/1914/1914 1913/1913/1913
f 1917/1917/1917 1918/1918/1918 1914/1914/1914
f 1919/1919/1919 1916/1916/1916 1915/1915/1915
f 1919/1919/1919 1920/1920/1920 1916/1916/1916
f 1921/1921/1921 1918/1918/1918 1917/1917/1917
f 1921/1921/1921 1922/1922/1922 1918/1918/1918
o 3_wall_a_7
usemtl material_3
v 14817.221069 29709.115601 -5.157018
v 14817.880249 29710.791016 344.838357
v 14958.018494 30067.193604 342.867875
v 14957.359314 30065.515137 -7.127499
v 15097.825623 30422.756958 340.902019
v 15097.497559 30421.917725 -9.09798
v 15315.422058 30980.941772 340.901995
v 15315.422058 30980.941772 -9.097993
v 15532.922363 31538.882446 340.901995
v 15533.346558 31539.968872 -9.098005
v 15586.985779 31677.548218 341.893959
v 15587.832642 31679.724121 -8.098231
v 15641.325378 31816.995239 342.891479
v 15642.320251 31819.476318 -7.098457
v 15753.900146 32089.11438 345.428014
v 15755.053711 32091.900635 -4.558978
v 15866.734314 32362.008667 347.971606
v 15867.785645 32364.321899 -2.0195
v 16047.787476 32732.128906 350.399756
v 16048.693848 32733.984375 0.405844
v 16228.695679 33101.791382 352.825093
v 16229.602051 33103.643799 2.831187
vt 0 1
vt 0 4.5
vt -1.04103 4.5
vt -1.041029 1
vt -2.082059 4.5
vt -2.082059 1
vt -3.713053 4.5
vt -3.713053 1
vt -5.344048 4.5
vt -5.344048 1
vt -5.751804 4.5
vt -5.751803 1
vt -6.159561 4.5
vt -6.15956 1
vt -6.961024 4.5
vt -6.961024 1
vt -7.762488 4.5
vt -7.762487 1
vt -8.881244 4.5
vt -8.881244 1
vt -10 4.5
vt -10 1
vn 0.930642 -0.365932 0
vn 0.930642 -0.365932 0
vn 0.930643 -0.36593 0
vn 0.930642 -0.365931 0.000001
vn 0.931177 -0.364568 0.000001
vn 0.931176 -0.36457 0.000002
vn 0.931708 -0.363207 0
vn 0.931708 -0.363207 0
vn 0.931701 -0.363227 0
vn 0.931701 -0.363227 0
vn 0.931724 -0.363166 0.000001
vn 0.931701 -0.363226 0.000028
vn 0.927943 -0.372722 -0.000032
vn 0.927909 -0.372807 0.000018
vn 0.924077 -0.382207 -0.000022
vn 0.924035 -0.382309 0.000069
vn 0.911627 -0.411019 -0.000046
vn 0.911577 -0.41113 0.000068
vn 0.898224 -0.439537 -0.000046
vn 0.898207 -0.439573 0
vn 0.898207 -0.439573 0
vn 0.898207 -0.439573 0
f 1923/1923/1923 1925/1925/1925 1924/1924/1924
f 1925/1925/1925 1923/1923/1923 1926/1926/1926
f 1926/1926/1926 1927/1927/1927 1925/1925/1925
f 1927/1927/1927 1926/1926/1926 1928/1928/1928
f 1928/1928/1928 1929/1929/1929 1927/1927/1927
f 1929/1929/1929 1928/1928/1928 1930/1930/1930
f 1930/1930/1930 1931/1931/1931 1929/1929/1929
f 1931/1931/1931 1930/1930/1930 1932/1932/1932
f 1932/1932/1932 1933/1933/1933 1931/1931/1931
f 1933/1933/1933 1932/1932/1932 1934/1934/1934
f 1934/1934/1934 1935/1935/1935 1933/1933/1933
f 1935/1935/1935 1934/1934/1934 1936/1936/1936
f 1936/1936/1936 1937/1937/1937 1935/1935/1935
f 1937/1937/1937 1936/1936/1936 1938/1938/1938
f 1938/1938/1938 1939/1939/1939 1937/1937/1937
f 1939/1939/1939 1938/1938/1938 1940/1940/1940
f 1940/1940/1940 1941/1941/1941 1939/1939/1939
f 1941/1941/1941 1940/1940/1940 1942/1942/1942
f 1942/1942/1942 1943/1943/1943 1941/1941/1941
f 1943/1943/1943 1942/1942/1942 1944/1944/1944
