-117.4388,0.1872,37.0835,0.000362
-117.0747,0.1867,36.7111,0.000604
-116.7111,0.1861,36.3401,0.000855
-116.3464,0.1855,35.9686,0.001105
-115.9792,0.1848,35.5951,0.001355
-115.6114,0.1845,35.2214,0.001607
-115.2426,0.1843,34.8472,0.001857
-114.8717,0.1841,34.4715,0.002103
-114.4972,0.1837,34.0924,0.002364
-114.1223,0.1833,33.7136,0.002618
-113.7534,0.1829,33.3401,0.002866
-113.3817,0.1824,32.9625,0.003113
-113.0092,0.1813,32.5821,0.003374
-112.6352,0.1804,32.1989,0.003626
-112.2616,0.1795,31.8156,0.003882
-111.8883,0.1784,31.4317,0.004136
-111.5111,0.1769,31.0449,0.004395
-111.1333,0.1751,30.6584,0.004647
-110.7561,0.1729,30.2726,0.004907
-110.3748,0.1706,29.8829,0.005165
-109.9957,0.1681,29.4959,0.005420
-109.6140,0.1656,29.1064,0.005682
-109.2292,0.1631,28.7143,0.005942
-108.8467,0.1604,28.3242,0.006198
-108.4606,0.1579,27.9308,0.006465
-108.0729,0.1556,27.5366,0.006725
-107.6857,0.1532,27.1440,0.006989
-107.2953,0.1509,26.7490,0.007256
-106.9046,0.1487,26.3533,0.007518
-106.5121,0.1465,25.9551,0.007782
-106.1214,0.1444,25.5585,0.008048
-105.7280,0.1422,25.1590,0.008320
-105.3330,0.1402,24.7580,0.008593
-104.9372,0.1382,24.3569,0.008860
-104.5396,0.1362,23.9548,0.009130
-104.1414,0.1342,23.5525,0.009396
-103.7407,0.1322,23.1479,0.009675
-103.3405,0.1302,22.7442,0.009942
-102.9380,0.1282,22.3385,0.010217
-102.5343,0.1260,21.9316,0.010494
-102.1295,0.1237,21.5240,0.010770
-101.7250,0.1215,21.1170,0.011045
-101.3171,0.1192,20.7071,0.011324
-100.9096,0.1170,20.2976,0.011601
-100.5002,0.1150,19.8867,0.011877
-100.0884,0.1130,19.4737,0.012161
-99.6759,0.1109,19.0605,0.012442
-99.2630,0.1079,18.6483,0.012717
-98.8491,0.1048,18.2357,0.013003
-98.4302,0.1017,17.8189,0.013285
-98.0159,0.0976,17.4069,0.013572
-97.5980,0.0932,16.9906,0.013848
-97.1778,0.0887,16.5714,0.014136
-96.7592,0.0843,16.1533,0.014424
-96.3396,0.0803,15.7343,0.014706
-95.9169,0.0762,15.3124,0.014997
-95.4944,0.0721,14.8902,0.015280
-95.0726,0.0687,14.4690,0.015567
-94.6478,0.0652,14.0449,0.015856
-94.2217,0.0619,13.6198,0.016148
-93.7968,0.0590,13.1956,0.016438
-93.3685,0.0564,12.7680,0.016728
-92.9411,0.0541,12.3412,0.017075
-92.5115,0.0518,11.9122,0.017402
-92.0816,0.0494,11.4830,0.017543
-90.7876,0.0405,10.1902,0.018509
-90.3536,0.0364,9.7567,0.018758
-89.9197,0.0323,9.3231,0.019740
-88.6079,0.0210,8.0147,0.019872
-88.1670,0.0181,7.5763,0.020194
-87.7268,0.0157,7.1390,0.020557
-87.2863,0.0133,6.7017,0.020860
-86.8420,0.0109,6.2612,0.021159
-86.3981,0.0084,5.8214,0.021455
-85.9545,0.0057,5.3813,0.021758
-85.5070,0.0025,4.9373,0.022061
-85.0617,-0.0009,4.4954,0.022363
-84.6150,-0.0046,4.0518,0.022663
-84.1673,-0.0082,3.6071,0.022967
-83.7191,-0.0115,3.1618,0.023272
-83.2698,-0.0147,2.7151,0.023574
-82.8197,-0.0173,2.2678,0.023883
-82.3693,-0.0199,1.8203,0.024185
-81.9182,-0.0222,1.3718,0.024493
-81.4654,-0.0243,0.9221,0.024802
-81.0133,-0.0263,0.4730,0.025104
-80.5598,-0.0283,0.0230,0.025410
-80.1055,-0.0303,-0.4278,0.025716
-79.6515,-0.0325,-0.8782,0.026025
-79.1970,-0.0348,-1.3292,0.026336
-78.7411,-0.0371,-1.7820,0.026641
-78.2847,-0.0395,-2.2354,0.026946
-77.8288,-0.0421,-2.6891,0.027256
-77.3718,-0.0444,-3.1438,0.027566
-76.9153,-0.0468,-3.5983,0.027877
-76.4574,-0.0487,-4.0542,0.028184
-75.9961,-0.0507,-4.5141,0.028495
-75.5399,-0.0526,-4.9689,0.028805
-75.0799,-0.0545,-5.4274,0.029119
-74.6197,-0.0562,-5.8858,0.029431
-74.1585,-0.0580,-6.3455,0.029741
-73.6979,-0.0597,-6.8047,0.030049
-73.2356,-0.0615,-7.2658,0.030368
-72.7740,-0.0632,-7.7267,0.030679
-72.3119,-0.0649,-8.1882,0.030995
-71.8484,-0.0666,-8.6516,0.031304
-71.3859,-0.0683,-9.1142,0.031619
-70.9241,-0.0701,-9.5764,0.031934
-70.4583,-0.0718,-10.0428,0.032247
-69.9940,-0.0738,-10.5085,0.032560
-69.5307,-0.0758,-10.9734,0.032879
-69.0654,-0.0777,-11.4408,0.033192
-68.6000,-0.0796,-11.9086,0.033515
-68.1368,-0.0815,-12.3750,0.033832
-67.6722,-0.0830,-12.8433,0.034145
-67.2098,-0.0843,-13.3101,0.034458
-66.7474,-0.0853,-13.7768,0.034778
-66.2830,-0.0860,-14.2455,0.035088
-65.8196,-0.0865,-14.7132,0.035405
-65.3577,-0.0866,-15.1794,0.035718
-64.8947,-0.0863,-15.6469,0.036036
-64.4302,-0.0859,-16.1160,0.036354
-63.9678,-0.0856,-16.5826,0.036669
-63.5059,-0.0850,-17.0489,0.036982
-63.0443,-0.0848,-17.5146,0.037295
-62.5801,-0.0847,-17.9829,0.037615
-62.1167,-0.0846,-18.4505,0.037929
-61.6559,-0.0844,-18.9151,0.038247
-61.1919,-0.0845,-19.3832,0.038560
-60.7305,-0.0843,-19.8488,0.038878
-60.2659,-0.0835,-20.3174,0.039196
-59.8023,-0.0827,-20.7842,0.039510
-59.3384,-0.0817,-21.2507,0.039828
-58.8715,-0.0803,-21.7197,0.040147
-58.4077,-0.0785,-22.1855,0.040462
-57.9428,-0.0765,-22.6518,0.040776
-57.4766,-0.0745,-23.1190,0.041095
-57.0103,-0.0726,-23.5858,0.041411
-56.5437,-0.0709,-24.0524,0.041729
-56.0752,-0.0693,-24.5206,0.042055
-55.6077,-0.0677,-24.9879,0.042371
-55.1395,-0.0662,-25.4561,0.042692
-54.6730,-0.0645,-25.9228,0.043006
-54.2048,-0.0630,-26.3912,0.043330
-53.7375,-0.0620,-26.8588,0.043649
-53.2695,-0.0611,-27.3269,0.043965
-52.7998,-0.0606,-27.7970,0.044287
-52.3291,-0.0608,-28.2676,0.044606
-51.8619,-0.0613,-28.7350,0.044926
-51.3913,-0.0617,-29.2059,0.045249
-50.9217,-0.0618,-29.6758,0.045562
-50.4529,-0.0612,-30.1453,0.045886
-49.9823,-0.0603,-30.6168,0.046212
-49.5124,-0.0591,-31.0877,0.046527
-49.0426,-0.0578,-31.5584,0.046846
-48.5702,-0.0566,-32.0321,0.047170
-48.1014,-0.0557,-32.5020,0.047490
-47.6289,-0.0551,-32.9754,0.047810
-47.1573,-0.0549,-33.4480,0.048129
-46.6844,-0.0548,-33.9218,0.048445
-46.2141,-0.0547,-34.3932,0.048765
-45.7394,-0.0543,-34.8688,0.049085
-45.2678,-0.0539,-35.3414,0.049406
-44.7954,-0.0534,-35.8148,0.049723
-44.3205,-0.0529,-36.2907,0.050045
-43.8478,-0.0524,-36.7642,0.050367
-43.3737,-0.0518,-37.2387,0.050680
-42.8970,-0.0514,-37.7153,0.051013
-42.4230,-0.0510,-38.1889,0.051329
-41.9474,-0.0507,-38.6640,0.051648
-41.4714,-0.0507,-39.1390,0.051967
-40.9956,-0.0509,-39.6138,0.052289
-40.5183,-0.0512,-40.0898,0.052611
-40.0405,-0.0516,-40.5660,0.052931
-39.5621,-0.0522,-41.0417,0.053253
-39.0840,-0.0529,-41.5166,0.053577
-38.6048,-0.0535,-41.9918,0.053898
-38.1252,-0.0543,-42.4671,0.054221
-37.6474,-0.0550,-42.9398,0.054544
-37.1674,-0.0558,-43.4149,0.054866
-36.6870,-0.0565,-43.8900,0.055191
-36.2095,-0.0572,-44.3619,0.055516
-35.7289,-0.0580,-44.8370,0.055832
-35.2479,-0.0587,-45.3129,0.056161
-34.7711,-0.0591,-45.7846,0.056479
-34.2899,-0.0593,-46.2609,0.056810
-33.8088,-0.0593,-46.7370,0.057132
-33.3302,-0.0594,-47.2106,0.057458
-32.8510,-0.0593,-47.6851,0.057783
-32.3707,-0.0590,-48.1605,0.058110
-31.8902,-0.0588,-48.6361,0.058432
-31.4119,-0.0585,-49.1096,0.058756
-30.9307,-0.0584,-49.5861,0.059081
-30.4507,-0.0581,-50.0612,0.059407
-29.9713,-0.0579,-50.5360,0.059733
-29.4902,-0.0578,-51.0126,0.060057
-29.0111,-0.0574,-51.4875,0.060385
-28.5324,-0.0570,-51.9622,0.060707
-28.0526,-0.0564,-52.4381,0.061034
-27.5712,-0.0555,-52.9158,0.061356
-27.0924,-0.0545,-53.3911,0.061685
-26.6097,-0.0534,-53.8702,0.062009
-26.1297,-0.0523,-54.3465,0.062335
-25.6518,-0.0510,-54.8209,0.062659
-25.1702,-0.0495,-55.2996,0.062988
-24.6916,-0.0480,-55.7758,0.063316
-24.2131,-0.0466,-56.2524,0.063636
-23.7334,-0.0458,-56.7307,0.063964
-23.2537,-0.0450,-57.2091,0.064290
-22.7761,-0.0444,-57.6857,0.064615
-22.2961,-0.0439,-58.1648,0.064943
-21.8167,-0.0435,-58.6439,0.065264
-21.3392,-0.0427,-59.1215,0.065591
-20.8586,-0.0418,-59.6026,0.065920
-20.3810,-0.0405,-60.0812,0.066246
-19.9034,-0.0387,-60.5604,0.066568
-19.4246,-0.0369,-61.0412,0.066896
-18.9466,-0.0349,-61.5212,0.067224
-18.4698,-0.0327,-62.0005,0.067545
-17.9911,-0.0305,-62.4817,0.067874
-17.5137,-0.0285,-62.9622,0.068196
-17.0362,-0.0266,-63.4427,0.068529
-16.5563,-0.0246,-63.9254,0.068853
-16.0779,-0.0224,-64.4067,0.069179
-15.6026,-0.0201,-64.8844,0.069503
-15.1218,-0.0176,-65.3676,0.069832
-14.6439,-0.0142,-65.8480,0.070160
-14.1661,-0.0108,-66.3278,0.070485
-13.6864,-0.0070,-66.8091,0.070812
-13.2096,0.0094,-67.2883,0.071137
-12.7315,0.0088,-67.7677,0.071465
-12.2503,0.0079,-68.2496,0.071796
-11.7711,0.0071,-68.7301,0.072120
-11.2924,0.0059,-69.2104,0.072441
-10.8131,0.0045,-69.6918,0.072772
-10.3358,0.0033,-70.1711,0.073099
-9.8543,0.0025,-70.6547,0.073425
-9.3773,0.0018,-71.1341,0.073751
-8.8984,0.0010,-71.6153,0.074080
-8.4181,0.0008,-72.0968,0.074401
-7.9373,0.0007,-72.5786,0.074734
-7.4563,0.0008,-73.0603,0.075058
-6.9767,0.0010,-73.5403,0.075386
-6.4968,0.0013,-74.0203,0.075713
-6.0168,0.0019,-74.5001,0.076042
-5.5343,0.0025,-74.9822,0.076367
-5.0539,0.0034,-75.4615,0.076695
-4.5720,0.0040,-75.9422,0.077025
-4.0896,0.0039,-76.4235,0.077345
-3.6094,0.0039,-76.9026,0.077670
-3.1276,0.0036,-77.3838,0.077999
-2.6453,0.0027,-77.8650,0.078328
-2.1629,0.0020,-78.3465,0.078655
-1.6840,0.0013,-78.8249,0.078978
-1.2026,0.0010,-79.3057,0.079303
-0.7189,0.0007,-79.7888,0.079635
-0.2398,0.0002,-80.2673,0.079958
0.2427,-0.0005,-80.7494,0.080289
0.7252,-0.0016,-81.2316,0.080619
1.2068,-0.0027,-81.7134,0.080946
1.6854,-0.0036,-82.1930,0.081270
2.1676,-0.0040,-82.6776,0.081606
2.6480,-0.0044,-83.1611,0.081927
3.1256,-0.0042,-83.6426,0.082255
3.6060,-0.0036,-84.1277,0.082581
4.0831,-0.0030,-84.6097,0.082910
4.5640,-0.0024,-85.0951,0.083240
5.0440,-0.0024,-85.5794,0.083563
5.5244,-0.0027,-86.0637,0.083896
6.0036,-0.0032,-86.5470,0.084221
6.4839,-0.0043,-87.0309,0.084550
6.9644,-0.0053,-87.5152,0.084874
7.4439,-0.0063,-87.9983,0.085204
7.9243,-0.0076,-88.4819,0.085527
8.4060,-0.0089,-88.9669,0.085859
8.8865,-0.0102,-89.4501,0.086188
9.3700,-0.0113,-89.9359,0.086515
9.8525,-0.0123,-90.4201,0.086840
10.3328,-0.0132,-90.9015,0.087170
10.8159,-0.0137,-91.3858,0.087500
11.2976,-0.0142,-91.8683,0.087823
11.7789,-0.0147,-92.3505,0.088157
12.2628,-0.0154,-92.8355,0.088485
12.7442,-0.0168,-93.3178,0.088812
13.2268,-0.0184,-93.8015,0.089140
13.7100,-0.0202,-94.2856,0.089468
14.1945,-0.0220,-94.7711,0.089801
14.6746,-0.0232,-95.2522,0.090123
15.1580,-0.0241,-95.7364,0.090455
15.6418,-0.0244,-96.2210,0.090780
16.1236,-0.0247,-96.7038,0.091110
16.6069,-0.0247,-97.1872,0.091444
17.0901,-0.0258,-97.6714,0.091770
17.5713,-0.0268,-98.1535,0.092096
18.0560,-0.0279,-98.6394,0.092427
18.5395,-0.0291,-99.1241,0.092757
19.0206,-0.0303,-99.6061,0.093084
19.5041,-0.0304,-100.0908,0.093412
19.9888,-0.0302,-100.5766,0.093744
20.4702,-0.0297,-101.0591,0.094069
20.9556,-0.0290,-101.5449,0.094397
21.4378,-0.0283,-102.0272,0.094727
21.9225,-0.0279,-102.5116,0.095055
22.4087,-0.0277,-102.9971,0.095385
22.8939,-0.0274,-103.4811,0.095714
23.3753,-0.0271,-103.9616,0.096044
23.8614,-0.0265,-104.4470,0.096371
24.3445,-0.0258,-104.9292,0.096699
24.8279,-0.0252,-105.4119,0.097030
25.3162,-0.0247,-105.8993,0.097362
25.7973,-0.0243,-106.3796,0.097685
26.2806,-0.0239,-106.8621,0.098017
26.7697,-0.0235,-107.3504,0.098348
27.2520,-0.0227,-107.8317,0.098670
27.7351,-0.0217,-108.3139,0.099004
28.2202,-0.0206,-108.7980,0.099332
28.7054,-0.0199,-109.2824,0.099661
29.1904,-0.0197,-109.7663,0.099994
29.6767,-0.0199,-110.2512,0.100325
30.1615,-0.0204,-110.7349,0.100648
30.6451,-0.0209,-111.2175,0.100982
31.1319,-0.0218,-111.7033,0.101306
31.6153,-0.0226,-112.1861,0.101638
32.1002,-0.0228,-112.6701,0.101965
32.5851,-0.0233,-113.1546,0.102291
33.0712,-0.0239,-113.6407,0.102620
33.5537,-0.0244,-114.1234,0.102949
34.0370,-0.0247,-114.6071,0.103281
34.5225,-0.0251,-115.0930,0.103614
35.0085,-0.0255,-115.5794,0.103948
35.4932,-0.0261,-116.0646,0.104273
35.9758,-0.0267,-116.5477,0.104600
36.4621,-0.0271,-117.0342,0.104932
36.9456,-0.0272,-117.5180,0.105260
37.4301,-0.0266,-118.0023,0.105592
37.9159,-0.0262,-118.4883,0.105924
38.4008,-0.0253,-118.9735,0.106250
38.8851,-0.0240,-119.4582,0.106581
39.3690,-0.0226,-119.9425,0.106908
39.8571,-0.0213,-120.4309,0.107239
40.3398,-0.0201,-120.9139,0.107571
40.8256,-0.0189,-121.4001,0.107895
41.3113,-0.0176,-121.8860,0.108226
41.7950,-0.0160,-122.3702,0.108557
42.2797,-0.0145,-122.8554,0.108890
42.7655,-0.0130,-123.3417,0.109217
43.2496,-0.0116,-123.8266,0.109550
43.7341,-0.0103,-124.3118,0.109876
44.2205,-0.0090,-124.7990,0.110208
44.7067,-0.0077,-125.2862,0.110539
45.1882,-0.0073,-125.7686,0.110865
45.6745,-0.0071,-126.2556,0.111196
46.1584,-0.0068,-126.7403,0.111528
46.6428,-0.0068,-127.2253,0.111856
47.1297,-0.0070,-127.7129,0.112187
47.6132,-0.0068,-128.1971,0.112517
48.0977,-0.0066,-128.6825,0.112845
48.5830,-0.0057,-129.1686,0.113176
49.0709,-0.0049,-129.6579,0.113509
49.5535,-0.0038,-130.1420,0.113837
50.0387,-0.0029,-130.6286,0.114170
50.5251,-0.0024,-131.1165,0.114496
51.0078,-0.0021,-131.6006,0.114824
51.4928,-0.0021,-132.0868,0.115159
51.9803,-0.0018,-132.5755,0.115490
52.4646,-0.0012,-133.0608,0.115824
52.9502,-0.0007,-133.5470,0.116149
53.4379,-0.0003,-134.0348,0.116479
53.9211,-0.0002,-134.5179,0.116810
54.4084,0.0000,-135.0047,0.117135
54.8966,-0.0006,-135.4921,0.117471
55.3795,-0.0014,-135.9739,0.117798
55.8670,-0.0019,-136.4601,0.118132
56.3537,-0.0024,-136.9451,0.118456
56.8419,-0.0025,-137.4310,0.118789
57.3292,-0.0028,-137.9158,0.119123
57.8187,-0.0030,-138.4026,0.119452
58.3038,-0.0032,-138.8849,0.119781
58.7934,-0.0033,-139.3715,0.120118
59.2826,-0.0033,-139.8579,0.120445
59.7677,-0.0034,-140.3405,0.120768
60.2580,-0.0036,-140.8281,0.121103
60.7435,-0.0039,-141.3108,0.121437
61.2328,-0.0041,-141.7973,0.121768
61.7193,-0.0043,-142.2808,0.122099
62.2077,-0.0042,-142.7663,0.122426
62.6937,-0.0032,-143.2497,0.122757
63.1826,-0.0020,-143.7355,0.123091
63.6713,-0.0009,-144.2215,0.123415
64.1572,0.0008,-144.7041,0.123741
64.6467,0.0024,-145.1905,0.124077
65.1352,0.0036,-145.6755,0.124411
65.6214,0.0046,-146.1580,0.124730
66.1123,0.0053,-146.6452,0.125075
66.6011,0.0060,-147.1301,0.125408
67.0878,0.0067,-147.6124,0.125732
67.5779,0.0074,-148.0975,0.126061
68.0663,0.0078,-148.5807,0.126393
68.5555,0.0082,-149.0645,0.126730
69.0457,0.0086,-149.5490,0.127058
69.5367,0.0087,-150.0339,0.127383
70.0275,0.0088,-150.5184,0.127724
70.5162,0.0086,-151.0007,0.128048
71.0067,0.0085,-151.4844,0.128382
71.4973,0.0084,-151.9677,0.128714
71.9887,0.0082,-152.4517,0.129043
72.4785,0.0081,-152.9339,0.129375
72.9698,0.0080,-153.4171,0.129700
73.4621,0.0080,-153.9013,0.130038
73.9523,0.0080,-154.3832,0.130371
74.4427,0.0078,-154.8657,0.130699
74.9347,0.0077,-155.3495,0.131028
75.4244,0.0075,-155.8312,0.131361
75.9145,0.0070,-156.3134,0.131688
76.4061,0.0068,-156.7973,0.132021
76.8971,0.0070,-157.2808,0.132354
77.3864,0.0079,-157.7630,0.132685
77.8782,0.0093,-158.2476,0.133016
78.3701,0.0106,-158.7322,0.133344
78.8582,0.0121,-159.2132,0.133675
79.3503,0.0135,-159.6982,0.134012
79.8414,0.0145,-160.1823,0.134342
80.3306,0.0148,-160.6641,0.134677
80.8201,0.0151,-161.1464,0.135000
81.3132,0.0154,-161.6324,0.135339
81.8024,0.0157,-162.1145,0.135666
82.2924,0.0162,-162.5972,0.135997
82.7855,0.0167,-163.0829,0.136331
83.2750,0.0175,-163.5653,0.136661
83.7673,0.0182,-164.0501,0.136997
84.2596,0.0188,-164.5349,0.137325
84.7474,0.0195,-165.0153,0.137659
85.2399,0.0202,-165.5002,0.137993
85.7312,0.0216,-165.9841,0.138316
86.2207,0.0226,-166.4661,0.138652
86.7104,0.0237,-166.9485,0.138979
87.1990,0.0246,-167.4297,0.139314
87.6844,0.0248,-167.9079,0.139639
88.1713,0.0246,-168.3875,0.139968
88.6562,0.0238,-168.8648,0.140290
89.1346,0.0232,-169.3356,0.140617
89.6169,0.0229,-169.8102,0.140937
90.0954,0.0227,-170.2810,0.141262
90.5713,0.0226,-170.7489,0.141585
91.0468,0.0232,-171.2165,0.141902
91.5212,0.0236,-171.6832,0.142228
91.9928,0.0241,-172.1469,0.142546
92.4631,0.0243,-172.6094,0.142863
92.9336,0.0246,-173.0718,0.143180
93.3984,0.0247,-173.5289,0.143490
93.8647,0.0241,-173.9868,0.143808
94.3275,0.0237,-174.4414,0.144117
94.7887,0.0233,-174.8945,0.144430
95.2508,0.0227,-175.3481,0.144749
95.7097,0.0218,-175.7983,0.145055
96.1684,0.0209,-176.2481,0.145358
96.6221,0.0199,-176.6926,0.145662
97.0794,0.0186,-177.1401,0.145971
97.5312,0.0174,-177.5822,0.146277
97.9824,0.0159,-178.0231,0.146582
98.4339,0.0140,-178.4644,0.146885
98.8849,0.0121,-178.9049,0.147190
99.3325,0.0107,-179.3419,0.147488
99.7777,0.0094,-179.7762,0.147782
100.2236,0.0080,-180.2106,0.148089
100.6675,0.0066,-180.6430,0.148380
101.1091,0.0051,-181.0729,0.148680
101.5494,0.0034,-181.5016,0.148981
101.9896,0.0018,-181.9304,0.149277
102.4267,0.0004,-182.3562,0.149567
102.8610,-0.0009,-182.7798,0.149856
103.2966,-0.0020,-183.2047,0.150149
103.7275,-0.0031,-183.6250,0.150442
104.1597,-0.0045,-184.0470,0.150734
104.5891,-0.0060,-184.4662,0.151022
105.0166,-0.0079,-184.8838,0.151308
105.4424,-0.0100,-185.2996,0.151590
105.8681,-0.0120,-185.7153,0.151885
106.2921,-0.0140,-186.1296,0.152166
106.7137,-0.0159,-186.5416,0.152449
107.1359,-0.0178,-186.9540,0.152736
107.5571,-0.0194,-187.3654,0.153013
107.9755,-0.0208,-187.7740,0.153299
108.3970,-0.0223,-188.1852,0.153581
108.8141,-0.0234,-188.5917,0.153861
109.2320,-0.0243,-188.9985,0.154141
109.6503,-0.0250,-189.4056,0.154425
110.0678,-0.0257,-189.8119,0.154704
110.4850,-0.0263,-190.2179,0.154979
110.9031,-0.0269,-190.6249,0.155267
111.3213,-0.0278,-191.0321,0.155549
111.7368,-0.0288,-191.4366,0.155820
112.1544,-0.0298,-191.8432,0.156106
112.5711,-0.0313,-192.2488,0.156381
112.9877,-0.0330,-192.6544,0.156663
113.4057,-0.0345,-193.0611,0.156944
113.8248,-0.0361,-193.4686,0.157228
114.2442,-0.0374,-193.8758,0.157512
114.6644,-0.0388,-194.2835,0.157795
115.0859,-0.0402,-194.6915,0.158072
115.5073,-0.0406,-195.0995,0.158349
115.9301,-0.0410,-195.5085,0.158633
116.3515,-0.0411,-195.9157,0.158923
116.7758,-0.0409,-196.3252,0.159196
117.1991,-0.0402,-196.7334,0.159487
117.6244,-0.0397,-197.1436,0.159766
118.0498,-0.0389,-197.5526,0.160052
118.4766,-0.0381,-197.9632,0.160329
118.9028,-0.0373,-198.3737,0.160618
119.3303,-0.0367,-198.7852,0.160901
119.7578,-0.0362,-199.1970,0.161192
120.1858,-0.0356,-199.6089,0.161477
120.6142,-0.0351,-200.0216,0.161757
121.0424,-0.0343,-200.4340,0.162047
121.4723,-0.0334,-200.8484,0.162330
121.9020,-0.0321,-201.2625,0.162617
122.3318,-0.0306,-201.6771,0.162904
122.7627,-0.0290,-202.0926,0.163199
123.1943,-0.0274,-202.5088,0.163480
123.6257,-0.0257,-202.9251,0.163768
124.0571,-0.0240,-203.3412,0.164066
124.4930,-0.0223,-203.7608,0.164354
124.9230,-0.0211,-204.1756,0.164644
125.3568,-0.0199,-204.5937,0.164933
125.7907,-0.0190,-205.0124,0.165215
126.2249,-0.0184,-205.4308,0.165508
126.6604,-0.0178,-205.8505,0.165803
127.0956,-0.0175,-206.2699,0.166090
127.5332,-0.0170,-206.6913,0.166373
127.9697,-0.0164,-207.1120,0.166672
128.4068,-0.0158,-207.5332,0.166959
128.8450,-0.0153,-207.9554,0.167254
129.2831,-0.0150,-208.3774,0.167550
129.7202,-0.0148,-208.7986,0.167840
130.1602,-0.0145,-209.2225,0.168136
130.5981,-0.0144,-209.6443,0.168426
131.0344,-0.0143,-210.0648,0.168706
131.4711,-0.0141,-210.4863,0.169002
131.9026,-0.0137,-210.9025,0.169292
132.3340,-0.0135,-211.3188,0.169578
132.7654,-0.0128,-211.7355,0.169870
133.1927,-0.0120,-212.1481,0.170150
133.6198,-0.0116,-212.5603,0.170438
134.0460,-0.0112,-212.9718,0.170724
134.4722,-0.0107,-213.3833,0.171008
134.8931,-0.0101,-213.7897,0.171290
135.3161,-0.0094,-214.1980,0.171572
135.7354,-0.0085,-214.6030,0.171851
136.1526,-0.0071,-215.0060,0.172128
136.5708,-0.0058,-215.4100,0.172416
136.9875,-0.0045,-215.8130,0.172685
137.3995,-0.0031,-216.2115,0.172967
137.8132,-0.0021,-216.6122,0.173236
138.2231,-0.0015,-217.0094,0.173513
138.6318,-0.0010,-217.4052,0.173786
139.0401,-0.0005,-217.8012,0.174064
139.4456,-0.0001,-218.1944,0.174333
139.8507,0.0003,-218.5874,0.174602
140.2551,0.0007,-218.9798,0.174873
140.6583,0.0013,-219.3710,0.175140
141.0583,0.0021,-219.7595,0.175409
141.4574,0.0028,-220.1470,0.175676
141.8542,0.0037,-220.5325,0.175946
142.2515,0.0046,-220.9187,0.176210
142.6464,0.0056,-221.3031,0.176476
143.0409,0.0067,-221.6874,0.176739
143.4315,0.0075,-222.0679,0.177000
143.8247,0.0080,-222.4514,0.177266
144.2162,0.0086,-222.8332,0.177532
144.6064,0.0094,-223.2133,0.177787
144.9953,0.0100,-223.5920,0.178057
145.3844,0.0105,-223.9713,0.178317
145.7729,0.0107,-224.3494,0.178572
146.1601,0.0109,-224.7263,0.178830
146.5488,0.0111,-225.1048,0.179094
146.9356,0.0113,-225.4815,0.179355
147.3226,0.0115,-225.8584,0.179609
147.7104,0.0118,-226.2363,0.179864
148.0983,0.0121,-226.6148,0.180130
148.4867,0.0123,-226.9938,0.180395
148.8754,0.0125,-227.3733,0.180653
149.2651,0.0128,-227.7538,0.180909
149.6577,0.0131,-228.1368,0.181178
150.0454,0.0135,-228.5150,0.181443
150.4376,0.0140,-228.8974,0.181702
150.8296,0.0144,-229.2797,0.181971
151.2238,0.0148,-229.6640,0.182233
151.6170,0.0156,-230.0474,0.182492
152.0122,0.0163,-230.4327,0.182751
152.4080,0.0171,-230.8188,0.183028
152.8031,0.0179,-231.2037,0.183292
153.1992,0.0183,-231.5896,0.183563
153.5980,0.0185,-231.9779,0.183837
153.9966,0.0187,-232.3661,0.184091
154.3938,0.0188,-232.7529,0.184358
154.7947,0.0189,-233.1431,0.184628
155.1943,0.0191,-233.5322,0.184900
155.5947,0.0195,-233.9218,0.185164
155.9938,0.0198,-234.3103,0.185432
156.3919,0.0201,-234.6979,0.185704
156.7895,0.0206,-235.0851,0.185965
157.1821,0.0210,-235.4673,0.186237
157.5770,0.0211,-235.8517,0.186492
157.9686,0.0212,-236.2329,0.186753
158.3610,0.0210,-236.6148,0.187022
158.7502,0.0209,-236.9937,0.187285
159.1384,0.0207,-237.3715,0.187546
159.5265,0.0204,-237.7493,0.187808
159.9135,0.0203,-238.1261,0.188061
160.2971,0.0201,-238.4996,0.188319
160.6805,0.0200,-238.8732,0.188580
161.0635,0.0198,-239.2464,0.188840
161.4427,0.0197,-239.6159,0.189096
161.8451,0.0194,-240.0083,0.189361
162.2020,0.0189,-240.3560,0.189603
162.5773,0.0185,-240.7215,0.189859
162.9545,0.0180,-241.0887,0.190113
163.3293,0.0172,-241.4535,0.190375
163.7026,0.0164,-241.8169,0.190625
164.0769,0.0157,-242.1812,0.190881
164.4470,0.0148,-242.5408,0.191128
164.8164,0.0139,-242.9005,0.191377
165.1852,0.0131,-243.2598,0.191629
165.5533,0.0125,-243.6184,0.191884
165.9182,0.0118,-243.9744,0.192125
166.2835,0.0109,-244.3307,0.192379
166.6468,0.0104,-244.6854,0.192627
167.0108,0.0098,-245.0409,0.192875
167.3712,0.0094,-245.3929,0.193123
167.7299,0.0091,-245.7436,0.193376
168.0888,0.0085,-246.0943,0.193621
168.4473,0.0082,-246.4446,0.193868
168.8026,0.0080,-246.7923,0.194109
169.1582,0.0076,-247.1400,0.194349
169.5125,0.0072,-247.4865,0.194596
169.8655,0.0071,-247.8322,0.194837
170.2173,0.0069,-248.1768,0.195076
170.5675,0.0065,-248.5199,0.195320
170.9166,0.0062,-248.8620,0.195566
171.2644,0.0059,-249.2030,0.195809
171.6120,0.0057,-249.5440,0.196053
171.9576,0.0056,-249.8832,0.196292
172.3018,0.0059,-250.2213,0.196532
172.6469,0.0063,-250.5605,0.196772
172.9888,0.0068,-250.8970,0.197022
173.3282,0.0073,-251.2312,0.197263
173.6679,0.0079,-251.5665,0.197503
174.0050,0.0084,-251.9002,0.197744
174.3405,0.0087,-252.2329,0.197987
174.6764,0.0089,-252.5674,0.198235
175.0070,0.0088,-252.8979,0.198475
175.3366,0.0086,-253.2293,0.198720
175.6648,0.0084,-253.5605,0.198959
175.9909,0.0076,-253.8907,0.199198
176.3126,0.0066,-254.2175,0.199449
176.6328,0.0056,-254.5440,0.199674
176.9505,0.0047,-254.8688,0.199912
177.2667,0.0032,-255.1932,0.200172
177.5802,0.0016,-255.5156,0.200412
177.8914,0.0000,-255.8373,0.200663
178.1991,-0.0015,-256.1557,0.200926
178.5052,-0.0029,-256.4737,0.201160
178.8109,-0.0044,-256.7922,0.201422
179.1127,-0.0059,-257.1079,0.201688
179.4142,-0.0073,-257.4240,0.201950
179.7146,-0.0085,-257.7404,0.202211
180.0106,-0.0096,-258.0549,0.202472
180.3043,-0.0107,-258.3704,0.202729
180.5974,-0.0118,-258.6871,0.202992
180.8859,-0.0126,-259.0013,0.203244
181.1732,-0.0131,-259.3164,0.203509
181.4605,-0.0136,-259.6332,0.203785
181.7429,-0.0138,-259.9464,0.204043
182.0249,-0.0140,-260.2607,0.204307
182.3038,-0.0142,-260.5735,0.204579
182.5809,-0.0144,-260.8868,0.204843
182.8563,-0.0147,-261.1994,0.205102
183.1297,-0.0152,-261.5111,0.205365
183.4008,-0.0157,-261.8223,0.205618
183.6696,-0.0162,-262.1328,0.205868
183.9369,-0.0167,-262.4448,0.206103
184.1982,-0.0173,-262.7542,0.206341
184.4575,-0.0179,-263.0656,0.206593
184.7124,-0.0185,-263.3765,0.206828
184.9637,-0.0193,-263.6884,0.207058
185.2142,-0.0204,-264.0011,0.207296
185.4606,-0.0214,-264.3120,0.207516
185.7059,-0.0225,-264.6245,0.207744
185.9484,-0.0235,-264.9368,0.207971
186.1894,-0.0246,-265.2502,0.208183
186.4254,-0.0257,-265.5606,0.208396
186.6603,-0.0269,-265.8724,0.208610
186.8931,-0.0279,-266.1857,0.208820
187.1207,-0.0287,-266.4956,0.209026
187.3453,-0.0296,-266.8092,0.209232
187.5638,-0.0302,-267.1234,0.209442
187.7750,-0.0306,-267.4399,0.209644
187.9797,-0.0310,-267.7586,0.209844
188.1796,-0.0315,-268.0791,0.210040
188.3747,-0.0318,-268.4007,0.210244
188.5642,-0.0320,-268.7231,0.210447
188.7533,-0.0322,-269.0493,0.210646
188.9330,-0.0326,-269.3685,0.210839
189.1106,-0.0331,-269.6943,0.211040
189.2829,-0.0335,-270.0205,0.211243
189.4503,-0.0339,-270.3461,0.211432
189.6169,-0.0342,-270.6737,0.211628
189.7819,-0.0344,-271.0001,0.211825
189.9349,-0.0335,-271.3329,0.212017
190.0887,-0.0291,-271.6575,0.212205
190.2091,-0.0207,-271.9965,0.212398
190.3299,-0.0074,-272.3275,0.212582
190.4377,0.0074,-272.6610,0.212775
190.5475,0.0166,-272.9906,0.212960
190.6431,0.0266,-273.3256,0.213153
190.7504,0.0280,-273.6508,0.213337
190.8382,0.0289,-273.9968,0.213532
190.9509,0.0234,-274.3287,0.213717
191.0571,0.0211,-274.6646,0.213898
191.1621,0.0188,-274.9998,0.214088
191.2584,0.0171,-275.3319,0.214266
191.3436,0.0159,-275.6652,0.214446
191.4188,0.0142,-275.9988,0.214629
191.4867,0.0135,-276.3355,0.214806
191.5434,0.0127,-276.6675,0.214986
191.5909,0.0118,-276.9990,0.215160
191.6248,0.0111,-277.3315,0.215339
191.6479,0.0098,-277.6635,0.215514
191.6659,0.0096,-278.0019,0.215693
191.6872,0.0101,-278.3341,0.215865
191.7141,0.0114,-278.6687,0.216045
191.7387,0.0134,-279.0014,0.216207
191.7557,0.0150,-279.3308,0.216377
191.7598,0.0170,-279.6586,0.216550
191.7576,0.0185,-279.9859,0.216717
191.7489,0.0203,-280.3123,0.216881
191.7353,0.0220,-280.6374,0.217052
191.7176,0.0238,-280.9632,0.217218
191.6958,0.0257,-281.2858,0.217382
191.6653,0.0270,-281.6079,0.217551
191.6254,0.0287,-281.9295,0.217713
191.5764,0.0298,-282.2477,0.217876
191.5225,0.0315,-282.5677,0.218044
191.4624,0.0331,-282.8882,0.218209
191.3958,0.0346,-283.2062,0.218374
191.3231,0.0367,-283.5238,0.218543
191.2443,0.0385,-283.8420,0.218712
191.1588,0.0410,-284.1593,0.218882
191.0660,0.0434,-284.4735,0.219045
190.9614,0.0460,-284.7876,0.219218
190.8523,0.0489,-285.0965,0.219387
190.7194,0.0623,-285.3980,0.219557
190.5902,0.0622,-285.7040,0.219728
190.4561,0.0622,-286.0074,0.219898
190.3148,0.0621,-286.3098,0.220072
190.1479,0.0632,-286.5945,0.220244
189.9880,0.0583,-286.8883,0.220416
189.8233,0.0531,-287.1772,0.220589
189.6467,0.0465,-287.4634,0.220761
189.4563,0.0422,-287.7407,0.220938
189.2663,0.0333,-288.0201,0.221111
189.0695,0.0234,-288.2965,0.221290
188.8792,0.0111,-288.5883,0.221464
188.6677,0.0076,-288.8584,0.221641
188.4468,0.0039,-289.1241,0.221816
188.2114,-0.0005,-289.4059,0.222005
187.9853,-0.0009,-289.6494,0.222180
187.7400,-0.0010,-289.9117,0.222358
187.4940,-0.0011,-290.1764,0.222544
187.2458,-0.0011,-290.4506,0.222730
186.9981,-0.0017,-290.7286,0.222920
186.7471,-0.0022,-291.0099,0.223116
186.4896,-0.0028,-291.2909,0.223306
186.2237,-0.0033,-291.5681,0.223500
185.9530,-0.0040,-291.8454,0.223701
185.6762,-0.0046,-292.1216,0.223905
185.3904,-0.0050,-292.3969,0.224108
185.0990,-0.0054,-292.6685,0.224309
184.8003,-0.0059,-292.9409,0.224517
184.4964,-0.0069,-293.2119,0.224733
184.1835,-0.0079,-293.4828,0.224945
183.8642,-0.0094,-293.7511,0.225156
183.5380,-0.0114,-294.0137,0.225374
183.2041,-0.0135,-294.2771,0.225597
182.8627,-0.0157,-294.5388,0.225815
182.5141,-0.0180,-294.7991,0.226037
182.1588,-0.0203,-295.0599,0.226270
181.7980,-0.0223,-295.3203,0.226500
181.4294,-0.0244,-295.5803,0.226725
181.0559,-0.0262,-295.8372,0.226966
180.6741,-0.0282,-296.0909,0.227201
180.2853,-0.0303,-296.3446,0.227442
179.8875,-0.0326,-296.5990,0.227684
179.4864,-0.0350,-296.8578,0.227929
179.0839,-0.0378,-297.1229,0.228171
178.6739,-0.0407,-297.3927,0.228435
178.2599,-0.0437,-297.6609,0.228684
177.8421,-0.0466,-297.9223,0.228944
177.4139,-0.0495,-298.1774,0.229205
176.9778,-0.0524,-298.4307,0.229468
176.5361,-0.0553,-298.6794,0.229731
176.0841,-0.0585,-298.9270,0.229999
175.6281,-0.0618,-299.1700,0.230268
175.1647,-0.0652,-299.4101,0.230542
174.6932,-0.0687,-299.6479,0.230825
174.2157,-0.0721,-299.8820,0.231101
173.7315,-0.0756,-300.1107,0.231386
173.2367,-0.0789,-300.3403,0.231671
172.7422,-0.0822,-300.5634,0.231960
172.2378,-0.0853,-300.7858,0.232245
171.7273,-0.0884,-301.0053,0.232541
171.2080,-0.0913,-301.2226,0.232838
170.6854,-0.0939,-301.4347,0.233147
170.1544,-0.0960,-301.6430,0.233442
169.6153,-0.0978,-301.8484,0.233747
169.0724,-0.0992,-302.0493,0.234048
168.5215,-0.1004,-302.2532,0.234354
167.9644,-0.1012,-302.4599,0.234651
167.4047,-0.1017,-302.6662,0.234961
166.8405,-0.1022,-302.8715,0.235268
166.2644,-0.1027,-303.0777,0.235576
165.6919,-0.1029,-303.2793,0.235889
165.1114,-0.1031,-303.4804,0.236204
164.5224,-0.1032,-303.6806,0.236515
163.9321,-0.1034,-303.8789,0.236831
163.3336,-0.1035,-304.0763,0.237141
162.7315,-0.1036,-304.2712,0.237469
162.1247,-0.1036,-304.4642,0.237799
161.5120,-0.1035,-304.6555,0.238134
160.8942,-0.1033,-304.8448,0.238458
160.2709,-0.1031,-305.0327,0.238790
159.6428,-0.1032,-305.2182,0.239139
159.0090,-0.1032,-305.4030,0.239469
158.3725,-0.1028,-305.5858,0.239825
157.7297,-0.1019,-305.7695,0.240169
157.0809,-0.1005,-305.9529,0.240520
156.4318,-0.0983,-306.1353,0.240874
155.7755,-0.0960,-306.3193,0.241237
155.1173,-0.0940,-306.5033,0.241588
154.4581,-0.0925,-306.6874,0.241954
153.8002,-0.0913,-306.8721,0.242315
153.1411,-0.0901,-307.0569,0.242668
152.4875,-0.0887,-307.2404,0.243030
151.8347,-0.0866,-307.4238,0.243382
151.1844,-0.0842,-307.6067,0.243739
150.5353,-0.0815,-307.7895,0.244097
149.8890,-0.0791,-307.9718,0.244443
149.2464,-0.0770,-308.1535,0.244777
148.6060,-0.0752,-308.3351,0.245126
147.9651,-0.0733,-308.5172,0.245464
147.3272,-0.0710,-308.6990,0.245802
146.6936,-0.0679,-308.8799,0.246133
146.0606,-0.0644,-309.0610,0.246471
145.4281,-0.0604,-309.2425,0.246792
144.8041,-0.0564,-309.4220,0.247109
144.1767,-0.0524,-309.6031,0.247427
143.5514,-0.0486,-309.7839,0.247746
142.9335,-0.0447,-309.9628,0.248059
142.3141,-0.0407,-310.1426,0.248361
141.6943,-0.0362,-310.3229,0.248671
141.0821,-0.0305,-310.5011,0.248978
140.4695,-0.0245,-310.6790,0.249271
139.8568,-0.0176,-310.8570,0.249578
139.2523,-0.0108,-311.0324,0.249878
138.6443,-0.0039,-311.2088,0.250181
138.0402,-0.0010,-311.3834,0.250478
137.4373,0.0091,-311.5589,0.250775
136.8370,0.0194,-311.7332,0.251073
136.2382,0.0305,-311.9073,0.251368
135.6455,0.0423,-312.0795,0.251661
135.0518,0.0544,-312.2524,0.251951
134.4596,0.0663,-312.4249,0.252238
133.8740,0.0774,-312.5951,0.252525
133.2857,0.0878,-312.7660,0.252810
132.6997,0.0978,-312.9364,0.253094
132.1195,0.1077,-313.1051,0.253374
131.5372,0.1178,-313.2743,0.253662
130.9561,0.1282,-313.4432,0.253944
130.3820,0.1388,-313.6100,0.254222
129.8073,0.1502,-313.7772,0.254506
129.2333,0.1623,-313.9455,0.254789
128.6650,0.1743,-314.1133,0.255064
128.0986,0.1862,-314.2823,0.255342
127.5355,0.1981,-314.4528,0.255610
126.9797,0.2099,-314.6235,0.255891
126.4251,0.2218,-314.7957,0.256162
125.8757,0.2340,-314.9678,0.256432
125.3321,0.2463,-315.1387,0.256700
124.7932,0.2589,-315.3074,0.256971
124.2557,0.2712,-315.4762,0.257235
123.7213,0.2833,-315.6441,0.257495
123.1913,0.2946,-315.8114,0.257754
122.6634,0.3057,-315.9783,0.258021
122.1407,0.3163,-316.1442,0.258279
121.6180,0.3265,-316.3110,0.258542
121.0967,0.3365,-316.4781,0.258801
120.5795,0.3465,-316.6450,0.259056
120.0684,0.3569,-316.8122,0.259307
119.5560,0.3673,-316.9816,0.259566
119.0472,0.3776,-317.1516,0.259820
118.5444,0.3881,-317.3211,0.260070
118.0407,0.3986,-317.4923,0.260322
117.5417,0.4093,-317.6621,0.260571
117.0435,0.4202,-317.8299,0.260820
116.5474,0.4313,-317.9959,0.261070
116.0554,0.4423,-318.1603,0.261316
115.5630,0.4529,-318.3246,0.261563
115.0727,0.4631,-318.4882,0.261809
114.5833,0.4730,-318.6517,0.262054
114.0987,0.4826,-318.8134,0.262296
113.6114,0.4924,-318.9771,0.262541
113.1279,0.5022,-319.1432,0.262783
112.6477,0.5122,-319.3128,0.263026
112.1687,0.5221,-319.4875,0.263265
111.6928,0.5320,-319.6641,0.263505
111.2219,0.5421,-319.8416,0.263742
110.7518,0.5525,-320.0211,0.263978
110.2782,0.5628,-320.2015,0.264219
109.8206,0.5727,-320.3731,0.264454
109.3561,0.5828,-320.5447,0.264689
108.8940,0.5928,-320.7145,0.264924
108.4332,0.6024,-320.8836,0.265158
107.9736,0.6120,-321.0523,0.265388
107.5164,0.6216,-321.2203,0.265620
107.0611,0.6311,-321.3877,0.265852
106.6072,0.6407,-321.5560,0.266081
106.1550,0.6503,-321.7255,0.266312
105.7052,0.6598,-321.8960,0.266537
105.2574,0.6692,-322.0689,0.266767
104.8115,0.6782,-322.2434,0.266988
104.3676,0.6872,-322.4192,0.267219
103.9269,0.6962,-322.5941,0.267439
103.4872,0.7041,-322.7686,0.267665
103.0514,0.7119,-322.9415,0.267887
102.6139,0.7197,-323.1158,0.268108
102.1802,0.7277,-323.2895,0.268331
101.7474,0.7358,-323.4640,0.268549
101.3168,0.7443,-323.6389,0.268769
100.8882,0.7527,-323.8141,0.268991
100.4607,0.7610,-323.9897,0.269208
100.0348,0.7697,-324.1660,0.269423
99.6117,0.7781,-324.3418,0.269637
99.1892,0.7863,-324.5185,0.269852
98.7668,0.7945,-324.6959,0.270072
98.3458,0.8027,-324.8742,0.270279
97.9260,0.8109,-325.0550,0.270491
97.5099,0.8192,-325.2390,0.270712
97.0857,0.8272,-325.4291,0.270922
96.6772,0.8351,-325.6156,0.271137
96.2631,0.8430,-325.8070,0.271351
95.8487,0.8511,-326.0004,0.271557
95.4345,0.8594,-326.1955,0.271773
95.0228,0.8678,-326.3920,0.271983
94.6121,0.8764,-326.5908,0.272191
94.2005,0.8851,-326.7923,0.272409
93.7870,0.8942,-326.9981,0.272623
93.3784,0.9027,-327.2032,0.272834
92.9702,0.9111,-327.4104,0.273041
92.5605,0.9194,-327.6206,0.273255
92.1502,0.9277,-327.8336,0.273473
91.7430,0.9358,-328.0488,0.273680
91.3340,0.9439,-328.2697,0.273895
90.9255,0.9519,-328.4951,0.274110
90.5191,0.9597,-328.7214,0.274324
90.1128,0.9672,-328.9510,0.274539
89.7074,0.9744,-329.1829,0.274758
89.3008,0.9812,-329.4182,0.274971
88.8950,0.9876,-329.6561,0.275185
88.4901,0.9941,-329.8967,0.275401
88.0878,1.0001,-330.1398,0.275617
87.6834,1.0063,-330.3881,0.275838
87.2804,1.0128,-330.6406,0.276050
86.8797,1.0195,-330.8951,0.276265
86.4775,1.0269,-331.1543,0.276481
86.0763,1.0347,-331.4183,0.276707
85.6794,1.0427,-331.6848,0.276919
85.2814,1.0510,-331.9568,0.277136
84.8841,1.0596,-332.2329,0.277351
84.4916,1.0681,-332.5108,0.277570
84.0980,1.0768,-332.7951,0.277790
83.7046,1.0854,-333.0828,0.277983
83.3138,1.0941,-333.3737,0.278221
82.9249,1.1028,-333.6690,0.278437
82.5353,1.1118,-333.9713,0.278651
82.1503,1.1207,-334.2756,0.278871
81.7660,1.1297,-334.5851,0.279087
81.3851,1.1386,-334.8973,0.279305
81.0053,1.1475,-335.2158,0.279529
80.6253,1.1562,-335.5380,0.279750
80.2492,1.1647,-335.8631,0.279972
79.8739,1.1732,-336.1959,0.280192
79.5011,1.1816,-336.5370,0.280414
79.1341,1.1900,-336.8837,0.280635
78.7710,1.1982,-337.2364,0.280861
78.4107,1.2059,-337.5954,0.281086
78.0536,1.2131,-337.9613,0.281306
77.7000,1.2198,-338.3261,0.281533
77.3462,1.2262,-338.6945,0.281763
76.9936,1.2322,-339.0678,0.281985
76.6439,1.2381,-339.4453,0.282214
76.2974,1.2442,-339.8274,0.282445
75.9544,1.2502,-340.2134,0.282659
75.6129,1.2562,-340.6060,0.282897
75.2765,1.2621,-340.9978,0.283125
74.9389,1.2681,-341.3923,0.283355
74.6001,1.2738,-341.7896,0.283578
74.2654,1.2797,-342.1881,0.283808
73.9310,1.2861,-342.5937,0.284042
73.5989,1.2928,-343.0080,0.284275
73.2764,1.3001,-343.4217,0.284503
72.9554,1.3074,-343.8432,0.284732
72.6369,1.3149,-344.2692,0.284968
72.3238,1.3223,-344.6994,0.285204
72.0115,1.3293,-345.1346,0.285432
71.7044,1.3363,-345.5736,0.285665
71.4036,1.3429,-346.0183,0.285898
71.1071,1.3495,-346.4704,0.286134
70.8161,1.3565,-346.9274,0.286375
70.5316,1.3634,-347.3850,0.286608
70.2480,1.3701,-347.8479,0.286846
69.9664,1.3767,-348.3169,0.287080
69.6907,1.3771,-348.7840,0.287319
69.4155,1.3841,-349.2570,0.287554
69.1448,1.3911,-349.7314,0.287796
68.8787,1.3981,-350.2115,0.288036
68.6159,1.4058,-350.6967,0.288284
68.3580,1.4127,-351.1829,0.288518
68.1025,1.4198,-351.6742,0.288761
67.8510,1.4280,-352.1703,0.289000
67.6026,1.4358,-352.6700,0.289249
67.3617,1.4436,-353.1703,0.289487
67.1265,1.4494,-353.6758,0.289730
66.8954,1.4548,-354.1867,0.289972
66.6705,1.4586,-354.6995,0.290220
66.4486,1.4619,-355.2151,0.290460
66.2289,1.4648,-355.7318,0.290705
66.0133,1.4680,-356.2481,0.290952
65.8008,1.4700,-356.7703,0.291196
65.5928,1.4720,-357.2899,0.291442
65.3886,1.4727,-357.8123,0.291690
65.1891,1.4736,-358.3354,0.291937
64.9943,1.4740,-358.8581,0.292183
64.8052,1.4739,-359.3790,0.292426
64.6187,1.4742,-359.9030,0.292672
64.4377,1.4745,-360.4230,0.292921
64.2616,1.4747,-360.9440,0.293163
64.0889,1.4748,-361.4651,0.293406
63.9212,1.4747,-361.9869,0.293653
63.7588,1.4740,-362.5086,0.293895
63.5990,1.4729,-363.0358,0.294138
63.4446,1.4715,-363.5588,0.294378
63.2914,1.4694,-364.0861,0.294626
63.1404,1.4668,-364.6154,0.294870
62.9948,1.4638,-365.1472,0.295109
62.8556,1.4604,-365.6817,0.295350
62.7231,1.4562,-366.2230,0.295602
62.5973,1.4517,-366.7636,0.295849
62.4770,1.4469,-367.3081,0.296089
62.3622,1.4418,-367.8567,0.296338
62.2544,1.4368,-368.4051,0.296575
62.1520,1.4319,-368.9587,0.296826
62.0577,1.4269,-369.5147,0.297067
61.9677,1.4218,-370.0722,0.297313
61.8836,1.4169,-370.6310,0.297560
61.8049,1.4114,-371.1936,0.297808
61.7318,1.4055,-371.7552,0.298054
61.6632,1.3992,-372.3225,0.298302
61.6007,1.3922,-372.8882,0.298550
61.5438,1.3845,-373.4551,0.298800
61.4934,1.3761,-374.0279,0.299048
61.4477,1.3674,-374.6012,0.299298
61.4081,1.3585,-375.1743,0.299552
61.3744,1.3493,-375.7513,0.299803
61.3470,1.3402,-376.3315,0.300056
61.3236,1.3311,-376.9088,0.300302
61.3001,1.3224,-377.4886,0.300559
61.2782,1.3135,-378.0687,0.300813
61.2604,1.3046,-378.6515,0.301062
61.2489,1.2954,-379.2361,0.301323
61.2408,1.2858,-379.8245,0.301572
61.2367,1.2762,-380.4109,0.301833
61.2370,1.2665,-381.0011,0.302092
61.2421,1.2561,-381.5947,0.302348
61.2513,1.2460,-382.1872,0.302603
61.2653,1.2361,-382.7829,0.302865
61.2851,1.2258,-383.3818,0.303129
61.3151,1.2160,-383.9820,0.303388
61.3520,1.2059,-384.5848,0.303641
61.3962,1.1957,-385.1889,0.303909
61.4475,1.1854,-385.7951,0.304171
61.5053,1.1751,-386.3994,0.304434
61.5703,1.1649,-387.0070,0.304697
61.6422,1.1549,-387.6158,0.304964
61.7208,1.1455,-388.2208,0.305224
61.8089,1.1360,-388.8314,0.305491
61.9018,1.1271,-389.4337,0.305754
62.0032,1.1183,-390.0367,0.306019
62.1136,1.1092,-390.6348,0.306280
62.2325,1.0997,-391.2294,0.306543
62.3597,1.0899,-391.8214,0.306803
62.4950,1.0803,-392.4090,0.307063
62.6379,1.0707,-392.9930,0.307319
62.7903,1.0612,-393.5737,0.307581
62.9480,1.0521,-394.1495,0.307840
63.1135,1.0434,-394.7223,0.308096
63.2863,1.0347,-395.2916,0.308353
63.4671,1.0259,-395.8585,0.308612
63.6548,1.0170,-396.4202,0.308867
63.8510,1.0084,-396.9831,0.309126
64.0554,0.9998,-397.5442,0.309386
64.2665,0.9913,-398.0992,0.309644
64.4904,0.9832,-398.6565,0.309903
64.7226,0.9754,-399.2098,0.310164
64.9636,0.9680,-399.7605,0.310427
65.2105,0.9606,-400.3081,0.310686
65.4649,0.9533,-400.8555,0.310949
65.7257,0.9466,-401.3987,0.311212
65.9956,0.9394,-401.9421,0.311494
66.2722,0.9325,-402.4799,0.311737
66.5475,0.9260,-403.0162,0.312001
66.8254,0.9205,-403.5532,0.312274
67.1082,0.9154,-404.0888,0.312541
67.3950,0.9107,-404.6215,0.312809
67.6880,0.9063,-405.1547,0.313077
67.9869,0.9020,-405.6855,0.313345
68.2933,0.8981,-406.2154,0.313618
68.6065,0.8939,-406.7428,0.313892
68.9276,0.8904,-407.2677,0.314157
69.2544,0.8868,-407.7905,0.314433
69.5889,0.8836,-408.3108,0.314710
69.9298,0.8808,-408.8265,0.314982
70.2776,0.8777,-409.3401,0.315259
70.6320,0.8746,-409.8496,0.315534
70.9943,0.8718,-410.3580,0.315808
71.3618,0.8702,-410.8619,0.316089
71.7352,0.8697,-411.3586,0.316365
72.1144,0.8698,-411.8518,0.316644
72.4963,0.8700,-412.3351,0.316917
72.8843,0.8708,-412.8142,0.317193
73.2763,0.8720,-413.2861,0.317465
73.6678,0.8733,-413.7502,0.317736
74.0596,0.8747,-414.2139,0.318006
74.4542,0.8759,-414.6733,0.318279
74.8524,0.8764,-415.1229,0.318555
75.2598,0.8765,-415.5681,0.318821
75.6707,0.8764,-416.0080,0.319095
76.0866,0.8760,-416.4424,0.319367
76.5033,0.8752,-416.8680,0.319634
76.9225,0.8740,-417.2899,0.319904
77.3437,0.8723,-417.7104,0.320177
77.7643,0.8705,-418.1238,0.320447
78.1928,0.8684,-418.5355,0.320715
78.6208,0.8661,-418.9406,0.320987
79.0513,0.8634,-419.3408,0.321257
79.4829,0.8605,-419.7400,0.321530
79.9075,0.8575,-420.1397,0.321797
80.3279,0.8547,-420.5401,0.322069
80.7504,0.8518,-420.9440,0.322339
81.1700,0.8483,-421.3450,0.322613
81.5905,0.8447,-421.7469,0.322884
82.0123,0.8402,-422.1491,0.323157
82.4319,0.8353,-422.5487,0.323432
82.8539,0.8300,-422.9504,0.323711
83.2770,0.8246,-423.3532,0.323980
83.6967,0.8192,-423.7527,0.324255
84.1174,0.8136,-424.1531,0.324531
84.5414,0.8079,-424.5557,0.324805
84.9640,0.8018,-424.9541,0.325081
85.3927,0.7950,-425.3523,0.325357
85.8235,0.7879,-425.7463,0.325630
86.2605,0.7807,-426.1412,0.325910
86.6955,0.7732,-426.5305,0.326188
87.1324,0.7654,-426.9212,0.326463
87.5686,0.7577,-427.3130,0.326743
88.0031,0.7491,-427.7039,0.327021
88.4409,0.7401,-428.0981,0.327299
88.8751,0.7308,-428.4890,0.327576
89.3126,0.7214,-428.8828,0.327860
89.7508,0.7121,-429.2776,0.328138
90.1872,0.7027,-429.6707,0.328420
90.6341,0.6571,-430.0561,0.328701
91.0730,0.6520,-430.4536,0.328985
91.5098,0.6469,-430.8497,0.329266
91.9500,0.6405,-431.2456,0.329547
92.3927,0.6322,-431.6400,0.329827
92.8343,0.6209,-432.0329,0.330109
93.2780,0.6069,-432.4291,0.330388
93.7226,0.5906,-432.8254,0.330673
94.1680,0.5728,-433.2181,0.330953
94.6101,0.5912,-433.6193,0.331236
95.0683,0.5783,-434.0141,0.331518
95.5218,0.5654,-434.3987,0.331798
95.9797,0.5521,-434.7857,0.332082
96.4418,0.5384,-435.1754,0.332365
96.9032,0.5247,-435.5619,0.332649
97.3667,0.5105,-435.9471,0.332928
97.8336,0.4964,-436.3326,0.333213
98.2978,0.4824,-436.7181,0.333493
98.7623,0.4686,-437.1051,0.333775
99.2287,0.4544,-437.4946,0.334058
99.6932,0.4403,-437.8818,0.334335
100.1604,0.4263,-438.2703,0.334624
100.6301,0.4117,-438.6601,0.334908
101.0984,0.3971,-439.0469,0.335188
101.5740,0.3820,-439.4362,0.335474
102.0514,0.3670,-439.8232,0.335757
102.5313,0.3519,-440.2080,0.336036
103.0119,0.3368,-440.5903,0.336318
103.4977,0.3217,-440.9740,0.336604
103.9843,0.3064,-441.3552,0.336885
104.4700,0.2914,-441.7346,0.337169
104.9617,0.2762,-442.1166,0.337457
105.4519,0.2607,-442.4960,0.337745
105.9426,0.2463,-442.8761,0.338028
106.4360,0.2315,-443.2584,0.338320
106.9260,0.2163,-443.6392,0.338605
107.4190,0.2008,-444.0227,0.338896
107.9123,0.1855,-444.4068,0.339188
108.4033,0.1705,-444.7886,0.339478
108.8943,0.1554,-445.1696,0.339769
109.3849,0.1413,-445.5497,0.340055
109.8735,0.1274,-445.9280,0.340346
110.3617,0.1138,-446.3058,0.340634
110.8486,0.1002,-446.6820,0.340928
111.3308,0.0866,-447.0548,0.341220
111.8162,0.0724,-447.4288,0.341507
112.3021,0.0582,-447.7994,0.341792
112.7856,0.0441,-448.1653,0.342084
113.2713,0.0301,-448.5300,0.342361
113.7543,0.0166,-448.8911,0.342646
114.2375,0.0036,-449.2511,0.342936
114.7167,-0.0090,-449.6099,0.343217
115.1955,-0.0217,-449.9695,0.343508
115.6715,-0.0341,-450.3277,0.343795
116.1450,-0.0468,-450.6838,0.344074
116.6186,-0.0597,-451.0406,0.344356
117.0877,-0.0728,-451.3936,0.344640
117.5575,-0.0865,-451.7473,0.344923
118.0271,-0.1006,-452.1002,0.345209
118.4930,-0.1149,-452.4510,0.345494
118.9588,-0.1290,-452.8017,0.345778
119.4241,-0.1427,-453.1524,0.346066
119.8855,-0.1562,-453.4998,0.346329
120.3469,-0.1695,-453.8473,0.346624
120.8061,-0.1825,-454.1933,0.346905
121.2641,-0.1949,-454.5387,0.347173
121.7205,-0.2071,-454.8827,0.347459
122.1767,-0.2189,-455.2263,0.347737
122.6302,-0.2304,-455.5679,0.348016
123.0821,-0.2415,-455.9088,0.348295
123.5331,-0.2524,-456.2493,0.348580
123.9817,-0.2639,-456.5875,0.348854
124.4296,-0.2755,-456.9256,0.349129
124.8764,-0.2876,-457.2628,0.349402
125.3190,-0.2997,-457.5973,0.349669
125.7624,-0.3120,-457.9318,0.349956
126.2042,-0.3240,-458.2654,0.350239
126.6450,-0.3355,-458.5987,0.350505
127.0824,-0.3470,-458.9294,0.350771
127.5193,-0.3580,-459.2601,0.351063
127.9538,-0.3689,-459.5891,0.351342
128.3876,-0.3799,-459.9182,0.351613
128.8207,-0.3909,-460.2470,0.351889
129.2495,-0.4021,-460.5726,0.352157
129.6782,-0.4136,-460.8985,0.352442
130.1068,-0.4251,-461.2248,0.352726
130.5304,-0.4369,-461.5475,0.353020
130.9548,-0.4485,-461.8716,0.353296
131.3773,-0.4599,-462.1950,0.353588
131.7966,-0.4716,-462.5174,0.353885
132.2149,-0.4824,-462.8397,0.354182
132.6315,-0.4930,-463.1629,0.354497
133.0426,-0.5034,-463.4847,0.354818
133.4514,-0.5132,-463.8086,0.355126
133.8575,-0.5229,-464.1335,0.355439
134.2587,-0.5323,-464.4578,0.355765
134.6597,-0.5417,-464.7838,0.356082
135.0592,-0.5513,-465.1085,0.356386
135.4568,-0.5608,-465.4312,0.356696
135.8547,-0.5702,-465.7550,0.357007
136.2489,-0.5796,-466.0770,0.357320
136.6454,-0.5889,-466.4035,0.357641
137.0288,-0.5978,-466.7226,0.357937
137.4147,-0.6066,-467.0471,0.358251
137.7968,-0.6156,-467.3717,0.358543
138.1743,-0.6245,-467.6977,0.358844
138.5465,-0.6339,-468.0261,0.359149
138.9105,-0.6436,-468.3566,0.359442
139.2667,-0.6537,-468.6906,0.359736
139.6185,-0.6642,-469.0302,0.360035
139.9620,-0.6747,-469.3712,0.360322
140.2984,-0.6853,-469.7154,0.360613
140.6318,-0.6959,-470.0617,0.360897
140.9593,-0.7058,-470.4098,0.361179
141.2803,-0.7156,-470.7587,0.361467
141.5960,-0.7250,-471.1087,0.361737
141.9064,-0.7341,-471.4613,0.362017
142.2097,-0.7431,-471.8137,0.362291
142.5070,-0.7518,-472.1669,0.362565
142.7976,-0.7603,-472.5221,0.362827
143.0831,-0.7688,-472.8765,0.363099
143.3633,-0.7773,-473.2333,0.363362
143.6336,-0.7859,-473.5893,0.363621
143.8975,-0.7946,-473.9485,0.363878
144.1530,-0.8032,-474.3095,0.364137
144.3998,-0.8118,-474.6719,0.364391
144.6410,-0.8207,-475.0379,0.364639
144.8712,-0.8293,-475.4017,0.364891
145.0919,-0.8380,-475.7700,0.365142
145.3071,-0.8466,-476.1389,0.365391
145.5144,-0.8553,-476.5077,0.365634
145.7164,-0.8640,-476.8805,0.365873
145.9108,-0.8727,-477.2534,0.366117
146.0968,-0.8815,-477.6239,0.366356
146.2781,-0.8903,-477.9966,0.366595
146.4522,-0.8991,-478.3702,0.366830
146.6218,-0.9080,-478.7413,0.367055
146.7899,-0.9170,-479.1154,0.367285
146.9609,-0.9259,-479.4862,0.367518
147.1271,-0.9346,-479.8534,0.367744
147.2836,-0.9433,-480.2218,0.367966
147.4291,-0.9521,-480.5907,0.368182
147.5666,-0.9605,-480.9602,0.368399
147.6981,-0.9692,-481.3309,0.368611
147.8197,-0.9777,-481.6997,0.368826
147.9354,-0.9861,-482.0688,0.369040
148.0433,-0.9946,-482.4385,0.369252
148.1288,-1.0033,-482.8156,0.369463
148.2202,-1.0071,-483.1837,0.369676
148.3076,-1.0116,-483.5560,0.369889
148.3733,-1.0091,-483.9344,0.370094
148.4524,-1.0087,-484.2991,0.370304
148.5228,-1.0091,-484.6665,0.370505
148.5803,-1.0076,-485.0340,0.370712
148.6409,-1.0116,-485.3968,0.370919
148.6869,-1.0142,-485.7632,0.371117
148.7296,-1.0169,-486.1295,0.371317
148.7700,-1.0210,-486.4954,0.371518
148.8064,-1.0248,-486.8610,0.371721
148.8557,-1.0308,-487.2165,0.371922
148.8719,-1.0374,-487.5755,0.372119
148.8812,-1.0439,-487.9352,0.372310
148.8834,-1.0505,-488.3070,0.372514
148.8795,-1.0567,-488.6490,0.372694
148.8713,-1.0631,-489.0039,0.372888
148.8552,-1.0692,-489.3539,0.373083
148.8274,-1.0753,-489.7020,0.373267
148.8064,-1.0953,-490.0491,0.373457
148.6679,-1.0547,-490.3888,0.373648
148.6165,-1.0521,-490.7297,0.373834
148.5724,-1.0542,-491.0737,0.374017
148.5255,-1.0577,-491.4135,0.374204
148.4702,-1.0610,-491.7497,0.374389
148.4061,-1.0637,-492.0826,0.374570
148.3337,-1.0662,-492.4113,0.374751
148.2550,-1.0692,-492.7375,0.374931
148.1716,-1.0741,-493.0661,0.375108
148.0838,-1.0808,-493.3879,0.375289
147.9893,-1.0874,-493.7078,0.375467
147.8864,-1.0937,-494.0223,0.375643
147.7798,-1.1023,-494.3362,0.375820
147.6685,-1.1115,-494.6462,0.375998
147.5564,-1.1240,-494.9540,0.376172
147.4421,-1.1381,-495.2605,0.376349
147.3234,-1.1538,-495.5768,0.376524
147.2042,-1.1688,-495.8848,0.376695
147.0855,-1.1784,-496.1916,0.376866
146.9519,-1.1823,-496.4919,0.377034
146.8018,-1.1854,-496.7864,0.377212
146.6472,-1.1882,-497.0736,0.377380
146.4857,-1.1909,-497.3565,0.377547
146.3175,-1.1936,-497.6356,0.377721
146.1432,-1.1962,-497.9117,0.377887
145.9608,-1.1981,-498.1829,0.378054
145.7750,-1.2005,-498.4507,0.378225
145.5816,-1.2032,-498.7143,0.378391
145.3818,-1.2060,-498.9740,0.378560
145.1787,-1.2084,-499.2302,0.378728
144.9709,-1.2108,-499.4832,0.378897
144.7575,-1.2131,-499.7347,0.379066
144.5234,-1.2158,-499.9660,0.379240
144.2967,-1.2203,-500.2097,0.379411
144.0619,-1.2244,-500.4475,0.379583
143.8233,-1.2293,-500.6841,0.379755
143.5763,-1.2342,-500.9204,0.379932
143.3224,-1.2385,-501.1526,0.380107
143.0624,-1.2442,-501.3794,0.380284
142.7930,-1.2494,-501.6050,0.380464
142.5131,-1.2525,-501.8179,0.380648
142.2293,-1.2610,-502.0383,0.380829
141.9386,-1.2691,-502.2507,0.381016
141.6408,-1.2768,-502.4631,0.381204
141.3341,-1.2863,-502.6717,0.381392
141.0201,-1.2950,-502.8763,0.381581
140.7111,-1.3050,-503.1001,0.381780
140.3831,-1.3111,-503.3037,0.381975
140.0493,-1.3173,-503.5072,0.382174
139.7183,-1.3198,-503.7220,0.382371
139.3710,-1.3225,-503.9216,0.382577
139.0215,-1.3249,-504.1176,0.382780
138.6629,-1.3303,-504.3058,0.382982
138.2980,-1.3331,-504.4942,0.383192
137.9282,-1.3360,-504.6793,0.383402
137.5512,-1.3390,-504.8622,0.383615
137.1674,-1.3424,-505.0430,0.383831
136.7776,-1.3461,-505.2213,0.384047
136.3802,-1.3500,-505.3943,0.384273
135.9785,-1.3542,-505.5670,0.384490
135.5699,-1.3584,-505.7409,0.384718
135.1558,-1.3631,-505.9138,0.384946
134.7352,-1.3680,-506.0848,0.385172
134.3098,-1.3733,-506.2521,0.385406
133.8748,-1.3787,-506.4167,0.385639
133.4368,-1.3842,-506.5759,0.385874
132.9914,-1.3897,-506.7318,0.386109
132.5369,-1.3953,-506.8834,0.386347
132.0797,-1.4006,-507.0338,0.386583
131.6152,-1.4059,-507.1843,0.386832
131.1431,-1.4112,-507.3335,0.387075
130.6688,-1.4164,-507.4783,0.387324
130.1868,-1.4217,-507.6210,0.387571
129.6962,-1.4271,-507.7614,0.387823
129.2032,-1.4326,-507.8991,0.388078
128.7034,-1.4382,-508.0370,0.388329
128.1976,-1.4441,-508.1774,0.388588
127.6856,-1.4501,-508.3183,0.388850
127.1712,-1.4564,-508.4575,0.389112
126.6482,-1.4627,-508.5966,0.389378
126.1215,-1.4689,-508.7336,0.389643
125.5900,-1.4749,-508.8689,0.389907
125.0501,-1.4809,-509.0038,0.390180
124.5080,-1.4866,-509.1356,0.390451
123.9594,-1.4923,-509.2674,0.390728
123.4020,-1.4981,-509.3990,0.391005
122.8508,-1.5037,-509.5263,0.391281
122.2884,-1.5094,-509.6536,0.391565
121.7208,-1.5152,-509.7791,0.391846
121.1524,-1.5211,-509.9030,0.392134
120.5771,-1.5269,-510.0282,0.392419
119.9945,-1.5324,-510.1538,0.392714
119.4109,-1.5376,-510.2788,0.393017
118.8271,-1.5424,-510.4020,0.393319
118.2364,-1.5471,-510.5251,0.393615
117.6415,-1.5519,-510.6480,0.393924
117.0391,-1.5568,-510.7716,0.394232
116.4314,-1.5620,-510.8958,0.394549
115.8254,-1.5676,-511.0189,0.394855
115.2113,-1.5734,-511.1424,0.395167
114.5914,-1.5792,-511.2663,0.395487
113.9730,-1.5846,-511.3889,0.395812
113.3464,-1.5897,-511.5121,0.396127
112.7147,-1.5947,-511.6353,0.396456
112.0855,-1.5994,-511.7570,0.396778
111.4461,-1.6039,-511.8797,0.397097
110.8038,-1.6084,-512.0019,0.397432
110.1588,-1.6126,-512.1232,0.397758
109.5106,-1.6169,-512.2446,0.398092
108.8537,-1.6216,-512.3663,0.398422
108.1976,-1.6262,-512.4869,0.398759
107.5370,-1.6311,-512.6072,0.399097
106.8691,-1.6357,-512.7277,0.399431
106.2011,-1.6403,-512.8468,0.399786
105.5278,-1.6446,-512.9655,0.400113
104.8481,-1.6486,-513.0836,0.400473
104.1668,-1.6526,-513.2010,0.400814
103.4820,-1.6566,-513.3177,0.401160
102.7895,-1.6605,-513.4346,0.401518
102.0973,-1.6648,-513.5499,0.401871
101.3998,-1.6689,-513.6651,0.402233
100.6948,-1.6732,-513.7800,0.402593
99.9941,-1.6774,-513.8926,0.402940
99.2827,-1.6816,-514.0049,0.403299
98.5672,-1.6860,-514.1151,0.403670
97.8507,-1.6906,-514.2234,0.404038
97.1290,-1.6953,-514.3303,0.404413
96.4009,-1.7001,-514.4357,0.404793
95.6728,-1.7049,-514.5386,0.405153
94.9381,-1.7093,-514.6394,0.405538
94.1989,-1.7132,-514.7377,0.405914
93.4594,-1.7167,-514.8328,0.406287
92.7117,-1.7193,-514.9247,0.406670
91.9633,-1.7213,-515.0135,0.407054
91.2068,-1.7231,-515.0999,0.407447
90.4477,-1.7248,-515.1827,0.407820
89.6879,-1.7266,-515.2619,0.408211
88.9194,-1.7286,-515.3383,0.408594
88.1490,-1.7307,-515.4113,0.408985
87.3787,-1.7329,-515.4807,0.409371
86.5976,-1.7351,-515.5469,0.409765
85.8175,-1.7370,-515.6099,0.410154
85.0340,-1.7385,-515.6694,0.410544
84.2443,-1.7397,-515.7256,0.410935
83.4510,-1.7409,-515.7782,0.411330
82.6550,-1.7420,-515.8270,0.411732
81.8511,-1.7429,-515.8724,0.412130
81.0681,-1.7439,-515.9124,0.412517
80.2706,-1.7451,-515.9488,0.412910
79.4787,-1.7465,-515.9818,0.413309
78.6848,-1.7480,-516.0111,0.413716
77.8939,-1.7492,-516.0364,0.414115
77.0998,-1.7501,-516.0580,0.414497
76.3119,-1.7510,-516.0751,0.414901
75.5229,-1.7518,-516.0883,0.415304
74.7341,-1.7528,-516.0971,0.415693
73.9491,-1.7541,-516.1016,0.416096
73.1659,-1.7556,-516.1010,0.416488
72.3814,-1.7571,-516.0970,0.416886
71.5981,-1.7581,-516.0886,0.417278
70.8147,-1.7582,-516.0764,0.417665
70.0369,-1.7576,-516.0593,0.418069
69.2561,-1.7565,-516.0372,0.418452
68.4782,-1.7555,-516.0099,0.418845
67.6994,-1.7548,-515.9775,0.419223
66.9252,-1.7544,-515.9398,0.419610
66.1515,-1.7539,-515.8978,0.419998
65.3757,-1.7532,-515.8510,0.420380
64.6070,-1.7521,-515.7993,0.420766
63.8387,-1.7502,-515.7429,0.421136
63.0703,-1.7481,-515.6815,0.421524
62.3064,-1.7458,-515.6156,0.421905
61.5418,-1.7439,-515.5453,0.422280
60.7834,-1.7420,-515.4702,0.422656
60.0240,-1.7397,-515.3910,0.423031
59.2672,-1.7365,-515.3073,0.423411
58.5142,-1.7317,-515.2192,0.423792
57.7638,-1.7258,-515.1266,0.424164
57.0152,-1.7185,-515.0298,0.424532
56.2672,-1.7095,-514.9282,0.424906
55.5236,-1.6990,-514.8223,0.425276
54.7808,-1.6875,-514.7112,0.425650
54.0412,-1.6752,-514.5943,0.426019
53.3083,-1.6623,-514.4733,0.426389
52.5720,-1.6486,-514.3448,0.426753
51.8471,-1.6344,-514.2108,0.427118
51.1203,-1.6199,-514.0701,0.427480
50.3971,-1.6054,-513.9235,0.427845
49.6794,-1.5914,-513.7719,0.428205
48.9631,-1.5773,-513.6136,0.428564
48.2503,-1.5630,-513.4464,0.428924
47.5413,-1.5487,-513.2731,0.429287
46.8370,-1.5343,-513.0935,0.429656
46.1332,-1.5198,-512.9069,0.430005
45.4322,-1.5054,-512.7167,0.430367
44.7341,-1.4908,-512.5237,0.430720
44.0378,-1.4724,-512.3121,0.431079
43.3445,-1.4529,-512.1091,0.431434
42.6559,-1.4339,-511.9012,0.431791
41.9645,-1.4150,-511.6892,0.432140
41.2631,-1.4061,-511.4845,0.432495
40.5978,-1.3762,-511.2557,0.432857
39.9136,-1.3566,-511.0314,0.433206
39.2220,-1.3485,-510.8149,0.433552
38.5643,-1.3166,-510.5742,0.433910
37.8922,-1.2960,-510.3374,0.434260
37.2092,-1.2834,-510.1036,0.434610
36.5456,-1.2785,-509.8536,0.434954
35.9054,-1.2303,-509.5877,0.435313
35.2395,-1.2153,-509.3318,0.435657
34.5915,-1.2084,-509.0595,0.436000
33.9673,-1.1562,-508.7730,0.436351
33.3180,-1.1407,-508.4950,0.436690
32.6847,-1.1311,-508.1984,0.437037
32.0855,-1.0926,-507.9052,0.437379
31.4454,-1.0542,-507.5876,0.437722
30.8310,-1.0417,-507.2708,0.438062
30.2176,-1.0286,-506.9467,0.438405
29.6628,-0.9765,-506.5580,0.438743
29.0671,-0.9398,-506.2258,0.439080
28.4716,-0.9034,-505.8849,0.439419
27.8818,-0.8696,-505.5445,0.439755
27.2942,-0.8428,-505.2062,0.440089
26.6870,-0.8343,-504.8788,0.440422
26.0998,-0.8294,-504.5545,0.440759
25.4933,-0.8114,-504.2137,0.441098
24.9182,-0.7788,-503.8505,0.441426
24.3492,-0.7455,-503.4838,0.441759
23.7821,-0.7112,-503.1142,0.442090
23.2163,-0.6759,-502.7429,0.442422
22.6547,-0.6403,-502.3709,0.442752
22.0878,-0.5599,-501.9902,0.443082
21.5285,-0.5408,-501.6125,0.443417
20.9740,-0.5213,-501.2352,0.443745
20.4223,-0.4498,-500.8604,0.444075
19.8683,-0.4283,-500.4786,0.444404
19.3211,-0.4077,-500.0943,0.444728
18.8005,-0.3428,-499.7080,0.445057
18.2414,-0.3138,-499.3159,0.445383
17.7078,-0.2888,-498.9204,0.445710
17.1928,-0.2351,-498.5224,0.446036
16.6618,-0.1986,-498.1176,0.446364
16.1160,-0.1695,-497.7064,0.446687
15.6146,-0.1242,-497.2904,0.447018
15.0947,-0.0865,-496.8679,0.447344
14.5799,-0.0487,-496.4441,0.447673
14.0560,-0.0054,-496.0244,0.447999
13.5471,0.0330,-495.5910,0.448329
13.0400,0.0695,-495.1549,0.448654
12.5326,0.1050,-494.7128,0.448982
12.0264,0.1396,-494.2642,0.449315
11.5274,0.1734,-493.8134,0.449642
11.0290,0.2072,-493.3554,0.449976
10.5298,0.2411,-492.8896,0.450312
10.0380,0.2744,-492.4243,0.450643
9.5416,0.3080,-491.9496,0.450984
9.0489,0.3410,-491.4755,0.451313
8.5534,0.3742,-490.9932,0.451649
8.0603,0.4072,-490.5078,0.451992
7.5678,0.4404,-490.0181,0.452337
7.0673,0.4740,-489.5189,0.452680
6.5764,0.5069,-489.0298,0.453014
6.0782,0.5400,-488.5329,0.453363
5.5791,0.5729,-488.0338,0.453702
5.0797,0.6051,-487.5312,0.454052
4.5823,0.6369,-487.0276,0.454401
4.0830,0.6686,-486.5179,0.454745
3.5849,0.6999,-486.0056,0.455100
3.0842,0.7313,-485.4869,0.455453
2.5905,0.7618,-484.9718,0.455803
2.0923,0.7923,-484.4489,0.456161
1.5947,0.8224,-483.9232,0.456509
1.0981,0.8523,-483.3943,0.456864
0.5995,0.8825,-482.8603,0.457224
0.1037,0.9132,-482.3256,0.457582
-0.3960,0.9445,-481.7828,0.457947
-0.8916,0.9761,-481.2409,0.458307
-1.3878,1.0078,-480.6945,0.458669
-1.8849,1.0391,-480.1436,0.459038
-2.3808,1.0697,-479.5898,0.459399
-2.8763,1.0997,-479.0323,0.459771
-3.3727,1.1294,-478.4702,0.460142
-3.8675,1.1590,-477.9059,0.460508
-4.3622,1.1890,-477.3380,0.460883
-4.8582,1.2200,-476.7647,0.461256
-5.3538,1.2513,-476.1880,0.461632
-5.8470,1.2832,-475.6105,0.462011
-6.3417,1.3157,-475.0280,0.462388
-6.8368,1.3483,-474.4414,0.462767
-7.3336,1.3809,-473.8524,0.463143
-7.8324,1.4134,-473.2608,0.463530
-8.3324,1.4458,-472.6686,0.463908
-8.8352,1.4783,-472.0740,0.464285
-9.3397,1.5106,-471.4791,0.464671
-9.8476,1.5432,-470.8815,0.465059
-10.3585,1.5760,-470.2814,0.465442
-10.8692,1.6094,-469.6827,0.465821
-11.3870,1.6434,-469.0781,0.466214
-11.9042,1.6776,-468.4758,0.466598
-12.4244,1.7120,-467.8716,0.466985
-12.9458,1.7463,-467.2682,0.467372
-13.4701,1.7807,-466.6632,0.467754
-13.9974,1.8150,-466.0562,0.468146
-14.5272,1.8492,-465.4486,0.468534
-15.0578,1.8834,-464.8412,0.468920
-15.5926,1.9177,-464.2314,0.469306
-16.1302,1.9509,-463.6198,0.469696
-16.6674,1.9860,-463.0093,0.470088
-17.2089,2.0214,-462.3952,0.470477
-17.7498,2.0566,-461.7831,0.470863
-18.2932,2.0919,-461.1693,0.471252
-18.8389,2.1272,-460.5530,0.471642
-19.3849,2.1623,-459.9356,0.472035
-19.9312,2.1972,-459.3173,0.472431
-20.4792,2.2320,-458.6967,0.472823
-21.0287,2.2669,-458.0740,0.473220
-21.5784,2.3018,-457.4507,0.473617
-22.1306,2.3368,-456.8246,0.474014
-22.6836,2.3715,-456.1978,0.474414
-23.2370,2.4061,-455.5717,0.474814
-23.7937,2.4404,-454.9425,0.475212
-24.3516,2.4745,-454.3125,0.475616
-24.9076,2.5085,-453.6844,0.476016
-25.4631,2.5425,-453.0566,0.476420
-26.0192,2.5764,-452.4274,0.476822
-26.5796,2.6105,-451.7931,0.477227
-27.1361,2.6443,-451.1632,0.477629
-27.6938,2.6780,-450.5321,0.478031
-28.2546,2.7116,-449.8976,0.478439
-28.8107,2.7443,-449.2688,0.478839
-29.3694,2.7767,-448.6373,0.479243
-29.9291,2.8087,-448.0052,0.479647
-30.4888,2.8406,-447.3740,0.480052
-31.0532,2.8728,-446.7390,0.480455
-31.6177,2.9048,-446.1079,0.480859
-32.1819,2.9364,-445.4816,0.481266
-32.7509,2.9675,-444.8534,0.481673
-33.3220,2.9979,-444.2265,0.482076
-33.8941,3.0271,-443.6027,0.482481
-34.4700,3.0560,-442.9775,0.482887
-35.0458,3.0843,-442.3561,0.483291
-35.6238,3.1121,-441.7366,0.483693
-36.2087,3.1401,-441.1159,0.484099
-36.7935,3.1680,-440.5017,0.484505
-37.3856,3.1967,-439.8856,0.484912
-37.9749,3.2256,-439.2775,0.485310
-38.5664,3.2550,-438.6687,0.485714
-39.1573,3.2848,-438.0587,0.486117
-39.7478,3.3148,-437.4492,0.486520
-40.3385,3.3449,-436.8408,0.486922
-40.9300,3.3748,-436.2343,0.487319
-41.5262,3.4044,-435.6270,0.487720
-42.1220,3.4334,-435.0243,0.488127
-42.7174,3.4619,-434.4280,0.488522
-43.3170,3.4898,-433.8342,0.488918
-43.9226,3.5174,-433.2420,0.489312
-44.5287,3.5447,-432.6606,0.489707
-45.1402,3.5715,-432.0860,0.490098
-45.7590,3.5982,-431.5166,0.490489
-46.3827,3.6247,-430.9545,0.490879
-47.0071,3.6508,-430.4037,0.491271
-47.6385,3.6772,-429.8584,0.491656
-48.2726,3.7038,-429.3249,0.492042
-48.9106,3.7308,-428.7968,0.492422
-49.5524,3.7581,-428.2750,0.492804
-50.1936,3.7854,-427.7635,0.493183
-50.8401,3.8134,-427.2580,0.493562
-51.4920,3.8422,-426.7592,0.493939
-52.1436,3.8716,-426.2717,0.494314
-52.8026,3.9022,-425.7891,0.494691
-53.4644,3.9343,-425.3166,0.495065
-54.1243,3.9665,-424.8537,0.495435
-54.7880,3.9989,-424.3961,0.495800
-55.4549,4.0311,-423.9427,0.496172
-56.1178,4.0627,-423.4989,0.496531
-56.7836,4.0939,-423.0601,0.496906
-57.4560,4.1247,-422.6241,0.497271
-58.1256,4.1541,-422.1968,0.497637
-58.7970,4.1822,-421.7752,0.497998
-59.4758,4.2093,-421.3565,0.498368
-60.1492,4.2353,-420.9467,0.498730
-60.8279,4.2606,-420.5407,0.499094
-61.5107,4.2848,-420.1394,0.499469
-62.1914,4.3079,-419.7463,0.499828
-62.8789,4.3308,-419.3561,0.500193
-63.5663,4.3533,-418.9731,0.500552
-64.2554,4.3760,-418.5965,0.500919
-64.9490,4.3989,-418.2257,0.501284
-65.6449,4.4222,-417.8595,0.501640
-66.3418,4.4460,-417.4997,0.501998
-67.0367,4.4698,-417.1479,0.502351
-67.7418,4.4944,-416.7982,0.502706
-68.4432,4.5187,-416.4586,0.503065
-69.1480,4.5432,-416.1252,0.503415
-69.8605,4.5678,-415.7961,0.503773
-70.5723,4.5922,-415.4770,0.504125
-71.2864,4.6166,-415.1637,0.504474
-72.0053,4.6409,-414.8567,0.504831
-72.7258,4.6650,-414.5578,0.505179
-73.4480,4.6888,-414.2678,0.505535
-74.1787,4.7126,-413.9839,0.505885
-74.9079,4.7360,-413.7102,0.506238
-75.6428,4.7594,-413.4440,0.506585
-76.3817,4.7827,-413.1881,0.506945
-77.1216,4.8064,-412.9402,0.507297
-77.8699,4.8305,-412.7007,0.507640
-78.6178,4.8548,-412.4724,0.508001
-79.3687,4.8796,-412.2540,0.508357
-80.1264,4.9053,-412.0448,0.508700
-80.8872,4.9320,-411.8462,0.509055
-81.6462,4.9592,-411.6598,0.509403
-82.4102,4.9875,-411.4831,0.509762
-83.1817,5.0161,-411.3148,0.510112
-83.9466,5.0439,-411.1538,0.510464
-84.7166,5.0710,-410.9999,0.510810
-85.4876,5.0972,-410.8541,0.511170
-86.2596,5.1225,-410.7167,0.511526
-87.0323,5.1470,-410.5875,0.511885
-87.8135,5.1709,-410.4651,0.512249
-88.5888,5.1941,-410.3512,0.512597
-89.3700,5.2166,-410.2458,0.512965
-90.1550,5.2387,-410.1467,0.513326
-90.9364,5.2604,-410.0565,0.513682
-91.7231,5.2819,-409.9744,0.514044
-92.5135,5.3035,-409.9001,0.514406
-93.2994,5.3252,-409.8344,0.514767
-94.0852,5.3470,-409.7727,0.515136
-94.8779,5.3692,-409.7129,0.515484
-95.6622,5.3912,-409.6576,0.515844
-96.4533,5.4132,-409.6043,0.516205
-97.2451,5.4350,-409.5545,0.516573
-98.0330,5.4563,-409.5089,0.516933
-98.8262,5.4776,-409.4672,0.517293
-99.6252,5.4989,-409.4319,0.517652
-100.4187,5.5202,-409.4039,0.518013
-101.2169,5.5419,-409.3827,0.518377
-102.0220,5.5641,-409.3700,0.518739
-102.8214,5.5866,-409.3636,0.519099
-103.6249,5.6098,-409.3643,0.519465
-104.4300,5.6339,-409.3722,0.519821
-105.2318,5.6588,-409.3875,0.520187
-106.0403,5.6849,-409.4097,0.520557
-106.8455,5.7120,-409.4363,0.520918
-107.6476,5.7398,-409.4662,0.521283
-108.4550,5.7689,-409.5017,0.521640
-109.2623,5.7980,-409.5426,0.522013
-110.0667,5.8271,-409.5907,0.522382
-110.8769,5.8562,-409.6468,0.522749
-111.6885,5.8852,-409.7101,0.523120
-112.4939,5.9140,-409.7800,0.523489
-113.3056,5.9432,-409.8577,0.523859
-114.1182,5.9728,-409.9423,0.524231
-114.9268,6.0030,-410.0338,0.524608
-115.7387,6.0347,-410.1350,0.524986
-116.5492,6.0676,-410.2428,0.525362
-117.3588,6.1011,-410.3589,0.525739
-118.1694,6.1351,-410.4833,0.526116
-118.9814,6.1692,-410.6155,0.526494
-119.7844,6.2031,-410.7511,0.526863
-120.5957,6.2376,-410.8925,0.527244
-121.4043,6.2723,-411.0401,0.527622
-122.2079,6.3071,-411.1963,0.528006
-123.0161,6.3423,-411.3598,0.528390
-123.8193,6.3772,-411.5295,0.528760
-124.6291,6.4123,-411.7077,0.529136
-125.4343,6.4546,-411.8779,0.529514
-126.2389,6.4944,-412.0639,0.529889
-127.0472,6.5272,-412.2683,0.530273
-127.8247,6.5692,-412.4494,0.530656
-128.6422,6.6115,-412.6360,0.531032
-129.4373,6.6493,-412.8340,0.531417
-130.2477,6.6737,-413.0565,0.531796
-131.0470,6.6958,-413.2637,0.532178
-131.8446,6.7180,-413.4705,0.532556
-132.6278,6.7238,-413.6715,0.532940
-133.4235,6.7562,-413.8772,0.533324
-134.2403,6.8035,-414.0473,0.533714
-135.0334,6.8542,-414.2545,0.534095
-135.8311,6.9034,-414.4644,0.534478
-136.6090,6.9393,-414.7193,0.534860
-137.4100,6.9720,-414.9369,0.535248
-138.2068,7.0047,-415.1550,0.535623
-139.0067,7.0378,-415.3776,0.536012
-139.8061,7.0711,-415.6080,0.536392
-140.5994,7.1040,-415.8431,0.536772
-141.3989,7.1370,-416.0836,0.537151
-142.1928,7.1692,-416.3254,0.537539
-142.9846,7.2012,-416.5739,0.537924
-143.7744,7.2329,-416.8308,0.538312
-144.5614,7.2643,-417.0940,0.538699
-145.3493,7.2943,-417.3589,0.539087
-146.1375,7.3232,-417.6230,0.539479
-146.9210,7.3518,-417.8857,0.539861
-147.7069,7.3804,-418.1518,0.540250
-148.4958,7.4086,-418.4254,0.540641
-149.2795,7.4365,-418.7023,0.541025
-150.0683,7.4649,-418.9856,0.541416
-150.8433,7.4932,-419.2693,0.541832
-151.6263,7.5226,-419.5618,0.542189
-152.4085,7.5525,-419.8605,0.542581
-153.1822,7.5826,-420.1593,0.542969
-153.9606,7.6133,-420.4637,0.543360
-154.7370,7.6449,-420.7739,0.543744
-155.5088,7.6779,-421.0882,0.544131
-156.2820,7.7113,-421.4071,0.544521
-157.0560,7.7448,-421.7274,0.544912
-157.8259,7.7778,-422.0481,0.545304
-158.5943,7.8104,-422.3690,0.545689
-159.3633,7.8430,-422.6902,0.546074
-160.1327,7.8754,-423.0107,0.546470
-160.9020,7.9070,-423.3293,0.546851
-161.6799,7.9385,-423.6504,0.547251
-162.4430,7.9688,-423.9639,0.547640
-163.2142,7.9994,-424.2796,0.548033
-163.9862,8.0298,-424.5947,0.548424
-164.7571,8.0602,-424.9076,0.548812
-165.5314,8.0906,-425.2201,0.549210
-166.3091,8.1211,-425.5331,0.549603
-167.0810,8.1516,-425.8444,0.549990
-167.8582,8.1821,-426.1589,0.550386
-168.6344,8.2127,-426.4736,0.550771
-169.4101,8.2438,-426.7888,0.551173
-170.1875,8.2755,-427.1057,0.551567
-170.9622,8.3074,-427.4227,0.551955
-171.7369,8.3397,-427.7409,0.552356
-172.5119,8.3723,-428.0601,0.552751
-173.2887,8.4055,-428.3813,0.553147
-174.0611,8.4388,-428.7022,0.553539
-174.8365,8.4728,-429.0264,0.553946
-175.6098,8.5069,-429.3540,0.554335
-176.3849,8.5410,-429.6868,0.554745
-177.1579,8.5749,-430.0224,0.555136
-177.9266,8.6089,-430.3595,0.555532
-178.7007,8.6428,-430.7010,0.555945
-179.4687,8.6761,-431.0407,0.556338
-180.2371,8.7093,-431.3815,0.556745
-181.0059,8.7429,-431.7233,0.557151
-181.7778,8.7763,-432.0678,0.557554
-182.5467,8.8094,-432.4127,0.557955
-183.3129,8.8424,-432.7579,0.558359
-184.0815,8.8754,-433.1069,0.558763
-184.8498,8.9087,-433.4586,0.559173
-185.6117,8.9419,-433.8102,0.559584
-186.3921,8.9820,-434.1230,0.559976
-187.1575,9.0046,-434.4770,0.560386
-187.9167,9.0272,-434.8296,0.560801
-188.6723,9.0499,-435.1808,0.561204
-189.4266,9.0721,-435.5303,0.561602
-190.1810,9.0942,-435.8795,0.562017
-190.9193,9.1151,-436.2693,0.562414
-191.6679,9.1462,-436.6162,0.562817
-192.4190,9.1774,-436.9669,0.563220
-193.1528,9.2266,-437.3127,0.563606
-193.9145,9.2693,-437.6745,0.564003
-194.6508,9.2888,-438.0298,0.564388
-195.3842,9.3082,-438.3852,0.564795
-196.1069,9.3687,-438.7234,0.565189
-196.8342,9.3954,-439.0796,0.565582
-197.5680,9.4186,-439.4554,0.565968
-198.2889,9.4408,-439.8116,0.566352
-199.0107,9.4597,-440.1667,0.566750
-199.7198,9.4993,-440.4997,0.567126
-200.4378,9.5247,-440.8482,0.567516
-201.1520,9.5496,-441.1918,0.567907
-201.8676,9.5745,-441.5333,0.568287
-202.5914,9.5959,-441.8893,0.568676
-203.2963,9.6243,-442.2039,0.569045
-204.0064,9.6488,-442.5306,0.569438
-204.7209,9.6733,-442.8539,0.569809
-205.4264,9.6979,-443.1846,0.570204
-206.1372,9.7246,-443.4991,0.570573
-206.8528,9.7514,-443.8137,0.570970
-207.5594,9.7779,-444.1257,0.571342
-208.2717,9.8046,-444.4417,0.571727
-208.9765,9.8311,-444.7545,0.572105
-209.6788,9.8576,-445.0667,0.572474
-210.3835,9.8846,-445.3795,0.572850
-211.0844,9.9118,-445.6892,0.573225
-211.7818,9.9388,-445.9957,0.573597
-212.4796,9.9655,-446.3006,0.573970
-213.1788,9.9922,-446.6040,0.574344
-213.8724,10.0183,-446.9021,0.574718
-214.5653,10.0439,-447.1970,0.575076
-215.2633,10.0698,-447.4910,0.575452
-215.9572,10.0954,-447.7803,0.575821
-216.6447,10.1208,-448.0651,0.576196
-217.3386,10.1463,-448.3501,0.576554
-218.0267,10.1716,-448.6302,0.576930
-218.7171,10.1966,-448.9087,0.577308
-219.4053,10.2215,-449.1840,0.577672
-220.0937,10.2461,-449.4588,0.578042
-220.7785,10.2707,-449.7329,0.578407
-221.4594,10.2950,-450.0051,0.578778
-222.1367,10.3193,-450.2755,0.579158
-222.8082,10.3435,-450.5432,0.579540
-223.4735,10.3675,-450.8080,0.579916
-224.1300,10.3914,-451.0684,0.580281
-224.7807,10.4152,-451.3260,0.580656
-225.4268,10.4390,-451.5813,0.581013
-226.0632,10.4625,-451.8323,0.581398
-226.6966,10.4860,-452.0815,0.581761
-227.3266,10.5093,-452.3287,0.582121
-227.9492,10.5321,-452.5719,0.582492
-228.5680,10.5549,-452.8124,0.582856
-229.1823,10.5774,-453.0501,0.583217
-229.7923,10.5997,-453.2846,0.583578
-230.3969,10.6222,-453.5149,0.583934
-231.0026,10.6448,-453.7439,0.584296
-231.6009,10.6672,-453.9687,0.584647
-232.1985,10.6896,-454.1909,0.585009
-232.7921,10.7116,-454.4098,0.585352
-233.3821,10.7335,-454.6248,0.585689
-233.9706,10.7551,-454.8367,0.586033
-234.5550,10.7763,-455.0447,0.586375
-235.1391,10.7976,-455.2495,0.586723
-235.7197,10.8184,-455.4485,0.587041
-236.2995,10.8392,-455.6428,0.587380
-236.8774,10.8600,-455.8314,0.587711
-237.4545,10.8809,-456.0171,0.588044
-238.0299,10.9015,-456.1988,0.588362
-238.6008,10.9220,-456.3757,0.588691
-239.1725,10.9423,-456.5494,0.588998
-239.7408,10.9625,-456.7190,0.589333
-240.3082,10.9824,-456.8853,0.589650
-240.8734,11.0022,-457.0473,0.589963
-241.4427,11.0219,-457.1923,0.590268
-242.0037,11.0446,-457.3458,0.590577
-242.5634,11.0674,-457.4952,0.590877
-243.1225,11.0903,-457.6418,0.591189
-243.6883,11.0997,-457.8028,0.591485
-244.2335,11.1361,-457.9241,0.591791
-244.7936,11.1437,-458.0753,0.592082
-245.3380,11.1801,-458.1894,0.592399
-245.8946,11.1848,-458.3284,0.592681
-246.4335,11.2150,-458.4322,0.592972
-246.9923,11.2266,-458.5677,0.593267
-247.5277,11.2659,-458.6637,0.593555
-248.0820,11.2824,-458.7907,0.593836
-248.6205,11.2831,-458.8965,0.594118
-249.1570,11.3306,-458.9968,0.594402
-249.6927,11.3288,-459.0897,0.594678
-250.2242,11.3727,-459.1721,0.594953
-250.7590,11.3682,-459.2415,0.595224
-251.2741,11.3691,-459.2958,0.595499
-251.8024,11.3861,-459.3469,0.595770
-252.3275,11.4029,-459.3891,0.596047
-252.8508,11.4196,-459.4219,0.596312
-253.3726,11.4360,-459.4438,0.596573
-253.8909,11.4528,-459.4568,0.596843
-254.4078,11.4691,-459.4604,0.597111
-254.9232,11.4857,-459.4557,0.597369
-255.4412,11.5023,-459.4513,0.597642
-255.9589,11.5190,-459.4455,0.597903
-256.4706,11.5353,-459.4348,0.598162
-256.9820,11.5517,-459.4194,0.598429
-257.4951,11.5686,-459.4003,0.598686
-258.0042,11.5853,-459.3802,0.598950
-258.5095,11.6014,-459.3557,0.599209
-259.0128,11.6176,-459.3232,0.599461
-259.5118,11.6340,-459.2846,0.599715
-260.0086,11.6503,-459.2382,0.599974
-260.5022,11.6660,-459.1856,0.600224
-260.9985,11.6820,-459.1283,0.600470
-261.4907,11.6981,-459.0727,0.600725
-261.9850,11.7141,-459.0165,0.600983
-262.4760,11.7294,-458.9581,0.601229
-262.9624,11.7447,-458.8957,0.601475
-263.4507,11.7603,-458.8307,0.601721
-263.9351,11.7756,-458.7619,0.601974
-264.4180,11.7903,-458.6896,0.602216
-264.8976,11.8048,-458.6150,0.602459
-265.3780,11.8196,-458.5371,0.602705
-265.8535,11.8343,-458.4550,0.602951
-266.3236,11.8482,-458.3654,0.603190
-266.7918,11.8619,-458.2670,0.603429
-267.2566,11.8758,-458.1640,0.603667
-267.7198,11.8897,-458.0561,0.603909
-268.1790,11.9030,-457.9438,0.604147
-268.6377,11.9162,-457.8263,0.604381
-269.0922,11.9294,-457.7034,0.604621
-269.5424,11.9427,-457.5734,0.604845
-269.9889,11.9554,-457.4350,0.605087
-270.4323,11.9682,-457.2892,0.605325
-270.8701,11.9808,-457.1343,0.605556
-271.3022,11.9937,-456.9741,0.605788
-271.7344,12.0061,-456.8066,0.606024
-272.1636,12.0187,-456.6328,0.606254
-272.5906,12.0313,-456.4544,0.606488
-273.0133,12.0440,-456.2723,0.606716
-273.4362,12.0565,-456.0859,0.606949
-273.8605,12.0691,-455.8981,0.607181
-274.2809,12.0818,-455.7085,0.607410
-274.7028,12.0948,-455.5152,0.607641
-275.1321,12.1077,-455.3137,0.607879
-275.5401,12.1202,-455.1167,0.608104
-275.9563,12.1330,-454.9109,0.608336
-276.3721,12.1460,-454.7000,0.608566
-276.7855,12.1587,-454.4863,0.608796
-277.2000,12.1715,-454.2690,0.609030
-277.6122,12.1845,-454.0472,0.609261
-278.0229,12.1973,-453.8222,0.609493
-278.4332,12.2101,-453.5908,0.609725
-278.8395,12.2227,-453.3560,0.609958
-279.2458,12.2355,-453.1160,0.610190
-279.6512,12.2487,-452.8708,0.610426
-280.0518,12.2618,-452.6216,0.610666
-280.4518,12.2749,-452.3657,0.610901
-280.8490,12.2886,-452.1034,0.611135
-281.2451,12.3025,-451.8369,0.611375
-281.6366,12.3161,-451.5667,0.611610
-282.0274,12.3302,-451.2890,0.611850
-282.4149,12.3444,-451.0063,0.612086
-282.7978,12.3585,-450.7191,0.612328
-283.1811,12.3726,-450.4247,0.612566
-283.5621,12.3871,-450.1286,0.612804
-283.9421,12.4015,-449.8273,0.613048
-284.3178,12.4158,-449.5202,0.613287
-284.6942,12.4304,-449.2077,0.613534
-285.0686,12.4450,-448.8926,0.613770
-285.4366,12.4678,-448.5778,0.614020
-285.8333,12.4727,-448.2439,0.614262
-286.2004,12.5142,-447.9177,0.614509
-286.5717,12.5073,-447.5808,0.614753
-286.9188,12.5455,-447.2452,0.615002
-287.3040,12.5430,-446.9022,0.615246
-287.6490,12.5760,-446.5556,0.615498
-288.0286,12.5788,-446.1996,0.615747
-288.3653,12.6029,-445.8439,0.615997
-288.7402,12.6141,-445.4779,0.616251
-289.0739,12.6308,-445.1128,0.616505
-289.4235,12.6455,-444.7405,0.616759
-289.7713,12.6600,-444.3616,0.617020
-290.1149,12.6728,-443.9760,0.617274
-290.4754,12.6789,-443.5817,0.617530
-290.7905,12.7007,-443.1906,0.617788
-291.1428,12.7144,-442.7816,0.618053
-291.4527,12.7271,-442.3767,0.618307
-291.7906,12.7414,-441.9686,0.618576
-292.1124,12.7581,-441.5468,0.618835
-292.4303,12.7748,-441.1201,0.619104
-292.7457,12.7913,-440.6848,0.619372
-293.0590,12.8077,-440.2459,0.619642
-293.3681,12.8238,-439.8034,0.619906
-293.6763,12.8398,-439.3514,0.620183
-293.9798,12.8556,-438.8954,0.620455
-294.2790,12.8711,-438.4354,0.620727
-294.5740,12.8866,-437.9700,0.621002
-294.8651,12.9018,-437.4978,0.621282
-295.1515,12.9166,-437.0181,0.621566
-295.4337,12.9308,-436.5367,0.621839
-295.7137,12.9447,-436.0459,0.622125
-295.9880,12.9578,-435.5506,0.622402
-296.2574,12.9703,-435.0490,0.622688
-296.5231,12.9824,-434.5388,0.622978
-296.7845,12.9940,-434.0242,0.623268
-297.0438,13.0054,-433.5061,0.623553
-297.3015,13.0162,-432.9800,0.623845
-297.5544,13.0264,-432.4542,0.624143
-297.8077,13.0365,-431.9163,0.624437
-298.0564,13.0456,-431.3789,0.624735
-298.3070,13.0544,-430.8308,0.625033
-298.5551,13.0627,-430.2809,0.625337
-298.8014,13.0702,-429.7254,0.625641
-299.0475,13.0775,-429.1637,0.625947
-299.2922,13.0844,-428.5993,0.626260
-299.5349,13.0912,-428.0309,0.626565
-299.7783,13.0983,-427.4547,0.626881
-300.0183,13.1053,-426.8767,0.627195
-300.2571,13.1122,-426.2927,0.627511
-300.4926,13.1187,-425.7050,0.627834
-300.7250,13.1248,-425.1119,0.628158
-300.9539,13.1302,-424.5137,0.628479
-301.1809,13.1348,-423.9083,0.628807
-301.4018,13.1385,-423.3033,0.629128
-301.6232,13.1417,-422.6881,0.629451
-301.8411,13.1442,-422.0706,0.629785
-302.0571,13.1464,-421.4467,0.630121
-302.2701,13.1485,-420.8178,0.630452
-302.4805,13.1504,-420.1838,0.630776
-302.6891,13.1520,-419.5417,0.631114
-302.8945,13.1537,-418.8963,0.631455
-303.0968,13.1553,-418.2437,0.631800
-303.2980,13.1566,-417.5832,0.632141
-303.4953,13.1571,-416.9214,0.632478
-303.6967,13.1576,-416.2347,0.632831
-303.8870,13.1573,-415.5744,0.633175
-304.0811,13.1565,-414.8895,0.633523
-304.2722,13.1552,-414.2020,0.633879
-304.4613,13.1536,-413.5078,0.634236
-304.6485,13.1520,-412.8036,0.634589
-304.8334,13.1504,-412.0960,0.634953
-305.0169,13.1486,-411.3819,0.635320
-305.2012,13.1468,-410.6627,0.635686
-305.3875,13.1443,-409.9389,0.636055
-305.5765,13.1415,-409.2050,0.636438
-305.7662,13.1384,-408.4676,0.636822
-305.9564,13.1352,-407.7252,0.637196
-306.1480,13.1322,-406.9733,0.637596
-306.3398,13.1295,-406.2194,0.637988
-306.5315,13.1267,-405.4628,0.638378
-306.7251,13.1237,-404.6972,0.638775
-306.9189,13.1205,-403.9277,0.639183
-307.1146,13.1168,-403.1487,0.639592
-307.3089,13.1131,-402.3710,0.640015
-307.5047,13.1092,-401.5833,0.640441
-307.7010,13.1050,-400.7884,0.640869
-307.8961,13.1003,-399.9933,0.641282
-308.0925,13.0945,-399.1888,0.641724
-308.2886,13.0879,-398.3788,0.642152
-308.4841,13.0808,-397.5667,0.642587
-308.6805,13.0735,-396.7450,0.643031
-308.8775,13.0663,-395.9157,0.643457
-309.0730,13.0594,-395.0862,0.643912
-309.2693,13.0526,-394.2477,0.644351
-309.4645,13.0458,-393.4070,0.644798
-309.6585,13.0384,-392.5656,0.645242
-309.8532,13.0305,-391.7148,0.645704
-310.0481,13.0225,-390.8567,0.646143
-310.2420,13.0140,-389.9983,0.646589
-310.4362,13.0047,-389.1323,0.647034
-310.6301,12.9951,-388.2607,0.647482
-310.8238,12.9850,-387.3839,0.647921
-311.0171,12.9749,-386.5013,0.648361
-311.2108,12.9652,-385.6101,0.648805
-311.4024,12.9550,-384.7206,0.649252
-311.5951,12.9446,-383.8209,0.649690
-311.7881,12.9332,-382.9123,0.650147
-311.9785,12.9215,-382.0110,0.650589
-312.1700,12.9093,-381.0971,0.651040
-312.3608,12.8966,-380.1796,0.651484
-312.5506,12.8831,-379.2595,0.651949
-312.7403,12.8686,-378.3325,0.652409
-312.9306,12.8527,-377.3969,0.652876
-313.1192,12.8362,-376.4622,0.653348
-313.3078,12.8196,-375.5199,0.653812
-313.4974,12.8037,-374.5657,0.654298
-313.6848,12.7884,-373.6141,0.654760
-313.8713,12.7731,-372.6588,0.655233
-314.0583,12.7572,-371.6939,0.655706
-314.2440,12.7402,-370.7267,0.656196
-314.4294,12.7224,-369.7525,0.656671
-314.6148,12.7039,-368.7715,0.657151
-314.7981,12.6853,-367.7926,0.657633
-314.9821,12.6653,-366.8013,0.658115
-315.1659,12.6447,-365.8018,0.658609
-315.3491,12.6236,-364.7971,0.659109
-315.5286,12.6023,-363.8030,0.659598
-315.7087,12.5800,-362.7954,0.660080
-315.8883,12.5576,-361.7817,0.660573
-316.0675,12.5350,-360.7605,0.661078
-316.2460,12.5123,-359.7328,0.661588
-316.4226,12.4895,-358.7055,0.662089
-316.5991,12.4662,-357.6703,0.662595
-316.7753,12.4423,-356.6261,0.663104
-316.9492,12.4182,-355.5853,0.663612
-317.1229,12.3937,-354.5332,0.664125
-317.2958,12.3685,-353.4773,0.664650
-317.4673,12.3432,-352.4190,0.665157
-317.6380,12.3180,-351.3536,0.665672
-317.8077,12.2933,-350.2821,0.666205
-317.9759,12.2684,-349.2082,0.666726
-318.1432,12.2426,-348.1282,0.667253
-318.3099,12.2156,-347.0411,0.667792
-318.4732,12.1883,-345.9613,0.668317
-318.6359,12.1611,-344.8718,0.668842
-318.7970,12.1345,-343.7761,0.669381
-318.9557,12.1081,-342.6828,0.669924
-319.1138,12.0804,-341.5789,0.670460
-319.2700,12.0521,-340.4712,0.671006
-319.4236,12.0234,-339.3623,0.671549
-319.5750,11.9951,-338.2476,0.672099
-319.7236,11.9666,-337.1219,0.672654
-319.8702,11.9376,-335.9911,0.673208
-320.0214,11.9063,-334.7929,0.673797
-320.1499,11.8796,-333.7508,0.674306
-320.2876,11.8512,-332.6036,0.674873
-320.4185,11.8239,-331.4804,0.675426
-320.5481,11.7962,-330.3353,0.675984
-320.6738,11.7685,-329.1901,0.676550
-320.7960,11.7413,-328.0420,0.677109
-320.9152,11.7141,-326.8757,0.677681
-321.0282,11.6871,-325.7336,0.678233
-321.1406,11.6593,-324.5579,0.678819
-321.2466,11.6318,-323.4080,0.679382
-321.3503,11.6032,-322.2375,0.679951
-321.4499,11.5735,-321.0680,0.680528
-321.5449,11.5436,-319.9056,0.681097
-321.6366,11.5136,-318.7185,0.681677
-321.7220,11.4845,-317.5504,0.682241
-321.8027,11.4558,-316.3698,0.682823
-321.8781,11.4271,-315.1813,0.683405
-321.9482,11.3988,-313.9899,0.683987
-322.0108,11.3705,-312.7964,0.684568
-322.0688,11.3423,-311.5974,0.685152
-322.1210,11.3142,-310.3994,0.685740
-322.1676,11.2860,-309.1911,0.686330
-322.2076,11.2577,-307.9845,0.686917
-322.2424,11.2297,-306.7759,0.687505
-322.2724,11.2009,-305.5268,0.688111
-322.2941,11.1741,-304.3451,0.688692
-322.3105,11.1466,-303.1306,0.689283
-322.3207,11.1184,-301.8976,0.689880
-322.3246,11.0910,-300.6780,0.690475
-322.3224,11.0634,-299.4451,0.691072
-322.3124,11.0362,-298.2115,0.691676
-322.2965,11.0092,-296.9801,0.692275
-322.2738,10.9823,-295.7449,0.692876
-322.2444,10.9555,-294.5056,0.693485
-322.2082,10.9292,-293.2715,0.694082
-322.1651,10.9036,-292.0377,0.694688
-322.1128,10.8769,-290.7609,0.695307
-322.0582,10.8521,-289.5573,0.695893
-321.9952,10.8273,-288.3177,0.696493
-321.9247,10.8023,-287.0726,0.697107
-321.8468,10.7771,-285.8107,0.697723
-321.7641,10.7534,-284.5873,0.698322
-321.6735,10.7294,-283.3380,0.698930
-321.5766,10.7058,-282.0932,0.699540
-321.4720,10.6829,-280.8335,0.700154
-321.3620,10.6602,-279.5882,0.700758
-321.2459,10.6374,-278.3441,0.701364
-321.1205,10.6132,-277.0743,0.701993
-320.9929,10.5898,-275.8356,0.702598
-320.8572,10.5662,-274.5843,0.703210
-320.7085,10.5522,-273.2924,0.703847
-320.5471,10.5367,-272.0608,0.704452
-320.3909,10.5152,-270.7948,0.705072
-320.2329,10.4945,-269.5502,0.705688
-320.0797,10.4730,-268.2794,0.706311
-319.9107,10.4565,-267.0256,0.706924
-319.7380,10.4392,-265.7593,0.707544
-319.5620,10.4209,-264.4819,0.708162
-319.3865,10.4012,-263.2153,0.708789
-319.2089,10.3802,-261.9428,0.709406
-319.0294,10.3587,-260.6660,0.710041
-318.8492,10.3380,-259.3892,0.710661
-318.6676,10.3180,-258.1071,0.711286
-318.4853,10.2988,-256.8229,0.711921
-318.3022,10.2804,-255.5372,0.712553
-318.1184,10.2628,-254.2493,0.713181
-317.9334,10.2453,-252.9555,0.713813
-317.7493,10.2276,-251.6682,0.714449
-317.5634,10.2096,-250.3718,0.715080
-317.3764,10.1924,-249.0716,0.715721
-317.1896,10.1750,-247.7773,0.716358
-317.0007,10.1578,-246.4716,0.717000
-316.8112,10.1410,-245.1670,0.717638
-316.6211,10.1241,-243.8590,0.718276
-316.4307,10.1069,-242.5525,0.718919
-316.2386,10.0885,-241.2360,0.719564
-316.0468,10.0693,-239.9250,0.720203
-315.8543,10.0503,-238.6101,0.720843
-315.6599,10.0314,-237.2836,0.721489
-315.4665,10.0127,-235.9659,0.722144
-315.2716,9.9928,-234.6388,0.722783
-315.0762,9.9719,-233.3081,0.723431
-314.8797,9.9503,-231.9743,0.724079
-314.6833,9.9288,-230.6454,0.724724
-314.4851,9.9069,-229.3069,0.725372
-314.2868,9.8858,-227.9714,0.726021
-314.0872,9.8634,-226.6320,0.726679
-313.8858,9.8400,-225.2844,0.727331
-313.6844,9.8156,-223.9424,0.727979
-313.4819,9.7912,-222.5984,0.728635
-313.2765,9.7661,-221.2416,0.729304
-313.0714,9.7408,-219.8928,0.729962
-312.8653,9.7148,-218.5433,0.730613
-312.6510,9.6873,-217.1469,0.731284
-312.4483,9.6612,-215.8325,0.731929
-312.2379,9.6336,-214.4738,0.732588
-312.0257,9.6055,-213.1100,0.733258
-311.8134,9.5771,-211.7507,0.733924
-311.6002,9.5475,-210.3902,0.734577
-311.3838,9.5164,-209.0164,0.735249
-311.1685,9.4841,-207.6510,0.735916
-310.9516,9.4507,-206.2814,0.736588
-310.7322,9.4161,-204.9010,0.737261
-310.5139,9.3809,-203.5312,0.737930
-310.2927,9.3443,-202.1489,0.738605
-310.0709,9.3075,-200.7687,0.739273
-309.8486,9.2699,-199.3911,0.739948
-309.6240,9.2316,-198.0029,0.740625
-309.3987,9.1933,-196.6154,0.741297
-309.1733,9.1537,-195.2299,0.741973
-308.9463,9.1127,-193.8403,0.742652
-308.7176,9.0705,-192.4424,0.743337
-308.4893,9.0284,-191.0513,0.744007
-308.2589,8.9862,-189.6525,0.744696
-308.0281,8.9425,-188.2511,0.745376
-307.7973,8.8962,-186.8528,0.746060
-307.5649,8.8473,-185.4446,0.746748
-307.3325,8.7965,-184.0370,0.747436
-307.1004,8.7453,-182.6321,0.748117
-306.8660,8.6945,-181.2148,0.748814
-306.6320,8.6442,-179.8012,0.749504
-306.3972,8.5924,-178.3831,0.750192
-306.1624,8.5381,-176.9659,0.750887
-305.9264,8.4808,-175.5417,0.751586
-305.6919,8.4221,-174.1289,0.752267
-305.4545,8.3614,-172.6985,0.752971
-305.2169,8.2998,-171.2679,0.753668
-304.9792,8.2375,-169.8390,0.754368
-304.7394,8.1740,-168.3985,0.755065
-304.4996,8.1100,-166.9610,0.755769
-304.2609,8.0450,-165.5309,0.756468
-304.0203,7.9785,-164.0903,0.757168
-303.7785,7.9116,-162.6467,0.757881
-303.5360,7.8438,-161.2007,0.758584
-303.2941,7.7741,-159.7597,0.759288
-303.0502,7.7024,-158.3095,0.759995
-302.8073,7.6303,-156.8658,0.760698
-302.5648,7.5569,-155.4258,0.761406
-302.3220,7.4820,-153.9847,0.762107
-302.0784,7.4068,-152.5426,0.762814
-301.8353,7.3316,-151.1046,0.763520
-301.5923,7.2564,-149.6685,0.764225
-301.3488,7.1806,-148.2307,0.764923
-301.1057,7.1056,-146.7971,0.765633
-300.8620,7.0308,-145.3615,0.766335
-300.6194,6.9562,-143.9353,0.767037
-300.3763,6.8803,-142.5087,0.767731
-300.1320,6.8040,-141.0766,0.768436
-299.8897,6.7292,-139.6574,0.769133
-299.6462,6.6558,-138.2350,0.769828
-299.4021,6.5830,-136.8097,0.770526
-299.1588,6.5108,-135.3911,0.771214
-298.9153,6.4392,-133.9733,0.771912
-298.6707,6.3677,-132.5513,0.772610
-298.4276,6.2972,-131.1397,0.773298
-298.1846,6.2271,-129.7301,0.773989
-297.9398,6.1569,-128.3130,0.774683
-297.6972,6.0877,-126.9099,0.775367
-297.4529,6.0181,-125.4972,0.776071
-297.2100,5.9492,-124.0950,0.776743
-296.9666,5.8806,-122.6898,0.777438
-296.7235,5.8129,-121.2873,0.778122
-296.4794,5.7449,-119.8818,0.778811
-296.2365,5.6771,-118.4846,0.779492
-295.9938,5.6095,-117.0884,0.780176
-295.7503,5.5425,-115.6897,0.780865
-295.5078,5.4763,-114.2978,0.781538
-295.2646,5.4102,-112.9035,0.782228
-295.0208,5.3444,-111.5077,0.782911
-294.7790,5.2793,-110.1234,0.783588
-294.5352,5.2150,-108.7293,0.784263
-294.2932,5.1514,-107.3457,0.784945
-294.0506,5.0886,-105.9606,0.785624
-293.8086,5.0271,-104.5777,0.786304
-293.5666,4.9668,-103.1932,0.786978
-293.3263,4.9072,-101.8162,0.787652
-293.0860,4.8473,-100.4372,0.788326
-292.8460,4.7870,-99.0582,0.789000
-292.6073,4.7267,-97.6836,0.789670
-292.3688,4.6672,-96.3083,0.790346
-292.1308,4.6090,-94.9340,0.791015
-291.8938,4.5515,-93.5622,0.791685
-291.6577,4.4943,-92.1928,0.792351
-291.4216,4.4377,-90.8206,0.793030
-291.1844,4.3819,-89.4390,0.793712
-290.9531,4.3289,-88.0889,0.794364
-290.7177,4.2750,-86.7121,0.795036
-290.4849,4.2221,-85.3490,0.795707
-290.2514,4.1696,-83.9782,0.796379
-290.0176,4.1182,-82.6022,0.797051
-289.7863,4.0693,-81.2387,0.797715
-289.5548,4.0215,-79.8711,0.798384
-289.3237,3.9744,-78.5028,0.799050
-289.0923,3.9276,-77.1303,0.799725
-288.8621,3.8810,-75.7639,0.800386
-288.6304,3.8341,-74.3867,0.801058
-288.3996,3.7881,-73.0138,0.801735
-288.1691,3.7431,-71.6418,0.802401
-287.9360,3.6996,-70.2542,0.803084
-287.7068,3.6585,-68.8899,0.803743
-287.4752,3.6173,-67.5107,0.804417
-287.2433,3.5762,-66.1300,0.805089
-287.0125,3.5355,-64.7536,0.805761
-286.7807,3.4951,-63.3722,0.806435
-286.5482,3.4554,-61.9864,0.807102
-286.3167,3.4172,-60.6046,0.807781
-286.0825,3.3803,-59.2074,0.808467
-285.8509,3.3450,-57.8254,0.809133
-285.6190,3.3102,-56.4420,0.809816
-285.3855,3.2756,-55.0493,0.810490
-285.1530,3.2415,-53.6623,0.811164
-284.9186,3.2080,-52.2651,0.811851
-284.6849,3.1753,-50.8724,0.812529
-284.4498,3.1430,-49.4737,0.813208
-284.2147,3.1117,-48.0763,0.813896
-283.9795,3.0807,-46.6798,0.814568
-283.7424,3.0505,-45.2739,0.815263
-283.5061,3.0225,-43.8759,0.815940
-283.2688,2.9956,-42.4717,0.816621
-283.0310,2.9693,-41.0666,0.817308
-282.7939,2.9437,-39.6678,0.817991
-282.5556,2.9190,-38.2628,0.818677
-282.3173,2.8951,-36.8595,0.819359
-282.0792,2.8711,-35.4601,0.820041
-281.8417,2.8466,-34.0674,0.820718
-281.6020,2.8217,-32.6631,0.821401
-281.3648,2.7972,-31.2753,0.822087
-281.1280,2.7730,-29.8907,0.822761
-280.8893,2.7488,-28.4958,0.823438
-280.6520,2.7246,-27.1105,0.824112
-280.4153,2.7010,-25.7297,0.824783
-280.1771,2.6788,-24.3406,0.825473
-279.9402,2.6587,-22.9622,0.826137
-279.7040,2.6401,-21.5871,0.826803
-279.4660,2.6208,-20.2022,0.827485
-279.2303,2.6008,-18.8306,0.828149
-278.9936,2.5805,-17.4527,0.828818
-278.7581,2.5608,-16.0815,0.829487
-278.5231,2.5411,-14.7135,0.830162
-278.2889,2.5211,-13.3508,0.830826
-278.0541,2.5020,-11.9854,0.831488
-277.8180,2.4838,-10.6144,0.832152
-277.5841,2.4661,-9.2562,0.832813
-277.3492,2.4489,-7.8912,0.833485
-277.1133,2.4318,-6.5202,0.834151
-276.8799,2.4142,-5.1641,0.834798
-276.6490,2.3972,-3.8227,0.835468
-276.4170,2.3812,-2.4757,0.836116
-276.1837,2.3657,-1.1222,0.836770
-275.9515,2.3500,0.2251,0.837424
-275.7186,2.3341,1.5759,0.838094
-275.4879,2.3181,2.9148,0.838737
-275.2555,2.3009,4.2620,0.839391
-275.0236,2.2835,5.6045,0.840046
-274.7933,2.2664,6.9377,0.840693
-274.5618,2.2483,8.2797,0.841343
-274.3320,2.2296,9.6120,0.841999
-274.1013,2.2101,10.9491,0.842649
-273.8711,2.1908,12.2828,0.843292
-273.6423,2.1716,13.6088,0.843941
-273.4123,2.1532,14.9416,0.844594
-273.1831,2.1352,16.2707,0.845245
-272.9544,2.1179,17.5962,0.845887
-272.7261,2.1012,18.9198,0.846539
-272.4990,2.0853,20.2354,0.847182
-272.2704,2.0695,21.5588,0.847824
-272.0429,2.0546,22.8748,0.848455
-271.8160,2.0405,24.1879,0.849099
-271.5886,2.0270,25.5034,0.849752
-271.3621,2.0132,26.8132,0.850378
-271.1342,1.9988,28.1309,0.851030
-270.9082,1.9849,29.4365,0.851671
-270.6820,1.9715,30.7423,0.852303
-270.4547,1.9593,32.0521,0.852944
-270.2293,1.9490,33.3501,0.853578
-270.0023,1.9400,34.6567,0.854210
-269.7759,1.9321,35.9578,0.854849
-269.5500,1.9251,37.2542,0.855484
-269.3239,1.9179,38.5512,0.856126
-269.0979,1.9109,39.8445,0.856739
-268.8715,1.9046,41.1396,0.857380
-268.6462,1.8989,42.4262,0.858008
-268.4200,1.8951,43.7162,0.858638
-268.1942,1.8921,45.0047,0.859267
-267.9698,1.8905,46.2813,0.859893
-267.7425,1.8895,47.5732,0.860519
-267.5173,1.8891,48.8523,0.861148
-267.2917,1.8895,50.1318,0.861777
-267.0663,1.8905,51.4088,0.862395
-266.8416,1.8914,52.6824,0.863026
-266.6166,1.8927,53.9567,0.863648
-266.3918,1.8947,55.2296,0.864262
-266.1683,1.8972,56.4943,0.864881
-265.9434,1.8991,57.7654,0.865499
-265.7188,1.9011,59.0346,0.866118
-265.4961,1.9031,60.2925,0.866725
-265.2724,1.9060,61.5562,0.867350
-265.0480,1.9088,62.8232,0.867964
-264.8250,1.9115,64.0807,0.868578
-264.6030,1.9139,65.3329,0.869198
-264.3794,1.9162,66.5931,0.869814
-264.1576,1.9183,67.8437,0.870415
-263.9362,1.9205,69.0914,0.871028
-263.7129,1.9233,70.3498,0.871648
-263.4919,1.9269,71.5957,0.872254
-263.2711,1.9306,72.8386,0.872864
-263.0508,1.9343,74.0795,0.873474
-262.8303,1.9374,75.3213,0.874076
-262.6108,1.9403,76.5574,0.874677
-262.3912,1.9441,77.7937,0.875282
-262.1723,1.9490,79.0259,0.875885
-261.9536,1.9547,80.2545,0.876492
-261.7352,1.9605,81.4805,0.877102
-261.5160,1.9672,82.7103,0.877700
-261.2987,1.9742,83.9290,0.878298
-261.0807,1.9812,85.1521,0.878897
-260.8650,1.9872,86.3626,0.879499
-260.6491,1.9925,87.5728,0.880099
-260.4331,1.9981,88.7828,0.880689
-260.2186,2.0041,89.9830,0.881282
-260.0046,2.0099,91.1772,0.881875
-259.7907,2.0154,92.3696,0.882455
-259.5774,2.0205,93.5561,0.883044
-259.3661,2.0251,94.7287,0.883622
-259.1542,2.0298,95.9020,0.884203
-258.9443,2.0354,97.0617,0.884780
-258.7350,2.0411,98.2110,0.885348
-258.5261,2.0473,99.3468,0.885918
-258.3179,2.0533,100.4668,0.886465
-258.1092,2.0591,101.5778,0.887028
-257.9013,2.0651,102.6715,0.887573
-257.6936,2.0715,103.7519,0.888110
-257.4863,2.0778,104.8179,0.888657
-257.2776,2.0842,105.8794,0.889185
-257.0702,2.0905,106.9207,0.889701
-256.8617,2.0974,107.9517,0.890225
-256.6528,2.1048,108.9726,0.890723
-256.4448,2.1128,109.9754,0.891238
-256.2359,2.1208,110.9701,0.891748
-256.0278,2.1287,111.9487,0.892250
-255.8192,2.1361,112.9179,0.892739
-255.6107,2.1435,113.8736,0.893228
-255.4021,2.1512,114.8182,0.893715
-255.1934,2.1599,115.7499,0.894205
-254.9853,2.1692,116.6648,0.894679
-254.7763,2.1782,117.5709,0.895152
-254.5702,2.1872,118.4524,0.895619
-254.3654,2.1962,119.3154,0.896074
-254.1611,2.2052,120.1651,0.896514
-253.9582,2.2137,120.9990,0.896960
-253.7601,2.2217,121.8032,0.897390
-253.5625,2.2293,122.5967,0.897815
-253.3663,2.2365,123.3751,0.898232
-253.1712,2.2436,124.1322,0.898656
-252.9761,2.2506,124.8749,0.899052
-252.7822,2.2576,125.5986,0.899458
-252.5896,2.2645,126.3030,0.899865
-252.3958,2.2712,126.9960,0.900232
-252.2044,2.2776,127.6664,0.900628
-252.0129,2.2835,128.3197,0.901001
-251.8186,2.2890,128.9609,0.901362
-251.6256,2.2943,129.5814,0.901716
-251.4317,2.2992,130.1849,0.902069
-251.2383,2.3039,130.7686,0.902402
-251.0435,2.3084,131.3388,0.902724
-250.8501,2.3126,131.8900,0.903035
-250.6580,2.3163,132.4234,0.903352
-250.4646,2.3198,132.9426,0.903671
-250.2740,2.3232,133.4441,0.903977
-250.0852,2.3264,133.9291,0.904280
-249.8979,2.3295,134.3995,0.904580
-249.7136,2.3326,134.8531,0.904869
-249.5317,2.3357,135.2906,0.905125
-249.3473,2.3386,135.7155,0.905387
-249.1590,2.3415,136.1380,0.905641
-248.9675,2.3445,136.5569,0.905900
-248.7741,2.3473,136.9705,0.906160
-248.5615,2.3558,137.3739,0.906422
-248.3439,2.3633,137.7708,0.906680
-248.0959,2.3847,138.1537,0.906928
-247.8703,2.4004,138.5345,0.907195
-247.6296,2.4136,138.9105,0.907470
-247.4043,2.4205,139.2896,0.907729
-247.1558,2.4216,139.6585,0.908006
-246.9148,2.4178,140.0267,0.908281
-246.6568,2.4107,140.3866,0.908547
-246.3962,2.4036,140.7457,0.908798
-246.1350,2.3966,141.0967,0.909064
-245.8688,2.3894,141.4413,0.909329
-245.5961,2.3819,141.7768,0.909592
-245.3173,2.3741,142.1021,0.909845
-245.0338,2.3660,142.4180,0.910113
-244.7445,2.3571,142.7230,0.910362
-244.4522,2.3487,143.0229,0.910616
-244.1582,2.3402,143.3112,0.910877
-243.8591,2.3316,143.5911,0.911123
-243.5544,2.3231,143.8621,0.911368
-243.2350,2.2711,144.1126,0.911615
-242.9308,2.2618,144.3579,0.911844
-242.6180,2.2530,144.5987,0.912093
-242.3035,2.2455,144.8235,0.912333
-241.9865,2.2390,145.0388,0.912561
-241.6644,2.2333,145.2426,0.912803
-241.3420,2.2278,145.4351,0.913029
-241.0123,2.2234,145.6195,0.913265
-240.6840,2.2200,145.8018,0.913488
-240.3579,2.2173,145.9862,0.913727
-240.0333,2.2150,146.1718,0.913951
-239.7151,2.2433,146.3636,0.914172
-239.3891,2.2407,146.5392,0.914408
-239.0615,2.2387,146.7089,0.914630
-238.7283,2.2366,146.8732,0.914855
-238.3953,2.2337,147.0223,0.915078
-238.0561,2.2312,147.1629,0.915305
-237.7140,2.2292,147.2973,0.915536
-237.3724,2.2276,147.4227,0.915760
-237.0262,2.2260,147.5390,0.915980
-236.6792,2.2248,147.6430,0.916206
-236.3279,2.2235,147.7448,0.916426
-235.9758,2.2224,147.8385,0.916645
-235.6220,2.2212,147.9240,0.916871
-235.2650,2.2200,148.0025,0.917095
-234.9094,2.2190,148.0734,0.917314
-234.5499,2.2180,148.1217,0.917536
-234.1885,2.2122,148.1735,0.917761
-233.8259,2.2060,148.2216,0.917982
-233.4586,2.2001,148.2415,0.918213
-233.0742,2.1880,148.2734,0.918442
-232.7110,2.1761,148.2913,0.918673
-232.3365,2.1642,148.3008,0.918895
-231.9606,2.1523,148.2883,0.919121
-231.5818,2.1373,148.2767,0.919351
-231.2022,2.1226,148.2546,0.919584
-230.8155,2.1059,148.2401,0.919817
-230.4349,2.0968,148.1971,0.920040
-230.0510,2.0877,148.1441,0.920277
-229.6614,2.0765,148.0941,0.920515
-229.2739,2.0705,148.0252,0.920762
-228.8838,2.0647,147.9490,0.920996
-228.4910,2.0590,147.8658,0.921240
-228.0962,2.0536,147.7740,0.921478
-227.7029,2.0491,147.6697,0.921720
-227.3069,2.0443,147.5564,0.921970
-226.9138,2.0397,147.4293,0.922208
-226.5239,2.0355,147.2908,0.922441
-226.1302,2.0319,147.1418,0.922696
-225.7389,2.0286,146.9833,0.922931
-225.3483,2.0237,146.8145,0.923181
-224.9581,2.0199,146.6342,0.923440
-224.5705,2.0161,146.4394,0.923694
-224.1782,2.0118,146.2405,0.923951
-223.7809,2.0074,146.0397,0.924206
-223.3772,2.0025,145.8354,0.924472
-222.9725,1.9974,145.6261,0.924735
-222.5681,1.9920,145.4092,0.925008
-222.1608,1.9862,145.1821,0.925290
-221.7516,1.9799,144.9483,0.925562
-221.3377,1.9731,144.7085,0.925840
-220.9249,1.9658,144.4630,0.926122
-220.5091,1.9584,144.2115,0.926406
-220.0928,1.9500,143.9496,0.926691
-219.6790,1.9415,143.6748,0.926962
-219.2701,1.9328,143.3898,0.927260
-218.8611,1.9239,143.0925,0.927552
-218.4497,1.9155,142.7816,0.927852
-218.0442,1.9132,142.4630,0.928151
-217.6428,1.9116,142.1297,0.928460
-217.2369,1.9102,141.7908,0.928791
-216.8278,1.9088,141.4445,0.929125
-216.4176,1.9076,141.0897,0.929442
-216.0092,1.9064,140.7266,0.929777
-215.5982,1.9048,140.3543,0.930126
-215.1825,1.9027,139.9752,0.930487
-214.7633,1.9005,139.5887,0.930823
-214.3483,1.8979,139.1986,0.931168
-213.9290,1.8951,138.7994,0.931514
-213.5070,1.8916,138.3916,0.931861
-213.0867,1.8880,137.9771,0.932205
-212.6667,1.8843,137.5543,0.932526
-212.2462,1.8801,137.1226,0.932870
-211.8270,1.8756,136.6841,0.933200
-211.4035,1.8708,136.2369,0.933538
-210.9762,1.8652,135.7851,0.933873
-210.5451,1.8592,135.3277,0.934220
-210.1091,1.8531,134.8655,0.934569
-209.6690,1.8471,134.3962,0.934911
-209.2292,1.8413,133.9241,0.935262
-208.7855,1.8355,133.4447,0.935640
-208.3386,1.8295,132.9587,0.936012
-207.8916,1.8235,132.4698,0.936396
-207.4400,1.8167,131.9724,0.936780
-206.9888,1.8099,131.4721,0.937186
-206.5332,1.8026,130.9640,0.937596
-206.0761,1.7952,130.4511,0.938007
-205.6165,1.7882,129.9317,0.938419
-205.1550,1.7816,129.4065,0.938820
-204.6894,1.7751,128.8743,0.939217
-204.2210,1.7690,128.3389,0.939601
-203.7497,1.7629,127.8011,0.939990
-203.2702,1.7564,127.2547,0.940369
-202.7872,1.7496,126.7050,0.940746
-202.3011,1.7415,126.1530,0.941113
-201.8084,1.7332,125.5956,0.941484
-201.3089,1.7244,125.0323,0.941846
-200.8071,1.7156,124.4684,0.942211
-200.2998,1.7063,123.8993,0.942584
-199.7870,1.6967,123.3259,0.942950
-199.2726,1.6872,122.7519,0.943318
-198.7514,1.6778,122.1707,0.943693
-198.2264,1.6685,121.5858,0.944077
-197.6959,1.6589,120.9954,0.944457
-197.1647,1.6493,120.4047,0.944845
-196.6268,1.6396,119.8075,0.945235
-196.0828,1.6296,119.2042,0.945640
-195.5394,1.6196,118.6025,0.946039
-194.9872,1.6088,117.9920,0.946441
-194.4327,1.5975,117.3797,0.946850
-193.8752,1.5857,116.7649,0.947269
-193.3095,1.5733,116.1420,0.947677
-192.7419,1.5603,115.5176,0.948106
-192.1720,1.5468,114.8912,0.948521
-191.5949,1.5327,114.2577,0.948947
-191.0149,1.5185,113.6220,0.949372
-190.4297,1.5047,112.9820,0.949799
-189.8387,1.4910,112.3367,0.950222
-189.2442,1.4777,111.6887,0.950650
-188.6487,1.4645,111.0404,0.951085
-188.0448,1.4511,110.3841,0.951516
-187.4393,1.4376,109.7267,0.951947
-186.8304,1.4238,109.0659,0.952377
-186.2211,1.4097,108.4046,0.952816
-185.6077,1.3953,107.7388,0.953253
-185.0007,1.3804,107.0801,0.953678
-184.3914,1.3646,106.4197,0.954113
-183.7816,1.3484,105.7589,0.954552
-183.1765,1.3317,105.1034,0.954986
-182.5696,1.3146,104.4469,0.955407
-181.9647,1.2972,103.7931,0.955833
-181.3626,1.2795,103.1429,0.956265
-180.7612,1.2620,102.4940,0.956691
-180.1568,1.2447,101.8420,0.957120
-179.5584,1.2273,101.1963,0.957539
-178.9608,1.2101,100.5512,0.957957
-178.3643,1.1927,99.9079,0.958371
-177.7694,1.1750,99.2657,0.958783
-177.1749,1.1564,98.6243,0.959200
-176.5831,1.1378,97.9853,0.959612
-175.9904,1.1196,97.3455,0.960027
-175.4003,1.1016,96.7081,0.960435
-174.8093,1.0840,96.0702,0.960840
-174.2225,1.0665,95.4371,0.961248
-173.6376,1.0490,94.8062,0.961655
-173.0489,1.0321,94.1723,0.962063
-172.4664,1.0160,93.5453,0.962480
-171.8829,1.0007,92.9177,0.962880
-171.2990,0.9853,92.2896,0.963288
-170.7196,0.9696,91.6667,0.963701
-170.1404,0.9531,91.0438,0.964106
-169.5610,0.9363,90.4206,0.964505
-168.9844,0.9196,89.8012,0.964914
-168.4084,0.9031,89.1833,0.965313
-167.8294,0.8866,88.5626,0.965717
-167.2576,0.8708,87.9509,0.966104
-166.6835,0.8552,87.3367,0.966516
-166.1065,0.8402,86.7204,0.966915
-165.5388,0.8256,86.1144,0.967314
-164.9674,0.8111,85.5051,0.967703
-164.3964,0.7972,84.8966,0.968107
-163.8273,0.7837,84.2905,0.968513
-163.2601,0.7710,83.6871,0.968904
-162.6937,0.7589,83.0852,0.969301
-162.1264,0.7466,82.4834,0.969697
-161.5616,0.7341,81.8854,0.970091
-160.9982,0.7214,81.2898,0.970490
-160.4321,0.7085,80.6920,0.970887
-159.8690,0.6958,80.0982,0.971275
-159.3086,0.6832,79.5077,0.971668
-158.7449,0.6703,78.9151,0.972066
-158.1837,0.6571,78.3268,0.972456
-157.6040,0.6437,77.7219,0.972856
-157.0631,0.6316,77.1591,0.973229
-156.5003,0.6192,76.5760,0.973623
-155.9398,0.6078,75.9972,0.974005
-155.3794,0.5969,75.4203,0.974393
-154.8185,0.5862,74.8450,0.974779
-154.2583,0.5759,74.2727,0.975161
-153.6974,0.5658,73.7012,0.975550
-153.1398,0.5559,73.1346,0.975930
-152.5807,0.5461,72.5669,0.976312
-152.0248,0.5369,72.0024,0.976688
-151.4667,0.5276,71.4359,0.977078
-150.9141,0.5191,70.8757,0.977450
-150.3621,0.5106,70.3166,0.977829
-149.8084,0.5025,69.7563,0.978213
-149.2589,0.4950,69.2002,0.978583
-148.7070,0.4882,68.6414,0.978963
-148.1573,0.4815,68.0847,0.979335
-147.6125,0.4752,67.5328,0.979711
-147.0666,0.4687,66.9795,0.980085
-146.5221,0.4623,66.4282,0.980455
-145.9799,0.4557,65.8793,0.980823
-145.4364,0.4490,65.3291,0.981196
-144.8947,0.4421,64.7808,0.981564
-144.3568,0.4353,64.2362,0.981931
-143.8169,0.4281,63.6896,0.982307
-143.2789,0.4205,63.1449,0.982675
-142.7439,0.4129,62.6027,0.983041
-142.2100,0.4052,62.0607,0.983407
-141.6781,0.3977,61.5196,0.983767
-141.1465,0.3901,60.9783,0.984136
-140.6168,0.3827,60.4389,0.984500
-140.0893,0.3764,59.9017,0.984859
-139.5602,0.3701,59.3635,0.985222
-139.0329,0.3641,58.8274,0.985587
-138.5062,0.3585,58.2917,0.985944
-137.9843,0.3525,57.7610,0.986306
-137.4590,0.3465,57.2268,0.986663
-136.9360,0.3405,56.6950,0.987017
-136.4177,0.3350,56.1682,0.987376
-135.8959,0.3299,55.6380,0.987728
-135.3758,0.3255,55.1095,0.988084
-134.8595,0.3214,54.5855,0.988433
-134.3412,0.3172,54.0597,0.988792
-133.8242,0.3131,53.5352,0.989145
-133.3121,0.3085,53.0158,0.989500
-132.7972,0.3031,52.4934,0.989851
-132.2855,0.2974,51.9745,0.990201
-131.7743,0.2919,51.4556,0.990550
-131.2624,0.2861,50.9362,0.990898
-130.7551,0.2803,50.4215,0.991251
-130.2466,0.2745,49.9054,0.991599
-129.7394,0.2689,49.3911,0.991943
-129.2328,0.2634,48.8780,0.992293
-128.7282,0.2584,48.3677,0.992639
-128.2225,0.2536,47.8567,0.992983
-127.7180,0.2492,47.3474,0.993320
-127.2165,0.2450,46.8414,0.993668
-126.7142,0.2407,46.3340,0.994011
-126.2140,0.2364,45.8288,0.994358
-125.7149,0.2318,45.3243,0.994700
-125.2172,0.2273,44.8211,0.995046
-124.7201,0.2228,44.3185,0.995384
-124.2246,0.2185,43.8176,0.995728
-123.7316,0.2146,43.3191,0.996071
-123.2359,0.2107,42.8183,0.996410
-122.7446,0.2071,42.3220,0.996750
-122.2514,0.2037,41.8240,0.997088
-121.7607,0.2007,41.3287,0.997427
-121.2715,0.1978,40.8353,0.997765
-120.7805,0.1951,40.3407,0.998101
-120.2930,0.1927,39.8491,0.998432
-119.8085,0.1912,39.3600,0.998765
-119.3230,0.1899,38.8691,0.999100
-118.8400,0.1888,38.3787,0.999432
-118.3609,0.1882,37.8902,0.999765
