Log file open, 09/25/26 18:10:53
LogConfig: Display: Loading Android ini files took 0.04 seconds
LogConfig: Display: Loading IOS ini files took 0.04 seconds
LogConfig: Display: Loading Mac ini files took 0.04 seconds
LogConfig: Display: Loading HoloLens ini files took 0.04 seconds
LogConfig: Display: Loading Unix ini files took 0.06 seconds
LogConfig: Display: Loading TVOS ini files took 0.06 seconds
LogConfig: Display: Loading Linux ini files took 0.07 seconds
LogConfig: Display: Loading LinuxArm64 ini files took 0.07 seconds
LogConfig: Display: Loading VulkanPC ini files took 0.03 seconds
LogConfig: Display: Loading Windows ini files took 0.04 seconds
LogPluginManager: Mounting Engine plugin Bridge
LogPluginManager: Mounting Engine plugin FastBuildController
LogPluginManager: Mounting Engine plugin EnhancedInput
LogPluginManager: Mounting Engine plugin MeshPainting
LogPluginManager: Mounting Engine plugin TraceUtilities
LogPluginManager: Mounting Engine plugin XGEController
LogPluginManager: Mounting Engine plugin IKRig
LogPluginManager: Mounting Engine plugin ControlRigSpline
LogPluginManager: Mounting Engine plugin AnimationModifierLibrary
LogPluginManager: Mounting Engine plugin BlendSpaceMotionAnalysis
LogPluginManager: Mounting Engine plugin ControlRig
LogPluginManager: Mounting Engine plugin Interchange
LogPluginManager: Found config from plugin[Interchange] Game
LogPluginManager: Mounting Engine plugin ActorSequence
LogPluginManager: Mounting Engine plugin InterchangeEditor
LogPluginManager: Mounting Engine plugin SequencerScripting
LogPluginManager: Mounting Engine plugin TemplateSequence
LogPluginManager: Mounting Engine plugin AISupport
LogPluginManager: Mounting Engine plugin EnvironmentQueryEditor
LogPluginManager: Mounting Engine plugin LauncherChunkInstaller
LogPluginManager: Mounting Engine plugin LevelSequenceEditor
LogPluginManager: Mounting Engine plugin BackChannel
LogPluginManager: Mounting Engine plugin ChaosCaching
LogPluginManager: Mounting Engine plugin AutomationUtils
LogPluginManager: Mounting Engine plugin ChaosCloth
LogPluginManager: Mounting Engine plugin ChaosClothEditor
LogPluginManager: Mounting Engine plugin ChaosEditor
LogPluginManager: Mounting Engine plugin ChaosNiagara
LogPluginManager: Mounting Engine plugin ChaosSolverPlugin
LogPluginManager: Mounting Engine plugin ChaosUserDataPT
LogPluginManager: Mounting Engine plugin CharacterAI
LogPluginManager: Mounting Engine plugin FullBodyIK
LogPluginManager: Mounting Engine plugin Dataflow
LogPluginManager: Mounting Engine plugin GeometryCollectionPlugin
LogPluginManager: Mounting Engine plugin Iris
LogPluginManager: Mounting Engine plugin MeshModelingToolsetExp
LogPluginManager: Mounting Engine plugin OpenImageDenoise
LogPluginManager: Mounting Engine plugin PlanarCut
LogPluginManager: Mounting Engine plugin PlatformCrypto
LogPluginManager: Mounting Engine plugin ProxyLODPlugin
LogPluginManager: Mounting Engine plugin PythonScriptPlugin
LogPluginManager: Mounting Engine plugin SkeletalReduction
LogPluginManager: Mounting Engine plugin UVEditor
LogPluginManager: Mounting Engine plugin ActorLayerUtilities
LogPluginManager: Mounting Engine plugin AndroidFileServer
LogPluginManager: Mounting Engine plugin AndroidMoviePlayer
LogPluginManager: Mounting Engine plugin AndroidDeviceProfileSelector
LogPluginManager: Mounting Engine plugin AppleImageUtils
LogPluginManager: Mounting Engine plugin AndroidPermission
LogPluginManager: Mounting Engine plugin AppleMoviePlayer
LogPluginManager: Mounting Engine plugin ArchVisCharacter
LogPluginManager: Mounting Engine plugin AudioCapture
LogPluginManager: Mounting Engine plugin AssetTags
LogPluginManager: Mounting Engine plugin AudioSynesthesia
LogPluginManager: Mounting Engine plugin AudioWidgets
LogPluginManager: Mounting Engine plugin ChunkDownloader
LogPluginManager: Mounting Engine plugin CableComponent
LogPluginManager: Mounting Engine plugin CustomMeshComponent
LogPluginManager: Mounting Engine plugin ExampleDeviceProfileSelector
LogPluginManager: Mounting Engine plugin GeometryCache
LogPluginManager: Mounting Engine plugin GeometryProcessing
LogPluginManager: Mounting Engine plugin GoogleCloudMessaging
LogPluginManager: Mounting Engine plugin GooglePAD
LogPluginManager: Mounting Engine plugin InputDebugging
LogPluginManager: Mounting Engine plugin IOSDeviceProfileSelector
LogPluginManager: Mounting Engine plugin LinuxDeviceProfileSelector
LogPluginManager: Mounting Engine plugin LocationServicesBPLibrary
LogPluginManager: Mounting Engine plugin MeshModelingToolset
LogPluginManager: Mounting Engine plugin Metasound
LogPluginManager: Mounting Engine plugin MobilePatchingUtils
LogPluginManager: Mounting Engine plugin PropertyAccessEditor
LogPluginManager: Mounting Engine plugin ProceduralMeshComponent
LogPluginManager: Mounting Engine plugin SoundFields
LogPluginManager: Mounting Engine plugin SignificanceManager
LogPluginManager: Mounting Engine plugin ResonanceAudio
LogPluginManager: Mounting Engine plugin Synthesis
LogPluginManager: Mounting Engine plugin WaveTable
LogPluginManager: Mounting Engine plugin WebMMoviePlayer
LogPluginManager: Mounting Engine plugin WindowsDeviceProfileSelector
LogPluginManager: Mounting Engine plugin WindowsMoviePlayer
LogPluginManager: Mounting Engine plugin OodleNetwork
LogPluginManager: Mounting Engine plugin DatasmithContent
LogPluginManager: Mounting Engine plugin GLTFExporter
LogPluginManager: Mounting Engine plugin VariantManager
LogPluginManager: Mounting Engine plugin VariantManagerContent
LogPluginManager: Mounting Engine plugin TcpMessaging
LogPluginManager: Mounting Engine plugin UdpMessaging
LogPluginManager: Mounting Engine plugin OnlineBase
LogPluginManager: Mounting Engine plugin OnlineServices
LogPluginManager: Mounting Engine plugin OnlineSubsystem
LogPluginManager: Mounting Engine plugin OnlineSubsystemNull
LogPluginManager: Mounting Engine plugin OnlineSubsystemUtils
LogPluginManager: Mounting Engine plugin Takes
LogPluginManager: Mounting Engine plugin Niagara
LogPluginManager: Mounting Engine plugin AndroidMedia
LogPluginManager: Mounting Engine plugin AvfMedia
LogPluginManager: Mounting Engine plugin MediaCompositing
LogPluginManager: Mounting Engine plugin ImgMedia
LogPluginManager: Mounting Engine plugin MediaPlate
LogPluginManager: Mounting Engine plugin MediaPlayerEditor
LogPluginManager: Mounting Engine plugin WebMMedia
LogPluginManager: Mounting Engine plugin WmfMedia
LogPluginManager: Mounting Engine plugin AlembicImporter
LogPluginManager: Mounting Engine plugin CameraShakePreviewer
LogPluginManager: Mounting Engine plugin GameplayCameras
LogPluginManager: Mounting Engine plugin AnimationSharing
LogPluginManager: Mounting Engine plugin CLionSourceCodeAccess
LogPluginManager: Mounting Engine plugin GitSourceControl
LogPluginManager: Mounting Engine plugin DumpGPUServices
LogPluginManager: Mounting Engine plugin CodeLiteSourceCodeAccess
LogPluginManager: Mounting Engine plugin NullSourceCodeAccess
LogPluginManager: Mounting Engine plugin PerforceSourceControl
LogPluginManager: Mounting Engine plugin PluginUtils
LogPluginManager: Mounting Engine plugin RiderSourceCodeAccess
LogPluginManager: Mounting Engine plugin PropertyAccessNode
LogPluginManager: Mounting Engine plugin KDevelopSourceCodeAccess
LogPluginManager: Mounting Engine plugin SubversionSourceControl
LogPluginManager: Mounting Engine plugin PixWinPlugin
LogPluginManager: Mounting Engine plugin TextureFormatOodle
LogPluginManager: Mounting Engine plugin PlasticSourceControl
LogPluginManager: Mounting Engine plugin UObjectPlugin
LogPluginManager: Mounting Engine plugin TraceDataFilters
LogPluginManager: Mounting Engine plugin VisualStudioCodeSourceCodeAccess
LogPluginManager: Mounting Engine plugin XCodeSourceCodeAccess
LogPluginManager: Mounting Engine plugin AssetManagerEditor
LogPluginManager: Mounting Engine plugin VisualStudioSourceCodeAccess
LogPluginManager: Mounting Engine plugin BlueprintHeaderView
LogPluginManager: Mounting Engine plugin CryptoKeys
LogPluginManager: Mounting Engine plugin CurveEditorTools
LogPluginManager: Mounting Engine plugin DataValidation
LogPluginManager: Mounting Engine plugin EditorDebugTools
LogPluginManager: Mounting Engine plugin EditorScriptingUtilities
LogPluginManager: Mounting Engine plugin FacialAnimation
LogPluginManager: Mounting Engine plugin GameplayTagsEditor
LogPluginManager: Mounting Engine plugin GeometryMode
LogPluginManager: Mounting Engine plugin GLTFImporter
LogPluginManager: Mounting Engine plugin MacGraphicsSwitching
LogPluginManager: Mounting Engine plugin MaterialAnalyzer
LogPluginManager: Mounting Engine plugin MobileLauncherProfileWizard
LogPluginManager: Mounting Engine plugin PluginBrowser
LogPluginManager: Mounting Engine plugin SequencerAnimTools
LogPluginManager: Mounting Engine plugin SpeedTreeImporter
LogPluginManager: Mounting Engine plugin WorldPartitionHLODUtilities
LogPluginManager: Mounting Engine plugin Paper2D
LogPluginManager: Mounting Engine plugin InterchangeTests
LogPluginManager: Mounting Engine plugin OnlineSubsystemIOS
LogPluginManager: Mounting Engine plugin ContentBrowserAssetDataSource
LogPluginManager: Mounting Engine plugin ContentBrowserFileDataSource
LogPluginManager: Mounting Engine plugin ContentBrowserClassDataSource
LogPluginManager: Mounting Engine plugin OnlineSubsystemGooglePlay
LogPluginManager: Mounting Engine plugin LightMixer
LogPluginManager: Mounting Engine plugin ObjectMixer
LogPackageName: Display: FPackageName: Mount point added: '../../Plugins/Bridge/Content/' mounted to '/Bridge/'
LogPackageName: Display: FPackageName: Mount point added: '../../Plugins/Animation/IKRig/Content/' mounted to '/IKRig/'
LogPackageName: Display: FPackageName: Mount point added: '../../Plugins/Animation/ControlRigSpline/Content/' mounted to '/ControlRigSpline/'
LogPackageName: Display: FPackageName: Mount point added: '../../Plugins/Animation/ControlRig/Content/' mounted to '/ControlRig/'
LogPackageName: Display: FPackageName: Mount point added: '../../Plugins/Interchange/Runtime/Content/' mounted to '/Interchange/'
LogPackageName: Display: FPackageName: Mount point added: '../../Plugins/MovieScene/SequencerScripting/Content/' mounted to '/SequencerScripting/'
LogPackageName: Display: FPackageName: Mount point added: '../../Plugins/Experimental/ChaosCaching/Content/' mounted to '/ChaosCaching/'
LogPackageName: Display: FPackageName: Mount point added: '../../Plugins/Experimental/ChaosClothEditor/Content/' mounted to '/ChaosClothEditor/'
LogPackageName: Display: FPackageName: Mount point added: '../../Plugins/Experimental/ChaosNiagara/Content/' mounted to '/ChaosNiagara/'
LogPackageName: Display: FPackageName: Mount point added: '../../Plugins/Experimental/ChaosSolverPlugin/Content/' mounted to '/ChaosSolverPlugin/'
LogPackageName: Display: FPackageName: Mount point added: '../../Plugins/Experimental/FullBodyIK/Content/' mounted to '/FullBodyIK/'
LogPackageName: Display: FPackageName: Mount point added: '../../Plugins/Experimental/Dataflow/Content/' mounted to '/Dataflow/'
LogPackageName: Display: FPackageName: Mount point added: '../../Plugins/Experimental/GeometryCollectionPlugin/Content/' mounted to '/GeometryCollectionPlugin/'
LogPackageName: Display: FPackageName: Mount point added: '../../Plugins/Experimental/MeshModelingToolsetExp/Content/' mounted to '/MeshModelingToolsetExp/'
LogPackageName: Display: FPackageName: Mount point added: '../../Plugins/Experimental/PythonScriptPlugin/Content/' mounted to '/PythonScriptPlugin/'
LogPackageName: Display: FPackageName: Mount point added: '../../Plugins/Experimental/UVEditor/Content/' mounted to '/UVEditor/'
LogPackageName: Display: FPackageName: Mount point added: '../../Plugins/Runtime/AudioSynesthesia/Content/' mounted to '/AudioSynesthesia/'
LogPackageName: Display: FPackageName: Mount point added: '../../Plugins/Runtime/AudioWidgets/Content/' mounted to '/AudioWidgets/'
LogPackageName: Display: FPackageName: Mount point added: '../../Plugins/Runtime/GeometryProcessing/Content/' mounted to '/GeometryProcessing/'
LogPackageName: Display: FPackageName: Mount point added: '../../Plugins/Runtime/MeshModelingToolset/Content/' mounted to '/MeshModelingToolset/'
LogPackageName: Display: FPackageName: Mount point added: '../../Plugins/Runtime/Metasound/Content/' mounted to '/Metasound/'
LogPackageName: Display: FPackageName: Mount point added: '../../Plugins/Runtime/ResonanceAudio/Content/' mounted to '/ResonanceAudio/'
LogPackageName: Display: FPackageName: Mount point added: '../../Plugins/Runtime/Synthesis/Content/' mounted to '/Synthesis/'
LogPackageName: Display: FPackageName: Mount point added: '../../Plugins/Runtime/WaveTable/Content/' mounted to '/WaveTable/'
LogPackageName: Display: FPackageName: Mount point added: '../../Plugins/Enterprise/DatasmithContent/Content/' mounted to '/DatasmithContent/'
LogPackageName: Display: FPackageName: Mount point added: '../../Plugins/Enterprise/GLTFExporter/Content/' mounted to '/GLTFExporter/'
LogPackageName: Display: FPackageName: Mount point added: '../../Plugins/VirtualProduction/Takes/Content/' mounted to '/Takes/'
LogPackageName: Display: FPackageName: Mount point added: '../../Plugins/FX/Niagara/Content/' mounted to '/Niagara/'
LogPackageName: Display: FPackageName: Mount point added: '../../Plugins/Media/MediaCompositing/Content/' mounted to '/MediaCompositing/'
LogPackageName: Display: FPackageName: Mount point added: '../../Plugins/Media/MediaPlate/Content/' mounted to '/MediaPlate/'
LogPackageName: Display: FPackageName: Mount point added: '../../Plugins/Developer/AnimationSharing/Content/' mounted to '/AnimationSharing/'
LogPackageName: Display: FPackageName: Mount point added: '../../Plugins/Editor/BlueprintHeaderView/Content/' mounted to '/BlueprintHeaderView/'
LogPackageName: Display: FPackageName: Mount point added: '../../Plugins/Editor/GeometryMode/Content/' mounted to '/GeometryMode/'
LogPackageName: Display: FPackageName: Mount point added: '../../Plugins/Editor/GLTFImporter/Content/' mounted to '/GLTFImporter/'
LogPackageName: Display: FPackageName: Mount point added: '../../Plugins/Editor/SpeedTreeImporter/Content/' mounted to '/SpeedTreeImporter/'
LogPackageName: Display: FPackageName: Mount point added: '../../Plugins/2D/Paper2D/Content/' mounted to '/Paper2D/'
LogPackageName: Display: FPackageName: Mount point added: '../../Plugins/Editor/ObjectMixer/LightMixer/Content/' mounted to '/LightMixer/'
LogPackageName: Display: FPackageName: Mount point added: '../../Plugins/Editor/ObjectMixer/ObjectMixer/Content/' mounted to '/ObjectMixer/'
SourceControl: Source control is disabled
SourceControl: Source control is disabled
LogInit: Using libcurl 7.83.1
LogInit:  - built for Windows
LogInit:  - supports SSL with OpenSSL/1.1.1n
LogInit:  - supports HTTP deflate (compression) using libz 1.2.12
LogInit:  - other features:
LogInit:      CURL_VERSION_SSL
LogInit:      CURL_VERSION_LIBZ
LogInit:      CURL_VERSION_IPV6
LogInit:      CURL_VERSION_ASYNCHDNS
LogInit:      CURL_VERSION_LARGEFILE
LogInit:  CurlRequestOptions (configurable via config and command line):
LogInit:  - bVerifyPeer = true  - Libcurl will verify peer certificate
LogInit:  - bUseHttpProxy = false  - Libcurl will NOT use HTTP proxy
LogInit:  - bDontReuseConnections = false  - Libcurl will reuse connections
LogInit:  - MaxHostConnections = 16  - Libcurl will limit the number of connections to a host
LogInit:  - LocalHostAddr = Default
LogInit:  - BufferSize = 65536
LogInit: WinSock: version 1.1 (2.2), MaxSocks=32767, MaxUdp=65467
LogOnline: OSS: Created online subsystem instance for: NULL
LogOnline: OSS: TryLoadSubsystemAndSetDefault: Loaded subsystem for module [NULL]
PixWinPlugin: PIX capture plugin failed to initialize! Check that the process is launched from PIX.
LogInit: Build: ++UE5+Release-5.1-CL-23901901
LogInit: Engine Version: 5.1.1-23901901+++UE5+Release-5.1
LogInit: Compatible Engine Version: 5.1.0-23058290+++UE5+Release-5.1
LogInit: Net CL: 23058290
LogInit: OS: Windows 11 (Dev) [10.0.29671.1000] (), CPU: Intel(R) Core(TM) i5-10400F CPU @ 2.90GHz, GPU: NVIDIA GeForce RTX 4060
LogInit: Compiled (64-bit): Jan 30 2023 05:19:00
LogInit: Compiled with Visual C++: 19.29.30147.00
LogInit: Build Configuration: Development
LogInit: Branch Name: ++UE5+Release-5.1
LogInit: Command Line:  "C:\Program Files (x86)\Steam\steamapps\common\F1 Manager 2024\F1Manager24\Content\Paks\AC_TrackBridge_v0.2\tools\CookWorkspace\F1Manager24.uproject" -run=pythonscript -script="C:/Program Files (x86)/Steam/steamapps/common/F1 Manager 2024/F1Manager24/Content/Paks/AC_TrackBridge_v0.2/tools/CookWorkspace/Content/Python/repair_map_and_anchors.py" -unattended -nop4 -nosplash -nullrhi -stdout -FullStdOutLogOutput
LogInit: Base Directory: C:/Program Files/Epic Games/UE_5.1/Engine/Binaries/Win64/
LogInit: Allocator: Mimalloc
LogInit: Installed Engine Build: 1
LogDevObjectVersion: Number of dev versions registered: 35
LogDevObjectVersion:   Dev-Blueprints (B0D832E4-1F89-4F0D-ACCF-7EB736FD4AA2): 10
LogDevObjectVersion:   Dev-Build (E1C64328-A22C-4D53-A36C-8E866417BD8C): 0
LogDevObjectVersion:   Dev-Core (375EC13C-06E4-48FB-B500-84F0262A717E): 4
LogDevObjectVersion:   Dev-Editor (E4B068ED-F494-42E9-A231-DA0B2E46BB41): 40
LogDevObjectVersion:   Dev-Framework (CFFC743F-43B0-4480-9391-14DF171D2073): 37
LogDevObjectVersion:   Dev-Mobile (B02B49B5-BB20-44E9-A304-32B752E40360): 3
LogDevObjectVersion:   Dev-Networking (A4E4105C-59A1-49B5-A7C5-40C4547EDFEE): 0
LogDevObjectVersion:   Dev-Online (39C831C9-5AE6-47DC-9A44-9C173E1C8E7C): 0
LogDevObjectVersion:   Dev-Physics (78F01B33-EBEA-4F98-B9B4-84EACCB95AA2): 20
LogDevObjectVersion:   Dev-Platform (6631380F-2D4D-43E0-8009-CF276956A95A): 0
LogDevObjectVersion:   Dev-Rendering (12F88B9F-8875-4AFC-A67C-D90C383ABD29): 45
LogDevObjectVersion:   Dev-Sequencer (7B5AE74C-D270-4C10-A958-57980B212A5A): 13
LogDevObjectVersion:   Dev-VR (D7296918-1DD6-4BDD-9DE2-64A83CC13884): 3
LogDevObjectVersion:   Dev-LoadTimes (C2A15278-BFE7-4AFE-6C17-90FF531DF755): 1
LogDevObjectVersion:   Private-Geometry (6EACA3D4-40EC-4CC1-B786-8BED09428FC5): 3
LogDevObjectVersion:   Dev-AnimPhys (29E575DD-E0A3-4627-9D10-D276232CDCEA): 17
LogDevObjectVersion:   Dev-Anim (AF43A65D-7FD3-4947-9873-3E8ED9C1BB05): 15
LogDevObjectVersion:   Dev-ReflectionCapture (6B266CEC-1EC7-4B8F-A30B-E4D90942FC07): 1
LogDevObjectVersion:   Dev-Automation (0DF73D61-A23F-47EA-B727-89E90C41499A): 1
LogDevObjectVersion:   FortniteMain (601D1886-AC64-4F84-AA16-D3DE0DEAC7D6): 80
LogDevObjectVersion:   FortniteNC (5B4C06B7-2463-4AF8-805B-BF70CDF5D0DD): 10
LogDevObjectVersion:   FortniteRelease (E7086368-6B23-4C58-8439-1B7016265E91): 4
LogDevObjectVersion:   Dev-Enterprise (9DFFBCD6-494F-0158-E221-12823C92A888): 10
LogDevObjectVersion:   Dev-Niagara (F2AED0AC-9AFE-416F-8664-AA7FFA26D6FC): 1
LogDevObjectVersion:   Dev-Destruction (174F1F0B-B4C6-45A5-B13F-2EE8D0FB917D): 10
LogDevObjectVersion:   Dev-Physics-Ext (35F94A83-E258-406C-A318-09F59610247C): 41
LogDevObjectVersion:   Dev-PhysicsMaterial-Chaos (B68FC16E-8B1B-42E2-B453-215C058844FE): 1
LogDevObjectVersion:   Dev-CineCamera (B2E18506-4273-CFC2-A54E-F4BB758BBA07): 1
LogDevObjectVersion:   Dev-VirtualProduction (64F58936-FD1B-42BA-BA96-7289D5D0FA4E): 1
LogDevObjectVersion:   UE5-Main (697DD581-E64F-41AB-AA4A-51ECBEB7B628): 88
LogDevObjectVersion:   UE5-Release (D89B5E42-24BD-4D46-8412-ACA8DF641779): 41
LogDevObjectVersion:   UE5-PrivateFrosty (59DA5D52-1232-4948-B878-597870B8E98B): 8
LogDevObjectVersion:   UE5-Dev-Cooker (26075A32-730F-4708-88E9-8C32F1599D05): 0
LogDevObjectVersion:   Dev-MediaFramework (6F0ED827-A609-4895-9C91-998D90180EA4): 2
LogDevObjectVersion:   UE5-Dev-LWCRendering (30D58BE3-95EA-4282-A6E3-B159D8EBB06A): 1
LogInit: Presizing for max 25165824 objects, including 0 objects not considered by GC, pre-allocating 0 bytes for permanent pool.
LogInit: Object subsystem initialized
LogConfig: Set CVar [[con.DebugEarlyDefault:1]]
LogConfig: CVar [[con.DebugLateDefault:1]] deferred - dummy variable created
LogConfig: CVar [[con.DebugLateCheat:1]] deferred - dummy variable created
LogConfig: CVar [[LogNamedEventFilters:Frame *]] deferred - dummy variable created
LogConfig: Set CVar [[r.setres:1280x720]]
LogConfig: CVar [[framepro.ScopeMinTimeMicroseconds:10]] deferred - dummy variable created
LogConfig: CVar [[fx.NiagaraAllowRuntimeScalabilityChanges:1]] deferred - dummy variable created
LogConfig: CVar [[QualityLevelMapping:high]] deferred - dummy variable created
LogConfig: Set CVar [[r.Occlusion.SingleRHIThreadStall:1]]
LogConfig: Set CVar [[r.Shadow.DetectVertexShaderLayerAtRuntime:1]]
[2026.09.25-16.10.53:759][  0]LogConfig: CVar [[con.DebugLateDefault:1]] deferred - dummy variable created
[2026.09.25-16.10.53:759][  0]LogConfig: CVar [[con.DebugLateCheat:1]] deferred - dummy variable created
[2026.09.25-16.10.53:759][  0]LogConfig: CVar [[LogNamedEventFilters:Frame *]] deferred - dummy variable created
[2026.09.25-16.10.53:759][  0]LogConfig: CVar [[framepro.ScopeMinTimeMicroseconds:10]] deferred - dummy variable created
[2026.09.25-16.10.53:759][  0]LogConfig: CVar [[fx.NiagaraAllowRuntimeScalabilityChanges:1]] deferred - dummy variable created
[2026.09.25-16.10.53:759][  0]LogConfig: CVar [[QualityLevelMapping:high]] deferred - dummy variable created
[2026.09.25-16.10.53:759][  0]LogConfig: Applying CVar settings from Section [/Script/Engine.RendererSettings] File [Engine]
[2026.09.25-16.10.53:759][  0]LogConfig: CVar [[VisualizeCalibrationColorMaterialPath:/Engine/EngineMaterials/PPM_DefaultCalibrationColor.PPM_DefaultCalibrationColor]] deferred - dummy variable created
[2026.09.25-16.10.53:759][  0]LogConfig: CVar [[VisualizeCalibrationGrayscaleMaterialPath:/Engine/EngineMaterials/PPM_DefaultCalibrationGrayscale.PPM_DefaultCalibrationGrayscale]] deferred - dummy variable created
[2026.09.25-16.10.53:759][  0]LogConfig: Set CVar [[r.GPUCrashDebugging:0]]
[2026.09.25-16.10.53:759][  0]LogConfig: CVar [[MaxSkinBones:(Default=65536,PerPlatform=(("Mobile", 256)))]] deferred - dummy variable created
[2026.09.25-16.10.53:759][  0]LogConfig: Applying CVar settings from Section [/Script/Engine.RendererOverrideSettings] File [Engine]
[2026.09.25-16.10.53:759][  0]LogConfig: Applying CVar settings from Section [/Script/Engine.StreamingSettings] File [Engine]
[2026.09.25-16.10.53:759][  0]LogConfig: Set CVar [[s.MinBulkDataSizeForAsyncLoading:131072]]
[2026.09.25-16.10.53:759][  0]LogConfig: Set CVar [[s.AsyncLoadingThreadEnabled:1]]
[2026.09.25-16.10.53:759][  0]LogConfig: Set CVar [[s.EventDrivenLoaderEnabled:1]]
[2026.09.25-16.10.53:759][  0]LogConfig: Set CVar [[s.WarnIfTimeLimitExceeded:0]]
[2026.09.25-16.10.53:759][  0]LogConfig: Set CVar [[s.TimeLimitExceededMultiplier:1.5]]
[2026.09.25-16.10.53:759][  0]LogConfig: Set CVar [[s.TimeLimitExceededMinTime:0.005]]
[2026.09.25-16.10.53:759][  0]LogConfig: Set CVar [[s.UseBackgroundLevelStreaming:1]]
[2026.09.25-16.10.53:759][  0]LogConfig: Set CVar [[s.PriorityAsyncLoadingExtraTime:15.0]]
[2026.09.25-16.10.53:759][  0]LogConfig: Set CVar [[s.LevelStreamingActorsUpdateTimeLimit:5.0]]
[2026.09.25-16.10.53:759][  0]LogConfig: Set CVar [[s.PriorityLevelStreamingActorsUpdateExtraTime:5.0]]
[2026.09.25-16.10.53:759][  0]LogConfig: Set CVar [[s.LevelStreamingComponentsRegistrationGranularity:10]]
[2026.09.25-16.10.53:759][  0]LogConfig: Set CVar [[s.UnregisterComponentsTimeLimit:1.0]]
[2026.09.25-16.10.53:759][  0]LogConfig: Set CVar [[s.LevelStreamingComponentsUnregistrationGranularity:5]]
[2026.09.25-16.10.53:759][  0]LogConfig: CVar [[s.MaxPackageSummarySize:16384]] deferred - dummy variable created
[2026.09.25-16.10.53:759][  0]LogConfig: Set CVar [[s.FlushStreamingOnExit:1]]
[2026.09.25-16.10.53:759][  0]LogConfig: CVar [[FixedBootOrder:/Script/Engine/Default__SoundBase]] deferred - dummy variable created
[2026.09.25-16.10.53:759][  0]LogConfig: CVar [[FixedBootOrder:/Script/Engine/Default__MaterialInterface]] deferred - dummy variable created
[2026.09.25-16.10.53:759][  0]LogConfig: CVar [[FixedBootOrder:/Script/Engine/Default__DeviceProfileManager]] deferred - dummy variable created
[2026.09.25-16.10.53:759][  0]LogConfig: Applying CVar settings from Section [/Script/Engine.GarbageCollectionSettings] File [Engine]
[2026.09.25-16.10.53:759][  0]LogConfig: Set CVar [[gc.MaxObjectsNotConsideredByGC:1]]
[2026.09.25-16.10.53:759][  0]LogConfig: Set CVar [[gc.SizeOfPermanentObjectPool:0]]
[2026.09.25-16.10.53:759][  0]LogConfig: Set CVar [[gc.FlushStreamingOnGC:0]]
[2026.09.25-16.10.53:759][  0]LogConfig: Set CVar [[gc.NumRetriesBeforeForcingGC:10]]
[2026.09.25-16.10.53:759][  0]LogConfig: Set CVar [[gc.AllowParallelGC:1]]
[2026.09.25-16.10.53:759][  0]LogConfig: Set CVar [[gc.TimeBetweenPurgingPendingKillObjects:61.1]]
[2026.09.25-16.10.53:761][  0]LogConfig: Set CVar [[gc.MaxObjectsInEditor:25165824]]
[2026.09.25-16.10.53:761][  0]LogConfig: Set CVar [[gc.IncrementalBeginDestroyEnabled:1]]
[2026.09.25-16.10.53:761][  0]LogConfig: Set CVar [[gc.CreateGCClusters:1]]
[2026.09.25-16.10.53:761][  0]LogConfig: Set CVar [[gc.MinGCClusterSize:5]]
[2026.09.25-16.10.53:761][  0]LogConfig: Set CVar [[gc.AssetClustreringEnabled:0]]
[2026.09.25-16.10.53:761][  0]LogConfig: Set CVar [[gc.ActorClusteringEnabled:0]]
[2026.09.25-16.10.53:761][  0]LogConfig: Set CVar [[gc.BlueprintClusteringEnabled:0]]
[2026.09.25-16.10.53:761][  0]LogConfig: Set CVar [[gc.UseDisregardForGCOnDedicatedServers:0]]
[2026.09.25-16.10.53:761][  0]LogConfig: Set CVar [[gc.MultithreadedDestructionEnabled:1]]
[2026.09.25-16.10.53:761][  0]LogConfig: Set CVar [[gc.VerifyGCObjectNames:1]]
[2026.09.25-16.10.53:761][  0]LogConfig: Set CVar [[gc.VerifyUObjectsAreNotFGCObjects:0]]
[2026.09.25-16.10.53:761][  0]LogConfig: Set CVar [[gc.PendingKillEnabled:1]]
[2026.09.25-16.10.53:761][  0]LogConfig: Applying CVar settings from Section [/Script/Engine.NetworkSettings] File [Engine]
[2026.09.25-16.10.53:761][  0]LogConfig: CVar [[NetworkEmulationProfiles:(ProfileName="Average",ToolTip="Simulates average internet conditions")]] deferred - dummy variable created
[2026.09.25-16.10.53:761][  0]LogConfig: CVar [[NetworkEmulationProfiles:(ProfileName="Bad",ToolTip="Simulates laggy internet conditions")]] deferred - dummy variable created
[2026.09.25-16.10.53:761][  0]LogConfig: Applying CVar settings from Section [/Script/UnrealEd.CookerSettings] File [Engine]
[2026.09.25-16.10.53:761][  0]LogConfig: CVar [[DefaultPVRTCQuality:1]] deferred - dummy variable created
[2026.09.25-16.10.53:761][  0]LogConfig: CVar [[DefaultASTCQualityBySpeed:1]] deferred - dummy variable created
[2026.09.25-16.10.53:761][  0]LogConfig: CVar [[DefaultASTCQualityBySize:3]] deferred - dummy variable created
[2026.09.25-16.10.53:761][  0]LogConfig: CVar [[ClassesExcludedOnDedicatedServer:WidgetBlueprint]] deferred - dummy variable created
[2026.09.25-16.10.53:761][  0]LogConfig: CVar [[ClassesExcludedOnDedicatedServer:GroupActor]] deferred - dummy variable created
[2026.09.25-16.10.53:761][  0]LogConfig: CVar [[ClassesExcludedOnDedicatedServer:MetaData]] deferred - dummy variable created
[2026.09.25-16.10.53:761][  0]LogConfig: CVar [[ClassesExcludedOnDedicatedServer:ObjectRedirector]] deferred - dummy variable created
[2026.09.25-16.10.53:761][  0]LogConfig: CVar [[ClassesExcludedOnDedicatedServer:NavMeshRenderingComponent]] deferred - dummy variable created
[2026.09.25-16.10.53:761][  0]LogConfig: CVar [[ClassesExcludedOnDedicatedServer:ReflectionCaptureComponent]] deferred - dummy variable created
[2026.09.25-16.10.53:761][  0]LogConfig: CVar [[ClassesExcludedOnDedicatedServer:TextRenderComponent]] deferred - dummy variable created
[2026.09.25-16.10.53:761][  0]LogConfig: CVar [[ClassesExcludedOnDedicatedServer:Font]] deferred - dummy variable created
[2026.09.25-16.10.53:761][  0]LogConfig: CVar [[ClassesExcludedOnDedicatedServer:InterpCurveEdSetup]] deferred - dummy variable created
[2026.09.25-16.10.53:761][  0]LogConfig: CVar [[ClassesExcludedOnDedicatedServer:MaterialExpression]] deferred - dummy variable created
[2026.09.25-16.10.53:761][  0]LogConfig: CVar [[ClassesExcludedOnDedicatedServer:NiagaraEmitter]] deferred - dummy variable created
[2026.09.25-16.10.53:761][  0]LogConfig: CVar [[ClassesExcludedOnDedicatedServer:NiagaraScript]] deferred - dummy variable created
[2026.09.25-16.10.53:761][  0]LogConfig: CVar [[ClassesExcludedOnDedicatedServer:ParticleEmitter]] deferred - dummy variable created
[2026.09.25-16.10.53:761][  0]LogConfig: CVar [[ClassesExcludedOnDedicatedServer:ParticleLODLevel]] deferred - dummy variable created
[2026.09.25-16.10.53:761][  0]LogConfig: CVar [[ClassesExcludedOnDedicatedServer:ParticleModule]] deferred - dummy variable created
[2026.09.25-16.10.53:761][  0]LogConfig: CVar [[ClassesExcludedOnDedicatedServer:SubUVAnimation]] deferred - dummy variable created
[2026.09.25-16.10.53:761][  0]LogConfig: CVar [[ClassesExcludedOnDedicatedServer:SoundNode]] deferred - dummy variable created
[2026.09.25-16.10.53:761][  0]LogConfig: CVar [[ClassesExcludedOnDedicatedServer:GameplayEffectUIData]] deferred - dummy variable created
[2026.09.25-16.10.53:761][  0]LogConfig: CVar [[ClassesExcludedOnDedicatedClient:WidgetBlueprint]] deferred - dummy variable created
[2026.09.25-16.10.53:761][  0]LogConfig: CVar [[ClassesExcludedOnDedicatedClient:GroupActor]] deferred - dummy variable created
[2026.09.25-16.10.53:761][  0]LogConfig: CVar [[ClassesExcludedOnDedicatedClient:MetaData]] deferred - dummy variable created
[2026.09.25-16.10.53:761][  0]LogConfig: CVar [[ClassesExcludedOnDedicatedClient:ObjectRedirector]] deferred - dummy variable created
[2026.09.25-16.10.53:761][  0]LogConfig: CVar [[ClassesExcludedOnDedicatedClient:InterpCurveEdSetup]] deferred - dummy variable created
[2026.09.25-16.10.53:761][  0]LogConfig: CVar [[VersionedIntRValues:r.AllowStaticLighting]] deferred - dummy variable created
[2026.09.25-16.10.53:761][  0]LogConfig: CVar [[VersionedIntRValues:r.GBuffer]] deferred - dummy variable created
[2026.09.25-16.10.53:761][  0]LogConfig: CVar [[VersionedIntRValues:r.VelocityOutputPass]] deferred - dummy variable created
[2026.09.25-16.10.53:761][  0]LogConfig: CVar [[VersionedIntRValues:r.SelectiveBasePassOutputs]] deferred - dummy variable created
[2026.09.25-16.10.53:761][  0]LogConfig: CVar [[VersionedIntRValues:r.DBuffer]] deferred - dummy variable created
[2026.09.25-16.10.53:761][  0]LogConfig: CVar [[VersionedIntRValues:r.Shaders.Symbols]] deferred - dummy variable created
[2026.09.25-16.10.53:761][  0]LogConfig: CVar [[VersionedIntRValues:r.Shaders.GenerateSymbols]] deferred - dummy variable created
[2026.09.25-16.10.53:761][  0]LogConfig: CVar [[VersionedIntRValues:r.Shaders.WriteSymbols]] deferred - dummy variable created
[2026.09.25-16.10.53:761][  0]LogConfig: CVar [[VersionedIntRValues:r.Shaders.AllowUniqueSymbols]] deferred - dummy variable created
[2026.09.25-16.10.53:761][  0]LogConfig: CVar [[VersionedIntRValues:r.Shaders.ExtraData]] deferred - dummy variable created
[2026.09.25-16.10.53:761][  0]LogConfig: CVar [[VersionedIntRValues:r.Shaders.Optimize]] deferred - dummy variable created
[2026.09.25-16.10.53:761][  0]LogConfig: CVar [[VersionedIntRValues:r.CompileShadersForDevelopment]] deferred - dummy variable created
[2026.09.25-16.10.53:761][  0]LogConfig: CVar [[VersionedIntRValues:r.MobileHDR]] deferred - dummy variable created
[2026.09.25-16.10.53:761][  0]LogConfig: CVar [[VersionedIntRValues:r.UsePreExposure]] deferred - dummy variable created
[2026.09.25-16.10.53:761][  0]LogConfig: Applying CVar settings from Section [ViewDistanceQuality@3] File [Scalability]
[2026.09.25-16.10.53:761][  0]LogConfig: Set CVar [[r.SkeletalMeshLODBias:0]]
[2026.09.25-16.10.53:761][  0]LogConfig: Set CVar [[r.ViewDistanceScale:1.0]]
[2026.09.25-16.10.53:761][  0]LogConfig: Applying CVar settings from Section [AntiAliasingQuality@3] File [Scalability]
[2026.09.25-16.10.53:761][  0]LogConfig: Set CVar [[r.FXAA.Quality:4]]
[2026.09.25-16.10.53:761][  0]LogConfig: Set CVar [[r.TemporalAA.Quality:2]]
[2026.09.25-16.10.53:761][  0]LogConfig: Set CVar [[r.TSR.History.R11G11B10:1]]
[2026.09.25-16.10.53:761][  0]LogConfig: Set CVar [[r.TSR.History.ScreenPercentage:100]]
[2026.09.25-16.10.53:761][  0]LogConfig: Set CVar [[r.TSR.History.UpdateQuality:3]]
[2026.09.25-16.10.53:761][  0]LogConfig: Set CVar [[r.TSR.History.GrandReprojection:1]]
[2026.09.25-16.10.53:761][  0]LogConfig: Set CVar [[r.TSR.ShadingRejection.Flickering:1]]
[2026.09.25-16.10.53:761][  0]LogConfig: Set CVar [[r.TSR.Velocity.Extrapolation:1]]
[2026.09.25-16.10.53:761][  0]LogConfig: CVar [[r.TSR.Velocity.HoleFill:1]] deferred - dummy variable created
[2026.09.25-16.10.53:761][  0]LogConfig: Set CVar [[r.TSR.RejectionAntiAliasingQuality:2]]
[2026.09.25-16.10.53:761][  0]LogConfig: Applying CVar settings from Section [ShadowQuality@3] File [Scalability]
[2026.09.25-16.10.53:761][  0]LogConfig: Set CVar [[r.LightFunctionQuality:1]]
[2026.09.25-16.10.53:761][  0]LogConfig: Set CVar [[r.ShadowQuality:5]]
[2026.09.25-16.10.53:761][  0]LogConfig: Set CVar [[r.Shadow.CSM.MaxCascades:10]]
[2026.09.25-16.10.53:761][  0]LogConfig: Set CVar [[r.Shadow.MaxResolution:2048]]
[2026.09.25-16.10.53:761][  0]LogConfig: Set CVar [[r.Shadow.MaxCSMResolution:2048]]
[2026.09.25-16.10.53:761][  0]LogConfig: Set CVar [[r.Shadow.RadiusThreshold:0.01]]
[2026.09.25-16.10.53:761][  0]LogConfig: Set CVar [[r.Shadow.DistanceScale:1.0]]
[2026.09.25-16.10.53:761][  0]LogConfig: Set CVar [[r.Shadow.CSM.TransitionScale:1.0]]
[2026.09.25-16.10.53:761][  0]LogConfig: Set CVar [[r.Shadow.PreShadowResolutionFactor:1.0]]
[2026.09.25-16.10.53:761][  0]LogConfig: Set CVar [[r.DistanceFieldShadowing:1]]
[2026.09.25-16.10.53:761][  0]LogConfig: Set CVar [[r.DistanceFieldAO:1]]
[2026.09.25-16.10.53:761][  0]LogConfig: Set CVar [[r.AOQuality:2]]
[2026.09.25-16.10.53:761][  0]LogConfig: Set CVar [[r.VolumetricFog:1]]
[2026.09.25-16.10.53:761][  0]LogConfig: Set CVar [[r.VolumetricFog.GridPixelSize:8]]
[2026.09.25-16.10.53:761][  0]LogConfig: Set CVar [[r.VolumetricFog.GridSizeZ:128]]
[2026.09.25-16.10.53:761][  0]LogConfig: Set CVar [[r.VolumetricFog.HistoryMissSupersampleCount:4]]
[2026.09.25-16.10.53:761][  0]LogConfig: Set CVar [[r.LightMaxDrawDistanceScale:1]]
[2026.09.25-16.10.53:761][  0]LogConfig: Set CVar [[r.CapsuleShadows:1]]
[2026.09.25-16.10.53:761][  0]LogConfig: Set CVar [[r.Shadow.Virtual.MaxPhysicalPages:4096]]
[2026.09.25-16.10.53:761][  0]LogConfig: Set CVar [[r.Shadow.Virtual.ResolutionLodBiasDirectional:-1.5]]
[2026.09.25-16.10.53:761][  0]LogConfig: Set CVar [[r.Shadow.Virtual.ResolutionLodBiasLocal:0.0]]
[2026.09.25-16.10.53:761][  0]LogConfig: Set CVar [[r.Shadow.Virtual.SMRT.RayCountDirectional:8]]
[2026.09.25-16.10.53:761][  0]LogConfig: Set CVar [[r.Shadow.Virtual.SMRT.SamplesPerRayDirectional:4]]
[2026.09.25-16.10.53:761][  0]LogConfig: Set CVar [[r.Shadow.Virtual.SMRT.RayCountLocal:8]]
[2026.09.25-16.10.53:761][  0]LogConfig: Set CVar [[r.Shadow.Virtual.SMRT.SamplesPerRayLocal:4]]
[2026.09.25-16.10.53:761][  0]LogConfig: Applying CVar settings from Section [GlobalIlluminationQuality@3] File [Scalability]
[2026.09.25-16.10.53:761][  0]LogConfig: Set CVar [[r.Lumen.DiffuseIndirect.Allow:1]]
[2026.09.25-16.10.53:761][  0]LogConfig: Set CVar [[r.LumenScene.Radiosity.ProbeSpacing:4]]
[2026.09.25-16.10.53:762][  0]LogConfig: Set CVar [[r.LumenScene.Radiosity.HemisphereProbeResolution:4]]
[2026.09.25-16.10.53:762][  0]LogConfig: Set CVar [[r.Lumen.TraceMeshSDFs.Allow:1]]
[2026.09.25-16.10.53:762][  0]LogConfig: Set CVar [[r.Lumen.ScreenProbeGather.RadianceCache.ProbeResolution:32]]
[2026.09.25-16.10.53:762][  0]LogConfig: Set CVar [[r.Lumen.ScreenProbeGather.RadianceCache.NumProbesToTraceBudget:300]]
[2026.09.25-16.10.53:762][  0]LogConfig: Set CVar [[r.Lumen.ScreenProbeGather.ScreenSpaceBentNormal:1]]
[2026.09.25-16.10.53:762][  0]LogConfig: Set CVar [[r.Lumen.ScreenProbeGather.DownsampleFactor:16]]
[2026.09.25-16.10.53:762][  0]LogConfig: Set CVar [[r.Lumen.ScreenProbeGather.TracingOctahedronResolution:8]]
[2026.09.25-16.10.53:762][  0]LogConfig: Set CVar [[r.Lumen.ScreenProbeGather.IrradianceFormat:0]]
[2026.09.25-16.10.53:762][  0]LogConfig: Set CVar [[r.Lumen.ScreenProbeGather.StochasticInterpolation:0]]
[2026.09.25-16.10.53:762][  0]LogConfig: Set CVar [[r.Lumen.ScreenProbeGather.FullResolutionJitterWidth:1]]
[2026.09.25-16.10.53:762][  0]LogConfig: Set CVar [[r.Lumen.ScreenProbeGather.TwoSidedFoliageBackfaceDiffuse:1]]
[2026.09.25-16.10.53:762][  0]LogConfig: Set CVar [[r.Lumen.TranslucencyVolume.GridPixelSize:32]]
[2026.09.25-16.10.53:762][  0]LogConfig: Set CVar [[r.Lumen.TranslucencyVolume.TraceFromVolume:1]]
[2026.09.25-16.10.53:762][  0]LogConfig: Set CVar [[r.Lumen.TranslucencyVolume.TracingOctahedronResolution:3]]
[2026.09.25-16.10.53:762][  0]LogConfig: Set CVar [[r.Lumen.TranslucencyVolume.RadianceCache.ProbeResolution:8]]
[2026.09.25-16.10.53:762][  0]LogConfig: Set CVar [[r.Lumen.TranslucencyVolume.RadianceCache.NumProbesToTraceBudget:200]]
[2026.09.25-16.10.53:762][  0]LogConfig: Set CVar [[r.LumenScene.SurfaceCache.CardCaptureRefreshFraction:0.125]]
[2026.09.25-16.10.53:762][  0]LogConfig: Applying CVar settings from Section [ReflectionQuality@3] File [Scalability]
[2026.09.25-16.10.53:762][  0]LogConfig: Set CVar [[r.Lumen.Reflections.Allow:1]]
[2026.09.25-16.10.53:762][  0]LogConfig: Set CVar [[r.Lumen.Reflections.DownsampleFactor:1]]
[2026.09.25-16.10.53:762][  0]LogConfig: Set CVar [[r.Lumen.TranslucencyReflections.FrontLayer.Allow:1]]
[2026.09.25-16.10.53:762][  0]LogConfig: Set CVar [[r.Lumen.TranslucencyReflections.FrontLayer.Enable:0]]
[2026.09.25-16.10.53:762][  0]LogConfig: Applying CVar settings from Section [PostProcessQuality@3] File [Scalability]
[2026.09.25-16.10.53:762][  0]LogConfig: Set CVar [[r.MotionBlurQuality:4]]
[2026.09.25-16.10.53:762][  0]LogConfig: Set CVar [[r.MotionBlur.HalfResGather:0]]
[2026.09.25-16.10.53:762][  0]LogConfig: Set CVar [[r.AmbientOcclusionMipLevelFactor:0.4]]
[2026.09.25-16.10.53:762][  0]LogConfig: Set CVar [[r.AmbientOcclusionMaxQuality:100]]
[2026.09.25-16.10.53:762][  0]LogConfig: Set CVar [[r.AmbientOcclusionLevels:-1]]
[2026.09.25-16.10.53:762][  0]LogConfig: Set CVar [[r.AmbientOcclusionRadiusScale:1.0]]
[2026.09.25-16.10.53:762][  0]LogConfig: Set CVar [[r.DepthOfFieldQuality:2]]
[2026.09.25-16.10.53:762][  0]LogConfig: Set CVar [[r.RenderTargetPoolMin:400]]
[2026.09.25-16.10.53:762][  0]LogConfig: Set CVar [[r.LensFlareQuality:2]]
[2026.09.25-16.10.53:762][  0]LogConfig: Set CVar [[r.SceneColorFringeQuality:1]]
[2026.09.25-16.10.53:762][  0]LogConfig: Set CVar [[r.EyeAdaptationQuality:2]]
[2026.09.25-16.10.53:762][  0]LogConfig: Set CVar [[r.BloomQuality:5]]
[2026.09.25-16.10.53:762][  0]LogConfig: Set CVar [[r.Bloom.ScreenPercentage:70.711]]
[2026.09.25-16.10.53:762][  0]LogConfig: Set CVar [[r.FastBlurThreshold:100]]
[2026.09.25-16.10.53:762][  0]LogConfig: Set CVar [[r.Upscale.Quality:3]]
[2026.09.25-16.10.53:762][  0]LogConfig: Set CVar [[r.Tonemapper.GrainQuantization:1]]
[2026.09.25-16.10.53:762][  0]LogConfig: Set CVar [[r.LightShaftQuality:1]]
[2026.09.25-16.10.53:762][  0]LogConfig: Set CVar [[r.Filter.SizeScale:1]]
[2026.09.25-16.10.53:762][  0]LogConfig: Set CVar [[r.Tonemapper.Quality:5]]
[2026.09.25-16.10.53:762][  0]LogConfig: Set CVar [[r.DOF.Gather.AccumulatorQuality:1        ; higher gathering accumulator quality]]
[2026.09.25-16.10.53:762][  0]LogConfig: Set CVar [[r.DOF.Gather.PostfilterMethod:1          ; Median3x3 postfilering method]]
[2026.09.25-16.10.53:762][  0]LogConfig: Set CVar [[r.DOF.Gather.EnableBokehSettings:0       ; no bokeh simulation when gathering]]
[2026.09.25-16.10.53:762][  0]LogConfig: Set CVar [[r.DOF.Gather.RingCount:4                 ; medium number of samples when gathering]]
[2026.09.25-16.10.53:762][  0]LogConfig: Set CVar [[r.DOF.Scatter.ForegroundCompositing:1    ; additive foreground scattering]]
[2026.09.25-16.10.53:762][  0]LogConfig: Set CVar [[r.DOF.Scatter.BackgroundCompositing:2    ; additive background scattering]]
[2026.09.25-16.10.53:762][  0]LogConfig: Set CVar [[r.DOF.Scatter.EnableBokehSettings:1      ; bokeh simulation when scattering]]
[2026.09.25-16.10.53:762][  0]LogConfig: Set CVar [[r.DOF.Scatter.MaxSpriteRatio:0.1         ; only a maximum of 10% of scattered bokeh]]
[2026.09.25-16.10.53:762][  0]LogConfig: Set CVar [[r.DOF.Recombine.Quality:1                ; cheap slight out of focus]]
[2026.09.25-16.10.53:762][  0]LogConfig: Set CVar [[r.DOF.Recombine.EnableBokehSettings:0    ; no bokeh simulation on slight out of focus]]
[2026.09.25-16.10.53:762][  0]LogConfig: Set CVar [[r.DOF.TemporalAAQuality:1                ; more stable temporal accumulation]]
[2026.09.25-16.10.53:762][  0]LogConfig: Set CVar [[r.DOF.Kernel.MaxForegroundRadius:0.025]]
[2026.09.25-16.10.53:762][  0]LogConfig: Set CVar [[r.DOF.Kernel.MaxBackgroundRadius:0.025]]
[2026.09.25-16.10.53:762][  0]LogConfig: Applying CVar settings from Section [TextureQuality@3] File [Scalability]
[2026.09.25-16.10.53:762][  0]LogConfig: Set CVar [[r.Streaming.MipBias:0]]
[2026.09.25-16.10.53:762][  0]LogConfig: Set CVar [[r.Streaming.AmortizeCPUToGPUCopy:0]]
[2026.09.25-16.10.53:762][  0]LogConfig: Set CVar [[r.Streaming.MaxNumTexturesToStreamPerFrame:0]]
[2026.09.25-16.10.53:762][  0]LogConfig: Set CVar [[r.Streaming.Boost:1]]
[2026.09.25-16.10.53:762][  0]LogConfig: Set CVar [[r.MaxAnisotropy:8]]
[2026.09.25-16.10.53:762][  0]LogConfig: Set CVar [[r.VT.MaxAnisotropy:8]]
[2026.09.25-16.10.53:762][  0]LogConfig: Set CVar [[r.Streaming.LimitPoolSizeToVRAM:0]]
[2026.09.25-16.10.53:762][  0]LogConfig: Set CVar [[r.Streaming.PoolSize:1000]]
[2026.09.25-16.10.53:762][  0]LogConfig: Set CVar [[r.Streaming.MaxEffectiveScreenSize:0]]
[2026.09.25-16.10.53:762][  0]LogConfig: Applying CVar settings from Section [EffectsQuality@3] File [Scalability]
[2026.09.25-16.10.53:762][  0]LogConfig: Set CVar [[r.TranslucencyLightingVolumeDim:64]]
[2026.09.25-16.10.53:762][  0]LogConfig: Set CVar [[r.RefractionQuality:2]]
[2026.09.25-16.10.53:762][  0]LogConfig: Set CVar [[r.SSR.Quality:3]]
[2026.09.25-16.10.53:762][  0]LogConfig: Set CVar [[r.SSR.HalfResSceneColor:0]]
[2026.09.25-16.10.53:762][  0]LogConfig: Set CVar [[r.SceneColorFormat:4]]
[2026.09.25-16.10.53:762][  0]LogConfig: Set CVar [[r.DetailMode:2]]
[2026.09.25-16.10.53:762][  0]LogConfig: Set CVar [[r.TranslucencyVolumeBlur:1]]
[2026.09.25-16.10.53:762][  0]LogConfig: Set CVar [[r.MaterialQualityLevel:1 ; High quality]]
[2026.09.25-16.10.53:762][  0]LogConfig: Set CVar [[r.SSS.Scale:1]]
[2026.09.25-16.10.53:762][  0]LogConfig: Set CVar [[r.SSS.SampleSet:2]]
[2026.09.25-16.10.53:762][  0]LogConfig: Set CVar [[r.SSS.Quality:1]]
[2026.09.25-16.10.53:762][  0]LogConfig: Set CVar [[r.SSS.HalfRes:0]]
[2026.09.25-16.10.53:762][  0]LogConfig: Set CVar [[r.SSGI.Quality:3]]
[2026.09.25-16.10.53:762][  0]LogConfig: Set CVar [[r.EmitterSpawnRateScale:1.0]]
[2026.09.25-16.10.53:762][  0]LogConfig: Set CVar [[r.ParticleLightQuality:2]]
[2026.09.25-16.10.53:762][  0]LogConfig: Set CVar [[r.SkyAtmosphere.AerialPerspectiveLUT.FastApplyOnOpaque:1 ; Always have FastSkyLUT 1 in this case to avoid wrong sky]]
[2026.09.25-16.10.53:762][  0]LogConfig: Set CVar [[r.SkyAtmosphere.AerialPerspectiveLUT.SampleCountMaxPerSlice:4]]
[2026.09.25-16.10.53:762][  0]LogConfig: Set CVar [[r.SkyAtmosphere.AerialPerspectiveLUT.DepthResolution:16.0]]
[2026.09.25-16.10.53:762][  0]LogConfig: Set CVar [[r.SkyAtmosphere.FastSkyLUT:1]]
[2026.09.25-16.10.53:762][  0]LogConfig: Set CVar [[r.SkyAtmosphere.FastSkyLUT.SampleCountMin:4.0]]
[2026.09.25-16.10.53:762][  0]LogConfig: Set CVar [[r.SkyAtmosphere.FastSkyLUT.SampleCountMax:128.0]]
[2026.09.25-16.10.53:762][  0]LogConfig: Set CVar [[r.SkyAtmosphere.SampleCountMin:4.0]]
[2026.09.25-16.10.53:762][  0]LogConfig: Set CVar [[r.SkyAtmosphere.SampleCountMax:128.0]]
[2026.09.25-16.10.53:762][  0]LogConfig: Set CVar [[r.SkyAtmosphere.TransmittanceLUT.UseSmallFormat:0]]
[2026.09.25-16.10.53:762][  0]LogConfig: Set CVar [[r.SkyAtmosphere.TransmittanceLUT.SampleCount:10.0]]
[2026.09.25-16.10.53:762][  0]LogConfig: Set CVar [[r.SkyAtmosphere.MultiScatteringLUT.SampleCount:15.0]]
[2026.09.25-16.10.53:762][  0]LogConfig: Set CVar [[r.SkyLight.RealTimeReflectionCapture:1]]
[2026.09.25-16.10.53:762][  0]LogConfig: CVar [[fx.Niagara.QualityLevel:3]] deferred - dummy variable created
[2026.09.25-16.10.53:762][  0]LogConfig: Applying CVar settings from Section [FoliageQuality@3] File [Scalability]
[2026.09.25-16.10.53:762][  0]LogConfig: Set CVar [[foliage.DensityScale:1.0]]
[2026.09.25-16.10.53:762][  0]LogConfig: Set CVar [[grass.DensityScale:1.0]]
[2026.09.25-16.10.53:762][  0]LogConfig: Applying CVar settings from Section [ShadingQuality@3] File [Scalability]
[2026.09.25-16.10.53:762][  0]LogConfig: Set CVar [[r.HairStrands.SkyLighting.IntegrationType:2]]
[2026.09.25-16.10.53:762][  0]LogConfig: Set CVar [[r.HairStrands.SkyAO.SampleCount:4]]
[2026.09.25-16.10.53:762][  0]LogConfig: Set CVar [[r.HairStrands.Visibility.MSAA.SamplePerPixel:4]]
[2026.09.25-16.10.53:762][  0]LogConfig: CVar [[r.HairStrands.Interpolation.UseSingleGuide:0]] deferred - dummy variable created
[2026.09.25-16.10.53:762][  0]LogConfig: Set CVar [[r.AnisotropicMaterials:1]]
[2026.09.25-16.10.53:764][  0]LogInit: Selected Device Profile: [WindowsEditor]
[2026.09.25-16.10.53:764][  0]LogHAL: Display: Platform has ~ 32 GB [34174660608 / 34359738368 / 32], which maps to Largest [LargestMinGB=32, LargerMinGB=12, DefaultMinGB=8, SmallerMinGB=6, SmallestMinGB=0)
[2026.09.25-16.10.53:764][  0]LogDeviceProfileManager: Going up to parent DeviceProfile [Windows]
[2026.09.25-16.10.53:764][  0]LogDeviceProfileManager: Going up to parent DeviceProfile []
[2026.09.25-16.10.53:764][  0]LogConfig: Applying CVar settings from Section [Startup] File [../../../Engine/Config/ConsoleVariables.ini]
[2026.09.25-16.10.53:764][  0]LogConfig: Set CVar [[r.DumpShaderDebugInfo:2]]
[2026.09.25-16.10.53:764][  0]LogConfig: Set CVar [[p.chaos.AllowCreatePhysxBodies:1]]
[2026.09.25-16.10.53:764][  0]LogConfig: Set CVar [[fx.SkipVectorVMBackendOptimizations:1]]
[2026.09.25-16.10.53:764][  0]LogConfig: Applying CVar settings from Section [ConsoleVariables] File [Engine]
[2026.09.25-16.10.53:764][  0]LogConfig: Applying CVar settings from Section [ConsoleVariables] File [C:/Program Files (x86)/Steam/steamapps/common/F1 Manager 2024/F1Manager24/Content/Paks/AC_TrackBridge_v0.2/tools/CookWorkspace/Saved/Config/WindowsEditor/Editor.ini]
[2026.09.25-16.10.53:764][  0]LogInit: Computer: DESKTOP-C1CEJAN
[2026.09.25-16.10.53:764][  0]LogInit: User: BaraXenosan
[2026.09.25-16.10.53:764][  0]LogInit: CPU Page size=4096, Cores=6
[2026.09.25-16.10.53:764][  0]LogInit: High frequency timer resolution =10.000000 MHz
[2026.09.25-16.10.53:764][  0]LogMemory: Memory total: Physical=31.8GB (32GB approx)
[2026.09.25-16.10.53:764][  0]LogMemory: Platform Memory Stats for WindowsEditor
[2026.09.25-16.10.53:764][  0]LogMemory: Process Physical Memory: 263.89 MB used, 265.62 MB peak
[2026.09.25-16.10.53:764][  0]LogMemory: Process Virtual Memory: 237.05 MB used, 237.05 MB peak
[2026.09.25-16.10.53:764][  0]LogMemory: Physical Memory: 15137.96 MB used,  17453.54 MB free, 32591.50 MB total
[2026.09.25-16.10.53:764][  0]LogMemory: Virtual Memory: 22941.90 MB used,  24535.58 MB free, 47477.48 MB total
[2026.09.25-16.10.53:764][  0]LogCsvProfiler: Display: Metadata set : extradevelopmentmemorymb="0"
[2026.09.25-16.10.53:769][  0]LogWindows: WindowsPlatformFeatures enabled
[2026.09.25-16.10.53:781][  0]LogInit: Physics initialised using underlying interface: Chaos
[2026.09.25-16.10.53:781][  0]LogInit: Using OS detected language (en-US).
[2026.09.25-16.10.53:781][  0]LogInit: Using OS detected locale (ru-RU).
[2026.09.25-16.10.53:787][  0]LogTextLocalizationManager: No specific localization for 'en-US' exists, so 'en' will be used for the language.
[2026.09.25-16.10.54:169][  0]LogTextureFormatManager: Display: Loaded Base TextureFormat: TextureFormatASTC
[2026.09.25-16.10.54:169][  0]LogTextureFormatManager: Display: Loaded Base TextureFormat: TextureFormatDXT
[2026.09.25-16.10.54:169][  0]LogTextureFormatManager: Display: Loaded Base TextureFormat: TextureFormatETC2
[2026.09.25-16.10.54:169][  0]LogTextureFormatManager: Display: Loaded Base TextureFormat: TextureFormatIntelISPCTexComp
[2026.09.25-16.10.54:169][  0]LogTextureFormatManager: Display: Loaded Base TextureFormat: TextureFormatUncompressed
[2026.09.25-16.10.54:169][  0]LogTextureFormatOodle: Display: Oodle Texture TFO init; latest sdk version = 2.9.8
[2026.09.25-16.10.54:169][  0]LogTextureFormatOodle: Display: Oodle Texture loading DLL: oo2tex_win64_2.9.5.dll
[2026.09.25-16.10.54:169][  0]LogTextureFormatOodle: Display: Oodle Texture loading DLL: oo2tex_win64_2.9.6.dll
[2026.09.25-16.10.54:171][  0]LogTextureFormatOodle: Display: Oodle Texture loading DLL: oo2tex_win64_2.9.7.dll
[2026.09.25-16.10.54:171][  0]LogTextureFormatOodle: Display: Oodle Texture loading DLL: oo2tex_win64_2.9.8.dll
[2026.09.25-16.10.54:172][  0]LogTextureFormatManager: Display: Loaded Base TextureFormat: TextureFormatOodle
[2026.09.25-16.10.54:180][  0]LogTargetPlatformManager: Display: Loaded TargetPlatform 'Android'
[2026.09.25-16.10.54:180][  0]LogTargetPlatformManager: Display: Loaded TargetPlatform 'Android_ASTC'
[2026.09.25-16.10.54:180][  0]LogTargetPlatformManager: Display: Loaded TargetPlatform 'Android_DXT'
[2026.09.25-16.10.54:180][  0]LogTargetPlatformManager: Display: Loaded TargetPlatform 'Android_ETC2'
[2026.09.25-16.10.54:180][  0]LogTargetPlatformManager: Display: Loaded TargetPlatform 'AndroidClient'
[2026.09.25-16.10.54:180][  0]LogTargetPlatformManager: Display: Loaded TargetPlatform 'Android_ASTCClient'
[2026.09.25-16.10.54:180][  0]LogTargetPlatformManager: Display: Loaded TargetPlatform 'Android_DXTClient'
[2026.09.25-16.10.54:180][  0]LogTargetPlatformManager: Display: Loaded TargetPlatform 'Android_ETC2Client'
[2026.09.25-16.10.54:180][  0]LogTargetPlatformManager: Display: Loaded TargetPlatform 'Android_Multi'
[2026.09.25-16.10.54:180][  0]LogTargetPlatformManager: Display: Loaded TargetPlatform 'Android_MultiClient'
[2026.09.25-16.10.54:184][  0]LogTargetPlatformManager: Display: Loaded TargetPlatform 'HoloLens'
[2026.09.25-16.10.54:184][  0]LogTargetPlatformManager: Display: Loaded TargetPlatform 'HoloLensClient'
[2026.09.25-16.10.54:187][  0]LogTargetPlatformManager: Display: Loaded TargetPlatform 'IOS'
[2026.09.25-16.10.54:187][  0]LogTargetPlatformManager: Display: Loaded TargetPlatform 'IOSClient'
[2026.09.25-16.10.54:190][  0]LogTargetPlatformManager: Display: Loaded TargetPlatform 'Linux'
[2026.09.25-16.10.54:190][  0]LogTargetPlatformManager: Display: Loaded TargetPlatform 'LinuxEditor'
[2026.09.25-16.10.54:190][  0]LogTargetPlatformManager: Display: Loaded TargetPlatform 'LinuxServer'
[2026.09.25-16.10.54:190][  0]LogTargetPlatformManager: Display: Loaded TargetPlatform 'LinuxClient'
[2026.09.25-16.10.54:193][  0]LogTargetPlatformManager: Display: Loaded TargetPlatform 'LinuxArm64'
[2026.09.25-16.10.54:193][  0]LogTargetPlatformManager: Display: Loaded TargetPlatform 'LinuxArm64Server'
[2026.09.25-16.10.54:193][  0]LogTargetPlatformManager: Display: Loaded TargetPlatform 'LinuxArm64Client'
[2026.09.25-16.10.54:196][  0]LogTargetPlatformManager: Display: Loaded TargetPlatform 'TVOS'
[2026.09.25-16.10.54:196][  0]LogTargetPlatformManager: Display: Loaded TargetPlatform 'TVOSClient'
[2026.09.25-16.10.54:203][  0]LogTargetPlatformManager: Display: Loaded TargetPlatform 'Windows'
[2026.09.25-16.10.54:203][  0]LogTargetPlatformManager: Display: Loaded TargetPlatform 'WindowsEditor'
[2026.09.25-16.10.54:203][  0]LogTargetPlatformManager: Display: Loaded TargetPlatform 'WindowsServer'
[2026.09.25-16.10.54:203][  0]LogTargetPlatformManager: Display: Loaded TargetPlatform 'WindowsClient'
[2026.09.25-16.10.54:203][  0]LogTargetPlatformManager: Display: Building Assets For WindowsEditor
[2026.09.25-16.10.54:212][  0]LogAudioDebug: Display: Lib vorbis DLL was dynamically loaded.
[2026.09.25-16.10.54:215][  0]LogTargetPlatformManager: Unable to find audio format BINKA from hinted modules, loading all potential format modules to find it
[2026.09.25-16.10.54:215][  0]LogTargetPlatformManager: Loaded format module AudioFormatADPCM
[2026.09.25-16.10.54:215][  0]LogTargetPlatformManager:   ADPCM
[2026.09.25-16.10.54:215][  0]LogTargetPlatformManager:   PCM
[2026.09.25-16.10.54:218][  0]LogTargetPlatformManager: Loaded format module AudioFormatBink
[2026.09.25-16.10.54:218][  0]LogTargetPlatformManager:   BINKA
[2026.09.25-16.10.54:218][  0]LogTargetPlatformManager: Loaded format module AudioFormatOgg
[2026.09.25-16.10.54:218][  0]LogTargetPlatformManager:   OGG
[2026.09.25-16.10.54:218][  0]LogTargetPlatformManager: Loaded format module AudioFormatOpus
[2026.09.25-16.10.54:218][  0]LogTargetPlatformManager:   OPUS
[2026.09.25-16.10.54:258][  0]LogTargetPlatformManager: Unable to find shader format SF_METAL from hinted modules, loading all potential format modules to find it
[2026.09.25-16.10.54:264][  0]LogTargetPlatformManager: Loaded format module MetalShaderFormat
[2026.09.25-16.10.54:264][  0]LogTargetPlatformManager:   SF_METAL
[2026.09.25-16.10.54:264][  0]LogTargetPlatformManager:   SF_METAL_MRT
[2026.09.25-16.10.54:264][  0]LogTargetPlatformManager:   SF_METAL_TVOS
[2026.09.25-16.10.54:264][  0]LogTargetPlatformManager:   SF_METAL_MRT_TVOS
[2026.09.25-16.10.54:264][  0]LogTargetPlatformManager:   SF_METAL_SM5
[2026.09.25-16.10.54:264][  0]LogTargetPlatformManager:   SF_METAL_MACES3_1
[2026.09.25-16.10.54:264][  0]LogTargetPlatformManager:   SF_METAL_MRT_MAC
[2026.09.25-16.10.54:264][  0]LogTargetPlatformManager: Loaded format module ShaderFormatD3D
[2026.09.25-16.10.54:264][  0]LogTargetPlatformManager:   PCD3D_SM6
[2026.09.25-16.10.54:264][  0]LogTargetPlatformManager:   PCD3D_SM5
[2026.09.25-16.10.54:264][  0]LogTargetPlatformManager:   PCD3D_ES31
[2026.09.25-16.10.54:264][  0]LogTargetPlatformManager:   D3D_ES3_1_HOLOLENS
[2026.09.25-16.10.54:264][  0]LogTargetPlatformManager: Loaded format module ShaderFormatOpenGL
[2026.09.25-16.10.54:264][  0]LogTargetPlatformManager:   GLSL_150_ES31
[2026.09.25-16.10.54:264][  0]LogTargetPlatformManager:   GLSL_ES3_1_ANDROID
[2026.09.25-16.10.54:270][  0]LogTargetPlatformManager: Loaded format module ShaderFormatVectorVM
[2026.09.25-16.10.54:270][  0]LogTargetPlatformManager:   VVM_1_0
[2026.09.25-16.10.54:270][  0]LogTargetPlatformManager: Loaded format module VulkanShaderFormat
[2026.09.25-16.10.54:270][  0]LogTargetPlatformManager:   SF_VULKAN_SM5
[2026.09.25-16.10.54:270][  0]LogTargetPlatformManager:   SF_VULKAN_ES31_ANDROID
[2026.09.25-16.10.54:270][  0]LogTargetPlatformManager:   SF_VULKAN_ES31
[2026.09.25-16.10.54:270][  0]LogTargetPlatformManager:   SF_VULKAN_SM5_ANDROID
[2026.09.25-16.10.54:270][  0]LogRendererCore: Ray tracing is disabled. Reason: disabled through project setting (r.RayTracing=0).
[2026.09.25-16.10.54:273][  0]LogDerivedDataCache: FDerivedDataBackendGraph: Pak pak cache file ../../../../../../Program Files (x86)/Steam/steamapps/common/F1 Manager 2024/F1Manager24/Content/Paks/AC_TrackBridge_v0.2/tools/CookWorkspace/DerivedDataCache/DDC.ddp not found, will not use a pak cache.
[2026.09.25-16.10.54:273][  0]LogDerivedDataCache: Unable to find inner node Pak for hierarchy Hierarchy.
[2026.09.25-16.10.54:273][  0]LogDerivedDataCache: FDerivedDataBackendGraph: CompressedPak pak cache file ../../../../../../Program Files (x86)/Steam/steamapps/common/F1 Manager 2024/F1Manager24/Content/Paks/AC_TrackBridge_v0.2/tools/CookWorkspace/DerivedDataCache/Compressed.ddp not found, will not use a pak cache.
[2026.09.25-16.10.54:273][  0]LogDerivedDataCache: Unable to find inner node CompressedPak for hierarchy Hierarchy.
[2026.09.25-16.10.54:295][  0]LogDerivedDataCache: Display: ../../../Engine/DerivedDataCache/Compressed.ddp: Opened pak cache for reading. (1363 MiB)
[2026.09.25-16.10.54:295][  0]LogDerivedDataCache: FDerivedDataBackendGraph: EnterprisePak pak cache file ../../../Enterprise/DerivedDataCache/Compressed.ddp not found, will not use a pak cache.
[2026.09.25-16.10.54:295][  0]LogDerivedDataCache: Unable to find inner node EnterprisePak for hierarchy Hierarchy.
[2026.09.25-16.10.54:305][  0]LogDerivedDataCache: Speed tests for C:/Users/BaraXenosan/AppData/Local/UnrealEngine/Common/DerivedDataCache took 0.01 seconds
[2026.09.25-16.10.54:306][  0]LogDerivedDataCache: Display: Performance to C:/Users/BaraXenosan/AppData/Local/UnrealEngine/Common/DerivedDataCache: Latency=0.06ms. RandomReadSpeed=487.00MBs, RandomWriteSpeed=112.19MBs. Assigned SpeedClass 'Local'
[2026.09.25-16.10.54:307][  0]LogDerivedDataCache: Using Local data cache path C:/Users/BaraXenosan/AppData/Local/UnrealEngine/Common/DerivedDataCache: Writable
[2026.09.25-16.10.54:307][  0]LogDerivedDataCache: Shared data cache path not found in *engine.ini, will not use an Shared cache.
[2026.09.25-16.10.54:307][  0]LogDerivedDataCache: Unable to find inner node Shared for hierarchy Hierarchy.
[2026.09.25-16.10.54:307][  0]LogVirtualization: Display: VirtualizationSystem name found in ini file: None
[2026.09.25-16.10.54:307][  0]LogVirtualization: Display: FNullVirtualizationSystem mounted, virtualization will be disabled
[2026.09.25-16.10.54:307][  0]LogShaderCompilers: Guid format shader working directory is -90 characters bigger than the processId version (../../../../../../Program Files (x86)/Steam/steamapps/common/F1 Manager 2024/F1Manager24/Content/Paks/AC_TrackBridge_v0.2/tools/CookWorkspace/Intermediate/Shaders/WorkingDirectory/26324/).
[2026.09.25-16.10.54:308][  0]LogShaderCompilers: Cleaned the shader compiler working directory 'C:/Users/BaraXenosan/AppData/Local/Temp/UnrealShaderWorkingDir/B73A495743B33495033BFBA1D3B49A57/'.
[2026.09.25-16.10.54:315][  0]LogXGEController: Cleaning working directory: C:/Users/BaraXenosan/AppData/Local/Temp/UnrealXGEWorkingDir/
[2026.09.25-16.10.54:323][  0]LogXGEController: Display: Initialized XGE controller. XGE tasks will be spawned on this machine.
[2026.09.25-16.10.54:323][  0]LogShaderCompilers: Display: Using XGE Controller for Shader Compilation.
[2026.09.25-16.10.55:275][  0]LogShaderCompilers: Display: Compiling shader autogen file: ../../../../../../Program Files (x86)/Steam/steamapps/common/F1 Manager 2024/F1Manager24/Content/Paks/AC_TrackBridge_v0.2/tools/CookWorkspace/Intermediate/ShaderAutogen/PCD3D_SM5/AutogenShaderHeaders.ush
[2026.09.25-16.10.55:276][  0]LogShaderCompilers: Display: Autogen file is unchanged, skipping write.
[2026.09.25-16.10.55:294][  0]LogAssetRegistry: FAssetRegistry took 0.0139 seconds to start up
[2026.09.25-16.10.55:301][  0]LogEditorDomain: Display: EditorDomain is Disabled
[2026.09.25-16.10.56:033][  0]LogInit: Selected Device Profile: [WindowsEditor]
[2026.09.25-16.10.56:033][  0]LogDeviceProfileManager: Available device profiles:
[2026.09.25-16.10.56:033][  0]LogDeviceProfileManager: 	[0000098FEF6E9000][0000098FEFFE0000 52] GlobalDefaults, 
[2026.09.25-16.10.56:033][  0]LogDeviceProfileManager: 	[0000098FEF6EDE00][0000098FED23C800 52] Windows, 
[2026.09.25-16.10.56:034][  0]LogDeviceProfileManager: 	[0000098FEF6EDA00][0000098FED230000 52] WindowsEditor, 
[2026.09.25-16.10.56:034][  0]LogDeviceProfileManager: 	[0000098FEF6EB800][0000098FE3337800 52] WindowsServer, 
[2026.09.25-16.10.56:034][  0]LogDeviceProfileManager: 	[0000098FEF6EB400][0000098FEFFD0000 52] WindowsClient, 
[2026.09.25-16.10.56:034][  0]LogDeviceProfileManager: 	[0000098FEF6EAC00][0000098FEFFD5000 52] IOS, 
[2026.09.25-16.10.56:034][  0]LogDeviceProfileManager: 	[0000098FEF6E9200][0000098FEFFD7800 52] iPadAir2, 
[2026.09.25-16.10.56:034][  0]LogDeviceProfileManager: 	[0000098FEF6EE800][0000098FEFFDC800 52] IPadPro, 
[2026.09.25-16.10.56:034][  0]LogDeviceProfileManager: 	[0000098FEF6EEA00][0000098FEFFDA000 52] iPadAir3, 
[2026.09.25-16.10.56:034][  0]LogDeviceProfileManager: 	[0000098FEF6EE200][0000098FED235000 52] iPadAir4, 
[2026.09.25-16.10.56:034][  0]LogDeviceProfileManager: 	[0000098FEF6EE000][0000098FF0190000 52] iPadAir5, 
[2026.09.25-16.10.56:034][  0]LogDeviceProfileManager: 	[0000098FEF6ED000][0000098FF0195000 52] iPadMini4, 
[2026.09.25-16.10.56:034][  0]LogDeviceProfileManager: 	[0000098FEF6EA000][0000098FF0197800 52] iPadMini5, 
[2026.09.25-16.10.56:034][  0]LogDeviceProfileManager: 	[0000098FEF6EAE00][0000098FF019A000 52] iPadMini6, 
[2026.09.25-16.10.56:034][  0]LogDeviceProfileManager: 	[0000098FF0231000][0000098FF0200000 52] iPhone6S, 
[2026.09.25-16.10.56:034][  0]LogDeviceProfileManager: 	[0000098FF0231200][0000098FF0202800 52] iPhone7, 
[2026.09.25-16.10.56:034][  0]LogDeviceProfileManager: 	[0000098FF0231400][0000098FF0205000 52] iPodTouch7, 
[2026.09.25-16.10.56:034][  0]LogDeviceProfileManager: 	[0000098FF0231600][0000098FF020A000 52] iPhone6SPlus, 
[2026.09.25-16.10.56:034][  0]LogDeviceProfileManager: 	[0000098FF0232000][0000098FF020C800 52] iPhone7Plus, 
[2026.09.25-16.10.56:034][  0]LogDeviceProfileManager: 	[0000098FF0232800][0000098FEFFD2800 52] iPhoneSE, 
[2026.09.25-16.10.56:034][  0]LogDeviceProfileManager: 	[0000098FF0230C00][0000098FF019C800 52] iPhone8, 
[2026.09.25-16.10.56:034][  0]LogDeviceProfileManager: 	[0000098FF0230000][0000098FF0207800 52] iPhone8Plus, 
[2026.09.25-16.10.56:034][  0]LogDeviceProfileManager: 	[0000098FF0232200][0000098FF01A0000 52] iPhoneX, 
[2026.09.25-16.10.56:034][  0]LogDeviceProfileManager: 	[0000098FF0232C00][0000098FF01A5000 52] iPhoneXS, 
[2026.09.25-16.10.56:034][  0]LogDeviceProfileManager: 	[0000098FF0230600][0000098FF01A7800 52] iPhoneXSMax, 
[2026.09.25-16.10.56:034][  0]LogDeviceProfileManager: 	[0000098FF0231E00][0000098FF01AA000 52] iPhoneXR, 
[2026.09.25-16.10.56:034][  0]LogDeviceProfileManager: 	[0000098FF0233000][0000098FF01AC800 52] iPhone11, 
[2026.09.25-16.10.56:034][  0]LogDeviceProfileManager: 	[0000098FF0233800][0000098FF0192800 52] iPhone11Pro, 
[2026.09.25-16.10.56:034][  0]LogDeviceProfileManager: 	[0000098FF0231C00][0000098FF0210000 52] iPhone11ProMax, 
[2026.09.25-16.10.56:034][  0]LogDeviceProfileManager: 	[0000098FF0232A00][0000098FF0215000 52] iPhoneSE2, 
[2026.09.25-16.10.56:034][  0]LogDeviceProfileManager: 	[0000098FF0233200][0000098FF0217800 52] iPhone12Mini, 
[2026.09.25-16.10.56:034][  0]LogDeviceProfileManager: 	[0000098FF0233C00][0000098FF021A000 52] iPhone12, 
[2026.09.25-16.10.56:034][  0]LogDeviceProfileManager: 	[0000098FF0230400][0000098FF021C800 52] iPhone12Pro, 
[2026.09.25-16.10.56:034][  0]LogDeviceProfileManager: 	[0000098FF0232600][0000098FF01A2800 52] iPhone12ProMax, 
[2026.09.25-16.10.56:034][  0]LogDeviceProfileManager: 	[0000098FF0234000][0000098FF0220000 52] iPhone13Mini, 
[2026.09.25-16.10.56:034][  0]LogDeviceProfileManager: 	[0000098FF0234800][0000098FF0225000 52] iPhone13, 
[2026.09.25-16.10.56:034][  0]LogDeviceProfileManager: 	[0000098FF0231800][0000098FF0227800 52] iPhone13Pro, 
[2026.09.25-16.10.56:034][  0]LogDeviceProfileManager: 	[0000098FF0233A00][0000098FF022A000 52] iPhone13ProMax, 
[2026.09.25-16.10.56:034][  0]LogDeviceProfileManager: 	[0000098FF0234200][0000098FF022C800 52] iPhoneSE3, 
[2026.09.25-16.10.56:034][  0]LogDeviceProfileManager: 	[0000098FF0234C00][0000098FF0212800 52] iPhone14, 
[2026.09.25-16.10.56:034][  0]LogDeviceProfileManager: 	[0000098FF0230E00][0000098FF01C0000 52] iPhone14Plus, 
[2026.09.25-16.10.56:034][  0]LogDeviceProfileManager: 	[0000098FF0233600][0000098FF01C5000 52] iPhone14Pro, 
[2026.09.25-16.10.56:034][  0]LogDeviceProfileManager: 	[0000098FF0235000][0000098FF01C7800 52] iPhone14ProMax, 
[2026.09.25-16.10.56:034][  0]LogDeviceProfileManager: 	[0000098FF0235800][0000098FF01CA000 52] iPadPro105, 
[2026.09.25-16.10.56:034][  0]LogDeviceProfileManager: 	[0000098FF0231A00][0000098FF01CC800 52] iPadPro129, 
[2026.09.25-16.10.56:034][  0]LogDeviceProfileManager: 	[0000098FF0234A00][0000098FF0222800 52] iPadPro97, 
[2026.09.25-16.10.56:034][  0]LogDeviceProfileManager: 	[0000098FF0235200][0000098FF01D0000 52] iPadPro2_129, 
[2026.09.25-16.10.56:034][  0]LogDeviceProfileManager: 	[0000098FF0235C00][0000098FF01D5000 52] iPad5, 
[2026.09.25-16.10.56:034][  0]LogDeviceProfileManager: 	[0000098FF0230800][0000098FF01D7800 52] iPad6, 
[2026.09.25-16.10.56:034][  0]LogDeviceProfileManager: 	[0000098FF0234600][0000098FF01DA000 52] iPad7, 
[2026.09.25-16.10.56:034][  0]LogDeviceProfileManager: 	[0000098FF0236000][0000098FF01DC800 52] iPad8, 
[2026.09.25-16.10.56:034][  0]LogDeviceProfileManager: 	[0000098FF0236800][0000098FF01C2800 52] iPad9, 
[2026.09.25-16.10.56:034][  0]LogDeviceProfileManager: 	[0000098FF0230200][0000098FF01F0000 52] iPad10, 
[2026.09.25-16.10.56:034][  0]LogDeviceProfileManager: 	[0000098FF0235A00][0000098FF01F5000 52] iPadPro11, 
[2026.09.25-16.10.56:034][  0]LogDeviceProfileManager: 	[0000098FF0236200][0000098FF01F7800 52] iPadPro2_11, 
[2026.09.25-16.10.56:034][  0]LogDeviceProfileManager: 	[0000098FF0236C00][0000098FF01FA000 52] iPadPro3_11, 
[2026.09.25-16.10.56:034][  0]LogDeviceProfileManager: 	[0000098FF0232400][0000098FF01FC800 52] iPadPro4_11, 
[2026.09.25-16.10.56:034][  0]LogDeviceProfileManager: 	[0000098FF0235600][0000098FF01D2800 52] iPadPro3_129, 
[2026.09.25-16.10.56:034][  0]LogDeviceProfileManager: 	[0000098FF0237000][0000098FF0240000 52] iPadPro4_129, 
[2026.09.25-16.10.56:034][  0]LogDeviceProfileManager: 	[0000098FF0237800][0000098FF0245000 52] iPadPro5_129, 
[2026.09.25-16.10.56:034][  0]LogDeviceProfileManager: 	[0000098FF0232E00][0000098FF0247800 52] iPadPro6_129, 
[2026.09.25-16.10.56:034][  0]LogDeviceProfileManager: 	[0000098FF0236A00][0000098FF024A000 52] AppleTV, 
[2026.09.25-16.10.56:034][  0]LogDeviceProfileManager: 	[0000098FF0237200][0000098FF024C800 52] AppleTV4K, 
[2026.09.25-16.10.56:034][  0]LogDeviceProfileManager: 	[0000098FF0237C00][0000098FF01F2800 52] AppleTV2_4K, 
[2026.09.25-16.10.56:034][  0]LogDeviceProfileManager: 	[0000098FF0233400][0000098FF0250000 52] TVOS, 
[2026.09.25-16.10.56:034][  0]LogDeviceProfileManager: 	[0000098FF0239E00][0000098FF0257800 52] Mac, 
[2026.09.25-16.10.56:034][  0]LogDeviceProfileManager: 	[0000098FF0239A00][0000098FF0255000 52] MacEditor, 
[2026.09.25-16.10.56:034][  0]LogDeviceProfileManager: 	[0000098FF0236E00][0000098FF025A000 52] MacClient, 
[2026.09.25-16.10.56:034][  0]LogDeviceProfileManager: 	[0000098FF0235400][0000098FF025C800 52] MacServer, 
[2026.09.25-16.10.56:034][  0]LogDeviceProfileManager: 	[0000098FF023A400][0000098FF0270000 52] Linux, 
[2026.09.25-16.10.56:035][  0]LogDeviceProfileManager: 	[0000098FF023A600][0000098FF0272800 52] LinuxEditor, 
[2026.09.25-16.10.56:035][  0]LogDeviceProfileManager: 	[0000098FF0238A00][0000098FF0277800 52] LinuxArm64Editor, 
[2026.09.25-16.10.56:035][  0]LogDeviceProfileManager: 	[0000098FF0239000][0000098FF027A000 52] LinuxArm64, 
[2026.09.25-16.10.56:035][  0]LogDeviceProfileManager: 	[0000098FF0238C00][0000098FF027C800 52] LinuxClient, 
[2026.09.25-16.10.56:035][  0]LogDeviceProfileManager: 	[0000098FF0230A00][0000098FF0242800 52] LinuxArm64Client, 
[2026.09.25-16.10.56:035][  0]LogDeviceProfileManager: 	[0000098FF0238000][0000098FF0275000 52] LinuxServer, 
[2026.09.25-16.10.56:035][  0]LogDeviceProfileManager: 	[0000098FF023AE00][0000098FF0260000 52] LinuxArm64Server, 
[2026.09.25-16.10.56:035][  0]LogDeviceProfileManager: 	[0000098FF0234400][0000098FF0265000 52] Android, 
[2026.09.25-16.10.56:035][  0]LogDeviceProfileManager: 	[0000098FF0239400][0000098FF0267800 52] Android_Preview_OpenGL, 
[2026.09.25-16.10.56:035][  0]LogDeviceProfileManager: 	[0000098FF0238E00][0000098FF026A000 52] Android_Preview_Vulkan, 
[2026.09.25-16.10.56:035][  0]LogDeviceProfileManager: 	[0000098FF0236400][0000098FF026C800 52] Android_Low, 
[2026.09.25-16.10.56:035][  0]LogDeviceProfileManager: 	[0000098FF0235E00][0000098FF0252800 52] Android_Mid, 
[2026.09.25-16.10.56:035][  0]LogDeviceProfileManager: 	[0000098FF0239200][0000098FF01E0000 52] Android_High, 
[2026.09.25-16.10.56:035][  0]LogDeviceProfileManager: 	[0000098FF0238800][0000098FF01E5000 52] Android_Default, 
[2026.09.25-16.10.56:035][  0]LogDeviceProfileManager: 	[0000098FF0238400][0000098FF01E7800 52] Android_Adreno4xx, 
[2026.09.25-16.10.56:035][  0]LogDeviceProfileManager: 	[0000098FF023A200][0000098FF01EA000 52] Android_Adreno5xx_Low, 
[2026.09.25-16.10.56:035][  0]LogDeviceProfileManager: 	[0000098FF023A000][0000098FF01EC800 52] Android_Adreno5xx, 
[2026.09.25-16.10.56:035][  0]LogDeviceProfileManager: 	[0000098FF023A800][0000098FF0262800 52] Android_Adreno6xx, 
[2026.09.25-16.10.56:035][  0]LogDeviceProfileManager: 	[0000098FF023AC00][0000098FF0280000 52] Android_Adreno6xx_Vulkan, 
[2026.09.25-16.10.56:035][  0]LogDeviceProfileManager: 	[0000098FF023AA00][0000098FF0285000 52] Android_Adreno7xx, 
[2026.09.25-16.10.56:035][  0]LogDeviceProfileManager: 	[0000098FF023B200][0000098FF0287800 52] Android_Adreno7xx_Vulkan, 
[2026.09.25-16.10.56:035][  0]LogDeviceProfileManager: 	[0000098FF0238200][0000098FF028A000 52] Android_Mali_T6xx, 
[2026.09.25-16.10.56:035][  0]LogDeviceProfileManager: 	[0000098FF023B400][0000098FF028C800 52] Android_Mali_T7xx, 
[2026.09.25-16.10.56:035][  0]LogDeviceProfileManager: 	[0000098FF0234E00][0000098FF01E2800 52] Android_Mali_T8xx, 
[2026.09.25-16.10.56:035][  0]LogDeviceProfileManager: 	[0000098FF023B000][0000098FF0290000 52] Android_Mali_G71, 
[2026.09.25-16.10.56:035][  0]LogDeviceProfileManager: 	[0000098FF023B600][0000098FF0295000 52] Android_Mali_G72, 
[2026.09.25-16.10.56:035][  0]LogDeviceProfileManager: 	[0000098FF023BC00][0000098FF0297800 52] Android_Mali_G72_Vulkan, 
[2026.09.25-16.10.56:035][  0]LogDeviceProfileManager: 	[0000098FF0239600][0000098FF029A000 52] Android_Mali_G76, 
[2026.09.25-16.10.56:035][  0]LogDeviceProfileManager: 	[0000098FF023C200][0000098FF029C800 52] Android_Mali_G76_Vulkan, 
[2026.09.25-16.10.56:035][  0]LogDeviceProfileManager: 	[0000098FF0239C00][0000098FF0282800 52] Android_Mali_G77, 
[2026.09.25-16.10.56:035][  0]LogDeviceProfileManager: 	[0000098FF023C400][0000098FF02A0000 52] Android_Mali_G77_Vulkan, 
[2026.09.25-16.10.56:035][  0]LogDeviceProfileManager: 	[0000098FF0236600][0000098FF02A5000 52] Android_Mali_G78, 
[2026.09.25-16.10.56:035][  0]LogDeviceProfileManager: 	[0000098FF023C000][0000098FF02A7800 52] Android_Mali_G78_Vulkan, 
[2026.09.25-16.10.56:035][  0]LogDeviceProfileManager: 	[0000098FF023C600][0000098FF02AA000 52] Android_Mali_G710, 
[2026.09.25-16.10.56:035][  0]LogDeviceProfileManager: 	[0000098FF023CC00][0000098FF02AC800 52] Android_Mali_G710_Vulkan, 
[2026.09.25-16.10.56:035][  0]LogDeviceProfileManager: 	[0000098FF0237400][0000098FF0292800 52] Android_Xclipse_920, 
[2026.09.25-16.10.56:035][  0]LogDeviceProfileManager: 	[0000098FF023D200][0000098FF02B0000 52] Android_Xclipse_920_Vulkan, 
[2026.09.25-16.10.56:035][  0]LogDeviceProfileManager: 	[0000098FF0237600][0000098FF02B5000 52] Android_Vulkan_SM5, 
[2026.09.25-16.10.56:035][  0]LogDeviceProfileManager: 	[0000098FF023CE00][0000098FF02B7800 52] Android_PowerVR_G6xxx, 
[2026.09.25-16.10.56:035][  0]LogDeviceProfileManager: 	[0000098FF023B800][0000098FF02BA000 52] Android_PowerVR_GT7xxx, 
[2026.09.25-16.10.56:035][  0]LogDeviceProfileManager: 	[0000098FF023D600][0000098FF02BC800 52] Android_PowerVR_GE8xxx, 
[2026.09.25-16.10.56:035][  0]LogDeviceProfileManager: 	[0000098FF023D400][0000098FF02A2800 52] Android_PowerVR_GM9xxx, 
[2026.09.25-16.10.56:035][  0]LogDeviceProfileManager: 	[0000098FF0237E00][0000098FF02C0000 52] Android_PowerVR_GM9xxx_Vulkan, 
[2026.09.25-16.10.56:035][  0]LogDeviceProfileManager: 	[0000098FF023E800][0000098FF02C5000 52] Android_TegraK1, 
[2026.09.25-16.10.56:035][  0]LogDeviceProfileManager: 	[0000098FF023D000][0000098FF02C7800 52] Android_Unknown_Vulkan, 
[2026.09.25-16.10.56:035][  0]LogDeviceProfileManager: 	[0000098FF0233E00][0000098FF02CA000 52] Oculus_Quest, 
[2026.09.25-16.10.56:035][  0]LogDeviceProfileManager: 	[0000098FF023E200][0000098FF02CC800 52] Oculus_Quest2, 
[2026.09.25-16.10.56:035][  0]LogDeviceProfileManager: 	[0000098FF023EC00][0000098FF02B2800 52] HoloLens, 
[2026.09.25-16.10.56:035][  0]LogDeviceProfileManager: Active device profile: [0000098FEF6EDA00][0000098FED230000 52] WindowsEditor
[2026.09.25-16.10.56:035][  0]LogCsvProfiler: Display: Metadata set : deviceprofile="WindowsEditor"
[2026.09.25-16.10.56:035][  0]LogShaderCompilers: Display: Compiling shader autogen file: ../../../../../../Program Files (x86)/Steam/steamapps/common/F1 Manager 2024/F1Manager24/Content/Paks/AC_TrackBridge_v0.2/tools/CookWorkspace/Intermediate/ShaderAutogen/PCD3D_ES3_1/AutogenShaderHeaders.ush
[2026.09.25-16.10.56:035][  0]LogShaderCompilers: Display: Autogen file is unchanged, skipping write.
[2026.09.25-16.10.56:113][  0]LogMeshReduction: Using QuadricMeshReduction for automatic static mesh reduction
[2026.09.25-16.10.56:113][  0]LogMeshReduction: Using SimplygonMeshReduction for automatic skeletal mesh reduction
[2026.09.25-16.10.56:113][  0]LogMeshReduction: Using ProxyLODMeshReduction for automatic mesh merging
[2026.09.25-16.10.56:113][  0]LogMeshReduction: No distributed automatic mesh merging module available
[2026.09.25-16.10.56:113][  0]LogMeshMerging: No distributed automatic mesh merging module available
[2026.09.25-16.10.56:131][  0]LogNetVersion: F1Manager24 1.0.0, NetCL: 23058290, EngineNetVer: 30, GameNetVer: 0 (Checksum: 2704061070)
[2026.09.25-16.10.56:284][  0]LogSlate: Border
[2026.09.25-16.10.56:284][  0]LogSlate: BreadcrumbButton
[2026.09.25-16.10.56:284][  0]LogSlate: Brushes.Title
[2026.09.25-16.10.56:284][  0]LogSlate: Default
[2026.09.25-16.10.56:284][  0]LogSlate: Icons.Save
[2026.09.25-16.10.56:284][  0]LogSlate: Icons.Toolbar.Settings
[2026.09.25-16.10.56:284][  0]LogSlate: ListView
[2026.09.25-16.10.56:284][  0]LogSlate: SoftwareCursor_CardinalCross
[2026.09.25-16.10.56:284][  0]LogSlate: SoftwareCursor_Grab
[2026.09.25-16.10.56:284][  0]LogSlate: TableView.DarkRow
[2026.09.25-16.10.56:284][  0]LogSlate: TableView.Row
[2026.09.25-16.10.56:284][  0]LogSlate: TreeView
[2026.09.25-16.10.56:342][  0]LogCollectionManager: Loaded 0 collections in 0.002201 seconds
[2026.09.25-16.10.56:343][  0]LogFileCache: Scanning file cache for directory 'C:/Program Files (x86)/Steam/steamapps/common/F1 Manager 2024/F1Manager24/Content/Paks/AC_TrackBridge_v0.2/tools/CookWorkspace/Saved/Collections/' took 0.00s
[2026.09.25-16.10.56:344][  0]LogFileCache: Scanning file cache for directory 'C:/Program Files (x86)/Steam/steamapps/common/F1 Manager 2024/F1Manager24/Content/Paks/AC_TrackBridge_v0.2/tools/CookWorkspace/Content/Developers/BaraXenosan/Collections/' took 0.00s
[2026.09.25-16.10.56:345][  0]LogFileCache: Scanning file cache for directory 'C:/Program Files (x86)/Steam/steamapps/common/F1 Manager 2024/F1Manager24/Content/Paks/AC_TrackBridge_v0.2/tools/CookWorkspace/Content/Collections/' took 0.00s
[2026.09.25-16.10.56:345][  0]LogCollectionManager: Fixed up redirectors for 0 collections in 0.000001 seconds (updated 0 objects)
[2026.09.25-16.10.56:573][  0]LogPython: Using Python 3.9.7
[2026.09.25-16.10.57:546][  0]LogAudio: Display: Registering Engine Module Parameter Interfaces...
[2026.09.25-16.10.57:578][  0]LogMetasoundEngine: MetaSound Engine Initialized
[2026.09.25-16.10.57:686][  0]LogNiagaraDebuggerClient: Niagara Debugger Client Initialized | Session: 51186F634698EA85CB64769FBC7378B9 | Instance: 33C91A5F4F448C6B34EDCDB3136BC97C (DESKTOP-C1CEJAN-26324).
[2026.09.25-16.10.58:117][  0]LogOpenImageDenoise: OIDN starting up
[2026.09.25-16.10.58:157][  0]LogAndroidPermission: UAndroidPermissionCallbackProxy::GetInstance
[2026.09.25-16.10.58:168][  0]LogAudioCaptureCore: Display: No Audio Capture implementations found. Audio input will be silent.
[2026.09.25-16.10.58:168][  0]LogAudioCaptureCore: Display: No Audio Capture implementations found. Audio input will be silent.
[2026.09.25-16.10.58:361][  0]SourceControl: Source control is disabled
[2026.09.25-16.10.58:373][  0]SourceControl: Source control is disabled
[2026.09.25-16.10.58:377][  0]SourceControl: Source control is disabled
[2026.09.25-16.10.58:385][  0]LogUProjectInfo: Found projects:
[2026.09.25-16.10.58:654][  0]LogUObjectArray: 32235 objects as part of root set at end of initial load.
[2026.09.25-16.10.58:654][  0]LogUObjectAllocator: 9720376 out of 0 bytes used by permanent object pool.
[2026.09.25-16.10.58:654][  0]LogUObjectArray: CloseDisregardForGC: 0/0 objects in disregard for GC pool
[2026.09.25-16.10.58:654][  0]LogInit: Executing Class /Script/PythonScriptPlugin.PythonScriptCommandlet
[2026.09.25-16.10.58:654][  0]LogInit: Initializing Editor Engine...
[2026.09.25-16.10.58:654][  0]LogEngine: Initializing Engine...
[2026.09.25-16.10.58:660][  0]LogStats: UGameplayTagsManager::InitializeManager -  0.000 s
[2026.09.25-16.10.58:720][  0]LogInit: Initializing FReadOnlyCVARCache
[2026.09.25-16.10.58:726][  0]LogChaos: FPhysicsSolverBase::AsyncDt:-1.000000
[2026.09.25-16.10.58:733][  0]LogAIModule: Creating AISystem for world Untitled
[2026.09.25-16.10.58:734][  0]LogNetVersion: Set ProjectVersion to 1.0.0.0. Version Checksum will be recalculated on next use.
[2026.09.25-16.10.58:734][  0]LogInit: Texture streaming: Disabled
[2026.09.25-16.10.58:739][  0]LogCsvProfiler: Display: Metadata set : largeworldcoordinates="1"
[2026.09.25-16.10.58:757][  0]LogInit: Initializing Editor Engine Completed
[2026.09.25-16.10.58:796][  0]LogEditorDomain: Display: Class /Script/AnimationData.AnimationSequencerDataModel is imported by a package but does not exist in memory. EditorDomain keys for packages using it will be invalid if it still exists.
	To clear this message, resave packages that use the deleted class, or load its module earlier than the packages that use it are referenced.
[2026.09.25-16.10.58:814][  0]BlueprintLog: New page: Editor Load
[2026.09.25-16.10.58:834][  0]LogLevelSequenceEditor: LevelSequenceEditor subsystem initialized.
[2026.09.25-16.10.58:968][  0]LogPythonScriptCommandlet: Display: Running Python script: C:/Program Files (x86)/Steam/steamapps/common/F1 Manager 2024/F1Manager24/Content/Paks/AC_TrackBridge_v0.2/tools/CookWorkspace/Content/Python/repair_map_and_anchors.py
[2026.09.25-16.10.58:987][  0]LogPython: Warning: C:/Program Files (x86)/Steam/steamapps/common/F1 Manager 2024/F1Manager24/Content/Paks/AC_TrackBridge_v0.2/tools/CookWorkspace/Content/Python/repair_map_and_anchors.py:7: DeprecationWarning: EditorLevelLibrary: Function 'load_level' on 'EditorLevelLibrary' is deprecated: The Editor Scripting Utilities Plugin is deprecated - Use the function in Level Editor Subsystem
  if not unreal.EditorLevelLibrary.load_level(assetroot+'/KalinagoVisual'):raise RuntimeError('Scene load failed')

[2026.09.25-16.10.58:987][  0]LightingResults: New page: Lighting Build
[2026.09.25-16.10.58:987][  0]LoadErrors: New page: Loading map: KalinagoVisual.umap
[2026.09.25-16.10.58:988][  0]LogWorld: UWorld::CleanupWorld for Untitled, bSessionEnded=true, bCleanupResources=true
[2026.09.25-16.10.58:998][  0]LogUObjectHash: Compacting FUObjectHashTables data took   0.51ms
[2026.09.25-16.10.59:333][  0]LogChaos: FPhysicsSolverBase::AsyncDt:-1.000000
[2026.09.25-16.10.59:334][  0]LogAIModule: Creating AISystem for world KalinagoVisual
[2026.09.25-16.10.59:355][  0]LogEditorServer: Finished looking for orphan Actors (0.000 secs)
[2026.09.25-16.10.59:370][  0]LogUObjectHash: Compacting FUObjectHashTables data took   0.71ms
[2026.09.25-16.10.59:370][  0]Cmd: MAP CHECKDEP NOCLEARLOG
[2026.09.25-16.10.59:371][  0]MapCheck: Map check complete: 0 Error(s), 0 Warning(s), took 0,569ms to complete.
[2026.09.25-16.10.59:371][  0]LogFileHelpers: Loading map 'KalinagoVisual' took 0.385
[2026.09.25-16.10.59:372][  0]LogPython: Warning: C:/Program Files (x86)/Steam/steamapps/common/F1 Manager 2024/F1Manager24/Content/Paks/AC_TrackBridge_v0.2/tools/CookWorkspace/Content/Python/repair_map_and_anchors.py:8: DeprecationWarning: EditorLevelLibrary: Function 'get_all_level_actors' on 'EditorLevelLibrary' is deprecated: The Editor Scripting Utilities Plugin is deprecated - Use the function in Editor Actor Utilities Subsystem
  existing={a.get_actor_label() for a in unreal.EditorLevelLibrary.get_all_level_actors()}

[2026.09.25-16.10.59:378][  0]LogPython: Warning: C:/Program Files (x86)/Steam/steamapps/common/F1 Manager 2024/F1Manager24/Content/Paks/AC_TrackBridge_v0.2/tools/CookWorkspace/Content/Python/repair_map_and_anchors.py:33: DeprecationWarning: EditorLevelLibrary: Function 'save_current_level' on 'EditorLevelLibrary' is deprecated: The Editor Scripting Utilities Plugin is deprecated - Use the function in Level Editor Subsystem
  if not unreal.EditorLevelLibrary.save_current_level():raise RuntimeError('Scene save failed')

[2026.09.25-16.10.59:378][  0]Message dialog closed, result: Ok, title: Unable to Check Out From Source Control!, text: The following assets could not be successfully checked out from source control:
/Game/TrackBridge/KalinagoScene/Run_2b0d5b5e7e44432db837463ecc98aa91/KalinagoVisual
[2026.09.25-16.10.59:405][  0]LogPackageLocalizationCache: Processed 40 localized package path(s) for 1 prioritized culture(s) in 0.025463 seconds
[2026.09.25-16.10.59:443][  0]LogStaticMesh: Display: Waiting for static meshes to be ready 6/23 (/Game/TrackBridge/KalinagoScene/Run_2b0d5b5e7e44432db837463ecc98aa91/Meshes/SM_10_trees_3d) ...
[2026.09.25-16.10.59:562][  0]LogStaticMesh: Display: Waiting for static meshes to be ready 14/23 (/Game/TrackBridge/KalinagoScene/Run_2b0d5b5e7e44432db837463ecc98aa91/Meshes/SM_1_00_kalinago) ...
[2026.09.25-16.10.59:667][  0]LogSerialization: UsePackageTrailer: 'true'
[2026.09.25-16.10.59:788][  0]LogSavePackage: Moving output files for package: /Game/TrackBridge/KalinagoScene/Run_2b0d5b5e7e44432db837463ecc98aa91/KalinagoVisual
[2026.09.25-16.10.59:789][  0]LogSavePackage: Moving '../../../../../../Program Files (x86)/Steam/steamapps/common/F1 Manager 2024/F1Manager24/Content/Paks/AC_TrackBridge_v0.2/tools/CookWorkspace/Saved/KalinagoVisual70534C124B3D1AB7F9512999E7BD1325.tmp' to '../../../../../../Program Files (x86)/Steam/steamapps/common/F1 Manager 2024/F1Manager24/Content/Paks/AC_TrackBridge_v0.2/tools/CookWorkspace/Content/TrackBridge/KalinagoScene/Run_2b0d5b5e7e44432db837463ecc98aa91/KalinagoVisual.umap'
[2026.09.25-16.10.59:803][  0]LogPython: Warning: C:/Program Files (x86)/Steam/steamapps/common/F1 Manager 2024/F1Manager24/Content/Paks/AC_TrackBridge_v0.2/tools/CookWorkspace/Content/Python/repair_map_and_anchors.py:35: DeprecationWarning: EditorLevelLibrary: Function 'load_level' on 'EditorLevelLibrary' is deprecated: The Editor Scripting Utilities Plugin is deprecated - Use the function in Level Editor Subsystem
  if not unreal.EditorLevelLibrary.load_level('/Game/TrackBridge/Authoring/Kalinago_Editor'):raise RuntimeError('Authoring map load failed')

[2026.09.25-16.10.59:803][  0]LightingResults: New page: Lighting Build
[2026.09.25-16.10.59:803][  0]LoadErrors: New page: Loading map: Kalinago_Editor.umap
[2026.09.25-16.10.59:806][  0]LogWorld: UWorld::CleanupWorld for KalinagoVisual, bSessionEnded=true, bCleanupResources=true
[2026.09.25-16.10.59:821][  0]LogUObjectHash: Compacting FUObjectHashTables data took   0.55ms
[2026.09.25-16.10.59:824][  0]LogChaos: FPhysicsSolverBase::AsyncDt:-1.000000
[2026.09.25-16.10.59:824][  0]LogAIModule: Creating AISystem for world Kalinago_Editor
[2026.09.25-16.10.59:825][  0]LogEditorServer: Finished looking for orphan Actors (0.000 secs)
[2026.09.25-16.10.59:833][  0]LogUObjectHash: Compacting FUObjectHashTables data took   0.44ms
[2026.09.25-16.10.59:833][  0]Cmd: MAP CHECKDEP NOCLEARLOG
[2026.09.25-16.10.59:833][  0]MapCheck: Map check complete: 0 Error(s), 0 Warning(s), took 0,328ms to complete.
[2026.09.25-16.10.59:833][  0]LogFileHelpers: Loading map 'Kalinago_Editor' took 0.031
[2026.09.25-16.10.59:834][  0]LogPython: Warning: C:/Program Files (x86)/Steam/steamapps/common/F1 Manager 2024/F1Manager24/Content/Paks/AC_TrackBridge_v0.2/tools/CookWorkspace/Content/Python/repair_map_and_anchors.py:36: DeprecationWarning: EditorLevelLibrary: Function 'get_all_level_actors' on 'EditorLevelLibrary' is deprecated: The Editor Scripting Utilities Plugin is deprecated - Use the function in Editor Actor Utilities Subsystem
  bylabel={a.get_actor_label():a for a in unreal.EditorLevelLibrary.get_all_level_actors()}

[2026.09.25-16.10.59:838][  0]LogActorFactory: Actor Factory attempting to spawn Class /Script/Engine.TargetPoint
[2026.09.25-16.10.59:839][  0]LogActorFactory: Actor Factory spawned Class /Script/Engine.TargetPoint as actor: TargetPoint /Game/TrackBridge/Authoring/Kalinago_Editor.Kalinago_Editor:PersistentLevel.TargetPoint_0
[2026.09.25-16.10.59:841][  0]LogActorFactory: Actor Factory attempting to spawn Class /Script/Engine.TargetPoint
[2026.09.25-16.10.59:842][  0]LogActorFactory: Actor Factory spawned Class /Script/Engine.TargetPoint as actor: TargetPoint /Game/TrackBridge/Authoring/Kalinago_Editor.Kalinago_Editor:PersistentLevel.TargetPoint_1
[2026.09.25-16.10.59:844][  0]LogActorFactory: Actor Factory attempting to spawn Class /Script/Engine.TargetPoint
[2026.09.25-16.10.59:844][  0]LogActorFactory: Actor Factory spawned Class /Script/Engine.TargetPoint as actor: TargetPoint /Game/TrackBridge/Authoring/Kalinago_Editor.Kalinago_Editor:PersistentLevel.TargetPoint_2
[2026.09.25-16.10.59:848][  0]LogActorFactory: Actor Factory attempting to spawn Class /Script/Engine.TargetPoint
[2026.09.25-16.10.59:848][  0]LogActorFactory: Actor Factory spawned Class /Script/Engine.TargetPoint as actor: TargetPoint /Game/TrackBridge/Authoring/Kalinago_Editor.Kalinago_Editor:PersistentLevel.TargetPoint_3
[2026.09.25-16.10.59:851][  0]LogActorFactory: Actor Factory attempting to spawn Class /Script/Engine.TargetPoint
[2026.09.25-16.10.59:851][  0]LogActorFactory: Actor Factory spawned Class /Script/Engine.TargetPoint as actor: TargetPoint /Game/TrackBridge/Authoring/Kalinago_Editor.Kalinago_Editor:PersistentLevel.TargetPoint_4
[2026.09.25-16.10.59:854][  0]LogActorFactory: Actor Factory attempting to spawn Class /Script/Engine.TargetPoint
[2026.09.25-16.10.59:854][  0]LogActorFactory: Actor Factory spawned Class /Script/Engine.TargetPoint as actor: TargetPoint /Game/TrackBridge/Authoring/Kalinago_Editor.Kalinago_Editor:PersistentLevel.TargetPoint_5
[2026.09.25-16.10.59:857][  0]LogActorFactory: Actor Factory attempting to spawn Class /Script/Engine.TargetPoint
[2026.09.25-16.10.59:858][  0]LogActorFactory: Actor Factory spawned Class /Script/Engine.TargetPoint as actor: TargetPoint /Game/TrackBridge/Authoring/Kalinago_Editor.Kalinago_Editor:PersistentLevel.TargetPoint_6
[2026.09.25-16.10.59:861][  0]LogActorFactory: Actor Factory attempting to spawn Class /Script/Engine.TargetPoint
[2026.09.25-16.10.59:862][  0]LogActorFactory: Actor Factory spawned Class /Script/Engine.TargetPoint as actor: TargetPoint /Game/TrackBridge/Authoring/Kalinago_Editor.Kalinago_Editor:PersistentLevel.TargetPoint_7
[2026.09.25-16.10.59:864][  0]LogActorFactory: Actor Factory attempting to spawn Class /Script/Engine.TargetPoint
[2026.09.25-16.10.59:865][  0]LogActorFactory: Actor Factory spawned Class /Script/Engine.TargetPoint as actor: TargetPoint /Game/TrackBridge/Authoring/Kalinago_Editor.Kalinago_Editor:PersistentLevel.TargetPoint_8
[2026.09.25-16.10.59:867][  0]LogActorFactory: Actor Factory attempting to spawn Class /Script/Engine.TargetPoint
[2026.09.25-16.10.59:868][  0]LogActorFactory: Actor Factory spawned Class /Script/Engine.TargetPoint as actor: TargetPoint /Game/TrackBridge/Authoring/Kalinago_Editor.Kalinago_Editor:PersistentLevel.TargetPoint_9
[2026.09.25-16.10.59:870][  0]LogActorFactory: Actor Factory attempting to spawn Class /Script/Engine.TargetPoint
[2026.09.25-16.10.59:871][  0]LogActorFactory: Actor Factory spawned Class /Script/Engine.TargetPoint as actor: TargetPoint /Game/TrackBridge/Authoring/Kalinago_Editor.Kalinago_Editor:PersistentLevel.TargetPoint_10
[2026.09.25-16.10.59:873][  0]LogActorFactory: Actor Factory attempting to spawn Class /Script/Engine.TargetPoint
[2026.09.25-16.10.59:873][  0]LogActorFactory: Actor Factory spawned Class /Script/Engine.TargetPoint as actor: TargetPoint /Game/TrackBridge/Authoring/Kalinago_Editor.Kalinago_Editor:PersistentLevel.TargetPoint_11
[2026.09.25-16.10.59:876][  0]LogActorFactory: Actor Factory attempting to spawn Class /Script/Engine.TargetPoint
[2026.09.25-16.10.59:877][  0]LogActorFactory: Actor Factory spawned Class /Script/Engine.TargetPoint as actor: TargetPoint /Game/TrackBridge/Authoring/Kalinago_Editor.Kalinago_Editor:PersistentLevel.TargetPoint_12
[2026.09.25-16.10.59:878][  0]LogActorFactory: Actor Factory attempting to spawn Class /Script/Engine.TargetPoint
[2026.09.25-16.10.59:880][  0]LogActorFactory: Actor Factory spawned Class /Script/Engine.TargetPoint as actor: TargetPoint /Game/TrackBridge/Authoring/Kalinago_Editor.Kalinago_Editor:PersistentLevel.TargetPoint_13
[2026.09.25-16.10.59:882][  0]LogActorFactory: Actor Factory attempting to spawn Class /Script/Engine.TargetPoint
[2026.09.25-16.10.59:883][  0]LogActorFactory: Actor Factory spawned Class /Script/Engine.TargetPoint as actor: TargetPoint /Game/TrackBridge/Authoring/Kalinago_Editor.Kalinago_Editor:PersistentLevel.TargetPoint_14
[2026.09.25-16.10.59:885][  0]LogActorFactory: Actor Factory attempting to spawn Class /Script/Engine.TargetPoint
[2026.09.25-16.10.59:885][  0]LogActorFactory: Actor Factory spawned Class /Script/Engine.TargetPoint as actor: TargetPoint /Game/TrackBridge/Authoring/Kalinago_Editor.Kalinago_Editor:PersistentLevel.TargetPoint_15
[2026.09.25-16.10.59:887][  0]LogActorFactory: Actor Factory attempting to spawn Class /Script/Engine.TargetPoint
[2026.09.25-16.10.59:888][  0]LogActorFactory: Actor Factory spawned Class /Script/Engine.TargetPoint as actor: TargetPoint /Game/TrackBridge/Authoring/Kalinago_Editor.Kalinago_Editor:PersistentLevel.TargetPoint_16
[2026.09.25-16.10.59:891][  0]LogActorFactory: Actor Factory attempting to spawn Class /Script/Engine.TargetPoint
[2026.09.25-16.10.59:892][  0]LogActorFactory: Actor Factory spawned Class /Script/Engine.TargetPoint as actor: TargetPoint /Game/TrackBridge/Authoring/Kalinago_Editor.Kalinago_Editor:PersistentLevel.TargetPoint_17
[2026.09.25-16.10.59:894][  0]LogActorFactory: Actor Factory attempting to spawn Class /Script/Engine.TargetPoint
[2026.09.25-16.10.59:895][  0]LogActorFactory: Actor Factory spawned Class /Script/Engine.TargetPoint as actor: TargetPoint /Game/TrackBridge/Authoring/Kalinago_Editor.Kalinago_Editor:PersistentLevel.TargetPoint_18
[2026.09.25-16.10.59:897][  0]LogActorFactory: Actor Factory attempting to spawn Class /Script/Engine.TargetPoint
[2026.09.25-16.10.59:897][  0]LogActorFactory: Actor Factory spawned Class /Script/Engine.TargetPoint as actor: TargetPoint /Game/TrackBridge/Authoring/Kalinago_Editor.Kalinago_Editor:PersistentLevel.TargetPoint_19
[2026.09.25-16.10.59:900][  0]LogActorFactory: Actor Factory attempting to spawn Class /Script/Engine.TargetPoint
[2026.09.25-16.10.59:900][  0]LogActorFactory: Actor Factory spawned Class /Script/Engine.TargetPoint as actor: TargetPoint /Game/TrackBridge/Authoring/Kalinago_Editor.Kalinago_Editor:PersistentLevel.TargetPoint_20
[2026.09.25-16.10.59:903][  0]LogActorFactory: Actor Factory attempting to spawn Class /Script/Engine.TargetPoint
[2026.09.25-16.10.59:903][  0]LogActorFactory: Actor Factory spawned Class /Script/Engine.TargetPoint as actor: TargetPoint /Game/TrackBridge/Authoring/Kalinago_Editor.Kalinago_Editor:PersistentLevel.TargetPoint_21
[2026.09.25-16.10.59:905][  0]LogActorFactory: Actor Factory attempting to spawn Class /Script/Engine.TargetPoint
[2026.09.25-16.10.59:906][  0]LogActorFactory: Actor Factory spawned Class /Script/Engine.TargetPoint as actor: TargetPoint /Game/TrackBridge/Authoring/Kalinago_Editor.Kalinago_Editor:PersistentLevel.TargetPoint_22
[2026.09.25-16.10.59:908][  0]LogActorFactory: Actor Factory attempting to spawn Class /Script/Engine.TargetPoint
[2026.09.25-16.10.59:909][  0]LogActorFactory: Actor Factory spawned Class /Script/Engine.TargetPoint as actor: TargetPoint /Game/TrackBridge/Authoring/Kalinago_Editor.Kalinago_Editor:PersistentLevel.TargetPoint_23
[2026.09.25-16.10.59:912][  0]LogActorFactory: Actor Factory attempting to spawn Class /Script/Engine.TargetPoint
[2026.09.25-16.10.59:913][  0]LogActorFactory: Actor Factory spawned Class /Script/Engine.TargetPoint as actor: TargetPoint /Game/TrackBridge/Authoring/Kalinago_Editor.Kalinago_Editor:PersistentLevel.TargetPoint_24
[2026.09.25-16.10.59:914][  0]LogActorFactory: Actor Factory attempting to spawn Class /Script/Engine.TargetPoint
[2026.09.25-16.10.59:915][  0]LogActorFactory: Actor Factory spawned Class /Script/Engine.TargetPoint as actor: TargetPoint /Game/TrackBridge/Authoring/Kalinago_Editor.Kalinago_Editor:PersistentLevel.TargetPoint_25
[2026.09.25-16.10.59:917][  0]LogActorFactory: Actor Factory attempting to spawn Class /Script/Engine.TargetPoint
[2026.09.25-16.10.59:918][  0]LogActorFactory: Actor Factory spawned Class /Script/Engine.TargetPoint as actor: TargetPoint /Game/TrackBridge/Authoring/Kalinago_Editor.Kalinago_Editor:PersistentLevel.TargetPoint_26
[2026.09.25-16.10.59:921][  0]LogActorFactory: Actor Factory attempting to spawn Class /Script/Engine.TargetPoint
[2026.09.25-16.10.59:921][  0]LogActorFactory: Actor Factory spawned Class /Script/Engine.TargetPoint as actor: TargetPoint /Game/TrackBridge/Authoring/Kalinago_Editor.Kalinago_Editor:PersistentLevel.TargetPoint_27
[2026.09.25-16.10.59:924][  0]LogActorFactory: Actor Factory attempting to spawn Class /Script/Engine.TargetPoint
[2026.09.25-16.10.59:924][  0]LogActorFactory: Actor Factory spawned Class /Script/Engine.TargetPoint as actor: TargetPoint /Game/TrackBridge/Authoring/Kalinago_Editor.Kalinago_Editor:PersistentLevel.TargetPoint_28
[2026.09.25-16.10.59:926][  0]LogActorFactory: Actor Factory attempting to spawn Class /Script/Engine.TargetPoint
[2026.09.25-16.10.59:928][  0]LogActorFactory: Actor Factory spawned Class /Script/Engine.TargetPoint as actor: TargetPoint /Game/TrackBridge/Authoring/Kalinago_Editor.Kalinago_Editor:PersistentLevel.TargetPoint_29
[2026.09.25-16.10.59:930][  0]LogActorFactory: Actor Factory attempting to spawn Class /Script/Engine.TargetPoint
[2026.09.25-16.10.59:931][  0]LogActorFactory: Actor Factory spawned Class /Script/Engine.TargetPoint as actor: TargetPoint /Game/TrackBridge/Authoring/Kalinago_Editor.Kalinago_Editor:PersistentLevel.TargetPoint_30
[2026.09.25-16.10.59:933][  0]LogActorFactory: Actor Factory attempting to spawn Class /Script/Engine.TargetPoint
[2026.09.25-16.10.59:933][  0]LogActorFactory: Actor Factory spawned Class /Script/Engine.TargetPoint as actor: TargetPoint /Game/TrackBridge/Authoring/Kalinago_Editor.Kalinago_Editor:PersistentLevel.TargetPoint_31
[2026.09.25-16.10.59:935][  0]LogActorFactory: Actor Factory attempting to spawn Class /Script/Engine.TargetPoint
[2026.09.25-16.10.59:937][  0]LogActorFactory: Actor Factory spawned Class /Script/Engine.TargetPoint as actor: TargetPoint /Game/TrackBridge/Authoring/Kalinago_Editor.Kalinago_Editor:PersistentLevel.TargetPoint_32
[2026.09.25-16.10.59:939][  0]LogActorFactory: Actor Factory attempting to spawn Class /Script/Engine.TargetPoint
[2026.09.25-16.10.59:939][  0]LogActorFactory: Actor Factory spawned Class /Script/Engine.TargetPoint as actor: TargetPoint /Game/TrackBridge/Authoring/Kalinago_Editor.Kalinago_Editor:PersistentLevel.TargetPoint_33
[2026.09.25-16.10.59:942][  0]LogActorFactory: Actor Factory attempting to spawn Class /Script/Engine.TargetPoint
[2026.09.25-16.10.59:942][  0]LogActorFactory: Actor Factory spawned Class /Script/Engine.TargetPoint as actor: TargetPoint /Game/TrackBridge/Authoring/Kalinago_Editor.Kalinago_Editor:PersistentLevel.TargetPoint_34
[2026.09.25-16.10.59:945][  0]LogActorFactory: Actor Factory attempting to spawn Class /Script/Engine.TargetPoint
[2026.09.25-16.10.59:945][  0]LogActorFactory: Actor Factory spawned Class /Script/Engine.TargetPoint as actor: TargetPoint /Game/TrackBridge/Authoring/Kalinago_Editor.Kalinago_Editor:PersistentLevel.TargetPoint_35
[2026.09.25-16.10.59:947][  0]LogActorFactory: Actor Factory attempting to spawn Class /Script/Engine.TargetPoint
[2026.09.25-16.10.59:948][  0]LogActorFactory: Actor Factory spawned Class /Script/Engine.TargetPoint as actor: TargetPoint /Game/TrackBridge/Authoring/Kalinago_Editor.Kalinago_Editor:PersistentLevel.TargetPoint_36
[2026.09.25-16.10.59:951][  0]LogActorFactory: Actor Factory attempting to spawn Class /Script/Engine.TargetPoint
[2026.09.25-16.10.59:951][  0]LogActorFactory: Actor Factory spawned Class /Script/Engine.TargetPoint as actor: TargetPoint /Game/TrackBridge/Authoring/Kalinago_Editor.Kalinago_Editor:PersistentLevel.TargetPoint_37
[2026.09.25-16.10.59:953][  0]LogActorFactory: Actor Factory attempting to spawn Class /Script/Engine.TargetPoint
[2026.09.25-16.10.59:954][  0]LogActorFactory: Actor Factory spawned Class /Script/Engine.TargetPoint as actor: TargetPoint /Game/TrackBridge/Authoring/Kalinago_Editor.Kalinago_Editor:PersistentLevel.TargetPoint_38
[2026.09.25-16.10.59:957][  0]LogActorFactory: Actor Factory attempting to spawn Class /Script/Engine.TargetPoint
[2026.09.25-16.10.59:957][  0]LogActorFactory: Actor Factory spawned Class /Script/Engine.TargetPoint as actor: TargetPoint /Game/TrackBridge/Authoring/Kalinago_Editor.Kalinago_Editor:PersistentLevel.TargetPoint_39
[2026.09.25-16.10.59:959][  0]LogActorFactory: Actor Factory attempting to spawn Class /Script/Engine.TargetPoint
[2026.09.25-16.10.59:960][  0]LogActorFactory: Actor Factory spawned Class /Script/Engine.TargetPoint as actor: TargetPoint /Game/TrackBridge/Authoring/Kalinago_Editor.Kalinago_Editor:PersistentLevel.TargetPoint_40
[2026.09.25-16.10.59:963][  0]LogActorFactory: Actor Factory attempting to spawn Class /Script/Engine.TargetPoint
[2026.09.25-16.10.59:963][  0]LogActorFactory: Actor Factory spawned Class /Script/Engine.TargetPoint as actor: TargetPoint /Game/TrackBridge/Authoring/Kalinago_Editor.Kalinago_Editor:PersistentLevel.TargetPoint_41
[2026.09.25-16.10.59:965][  0]LogActorFactory: Actor Factory attempting to spawn Class /Script/Engine.TargetPoint
[2026.09.25-16.10.59:966][  0]LogActorFactory: Actor Factory spawned Class /Script/Engine.TargetPoint as actor: TargetPoint /Game/TrackBridge/Authoring/Kalinago_Editor.Kalinago_Editor:PersistentLevel.TargetPoint_42
[2026.09.25-16.10.59:968][  0]LogActorFactory: Actor Factory attempting to spawn Class /Script/Engine.TargetPoint
[2026.09.25-16.10.59:969][  0]LogActorFactory: Actor Factory spawned Class /Script/Engine.TargetPoint as actor: TargetPoint /Game/TrackBridge/Authoring/Kalinago_Editor.Kalinago_Editor:PersistentLevel.TargetPoint_43
[2026.09.25-16.10.59:971][  0]LogActorFactory: Actor Factory attempting to spawn Class /Script/Engine.TargetPoint
[2026.09.25-16.10.59:972][  0]LogActorFactory: Actor Factory spawned Class /Script/Engine.TargetPoint as actor: TargetPoint /Game/TrackBridge/Authoring/Kalinago_Editor.Kalinago_Editor:PersistentLevel.TargetPoint_44
[2026.09.25-16.10.59:975][  0]LogActorFactory: Actor Factory attempting to spawn Class /Script/Engine.TargetPoint
[2026.09.25-16.10.59:975][  0]LogActorFactory: Actor Factory spawned Class /Script/Engine.TargetPoint as actor: TargetPoint /Game/TrackBridge/Authoring/Kalinago_Editor.Kalinago_Editor:PersistentLevel.TargetPoint_45
[2026.09.25-16.10.59:979][  0]LogActorFactory: Actor Factory attempting to spawn Class /Script/Engine.TargetPoint
[2026.09.25-16.10.59:979][  0]LogActorFactory: Actor Factory spawned Class /Script/Engine.TargetPoint as actor: TargetPoint /Game/TrackBridge/Authoring/Kalinago_Editor.Kalinago_Editor:PersistentLevel.TargetPoint_46
[2026.09.25-16.10.59:982][  0]LogActorFactory: Actor Factory attempting to spawn Class /Script/Engine.TargetPoint
[2026.09.25-16.10.59:983][  0]LogActorFactory: Actor Factory spawned Class /Script/Engine.TargetPoint as actor: TargetPoint /Game/TrackBridge/Authoring/Kalinago_Editor.Kalinago_Editor:PersistentLevel.TargetPoint_47
[2026.09.25-16.10.59:985][  0]LogActorFactory: Actor Factory attempting to spawn Class /Script/Engine.TargetPoint
[2026.09.25-16.10.59:986][  0]LogActorFactory: Actor Factory spawned Class /Script/Engine.TargetPoint as actor: TargetPoint /Game/TrackBridge/Authoring/Kalinago_Editor.Kalinago_Editor:PersistentLevel.TargetPoint_48
[2026.09.25-16.10.59:989][  0]LogActorFactory: Actor Factory attempting to spawn Class /Script/Engine.TargetPoint
[2026.09.25-16.10.59:989][  0]LogActorFactory: Actor Factory spawned Class /Script/Engine.TargetPoint as actor: TargetPoint /Game/TrackBridge/Authoring/Kalinago_Editor.Kalinago_Editor:PersistentLevel.TargetPoint_49
[2026.09.25-16.10.59:991][  0]LogActorFactory: Actor Factory attempting to spawn Class /Script/Engine.TargetPoint
[2026.09.25-16.10.59:993][  0]LogActorFactory: Actor Factory spawned Class /Script/Engine.TargetPoint as actor: TargetPoint /Game/TrackBridge/Authoring/Kalinago_Editor.Kalinago_Editor:PersistentLevel.TargetPoint_50
[2026.09.25-16.10.59:995][  0]LogActorFactory: Actor Factory attempting to spawn Class /Script/Engine.TargetPoint
[2026.09.25-16.10.59:995][  0]LogActorFactory: Actor Factory spawned Class /Script/Engine.TargetPoint as actor: TargetPoint /Game/TrackBridge/Authoring/Kalinago_Editor.Kalinago_Editor:PersistentLevel.TargetPoint_51
[2026.09.25-16.10.59:997][  0]LogActorFactory: Actor Factory attempting to spawn Class /Script/Engine.TargetPoint
[2026.09.25-16.10.59:998][  0]LogActorFactory: Actor Factory spawned Class /Script/Engine.TargetPoint as actor: TargetPoint /Game/TrackBridge/Authoring/Kalinago_Editor.Kalinago_Editor:PersistentLevel.TargetPoint_52
[2026.09.25-16.11.00:000][  0]LogActorFactory: Actor Factory attempting to spawn Class /Script/Engine.TargetPoint
[2026.09.25-16.11.00:001][  0]LogActorFactory: Actor Factory spawned Class /Script/Engine.TargetPoint as actor: TargetPoint /Game/TrackBridge/Authoring/Kalinago_Editor.Kalinago_Editor:PersistentLevel.TargetPoint_53
[2026.09.25-16.11.00:004][  0]LogActorFactory: Actor Factory attempting to spawn Class /Script/Engine.TargetPoint
[2026.09.25-16.11.00:005][  0]LogActorFactory: Actor Factory spawned Class /Script/Engine.TargetPoint as actor: TargetPoint /Game/TrackBridge/Authoring/Kalinago_Editor.Kalinago_Editor:PersistentLevel.TargetPoint_54
[2026.09.25-16.11.00:007][  0]LogActorFactory: Actor Factory attempting to spawn Class /Script/Engine.TargetPoint
[2026.09.25-16.11.00:009][  0]LogActorFactory: Actor Factory spawned Class /Script/Engine.TargetPoint as actor: TargetPoint /Game/TrackBridge/Authoring/Kalinago_Editor.Kalinago_Editor:PersistentLevel.TargetPoint_55
[2026.09.25-16.11.00:011][  0]LogActorFactory: Actor Factory attempting to spawn Class /Script/Engine.TargetPoint
[2026.09.25-16.11.00:012][  0]LogActorFactory: Actor Factory spawned Class /Script/Engine.TargetPoint as actor: TargetPoint /Game/TrackBridge/Authoring/Kalinago_Editor.Kalinago_Editor:PersistentLevel.TargetPoint_56
[2026.09.25-16.11.00:014][  0]LogActorFactory: Actor Factory attempting to spawn Class /Script/Engine.TargetPoint
[2026.09.25-16.11.00:014][  0]LogActorFactory: Actor Factory spawned Class /Script/Engine.TargetPoint as actor: TargetPoint /Game/TrackBridge/Authoring/Kalinago_Editor.Kalinago_Editor:PersistentLevel.TargetPoint_57
[2026.09.25-16.11.00:017][  0]LogActorFactory: Actor Factory attempting to spawn Class /Script/Engine.TargetPoint
[2026.09.25-16.11.00:018][  0]LogActorFactory: Actor Factory spawned Class /Script/Engine.TargetPoint as actor: TargetPoint /Game/TrackBridge/Authoring/Kalinago_Editor.Kalinago_Editor:PersistentLevel.TargetPoint_58
[2026.09.25-16.11.00:020][  0]LogActorFactory: Actor Factory attempting to spawn Class /Script/Engine.TargetPoint
[2026.09.25-16.11.00:021][  0]LogActorFactory: Actor Factory spawned Class /Script/Engine.TargetPoint as actor: TargetPoint /Game/TrackBridge/Authoring/Kalinago_Editor.Kalinago_Editor:PersistentLevel.TargetPoint_59
[2026.09.25-16.11.00:023][  0]LogActorFactory: Actor Factory attempting to spawn Class /Script/Engine.TargetPoint
[2026.09.25-16.11.00:024][  0]LogActorFactory: Actor Factory spawned Class /Script/Engine.TargetPoint as actor: TargetPoint /Game/TrackBridge/Authoring/Kalinago_Editor.Kalinago_Editor:PersistentLevel.TargetPoint_60
[2026.09.25-16.11.00:026][  0]LogActorFactory: Actor Factory attempting to spawn Class /Script/Engine.TargetPoint
[2026.09.25-16.11.00:026][  0]LogActorFactory: Actor Factory spawned Class /Script/Engine.TargetPoint as actor: TargetPoint /Game/TrackBridge/Authoring/Kalinago_Editor.Kalinago_Editor:PersistentLevel.TargetPoint_61
[2026.09.25-16.11.00:029][  0]LogActorFactory: Actor Factory attempting to spawn Class /Script/Engine.TargetPoint
[2026.09.25-16.11.00:030][  0]LogActorFactory: Actor Factory spawned Class /Script/Engine.TargetPoint as actor: TargetPoint /Game/TrackBridge/Authoring/Kalinago_Editor.Kalinago_Editor:PersistentLevel.TargetPoint_62
[2026.09.25-16.11.00:032][  0]LogActorFactory: Actor Factory attempting to spawn Class /Script/Engine.TargetPoint
[2026.09.25-16.11.00:033][  0]LogActorFactory: Actor Factory spawned Class /Script/Engine.TargetPoint as actor: TargetPoint /Game/TrackBridge/Authoring/Kalinago_Editor.Kalinago_Editor:PersistentLevel.TargetPoint_63
[2026.09.25-16.11.00:035][  0]LogActorFactory: Actor Factory attempting to spawn Class /Script/Engine.TargetPoint
[2026.09.25-16.11.00:036][  0]LogActorFactory: Actor Factory spawned Class /Script/Engine.TargetPoint as actor: TargetPoint /Game/TrackBridge/Authoring/Kalinago_Editor.Kalinago_Editor:PersistentLevel.TargetPoint_64
[2026.09.25-16.11.00:039][  0]LogActorFactory: Actor Factory attempting to spawn Class /Script/Engine.TargetPoint
[2026.09.25-16.11.00:039][  0]LogActorFactory: Actor Factory spawned Class /Script/Engine.TargetPoint as actor: TargetPoint /Game/TrackBridge/Authoring/Kalinago_Editor.Kalinago_Editor:PersistentLevel.TargetPoint_65
[2026.09.25-16.11.00:041][  0]LogActorFactory: Actor Factory attempting to spawn Class /Script/Engine.TargetPoint
[2026.09.25-16.11.00:042][  0]LogActorFactory: Actor Factory spawned Class /Script/Engine.TargetPoint as actor: TargetPoint /Game/TrackBridge/Authoring/Kalinago_Editor.Kalinago_Editor:PersistentLevel.TargetPoint_66
[2026.09.25-16.11.00:044][  0]LogActorFactory: Actor Factory attempting to spawn Class /Script/Engine.TargetPoint
[2026.09.25-16.11.00:044][  0]LogActorFactory: Actor Factory spawned Class /Script/Engine.TargetPoint as actor: TargetPoint /Game/TrackBridge/Authoring/Kalinago_Editor.Kalinago_Editor:PersistentLevel.TargetPoint_67
[2026.09.25-16.11.00:046][  0]LogActorFactory: Actor Factory attempting to spawn Class /Script/Engine.TargetPoint
[2026.09.25-16.11.00:047][  0]LogActorFactory: Actor Factory spawned Class /Script/Engine.TargetPoint as actor: TargetPoint /Game/TrackBridge/Authoring/Kalinago_Editor.Kalinago_Editor:PersistentLevel.TargetPoint_68
[2026.09.25-16.11.00:050][  0]LogActorFactory: Actor Factory attempting to spawn Class /Script/Engine.TargetPoint
[2026.09.25-16.11.00:051][  0]LogActorFactory: Actor Factory spawned Class /Script/Engine.TargetPoint as actor: TargetPoint /Game/TrackBridge/Authoring/Kalinago_Editor.Kalinago_Editor:PersistentLevel.TargetPoint_69
[2026.09.25-16.11.00:053][  0]LogActorFactory: Actor Factory attempting to spawn Class /Script/Engine.TargetPoint
[2026.09.25-16.11.00:054][  0]LogActorFactory: Actor Factory spawned Class /Script/Engine.TargetPoint as actor: TargetPoint /Game/TrackBridge/Authoring/Kalinago_Editor.Kalinago_Editor:PersistentLevel.TargetPoint_70
[2026.09.25-16.11.00:055][  0]LogActorFactory: Actor Factory attempting to spawn Class /Script/Engine.TargetPoint
[2026.09.25-16.11.00:056][  0]LogActorFactory: Actor Factory spawned Class /Script/Engine.TargetPoint as actor: TargetPoint /Game/TrackBridge/Authoring/Kalinago_Editor.Kalinago_Editor:PersistentLevel.TargetPoint_71
[2026.09.25-16.11.00:058][  0]LogActorFactory: Actor Factory attempting to spawn Class /Script/Engine.TargetPoint
[2026.09.25-16.11.00:059][  0]LogActorFactory: Actor Factory spawned Class /Script/Engine.TargetPoint as actor: TargetPoint /Game/TrackBridge/Authoring/Kalinago_Editor.Kalinago_Editor:PersistentLevel.TargetPoint_72
[2026.09.25-16.11.00:062][  0]LogActorFactory: Actor Factory attempting to spawn Class /Script/Engine.TargetPoint
[2026.09.25-16.11.00:063][  0]LogActorFactory: Actor Factory spawned Class /Script/Engine.TargetPoint as actor: TargetPoint /Game/TrackBridge/Authoring/Kalinago_Editor.Kalinago_Editor:PersistentLevel.TargetPoint_73
[2026.09.25-16.11.00:064][  0]LogActorFactory: Actor Factory attempting to spawn Class /Script/Engine.TargetPoint
[2026.09.25-16.11.00:065][  0]LogActorFactory: Actor Factory spawned Class /Script/Engine.TargetPoint as actor: TargetPoint /Game/TrackBridge/Authoring/Kalinago_Editor.Kalinago_Editor:PersistentLevel.TargetPoint_74
[2026.09.25-16.11.00:067][  0]LogActorFactory: Actor Factory attempting to spawn Class /Script/Engine.TargetPoint
[2026.09.25-16.11.00:068][  0]LogActorFactory: Actor Factory spawned Class /Script/Engine.TargetPoint as actor: TargetPoint /Game/TrackBridge/Authoring/Kalinago_Editor.Kalinago_Editor:PersistentLevel.TargetPoint_75
[2026.09.25-16.11.00:071][  0]LogActorFactory: Actor Factory attempting to spawn Class /Script/Engine.TargetPoint
[2026.09.25-16.11.00:072][  0]LogActorFactory: Actor Factory spawned Class /Script/Engine.TargetPoint as actor: TargetPoint /Game/TrackBridge/Authoring/Kalinago_Editor.Kalinago_Editor:PersistentLevel.TargetPoint_76
[2026.09.25-16.11.00:074][  0]LogActorFactory: Actor Factory attempting to spawn Class /Script/Engine.TargetPoint
[2026.09.25-16.11.00:074][  0]LogActorFactory: Actor Factory spawned Class /Script/Engine.TargetPoint as actor: TargetPoint /Game/TrackBridge/Authoring/Kalinago_Editor.Kalinago_Editor:PersistentLevel.TargetPoint_77
[2026.09.25-16.11.00:077][  0]LogActorFactory: Actor Factory attempting to spawn Class /Script/Engine.TargetPoint
[2026.09.25-16.11.00:077][  0]LogActorFactory: Actor Factory spawned Class /Script/Engine.TargetPoint as actor: TargetPoint /Game/TrackBridge/Authoring/Kalinago_Editor.Kalinago_Editor:PersistentLevel.TargetPoint_78
[2026.09.25-16.11.00:080][  0]LogActorFactory: Actor Factory attempting to spawn Class /Script/Engine.TargetPoint
[2026.09.25-16.11.00:080][  0]LogActorFactory: Actor Factory spawned Class /Script/Engine.TargetPoint as actor: TargetPoint /Game/TrackBridge/Authoring/Kalinago_Editor.Kalinago_Editor:PersistentLevel.TargetPoint_79
[2026.09.25-16.11.00:083][  0]LogActorFactory: Actor Factory attempting to spawn Class /Script/Engine.TargetPoint
[2026.09.25-16.11.00:084][  0]LogActorFactory: Actor Factory spawned Class /Script/Engine.TargetPoint as actor: TargetPoint /Game/TrackBridge/Authoring/Kalinago_Editor.Kalinago_Editor:PersistentLevel.TargetPoint_80
[2026.09.25-16.11.00:086][  0]LogActorFactory: Actor Factory attempting to spawn Class /Script/Engine.TargetPoint
[2026.09.25-16.11.00:087][  0]LogActorFactory: Actor Factory spawned Class /Script/Engine.TargetPoint as actor: TargetPoint /Game/TrackBridge/Authoring/Kalinago_Editor.Kalinago_Editor:PersistentLevel.TargetPoint_81
[2026.09.25-16.11.00:089][  0]LogActorFactory: Actor Factory attempting to spawn Class /Script/Engine.TargetPoint
[2026.09.25-16.11.00:089][  0]LogActorFactory: Actor Factory spawned Class /Script/Engine.TargetPoint as actor: TargetPoint /Game/TrackBridge/Authoring/Kalinago_Editor.Kalinago_Editor:PersistentLevel.TargetPoint_82
[2026.09.25-16.11.00:092][  0]LogActorFactory: Actor Factory attempting to spawn Class /Script/Engine.TargetPoint
[2026.09.25-16.11.00:093][  0]LogActorFactory: Actor Factory spawned Class /Script/Engine.TargetPoint as actor: TargetPoint /Game/TrackBridge/Authoring/Kalinago_Editor.Kalinago_Editor:PersistentLevel.TargetPoint_83
[2026.09.25-16.11.00:095][  0]LogActorFactory: Actor Factory attempting to spawn Class /Script/Engine.TargetPoint
[2026.09.25-16.11.00:096][  0]LogActorFactory: Actor Factory spawned Class /Script/Engine.TargetPoint as actor: TargetPoint /Game/TrackBridge/Authoring/Kalinago_Editor.Kalinago_Editor:PersistentLevel.TargetPoint_84
[2026.09.25-16.11.00:098][  0]LogActorFactory: Actor Factory attempting to spawn Class /Script/Engine.TargetPoint
[2026.09.25-16.11.00:098][  0]LogActorFactory: Actor Factory spawned Class /Script/Engine.TargetPoint as actor: TargetPoint /Game/TrackBridge/Authoring/Kalinago_Editor.Kalinago_Editor:PersistentLevel.TargetPoint_85
[2026.09.25-16.11.00:100][  0]LogActorFactory: Actor Factory attempting to spawn Class /Script/Engine.TargetPoint
[2026.09.25-16.11.00:102][  0]LogActorFactory: Actor Factory spawned Class /Script/Engine.TargetPoint as actor: TargetPoint /Game/TrackBridge/Authoring/Kalinago_Editor.Kalinago_Editor:PersistentLevel.TargetPoint_86
[2026.09.25-16.11.00:104][  0]LogActorFactory: Actor Factory attempting to spawn Class /Script/Engine.TargetPoint
[2026.09.25-16.11.00:104][  0]LogActorFactory: Actor Factory spawned Class /Script/Engine.TargetPoint as actor: TargetPoint /Game/TrackBridge/Authoring/Kalinago_Editor.Kalinago_Editor:PersistentLevel.TargetPoint_87
[2026.09.25-16.11.00:107][  0]LogActorFactory: Actor Factory attempting to spawn Class /Script/Engine.TargetPoint
[2026.09.25-16.11.00:107][  0]LogActorFactory: Actor Factory spawned Class /Script/Engine.TargetPoint as actor: TargetPoint /Game/TrackBridge/Authoring/Kalinago_Editor.Kalinago_Editor:PersistentLevel.TargetPoint_88
[2026.09.25-16.11.00:109][  0]LogActorFactory: Actor Factory attempting to spawn Class /Script/Engine.TargetPoint
[2026.09.25-16.11.00:110][  0]LogActorFactory: Actor Factory spawned Class /Script/Engine.TargetPoint as actor: TargetPoint /Game/TrackBridge/Authoring/Kalinago_Editor.Kalinago_Editor:PersistentLevel.TargetPoint_89
[2026.09.25-16.11.00:113][  0]LogActorFactory: Actor Factory attempting to spawn Class /Script/Engine.TargetPoint
[2026.09.25-16.11.00:114][  0]LogActorFactory: Actor Factory spawned Class /Script/Engine.TargetPoint as actor: TargetPoint /Game/TrackBridge/Authoring/Kalinago_Editor.Kalinago_Editor:PersistentLevel.TargetPoint_90
[2026.09.25-16.11.00:115][  0]LogActorFactory: Actor Factory attempting to spawn Class /Script/Engine.TargetPoint
[2026.09.25-16.11.00:116][  0]LogActorFactory: Actor Factory spawned Class /Script/Engine.TargetPoint as actor: TargetPoint /Game/TrackBridge/Authoring/Kalinago_Editor.Kalinago_Editor:PersistentLevel.TargetPoint_91
[2026.09.25-16.11.00:118][  0]LogActorFactory: Actor Factory attempting to spawn Class /Script/Engine.TargetPoint
[2026.09.25-16.11.00:119][  0]LogActorFactory: Actor Factory spawned Class /Script/Engine.TargetPoint as actor: TargetPoint /Game/TrackBridge/Authoring/Kalinago_Editor.Kalinago_Editor:PersistentLevel.TargetPoint_92
[2026.09.25-16.11.00:121][  0]LogActorFactory: Actor Factory attempting to spawn Class /Script/Engine.TargetPoint
[2026.09.25-16.11.00:122][  0]LogActorFactory: Actor Factory spawned Class /Script/Engine.TargetPoint as actor: TargetPoint /Game/TrackBridge/Authoring/Kalinago_Editor.Kalinago_Editor:PersistentLevel.TargetPoint_93
[2026.09.25-16.11.00:125][  0]LogActorFactory: Actor Factory attempting to spawn Class /Script/Engine.TargetPoint
[2026.09.25-16.11.00:125][  0]LogActorFactory: Actor Factory spawned Class /Script/Engine.TargetPoint as actor: TargetPoint /Game/TrackBridge/Authoring/Kalinago_Editor.Kalinago_Editor:PersistentLevel.TargetPoint_94
[2026.09.25-16.11.00:127][  0]LogActorFactory: Actor Factory attempting to spawn Class /Script/Engine.TargetPoint
[2026.09.25-16.11.00:129][  0]LogActorFactory: Actor Factory spawned Class /Script/Engine.TargetPoint as actor: TargetPoint /Game/TrackBridge/Authoring/Kalinago_Editor.Kalinago_Editor:PersistentLevel.TargetPoint_95
[2026.09.25-16.11.00:130][  0]LogActorFactory: Actor Factory attempting to spawn Class /Script/Engine.TargetPoint
[2026.09.25-16.11.00:131][  0]LogActorFactory: Actor Factory spawned Class /Script/Engine.TargetPoint as actor: TargetPoint /Game/TrackBridge/Authoring/Kalinago_Editor.Kalinago_Editor:PersistentLevel.TargetPoint_96
[2026.09.25-16.11.00:133][  0]LogActorFactory: Actor Factory attempting to spawn Class /Script/Engine.TargetPoint
[2026.09.25-16.11.00:134][  0]LogActorFactory: Actor Factory spawned Class /Script/Engine.TargetPoint as actor: TargetPoint /Game/TrackBridge/Authoring/Kalinago_Editor.Kalinago_Editor:PersistentLevel.TargetPoint_97
[2026.09.25-16.11.00:136][  0]LogActorFactory: Actor Factory attempting to spawn Class /Script/Engine.TargetPoint
[2026.09.25-16.11.00:136][  0]LogActorFactory: Actor Factory spawned Class /Script/Engine.TargetPoint as actor: TargetPoint /Game/TrackBridge/Authoring/Kalinago_Editor.Kalinago_Editor:PersistentLevel.TargetPoint_98
[2026.09.25-16.11.00:140][  0]LogActorFactory: Actor Factory attempting to spawn Class /Script/Engine.TargetPoint
[2026.09.25-16.11.00:140][  0]LogActorFactory: Actor Factory spawned Class /Script/Engine.TargetPoint as actor: TargetPoint /Game/TrackBridge/Authoring/Kalinago_Editor.Kalinago_Editor:PersistentLevel.TargetPoint_99
[2026.09.25-16.11.00:142][  0]LogActorFactory: Actor Factory attempting to spawn Class /Script/Engine.TargetPoint
[2026.09.25-16.11.00:143][  0]LogActorFactory: Actor Factory spawned Class /Script/Engine.TargetPoint as actor: TargetPoint /Game/TrackBridge/Authoring/Kalinago_Editor.Kalinago_Editor:PersistentLevel.TargetPoint_100
[2026.09.25-16.11.00:146][  0]LogActorFactory: Actor Factory attempting to spawn Class /Script/Engine.TargetPoint
[2026.09.25-16.11.00:147][  0]LogActorFactory: Actor Factory spawned Class /Script/Engine.TargetPoint as actor: TargetPoint /Game/TrackBridge/Authoring/Kalinago_Editor.Kalinago_Editor:PersistentLevel.TargetPoint_101
[2026.09.25-16.11.00:149][  0]LogActorFactory: Actor Factory attempting to spawn Class /Script/Engine.TargetPoint
[2026.09.25-16.11.00:150][  0]LogActorFactory: Actor Factory spawned Class /Script/Engine.TargetPoint as actor: TargetPoint /Game/TrackBridge/Authoring/Kalinago_Editor.Kalinago_Editor:PersistentLevel.TargetPoint_102
[2026.09.25-16.11.00:153][  0]LogActorFactory: Actor Factory attempting to spawn Class /Script/Engine.TargetPoint
[2026.09.25-16.11.00:153][  0]LogActorFactory: Actor Factory spawned Class /Script/Engine.TargetPoint as actor: TargetPoint /Game/TrackBridge/Authoring/Kalinago_Editor.Kalinago_Editor:PersistentLevel.TargetPoint_103
[2026.09.25-16.11.00:155][  0]LogActorFactory: Actor Factory attempting to spawn Class /Script/Engine.TargetPoint
[2026.09.25-16.11.00:155][  0]LogActorFactory: Actor Factory spawned Class /Script/Engine.TargetPoint as actor: TargetPoint /Game/TrackBridge/Authoring/Kalinago_Editor.Kalinago_Editor:PersistentLevel.TargetPoint_104
[2026.09.25-16.11.00:159][  0]LogActorFactory: Actor Factory attempting to spawn Class /Script/Engine.TargetPoint
[2026.09.25-16.11.00:159][  0]LogActorFactory: Actor Factory spawned Class /Script/Engine.TargetPoint as actor: TargetPoint /Game/TrackBridge/Authoring/Kalinago_Editor.Kalinago_Editor:PersistentLevel.TargetPoint_105
[2026.09.25-16.11.00:162][  0]LogActorFactory: Actor Factory attempting to spawn Class /Script/Engine.TargetPoint
[2026.09.25-16.11.00:163][  0]LogActorFactory: Actor Factory spawned Class /Script/Engine.TargetPoint as actor: TargetPoint /Game/TrackBridge/Authoring/Kalinago_Editor.Kalinago_Editor:PersistentLevel.TargetPoint_106
[2026.09.25-16.11.00:165][  0]LogActorFactory: Actor Factory attempting to spawn Class /Script/Engine.TargetPoint
[2026.09.25-16.11.00:165][  0]LogActorFactory: Actor Factory spawned Class /Script/Engine.TargetPoint as actor: TargetPoint /Game/TrackBridge/Authoring/Kalinago_Editor.Kalinago_Editor:PersistentLevel.TargetPoint_107
[2026.09.25-16.11.00:168][  0]LogActorFactory: Actor Factory attempting to spawn Class /Script/Engine.TargetPoint
[2026.09.25-16.11.00:168][  0]LogActorFactory: Actor Factory spawned Class /Script/Engine.TargetPoint as actor: TargetPoint /Game/TrackBridge/Authoring/Kalinago_Editor.Kalinago_Editor:PersistentLevel.TargetPoint_108
[2026.09.25-16.11.00:170][  0]LogActorFactory: Actor Factory attempting to spawn Class /Script/Engine.TargetPoint
[2026.09.25-16.11.00:171][  0]LogActorFactory: Actor Factory spawned Class /Script/Engine.TargetPoint as actor: TargetPoint /Game/TrackBridge/Authoring/Kalinago_Editor.Kalinago_Editor:PersistentLevel.TargetPoint_109
[2026.09.25-16.11.00:174][  0]LogActorFactory: Actor Factory attempting to spawn Class /Script/Engine.TargetPoint
[2026.09.25-16.11.00:174][  0]LogActorFactory: Actor Factory spawned Class /Script/Engine.TargetPoint as actor: TargetPoint /Game/TrackBridge/Authoring/Kalinago_Editor.Kalinago_Editor:PersistentLevel.TargetPoint_110
[2026.09.25-16.11.00:177][  0]LogActorFactory: Actor Factory attempting to spawn Class /Script/Engine.TargetPoint
[2026.09.25-16.11.00:177][  0]LogActorFactory: Actor Factory spawned Class /Script/Engine.TargetPoint as actor: TargetPoint /Game/TrackBridge/Authoring/Kalinago_Editor.Kalinago_Editor:PersistentLevel.TargetPoint_111
[2026.09.25-16.11.00:180][  0]LogActorFactory: Actor Factory attempting to spawn Class /Script/Engine.TargetPoint
[2026.09.25-16.11.00:180][  0]LogActorFactory: Actor Factory spawned Class /Script/Engine.TargetPoint as actor: TargetPoint /Game/TrackBridge/Authoring/Kalinago_Editor.Kalinago_Editor:PersistentLevel.TargetPoint_112
[2026.09.25-16.11.00:183][  0]LogActorFactory: Actor Factory attempting to spawn Class /Script/Engine.TargetPoint
[2026.09.25-16.11.00:183][  0]LogActorFactory: Actor Factory spawned Class /Script/Engine.TargetPoint as actor: TargetPoint /Game/TrackBridge/Authoring/Kalinago_Editor.Kalinago_Editor:PersistentLevel.TargetPoint_113
[2026.09.25-16.11.00:186][  0]LogActorFactory: Actor Factory attempting to spawn Class /Script/Engine.TargetPoint
[2026.09.25-16.11.00:187][  0]LogActorFactory: Actor Factory spawned Class /Script/Engine.TargetPoint as actor: TargetPoint /Game/TrackBridge/Authoring/Kalinago_Editor.Kalinago_Editor:PersistentLevel.TargetPoint_114
[2026.09.25-16.11.00:189][  0]LogActorFactory: Actor Factory attempting to spawn Class /Script/Engine.TargetPoint
[2026.09.25-16.11.00:189][  0]LogActorFactory: Actor Factory spawned Class /Script/Engine.TargetPoint as actor: TargetPoint /Game/TrackBridge/Authoring/Kalinago_Editor.Kalinago_Editor:PersistentLevel.TargetPoint_115
[2026.09.25-16.11.00:194][  0]LogActorFactory: Actor Factory attempting to spawn Class /Script/Engine.TargetPoint
[2026.09.25-16.11.00:194][  0]LogActorFactory: Actor Factory spawned Class /Script/Engine.TargetPoint as actor: TargetPoint /Game/TrackBridge/Authoring/Kalinago_Editor.Kalinago_Editor:PersistentLevel.TargetPoint_116
[2026.09.25-16.11.00:196][  0]LogActorFactory: Actor Factory attempting to spawn Class /Script/Engine.TargetPoint
[2026.09.25-16.11.00:197][  0]LogActorFactory: Actor Factory spawned Class /Script/Engine.TargetPoint as actor: TargetPoint /Game/TrackBridge/Authoring/Kalinago_Editor.Kalinago_Editor:PersistentLevel.TargetPoint_117
[2026.09.25-16.11.00:200][  0]LogActorFactory: Actor Factory attempting to spawn Class /Script/Engine.TargetPoint
[2026.09.25-16.11.00:201][  0]LogActorFactory: Actor Factory spawned Class /Script/Engine.TargetPoint as actor: TargetPoint /Game/TrackBridge/Authoring/Kalinago_Editor.Kalinago_Editor:PersistentLevel.TargetPoint_118
[2026.09.25-16.11.00:203][  0]LogActorFactory: Actor Factory attempting to spawn Class /Script/Engine.TargetPoint
[2026.09.25-16.11.00:204][  0]LogActorFactory: Actor Factory spawned Class /Script/Engine.TargetPoint as actor: TargetPoint /Game/TrackBridge/Authoring/Kalinago_Editor.Kalinago_Editor:PersistentLevel.TargetPoint_119
[2026.09.25-16.11.00:206][  0]LogActorFactory: Actor Factory attempting to spawn Class /Script/Engine.TargetPoint
[2026.09.25-16.11.00:206][  0]LogActorFactory: Actor Factory spawned Class /Script/Engine.TargetPoint as actor: TargetPoint /Game/TrackBridge/Authoring/Kalinago_Editor.Kalinago_Editor:PersistentLevel.TargetPoint_120
[2026.09.25-16.11.00:209][  0]LogActorFactory: Actor Factory attempting to spawn Class /Script/Engine.TargetPoint
[2026.09.25-16.11.00:210][  0]LogActorFactory: Actor Factory spawned Class /Script/Engine.TargetPoint as actor: TargetPoint /Game/TrackBridge/Authoring/Kalinago_Editor.Kalinago_Editor:PersistentLevel.TargetPoint_121
[2026.09.25-16.11.00:212][  0]LogActorFactory: Actor Factory attempting to spawn Class /Script/Engine.TargetPoint
[2026.09.25-16.11.00:213][  0]LogActorFactory: Actor Factory spawned Class /Script/Engine.TargetPoint as actor: TargetPoint /Game/TrackBridge/Authoring/Kalinago_Editor.Kalinago_Editor:PersistentLevel.TargetPoint_122
[2026.09.25-16.11.00:215][  0]LogActorFactory: Actor Factory attempting to spawn Class /Script/Engine.TargetPoint
[2026.09.25-16.11.00:216][  0]LogActorFactory: Actor Factory spawned Class /Script/Engine.TargetPoint as actor: TargetPoint /Game/TrackBridge/Authoring/Kalinago_Editor.Kalinago_Editor:PersistentLevel.TargetPoint_123
[2026.09.25-16.11.00:218][  0]LogActorFactory: Actor Factory attempting to spawn Class /Script/Engine.TargetPoint
[2026.09.25-16.11.00:219][  0]LogActorFactory: Actor Factory spawned Class /Script/Engine.TargetPoint as actor: TargetPoint /Game/TrackBridge/Authoring/Kalinago_Editor.Kalinago_Editor:PersistentLevel.TargetPoint_124
[2026.09.25-16.11.00:221][  0]LogActorFactory: Actor Factory attempting to spawn Class /Script/Engine.TargetPoint
[2026.09.25-16.11.00:222][  0]LogActorFactory: Actor Factory spawned Class /Script/Engine.TargetPoint as actor: TargetPoint /Game/TrackBridge/Authoring/Kalinago_Editor.Kalinago_Editor:PersistentLevel.TargetPoint_125
[2026.09.25-16.11.00:224][  0]LogActorFactory: Actor Factory attempting to spawn Class /Script/Engine.TargetPoint
[2026.09.25-16.11.00:225][  0]LogActorFactory: Actor Factory spawned Class /Script/Engine.TargetPoint as actor: TargetPoint /Game/TrackBridge/Authoring/Kalinago_Editor.Kalinago_Editor:PersistentLevel.TargetPoint_126
[2026.09.25-16.11.00:227][  0]LogActorFactory: Actor Factory attempting to spawn Class /Script/Engine.TargetPoint
[2026.09.25-16.11.00:227][  0]LogActorFactory: Actor Factory spawned Class /Script/Engine.TargetPoint as actor: TargetPoint /Game/TrackBridge/Authoring/Kalinago_Editor.Kalinago_Editor:PersistentLevel.TargetPoint_127
[2026.09.25-16.11.00:229][  0]LogActorFactory: Actor Factory attempting to spawn Class /Script/Engine.TargetPoint
[2026.09.25-16.11.00:231][  0]LogActorFactory: Actor Factory spawned Class /Script/Engine.TargetPoint as actor: TargetPoint /Game/TrackBridge/Authoring/Kalinago_Editor.Kalinago_Editor:PersistentLevel.TargetPoint_128
[2026.09.25-16.11.00:233][  0]LogActorFactory: Actor Factory attempting to spawn Class /Script/Engine.TargetPoint
[2026.09.25-16.11.00:234][  0]LogActorFactory: Actor Factory spawned Class /Script/Engine.TargetPoint as actor: TargetPoint /Game/TrackBridge/Authoring/Kalinago_Editor.Kalinago_Editor:PersistentLevel.TargetPoint_129
[2026.09.25-16.11.00:237][  0]LogActorFactory: Actor Factory attempting to spawn Class /Script/Engine.TargetPoint
[2026.09.25-16.11.00:237][  0]LogActorFactory: Actor Factory spawned Class /Script/Engine.TargetPoint as actor: TargetPoint /Game/TrackBridge/Authoring/Kalinago_Editor.Kalinago_Editor:PersistentLevel.TargetPoint_130
[2026.09.25-16.11.00:239][  0]LogActorFactory: Actor Factory attempting to spawn Class /Script/Engine.TargetPoint
[2026.09.25-16.11.00:240][  0]LogActorFactory: Actor Factory spawned Class /Script/Engine.TargetPoint as actor: TargetPoint /Game/TrackBridge/Authoring/Kalinago_Editor.Kalinago_Editor:PersistentLevel.TargetPoint_131
[2026.09.25-16.11.00:242][  0]LogActorFactory: Actor Factory attempting to spawn Class /Script/Engine.TargetPoint
[2026.09.25-16.11.00:243][  0]LogActorFactory: Actor Factory spawned Class /Script/Engine.TargetPoint as actor: TargetPoint /Game/TrackBridge/Authoring/Kalinago_Editor.Kalinago_Editor:PersistentLevel.TargetPoint_132
[2026.09.25-16.11.00:245][  0]LogActorFactory: Actor Factory attempting to spawn Class /Script/Engine.TargetPoint
[2026.09.25-16.11.00:246][  0]LogActorFactory: Actor Factory spawned Class /Script/Engine.TargetPoint as actor: TargetPoint /Game/TrackBridge/Authoring/Kalinago_Editor.Kalinago_Editor:PersistentLevel.TargetPoint_133
[2026.09.25-16.11.00:248][  0]LogActorFactory: Actor Factory attempting to spawn Class /Script/Engine.TargetPoint
[2026.09.25-16.11.00:249][  0]LogActorFactory: Actor Factory spawned Class /Script/Engine.TargetPoint as actor: TargetPoint /Game/TrackBridge/Authoring/Kalinago_Editor.Kalinago_Editor:PersistentLevel.TargetPoint_134
[2026.09.25-16.11.00:251][  0]LogActorFactory: Actor Factory attempting to spawn Class /Script/Engine.TargetPoint
[2026.09.25-16.11.00:252][  0]LogActorFactory: Actor Factory spawned Class /Script/Engine.TargetPoint as actor: TargetPoint /Game/TrackBridge/Authoring/Kalinago_Editor.Kalinago_Editor:PersistentLevel.TargetPoint_135
[2026.09.25-16.11.00:254][  0]LogActorFactory: Actor Factory attempting to spawn Class /Script/Engine.TargetPoint
[2026.09.25-16.11.00:255][  0]LogActorFactory: Actor Factory spawned Class /Script/Engine.TargetPoint as actor: TargetPoint /Game/TrackBridge/Authoring/Kalinago_Editor.Kalinago_Editor:PersistentLevel.TargetPoint_136
[2026.09.25-16.11.00:258][  0]LogActorFactory: Actor Factory attempting to spawn Class /Script/Engine.TargetPoint
[2026.09.25-16.11.00:259][  0]LogActorFactory: Actor Factory spawned Class /Script/Engine.TargetPoint as actor: TargetPoint /Game/TrackBridge/Authoring/Kalinago_Editor.Kalinago_Editor:PersistentLevel.TargetPoint_137
[2026.09.25-16.11.00:260][  0]LogActorFactory: Actor Factory attempting to spawn Class /Script/Engine.TargetPoint
[2026.09.25-16.11.00:261][  0]LogActorFactory: Actor Factory spawned Class /Script/Engine.TargetPoint as actor: TargetPoint /Game/TrackBridge/Authoring/Kalinago_Editor.Kalinago_Editor:PersistentLevel.TargetPoint_138
[2026.09.25-16.11.00:263][  0]LogActorFactory: Actor Factory attempting to spawn Class /Script/Engine.TargetPoint
[2026.09.25-16.11.00:264][  0]LogActorFactory: Actor Factory spawned Class /Script/Engine.TargetPoint as actor: TargetPoint /Game/TrackBridge/Authoring/Kalinago_Editor.Kalinago_Editor:PersistentLevel.TargetPoint_139
[2026.09.25-16.11.00:267][  0]LogActorFactory: Actor Factory attempting to spawn Class /Script/Engine.TargetPoint
[2026.09.25-16.11.00:268][  0]LogActorFactory: Actor Factory spawned Class /Script/Engine.TargetPoint as actor: TargetPoint /Game/TrackBridge/Authoring/Kalinago_Editor.Kalinago_Editor:PersistentLevel.TargetPoint_140
[2026.09.25-16.11.00:271][  0]LogActorFactory: Actor Factory attempting to spawn Class /Script/Engine.TargetPoint
[2026.09.25-16.11.00:272][  0]LogActorFactory: Actor Factory spawned Class /Script/Engine.TargetPoint as actor: TargetPoint /Game/TrackBridge/Authoring/Kalinago_Editor.Kalinago_Editor:PersistentLevel.TargetPoint_141
[2026.09.25-16.11.00:274][  0]LogActorFactory: Actor Factory attempting to spawn Class /Script/Engine.TargetPoint
[2026.09.25-16.11.00:274][  0]LogActorFactory: Actor Factory spawned Class /Script/Engine.TargetPoint as actor: TargetPoint /Game/TrackBridge/Authoring/Kalinago_Editor.Kalinago_Editor:PersistentLevel.TargetPoint_142
[2026.09.25-16.11.00:276][  0]LogActorFactory: Actor Factory attempting to spawn Class /Script/Engine.TargetPoint
[2026.09.25-16.11.00:278][  0]LogActorFactory: Actor Factory spawned Class /Script/Engine.TargetPoint as actor: TargetPoint /Game/TrackBridge/Authoring/Kalinago_Editor.Kalinago_Editor:PersistentLevel.TargetPoint_143
[2026.09.25-16.11.00:280][  0]LogActorFactory: Actor Factory attempting to spawn Class /Script/Engine.TargetPoint
[2026.09.25-16.11.00:280][  0]LogActorFactory: Actor Factory spawned Class /Script/Engine.TargetPoint as actor: TargetPoint /Game/TrackBridge/Authoring/Kalinago_Editor.Kalinago_Editor:PersistentLevel.TargetPoint_144
[2026.09.25-16.11.00:283][  0]LogActorFactory: Actor Factory attempting to spawn Class /Script/Engine.TargetPoint
[2026.09.25-16.11.00:283][  0]LogActorFactory: Actor Factory spawned Class /Script/Engine.TargetPoint as actor: TargetPoint /Game/TrackBridge/Authoring/Kalinago_Editor.Kalinago_Editor:PersistentLevel.TargetPoint_145
[2026.09.25-16.11.00:286][  0]LogActorFactory: Actor Factory attempting to spawn Class /Script/Engine.TargetPoint
[2026.09.25-16.11.00:287][  0]LogActorFactory: Actor Factory spawned Class /Script/Engine.TargetPoint as actor: TargetPoint /Game/TrackBridge/Authoring/Kalinago_Editor.Kalinago_Editor:PersistentLevel.TargetPoint_146
[2026.09.25-16.11.00:289][  0]LogActorFactory: Actor Factory attempting to spawn Class /Script/Engine.TargetPoint
[2026.09.25-16.11.00:289][  0]LogActorFactory: Actor Factory spawned Class /Script/Engine.TargetPoint as actor: TargetPoint /Game/TrackBridge/Authoring/Kalinago_Editor.Kalinago_Editor:PersistentLevel.TargetPoint_147
[2026.09.25-16.11.00:292][  0]LogActorFactory: Actor Factory attempting to spawn Class /Script/Engine.TargetPoint
[2026.09.25-16.11.00:292][  0]LogActorFactory: Actor Factory spawned Class /Script/Engine.TargetPoint as actor: TargetPoint /Game/TrackBridge/Authoring/Kalinago_Editor.Kalinago_Editor:PersistentLevel.TargetPoint_148
[2026.09.25-16.11.00:294][  0]LogActorFactory: Actor Factory attempting to spawn Class /Script/Engine.TargetPoint
[2026.09.25-16.11.00:295][  0]LogActorFactory: Actor Factory spawned Class /Script/Engine.TargetPoint as actor: TargetPoint /Game/TrackBridge/Authoring/Kalinago_Editor.Kalinago_Editor:PersistentLevel.TargetPoint_149
[2026.09.25-16.11.00:298][  0]LogActorFactory: Actor Factory attempting to spawn Class /Script/Engine.TargetPoint
[2026.09.25-16.11.00:299][  0]LogActorFactory: Actor Factory spawned Class /Script/Engine.TargetPoint as actor: TargetPoint /Game/TrackBridge/Authoring/Kalinago_Editor.Kalinago_Editor:PersistentLevel.TargetPoint_150
[2026.09.25-16.11.00:301][  0]LogActorFactory: Actor Factory attempting to spawn Class /Script/Engine.TargetPoint
[2026.09.25-16.11.00:302][  0]LogActorFactory: Actor Factory spawned Class /Script/Engine.TargetPoint as actor: TargetPoint /Game/TrackBridge/Authoring/Kalinago_Editor.Kalinago_Editor:PersistentLevel.TargetPoint_151
[2026.09.25-16.11.00:304][  0]LogActorFactory: Actor Factory attempting to spawn Class /Script/Engine.TargetPoint
[2026.09.25-16.11.00:304][  0]LogActorFactory: Actor Factory spawned Class /Script/Engine.TargetPoint as actor: TargetPoint /Game/TrackBridge/Authoring/Kalinago_Editor.Kalinago_Editor:PersistentLevel.TargetPoint_152
[2026.09.25-16.11.00:306][  0]LogActorFactory: Actor Factory attempting to spawn Class /Script/Engine.TargetPoint
[2026.09.25-16.11.00:308][  0]LogActorFactory: Actor Factory spawned Class /Script/Engine.TargetPoint as actor: TargetPoint /Game/TrackBridge/Authoring/Kalinago_Editor.Kalinago_Editor:PersistentLevel.TargetPoint_153
[2026.09.25-16.11.00:310][  0]LogActorFactory: Actor Factory attempting to spawn Class /Script/Engine.TargetPoint
[2026.09.25-16.11.00:310][  0]LogActorFactory: Actor Factory spawned Class /Script/Engine.TargetPoint as actor: TargetPoint /Game/TrackBridge/Authoring/Kalinago_Editor.Kalinago_Editor:PersistentLevel.TargetPoint_154
[2026.09.25-16.11.00:312][  0]LogActorFactory: Actor Factory attempting to spawn Class /Script/Engine.TargetPoint
[2026.09.25-16.11.00:314][  0]LogActorFactory: Actor Factory spawned Class /Script/Engine.TargetPoint as actor: TargetPoint /Game/TrackBridge/Authoring/Kalinago_Editor.Kalinago_Editor:PersistentLevel.TargetPoint_155
[2026.09.25-16.11.00:316][  0]LogActorFactory: Actor Factory attempting to spawn Class /Script/Engine.TargetPoint
[2026.09.25-16.11.00:317][  0]LogActorFactory: Actor Factory spawned Class /Script/Engine.TargetPoint as actor: TargetPoint /Game/TrackBridge/Authoring/Kalinago_Editor.Kalinago_Editor:PersistentLevel.TargetPoint_156
[2026.09.25-16.11.00:320][  0]LogActorFactory: Actor Factory attempting to spawn Class /Script/Engine.TargetPoint
[2026.09.25-16.11.00:320][  0]LogActorFactory: Actor Factory spawned Class /Script/Engine.TargetPoint as actor: TargetPoint /Game/TrackBridge/Authoring/Kalinago_Editor.Kalinago_Editor:PersistentLevel.TargetPoint_157
[2026.09.25-16.11.00:323][  0]LogActorFactory: Actor Factory attempting to spawn Class /Script/Engine.TargetPoint
[2026.09.25-16.11.00:323][  0]LogActorFactory: Actor Factory spawned Class /Script/Engine.TargetPoint as actor: TargetPoint /Game/TrackBridge/Authoring/Kalinago_Editor.Kalinago_Editor:PersistentLevel.TargetPoint_158
[2026.09.25-16.11.00:326][  0]LogActorFactory: Actor Factory attempting to spawn Class /Script/Engine.TargetPoint
[2026.09.25-16.11.00:327][  0]LogActorFactory: Actor Factory spawned Class /Script/Engine.TargetPoint as actor: TargetPoint /Game/TrackBridge/Authoring/Kalinago_Editor.Kalinago_Editor:PersistentLevel.TargetPoint_159
[2026.09.25-16.11.00:329][  0]LogActorFactory: Actor Factory attempting to spawn Class /Script/Engine.TargetPoint
[2026.09.25-16.11.00:329][  0]LogActorFactory: Actor Factory spawned Class /Script/Engine.TargetPoint as actor: TargetPoint /Game/TrackBridge/Authoring/Kalinago_Editor.Kalinago_Editor:PersistentLevel.TargetPoint_160
[2026.09.25-16.11.00:332][  0]LogActorFactory: Actor Factory attempting to spawn Class /Script/Engine.TargetPoint
[2026.09.25-16.11.00:333][  0]LogActorFactory: Actor Factory spawned Class /Script/Engine.TargetPoint as actor: TargetPoint /Game/TrackBridge/Authoring/Kalinago_Editor.Kalinago_Editor:PersistentLevel.TargetPoint_161
[2026.09.25-16.11.00:335][  0]LogActorFactory: Actor Factory attempting to spawn Class /Script/Engine.TargetPoint
[2026.09.25-16.11.00:336][  0]LogActorFactory: Actor Factory spawned Class /Script/Engine.TargetPoint as actor: TargetPoint /Game/TrackBridge/Authoring/Kalinago_Editor.Kalinago_Editor:PersistentLevel.TargetPoint_162
[2026.09.25-16.11.00:338][  0]LogActorFactory: Actor Factory attempting to spawn Class /Script/Engine.TargetPoint
[2026.09.25-16.11.00:339][  0]LogActorFactory: Actor Factory spawned Class /Script/Engine.TargetPoint as actor: TargetPoint /Game/TrackBridge/Authoring/Kalinago_Editor.Kalinago_Editor:PersistentLevel.TargetPoint_163
[2026.09.25-16.11.00:341][  0]LogActorFactory: Actor Factory attempting to spawn Class /Script/Engine.TargetPoint
[2026.09.25-16.11.00:341][  0]LogActorFactory: Actor Factory spawned Class /Script/Engine.TargetPoint as actor: TargetPoint /Game/TrackBridge/Authoring/Kalinago_Editor.Kalinago_Editor:PersistentLevel.TargetPoint_164
[2026.09.25-16.11.00:345][  0]LogActorFactory: Actor Factory attempting to spawn Class /Script/Engine.TargetPoint
[2026.09.25-16.11.00:346][  0]LogActorFactory: Actor Factory spawned Class /Script/Engine.TargetPoint as actor: TargetPoint /Game/TrackBridge/Authoring/Kalinago_Editor.Kalinago_Editor:PersistentLevel.TargetPoint_165
[2026.09.25-16.11.00:349][  0]LogActorFactory: Actor Factory attempting to spawn Class /Script/Engine.TargetPoint
[2026.09.25-16.11.00:349][  0]LogActorFactory: Actor Factory spawned Class /Script/Engine.TargetPoint as actor: TargetPoint /Game/TrackBridge/Authoring/Kalinago_Editor.Kalinago_Editor:PersistentLevel.TargetPoint_166
[2026.09.25-16.11.00:353][  0]LogActorFactory: Actor Factory attempting to spawn Class /Script/Engine.TargetPoint
[2026.09.25-16.11.00:354][  0]LogActorFactory: Actor Factory spawned Class /Script/Engine.TargetPoint as actor: TargetPoint /Game/TrackBridge/Authoring/Kalinago_Editor.Kalinago_Editor:PersistentLevel.TargetPoint_167
[2026.09.25-16.11.00:356][  0]LogActorFactory: Actor Factory attempting to spawn Class /Script/Engine.TargetPoint
[2026.09.25-16.11.00:358][  0]LogActorFactory: Actor Factory spawned Class /Script/Engine.TargetPoint as actor: TargetPoint /Game/TrackBridge/Authoring/Kalinago_Editor.Kalinago_Editor:PersistentLevel.TargetPoint_168
[2026.09.25-16.11.00:361][  0]LogActorFactory: Actor Factory attempting to spawn Class /Script/Engine.TargetPoint
[2026.09.25-16.11.00:363][  0]LogActorFactory: Actor Factory spawned Class /Script/Engine.TargetPoint as actor: TargetPoint /Game/TrackBridge/Authoring/Kalinago_Editor.Kalinago_Editor:PersistentLevel.TargetPoint_169
[2026.09.25-16.11.00:365][  0]LogActorFactory: Actor Factory attempting to spawn Class /Script/Engine.TargetPoint
[2026.09.25-16.11.00:367][  0]LogActorFactory: Actor Factory spawned Class /Script/Engine.TargetPoint as actor: TargetPoint /Game/TrackBridge/Authoring/Kalinago_Editor.Kalinago_Editor:PersistentLevel.TargetPoint_170
[2026.09.25-16.11.00:369][  0]LogActorFactory: Actor Factory attempting to spawn Class /Script/Engine.TargetPoint
[2026.09.25-16.11.00:369][  0]LogActorFactory: Actor Factory spawned Class /Script/Engine.TargetPoint as actor: TargetPoint /Game/TrackBridge/Authoring/Kalinago_Editor.Kalinago_Editor:PersistentLevel.TargetPoint_171
[2026.09.25-16.11.00:372][  0]LogActorFactory: Actor Factory attempting to spawn Class /Script/Engine.TargetPoint
[2026.09.25-16.11.00:374][  0]LogActorFactory: Actor Factory spawned Class /Script/Engine.TargetPoint as actor: TargetPoint /Game/TrackBridge/Authoring/Kalinago_Editor.Kalinago_Editor:PersistentLevel.TargetPoint_172
[2026.09.25-16.11.00:375][  0]LogActorFactory: Actor Factory attempting to spawn Class /Script/Engine.TargetPoint
[2026.09.25-16.11.00:377][  0]LogActorFactory: Actor Factory spawned Class /Script/Engine.TargetPoint as actor: TargetPoint /Game/TrackBridge/Authoring/Kalinago_Editor.Kalinago_Editor:PersistentLevel.TargetPoint_173
[2026.09.25-16.11.00:380][  0]LogActorFactory: Actor Factory attempting to spawn Class /Script/Engine.TargetPoint
[2026.09.25-16.11.00:381][  0]LogActorFactory: Actor Factory spawned Class /Script/Engine.TargetPoint as actor: TargetPoint /Game/TrackBridge/Authoring/Kalinago_Editor.Kalinago_Editor:PersistentLevel.TargetPoint_174
[2026.09.25-16.11.00:383][  0]LogActorFactory: Actor Factory attempting to spawn Class /Script/Engine.TargetPoint
[2026.09.25-16.11.00:384][  0]LogActorFactory: Actor Factory spawned Class /Script/Engine.TargetPoint as actor: TargetPoint /Game/TrackBridge/Authoring/Kalinago_Editor.Kalinago_Editor:PersistentLevel.TargetPoint_175
[2026.09.25-16.11.00:386][  0]LogActorFactory: Actor Factory attempting to spawn Class /Script/Engine.TargetPoint
[2026.09.25-16.11.00:387][  0]LogActorFactory: Actor Factory spawned Class /Script/Engine.TargetPoint as actor: TargetPoint /Game/TrackBridge/Authoring/Kalinago_Editor.Kalinago_Editor:PersistentLevel.TargetPoint_176
[2026.09.25-16.11.00:391][  0]LogActorFactory: Actor Factory attempting to spawn Class /Script/Engine.TargetPoint
[2026.09.25-16.11.00:393][  0]LogActorFactory: Actor Factory spawned Class /Script/Engine.TargetPoint as actor: TargetPoint /Game/TrackBridge/Authoring/Kalinago_Editor.Kalinago_Editor:PersistentLevel.TargetPoint_177
[2026.09.25-16.11.00:396][  0]LogActorFactory: Actor Factory attempting to spawn Class /Script/Engine.TargetPoint
[2026.09.25-16.11.00:397][  0]LogActorFactory: Actor Factory spawned Class /Script/Engine.TargetPoint as actor: TargetPoint /Game/TrackBridge/Authoring/Kalinago_Editor.Kalinago_Editor:PersistentLevel.TargetPoint_178
[2026.09.25-16.11.00:400][  0]LogActorFactory: Actor Factory attempting to spawn Class /Script/Engine.TargetPoint
[2026.09.25-16.11.00:401][  0]LogActorFactory: Actor Factory spawned Class /Script/Engine.TargetPoint as actor: TargetPoint /Game/TrackBridge/Authoring/Kalinago_Editor.Kalinago_Editor:PersistentLevel.TargetPoint_179
[2026.09.25-16.11.00:403][  0]LogActorFactory: Actor Factory attempting to spawn Class /Script/Engine.TargetPoint
[2026.09.25-16.11.00:403][  0]LogActorFactory: Actor Factory spawned Class /Script/Engine.TargetPoint as actor: TargetPoint /Game/TrackBridge/Authoring/Kalinago_Editor.Kalinago_Editor:PersistentLevel.TargetPoint_180
[2026.09.25-16.11.00:407][  0]LogActorFactory: Actor Factory attempting to spawn Class /Script/Engine.TargetPoint
[2026.09.25-16.11.00:408][  0]LogActorFactory: Actor Factory spawned Class /Script/Engine.TargetPoint as actor: TargetPoint /Game/TrackBridge/Authoring/Kalinago_Editor.Kalinago_Editor:PersistentLevel.TargetPoint_181
[2026.09.25-16.11.00:410][  0]LogActorFactory: Actor Factory attempting to spawn Class /Script/Engine.TargetPoint
[2026.09.25-16.11.00:411][  0]LogActorFactory: Actor Factory spawned Class /Script/Engine.TargetPoint as actor: TargetPoint /Game/TrackBridge/Authoring/Kalinago_Editor.Kalinago_Editor:PersistentLevel.TargetPoint_182
[2026.09.25-16.11.00:413][  0]LogActorFactory: Actor Factory attempting to spawn Class /Script/Engine.TargetPoint
[2026.09.25-16.11.00:414][  0]LogActorFactory: Actor Factory spawned Class /Script/Engine.TargetPoint as actor: TargetPoint /Game/TrackBridge/Authoring/Kalinago_Editor.Kalinago_Editor:PersistentLevel.TargetPoint_183
[2026.09.25-16.11.00:417][  0]LogActorFactory: Actor Factory attempting to spawn Class /Script/Engine.TargetPoint
[2026.09.25-16.11.00:418][  0]LogActorFactory: Actor Factory spawned Class /Script/Engine.TargetPoint as actor: TargetPoint /Game/TrackBridge/Authoring/Kalinago_Editor.Kalinago_Editor:PersistentLevel.TargetPoint_184
[2026.09.25-16.11.00:421][  0]LogActorFactory: Actor Factory attempting to spawn Class /Script/Engine.TargetPoint
[2026.09.25-16.11.00:422][  0]LogActorFactory: Actor Factory spawned Class /Script/Engine.TargetPoint as actor: TargetPoint /Game/TrackBridge/Authoring/Kalinago_Editor.Kalinago_Editor:PersistentLevel.TargetPoint_185
[2026.09.25-16.11.00:425][  0]LogActorFactory: Actor Factory attempting to spawn Class /Script/Engine.TargetPoint
[2026.09.25-16.11.00:426][  0]LogActorFactory: Actor Factory spawned Class /Script/Engine.TargetPoint as actor: TargetPoint /Game/TrackBridge/Authoring/Kalinago_Editor.Kalinago_Editor:PersistentLevel.TargetPoint_186
[2026.09.25-16.11.00:428][  0]LogActorFactory: Actor Factory attempting to spawn Class /Script/Engine.TargetPoint
[2026.09.25-16.11.00:429][  0]LogActorFactory: Actor Factory spawned Class /Script/Engine.TargetPoint as actor: TargetPoint /Game/TrackBridge/Authoring/Kalinago_Editor.Kalinago_Editor:PersistentLevel.TargetPoint_187
[2026.09.25-16.11.00:432][  0]LogActorFactory: Actor Factory attempting to spawn Class /Script/Engine.TargetPoint
[2026.09.25-16.11.00:432][  0]LogActorFactory: Actor Factory spawned Class /Script/Engine.TargetPoint as actor: TargetPoint /Game/TrackBridge/Authoring/Kalinago_Editor.Kalinago_Editor:PersistentLevel.TargetPoint_188
[2026.09.25-16.11.00:434][  0]LogActorFactory: Actor Factory attempting to spawn Class /Script/Engine.TargetPoint
[2026.09.25-16.11.00:435][  0]LogActorFactory: Actor Factory spawned Class /Script/Engine.TargetPoint as actor: TargetPoint /Game/TrackBridge/Authoring/Kalinago_Editor.Kalinago_Editor:PersistentLevel.TargetPoint_189
[2026.09.25-16.11.00:437][  0]LogActorFactory: Actor Factory attempting to spawn Class /Script/Engine.TargetPoint
[2026.09.25-16.11.00:439][  0]LogActorFactory: Actor Factory spawned Class /Script/Engine.TargetPoint as actor: TargetPoint /Game/TrackBridge/Authoring/Kalinago_Editor.Kalinago_Editor:PersistentLevel.TargetPoint_190
[2026.09.25-16.11.00:442][  0]LogActorFactory: Actor Factory attempting to spawn Class /Script/Engine.TargetPoint
[2026.09.25-16.11.00:443][  0]LogActorFactory: Actor Factory spawned Class /Script/Engine.TargetPoint as actor: TargetPoint /Game/TrackBridge/Authoring/Kalinago_Editor.Kalinago_Editor:PersistentLevel.TargetPoint_191
[2026.09.25-16.11.00:444][  0]LogActorFactory: Actor Factory attempting to spawn Class /Script/Engine.TargetPoint
[2026.09.25-16.11.00:445][  0]LogActorFactory: Actor Factory spawned Class /Script/Engine.TargetPoint as actor: TargetPoint /Game/TrackBridge/Authoring/Kalinago_Editor.Kalinago_Editor:PersistentLevel.TargetPoint_192
[2026.09.25-16.11.00:448][  0]LogActorFactory: Actor Factory attempting to spawn Class /Script/Engine.TargetPoint
[2026.09.25-16.11.00:449][  0]LogActorFactory: Actor Factory spawned Class /Script/Engine.TargetPoint as actor: TargetPoint /Game/TrackBridge/Authoring/Kalinago_Editor.Kalinago_Editor:PersistentLevel.TargetPoint_193
[2026.09.25-16.11.00:452][  0]LogActorFactory: Actor Factory attempting to spawn Class /Script/Engine.TargetPoint
[2026.09.25-16.11.00:453][  0]LogActorFactory: Actor Factory spawned Class /Script/Engine.TargetPoint as actor: TargetPoint /Game/TrackBridge/Authoring/Kalinago_Editor.Kalinago_Editor:PersistentLevel.TargetPoint_194
[2026.09.25-16.11.00:455][  0]LogActorFactory: Actor Factory attempting to spawn Class /Script/Engine.TargetPoint
[2026.09.25-16.11.00:456][  0]LogActorFactory: Actor Factory spawned Class /Script/Engine.TargetPoint as actor: TargetPoint /Game/TrackBridge/Authoring/Kalinago_Editor.Kalinago_Editor:PersistentLevel.TargetPoint_195
[2026.09.25-16.11.00:460][  0]LogActorFactory: Actor Factory attempting to spawn Class /Script/Engine.TargetPoint
[2026.09.25-16.11.00:460][  0]LogActorFactory: Actor Factory spawned Class /Script/Engine.TargetPoint as actor: TargetPoint /Game/TrackBridge/Authoring/Kalinago_Editor.Kalinago_Editor:PersistentLevel.TargetPoint_196
[2026.09.25-16.11.00:462][  0]LogActorFactory: Actor Factory attempting to spawn Class /Script/Engine.TargetPoint
[2026.09.25-16.11.00:463][  0]LogActorFactory: Actor Factory spawned Class /Script/Engine.TargetPoint as actor: TargetPoint /Game/TrackBridge/Authoring/Kalinago_Editor.Kalinago_Editor:PersistentLevel.TargetPoint_197
[2026.09.25-16.11.00:465][  0]LogActorFactory: Actor Factory attempting to spawn Class /Script/Engine.TargetPoint
[2026.09.25-16.11.00:465][  0]LogActorFactory: Actor Factory spawned Class /Script/Engine.TargetPoint as actor: TargetPoint /Game/TrackBridge/Authoring/Kalinago_Editor.Kalinago_Editor:PersistentLevel.TargetPoint_198
[2026.09.25-16.11.00:469][  0]LogActorFactory: Actor Factory attempting to spawn Class /Script/Engine.TargetPoint
[2026.09.25-16.11.00:470][  0]LogActorFactory: Actor Factory spawned Class /Script/Engine.TargetPoint as actor: TargetPoint /Game/TrackBridge/Authoring/Kalinago_Editor.Kalinago_Editor:PersistentLevel.TargetPoint_199
[2026.09.25-16.11.00:472][  0]LogActorFactory: Actor Factory attempting to spawn Class /Script/Engine.TargetPoint
[2026.09.25-16.11.00:473][  0]LogActorFactory: Actor Factory spawned Class /Script/Engine.TargetPoint as actor: TargetPoint /Game/TrackBridge/Authoring/Kalinago_Editor.Kalinago_Editor:PersistentLevel.TargetPoint_200
[2026.09.25-16.11.00:476][  0]LogActorFactory: Actor Factory attempting to spawn Class /Script/Engine.TargetPoint
[2026.09.25-16.11.00:477][  0]LogActorFactory: Actor Factory spawned Class /Script/Engine.TargetPoint as actor: TargetPoint /Game/TrackBridge/Authoring/Kalinago_Editor.Kalinago_Editor:PersistentLevel.TargetPoint_201
[2026.09.25-16.11.00:479][  0]LogActorFactory: Actor Factory attempting to spawn Class /Script/Engine.TargetPoint
[2026.09.25-16.11.00:480][  0]LogActorFactory: Actor Factory spawned Class /Script/Engine.TargetPoint as actor: TargetPoint /Game/TrackBridge/Authoring/Kalinago_Editor.Kalinago_Editor:PersistentLevel.TargetPoint_202
[2026.09.25-16.11.00:482][  0]LogActorFactory: Actor Factory attempting to spawn Class /Script/Engine.TargetPoint
[2026.09.25-16.11.00:484][  0]LogActorFactory: Actor Factory spawned Class /Script/Engine.TargetPoint as actor: TargetPoint /Game/TrackBridge/Authoring/Kalinago_Editor.Kalinago_Editor:PersistentLevel.TargetPoint_203
[2026.09.25-16.11.00:486][  0]LogActorFactory: Actor Factory attempting to spawn Class /Script/Engine.TargetPoint
[2026.09.25-16.11.00:487][  0]LogActorFactory: Actor Factory spawned Class /Script/Engine.TargetPoint as actor: TargetPoint /Game/TrackBridge/Authoring/Kalinago_Editor.Kalinago_Editor:PersistentLevel.TargetPoint_204
[2026.09.25-16.11.00:491][  0]LogActorFactory: Actor Factory attempting to spawn Class /Script/Engine.TargetPoint
[2026.09.25-16.11.00:491][  0]LogActorFactory: Actor Factory spawned Class /Script/Engine.TargetPoint as actor: TargetPoint /Game/TrackBridge/Authoring/Kalinago_Editor.Kalinago_Editor:PersistentLevel.TargetPoint_205
[2026.09.25-16.11.00:494][  0]LogActorFactory: Actor Factory attempting to spawn Class /Script/Engine.TargetPoint
[2026.09.25-16.11.00:495][  0]LogActorFactory: Actor Factory spawned Class /Script/Engine.TargetPoint as actor: TargetPoint /Game/TrackBridge/Authoring/Kalinago_Editor.Kalinago_Editor:PersistentLevel.TargetPoint_206
[2026.09.25-16.11.00:498][  0]LogActorFactory: Actor Factory attempting to spawn Class /Script/Engine.TargetPoint
[2026.09.25-16.11.00:499][  0]LogActorFactory: Actor Factory spawned Class /Script/Engine.TargetPoint as actor: TargetPoint /Game/TrackBridge/Authoring/Kalinago_Editor.Kalinago_Editor:PersistentLevel.TargetPoint_207
[2026.09.25-16.11.00:502][  0]LogActorFactory: Actor Factory attempting to spawn Class /Script/Engine.TargetPoint
[2026.09.25-16.11.00:503][  0]LogActorFactory: Actor Factory spawned Class /Script/Engine.TargetPoint as actor: TargetPoint /Game/TrackBridge/Authoring/Kalinago_Editor.Kalinago_Editor:PersistentLevel.TargetPoint_208
[2026.09.25-16.11.00:506][  0]LogActorFactory: Actor Factory attempting to spawn Class /Script/Engine.TargetPoint
[2026.09.25-16.11.00:507][  0]LogActorFactory: Actor Factory spawned Class /Script/Engine.TargetPoint as actor: TargetPoint /Game/TrackBridge/Authoring/Kalinago_Editor.Kalinago_Editor:PersistentLevel.TargetPoint_209
[2026.09.25-16.11.00:510][  0]LogActorFactory: Actor Factory attempting to spawn Class /Script/Engine.TargetPoint
[2026.09.25-16.11.00:511][  0]LogActorFactory: Actor Factory spawned Class /Script/Engine.TargetPoint as actor: TargetPoint /Game/TrackBridge/Authoring/Kalinago_Editor.Kalinago_Editor:PersistentLevel.TargetPoint_210
[2026.09.25-16.11.00:514][  0]LogActorFactory: Actor Factory attempting to spawn Class /Script/Engine.TargetPoint
[2026.09.25-16.11.00:515][  0]LogActorFactory: Actor Factory spawned Class /Script/Engine.TargetPoint as actor: TargetPoint /Game/TrackBridge/Authoring/Kalinago_Editor.Kalinago_Editor:PersistentLevel.TargetPoint_211
[2026.09.25-16.11.00:517][  0]LogActorFactory: Actor Factory attempting to spawn Class /Script/Engine.TargetPoint
[2026.09.25-16.11.00:519][  0]LogActorFactory: Actor Factory spawned Class /Script/Engine.TargetPoint as actor: TargetPoint /Game/TrackBridge/Authoring/Kalinago_Editor.Kalinago_Editor:PersistentLevel.TargetPoint_212
[2026.09.25-16.11.00:521][  0]LogActorFactory: Actor Factory attempting to spawn Class /Script/Engine.TargetPoint
[2026.09.25-16.11.00:522][  0]LogActorFactory: Actor Factory spawned Class /Script/Engine.TargetPoint as actor: TargetPoint /Game/TrackBridge/Authoring/Kalinago_Editor.Kalinago_Editor:PersistentLevel.TargetPoint_213
[2026.09.25-16.11.00:524][  0]LogActorFactory: Actor Factory attempting to spawn Class /Script/Engine.TargetPoint
[2026.09.25-16.11.00:525][  0]LogActorFactory: Actor Factory spawned Class /Script/Engine.TargetPoint as actor: TargetPoint /Game/TrackBridge/Authoring/Kalinago_Editor.Kalinago_Editor:PersistentLevel.TargetPoint_214
[2026.09.25-16.11.00:527][  0]LogActorFactory: Actor Factory attempting to spawn Class /Script/Engine.TargetPoint
[2026.09.25-16.11.00:528][  0]LogActorFactory: Actor Factory spawned Class /Script/Engine.TargetPoint as actor: TargetPoint /Game/TrackBridge/Authoring/Kalinago_Editor.Kalinago_Editor:PersistentLevel.TargetPoint_215
[2026.09.25-16.11.00:530][  0]LogActorFactory: Actor Factory attempting to spawn Class /Script/Engine.TargetPoint
[2026.09.25-16.11.00:531][  0]LogActorFactory: Actor Factory spawned Class /Script/Engine.TargetPoint as actor: TargetPoint /Game/TrackBridge/Authoring/Kalinago_Editor.Kalinago_Editor:PersistentLevel.TargetPoint_216
[2026.09.25-16.11.00:534][  0]LogActorFactory: Actor Factory attempting to spawn Class /Script/Engine.TargetPoint
[2026.09.25-16.11.00:535][  0]LogActorFactory: Actor Factory spawned Class /Script/Engine.TargetPoint as actor: TargetPoint /Game/TrackBridge/Authoring/Kalinago_Editor.Kalinago_Editor:PersistentLevel.TargetPoint_217
[2026.09.25-16.11.00:537][  0]LogActorFactory: Actor Factory attempting to spawn Class /Script/Engine.TargetPoint
[2026.09.25-16.11.00:538][  0]LogActorFactory: Actor Factory spawned Class /Script/Engine.TargetPoint as actor: TargetPoint /Game/TrackBridge/Authoring/Kalinago_Editor.Kalinago_Editor:PersistentLevel.TargetPoint_218
[2026.09.25-16.11.00:540][  0]LogActorFactory: Actor Factory attempting to spawn Class /Script/Engine.TargetPoint
[2026.09.25-16.11.00:541][  0]LogActorFactory: Actor Factory spawned Class /Script/Engine.TargetPoint as actor: TargetPoint /Game/TrackBridge/Authoring/Kalinago_Editor.Kalinago_Editor:PersistentLevel.TargetPoint_219
[2026.09.25-16.11.00:544][  0]LogActorFactory: Actor Factory attempting to spawn Class /Script/Engine.TargetPoint
[2026.09.25-16.11.00:545][  0]LogActorFactory: Actor Factory spawned Class /Script/Engine.TargetPoint as actor: TargetPoint /Game/TrackBridge/Authoring/Kalinago_Editor.Kalinago_Editor:PersistentLevel.TargetPoint_220
[2026.09.25-16.11.00:548][  0]LogActorFactory: Actor Factory attempting to spawn Class /Script/Engine.TargetPoint
[2026.09.25-16.11.00:548][  0]LogActorFactory: Actor Factory spawned Class /Script/Engine.TargetPoint as actor: TargetPoint /Game/TrackBridge/Authoring/Kalinago_Editor.Kalinago_Editor:PersistentLevel.TargetPoint_221
[2026.09.25-16.11.00:551][  0]LogPython: Warning: C:/Program Files (x86)/Steam/steamapps/common/F1 Manager 2024/F1Manager24/Content/Paks/AC_TrackBridge_v0.2/tools/CookWorkspace/Content/Python/repair_map_and_anchors.py:44: DeprecationWarning: EditorLevelLibrary: Function 'save_current_level' on 'EditorLevelLibrary' is deprecated: The Editor Scripting Utilities Plugin is deprecated - Use the function in Level Editor Subsystem
  if not unreal.EditorLevelLibrary.save_current_level():raise RuntimeError('Authoring save failed')

[2026.09.25-16.11.00:551][  0]Message dialog closed, result: Ok, title: Unable to Check Out From Source Control!, text: The following assets could not be successfully checked out from source control:
/Game/TrackBridge/Authoring/Kalinago_Editor
[2026.09.25-16.11.00:593][  0]LogSavePackage: Moving output files for package: /Game/TrackBridge/Authoring/Kalinago_Editor
[2026.09.25-16.11.00:595][  0]LogSavePackage: Moving '../../../../../../Program Files (x86)/Steam/steamapps/common/F1 Manager 2024/F1Manager24/Content/Paks/AC_TrackBridge_v0.2/tools/CookWorkspace/Saved/Kalinago_Editor2233D59D420DF6522753EC9BE5662359.tmp' to '../../../../../../Program Files (x86)/Steam/steamapps/common/F1 Manager 2024/F1Manager24/Content/Paks/AC_TrackBridge_v0.2/tools/CookWorkspace/Content/TrackBridge/Authoring/Kalinago_Editor.umap'
[2026.09.25-16.11.00:607][  0]LogPython: TRACKBRIDGE_MAP_REPAIR_SUCCESS
[2026.09.25-16.11.00:607][  0]LogPythonScriptCommandlet: Display: Python script executed successfully
[2026.09.25-16.11.00:607][  0]LogCore: Engine exit requested (reason: Commandlet PythonScriptCommandlet_0 finished execution (result 0))
[2026.09.25-16.11.00:607][  0]LogInit: Display: 
[2026.09.25-16.11.00:607][  0]LogInit: Display: Warning/Error Summary (Unique only)
[2026.09.25-16.11.00:607][  0]LogInit: Display: -----------------------------------
[2026.09.25-16.11.00:609][  0]LogInit: Display: LogPython: Warning: C:/Program Files (x86)/Steam/steamapps/common/F1 Manager 2024/F1Manager24/Content/Paks/AC_TrackBridge_v0.2/tools/CookWorkspace/Content/Python/repair_map_and_anchors.py:7: DeprecationWarning: EditorLevelLibrary: Function 'load_level' on 'EditorLevelLibrary' is deprecated: The Editor Scripting Utilities Plugin is deprecated - Use the function in Level Editor Subsystem
  if not unreal.EditorLevelLibrary.load_level(assetroot+'/KalinagoVisual'):raise RuntimeError('Scene load failed')

[2026.09.25-16.11.00:609][  0]LogInit: Display: LogPython: Warning: C:/Program Files (x86)/Steam/steamapps/common/F1 Manager 2024/F1Manager24/Content/Paks/AC_TrackBridge_v0.2/tools/CookWorkspace/Content/Python/repair_map_and_anchors.py:8: DeprecationWarning: EditorLevelLibrary: Function 'get_all_level_actors' on 'EditorLevelLibrary' is deprecated: The Editor Scripting Utilities Plugin is deprecated - Use the function in Editor Actor Utilities Subsystem
  existing={a.get_actor_label() for a in unreal.EditorLevelLibrary.get_all_level_actors()}

[2026.09.25-16.11.00:610][  0]LogInit: Display: LogPython: Warning: C:/Program Files (x86)/Steam/steamapps/common/F1 Manager 2024/F1Manager24/Content/Paks/AC_TrackBridge_v0.2/tools/CookWorkspace/Content/Python/repair_map_and_anchors.py:33: DeprecationWarning: EditorLevelLibrary: Function 'save_current_level' on 'EditorLevelLibrary' is deprecated: The Editor Scripting Utilities Plugin is deprecated - Use the function in Level Editor Subsystem
  if not unreal.EditorLevelLibrary.save_current_level():raise RuntimeError('Scene save failed')

[2026.09.25-16.11.00:611][  0]LogInit: Display: LogPython: Warning: C:/Program Files (x86)/Steam/steamapps/common/F1 Manager 2024/F1Manager24/Content/Paks/AC_TrackBridge_v0.2/tools/CookWorkspace/Content/Python/repair_map_and_anchors.py:35: DeprecationWarning: EditorLevelLibrary: Function 'load_level' on 'EditorLevelLibrary' is deprecated: The Editor Scripting Utilities Plugin is deprecated - Use the function in Level Editor Subsystem
  if not unreal.EditorLevelLibrary.load_level('/Game/TrackBridge/Authoring/Kalinago_Editor'):raise RuntimeError('Authoring map load failed')

[2026.09.25-16.11.00:612][  0]LogInit: Display: LogPython: Warning: C:/Program Files (x86)/Steam/steamapps/common/F1 Manager 2024/F1Manager24/Content/Paks/AC_TrackBridge_v0.2/tools/CookWorkspace/Content/Python/repair_map_and_anchors.py:36: DeprecationWarning: EditorLevelLibrary: Function 'get_all_level_actors' on 'EditorLevelLibrary' is deprecated: The Editor Scripting Utilities Plugin is deprecated - Use the function in Editor Actor Utilities Subsystem
  bylabel={a.get_actor_label():a for a in unreal.EditorLevelLibrary.get_all_level_actors()}

[2026.09.25-16.11.00:612][  0]LogInit: Display: LogPython: Warning: C:/Program Files (x86)/Steam/steamapps/common/F1 Manager 2024/F1Manager24/Content/Paks/AC_TrackBridge_v0.2/tools/CookWorkspace/Content/Python/repair_map_and_anchors.py:44: DeprecationWarning: EditorLevelLibrary: Function 'save_current_level' on 'EditorLevelLibrary' is deprecated: The Editor Scripting Utilities Plugin is deprecated - Use the function in Level Editor Subsystem
  if not unreal.EditorLevelLibrary.save_current_level():raise RuntimeError('Authoring save failed')

[2026.09.25-16.11.00:612][  0]LogInit: Display: 
[2026.09.25-16.11.00:612][  0]LogInit: Display: Success - 0 error(s), 6 warning(s)
[2026.09.25-16.11.00:613][  0]LogInit: Display: 
Execution of commandlet took:  1.68 seconds
[2026.09.25-16.11.00:613][  0]LogCore: Engine exit requested (reason: EngineExit() was called; note: exit was already requested)
[2026.09.25-16.11.00:613][  0]LogStaticMesh: Abandoning remaining async distance field tasks for shutdown
[2026.09.25-16.11.00:613][  0]LogStaticMesh: Abandoning remaining async card representation tasks for shutdown
[2026.09.25-16.11.00:613][  0]LogWorld: UWorld::CleanupWorld for Kalinago_Editor, bSessionEnded=true, bCleanupResources=true
[2026.09.25-16.11.00:613][  0]LogLevelSequenceEditor: LevelSequenceEditor subsystem deinitialized.
[2026.09.25-16.11.00:613][  0]LogExit: Preparing to exit.
[2026.09.25-16.11.00:621][  0]LogUObjectHash: Compacting FUObjectHashTables data took   0.52ms
[2026.09.25-16.11.00:702][  0]LogDemo: Cleaned up 0 splitscreen connections, owner deletion: enabled
[2026.09.25-16.11.00:705][  0]LogExit: Editor shut down
[2026.09.25-16.11.00:765][  0]LogExit: Object subsystem successfully closed.
[2026.09.25-16.11.00:771][  0]LogShaderCompilers: Display: ================================================
[2026.09.25-16.11.00:771][  0]LogShaderCompilers: Display: === FShaderJobCache stats ===
[2026.09.25-16.11.00:771][  0]LogShaderCompilers: Display: Total job queries 0, among them cache hits 0 (0.00%)
[2026.09.25-16.11.00:771][  0]LogShaderCompilers: Display: Tracking 0 distinct input hashes that result in 0 distinct outputs (0.00%)
[2026.09.25-16.11.00:771][  0]LogShaderCompilers: Display: RAM used: 0.00 MB (0.00 GB) of 1638.40 MB (1.60 GB) budget. Usage: 0.00%
[2026.09.25-16.11.00:771][  0]LogShaderCompilers: Display: === Shader Compilation stats ===
[2026.09.25-16.11.00:771][  0]LogShaderCompilers: Display: Shaders Compiled: 0
[2026.09.25-16.11.00:771][  0]LogShaderCompilers: Display: Jobs assigned 0, completed 0 (0.00%)
[2026.09.25-16.11.00:772][  0]LogShaderCompilers: Display: Time at least one job was in flight (either pending or executed): 0.00 s
[2026.09.25-16.11.00:772][  0]LogShaderCompilers: Display: ================================================
[2026.09.25-16.11.00:778][  0]LogShaderCompilers: Display: Shaders left to compile 0
[2026.09.25-16.11.00:884][  0]LogShaderCompilers: Display: Shaders left to compile 0
[2026.09.25-16.11.00:892][  0]LogVirtualization: UE::Virtualization was shutdown
[2026.09.25-16.11.00:935][  0]LogModuleManager: Shutting down and abandoning module ViewportSnapping (795)
[2026.09.25-16.11.00:935][  0]LogModuleManager: Shutting down and abandoning module StatsViewer (793)
[2026.09.25-16.11.00:935][  0]LogModuleManager: Shutting down and abandoning module SmartSnapping (791)
[2026.09.25-16.11.00:936][  0]LogModuleManager: Shutting down and abandoning module TextureAlignMode (789)
[2026.09.25-16.11.00:936][  0]LogModuleManager: Shutting down and abandoning module BspMode (787)
[2026.09.25-16.11.00:936][  0]LogModuleManager: Shutting down and abandoning module GeometryMode (785)
[2026.09.25-16.11.00:936][  0]LogModuleManager: Shutting down and abandoning module CameraShakePreviewer (783)
[2026.09.25-16.11.00:936][  0]LogModuleManager: Shutting down and abandoning module WmfMediaFactory (781)
[2026.09.25-16.11.00:936][  0]LogModuleManager: Shutting down and abandoning module WmfMediaEditor (779)
[2026.09.25-16.11.00:936][  0]LogModuleManager: Shutting down and abandoning module WebMMediaFactory (777)
[2026.09.25-16.11.00:937][  0]LogModuleManager: Shutting down and abandoning module WebMMediaEditor (775)
[2026.09.25-16.11.00:937][  0]LogModuleManager: Shutting down and abandoning module MediaPlayerEditor (773)
[2026.09.25-16.11.00:937][  0]LogModuleManager: Shutting down and abandoning module ImgMediaFactory (771)
[2026.09.25-16.11.00:937][  0]LogModuleManager: Shutting down and abandoning module ImgMediaEditor (769)
[2026.09.25-16.11.00:937][  0]LogModuleManager: Shutting down and abandoning module ImgMedia (768)
[2026.09.25-16.11.00:937][  0]LogModuleManager: Shutting down and abandoning module MediaCompositingEditor (765)
[2026.09.25-16.11.00:937][  0]LogModuleManager: Shutting down and abandoning module AvfMediaFactory (763)
[2026.09.25-16.11.00:938][  0]LogModuleManager: Shutting down and abandoning module AvfMediaEditor (761)
[2026.09.25-16.11.00:938][  0]LogModuleManager: Shutting down and abandoning module AndroidMediaFactory (759)
[2026.09.25-16.11.00:938][  0]LogModuleManager: Shutting down and abandoning module AndroidMediaEditor (757)
[2026.09.25-16.11.00:938][  0]LogModuleManager: Shutting down and abandoning module WaveTableEditor (755)
[2026.09.25-16.11.00:938][  0]LogModuleManager: Shutting down and abandoning module ResonanceAudioEditor (753)
[2026.09.25-16.11.00:938][  0]LogModuleManager: Shutting down and abandoning module GooglePADEditor (751)
[2026.09.25-16.11.00:938][  0]LogModuleManager: Shutting down and abandoning module AudioCaptureEditor (749)
[2026.09.25-16.11.00:938][  0]LogModuleManager: Shutting down and abandoning module SequenceRecorder (748)
[2026.09.25-16.11.00:938][  0]LogModuleManager: Shutting down and abandoning module Persona (747)
[2026.09.25-16.11.00:938][  0]LogModuleManager: Shutting down and abandoning module AdvancedPreviewScene (746)
[2026.09.25-16.11.00:939][  0]LogModuleManager: Shutting down and abandoning module AnimGraph (744)
[2026.09.25-16.11.00:939][  0]LogModuleManager: Shutting down and abandoning module AndroidFileServerEditor (739)
[2026.09.25-16.11.00:939][  0]LogModuleManager: Shutting down and abandoning module PlanarCut (737)
[2026.09.25-16.11.00:939][  0]LogModuleManager: Shutting down and abandoning module CharacterAI (735)
[2026.09.25-16.11.00:939][  0]LogModuleManager: Shutting down and abandoning module LevelSequenceEditor (733)
[2026.09.25-16.11.00:939][  0]LogModuleManager: Shutting down and abandoning module TemplateSequenceEditor (731)
[2026.09.25-16.11.00:939][  0]LogModuleManager: Shutting down and abandoning module ActorSequenceEditor (729)
[2026.09.25-16.11.00:939][  0]LogModuleManager: Shutting down and abandoning module ControlRigEditor (727)
[2026.09.25-16.11.00:940][  0]LogModuleManager: Shutting down and abandoning module Kismet (726)
[2026.09.25-16.11.00:940][  0]LogModuleManager: Shutting down and abandoning module KismetWidgets (725)
[2026.09.25-16.11.00:940][  0]LogModuleManager: Shutting down and abandoning module IKRigEditor (721)
[2026.09.25-16.11.00:940][  0]LogModuleManager: Shutting down and abandoning module SessionServices (719)
[2026.09.25-16.11.00:940][  0]LogModuleManager: Shutting down and abandoning module MeshPaint (717)
[2026.09.25-16.11.00:940][  0]LogModuleManager: Shutting down and abandoning module VirtualTexturingEditor (715)
[2026.09.25-16.11.00:940][  0]LogModuleManager: Shutting down and abandoning module PlacementMode (714)
[2026.09.25-16.11.00:940][  0]LogModuleManager: Shutting down and abandoning module FoliageEdit (711)
[2026.09.25-16.11.00:941][  0]LogModuleManager: Shutting down and abandoning module LandscapeEditor (709)
[2026.09.25-16.11.00:941][  0]LogModuleManager: Shutting down and abandoning module SceneDepthPickerMode (707)
[2026.09.25-16.11.00:941][  0]LogModuleManager: Shutting down and abandoning module ActorPickerMode (705)
[2026.09.25-16.11.00:941][  0]LogModuleManager: Shutting down and abandoning module LiveCoding (703)
[2026.09.25-16.11.00:941][  0]LogModuleManager: Shutting down and abandoning module MovieSceneTracks (701)
[2026.09.25-16.11.00:942][  0]LogModuleManager: Shutting down and abandoning module MovieScene (699)
[2026.09.25-16.11.00:942][  0]LogModuleManager: Shutting down and abandoning module StreamingPauseRendering (697)
[2026.09.25-16.11.00:942][  0]LogModuleManager: Shutting down and abandoning module ImageWriteQueue (695)
[2026.09.25-16.11.00:942][  0]LogModuleManager: Shutting down and abandoning module AIModule (693)
[2026.09.25-16.11.00:942][  0]LogModuleManager: Shutting down and abandoning module GameplayDebugger (692)
[2026.09.25-16.11.00:942][  0]LogModuleManager: Shutting down and abandoning module AITestSuite (690)
[2026.09.25-16.11.00:942][  0]LogModuleManager: Shutting down and abandoning module NavigationSystem (688)
[2026.09.25-16.11.00:942][  0]LogModuleManager: Shutting down and abandoning module DataLayerEditor (685)
[2026.09.25-16.11.00:942][  0]LogModuleManager: Shutting down and abandoning module EditorWidgets (684)
[2026.09.25-16.11.00:942][  0]LogModuleManager: Shutting down and abandoning module LevelInstanceEditor (681)
[2026.09.25-16.11.00:942][  0]LogModuleManager: Shutting down and abandoning module TypedElementRuntime (679)
[2026.09.25-16.11.00:944][  0]LogModuleManager: Shutting down and abandoning module TypedElementFramework (677)
[2026.09.25-16.11.00:944][  0]LogModuleManager: Shutting down and abandoning module TakeRecorderSources (675)
[2026.09.25-16.11.00:944][  0]LogModuleManager: Shutting down and abandoning module TakeTrackRecorders (673)
[2026.09.25-16.11.00:944][  0]LogModuleManager: Shutting down and abandoning module TakesCore (671)
[2026.09.25-16.11.00:944][  0]LogModuleManager: Shutting down and abandoning module AudioSynesthesiaEditor (669)
[2026.09.25-16.11.00:944][  0]LogModuleManager: Shutting down and abandoning module MegascansPlugin (667)
[2026.09.25-16.11.00:944][  0]LogModuleManager: Shutting down and abandoning module Bridge (665)
[2026.09.25-16.11.00:944][  0]LogModuleManager: Shutting down and abandoning module ObjectMixerEditor (663)
[2026.09.25-16.11.00:944][  0]LogModuleManager: Shutting down and abandoning module LightMixer (661)
[2026.09.25-16.11.00:944][  0]LogModuleManager: Shutting down and abandoning module ContentBrowserClassDataSource (659)
[2026.09.25-16.11.00:944][  0]LogModuleManager: Shutting down and abandoning module ContentBrowserFileDataSource (657)
[2026.09.25-16.11.00:945][  0]LogModuleManager: Shutting down and abandoning module ContentBrowserAssetDataSource (655)
[2026.09.25-16.11.00:945][  0]LogModuleManager: Shutting down and abandoning module InterchangeTestEditor (653)
[2026.09.25-16.11.00:945][  0]LogModuleManager: Shutting down and abandoning module InterchangeTests (651)
[2026.09.25-16.11.00:945][  0]LogModuleManager: Shutting down and abandoning module PaperTiledImporter (649)
[2026.09.25-16.11.00:945][  0]LogModuleManager: Shutting down and abandoning module PaperSpriteSheetImporter (647)
[2026.09.25-16.11.00:945][  0]LogModuleManager: Shutting down and abandoning module Paper2DEditor (645)
[2026.09.25-16.11.00:945][  0]LogModuleManager: Shutting down and abandoning module WorldPartitionHLODUtilities (643)
[2026.09.25-16.11.00:946][  0]LogModuleManager: Shutting down and abandoning module SpeedTreeImporter (641)
[2026.09.25-16.11.00:946][  0]LogModuleManager: Shutting down and abandoning module SequencerAnimTools (639)
[2026.09.25-16.11.00:946][  0]LogModuleManager: Shutting down and abandoning module PluginBrowser (637)
[2026.09.25-16.11.00:946][  0]LogModuleManager: Shutting down and abandoning module MobileLauncherProfileWizard (635)
[2026.09.25-16.11.00:946][  0]LogModuleManager: Shutting down and abandoning module MaterialAnalyzer (633)
[2026.09.25-16.11.00:946][  0]LogModuleManager: Shutting down and abandoning module GLTFImporter (631)
[2026.09.25-16.11.00:946][  0]LogModuleManager: Shutting down and abandoning module GLTFCore (629)
[2026.09.25-16.11.00:946][  0]LogModuleManager: Shutting down and abandoning module EditorScriptingUtilities (627)
[2026.09.25-16.11.00:947][  0]LogModuleManager: Shutting down and abandoning module EditorDebugTools (625)
[2026.09.25-16.11.00:947][  0]LogModuleManager: Shutting down and abandoning module CurveEditorTools (623)
[2026.09.25-16.11.00:947][  0]LogModuleManager: Shutting down and abandoning module CryptoKeysOpenSSL (621)
[2026.09.25-16.11.00:947][  0]LogModuleManager: Shutting down and abandoning module CryptoKeys (619)
[2026.09.25-16.11.00:947][  0]LogModuleManager: Shutting down and abandoning module BlueprintHeaderView (617)
[2026.09.25-16.11.00:947][  0]LogModuleManager: Shutting down and abandoning module VisualStudioSourceCodeAccess (615)
[2026.09.25-16.11.00:947][  0]LogModuleManager: Shutting down and abandoning module VisualStudioCodeSourceCodeAccess (613)
[2026.09.25-16.11.00:948][  0]LogModuleManager: Shutting down and abandoning module UObjectPlugin (611)
[2026.09.25-16.11.00:948][  0]LogModuleManager: Shutting down and abandoning module PlasticSourceControl (609)
[2026.09.25-16.11.00:948][  0]LogModuleManager: Shutting down and abandoning module SubversionSourceControl (607)
[2026.09.25-16.11.00:948][  0]LogModuleManager: Shutting down and abandoning module PluginUtils (605)
[2026.09.25-16.11.00:948][  0]LogModuleManager: Shutting down and abandoning module DumpGPUServices (603)
[2026.09.25-16.11.00:948][  0]LogModuleManager: Shutting down and abandoning module GitSourceControl (601)
[2026.09.25-16.11.00:948][  0]LogModuleManager: Shutting down and abandoning module CLionSourceCodeAccess (599)
[2026.09.25-16.11.00:948][  0]LogModuleManager: Shutting down and abandoning module AnimationSharingEd (597)
[2026.09.25-16.11.00:950][  0]LogModuleManager: Shutting down and abandoning module AlembicImporter (595)
[2026.09.25-16.11.00:950][  0]LogModuleManager: Shutting down and abandoning module AlembicLibrary (594)
[2026.09.25-16.11.00:950][  0]LogModuleManager: Shutting down and abandoning module MediaPlateEditor (591)
[2026.09.25-16.11.00:950][  0]LogModuleManager: Shutting down and abandoning module MediaPlate (589)
[2026.09.25-16.11.00:950][  0]LogModuleManager: Shutting down and abandoning module MediaCompositing (587)
[2026.09.25-16.11.00:950][  0]LogModuleManager: Shutting down and abandoning module NiagaraEditorWidgets (585)
[2026.09.25-16.11.00:950][  0]LogModuleManager: Shutting down and abandoning module TakeSequencer (583)
[2026.09.25-16.11.00:950][  0]LogModuleManager: Shutting down and abandoning module TakeMovieScene (581)
[2026.09.25-16.11.00:950][  0]LogModuleManager: Shutting down and abandoning module VariantManager (577)
[2026.09.25-16.11.00:951][  0]LogModuleManager: Shutting down and abandoning module VariantManagerContentEditor (576)
[2026.09.25-16.11.00:951][  0]LogModuleManager: Shutting down and abandoning module GLTFMaterialBaking (573)
[2026.09.25-16.11.00:951][  0]LogModuleManager: Shutting down and abandoning module GLTFMaterialAnalyzer (571)
[2026.09.25-16.11.00:951][  0]LogModuleManager: Shutting down and abandoning module DatasmithContentEditor (569)
[2026.09.25-16.11.00:951][  0]LogModuleManager: Shutting down and abandoning module OodleNetworkHandlerComponent (567)
[2026.09.25-16.11.00:951][  0]LogModuleManager: Shutting down and abandoning module SynthesisEditor (565)
[2026.09.25-16.11.00:951][  0]LogModuleManager: Shutting down and abandoning module ResonanceAudio (563)
[2026.09.25-16.11.00:952][  0]LogModuleManager: Shutting down and abandoning module ProceduralMeshComponentEditor (561)
[2026.09.25-16.11.00:952][  0]LogModuleManager: Shutting down and abandoning module MobilePatchingUtils (559)
[2026.09.25-16.11.00:952][  0]LogModuleManager: Shutting down and abandoning module ModelingOperatorsEditorOnly (557)
[2026.09.25-16.11.00:952][  0]LogModuleManager: Shutting down and abandoning module ModelingOperators (555)
[2026.09.25-16.11.00:952][  0]LogModuleManager: Shutting down and abandoning module ModelingComponentsEditorOnly (553)
[2026.09.25-16.11.00:952][  0]LogModuleManager: Shutting down and abandoning module ModelingComponents (551)
[2026.09.25-16.11.00:952][  0]LogModuleManager: Shutting down and abandoning module GeometryFramework (550)
[2026.09.25-16.11.00:952][  0]LogModuleManager: Shutting down and abandoning module MeshModelingToolsEditorOnly (547)
[2026.09.25-16.11.00:953][  0]LogModuleManager: Shutting down and abandoning module MeshModelingTools (545)
[2026.09.25-16.11.00:953][  0]LogModuleManager: Shutting down and abandoning module InputDebugging (543)
[2026.09.25-16.11.00:953][  0]LogModuleManager: Shutting down and abandoning module GooglePAD (541)
[2026.09.25-16.11.00:953][  0]LogModuleManager: Shutting down and abandoning module DynamicMesh (539)
[2026.09.25-16.11.00:953][  0]LogModuleManager: Shutting down and abandoning module GeometryAlgorithms (537)
[2026.09.25-16.11.00:953][  0]LogModuleManager: Shutting down and abandoning module GeometryCacheTracks (535)
[2026.09.25-16.11.00:953][  0]LogModuleManager: Shutting down and abandoning module GeometryCache (533)
[2026.09.25-16.11.00:953][  0]LogModuleManager: Shutting down and abandoning module GeometryCacheStreamer (531)
[2026.09.25-16.11.00:954][  0]LogModuleManager: Shutting down and abandoning module GeometryCacheSequencer (529)
[2026.09.25-16.11.00:954][  0]LogModuleManager: Shutting down and abandoning module GeometryCacheEd (527)
[2026.09.25-16.11.00:954][  0]LogModuleManager: Shutting down and abandoning module AssetTags (525)
[2026.09.25-16.11.00:954][  0]LogModuleManager: Shutting down and abandoning module AudioCapture (523)
[2026.09.25-16.11.00:954][  0]LogModuleManager: Shutting down and abandoning module AudioCaptureRtAudio (522)
[2026.09.25-16.11.00:954][  0]LogModuleManager: Shutting down and abandoning module ArchVisCharacter (519)
[2026.09.25-16.11.00:954][  0]LogModuleManager: Shutting down and abandoning module AndroidPermission (517)
[2026.09.25-16.11.00:955][  0]LogModuleManager: Shutting down and abandoning module AppleImageUtilsBlueprintSupport (515)
[2026.09.25-16.11.00:955][  0]LogModuleManager: Shutting down and abandoning module AppleImageUtils (513)
[2026.09.25-16.11.00:955][  0]LogModuleManager: Shutting down and abandoning module ActorLayerUtilitiesEditor (511)
[2026.09.25-16.11.00:955][  0]LogModuleManager: Shutting down and abandoning module ActorLayerUtilities (509)
[2026.09.25-16.11.00:955][  0]LogModuleManager: Shutting down and abandoning module UVEditorToolsEditorOnly (507)
[2026.09.25-16.11.00:955][  0]LogModuleManager: Shutting down and abandoning module UVEditorTools (505)
[2026.09.25-16.11.00:955][  0]LogModuleManager: Shutting down and abandoning module UVEditor (503)
[2026.09.25-16.11.00:955][  0]LogModuleManager: Shutting down and abandoning module OpenImageDenoise (501)
[2026.09.25-16.11.00:955][  0]LogOpenImageDenoise: OIDN shutting down
[2026.09.25-16.11.00:956][  0]LogModuleManager: Shutting down and abandoning module ModelingEditorUI (499)
[2026.09.25-16.11.00:956][  0]LogModuleManager: Shutting down and abandoning module GeometryProcessingAdapters (497)
[2026.09.25-16.11.00:956][  0]LogModuleManager: Shutting down and abandoning module MeshModelingToolsEditorOnlyExp (495)
[2026.09.25-16.11.00:956][  0]LogModuleManager: Shutting down and abandoning module MeshModelingToolsExp (493)
[2026.09.25-16.11.00:956][  0]LogModuleManager: Shutting down and abandoning module Iris (491)
[2026.09.25-16.11.00:956][  0]LogModuleManager: Shutting down and abandoning module GeometryCollectionNodes (489)
[2026.09.25-16.11.00:956][  0]LogModuleManager: Shutting down and abandoning module GeometryCollectionTracks (487)
[2026.09.25-16.11.00:956][  0]LogModuleManager: Shutting down and abandoning module GeometryCollectionEngine (486)
[2026.09.25-16.11.00:956][  0]LogModuleManager: Shutting down and abandoning module GeometryCollectionSequencer (484)
[2026.09.25-16.11.00:956][  0]LogModuleManager: Shutting down and abandoning module GeometryCollectionEditor (481)
[2026.09.25-16.11.00:958][  0]LogModuleManager: Shutting down and abandoning module DataflowNodes (479)
[2026.09.25-16.11.00:958][  0]LogModuleManager: Shutting down and abandoning module DataflowEditor (477)
[2026.09.25-16.11.00:958][  0]LogModuleManager: Shutting down and abandoning module ChaosUserDataPT (475)
[2026.09.25-16.11.00:958][  0]LogModuleManager: Shutting down and abandoning module ChaosSolverEditor (473)
[2026.09.25-16.11.00:958][  0]LogModuleManager: Shutting down and abandoning module ChaosNiagara (471)
[2026.09.25-16.11.00:958][  0]LogModuleManager: Shutting down and abandoning module FractureEditor (469)
[2026.09.25-16.11.00:958][  0]LogModuleManager: Shutting down and abandoning module ChaosClothEditor (467)
[2026.09.25-16.11.00:959][  0]LogModuleManager: Shutting down and abandoning module AutomationUtilsEditor (465)
[2026.09.25-16.11.00:959][  0]LogModuleManager: Shutting down and abandoning module AutomationUtils (463)
[2026.09.25-16.11.00:959][  0]LogModuleManager: Shutting down and abandoning module TemplateSequence (461)
[2026.09.25-16.11.00:959][  0]LogModuleManager: Shutting down and abandoning module SequencerScriptingEditor (459)
[2026.09.25-16.11.00:959][  0]LogModuleManager: Shutting down and abandoning module SequencerScripting (457)
[2026.09.25-16.11.00:959][  0]LogModuleManager: Shutting down and abandoning module InterchangeEditorUtilities (455)
[2026.09.25-16.11.00:959][  0]LogModuleManager: Shutting down and abandoning module InterchangeResultsBrowser (453)
[2026.09.25-16.11.00:959][  0]LogModuleManager: Shutting down and abandoning module InterchangeEditorPipelines (451)
[2026.09.25-16.11.00:959][  0]LogModuleManager: Shutting down and abandoning module InterchangeEditor (449)
[2026.09.25-16.11.00:959][  0]LogModuleManager: Shutting down and abandoning module InterchangeFbxParser (447)
[2026.09.25-16.11.00:959][  0]LogModuleManager: Shutting down and abandoning module InterchangeCommonParser (445)
[2026.09.25-16.11.00:959][  0]LogModuleManager: Shutting down and abandoning module InterchangeDispatcher (443)
[2026.09.25-16.11.00:960][  0]LogModuleManager: Shutting down and abandoning module InterchangePipelines (441)
[2026.09.25-16.11.00:960][  0]LogModuleManager: Shutting down and abandoning module InterchangeExport (439)
[2026.09.25-16.11.00:960][  0]LogModuleManager: Shutting down and abandoning module InterchangeMessages (437)
[2026.09.25-16.11.00:960][  0]LogModuleManager: Shutting down and abandoning module InterchangeImport (435)
[2026.09.25-16.11.00:960][  0]LogModuleManager: Shutting down and abandoning module InterchangeFactoryNodes (433)
[2026.09.25-16.11.00:961][  0]LogModuleManager: Shutting down and abandoning module InterchangeNodes (431)
[2026.09.25-16.11.00:961][  0]LogModuleManager: Shutting down and abandoning module BlendSpaceMotionAnalysis (429)
[2026.09.25-16.11.00:961][  0]LogModuleManager: Shutting down and abandoning module AnimationModifierLibrary (427)
[2026.09.25-16.11.00:961][  0]LogModuleManager: Shutting down and abandoning module ControlRigSpline (425)
[2026.09.25-16.11.00:961][  0]LogModuleManager: Shutting down and abandoning module TraceUtilities (423)
[2026.09.25-16.11.00:961][  0]LogModuleManager: Shutting down and abandoning module MeshPaintingToolset (421)
[2026.09.25-16.11.00:961][  0]LogModuleManager: Shutting down and abandoning module MeshPaintEditorMode (419)
[2026.09.25-16.11.00:962][  0]LogModuleManager: Shutting down and abandoning module InputEditor (417)
[2026.09.25-16.11.00:962][  0]LogModuleManager: Shutting down and abandoning module Paper2D (415)
[2026.09.25-16.11.00:962][  0]LogModuleManager: Shutting down and abandoning module GameplayTagsEditor (413)
[2026.09.25-16.11.00:962][  0]LogModuleManager: Shutting down and abandoning module FacialAnimationEditor (411)
[2026.09.25-16.11.00:962][  0]LogModuleManager: Shutting down and abandoning module FacialAnimation (409)
[2026.09.25-16.11.00:962][  0]LogModuleManager: Shutting down and abandoning module DataValidation (407)
[2026.09.25-16.11.00:962][  0]LogModuleManager: Shutting down and abandoning module AssetManagerEditor (405)
[2026.09.25-16.11.00:962][  0]LogModuleManager: Shutting down and abandoning module TreeMap (404)
[2026.09.25-16.11.00:962][  0]LogModuleManager: Shutting down and abandoning module TraceDataFiltering (401)
[2026.09.25-16.11.00:962][  0]LogModuleManager: Shutting down and abandoning module PropertyAccessNode (399)
[2026.09.25-16.11.00:964][  0]LogModuleManager: Shutting down and abandoning module AnimationSharing (397)
[2026.09.25-16.11.00:964][  0]LogModuleManager: Shutting down and abandoning module GameplayCameras (395)
[2026.09.25-16.11.00:964][  0]LogModuleManager: Shutting down and abandoning module NiagaraAnimNotifies (393)
[2026.09.25-16.11.00:964][  0]LogModuleManager: Shutting down and abandoning module Niagara (391)
[2026.09.25-16.11.00:964][  0]LogModuleManager: Shutting down and abandoning module NiagaraEditor (390)
[2026.09.25-16.11.00:964][  0]LogModuleManager: Shutting down and abandoning module NiagaraCore (387)
[2026.09.25-16.11.00:964][  0]LogModuleManager: Shutting down and abandoning module UdpMessaging (385)
[2026.09.25-16.11.00:964][  0]LogModuleManager: Shutting down and abandoning module TcpMessaging (383)
[2026.09.25-16.11.00:964][  0]LogModuleManager: Shutting down and abandoning module Synthesis (381)
[2026.09.25-16.11.00:964][  0]LogModuleManager: Shutting down and abandoning module SignificanceManager (379)
[2026.09.25-16.11.00:964][  0]LogModuleManager: Shutting down and abandoning module SoundFields (377)
[2026.09.25-16.11.00:965][  0]LogModuleManager: Shutting down and abandoning module ProceduralMeshComponent (375)
[2026.09.25-16.11.00:965][  0]LogModuleManager: Shutting down and abandoning module PropertyAccessEditor (373)
[2026.09.25-16.11.00:965][  0]LogModuleManager: Shutting down and abandoning module MetasoundEditor (371)
[2026.09.25-16.11.00:965][  0]LogModuleManager: Shutting down and abandoning module AudioWidgets (370)
[2026.09.25-16.11.00:966][  0]LogModuleManager: Shutting down and abandoning module AdvancedWidgets (369)
[2026.09.25-16.11.00:966][  0]LogModuleManager: Shutting down and abandoning module MetasoundEngineTest (365)
[2026.09.25-16.11.00:966][  0]LogModuleManager: Shutting down and abandoning module MetasoundEngine (363)
[2026.09.25-16.11.00:966][  0]LogModuleManager: Shutting down and abandoning module WaveTable (362)
[2026.09.25-16.11.00:966][  0]LogModuleManager: Shutting down and abandoning module AudioCodecEngine (360)
[2026.09.25-16.11.00:966][  0]LogModuleManager: Shutting down and abandoning module MetasoundStandardNodes (357)
[2026.09.25-16.11.00:967][  0]LogModuleManager: Shutting down and abandoning module MetasoundFrontend (355)
[2026.09.25-16.11.00:967][  0]LogModuleManager: Shutting down and abandoning module MetasoundGenerator (353)
[2026.09.25-16.11.00:967][  0]LogModuleManager: Shutting down and abandoning module MetasoundGraphCore (351)
[2026.09.25-16.11.00:967][  0]LogModuleManager: Shutting down and abandoning module LocationServicesBPLibrary (349)
[2026.09.25-16.11.00:967][  0]LogModuleManager: Shutting down and abandoning module CustomMeshComponent (347)
[2026.09.25-16.11.00:967][  0]LogModuleManager: Shutting down and abandoning module CableComponent (345)
[2026.09.25-16.11.00:967][  0]LogModuleManager: Shutting down and abandoning module AudioSynesthesia (343)
[2026.09.25-16.11.00:968][  0]LogModuleManager: Shutting down and abandoning module AudioAnalyzer (342)
[2026.09.25-16.11.00:968][  0]LogModuleManager: Shutting down and abandoning module AudioSynesthesiaCore (339)
[2026.09.25-16.11.00:968][  0]LogModuleManager: Shutting down and abandoning module SignalProcessing (338)
[2026.09.25-16.11.00:968][  0]LogModuleManager: Shutting down and abandoning module PythonScriptPlugin (335)
[2026.09.25-16.11.00:968][  0]LogModuleManager: Shutting down and abandoning module PBIK (333)
[2026.09.25-16.11.00:968][  0]LogModuleManager: Shutting down and abandoning module FullBodyIK (331)
[2026.09.25-16.11.00:968][  0]LogModuleManager: Shutting down and abandoning module ChaosCachingEditor (329)
[2026.09.25-16.11.00:968][  0]LogModuleManager: Shutting down and abandoning module TakeRecorder (328)
[2026.09.25-16.11.00:969][  0]LogModuleManager: Shutting down and abandoning module ChaosCaching (325)
[2026.09.25-16.11.00:969][  0]LogModuleManager: Shutting down and abandoning module EnvironmentQueryEditor (323)
[2026.09.25-16.11.00:969][  0]LogModuleManager: Shutting down and abandoning module ActorSequence (321)
[2026.09.25-16.11.00:969][  0]LogModuleManager: Shutting down and abandoning module ControlRigDeveloper (319)
[2026.09.25-16.11.00:969][  0]LogModuleManager: Shutting down and abandoning module ControlRig (317)
[2026.09.25-16.11.00:969][  0]LogModuleManager: Shutting down and abandoning module LevelSequence (316)
[2026.09.25-16.11.00:969][  0]LogModuleManager: Shutting down and abandoning module IKRigDeveloper (313)
[2026.09.25-16.11.00:969][  0]LogModuleManager: Shutting down and abandoning module IKRig (311)
[2026.09.25-16.11.00:970][  0]LogModuleManager: Shutting down and abandoning module InputBlueprintNodes (309)
[2026.09.25-16.11.00:970][  0]LogModuleManager: Shutting down and abandoning module EnhancedInput (307)
[2026.09.25-16.11.00:970][  0]LogModuleManager: Shutting down and abandoning module AndroidFileServer (305)
[2026.09.25-16.11.00:970][  0]LogModuleManager: Shutting down and abandoning module NetworkReplayStreaming (303)
[2026.09.25-16.11.00:970][  0]LogModuleManager: Shutting down and abandoning module PacketHandler (301)
[2026.09.25-16.11.00:970][  0]LogModuleManager: Shutting down and abandoning module TimeManagement (299)
[2026.09.25-16.11.00:970][  0]LogModuleManager: Shutting down and abandoning module AnimationDataController (297)
[2026.09.25-16.11.00:970][  0]LogModuleManager: Shutting down and abandoning module ClothingSystemEditor (295)
[2026.09.25-16.11.00:971][  0]LogModuleManager: Shutting down and abandoning module ClothingSystemRuntimeNv (293)
[2026.09.25-16.11.00:971][  0]LogModuleManager: Shutting down and abandoning module MediaAssets (291)
[2026.09.25-16.11.00:971][  0]LogModuleManager: Shutting down and abandoning module Overlay (289)
[2026.09.25-16.11.00:971][  0]LogModuleManager: Shutting down and abandoning module OverlayEditor (288)
[2026.09.25-16.11.00:971][  0]LogModuleManager: Shutting down and abandoning module Blutility (285)
[2026.09.25-16.11.00:971][  0]LogModuleManager: Shutting down and abandoning module LevelEditor (284)
[2026.09.25-16.11.00:971][  0]LogModuleManager: Shutting down and abandoning module PixelInspectorModule (283)
[2026.09.25-16.11.00:971][  0]LogModuleManager: Shutting down and abandoning module LevelAssetEditor (281)
[2026.09.25-16.11.00:972][  0]LogModuleManager: Shutting down and abandoning module CommonMenuExtensions (279)
[2026.09.25-16.11.00:972][  0]LogModuleManager: Shutting down and abandoning module MainFrame (277)
[2026.09.25-16.11.00:972][  0]LogModuleManager: Shutting down and abandoning module HotReload (276)
[2026.09.25-16.11.00:972][  0]LogModuleManager: Shutting down and abandoning module ContentBrowser (272)
[2026.09.25-16.11.00:972][  0]LogModuleManager: Shutting down and abandoning module ToolMenus (271)
[2026.09.25-16.11.00:972][  0]LogModuleManager: Shutting down and abandoning module CollectionManager (269)
[2026.09.25-16.11.00:972][  0]LogModuleManager: Shutting down and abandoning module ContentBrowserData (267)
[2026.09.25-16.11.00:972][  0]LogModuleManager: Shutting down and abandoning module VREditor (263)
[2026.09.25-16.11.00:972][  0]LogModuleManager: Shutting down and abandoning module StringTableEditor (261)
[2026.09.25-16.11.00:972][  0]LogModuleManager: Shutting down and abandoning module GameplayTasksEditor (259)
[2026.09.25-16.11.00:972][  0]LogModuleManager: Shutting down and abandoning module BehaviorTreeEditor (257)
[2026.09.25-16.11.00:972][  0]LogModuleManager: Shutting down and abandoning module FunctionalTesting (255)
[2026.09.25-16.11.00:972][  0]LogModuleManager: Shutting down and abandoning module CollisionAnalyzer (253)
[2026.09.25-16.11.00:974][  0]LogModuleManager: Shutting down and abandoning module WorkspaceMenuStructure (252)
[2026.09.25-16.11.00:974][  0]LogModuleManager: Shutting down and abandoning module UMG (249)
[2026.09.25-16.11.00:974][  0]LogModuleManager: Shutting down and abandoning module UMGEditor (248)
[2026.09.25-16.11.00:974][  0]LogModuleManager: Shutting down and abandoning module EditorStyle (243)
[2026.09.25-16.11.00:974][  0]LogModuleManager: Shutting down and abandoning module SlateReflector (241)
[2026.09.25-16.11.00:974][  0]LogModuleManager: Shutting down and abandoning module Slate (239)
[2026.09.25-16.11.00:974][  0]LogModuleManager: Shutting down and abandoning module SlateCore (237)
[2026.09.25-16.11.00:975][  0]LogModuleManager: Shutting down and abandoning module SubobjectDataInterface (235)
[2026.09.25-16.11.00:975][  0]LogModuleManager: Shutting down and abandoning module LandscapeEditorUtilities (233)
[2026.09.25-16.11.00:975][  0]LogModuleManager: Shutting down and abandoning module UnrealEd (231)
[2026.09.25-16.11.00:975][  0]LogModuleManager: Shutting down and abandoning module MRMesh (229)
[2026.09.25-16.11.00:975][  0]LogModuleManager: Shutting down and abandoning module Messaging (227)
[2026.09.25-16.11.00:975][  0]LogModuleManager: Shutting down and abandoning module SourceCodeAccess (225)
[2026.09.25-16.11.00:975][  0]LogModuleManager: Shutting down and abandoning module HeadMountedDisplay (223)
[2026.09.25-16.11.00:975][  0]LogModuleManager: Shutting down and abandoning module Networking (221)
[2026.09.25-16.11.00:975][  0]LogModuleManager: Shutting down and abandoning module Core (219)
[2026.09.25-16.11.00:975][  0]LogModuleManager: Shutting down and abandoning module MaterialEditor (217)
[2026.09.25-16.11.00:977][  0]LogModuleManager: Shutting down and abandoning module Settings (216)
[2026.09.25-16.11.00:977][  0]LogModuleManager: Shutting down and abandoning module MeshBuilder (213)
[2026.09.25-16.11.00:977][  0]LogModuleManager: Shutting down and abandoning module NaniteBuilder (211)
[2026.09.25-16.11.00:977][  0]LogModuleManager: Shutting down and abandoning module MeshUtilities (209)
[2026.09.25-16.11.00:977][  0]LogModuleManager: Shutting down and abandoning module MeshMergeUtilities (208)
[2026.09.25-16.11.00:977][  0]LogModuleManager: Shutting down and abandoning module MeshReductionInterface (207)
[2026.09.25-16.11.00:977][  0]LogModuleManager: Shutting down and abandoning module MeshBoneReduction (206)
[2026.09.25-16.11.00:977][  0]LogModuleManager: Shutting down and abandoning module SkeletalMeshReduction (204)
[2026.09.25-16.11.00:977][  0]LogModuleManager: Shutting down and abandoning module ProxyLODMeshReduction (202)
[2026.09.25-16.11.00:978][  0]LogModuleManager: Shutting down and abandoning module QuadricMeshReduction (200)
[2026.09.25-16.11.00:978][  0]LogModuleManager: Shutting down and abandoning module MaterialBaking (196)
[2026.09.25-16.11.00:978][  0]LogModuleManager: Shutting down and abandoning module MovieSceneTools (193)
[2026.09.25-16.11.00:978][  0]LogModuleManager: Shutting down and abandoning module CurveEditor (192)
[2026.09.25-16.11.00:978][  0]LogModuleManager: Shutting down and abandoning module Sequencer (190)
[2026.09.25-16.11.00:978][  0]LogModuleManager: Shutting down and abandoning module KismetCompiler (187)
[2026.09.25-16.11.00:979][  0]LogModuleManager: Shutting down and abandoning module DirectoryWatcher (184)
[2026.09.25-16.11.00:979][  0]LogModuleManager: Shutting down and abandoning module NullInstallBundleManager (181)
[2026.09.25-16.11.00:979][  0]LogModuleManager: Shutting down and abandoning module DerivedDataCache (179)
[2026.09.25-16.11.00:979][  0]LogModuleManager: Shutting down and abandoning module TargetPlatform (177)
[2026.09.25-16.11.00:979][  0]LogModuleManager: Shutting down and abandoning module ShaderFormatVectorVM (176)
[2026.09.25-16.11.00:980][  0]LogModuleManager: Shutting down and abandoning module MetalShaderFormat (174)
[2026.09.25-16.11.00:980][  0]LogModuleManager: Shutting down and abandoning module VulkanShaderFormat (172)
[2026.09.25-16.11.00:980][  0]LogModuleManager: Shutting down and abandoning module ShaderFormatOpenGL (170)
[2026.09.25-16.11.00:980][  0]LogModuleManager: Shutting down and abandoning module ShaderFormatD3D (168)
[2026.09.25-16.11.00:980][  0]LogModuleManager: Shutting down and abandoning module AudioFormatBink (166)
[2026.09.25-16.11.00:980][  0]LogModuleManager: Shutting down and abandoning module AudioFormatADPCM (163)
[2026.09.25-16.11.00:980][  0]LogModuleManager: Shutting down and abandoning module AudioFormatOGG (161)
[2026.09.25-16.11.00:981][  0]LogModuleManager: Shutting down and abandoning module AudioFormatOPUS (159)
[2026.09.25-16.11.00:981][  0]LogModuleManager: Shutting down and abandoning module WindowsTargetPlatform (157)
[2026.09.25-16.11.00:981][  0]LogModuleManager: Shutting down and abandoning module TVOSTargetPlatform (155)
[2026.09.25-16.11.00:981][  0]LogModuleManager: Shutting down and abandoning module LinuxArm64TargetPlatform (153)
[2026.09.25-16.11.00:981][  0]LogModuleManager: Shutting down and abandoning module LinuxTargetPlatform (151)
[2026.09.25-16.11.00:981][  0]LogModuleManager: Shutting down and abandoning module IOSTargetPlatform (149)
[2026.09.25-16.11.00:981][  0]LogModuleManager: Shutting down and abandoning module HoloLensTargetPlatform (147)
[2026.09.25-16.11.00:981][  0]LogModuleManager: Shutting down and abandoning module AndroidTargetPlatform (145)
[2026.09.25-16.11.00:982][  0]LogModuleManager: Shutting down and abandoning module TextureFormat (143)
[2026.09.25-16.11.00:982][  0]LogModuleManager: Shutting down and abandoning module ImageWrapper (142)
[2026.09.25-16.11.00:982][  0]LogModuleManager: Shutting down and abandoning module TextureFormatOodle (140)
[2026.09.25-16.11.00:982][  0]LogModuleManager: Shutting down and abandoning module TextureFormatUncompressed (138)
[2026.09.25-16.11.00:982][  0]LogModuleManager: Shutting down and abandoning module TextureFormatIntelISPCTexComp (136)
[2026.09.25-16.11.00:982][  0]LogModuleManager: Shutting down and abandoning module TextureFormatETC2 (134)
[2026.09.25-16.11.00:982][  0]LogModuleManager: Shutting down and abandoning module TextureFormatDXT (132)
[2026.09.25-16.11.00:982][  0]LogModuleManager: Shutting down and abandoning module TextureFormatASTC (130)
[2026.09.25-16.11.00:983][  0]LogModuleManager: Shutting down and abandoning module TurnkeySupport (127)
[2026.09.25-16.11.00:983][  0]LogModuleManager: Shutting down and abandoning module NullDrv (124)
[2026.09.25-16.11.00:983][  0]LogModuleManager: Shutting down and abandoning module ChaosSolverEngine (122)
[2026.09.25-16.11.00:983][  0]LogModuleManager: Shutting down and abandoning module FieldSystemEngine (121)
[2026.09.25-16.11.00:983][  0]LogModuleManager: Shutting down and abandoning module Chaos (118)
[2026.09.25-16.11.00:983][  0]LogModuleManager: Shutting down and abandoning module GeometryCore (117)
[2026.09.25-16.11.00:983][  0]LogModuleManager: Shutting down and abandoning module WindowsPlatformFeatures (114)
[2026.09.25-16.11.00:983][  0]LogModuleManager: Shutting down and abandoning module GameplayMediaEncoder (113)
[2026.09.25-16.11.00:984][  0]LogModuleManager: Shutting down and abandoning module AVEncoder (112)
[2026.09.25-16.11.00:984][  0]LogModuleManager: Shutting down and abandoning module WindowsDeviceProfileSelector (108)
[2026.09.25-16.11.00:984][  0]LogModuleManager: Shutting down and abandoning module PixWinPlugin (106)
[2026.09.25-16.11.00:984][  0]LogModuleManager: Shutting down and abandoning module WmfMedia (104)
[2026.09.25-16.11.00:984][  0]LogModuleManager: Shutting down and abandoning module Media (103)
[2026.09.25-16.11.00:984][  0]LogModuleManager: Shutting down and abandoning module ExrReaderGpu (100)
[2026.09.25-16.11.00:985][  0]LogModuleManager: Shutting down and abandoning module NiagaraVertexFactories (98)
[2026.09.25-16.11.00:985][  0]LogModuleManager: Shutting down and abandoning module NiagaraShader (96)
[2026.09.25-16.11.00:985][  0]LogModuleManager: Shutting down and abandoning module OnlineBlueprintSupport (94)
[2026.09.25-16.11.00:986][  0]LogModuleManager: Shutting down and abandoning module OnlineSubsystemUtils (92)
[2026.09.25-16.11.00:986][  0]LogModuleManager: Shutting down and abandoning module OnlineSubsystem (90)
[2026.09.25-16.11.00:986][  0]LogModuleManager: Shutting down and abandoning module XMPP (85)
[2026.09.25-16.11.00:986][  0]LogModuleManager: Shutting down and abandoning module WebSockets (84)
[2026.09.25-16.11.00:986][  0]LogModuleManager: Shutting down and abandoning module HTTP (81)
[2026.09.25-16.11.00:986][  0]LogModuleManager: Shutting down and abandoning module SSL (80)
[2026.09.25-16.11.00:986][  0]LogModuleManager: Shutting down and abandoning module OnlineServicesCommonEngineUtils (76)
[2026.09.25-16.11.00:986][  0]LogModuleManager: Shutting down and abandoning module OnlineServicesCommon (74)
[2026.09.25-16.11.00:987][  0]LogModuleManager: Shutting down and abandoning module OnlineServicesInterface (72)
[2026.09.25-16.11.00:987][  0]LogModuleManager: Shutting down and abandoning module VariantManagerContent (70)
[2026.09.25-16.11.00:987][  0]LogModuleManager: Shutting down and abandoning module GLTFExporter (68)
[2026.09.25-16.11.00:987][  0]LogModuleManager: Shutting down and abandoning module DatasmithContent (66)
[2026.09.25-16.11.00:987][  0]LogModuleManager: Shutting down and abandoning module ChunkDownloader (64)
[2026.09.25-16.11.00:987][  0]LogModuleManager: Shutting down and abandoning module ChaosCloth (62)
[2026.09.25-16.11.00:987][  0]LogModuleManager: Shutting down and abandoning module LauncherChunkInstaller (60)
[2026.09.25-16.11.00:987][  0]LogModuleManager: Shutting down and abandoning module AISupportModule (58)
[2026.09.25-16.11.00:988][  0]LogModuleManager: Shutting down and abandoning module PerforceSourceControl (56)
[2026.09.25-16.11.00:988][  0]LogModuleManager: Shutting down and abandoning module SourceControl (55)
[2026.09.25-16.11.00:988][  0]LogModuleManager: Shutting down and abandoning module PythonScriptPluginPreload (52)
[2026.09.25-16.11.00:988][  0]LogModuleManager: Shutting down and abandoning module PlatformCryptoOpenSSL (50)
[2026.09.25-16.11.00:988][  0]LogModuleManager: Shutting down and abandoning module PlatformCryptoTypes (48)
[2026.09.25-16.11.00:988][  0]LogModuleManager: Shutting down and abandoning module PlatformCrypto (46)
[2026.09.25-16.11.00:988][  0]LogModuleManager: Shutting down and abandoning module XGEController (44)
[2026.09.25-16.11.00:988][  0]LogXGEController: Cleaning working directory: C:/Users/BaraXenosan/AppData/Local/Temp/UnrealXGEWorkingDir/
[2026.09.25-16.11.00:989][  0]LogModuleManager: Shutting down and abandoning module FastBuildController (42)
[2026.09.25-16.11.00:989][  0]LogModuleManager: Shutting down and abandoning module AnimationModifiers (40)
[2026.09.25-16.11.00:989][  0]LogModuleManager: Shutting down and abandoning module AudioEditor (38)
[2026.09.25-16.11.00:989][  0]LogModuleManager: Shutting down and abandoning module PropertyEditor (37)
[2026.09.25-16.11.00:989][  0]LogModuleManager: Shutting down and abandoning module Virtualization (34)
[2026.09.25-16.11.00:989][  0]LogModuleManager: Shutting down and abandoning module MessageLog (33)
[2026.09.25-16.11.00:989][  0]LogModuleManager: Shutting down and abandoning module TextureCompressor (30)
[2026.09.25-16.11.00:989][  0]LogModuleManager: Shutting down and abandoning module RenderCore (28)
[2026.09.25-16.11.00:989][  0]LogModuleManager: Shutting down and abandoning module Landscape (26)
[2026.09.25-16.11.00:989][  0]LogModuleManager: Shutting down and abandoning module SlateRHIRenderer (24)
[2026.09.25-16.11.00:989][  0]LogModuleManager: Shutting down and abandoning module AnimGraphRuntime (22)
[2026.09.25-16.11.00:989][  0]LogModuleManager: Shutting down and abandoning module Renderer (20)
[2026.09.25-16.11.00:990][  0]LogModuleManager: Shutting down and abandoning module Engine (18)
[2026.09.25-16.11.00:990][  0]LogModuleManager: Shutting down and abandoning module CoreUObject (16)
[2026.09.25-16.11.00:990][  0]LogModuleManager: Shutting down and abandoning module SandboxFile (14)
[2026.09.25-16.11.00:990][  0]LogModuleManager: Shutting down and abandoning module PakFile (12)
[2026.09.25-16.11.00:990][  0]LogModuleManager: Shutting down and abandoning module RSA (11)
[2026.09.25-16.11.00:990][  0]LogModuleManager: Shutting down and abandoning module NetworkFile (8)
[2026.09.25-16.11.00:990][  0]LogModuleManager: Shutting down and abandoning module StreamingFile (6)
[2026.09.25-16.11.00:991][  0]LogModuleManager: Shutting down and abandoning module CookOnTheFly (4)
[2026.09.25-16.11.00:991][  0]LogModuleManager: Shutting down and abandoning module StorageServerClient (2)
[2026.09.25-16.11.01:007][  0]LogExit: Exiting.
[2026.09.25-16.11.01:019][  0]Log file closed, 09/25/26 18:11:01
