"../../../Engine/Content/EngineResources/DefaultTexture.ubulk" 0
"../../../Engine/Content/EngineResources/DefaultTexture.uasset" 1
"../../../Engine/Content/EngineResources/DefaultTexture.uexp" 2
"../../../Engine/Content/EngineResources/DefaultTextureCube.uasset" 3
"../../../Engine/Content/EngineResources/DefaultTextureCube.uexp" 4
"../../../Engine/Content/EngineResources/DefaultVolumeTexture2D.uasset" 5
"../../../Engine/Content/EngineResources/DefaultVolumeTexture2D.uexp" 6
"../../../Engine/Content/EngineResources/DefaultVolumeTexture.uasset" 7
"../../../Engine/Content/EngineResources/DefaultVolumeTexture.uexp" 8
"../../../Engine/Content/EngineMeshes/Sphere.uasset" 9
"../../../Engine/Content/EngineMeshes/Sphere.uexp" 10
"../../../Engine/Content/EngineResources/GradientTexture0.uasset" 11
"../../../Engine/Content/EngineResources/GradientTexture0.uexp" 12
"../../../Engine/Content/EngineResources/Black.uasset" 13
"../../../Engine/Content/EngineResources/Black.uexp" 14
"../../../Engine/Content/EngineMaterials/T_Default_Material_Grid_M.ubulk" 15
"../../../Engine/Content/EngineMaterials/T_Default_Material_Grid_M.uasset" 16
"../../../Engine/Content/EngineMaterials/T_Default_Material_Grid_M.uexp" 17
"../../../Engine/Content/EngineMaterials/T_Default_Material_Grid_N.ubulk" 18
"../../../Engine/Content/EngineMaterials/T_Default_Material_Grid_N.uasset" 19
"../../../Engine/Content/EngineMaterials/T_Default_Material_Grid_N.uexp" 20
"../../../Engine/Content/Functions/Engine_MaterialFunctions01/Opacity/CameraDepthFade.uasset" 21
"../../../Engine/Content/Functions/Engine_MaterialFunctions01/Opacity/CameraDepthFade.uexp" 22
"../../../Engine/Content/EngineMaterials/WorldGridMaterial.uasset" 23
"../../../Engine/Content/EngineMaterials/WorldGridMaterial.uexp" 24
"../../../Engine/Content/ArtTools/RenderToTexture/Meshes/S_1_Unit_Plane.uasset" 25
"../../../Engine/Content/ArtTools/RenderToTexture/Meshes/S_1_Unit_Plane.uexp" 26
"../../../Engine/Plugins/Media/MediaPlate/Content/SM_MediaPlateScreen.uasset" 27
"../../../Engine/Plugins/Media/MediaPlate/Content/SM_MediaPlateScreen.uexp" 28
"../../../Engine/Content/EngineMaterials/Good64x64TilingNoiseHighFreq.uasset" 29
"../../../Engine/Content/EngineMaterials/Good64x64TilingNoiseHighFreq.uexp" 30
"../../../Engine/Content/EngineMaterials/DefaultBokeh.uasset" 31
"../../../Engine/Content/EngineMaterials/DefaultBokeh.uexp" 32
"../../../Engine/Content/EngineMaterials/PreintegratedSkinBRDF.uasset" 33
"../../../Engine/Content/EngineMaterials/PreintegratedSkinBRDF.uexp" 34
"../../../Engine/Content/EngineMaterials/MiniFont.uasset" 35
"../../../Engine/Content/EngineMaterials/MiniFont.uexp" 36
"../../../Engine/Content/EngineMaterials/WeightMapPlaceholderTexture.uasset" 37
"../../../Engine/Content/EngineMaterials/WeightMapPlaceholderTexture.uexp" 38
"../../../Engine/Content/EngineMaterials/DefaultWhiteGrid.ubulk" 39
"../../../Engine/Content/EngineMaterials/DefaultWhiteGrid.uasset" 40
"../../../Engine/Content/EngineMaterials/DefaultWhiteGrid.uexp" 41
"../../../Engine/Content/Animation/DefaultRecorderBoneCompression.uasset" 42
"../../../Engine/Content/Animation/DefaultRecorderBoneCompression.uexp" 43
"../../../Engine/Content/Animation/DefaultAnimCurveCompressionSettings.uasset" 44
"../../../Engine/Content/Animation/DefaultAnimCurveCompressionSettings.uexp" 45
"../../../Engine/Content/Animation/DefaultAnimBoneCompressionSettings.uasset" 46
"../../../Engine/Content/Animation/DefaultAnimBoneCompressionSettings.uexp" 47
"../../../Engine/Content/EngineMaterials/DefaultMaterial.uasset" 48
"../../../Engine/Content/EngineMaterials/DefaultMaterial.uexp" 49
"../../../Engine/Content/BasicShapes/Sphere.uasset" 50
"../../../Engine/Content/BasicShapes/Sphere.uexp" 51
"../../../Engine/Content/BasicShapes/Plane.uasset" 52
"../../../Engine/Content/BasicShapes/Plane.uexp" 53
"../../../Engine/Content/BasicShapes/Cylinder.uasset" 54
"../../../Engine/Content/BasicShapes/Cylinder.uexp" 55
"../../../Engine/Content/BasicShapes/Cone.uasset" 56
"../../../Engine/Content/BasicShapes/Cone.uexp" 57
"../../../Engine/Content/Functions/Engine_MaterialFunctions02/Utility/MakeFloat4.uasset" 58
"../../../Engine/Content/Functions/Engine_MaterialFunctions02/Utility/MakeFloat4.uexp" 59
"../../../Engine/Content/Functions/Engine_MaterialFunctions02/Utility/MakeFloat3.uasset" 60
"../../../Engine/Content/Functions/Engine_MaterialFunctions02/Utility/MakeFloat3.uexp" 61
"../../../Engine/Content/Functions/Engine_MaterialFunctions02/Utility/BreakOutFloat3Components.uasset" 62
"../../../Engine/Content/Functions/Engine_MaterialFunctions02/Utility/BreakOutFloat3Components.uexp" 63
"../../../Engine/Content/EngineDamageTypes/DmgTypeBP_Environmental.uasset" 64
"../../../Engine/Content/EngineDamageTypes/DmgTypeBP_Environmental.uexp" 65
"../../../Engine/Content/Functions/Engine_MaterialFunctions02/Utility/CameraDirectionVector.uasset" 66
"../../../Engine/Content/Functions/Engine_MaterialFunctions02/Utility/CameraDirectionVector.uexp" 67
"../../../Engine/Content/EngineDebugMaterials/VolumeToRender.uasset" 68
"../../../Engine/Content/EngineDebugMaterials/VolumeToRender.uexp" 69
"../../../Engine/Content/EngineDebugMaterials/M_VolumeRenderSphereTracePP.uasset" 70
"../../../Engine/Content/EngineDebugMaterials/M_VolumeRenderSphereTracePP.uexp" 71
"../../../Engine/Content/EngineDebugMaterials/M_SimpleUnlitTranslucent.uasset" 72
"../../../Engine/Content/EngineDebugMaterials/M_SimpleUnlitTranslucent.uexp" 73
"../../../Engine/Content/EngineDebugMaterials/DebugMeshMaterial.uasset" 74
"../../../Engine/Content/EngineDebugMaterials/DebugMeshMaterial.uexp" 75
"../../../Engine/Content/EngineFonts/Faces/RobotoLight.uexp" 76
"../../../Engine/Content/EngineFonts/Faces/RobotoLight.uasset" 77
"../../../Engine/Content/EngineFonts/Faces/RobotoLight.ufont" 78
"../../../Engine/Content/EngineFonts/Faces/RobotoBold.uexp" 79
"../../../Engine/Content/EngineFonts/Faces/RobotoBold.uasset" 80
"../../../Engine/Content/EngineFonts/Faces/RobotoBold.ufont" 81
"../../../Engine/Content/EngineFonts/Faces/RobotoRegular.uexp" 82
"../../../Engine/Content/EngineFonts/Faces/RobotoRegular.uasset" 83
"../../../Engine/Content/EngineFonts/Faces/RobotoRegular.ufont" 84
"../../../Engine/Content/EngineFonts/Faces/DroidSansFallback.uexp" 85
"../../../Engine/Content/EngineFonts/Faces/DroidSansFallback.uasset" 86
"../../../Engine/Content/EngineFonts/Faces/DroidSansFallback.ufont" 87
"../../../Engine/Content/EngineFonts/Faces/RobotoItalic.uexp" 88
"../../../Engine/Content/EngineFonts/Faces/RobotoItalic.uasset" 89
"../../../Engine/Content/EngineFonts/Faces/RobotoItalic.ufont" 90
"../../../Engine/Content/EngineFonts/Faces/RobotoBoldItalic.uexp" 91
"../../../Engine/Content/EngineFonts/Faces/RobotoBoldItalic.uasset" 92
"../../../Engine/Content/EngineFonts/Faces/RobotoBoldItalic.ufont" 93
"../../../Engine/Content/EngineFonts/Roboto.uasset" 94
"../../../Engine/Content/EngineFonts/Roboto.uexp" 95
"../../../Engine/Content/EngineResources/WhiteSquareTexture.uasset" 96
"../../../Engine/Content/EngineResources/WhiteSquareTexture.uexp" 97
"../../../Engine/Content/EngineMaterials/Widget3DPassThrough.uasset" 98
"../../../Engine/Content/EngineMaterials/Widget3DPassThrough.uexp" 99
"../../../Engine/Content/EngineMaterials/Widget3DPassThrough_Translucent.uasset" 100
"../../../Engine/Content/EngineMaterials/Widget3DPassThrough_Translucent.uexp" 101
"../../../Engine/Content/EngineMaterials/Widget3DPassThrough_Translucent_OneSided.uasset" 102
"../../../Engine/Content/EngineMaterials/Widget3DPassThrough_Translucent_OneSided.uexp" 103
"../../../Engine/Content/EngineMaterials/Widget3DPassThrough_Opaque.uasset" 104
"../../../Engine/Content/EngineMaterials/Widget3DPassThrough_Opaque.uexp" 105
"../../../Engine/Content/EngineMaterials/Widget3DPassThrough_Opaque_OneSided.uasset" 106
"../../../Engine/Content/EngineMaterials/Widget3DPassThrough_Opaque_OneSided.uexp" 107
"../../../Engine/Content/EngineMaterials/Widget3DPassThrough_Masked_OneSided.uasset" 108
"../../../Engine/Content/EngineMaterials/Widget3DPassThrough_Masked_OneSided.uexp" 109
"../../../Engine/Content/EngineMaterials/Widget3DPassThrough_Masked.uasset" 110
"../../../Engine/Content/EngineMaterials/Widget3DPassThrough_Masked.uexp" 111
"../../../Engine/Plugins/Runtime/MeshModelingToolset/Content/Materials/M_DynamicMeshComponentVtxColor.uasset" 112
"../../../Engine/Plugins/Runtime/MeshModelingToolset/Content/Materials/M_DynamicMeshComponentVtxColor.uexp" 113
"../../../Engine/Content/EngineMaterials/RemoveSurfaceMaterial.uasset" 114
"../../../Engine/Content/EngineMaterials/RemoveSurfaceMaterial.uexp" 115
"../../../Engine/Content/Functions/Engine_MaterialFunctions02/WorldPositionOffset/CameraOffset.uasset" 116
"../../../Engine/Content/Functions/Engine_MaterialFunctions02/WorldPositionOffset/CameraOffset.uexp" 117
"../../../Engine/Content/EngineMaterials/PhAT_JointLimitMaterial.uasset" 118
"../../../Engine/Content/EngineMaterials/PhAT_JointLimitMaterial.uexp" 119
"../../../Engine/Content/EngineMaterials/InvalidLightmapSettings.ubulk" 120
"../../../Engine/Content/EngineMaterials/InvalidLightmapSettings.uasset" 121
"../../../Engine/Content/EngineMaterials/InvalidLightmapSettings.uexp" 122
"../../../Engine/Content/EngineMaterials/M_InvalidLightmapSettings.uasset" 123
"../../../Engine/Content/EngineMaterials/M_InvalidLightmapSettings.uexp" 124
"../../../Engine/Content/EngineMaterials/GizmoMaterial.uasset" 125
"../../../Engine/Content/EngineMaterials/GizmoMaterial.uexp" 126
"../../../Engine/Content/EngineMaterials/BaseFlattenEmissiveMap_VT.uasset" 127
"../../../Engine/Content/EngineMaterials/BaseFlattenEmissiveMap_VT.uexp" 128
"../../../Engine/Content/EngineMaterials/BaseFlattenGrayscaleMap_VT.uasset" 129
"../../../Engine/Content/EngineMaterials/BaseFlattenGrayscaleMap_VT.uexp" 130
"../../../Engine/Content/EngineMaterials/BaseFlattenLinearColor_VT.uasset" 131
"../../../Engine/Content/EngineMaterials/BaseFlattenLinearColor_VT.uexp" 132
"../../../Engine/Content/EngineMaterials/Black_1x1_EXR_Texture_VT.uasset" 133
"../../../Engine/Content/EngineMaterials/Black_1x1_EXR_Texture_VT.uexp" 134
"../../../Engine/Content/EngineMaterials/BaseFlattenDiffuseMap_VT.uasset" 135
"../../../Engine/Content/EngineMaterials/BaseFlattenDiffuseMap_VT.uexp" 136
"../../../Engine/Content/EngineMaterials/BaseFlattenNormalMap_VT.uasset" 137
"../../../Engine/Content/EngineMaterials/BaseFlattenNormalMap_VT.uexp" 138
"../../../Engine/Content/EngineMaterials/FlattenMaterial_WS_Normal_VT.uasset" 139
"../../../Engine/Content/EngineMaterials/FlattenMaterial_WS_Normal_VT.uexp" 140
"../../../Engine/Content/EngineMaterials/FlattenMaterial_VT.uasset" 141
"../../../Engine/Content/EngineMaterials/FlattenMaterial_VT.uexp" 142
"../../../Engine/Content/EngineMaterials/BaseFlattenNormalMap.uasset" 143
"../../../Engine/Content/EngineMaterials/BaseFlattenNormalMap.uexp" 144
"../../../Engine/Content/EngineMaterials/BaseFlattenGrayscaleMap.uasset" 145
"../../../Engine/Content/EngineMaterials/BaseFlattenGrayscaleMap.uexp" 146
"../../../Engine/Content/EngineMaterials/BaseFlattenDiffuseMap.uasset" 147
"../../../Engine/Content/EngineMaterials/BaseFlattenDiffuseMap.uexp" 148
"../../../Engine/Content/Functions/Engine_MaterialFunctions02/PivotPainter2/Black_1x1_EXR_Texture.uasset" 149
"../../../Engine/Content/Functions/Engine_MaterialFunctions02/PivotPainter2/Black_1x1_EXR_Texture.uexp" 150
"../../../Engine/Content/EngineMaterials/BaseFlattenEmissiveMap.uasset" 151
"../../../Engine/Content/EngineMaterials/BaseFlattenEmissiveMap.uexp" 152
"../../../Engine/Content/EngineMaterials/BaseFlattenLinearColor.uasset" 153
"../../../Engine/Content/EngineMaterials/BaseFlattenLinearColor.uexp" 154
"../../../Engine/Content/EngineMaterials/FlattenMaterial.uasset" 155
"../../../Engine/Content/EngineMaterials/FlattenMaterial.uexp" 156
"../../../Engine/Content/EngineMaterials/DefaultWhiteGrid_Low.uasset" 157
"../../../Engine/Content/EngineMaterials/DefaultWhiteGrid_Low.uexp" 158
"../../../Engine/Content/EngineMaterials/EmissiveMeshMaterial.uasset" 159
"../../../Engine/Content/EngineMaterials/EmissiveMeshMaterial.uexp" 160
"../../../Engine/Content/EngineFonts/RobotoDistanceField.uasset" 161
"../../../Engine/Content/EngineFonts/RobotoDistanceField.uexp" 162
"../../../Engine/Content/EngineMaterials/DefaultTextMaterialOpaque.uasset" 163
"../../../Engine/Content/EngineMaterials/DefaultTextMaterialOpaque.uexp" 164
"../../../Engine/Content/EngineMaterials/DefaultDiffuse.ubulk" 165
"../../../Engine/Content/EngineMaterials/DefaultDiffuse.uasset" 166
"../../../Engine/Content/EngineMaterials/DefaultDiffuse.uexp" 167
"../../../Engine/Content/Functions/Engine_MaterialFunctions02/Utility/BreakOutFloat2Components.uasset" 168
"../../../Engine/Content/Functions/Engine_MaterialFunctions02/Utility/BreakOutFloat2Components.uexp" 169
"../../../Engine/Content/EngineMaterials/DefaultPostProcessMaterial.uasset" 170
"../../../Engine/Content/EngineMaterials/DefaultPostProcessMaterial.uexp" 171
"../../../Engine/Content/EngineMaterials/DefaultPhysicalMaterial.uasset" 172
"../../../Engine/Content/EngineMaterials/DefaultPhysicalMaterial.uexp" 173
"../../../Engine/Content/EngineMaterials/DefaultLightFunctionMaterial.uasset" 174
"../../../Engine/Content/EngineMaterials/DefaultLightFunctionMaterial.uexp" 175
"../../../Engine/Content/EngineMaterials/DefaultDestructiblePhysicalMaterial.uasset" 176
"../../../Engine/Content/EngineMaterials/DefaultDestructiblePhysicalMaterial.uexp" 177
"../../../Engine/Content/EngineMaterials/DefaultDeferredDecalMaterial.uasset" 178
"../../../Engine/Content/EngineMaterials/DefaultDeferredDecalMaterial.uexp" 179
"../../../Engine/Content/EngineSky/VolumetricClouds/CloudWeatherTexture.uasset" 180
"../../../Engine/Content/EngineSky/VolumetricClouds/CloudWeatherTexture.uexp" 181
"../../../Engine/Content/Functions/Engine_MaterialFunctions02/Utility/MakeFloat2.uasset" 182
"../../../Engine/Content/Functions/Engine_MaterialFunctions02/Utility/MakeFloat2.uexp" 183
"../../../Engine/Content/EngineSky/VolumetricClouds/CloudGradientTexture.uasset" 184
"../../../Engine/Content/EngineSky/VolumetricClouds/CloudGradientTexture.uexp" 185
"../../../Engine/Content/EngineSky/VolumetricClouds/T_NoiseShape64.ubulk" 186
"../../../Engine/Content/EngineSky/VolumetricClouds/T_NoiseShape64.uasset" 187
"../../../Engine/Content/EngineSky/VolumetricClouds/T_NoiseShape64.uexp" 188
"../../../Engine/Content/EngineSky/VolumetricClouds/T_VolumeNoiseShape64.uasset" 189
"../../../Engine/Content/EngineSky/VolumetricClouds/T_VolumeNoiseShape64.uexp" 190
"../../../Engine/Content/EngineSky/VolumetricClouds/T_NoiseErosion.ubulk" 191
"../../../Engine/Content/EngineSky/VolumetricClouds/T_NoiseErosion.uasset" 192
"../../../Engine/Content/EngineSky/VolumetricClouds/T_NoiseErosion.uexp" 193
"../../../Engine/Content/EngineSky/VolumetricClouds/T_VolumeNoiseErosion32.uasset" 194
"../../../Engine/Content/EngineSky/VolumetricClouds/T_VolumeNoiseErosion32.uexp" 195
"../../../Engine/Content/EngineSky/VolumetricClouds/m_SimpleVolumetricCloud.uasset" 196
"../../../Engine/Content/EngineSky/VolumetricClouds/m_SimpleVolumetricCloud.uexp" 197
"../../../Engine/Content/EngineSky/VolumetricClouds/m_SimpleVolumetricCloud_Inst.uasset" 198
"../../../Engine/Content/EngineSky/VolumetricClouds/m_SimpleVolumetricCloud_Inst.uexp" 199
"../../../Engine/Content/Functions/Engine_MaterialFunctions01/Shading/PowerToRoughness.uasset" 200
"../../../Engine/Content/Functions/Engine_MaterialFunctions01/Shading/PowerToRoughness.uexp" 201
"../../../Engine/Content/Functions/Engine_MaterialFunctions01/Shading/ConvertFromDiffSpec.uasset" 202
"../../../Engine/Content/Functions/Engine_MaterialFunctions01/Shading/ConvertFromDiffSpec.uexp" 203
"../../../Engine/Plugins/2D/Paper2D/Content/PlaceholderTextures/DummySpriteTexture.ubulk" 204
"../../../Engine/Plugins/2D/Paper2D/Content/PlaceholderTextures/DummySpriteTexture.uasset" 205
"../../../Engine/Plugins/2D/Paper2D/Content/PlaceholderTextures/DummySpriteTexture.uexp" 206
"../../../Engine/Plugins/2D/Paper2D/Content/DefaultSpriteMaterial.uasset" 207
"../../../Engine/Plugins/2D/Paper2D/Content/DefaultSpriteMaterial.uexp" 208
"../../../Engine/Plugins/2D/Paper2D/Content/OpaqueUnlitSpriteMaterial.uasset" 209
"../../../Engine/Plugins/2D/Paper2D/Content/OpaqueUnlitSpriteMaterial.uexp" 210
"../../../Engine/Plugins/2D/Paper2D/Content/MaskedUnlitSpriteMaterial.uasset" 211
"../../../Engine/Plugins/2D/Paper2D/Content/MaskedUnlitSpriteMaterial.uexp" 212
"../../../Engine/Plugins/2D/Paper2D/Content/DummySprite.uasset" 213
"../../../Engine/Plugins/2D/Paper2D/Content/DummySprite.uexp" 214
"../../../Engine/Plugins/2D/Paper2D/Content/DefaultPaperTerrainMaterial.uasset" 215
"../../../Engine/Plugins/2D/Paper2D/Content/DefaultPaperTerrainMaterial.uexp" 216
"../../../Engine/Plugins/Animation/ControlRig/Content/M_Manip.uasset" 217
"../../../Engine/Plugins/Animation/ControlRig/Content/M_Manip.uexp" 218
"../../../Engine/Plugins/Animation/ControlRig/Content/Controls/DefaultGizmoLibraryNormalized.uasset" 219
"../../../Engine/Plugins/Animation/ControlRig/Content/Controls/DefaultGizmoLibraryNormalized.uexp" 220
"../../../Engine/Plugins/Animation/ControlRig/Content/Controls/ControlRigXRayMaterial.uasset" 221
"../../../Engine/Plugins/Animation/ControlRig/Content/Controls/ControlRigXRayMaterial.uexp" 222
"../../../Engine/Plugins/Editor/SpeedTreeImporter/Content/SpeedTree9/game_wind_noise.ubulk" 223
"../../../Engine/Plugins/Editor/SpeedTreeImporter/Content/SpeedTree9/game_wind_noise.uasset" 224
"../../../Engine/Plugins/Editor/SpeedTreeImporter/Content/SpeedTree9/game_wind_noise.uexp" 225
"../../../Engine/Plugins/Editor/SpeedTreeImporter/Content/SpeedTree9/UnpackDirection.uasset" 226
"../../../Engine/Plugins/Editor/SpeedTreeImporter/Content/SpeedTree9/UnpackDirection.uexp" 227
"../../../Engine/Content/Functions/Engine_MaterialFunctions02/ObjectLocalBounds.uasset" 228
"../../../Engine/Content/Functions/Engine_MaterialFunctions02/ObjectLocalBounds.uexp" 229
"../../../Engine/Content/Functions/Engine_MaterialFunctions02/UVs/BoundingBoxBased_0-1_UVW.uasset" 230
"../../../Engine/Content/Functions/Engine_MaterialFunctions02/UVs/BoundingBoxBased_0-1_UVW.uexp" 231
"../../../Engine/Content/Functions/Engine_MaterialFunctions02/Utility/VectorLength.uasset" 232
"../../../Engine/Content/Functions/Engine_MaterialFunctions02/Utility/VectorLength.uexp" 233
"../../../Engine/Plugins/Editor/SpeedTreeImporter/Content/SpeedTree9/UnpackInteger3.uasset" 234
"../../../Engine/Plugins/Editor/SpeedTreeImporter/Content/SpeedTree9/UnpackInteger3.uexp" 235
"../../../Engine/Plugins/Editor/SpeedTreeImporter/Content/SpeedTree9/SpeedTreeCameraFacing.uasset" 236
"../../../Engine/Plugins/Editor/SpeedTreeImporter/Content/SpeedTree9/SpeedTreeCameraFacing.uexp" 237
"../../../Engine/Content/Functions/Engine_MaterialFunctions02/WorldPositionOffset/ObjectScale.uasset" 238
"../../../Engine/Content/Functions/Engine_MaterialFunctions02/WorldPositionOffset/ObjectScale.uexp" 239
"../../../Engine/Content/Functions/Engine_MaterialFunctions02/SafeNormalize.uasset" 240
"../../../Engine/Content/Functions/Engine_MaterialFunctions02/SafeNormalize.uexp" 241
"../../../Engine/Plugins/Editor/SpeedTreeImporter/Content/SpeedTree9/SpeedTreeWindMotion.uasset" 242
"../../../Engine/Plugins/Editor/SpeedTreeImporter/Content/SpeedTree9/SpeedTreeWindMotion.uexp" 243
"../../../Engine/Plugins/Editor/SpeedTreeImporter/Content/SpeedTree9/SpeedTreeBranchMotion.uasset" 244
"../../../Engine/Plugins/Editor/SpeedTreeImporter/Content/SpeedTree9/SpeedTreeBranchMotion.uexp" 245
"../../../Engine/Plugins/Editor/SpeedTreeImporter/Content/SpeedTree9/SpeedTreeWind.uasset" 246
"../../../Engine/Plugins/Editor/SpeedTreeImporter/Content/SpeedTree9/SpeedTreeWind.uexp" 247
"../../../Engine/Plugins/Editor/SpeedTreeImporter/Content/SpeedTree9/EmptyNormal.uasset" 248
"../../../Engine/Plugins/Editor/SpeedTreeImporter/Content/SpeedTree9/EmptyNormal.uexp" 249
"../../../Engine/Plugins/Editor/SpeedTreeImporter/Content/SpeedTree9/Empty.uasset" 250
"../../../Engine/Plugins/Editor/SpeedTreeImporter/Content/SpeedTree9/Empty.uexp" 251
"../../../Engine/Plugins/Editor/SpeedTreeImporter/Content/SpeedTree9/SpeedTreeMaster.uasset" 252
"../../../Engine/Plugins/Editor/SpeedTreeImporter/Content/SpeedTree9/SpeedTreeMaster.uexp" 253
"../../../Engine/Plugins/Editor/SpeedTreeImporter/Content/SpeedTree9/SpeedTreeBillboard.uasset" 254
"../../../Engine/Plugins/Editor/SpeedTreeImporter/Content/SpeedTree9/SpeedTreeBillboard.uexp" 255
"../../../Engine/Plugins/Editor/SpeedTreeImporter/Content/SpeedTree9/SpeedTreeBillboardMaster.uasset" 256
"../../../Engine/Plugins/Editor/SpeedTreeImporter/Content/SpeedTree9/SpeedTreeBillboardMaster.uexp" 257
"../../../Engine/Content/BasicShapes/Cube.uasset" 258
"../../../Engine/Content/BasicShapes/Cube.uexp" 259
"C:/Program Files (x86)/Steam/steamapps/common/F1 Manager 2024/F1Manager24/Content/Paks/AC_TrackBridge_v0.2/tools/CookWorkspace/Content/TrackBridge/KalinagoScene/Run_2b0d5b5e7e44432db837463ecc98aa91/Textures/T_7a71915ffb4d1c47777cf6dbee99d996facff226e620539647e5a021f00a13bb.ubulk" 260
"C:/Program Files (x86)/Steam/steamapps/common/F1 Manager 2024/F1Manager24/Content/Paks/AC_TrackBridge_v0.2/tools/CookWorkspace/Content/TrackBridge/KalinagoScene/Run_2b0d5b5e7e44432db837463ecc98aa91/Textures/T_7a71915ffb4d1c47777cf6dbee99d996facff226e620539647e5a021f00a13bb.uasset" 261
"C:/Program Files (x86)/Steam/steamapps/common/F1 Manager 2024/F1Manager24/Content/Paks/AC_TrackBridge_v0.2/tools/CookWorkspace/Content/TrackBridge/KalinagoScene/Run_2b0d5b5e7e44432db837463ecc98aa91/Textures/T_7a71915ffb4d1c47777cf6dbee99d996facff226e620539647e5a021f00a13bb.uexp" 262
"C:/Program Files (x86)/Steam/steamapps/common/F1 Manager 2024/F1Manager24/Content/Paks/AC_TrackBridge_v0.2/tools/CookWorkspace/Content/TrackBridge/KalinagoScene/Run_2b0d5b5e7e44432db837463ecc98aa91/Materials/M_10_trees_3d_0.uasset" 263
"C:/Program Files (x86)/Steam/steamapps/common/F1 Manager 2024/F1Manager24/Content/Paks/AC_TrackBridge_v0.2/tools/CookWorkspace/Content/TrackBridge/KalinagoScene/Run_2b0d5b5e7e44432db837463ecc98aa91/Materials/M_10_trees_3d_0.uexp" 264
"C:/Program Files (x86)/Steam/steamapps/common/F1 Manager 2024/F1Manager24/Content/Paks/AC_TrackBridge_v0.2/tools/CookWorkspace/Content/TrackBridge/KalinagoScene/Run_2b0d5b5e7e44432db837463ecc98aa91/Textures/T_c457166a007208f833b9545bfab2a401fad135023ab61e4f0473dcd587fdc060.ubulk" 265
"C:/Program Files (x86)/Steam/steamapps/common/F1 Manager 2024/F1Manager24/Content/Paks/AC_TrackBridge_v0.2/tools/CookWorkspace/Content/TrackBridge/KalinagoScene/Run_2b0d5b5e7e44432db837463ecc98aa91/Textures/T_c457166a007208f833b9545bfab2a401fad135023ab61e4f0473dcd587fdc060.uasset" 266
"C:/Program Files (x86)/Steam/steamapps/common/F1 Manager 2024/F1Manager24/Content/Paks/AC_TrackBridge_v0.2/tools/CookWorkspace/Content/TrackBridge/KalinagoScene/Run_2b0d5b5e7e44432db837463ecc98aa91/Textures/T_c457166a007208f833b9545bfab2a401fad135023ab61e4f0473dcd587fdc060.uexp" 267
"C:/Program Files (x86)/Steam/steamapps/common/F1 Manager 2024/F1Manager24/Content/Paks/AC_TrackBridge_v0.2/tools/CookWorkspace/Content/TrackBridge/KalinagoScene/Run_2b0d5b5e7e44432db837463ecc98aa91/Materials/M_10_trees_3d_1.uasset" 268
"C:/Program Files (x86)/Steam/steamapps/common/F1 Manager 2024/F1Manager24/Content/Paks/AC_TrackBridge_v0.2/tools/CookWorkspace/Content/TrackBridge/KalinagoScene/Run_2b0d5b5e7e44432db837463ecc98aa91/Materials/M_10_trees_3d_1.uexp" 269
"C:/Program Files (x86)/Steam/steamapps/common/F1 Manager 2024/F1Manager24/Content/Paks/AC_TrackBridge_v0.2/tools/CookWorkspace/Content/TrackBridge/KalinagoScene/Run_2b0d5b5e7e44432db837463ecc98aa91/Textures/T_2591349cd2192cf9f590673eb6cce8915bbb5709c0373a283e21d69e5f0269b4.ubulk" 270
"C:/Program Files (x86)/Steam/steamapps/common/F1 Manager 2024/F1Manager24/Content/Paks/AC_TrackBridge_v0.2/tools/CookWorkspace/Content/TrackBridge/KalinagoScene/Run_2b0d5b5e7e44432db837463ecc98aa91/Textures/T_2591349cd2192cf9f590673eb6cce8915bbb5709c0373a283e21d69e5f0269b4.uasset" 271
"C:/Program Files (x86)/Steam/steamapps/common/F1 Manager 2024/F1Manager24/Content/Paks/AC_TrackBridge_v0.2/tools/CookWorkspace/Content/TrackBridge/KalinagoScene/Run_2b0d5b5e7e44432db837463ecc98aa91/Textures/T_2591349cd2192cf9f590673eb6cce8915bbb5709c0373a283e21d69e5f0269b4.uexp" 272
"C:/Program Files (x86)/Steam/steamapps/common/F1 Manager 2024/F1Manager24/Content/Paks/AC_TrackBridge_v0.2/tools/CookWorkspace/Content/TrackBridge/KalinagoScene/Run_2b0d5b5e7e44432db837463ecc98aa91/Materials/M_10_trees_3d_2.uasset" 273
"C:/Program Files (x86)/Steam/steamapps/common/F1 Manager 2024/F1Manager24/Content/Paks/AC_TrackBridge_v0.2/tools/CookWorkspace/Content/TrackBridge/KalinagoScene/Run_2b0d5b5e7e44432db837463ecc98aa91/Materials/M_10_trees_3d_2.uexp" 274
"C:/Program Files (x86)/Steam/steamapps/common/F1 Manager 2024/F1Manager24/Content/Paks/AC_TrackBridge_v0.2/tools/CookWorkspace/Content/TrackBridge/KalinagoScene/Run_2b0d5b5e7e44432db837463ecc98aa91/Textures/T_6212ab95589fa68dcff925fd9b708b91c2fdec8be7dcc94fe56f1666010e9201.ubulk" 275
"C:/Program Files (x86)/Steam/steamapps/common/F1 Manager 2024/F1Manager24/Content/Paks/AC_TrackBridge_v0.2/tools/CookWorkspace/Content/TrackBridge/KalinagoScene/Run_2b0d5b5e7e44432db837463ecc98aa91/Textures/T_6212ab95589fa68dcff925fd9b708b91c2fdec8be7dcc94fe56f1666010e9201.uasset" 276
"C:/Program Files (x86)/Steam/steamapps/common/F1 Manager 2024/F1Manager24/Content/Paks/AC_TrackBridge_v0.2/tools/CookWorkspace/Content/TrackBridge/KalinagoScene/Run_2b0d5b5e7e44432db837463ecc98aa91/Textures/T_6212ab95589fa68dcff925fd9b708b91c2fdec8be7dcc94fe56f1666010e9201.uexp" 277
"C:/Program Files (x86)/Steam/steamapps/common/F1 Manager 2024/F1Manager24/Content/Paks/AC_TrackBridge_v0.2/tools/CookWorkspace/Content/TrackBridge/KalinagoScene/Run_2b0d5b5e7e44432db837463ecc98aa91/Materials/M_10_trees_3d_3.uasset" 278
"C:/Program Files (x86)/Steam/steamapps/common/F1 Manager 2024/F1Manager24/Content/Paks/AC_TrackBridge_v0.2/tools/CookWorkspace/Content/TrackBridge/KalinagoScene/Run_2b0d5b5e7e44432db837463ecc98aa91/Materials/M_10_trees_3d_3.uexp" 279
"C:/Program Files (x86)/Steam/steamapps/common/F1 Manager 2024/F1Manager24/Content/Paks/AC_TrackBridge_v0.2/tools/CookWorkspace/Content/TrackBridge/KalinagoScene/Run_2b0d5b5e7e44432db837463ecc98aa91/Textures/T_02d20cf3e6d1b54552d5d82bbe0d23adff67c7664b56a879d4aaaa09dc8ca7c8.ubulk" 280
"C:/Program Files (x86)/Steam/steamapps/common/F1 Manager 2024/F1Manager24/Content/Paks/AC_TrackBridge_v0.2/tools/CookWorkspace/Content/TrackBridge/KalinagoScene/Run_2b0d5b5e7e44432db837463ecc98aa91/Textures/T_02d20cf3e6d1b54552d5d82bbe0d23adff67c7664b56a879d4aaaa09dc8ca7c8.uasset" 281
"C:/Program Files (x86)/Steam/steamapps/common/F1 Manager 2024/F1Manager24/Content/Paks/AC_TrackBridge_v0.2/tools/CookWorkspace/Content/TrackBridge/KalinagoScene/Run_2b0d5b5e7e44432db837463ecc98aa91/Textures/T_02d20cf3e6d1b54552d5d82bbe0d23adff67c7664b56a879d4aaaa09dc8ca7c8.uexp" 282
"C:/Program Files (x86)/Steam/steamapps/common/F1 Manager 2024/F1Manager24/Content/Paks/AC_TrackBridge_v0.2/tools/CookWorkspace/Content/TrackBridge/KalinagoScene/Run_2b0d5b5e7e44432db837463ecc98aa91/Materials/M_10_trees_3d_4.uasset" 283
"C:/Program Files (x86)/Steam/steamapps/common/F1 Manager 2024/F1Manager24/Content/Paks/AC_TrackBridge_v0.2/tools/CookWorkspace/Content/TrackBridge/KalinagoScene/Run_2b0d5b5e7e44432db837463ecc98aa91/Materials/M_10_trees_3d_4.uexp" 284
"C:/Program Files (x86)/Steam/steamapps/common/F1 Manager 2024/F1Manager24/Content/Paks/AC_TrackBridge_v0.2/tools/CookWorkspace/Content/TrackBridge/KalinagoScene/Run_2b0d5b5e7e44432db837463ecc98aa91/Textures/T_e85327c466cb24a44a78667f022d4e010382ccbd33e53d77f128f100f4d7949d.ubulk" 285
"C:/Program Files (x86)/Steam/steamapps/common/F1 Manager 2024/F1Manager24/Content/Paks/AC_TrackBridge_v0.2/tools/CookWorkspace/Content/TrackBridge/KalinagoScene/Run_2b0d5b5e7e44432db837463ecc98aa91/Textures/T_e85327c466cb24a44a78667f022d4e010382ccbd33e53d77f128f100f4d7949d.uasset" 286
"C:/Program Files (x86)/Steam/steamapps/common/F1 Manager 2024/F1Manager24/Content/Paks/AC_TrackBridge_v0.2/tools/CookWorkspace/Content/TrackBridge/KalinagoScene/Run_2b0d5b5e7e44432db837463ecc98aa91/Textures/T_e85327c466cb24a44a78667f022d4e010382ccbd33e53d77f128f100f4d7949d.uexp" 287
"C:/Program Files (x86)/Steam/steamapps/common/F1 Manager 2024/F1Manager24/Content/Paks/AC_TrackBridge_v0.2/tools/CookWorkspace/Content/TrackBridge/KalinagoScene/Run_2b0d5b5e7e44432db837463ecc98aa91/Materials/M_10_trees_3d_5.uasset" 288
"C:/Program Files (x86)/Steam/steamapps/common/F1 Manager 2024/F1Manager24/Content/Paks/AC_TrackBridge_v0.2/tools/CookWorkspace/Content/TrackBridge/KalinagoScene/Run_2b0d5b5e7e44432db837463ecc98aa91/Materials/M_10_trees_3d_5.uexp" 289
"C:/Program Files (x86)/Steam/steamapps/common/F1 Manager 2024/F1Manager24/Content/Paks/AC_TrackBridge_v0.2/tools/CookWorkspace/Content/TrackBridge/KalinagoScene/Run_2b0d5b5e7e44432db837463ecc98aa91/Meshes/SM_10_trees_3d.uasset" 290
"C:/Program Files (x86)/Steam/steamapps/common/F1 Manager 2024/F1Manager24/Content/Paks/AC_TrackBridge_v0.2/tools/CookWorkspace/Content/TrackBridge/KalinagoScene/Run_2b0d5b5e7e44432db837463ecc98aa91/Meshes/SM_10_trees_3d.uexp" 291
"C:/Program Files (x86)/Steam/steamapps/common/F1 Manager 2024/F1Manager24/Content/Paks/AC_TrackBridge_v0.2/tools/CookWorkspace/Content/TrackBridge/KalinagoScene/Run_2b0d5b5e7e44432db837463ecc98aa91/Textures/T_a140c25ee09a436869fe41194ff7e0ef6c913c27b5390cee85bd5b21534f0e48.ubulk" 292
"C:/Program Files (x86)/Steam/steamapps/common/F1 Manager 2024/F1Manager24/Content/Paks/AC_TrackBridge_v0.2/tools/CookWorkspace/Content/TrackBridge/KalinagoScene/Run_2b0d5b5e7e44432db837463ecc98aa91/Textures/T_a140c25ee09a436869fe41194ff7e0ef6c913c27b5390cee85bd5b21534f0e48.uasset" 293
"C:/Program Files (x86)/Steam/steamapps/common/F1 Manager 2024/F1Manager24/Content/Paks/AC_TrackBridge_v0.2/tools/CookWorkspace/Content/TrackBridge/KalinagoScene/Run_2b0d5b5e7e44432db837463ecc98aa91/Textures/T_a140c25ee09a436869fe41194ff7e0ef6c913c27b5390cee85bd5b21534f0e48.uexp" 294
"C:/Program Files (x86)/Steam/steamapps/common/F1 Manager 2024/F1Manager24/Content/Paks/AC_TrackBridge_v0.2/tools/CookWorkspace/Content/TrackBridge/KalinagoScene/Run_2b0d5b5e7e44432db837463ecc98aa91/Materials/M_19_kunos_props_a_0.uasset" 295
"C:/Program Files (x86)/Steam/steamapps/common/F1 Manager 2024/F1Manager24/Content/Paks/AC_TrackBridge_v0.2/tools/CookWorkspace/Content/TrackBridge/KalinagoScene/Run_2b0d5b5e7e44432db837463ecc98aa91/Materials/M_19_kunos_props_a_0.uexp" 296
"C:/Program Files (x86)/Steam/steamapps/common/F1 Manager 2024/F1Manager24/Content/Paks/AC_TrackBridge_v0.2/tools/CookWorkspace/Content/TrackBridge/KalinagoScene/Run_2b0d5b5e7e44432db837463ecc98aa91/Materials/M_19_kunos_props_a_1.uasset" 297
"C:/Program Files (x86)/Steam/steamapps/common/F1 Manager 2024/F1Manager24/Content/Paks/AC_TrackBridge_v0.2/tools/CookWorkspace/Content/TrackBridge/KalinagoScene/Run_2b0d5b5e7e44432db837463ecc98aa91/Materials/M_19_kunos_props_a_1.uexp" 298
"C:/Program Files (x86)/Steam/steamapps/common/F1 Manager 2024/F1Manager24/Content/Paks/AC_TrackBridge_v0.2/tools/CookWorkspace/Content/TrackBridge/KalinagoScene/Run_2b0d5b5e7e44432db837463ecc98aa91/Textures/T_3dce0ade9e5d9f185da7d3bd149abef56509ad6711ae4b15ebab39bf9c36be64.ubulk" 299
"C:/Program Files (x86)/Steam/steamapps/common/F1 Manager 2024/F1Manager24/Content/Paks/AC_TrackBridge_v0.2/tools/CookWorkspace/Content/TrackBridge/KalinagoScene/Run_2b0d5b5e7e44432db837463ecc98aa91/Textures/T_3dce0ade9e5d9f185da7d3bd149abef56509ad6711ae4b15ebab39bf9c36be64.uasset" 300
"C:/Program Files (x86)/Steam/steamapps/common/F1 Manager 2024/F1Manager24/Content/Paks/AC_TrackBridge_v0.2/tools/CookWorkspace/Content/TrackBridge/KalinagoScene/Run_2b0d5b5e7e44432db837463ecc98aa91/Textures/T_3dce0ade9e5d9f185da7d3bd149abef56509ad6711ae4b15ebab39bf9c36be64.uexp" 301
"C:/Program Files (x86)/Steam/steamapps/common/F1 Manager 2024/F1Manager24/Content/Paks/AC_TrackBridge_v0.2/tools/CookWorkspace/Content/TrackBridge/KalinagoScene/Run_2b0d5b5e7e44432db837463ecc98aa91/Materials/M_19_kunos_props_a_2.uasset" 302
"C:/Program Files (x86)/Steam/steamapps/common/F1 Manager 2024/F1Manager24/Content/Paks/AC_TrackBridge_v0.2/tools/CookWorkspace/Content/TrackBridge/KalinagoScene/Run_2b0d5b5e7e44432db837463ecc98aa91/Materials/M_19_kunos_props_a_2.uexp" 303
"C:/Program Files (x86)/Steam/steamapps/common/F1 Manager 2024/F1Manager24/Content/Paks/AC_TrackBridge_v0.2/tools/CookWorkspace/Content/TrackBridge/KalinagoScene/Run_2b0d5b5e7e44432db837463ecc98aa91/Textures/T_e17deed0ea2024f2bd77807b6bc1dd9a896e151ca686508d01a1ca9356268054.ubulk" 304
"C:/Program Files (x86)/Steam/steamapps/common/F1 Manager 2024/F1Manager24/Content/Paks/AC_TrackBridge_v0.2/tools/CookWorkspace/Content/TrackBridge/KalinagoScene/Run_2b0d5b5e7e44432db837463ecc98aa91/Textures/T_e17deed0ea2024f2bd77807b6bc1dd9a896e151ca686508d01a1ca9356268054.uasset" 305
"C:/Program Files (x86)/Steam/steamapps/common/F1 Manager 2024/F1Manager24/Content/Paks/AC_TrackBridge_v0.2/tools/CookWorkspace/Content/TrackBridge/KalinagoScene/Run_2b0d5b5e7e44432db837463ecc98aa91/Textures/T_e17deed0ea2024f2bd77807b6bc1dd9a896e151ca686508d01a1ca9356268054.uexp" 306
"C:/Program Files (x86)/Steam/steamapps/common/F1 Manager 2024/F1Manager24/Content/Paks/AC_TrackBridge_v0.2/tools/CookWorkspace/Content/TrackBridge/KalinagoScene/Run_2b0d5b5e7e44432db837463ecc98aa91/Materials/M_19_kunos_props_a_3.uasset" 307
"C:/Program Files (x86)/Steam/steamapps/common/F1 Manager 2024/F1Manager24/Content/Paks/AC_TrackBridge_v0.2/tools/CookWorkspace/Content/TrackBridge/KalinagoScene/Run_2b0d5b5e7e44432db837463ecc98aa91/Materials/M_19_kunos_props_a_3.uexp" 308
"C:/Program Files (x86)/Steam/steamapps/common/F1 Manager 2024/F1Manager24/Content/Paks/AC_TrackBridge_v0.2/tools/CookWorkspace/Content/TrackBridge/KalinagoScene/Run_2b0d5b5e7e44432db837463ecc98aa91/Textures/T_35b4ea3dca1b07acb115571d1e2aaae241b69209e7846d45b9d1babfc86a2ed6.ubulk" 309
"C:/Program Files (x86)/Steam/steamapps/common/F1 Manager 2024/F1Manager24/Content/Paks/AC_TrackBridge_v0.2/tools/CookWorkspace/Content/TrackBridge/KalinagoScene/Run_2b0d5b5e7e44432db837463ecc98aa91/Textures/T_35b4ea3dca1b07acb115571d1e2aaae241b69209e7846d45b9d1babfc86a2ed6.uasset" 310
"C:/Program Files (x86)/Steam/steamapps/common/F1 Manager 2024/F1Manager24/Content/Paks/AC_TrackBridge_v0.2/tools/CookWorkspace/Content/TrackBridge/KalinagoScene/Run_2b0d5b5e7e44432db837463ecc98aa91/Textures/T_35b4ea3dca1b07acb115571d1e2aaae241b69209e7846d45b9d1babfc86a2ed6.uexp" 311
"C:/Program Files (x86)/Steam/steamapps/common/F1 Manager 2024/F1Manager24/Content/Paks/AC_TrackBridge_v0.2/tools/CookWorkspace/Content/TrackBridge/KalinagoScene/Run_2b0d5b5e7e44432db837463ecc98aa91/Materials/M_19_kunos_props_a_4.uasset" 312
"C:/Program Files (x86)/Steam/steamapps/common/F1 Manager 2024/F1Manager24/Content/Paks/AC_TrackBridge_v0.2/tools/CookWorkspace/Content/TrackBridge/KalinagoScene/Run_2b0d5b5e7e44432db837463ecc98aa91/Materials/M_19_kunos_props_a_4.uexp" 313
"C:/Program Files (x86)/Steam/steamapps/common/F1 Manager 2024/F1Manager24/Content/Paks/AC_TrackBridge_v0.2/tools/CookWorkspace/Content/TrackBridge/KalinagoScene/Run_2b0d5b5e7e44432db837463ecc98aa91/Textures/T_211541c46fe7a431a059f290301f8bbb428bce9ac301b89c587d091a1fc735e2.ubulk" 314
"C:/Program Files (x86)/Steam/steamapps/common/F1 Manager 2024/F1Manager24/Content/Paks/AC_TrackBridge_v0.2/tools/CookWorkspace/Content/TrackBridge/KalinagoScene/Run_2b0d5b5e7e44432db837463ecc98aa91/Textures/T_211541c46fe7a431a059f290301f8bbb428bce9ac301b89c587d091a1fc735e2.uasset" 315
"C:/Program Files (x86)/Steam/steamapps/common/F1 Manager 2024/F1Manager24/Content/Paks/AC_TrackBridge_v0.2/tools/CookWorkspace/Content/TrackBridge/KalinagoScene/Run_2b0d5b5e7e44432db837463ecc98aa91/Textures/T_211541c46fe7a431a059f290301f8bbb428bce9ac301b89c587d091a1fc735e2.uexp" 316
"C:/Program Files (x86)/Steam/steamapps/common/F1 Manager 2024/F1Manager24/Content/Paks/AC_TrackBridge_v0.2/tools/CookWorkspace/Content/TrackBridge/KalinagoScene/Run_2b0d5b5e7e44432db837463ecc98aa91/Materials/M_19_kunos_props_a_5.uasset" 317
"C:/Program Files (x86)/Steam/steamapps/common/F1 Manager 2024/F1Manager24/Content/Paks/AC_TrackBridge_v0.2/tools/CookWorkspace/Content/TrackBridge/KalinagoScene/Run_2b0d5b5e7e44432db837463ecc98aa91/Materials/M_19_kunos_props_a_5.uexp" 318
"C:/Program Files (x86)/Steam/steamapps/common/F1 Manager 2024/F1Manager24/Content/Paks/AC_TrackBridge_v0.2/tools/CookWorkspace/Content/TrackBridge/KalinagoScene/Run_2b0d5b5e7e44432db837463ecc98aa91/Textures/T_f9c0365f6d7aa0a6cc330741f0c6fd16a044b8f244a7921a7fac7994f430371c.ubulk" 319
"C:/Program Files (x86)/Steam/steamapps/common/F1 Manager 2024/F1Manager24/Content/Paks/AC_TrackBridge_v0.2/tools/CookWorkspace/Content/TrackBridge/KalinagoScene/Run_2b0d5b5e7e44432db837463ecc98aa91/Textures/T_f9c0365f6d7aa0a6cc330741f0c6fd16a044b8f244a7921a7fac7994f430371c.uasset" 320
"C:/Program Files (x86)/Steam/steamapps/common/F1 Manager 2024/F1Manager24/Content/Paks/AC_TrackBridge_v0.2/tools/CookWorkspace/Content/TrackBridge/KalinagoScene/Run_2b0d5b5e7e44432db837463ecc98aa91/Textures/T_f9c0365f6d7aa0a6cc330741f0c6fd16a044b8f244a7921a7fac7994f430371c.uexp" 321
"C:/Program Files (x86)/Steam/steamapps/common/F1 Manager 2024/F1Manager24/Content/Paks/AC_TrackBridge_v0.2/tools/CookWorkspace/Content/TrackBridge/KalinagoScene/Run_2b0d5b5e7e44432db837463ecc98aa91/Materials/M_19_kunos_props_a_6.uasset" 322
"C:/Program Files (x86)/Steam/steamapps/common/F1 Manager 2024/F1Manager24/Content/Paks/AC_TrackBridge_v0.2/tools/CookWorkspace/Content/TrackBridge/KalinagoScene/Run_2b0d5b5e7e44432db837463ecc98aa91/Materials/M_19_kunos_props_a_6.uexp" 323
"C:/Program Files (x86)/Steam/steamapps/common/F1 Manager 2024/F1Manager24/Content/Paks/AC_TrackBridge_v0.2/tools/CookWorkspace/Content/TrackBridge/KalinagoScene/Run_2b0d5b5e7e44432db837463ecc98aa91/Textures/T_c8e6dd26bc9fae85eca0e0a82a340695cfe74adf9fbe55625dd8f70a98c7fba7.ubulk" 324
"C:/Program Files (x86)/Steam/steamapps/common/F1 Manager 2024/F1Manager24/Content/Paks/AC_TrackBridge_v0.2/tools/CookWorkspace/Content/TrackBridge/KalinagoScene/Run_2b0d5b5e7e44432db837463ecc98aa91/Textures/T_c8e6dd26bc9fae85eca0e0a82a340695cfe74adf9fbe55625dd8f70a98c7fba7.uasset" 325
"C:/Program Files (x86)/Steam/steamapps/common/F1 Manager 2024/F1Manager24/Content/Paks/AC_TrackBridge_v0.2/tools/CookWorkspace/Content/TrackBridge/KalinagoScene/Run_2b0d5b5e7e44432db837463ecc98aa91/Textures/T_c8e6dd26bc9fae85eca0e0a82a340695cfe74adf9fbe55625dd8f70a98c7fba7.uexp" 326
"C:/Program Files (x86)/Steam/steamapps/common/F1 Manager 2024/F1Manager24/Content/Paks/AC_TrackBridge_v0.2/tools/CookWorkspace/Content/TrackBridge/KalinagoScene/Run_2b0d5b5e7e44432db837463ecc98aa91/Materials/M_19_kunos_props_a_7.uasset" 327
"C:/Program Files (x86)/Steam/steamapps/common/F1 Manager 2024/F1Manager24/Content/Paks/AC_TrackBridge_v0.2/tools/CookWorkspace/Content/TrackBridge/KalinagoScene/Run_2b0d5b5e7e44432db837463ecc98aa91/Materials/M_19_kunos_props_a_7.uexp" 328
"C:/Program Files (x86)/Steam/steamapps/common/F1 Manager 2024/F1Manager24/Content/Paks/AC_TrackBridge_v0.2/tools/CookWorkspace/Content/TrackBridge/KalinagoScene/Run_2b0d5b5e7e44432db837463ecc98aa91/Textures/T_c57ea59bf6a8e57f6b2af1a77553233580849251d937ba4881744a369de855f5.ubulk" 329
"C:/Program Files (x86)/Steam/steamapps/common/F1 Manager 2024/F1Manager24/Content/Paks/AC_TrackBridge_v0.2/tools/CookWorkspace/Content/TrackBridge/KalinagoScene/Run_2b0d5b5e7e44432db837463ecc98aa91/Textures/T_c57ea59bf6a8e57f6b2af1a77553233580849251d937ba4881744a369de855f5.uasset" 330
"C:/Program Files (x86)/Steam/steamapps/common/F1 Manager 2024/F1Manager24/Content/Paks/AC_TrackBridge_v0.2/tools/CookWorkspace/Content/TrackBridge/KalinagoScene/Run_2b0d5b5e7e44432db837463ecc98aa91/Textures/T_c57ea59bf6a8e57f6b2af1a77553233580849251d937ba4881744a369de855f5.uexp" 331
"C:/Program Files (x86)/Steam/steamapps/common/F1 Manager 2024/F1Manager24/Content/Paks/AC_TrackBridge_v0.2/tools/CookWorkspace/Content/TrackBridge/KalinagoScene/Run_2b0d5b5e7e44432db837463ecc98aa91/Materials/M_19_kunos_props_a_8.uasset" 332
"C:/Program Files (x86)/Steam/steamapps/common/F1 Manager 2024/F1Manager24/Content/Paks/AC_TrackBridge_v0.2/tools/CookWorkspace/Content/TrackBridge/KalinagoScene/Run_2b0d5b5e7e44432db837463ecc98aa91/Materials/M_19_kunos_props_a_8.uexp" 333
"C:/Program Files (x86)/Steam/steamapps/common/F1 Manager 2024/F1Manager24/Content/Paks/AC_TrackBridge_v0.2/tools/CookWorkspace/Content/TrackBridge/KalinagoScene/Run_2b0d5b5e7e44432db837463ecc98aa91/Textures/T_6d9344f178b17a74535a07ab7af8b1fc8e2abd36e699994689b3b8976e2ef2cb.ubulk" 334
"C:/Program Files (x86)/Steam/steamapps/common/F1 Manager 2024/F1Manager24/Content/Paks/AC_TrackBridge_v0.2/tools/CookWorkspace/Content/TrackBridge/KalinagoScene/Run_2b0d5b5e7e44432db837463ecc98aa91/Textures/T_6d9344f178b17a74535a07ab7af8b1fc8e2abd36e699994689b3b8976e2ef2cb.uasset" 335
"C:/Program Files (x86)/Steam/steamapps/common/F1 Manager 2024/F1Manager24/Content/Paks/AC_TrackBridge_v0.2/tools/CookWorkspace/Content/TrackBridge/KalinagoScene/Run_2b0d5b5e7e44432db837463ecc98aa91/Textures/T_6d9344f178b17a74535a07ab7af8b1fc8e2abd36e699994689b3b8976e2ef2cb.uexp" 336
"C:/Program Files (x86)/Steam/steamapps/common/F1 Manager 2024/F1Manager24/Content/Paks/AC_TrackBridge_v0.2/tools/CookWorkspace/Content/TrackBridge/KalinagoScene/Run_2b0d5b5e7e44432db837463ecc98aa91/Materials/M_19_kunos_props_a_9.uasset" 337
"C:/Program Files (x86)/Steam/steamapps/common/F1 Manager 2024/F1Manager24/Content/Paks/AC_TrackBridge_v0.2/tools/CookWorkspace/Content/TrackBridge/KalinagoScene/Run_2b0d5b5e7e44432db837463ecc98aa91/Materials/M_19_kunos_props_a_9.uexp" 338
"C:/Program Files (x86)/Steam/steamapps/common/F1 Manager 2024/F1Manager24/Content/Paks/AC_TrackBridge_v0.2/tools/CookWorkspace/Content/TrackBridge/KalinagoScene/Run_2b0d5b5e7e44432db837463ecc98aa91/Textures/T_06a8f68d74b3a594f07a3ee59560bf1953213f71c5fc9f48922745859ce6cf5d.ubulk" 339
"C:/Program Files (x86)/Steam/steamapps/common/F1 Manager 2024/F1Manager24/Content/Paks/AC_TrackBridge_v0.2/tools/CookWorkspace/Content/TrackBridge/KalinagoScene/Run_2b0d5b5e7e44432db837463ecc98aa91/Textures/T_06a8f68d74b3a594f07a3ee59560bf1953213f71c5fc9f48922745859ce6cf5d.uasset" 340
"C:/Program Files (x86)/Steam/steamapps/common/F1 Manager 2024/F1Manager24/Content/Paks/AC_TrackBridge_v0.2/tools/CookWorkspace/Content/TrackBridge/KalinagoScene/Run_2b0d5b5e7e44432db837463ecc98aa91/Textures/T_06a8f68d74b3a594f07a3ee59560bf1953213f71c5fc9f48922745859ce6cf5d.uexp" 341
"C:/Program Files (x86)/Steam/steamapps/common/F1 Manager 2024/F1Manager24/Content/Paks/AC_TrackBridge_v0.2/tools/CookWorkspace/Content/TrackBridge/KalinagoScene/Run_2b0d5b5e7e44432db837463ecc98aa91/Materials/M_19_kunos_props_a_10.uasset" 342
"C:/Program Files (x86)/Steam/steamapps/common/F1 Manager 2024/F1Manager24/Content/Paks/AC_TrackBridge_v0.2/tools/CookWorkspace/Content/TrackBridge/KalinagoScene/Run_2b0d5b5e7e44432db837463ecc98aa91/Materials/M_19_kunos_props_a_10.uexp" 343
"C:/Program Files (x86)/Steam/steamapps/common/F1 Manager 2024/F1Manager24/Content/Paks/AC_TrackBridge_v0.2/tools/CookWorkspace/Content/TrackBridge/KalinagoScene/Run_2b0d5b5e7e44432db837463ecc98aa91/Meshes/SM_19_kunos_props_a.uasset" 344
"C:/Program Files (x86)/Steam/steamapps/common/F1 Manager 2024/F1Manager24/Content/Paks/AC_TrackBridge_v0.2/tools/CookWorkspace/Content/TrackBridge/KalinagoScene/Run_2b0d5b5e7e44432db837463ecc98aa91/Meshes/SM_19_kunos_props_a.uexp" 345
"C:/Program Files (x86)/Steam/steamapps/common/F1 Manager 2024/F1Manager24/Content/Paks/AC_TrackBridge_v0.2/tools/CookWorkspace/Content/TrackBridge/KalinagoScene/Run_2b0d5b5e7e44432db837463ecc98aa91/Textures/T_f8f597be17812bccbb2f8a05aa5ae11b0e06f3196927482d63ae88ca0df13af2.ubulk" 346
"C:/Program Files (x86)/Steam/steamapps/common/F1 Manager 2024/F1Manager24/Content/Paks/AC_TrackBridge_v0.2/tools/CookWorkspace/Content/TrackBridge/KalinagoScene/Run_2b0d5b5e7e44432db837463ecc98aa91/Textures/T_f8f597be17812bccbb2f8a05aa5ae11b0e06f3196927482d63ae88ca0df13af2.uasset" 347
"C:/Program Files (x86)/Steam/steamapps/common/F1 Manager 2024/F1Manager24/Content/Paks/AC_TrackBridge_v0.2/tools/CookWorkspace/Content/TrackBridge/KalinagoScene/Run_2b0d5b5e7e44432db837463ecc98aa91/Textures/T_f8f597be17812bccbb2f8a05aa5ae11b0e06f3196927482d63ae88ca0df13af2.uexp" 348
"C:/Program Files (x86)/Steam/steamapps/common/F1 Manager 2024/F1Manager24/Content/Paks/AC_TrackBridge_v0.2/tools/CookWorkspace/Content/TrackBridge/KalinagoScene/Run_2b0d5b5e7e44432db837463ecc98aa91/Materials/M_21_2024_0.uasset" 349
"C:/Program Files (x86)/Steam/steamapps/common/F1 Manager 2024/F1Manager24/Content/Paks/AC_TrackBridge_v0.2/tools/CookWorkspace/Content/TrackBridge/KalinagoScene/Run_2b0d5b5e7e44432db837463ecc98aa91/Materials/M_21_2024_0.uexp" 350
"C:/Program Files (x86)/Steam/steamapps/common/F1 Manager 2024/F1Manager24/Content/Paks/AC_TrackBridge_v0.2/tools/CookWorkspace/Content/TrackBridge/KalinagoScene/Run_2b0d5b5e7e44432db837463ecc98aa91/Textures/T_a5d0d53aef6e4fedfcc82f07c033facf21d378aaa63d932c9137aaa7fb99dc8c.ubulk" 351
"C:/Program Files (x86)/Steam/steamapps/common/F1 Manager 2024/F1Manager24/Content/Paks/AC_TrackBridge_v0.2/tools/CookWorkspace/Content/TrackBridge/KalinagoScene/Run_2b0d5b5e7e44432db837463ecc98aa91/Textures/T_a5d0d53aef6e4fedfcc82f07c033facf21d378aaa63d932c9137aaa7fb99dc8c.uasset" 352
"C:/Program Files (x86)/Steam/steamapps/common/F1 Manager 2024/F1Manager24/Content/Paks/AC_TrackBridge_v0.2/tools/CookWorkspace/Content/TrackBridge/KalinagoScene/Run_2b0d5b5e7e44432db837463ecc98aa91/Textures/T_a5d0d53aef6e4fedfcc82f07c033facf21d378aaa63d932c9137aaa7fb99dc8c.uexp" 353
"C:/Program Files (x86)/Steam/steamapps/common/F1 Manager 2024/F1Manager24/Content/Paks/AC_TrackBridge_v0.2/tools/CookWorkspace/Content/TrackBridge/KalinagoScene/Run_2b0d5b5e7e44432db837463ecc98aa91/Materials/M_21_2024_1.uasset" 354
"C:/Program Files (x86)/Steam/steamapps/common/F1 Manager 2024/F1Manager24/Content/Paks/AC_TrackBridge_v0.2/tools/CookWorkspace/Content/TrackBridge/KalinagoScene/Run_2b0d5b5e7e44432db837463ecc98aa91/Materials/M_21_2024_1.uexp" 355
"C:/Program Files (x86)/Steam/steamapps/common/F1 Manager 2024/F1Manager24/Content/Paks/AC_TrackBridge_v0.2/tools/CookWorkspace/Content/TrackBridge/KalinagoScene/Run_2b0d5b5e7e44432db837463ecc98aa91/Meshes/SM_21_2024.uasset" 356
"C:/Program Files (x86)/Steam/steamapps/common/F1 Manager 2024/F1Manager24/Content/Paks/AC_TrackBridge_v0.2/tools/CookWorkspace/Content/TrackBridge/KalinagoScene/Run_2b0d5b5e7e44432db837463ecc98aa91/Meshes/SM_21_2024.uexp" 357
"C:/Program Files (x86)/Steam/steamapps/common/F1 Manager 2024/F1Manager24/Content/Paks/AC_TrackBridge_v0.2/tools/CookWorkspace/Content/TrackBridge/KalinagoScene/Run_2b0d5b5e7e44432db837463ecc98aa91/Textures/T_3b8622e1294f28f285bb300f8cae1ae6b92abdc8777030f915a6163e3835cb6e.ubulk" 358
"C:/Program Files (x86)/Steam/steamapps/common/F1 Manager 2024/F1Manager24/Content/Paks/AC_TrackBridge_v0.2/tools/CookWorkspace/Content/TrackBridge/KalinagoScene/Run_2b0d5b5e7e44432db837463ecc98aa91/Textures/T_3b8622e1294f28f285bb300f8cae1ae6b92abdc8777030f915a6163e3835cb6e.uasset" 359
"C:/Program Files (x86)/Steam/steamapps/common/F1 Manager 2024/F1Manager24/Content/Paks/AC_TrackBridge_v0.2/tools/CookWorkspace/Content/TrackBridge/KalinagoScene/Run_2b0d5b5e7e44432db837463ecc98aa91/Textures/T_3b8622e1294f28f285bb300f8cae1ae6b92abdc8777030f915a6163e3835cb6e.uexp" 360
"C:/Program Files (x86)/Steam/steamapps/common/F1 Manager 2024/F1Manager24/Content/Paks/AC_TrackBridge_v0.2/tools/CookWorkspace/Content/TrackBridge/KalinagoScene/Run_2b0d5b5e7e44432db837463ecc98aa91/Materials/M_14_skidmarks_0.uasset" 361
"C:/Program Files (x86)/Steam/steamapps/common/F1 Manager 2024/F1Manager24/Content/Paks/AC_TrackBridge_v0.2/tools/CookWorkspace/Content/TrackBridge/KalinagoScene/Run_2b0d5b5e7e44432db837463ecc98aa91/Materials/M_14_skidmarks_0.uexp" 362
"C:/Program Files (x86)/Steam/steamapps/common/F1 Manager 2024/F1Manager24/Content/Paks/AC_TrackBridge_v0.2/tools/CookWorkspace/Content/TrackBridge/KalinagoScene/Run_2b0d5b5e7e44432db837463ecc98aa91/Textures/T_fb0ef631a813cd3d7105a089ef4b68a3d065cb2dcf5767e67830a271ba0b257e.ubulk" 363
"C:/Program Files (x86)/Steam/steamapps/common/F1 Manager 2024/F1Manager24/Content/Paks/AC_TrackBridge_v0.2/tools/CookWorkspace/Content/TrackBridge/KalinagoScene/Run_2b0d5b5e7e44432db837463ecc98aa91/Textures/T_fb0ef631a813cd3d7105a089ef4b68a3d065cb2dcf5767e67830a271ba0b257e.uasset" 364
"C:/Program Files (x86)/Steam/steamapps/common/F1 Manager 2024/F1Manager24/Content/Paks/AC_TrackBridge_v0.2/tools/CookWorkspace/Content/TrackBridge/KalinagoScene/Run_2b0d5b5e7e44432db837463ecc98aa91/Textures/T_fb0ef631a813cd3d7105a089ef4b68a3d065cb2dcf5767e67830a271ba0b257e.uexp" 365
"C:/Program Files (x86)/Steam/steamapps/common/F1 Manager 2024/F1Manager24/Content/Paks/AC_TrackBridge_v0.2/tools/CookWorkspace/Content/TrackBridge/KalinagoScene/Run_2b0d5b5e7e44432db837463ecc98aa91/Materials/M_14_skidmarks_1.uasset" 366
"C:/Program Files (x86)/Steam/steamapps/common/F1 Manager 2024/F1Manager24/Content/Paks/AC_TrackBridge_v0.2/tools/CookWorkspace/Content/TrackBridge/KalinagoScene/Run_2b0d5b5e7e44432db837463ecc98aa91/Materials/M_14_skidmarks_1.uexp" 367
"C:/Program Files (x86)/Steam/steamapps/common/F1 Manager 2024/F1Manager24/Content/Paks/AC_TrackBridge_v0.2/tools/CookWorkspace/Content/TrackBridge/KalinagoScene/Run_2b0d5b5e7e44432db837463ecc98aa91/Meshes/SM_14_skidmarks.uasset" 368
"C:/Program Files (x86)/Steam/steamapps/common/F1 Manager 2024/F1Manager24/Content/Paks/AC_TrackBridge_v0.2/tools/CookWorkspace/Content/TrackBridge/KalinagoScene/Run_2b0d5b5e7e44432db837463ecc98aa91/Meshes/SM_14_skidmarks.uexp" 369
"C:/Program Files (x86)/Steam/steamapps/common/F1 Manager 2024/F1Manager24/Content/Paks/AC_TrackBridge_v0.2/tools/CookWorkspace/Content/TrackBridge/KalinagoScene/Run_2b0d5b5e7e44432db837463ecc98aa91/Textures/T_af769555cc104e3d873919daaaa8d82737f60c9cab3d6fd616a4d27c2f4aca81.ubulk" 370
"C:/Program Files (x86)/Steam/steamapps/common/F1 Manager 2024/F1Manager24/Content/Paks/AC_TrackBridge_v0.2/tools/CookWorkspace/Content/TrackBridge/KalinagoScene/Run_2b0d5b5e7e44432db837463ecc98aa91/Textures/T_af769555cc104e3d873919daaaa8d82737f60c9cab3d6fd616a4d27c2f4aca81.uasset" 371
"C:/Program Files (x86)/Steam/steamapps/common/F1 Manager 2024/F1Manager24/Content/Paks/AC_TrackBridge_v0.2/tools/CookWorkspace/Content/TrackBridge/KalinagoScene/Run_2b0d5b5e7e44432db837463ecc98aa91/Textures/T_af769555cc104e3d873919daaaa8d82737f60c9cab3d6fd616a4d27c2f4aca81.uexp" 372
"C:/Program Files (x86)/Steam/steamapps/common/F1 Manager 2024/F1Manager24/Content/Paks/AC_TrackBridge_v0.2/tools/CookWorkspace/Content/TrackBridge/KalinagoScene/Run_2b0d5b5e7e44432db837463ecc98aa91/Materials/M_15_lights_0.uasset" 373
"C:/Program Files (x86)/Steam/steamapps/common/F1 Manager 2024/F1Manager24/Content/Paks/AC_TrackBridge_v0.2/tools/CookWorkspace/Content/TrackBridge/KalinagoScene/Run_2b0d5b5e7e44432db837463ecc98aa91/Materials/M_15_lights_0.uexp" 374
"C:/Program Files (x86)/Steam/steamapps/common/F1 Manager 2024/F1Manager24/Content/Paks/AC_TrackBridge_v0.2/tools/CookWorkspace/Content/TrackBridge/KalinagoScene/Run_2b0d5b5e7e44432db837463ecc98aa91/Textures/T_7bf0652ea9ec0a86dc8b688c89867377c2a38035cb501b65a9e6ff2f70da3fdc.ubulk" 375
"C:/Program Files (x86)/Steam/steamapps/common/F1 Manager 2024/F1Manager24/Content/Paks/AC_TrackBridge_v0.2/tools/CookWorkspace/Content/TrackBridge/KalinagoScene/Run_2b0d5b5e7e44432db837463ecc98aa91/Textures/T_7bf0652ea9ec0a86dc8b688c89867377c2a38035cb501b65a9e6ff2f70da3fdc.uasset" 376
"C:/Program Files (x86)/Steam/steamapps/common/F1 Manager 2024/F1Manager24/Content/Paks/AC_TrackBridge_v0.2/tools/CookWorkspace/Content/TrackBridge/KalinagoScene/Run_2b0d5b5e7e44432db837463ecc98aa91/Textures/T_7bf0652ea9ec0a86dc8b688c89867377c2a38035cb501b65a9e6ff2f70da3fdc.uexp" 377
"C:/Program Files (x86)/Steam/steamapps/common/F1 Manager 2024/F1Manager24/Content/Paks/AC_TrackBridge_v0.2/tools/CookWorkspace/Content/TrackBridge/KalinagoScene/Run_2b0d5b5e7e44432db837463ecc98aa91/Materials/M_15_lights_1.uasset" 378
"C:/Program Files (x86)/Steam/steamapps/common/F1 Manager 2024/F1Manager24/Content/Paks/AC_TrackBridge_v0.2/tools/CookWorkspace/Content/TrackBridge/KalinagoScene/Run_2b0d5b5e7e44432db837463ecc98aa91/Materials/M_15_lights_1.uexp" 379
"C:/Program Files (x86)/Steam/steamapps/common/F1 Manager 2024/F1Manager24/Content/Paks/AC_TrackBridge_v0.2/tools/CookWorkspace/Content/TrackBridge/KalinagoScene/Run_2b0d5b5e7e44432db837463ecc98aa91/Textures/T_e4cb402a8d2f6c25e1b71523fbedc8e9ca936ba97485d04419c59558a9e4cdb2.uasset" 380
"C:/Program Files (x86)/Steam/steamapps/common/F1 Manager 2024/F1Manager24/Content/Paks/AC_TrackBridge_v0.2/tools/CookWorkspace/Content/TrackBridge/KalinagoScene/Run_2b0d5b5e7e44432db837463ecc98aa91/Textures/T_e4cb402a8d2f6c25e1b71523fbedc8e9ca936ba97485d04419c59558a9e4cdb2.uexp" 381
"C:/Program Files (x86)/Steam/steamapps/common/F1 Manager 2024/F1Manager24/Content/Paks/AC_TrackBridge_v0.2/tools/CookWorkspace/Content/TrackBridge/KalinagoScene/Run_2b0d5b5e7e44432db837463ecc98aa91/Materials/M_15_lights_2.uasset" 382
"C:/Program Files (x86)/Steam/steamapps/common/F1 Manager 2024/F1Manager24/Content/Paks/AC_TrackBridge_v0.2/tools/CookWorkspace/Content/TrackBridge/KalinagoScene/Run_2b0d5b5e7e44432db837463ecc98aa91/Materials/M_15_lights_2.uexp" 383
"C:/Program Files (x86)/Steam/steamapps/common/F1 Manager 2024/F1Manager24/Content/Paks/AC_TrackBridge_v0.2/tools/CookWorkspace/Content/TrackBridge/KalinagoScene/Run_2b0d5b5e7e44432db837463ecc98aa91/Textures/T_be76ab452ca3b624b45708426fc611a652ac4bf81eb5275c779ebd70ba9098a2.ubulk" 384
"C:/Program Files (x86)/Steam/steamapps/common/F1 Manager 2024/F1Manager24/Content/Paks/AC_TrackBridge_v0.2/tools/CookWorkspace/Content/TrackBridge/KalinagoScene/Run_2b0d5b5e7e44432db837463ecc98aa91/Textures/T_be76ab452ca3b624b45708426fc611a652ac4bf81eb5275c779ebd70ba9098a2.uasset" 385
"C:/Program Files (x86)/Steam/steamapps/common/F1 Manager 2024/F1Manager24/Content/Paks/AC_TrackBridge_v0.2/tools/CookWorkspace/Content/TrackBridge/KalinagoScene/Run_2b0d5b5e7e44432db837463ecc98aa91/Textures/T_be76ab452ca3b624b45708426fc611a652ac4bf81eb5275c779ebd70ba9098a2.uexp" 386
"C:/Program Files (x86)/Steam/steamapps/common/F1 Manager 2024/F1Manager24/Content/Paks/AC_TrackBridge_v0.2/tools/CookWorkspace/Content/TrackBridge/KalinagoScene/Run_2b0d5b5e7e44432db837463ecc98aa91/Materials/M_15_lights_3.uasset" 387
"C:/Program Files (x86)/Steam/steamapps/common/F1 Manager 2024/F1Manager24/Content/Paks/AC_TrackBridge_v0.2/tools/CookWorkspace/Content/TrackBridge/KalinagoScene/Run_2b0d5b5e7e44432db837463ecc98aa91/Materials/M_15_lights_3.uexp" 388
"C:/Program Files (x86)/Steam/steamapps/common/F1 Manager 2024/F1Manager24/Content/Paks/AC_TrackBridge_v0.2/tools/CookWorkspace/Content/TrackBridge/KalinagoScene/Run_2b0d5b5e7e44432db837463ecc98aa91/Materials/M_15_lights_4.uasset" 389
"C:/Program Files (x86)/Steam/steamapps/common/F1 Manager 2024/F1Manager24/Content/Paks/AC_TrackBridge_v0.2/tools/CookWorkspace/Content/TrackBridge/KalinagoScene/Run_2b0d5b5e7e44432db837463ecc98aa91/Materials/M_15_lights_4.uexp" 390
"C:/Program Files (x86)/Steam/steamapps/common/F1 Manager 2024/F1Manager24/Content/Paks/AC_TrackBridge_v0.2/tools/CookWorkspace/Content/TrackBridge/KalinagoScene/Run_2b0d5b5e7e44432db837463ecc98aa91/Materials/M_15_lights_5.uasset" 391
"C:/Program Files (x86)/Steam/steamapps/common/F1 Manager 2024/F1Manager24/Content/Paks/AC_TrackBridge_v0.2/tools/CookWorkspace/Content/TrackBridge/KalinagoScene/Run_2b0d5b5e7e44432db837463ecc98aa91/Materials/M_15_lights_5.uexp" 392
"C:/Program Files (x86)/Steam/steamapps/common/F1 Manager 2024/F1Manager24/Content/Paks/AC_TrackBridge_v0.2/tools/CookWorkspace/Content/TrackBridge/KalinagoScene/Run_2b0d5b5e7e44432db837463ecc98aa91/Textures/T_337b6ad1ddbfe47e4aaecfca84c3182f7088750f20e8acb2a5942bd4525f6df2.ubulk" 393
"C:/Program Files (x86)/Steam/steamapps/common/F1 Manager 2024/F1Manager24/Content/Paks/AC_TrackBridge_v0.2/tools/CookWorkspace/Content/TrackBridge/KalinagoScene/Run_2b0d5b5e7e44432db837463ecc98aa91/Textures/T_337b6ad1ddbfe47e4aaecfca84c3182f7088750f20e8acb2a5942bd4525f6df2.uasset" 394
"C:/Program Files (x86)/Steam/steamapps/common/F1 Manager 2024/F1Manager24/Content/Paks/AC_TrackBridge_v0.2/tools/CookWorkspace/Content/TrackBridge/KalinagoScene/Run_2b0d5b5e7e44432db837463ecc98aa91/Textures/T_337b6ad1ddbfe47e4aaecfca84c3182f7088750f20e8acb2a5942bd4525f6df2.uexp" 395
"C:/Program Files (x86)/Steam/steamapps/common/F1 Manager 2024/F1Manager24/Content/Paks/AC_TrackBridge_v0.2/tools/CookWorkspace/Content/TrackBridge/KalinagoScene/Run_2b0d5b5e7e44432db837463ecc98aa91/Materials/M_15_lights_6.uasset" 396
"C:/Program Files (x86)/Steam/steamapps/common/F1 Manager 2024/F1Manager24/Content/Paks/AC_TrackBridge_v0.2/tools/CookWorkspace/Content/TrackBridge/KalinagoScene/Run_2b0d5b5e7e44432db837463ecc98aa91/Materials/M_15_lights_6.uexp" 397
"C:/Program Files (x86)/Steam/steamapps/common/F1 Manager 2024/F1Manager24/Content/Paks/AC_TrackBridge_v0.2/tools/CookWorkspace/Content/TrackBridge/KalinagoScene/Run_2b0d5b5e7e44432db837463ecc98aa91/Materials/M_15_lights_7.uasset" 398
"C:/Program Files (x86)/Steam/steamapps/common/F1 Manager 2024/F1Manager24/Content/Paks/AC_TrackBridge_v0.2/tools/CookWorkspace/Content/TrackBridge/KalinagoScene/Run_2b0d5b5e7e44432db837463ecc98aa91/Materials/M_15_lights_7.uexp" 399
"C:/Program Files (x86)/Steam/steamapps/common/F1 Manager 2024/F1Manager24/Content/Paks/AC_TrackBridge_v0.2/tools/CookWorkspace/Content/TrackBridge/KalinagoScene/Run_2b0d5b5e7e44432db837463ecc98aa91/Materials/M_15_lights_8.uasset" 400
"C:/Program Files (x86)/Steam/steamapps/common/F1 Manager 2024/F1Manager24/Content/Paks/AC_TrackBridge_v0.2/tools/CookWorkspace/Content/TrackBridge/KalinagoScene/Run_2b0d5b5e7e44432db837463ecc98aa91/Materials/M_15_lights_8.uexp" 401
"C:/Program Files (x86)/Steam/steamapps/common/F1 Manager 2024/F1Manager24/Content/Paks/AC_TrackBridge_v0.2/tools/CookWorkspace/Content/TrackBridge/KalinagoScene/Run_2b0d5b5e7e44432db837463ecc98aa91/Materials/M_15_lights_9.uasset" 402
"C:/Program Files (x86)/Steam/steamapps/common/F1 Manager 2024/F1Manager24/Content/Paks/AC_TrackBridge_v0.2/tools/CookWorkspace/Content/TrackBridge/KalinagoScene/Run_2b0d5b5e7e44432db837463ecc98aa91/Materials/M_15_lights_9.uexp" 403
"C:/Program Files (x86)/Steam/steamapps/common/F1 Manager 2024/F1Manager24/Content/Paks/AC_TrackBridge_v0.2/tools/CookWorkspace/Content/TrackBridge/KalinagoScene/Run_2b0d5b5e7e44432db837463ecc98aa91/Materials/M_15_lights_10.uasset" 404
"C:/Program Files (x86)/Steam/steamapps/common/F1 Manager 2024/F1Manager24/Content/Paks/AC_TrackBridge_v0.2/tools/CookWorkspace/Content/TrackBridge/KalinagoScene/Run_2b0d5b5e7e44432db837463ecc98aa91/Materials/M_15_lights_10.uexp" 405
"C:/Program Files (x86)/Steam/steamapps/common/F1 Manager 2024/F1Manager24/Content/Paks/AC_TrackBridge_v0.2/tools/CookWorkspace/Content/TrackBridge/KalinagoScene/Run_2b0d5b5e7e44432db837463ecc98aa91/Materials/M_15_lights_11.uasset" 406
"C:/Program Files (x86)/Steam/steamapps/common/F1 Manager 2024/F1Manager24/Content/Paks/AC_TrackBridge_v0.2/tools/CookWorkspace/Content/TrackBridge/KalinagoScene/Run_2b0d5b5e7e44432db837463ecc98aa91/Materials/M_15_lights_11.uexp" 407
"C:/Program Files (x86)/Steam/steamapps/common/F1 Manager 2024/F1Manager24/Content/Paks/AC_TrackBridge_v0.2/tools/CookWorkspace/Content/TrackBridge/KalinagoScene/Run_2b0d5b5e7e44432db837463ecc98aa91/Textures/T_674b292ba42556246d2c203450c4d5e695b17a913c144dd61945db0999683d9a.uasset" 408
"C:/Program Files (x86)/Steam/steamapps/common/F1 Manager 2024/F1Manager24/Content/Paks/AC_TrackBridge_v0.2/tools/CookWorkspace/Content/TrackBridge/KalinagoScene/Run_2b0d5b5e7e44432db837463ecc98aa91/Textures/T_674b292ba42556246d2c203450c4d5e695b17a913c144dd61945db0999683d9a.uexp" 409
"C:/Program Files (x86)/Steam/steamapps/common/F1 Manager 2024/F1Manager24/Content/Paks/AC_TrackBridge_v0.2/tools/CookWorkspace/Content/TrackBridge/KalinagoScene/Run_2b0d5b5e7e44432db837463ecc98aa91/Materials/M_15_lights_12.uasset" 410
"C:/Program Files (x86)/Steam/steamapps/common/F1 Manager 2024/F1Manager24/Content/Paks/AC_TrackBridge_v0.2/tools/CookWorkspace/Content/TrackBridge/KalinagoScene/Run_2b0d5b5e7e44432db837463ecc98aa91/Materials/M_15_lights_12.uexp" 411
"C:/Program Files (x86)/Steam/steamapps/common/F1 Manager 2024/F1Manager24/Content/Paks/AC_TrackBridge_v0.2/tools/CookWorkspace/Content/TrackBridge/KalinagoScene/Run_2b0d5b5e7e44432db837463ecc98aa91/Materials/M_15_lights_13.uasset" 412
"C:/Program Files (x86)/Steam/steamapps/common/F1 Manager 2024/F1Manager24/Content/Paks/AC_TrackBridge_v0.2/tools/CookWorkspace/Content/TrackBridge/KalinagoScene/Run_2b0d5b5e7e44432db837463ecc98aa91/Materials/M_15_lights_13.uexp" 413
"C:/Program Files (x86)/Steam/steamapps/common/F1 Manager 2024/F1Manager24/Content/Paks/AC_TrackBridge_v0.2/tools/CookWorkspace/Content/TrackBridge/KalinagoScene/Run_2b0d5b5e7e44432db837463ecc98aa91/Materials/M_15_lights_14.uasset" 414
"C:/Program Files (x86)/Steam/steamapps/common/F1 Manager 2024/F1Manager24/Content/Paks/AC_TrackBridge_v0.2/tools/CookWorkspace/Content/TrackBridge/KalinagoScene/Run_2b0d5b5e7e44432db837463ecc98aa91/Materials/M_15_lights_14.uexp" 415
"C:/Program Files (x86)/Steam/steamapps/common/F1 Manager 2024/F1Manager24/Content/Paks/AC_TrackBridge_v0.2/tools/CookWorkspace/Content/TrackBridge/KalinagoScene/Run_2b0d5b5e7e44432db837463ecc98aa91/Textures/T_7c80dab196aa77a2fb7fbefe177b145a19bb43ab3d315b81bcf4d7658ca931bc.ubulk" 416
"C:/Program Files (x86)/Steam/steamapps/common/F1 Manager 2024/F1Manager24/Content/Paks/AC_TrackBridge_v0.2/tools/CookWorkspace/Content/TrackBridge/KalinagoScene/Run_2b0d5b5e7e44432db837463ecc98aa91/Textures/T_7c80dab196aa77a2fb7fbefe177b145a19bb43ab3d315b81bcf4d7658ca931bc.uasset" 417
"C:/Program Files (x86)/Steam/steamapps/common/F1 Manager 2024/F1Manager24/Content/Paks/AC_TrackBridge_v0.2/tools/CookWorkspace/Content/TrackBridge/KalinagoScene/Run_2b0d5b5e7e44432db837463ecc98aa91/Textures/T_7c80dab196aa77a2fb7fbefe177b145a19bb43ab3d315b81bcf4d7658ca931bc.uexp" 418
"C:/Program Files (x86)/Steam/steamapps/common/F1 Manager 2024/F1Manager24/Content/Paks/AC_TrackBridge_v0.2/tools/CookWorkspace/Content/TrackBridge/KalinagoScene/Run_2b0d5b5e7e44432db837463ecc98aa91/Materials/M_15_lights_15.uasset" 419
"C:/Program Files (x86)/Steam/steamapps/common/F1 Manager 2024/F1Manager24/Content/Paks/AC_TrackBridge_v0.2/tools/CookWorkspace/Content/TrackBridge/KalinagoScene/Run_2b0d5b5e7e44432db837463ecc98aa91/Materials/M_15_lights_15.uexp" 420
"C:/Program Files (x86)/Steam/steamapps/common/F1 Manager 2024/F1Manager24/Content/Paks/AC_TrackBridge_v0.2/tools/CookWorkspace/Content/TrackBridge/KalinagoScene/Run_2b0d5b5e7e44432db837463ecc98aa91/Meshes/SM_15_lights.uasset" 421
"C:/Program Files (x86)/Steam/steamapps/common/F1 Manager 2024/F1Manager24/Content/Paks/AC_TrackBridge_v0.2/tools/CookWorkspace/Content/TrackBridge/KalinagoScene/Run_2b0d5b5e7e44432db837463ecc98aa91/Meshes/SM_15_lights.uexp" 422
"C:/Program Files (x86)/Steam/steamapps/common/F1 Manager 2024/F1Manager24/Content/Paks/AC_TrackBridge_v0.2/tools/CookWorkspace/Content/TrackBridge/KalinagoScene/Run_2b0d5b5e7e44432db837463ecc98aa91/Textures/T_5295bf624a79d42e652aca935f8676f897ba169c3f1b1add8698dd9e3f8e2ed0.ubulk" 423
"C:/Program Files (x86)/Steam/steamapps/common/F1 Manager 2024/F1Manager24/Content/Paks/AC_TrackBridge_v0.2/tools/CookWorkspace/Content/TrackBridge/KalinagoScene/Run_2b0d5b5e7e44432db837463ecc98aa91/Textures/T_5295bf624a79d42e652aca935f8676f897ba169c3f1b1add8698dd9e3f8e2ed0.uasset" 424
"C:/Program Files (x86)/Steam/steamapps/common/F1 Manager 2024/F1Manager24/Content/Paks/AC_TrackBridge_v0.2/tools/CookWorkspace/Content/TrackBridge/KalinagoScene/Run_2b0d5b5e7e44432db837463ecc98aa91/Textures/T_5295bf624a79d42e652aca935f8676f897ba169c3f1b1add8698dd9e3f8e2ed0.uexp" 425
"C:/Program Files (x86)/Steam/steamapps/common/F1 Manager 2024/F1Manager24/Content/Paks/AC_TrackBridge_v0.2/tools/CookWorkspace/Content/TrackBridge/KalinagoScene/Run_2b0d5b5e7e44432db837463ecc98aa91/Materials/M_18_rolex_clock_0.uasset" 426
"C:/Program Files (x86)/Steam/steamapps/common/F1 Manager 2024/F1Manager24/Content/Paks/AC_TrackBridge_v0.2/tools/CookWorkspace/Content/TrackBridge/KalinagoScene/Run_2b0d5b5e7e44432db837463ecc98aa91/Materials/M_18_rolex_clock_0.uexp" 427
"C:/Program Files (x86)/Steam/steamapps/common/F1 Manager 2024/F1Manager24/Content/Paks/AC_TrackBridge_v0.2/tools/CookWorkspace/Content/TrackBridge/KalinagoScene/Run_2b0d5b5e7e44432db837463ecc98aa91/Textures/T_89967d8c5890b18335eb9defa55e9e458cd45ede081eea201130d3abeea587b8.ubulk" 428
"C:/Program Files (x86)/Steam/steamapps/common/F1 Manager 2024/F1Manager24/Content/Paks/AC_TrackBridge_v0.2/tools/CookWorkspace/Content/TrackBridge/KalinagoScene/Run_2b0d5b5e7e44432db837463ecc98aa91/Textures/T_89967d8c5890b18335eb9defa55e9e458cd45ede081eea201130d3abeea587b8.uasset" 429
"C:/Program Files (x86)/Steam/steamapps/common/F1 Manager 2024/F1Manager24/Content/Paks/AC_TrackBridge_v0.2/tools/CookWorkspace/Content/TrackBridge/KalinagoScene/Run_2b0d5b5e7e44432db837463ecc98aa91/Textures/T_89967d8c5890b18335eb9defa55e9e458cd45ede081eea201130d3abeea587b8.uexp" 430
"C:/Program Files (x86)/Steam/steamapps/common/F1 Manager 2024/F1Manager24/Content/Paks/AC_TrackBridge_v0.2/tools/CookWorkspace/Content/TrackBridge/KalinagoScene/Run_2b0d5b5e7e44432db837463ecc98aa91/Materials/M_18_rolex_clock_1.uasset" 431
"C:/Program Files (x86)/Steam/steamapps/common/F1 Manager 2024/F1Manager24/Content/Paks/AC_TrackBridge_v0.2/tools/CookWorkspace/Content/TrackBridge/KalinagoScene/Run_2b0d5b5e7e44432db837463ecc98aa91/Materials/M_18_rolex_clock_1.uexp" 432
"C:/Program Files (x86)/Steam/steamapps/common/F1 Manager 2024/F1Manager24/Content/Paks/AC_TrackBridge_v0.2/tools/CookWorkspace/Content/TrackBridge/KalinagoScene/Run_2b0d5b5e7e44432db837463ecc98aa91/Meshes/SM_18_rolex_clock.uasset" 433
"C:/Program Files (x86)/Steam/steamapps/common/F1 Manager 2024/F1Manager24/Content/Paks/AC_TrackBridge_v0.2/tools/CookWorkspace/Content/TrackBridge/KalinagoScene/Run_2b0d5b5e7e44432db837463ecc98aa91/Meshes/SM_18_rolex_clock.uexp" 434
"C:/Program Files (x86)/Steam/steamapps/common/F1 Manager 2024/F1Manager24/Content/Paks/AC_TrackBridge_v0.2/tools/CookWorkspace/Content/TrackBridge/KalinagoScene/Run_2b0d5b5e7e44432db837463ecc98aa91/Materials/M_OpenGarageDoors.uasset" 435
"C:/Program Files (x86)/Steam/steamapps/common/F1 Manager 2024/F1Manager24/Content/Paks/AC_TrackBridge_v0.2/tools/CookWorkspace/Content/TrackBridge/KalinagoScene/Run_2b0d5b5e7e44432db837463ecc98aa91/Materials/M_OpenGarageDoors.uexp" 436
"C:/Program Files (x86)/Steam/steamapps/common/F1 Manager 2024/F1Manager24/Content/Paks/AC_TrackBridge_v0.2/tools/CookWorkspace/Content/TrackBridge/KalinagoScene/Run_2b0d5b5e7e44432db837463ecc98aa91/Textures/T_e68d15a62f5d3dfe8d1a81df72b2a941972962d89954a403a8f21147ff26e6f8.uasset" 437
"C:/Program Files (x86)/Steam/steamapps/common/F1 Manager 2024/F1Manager24/Content/Paks/AC_TrackBridge_v0.2/tools/CookWorkspace/Content/TrackBridge/KalinagoScene/Run_2b0d5b5e7e44432db837463ecc98aa91/Textures/T_e68d15a62f5d3dfe8d1a81df72b2a941972962d89954a403a8f21147ff26e6f8.uexp" 438
"C:/Program Files (x86)/Steam/steamapps/common/F1 Manager 2024/F1Manager24/Content/Paks/AC_TrackBridge_v0.2/tools/CookWorkspace/Content/TrackBridge/KalinagoScene/Run_2b0d5b5e7e44432db837463ecc98aa91/Materials/M_1_00_kalinago_0.uasset" 439
"C:/Program Files (x86)/Steam/steamapps/common/F1 Manager 2024/F1Manager24/Content/Paks/AC_TrackBridge_v0.2/tools/CookWorkspace/Content/TrackBridge/KalinagoScene/Run_2b0d5b5e7e44432db837463ecc98aa91/Materials/M_1_00_kalinago_0.uexp" 440
"C:/Program Files (x86)/Steam/steamapps/common/F1 Manager 2024/F1Manager24/Content/Paks/AC_TrackBridge_v0.2/tools/CookWorkspace/Content/TrackBridge/KalinagoScene/Run_2b0d5b5e7e44432db837463ecc98aa91/Textures/T_633f0a781e045198a87bf079e39e08d711cb1894d9fda03c64beec26fd375a05.ubulk" 441
"C:/Program Files (x86)/Steam/steamapps/common/F1 Manager 2024/F1Manager24/Content/Paks/AC_TrackBridge_v0.2/tools/CookWorkspace/Content/TrackBridge/KalinagoScene/Run_2b0d5b5e7e44432db837463ecc98aa91/Textures/T_633f0a781e045198a87bf079e39e08d711cb1894d9fda03c64beec26fd375a05.uasset" 442
"C:/Program Files (x86)/Steam/steamapps/common/F1 Manager 2024/F1Manager24/Content/Paks/AC_TrackBridge_v0.2/tools/CookWorkspace/Content/TrackBridge/KalinagoScene/Run_2b0d5b5e7e44432db837463ecc98aa91/Textures/T_633f0a781e045198a87bf079e39e08d711cb1894d9fda03c64beec26fd375a05.uexp" 443
"C:/Program Files (x86)/Steam/steamapps/common/F1 Manager 2024/F1Manager24/Content/Paks/AC_TrackBridge_v0.2/tools/CookWorkspace/Content/TrackBridge/KalinagoScene/Run_2b0d5b5e7e44432db837463ecc98aa91/Materials/M_1_00_kalinago_1.uasset" 444
"C:/Program Files (x86)/Steam/steamapps/common/F1 Manager 2024/F1Manager24/Content/Paks/AC_TrackBridge_v0.2/tools/CookWorkspace/Content/TrackBridge/KalinagoScene/Run_2b0d5b5e7e44432db837463ecc98aa91/Materials/M_1_00_kalinago_1.uexp" 445
"C:/Program Files (x86)/Steam/steamapps/common/F1 Manager 2024/F1Manager24/Content/Paks/AC_TrackBridge_v0.2/tools/CookWorkspace/Content/TrackBridge/KalinagoScene/Run_2b0d5b5e7e44432db837463ecc98aa91/Materials/M_1_00_kalinago_2.uasset" 446
"C:/Program Files (x86)/Steam/steamapps/common/F1 Manager 2024/F1Manager24/Content/Paks/AC_TrackBridge_v0.2/tools/CookWorkspace/Content/TrackBridge/KalinagoScene/Run_2b0d5b5e7e44432db837463ecc98aa91/Materials/M_1_00_kalinago_2.uexp" 447
"C:/Program Files (x86)/Steam/steamapps/common/F1 Manager 2024/F1Manager24/Content/Paks/AC_TrackBridge_v0.2/tools/CookWorkspace/Content/TrackBridge/KalinagoScene/Run_2b0d5b5e7e44432db837463ecc98aa91/Textures/T_7deb60f3c36df5475363fe463bcfb03bf816d2b41fd5680545e351a4328e1eae.ubulk" 448
"C:/Program Files (x86)/Steam/steamapps/common/F1 Manager 2024/F1Manager24/Content/Paks/AC_TrackBridge_v0.2/tools/CookWorkspace/Content/TrackBridge/KalinagoScene/Run_2b0d5b5e7e44432db837463ecc98aa91/Textures/T_7deb60f3c36df5475363fe463bcfb03bf816d2b41fd5680545e351a4328e1eae.uasset" 449
"C:/Program Files (x86)/Steam/steamapps/common/F1 Manager 2024/F1Manager24/Content/Paks/AC_TrackBridge_v0.2/tools/CookWorkspace/Content/TrackBridge/KalinagoScene/Run_2b0d5b5e7e44432db837463ecc98aa91/Textures/T_7deb60f3c36df5475363fe463bcfb03bf816d2b41fd5680545e351a4328e1eae.uexp" 450
"C:/Program Files (x86)/Steam/steamapps/common/F1 Manager 2024/F1Manager24/Content/Paks/AC_TrackBridge_v0.2/tools/CookWorkspace/Content/TrackBridge/KalinagoScene/Run_2b0d5b5e7e44432db837463ecc98aa91/Materials/M_1_00_kalinago_3.uasset" 451
"C:/Program Files (x86)/Steam/steamapps/common/F1 Manager 2024/F1Manager24/Content/Paks/AC_TrackBridge_v0.2/tools/CookWorkspace/Content/TrackBridge/KalinagoScene/Run_2b0d5b5e7e44432db837463ecc98aa91/Materials/M_1_00_kalinago_3.uexp" 452
"C:/Program Files (x86)/Steam/steamapps/common/F1 Manager 2024/F1Manager24/Content/Paks/AC_TrackBridge_v0.2/tools/CookWorkspace/Content/TrackBridge/KalinagoScene/Run_2b0d5b5e7e44432db837463ecc98aa91/Textures/T_1552f1c847d895bd61b14dcaa7b706d7dc5b812f3f99c7bc6083a0099b2db7da.ubulk" 453
"C:/Program Files (x86)/Steam/steamapps/common/F1 Manager 2024/F1Manager24/Content/Paks/AC_TrackBridge_v0.2/tools/CookWorkspace/Content/TrackBridge/KalinagoScene/Run_2b0d5b5e7e44432db837463ecc98aa91/Textures/T_1552f1c847d895bd61b14dcaa7b706d7dc5b812f3f99c7bc6083a0099b2db7da.uasset" 454
"C:/Program Files (x86)/Steam/steamapps/common/F1 Manager 2024/F1Manager24/Content/Paks/AC_TrackBridge_v0.2/tools/CookWorkspace/Content/TrackBridge/KalinagoScene/Run_2b0d5b5e7e44432db837463ecc98aa91/Textures/T_1552f1c847d895bd61b14dcaa7b706d7dc5b812f3f99c7bc6083a0099b2db7da.uexp" 455
"C:/Program Files (x86)/Steam/steamapps/common/F1 Manager 2024/F1Manager24/Content/Paks/AC_TrackBridge_v0.2/tools/CookWorkspace/Content/TrackBridge/KalinagoScene/Run_2b0d5b5e7e44432db837463ecc98aa91/Materials/M_1_00_kalinago_4.uasset" 456
"C:/Program Files (x86)/Steam/steamapps/common/F1 Manager 2024/F1Manager24/Content/Paks/AC_TrackBridge_v0.2/tools/CookWorkspace/Content/TrackBridge/KalinagoScene/Run_2b0d5b5e7e44432db837463ecc98aa91/Materials/M_1_00_kalinago_4.uexp" 457
"C:/Program Files (x86)/Steam/steamapps/common/F1 Manager 2024/F1Manager24/Content/Paks/AC_TrackBridge_v0.2/tools/CookWorkspace/Content/TrackBridge/KalinagoScene/Run_2b0d5b5e7e44432db837463ecc98aa91/Textures/T_3f51fabb16c5f09aa0ddb5a12dd031459f1cf5f9e063f0b7cac8e058a5c36a4b.ubulk" 458
"C:/Program Files (x86)/Steam/steamapps/common/F1 Manager 2024/F1Manager24/Content/Paks/AC_TrackBridge_v0.2/tools/CookWorkspace/Content/TrackBridge/KalinagoScene/Run_2b0d5b5e7e44432db837463ecc98aa91/Textures/T_3f51fabb16c5f09aa0ddb5a12dd031459f1cf5f9e063f0b7cac8e058a5c36a4b.uasset" 459
"C:/Program Files (x86)/Steam/steamapps/common/F1 Manager 2024/F1Manager24/Content/Paks/AC_TrackBridge_v0.2/tools/CookWorkspace/Content/TrackBridge/KalinagoScene/Run_2b0d5b5e7e44432db837463ecc98aa91/Textures/T_3f51fabb16c5f09aa0ddb5a12dd031459f1cf5f9e063f0b7cac8e058a5c36a4b.uexp" 460
"C:/Program Files (x86)/Steam/steamapps/common/F1 Manager 2024/F1Manager24/Content/Paks/AC_TrackBridge_v0.2/tools/CookWorkspace/Content/TrackBridge/KalinagoScene/Run_2b0d5b5e7e44432db837463ecc98aa91/Materials/M_1_00_kalinago_5.uasset" 461
"C:/Program Files (x86)/Steam/steamapps/common/F1 Manager 2024/F1Manager24/Content/Paks/AC_TrackBridge_v0.2/tools/CookWorkspace/Content/TrackBridge/KalinagoScene/Run_2b0d5b5e7e44432db837463ecc98aa91/Materials/M_1_00_kalinago_5.uexp" 462
"C:/Program Files (x86)/Steam/steamapps/common/F1 Manager 2024/F1Manager24/Content/Paks/AC_TrackBridge_v0.2/tools/CookWorkspace/Content/TrackBridge/KalinagoScene/Run_2b0d5b5e7e44432db837463ecc98aa91/Textures/T_d920144432a37cb92322b6a9be03579dadd5d2a4bbe7300c3482bf10ab491005.ubulk" 463
"C:/Program Files (x86)/Steam/steamapps/common/F1 Manager 2024/F1Manager24/Content/Paks/AC_TrackBridge_v0.2/tools/CookWorkspace/Content/TrackBridge/KalinagoScene/Run_2b0d5b5e7e44432db837463ecc98aa91/Textures/T_d920144432a37cb92322b6a9be03579dadd5d2a4bbe7300c3482bf10ab491005.uasset" 464
"C:/Program Files (x86)/Steam/steamapps/common/F1 Manager 2024/F1Manager24/Content/Paks/AC_TrackBridge_v0.2/tools/CookWorkspace/Content/TrackBridge/KalinagoScene/Run_2b0d5b5e7e44432db837463ecc98aa91/Textures/T_d920144432a37cb92322b6a9be03579dadd5d2a4bbe7300c3482bf10ab491005.uexp" 465
"C:/Program Files (x86)/Steam/steamapps/common/F1 Manager 2024/F1Manager24/Content/Paks/AC_TrackBridge_v0.2/tools/CookWorkspace/Content/TrackBridge/KalinagoScene/Run_2b0d5b5e7e44432db837463ecc98aa91/Materials/M_1_00_kalinago_6.uasset" 466
"C:/Program Files (x86)/Steam/steamapps/common/F1 Manager 2024/F1Manager24/Content/Paks/AC_TrackBridge_v0.2/tools/CookWorkspace/Content/TrackBridge/KalinagoScene/Run_2b0d5b5e7e44432db837463ecc98aa91/Materials/M_1_00_kalinago_6.uexp" 467
"C:/Program Files (x86)/Steam/steamapps/common/F1 Manager 2024/F1Manager24/Content/Paks/AC_TrackBridge_v0.2/tools/CookWorkspace/Content/TrackBridge/KalinagoScene/Run_2b0d5b5e7e44432db837463ecc98aa91/Textures/T_7d84c72fb878a48d36de3e80717e200808c1a7c1edf100caa081a04f22c60416.ubulk" 468
"C:/Program Files (x86)/Steam/steamapps/common/F1 Manager 2024/F1Manager24/Content/Paks/AC_TrackBridge_v0.2/tools/CookWorkspace/Content/TrackBridge/KalinagoScene/Run_2b0d5b5e7e44432db837463ecc98aa91/Textures/T_7d84c72fb878a48d36de3e80717e200808c1a7c1edf100caa081a04f22c60416.uasset" 469
"C:/Program Files (x86)/Steam/steamapps/common/F1 Manager 2024/F1Manager24/Content/Paks/AC_TrackBridge_v0.2/tools/CookWorkspace/Content/TrackBridge/KalinagoScene/Run_2b0d5b5e7e44432db837463ecc98aa91/Textures/T_7d84c72fb878a48d36de3e80717e200808c1a7c1edf100caa081a04f22c60416.uexp" 470
"C:/Program Files (x86)/Steam/steamapps/common/F1 Manager 2024/F1Manager24/Content/Paks/AC_TrackBridge_v0.2/tools/CookWorkspace/Content/TrackBridge/KalinagoScene/Run_2b0d5b5e7e44432db837463ecc98aa91/Materials/M_1_00_kalinago_7.uasset" 471
"C:/Program Files (x86)/Steam/steamapps/common/F1 Manager 2024/F1Manager24/Content/Paks/AC_TrackBridge_v0.2/tools/CookWorkspace/Content/TrackBridge/KalinagoScene/Run_2b0d5b5e7e44432db837463ecc98aa91/Materials/M_1_00_kalinago_7.uexp" 472
"C:/Program Files (x86)/Steam/steamapps/common/F1 Manager 2024/F1Manager24/Content/Paks/AC_TrackBridge_v0.2/tools/CookWorkspace/Content/TrackBridge/KalinagoScene/Run_2b0d5b5e7e44432db837463ecc98aa91/Materials/M_1_00_kalinago_8.uasset" 473
"C:/Program Files (x86)/Steam/steamapps/common/F1 Manager 2024/F1Manager24/Content/Paks/AC_TrackBridge_v0.2/tools/CookWorkspace/Content/TrackBridge/KalinagoScene/Run_2b0d5b5e7e44432db837463ecc98aa91/Materials/M_1_00_kalinago_8.uexp" 474
"C:/Program Files (x86)/Steam/steamapps/common/F1 Manager 2024/F1Manager24/Content/Paks/AC_TrackBridge_v0.2/tools/CookWorkspace/Content/TrackBridge/KalinagoScene/Run_2b0d5b5e7e44432db837463ecc98aa91/Textures/T_d036f9c57abda8c08af27ad388824bdef975ea46ab20c67233e824766bc03df3.ubulk" 475
"C:/Program Files (x86)/Steam/steamapps/common/F1 Manager 2024/F1Manager24/Content/Paks/AC_TrackBridge_v0.2/tools/CookWorkspace/Content/TrackBridge/KalinagoScene/Run_2b0d5b5e7e44432db837463ecc98aa91/Textures/T_d036f9c57abda8c08af27ad388824bdef975ea46ab20c67233e824766bc03df3.uasset" 476
"C:/Program Files (x86)/Steam/steamapps/common/F1 Manager 2024/F1Manager24/Content/Paks/AC_TrackBridge_v0.2/tools/CookWorkspace/Content/TrackBridge/KalinagoScene/Run_2b0d5b5e7e44432db837463ecc98aa91/Textures/T_d036f9c57abda8c08af27ad388824bdef975ea46ab20c67233e824766bc03df3.uexp" 477
"C:/Program Files (x86)/Steam/steamapps/common/F1 Manager 2024/F1Manager24/Content/Paks/AC_TrackBridge_v0.2/tools/CookWorkspace/Content/TrackBridge/KalinagoScene/Run_2b0d5b5e7e44432db837463ecc98aa91/Materials/M_1_00_kalinago_10.uasset" 478
"C:/Program Files (x86)/Steam/steamapps/common/F1 Manager 2024/F1Manager24/Content/Paks/AC_TrackBridge_v0.2/tools/CookWorkspace/Content/TrackBridge/KalinagoScene/Run_2b0d5b5e7e44432db837463ecc98aa91/Materials/M_1_00_kalinago_10.uexp" 479
"C:/Program Files (x86)/Steam/steamapps/common/F1 Manager 2024/F1Manager24/Content/Paks/AC_TrackBridge_v0.2/tools/CookWorkspace/Content/TrackBridge/KalinagoScene/Run_2b0d5b5e7e44432db837463ecc98aa91/Materials/M_1_00_kalinago_11.uasset" 480
"C:/Program Files (x86)/Steam/steamapps/common/F1 Manager 2024/F1Manager24/Content/Paks/AC_TrackBridge_v0.2/tools/CookWorkspace/Content/TrackBridge/KalinagoScene/Run_2b0d5b5e7e44432db837463ecc98aa91/Materials/M_1_00_kalinago_11.uexp" 481
"C:/Program Files (x86)/Steam/steamapps/common/F1 Manager 2024/F1Manager24/Content/Paks/AC_TrackBridge_v0.2/tools/CookWorkspace/Content/TrackBridge/KalinagoScene/Run_2b0d5b5e7e44432db837463ecc98aa91/Textures/T_d841256e6ce9f851e904f8938e3fcd5e49baa5173481d2c7fab182ffae43b0e4.ubulk" 482
"C:/Program Files (x86)/Steam/steamapps/common/F1 Manager 2024/F1Manager24/Content/Paks/AC_TrackBridge_v0.2/tools/CookWorkspace/Content/TrackBridge/KalinagoScene/Run_2b0d5b5e7e44432db837463ecc98aa91/Textures/T_d841256e6ce9f851e904f8938e3fcd5e49baa5173481d2c7fab182ffae43b0e4.uasset" 483
"C:/Program Files (x86)/Steam/steamapps/common/F1 Manager 2024/F1Manager24/Content/Paks/AC_TrackBridge_v0.2/tools/CookWorkspace/Content/TrackBridge/KalinagoScene/Run_2b0d5b5e7e44432db837463ecc98aa91/Textures/T_d841256e6ce9f851e904f8938e3fcd5e49baa5173481d2c7fab182ffae43b0e4.uexp" 484
"C:/Program Files (x86)/Steam/steamapps/common/F1 Manager 2024/F1Manager24/Content/Paks/AC_TrackBridge_v0.2/tools/CookWorkspace/Content/TrackBridge/KalinagoScene/Run_2b0d5b5e7e44432db837463ecc98aa91/Materials/M_1_00_kalinago_12.uasset" 485
"C:/Program Files (x86)/Steam/steamapps/common/F1 Manager 2024/F1Manager24/Content/Paks/AC_TrackBridge_v0.2/tools/CookWorkspace/Content/TrackBridge/KalinagoScene/Run_2b0d5b5e7e44432db837463ecc98aa91/Materials/M_1_00_kalinago_12.uexp" 486
"C:/Program Files (x86)/Steam/steamapps/common/F1 Manager 2024/F1Manager24/Content/Paks/AC_TrackBridge_v0.2/tools/CookWorkspace/Content/TrackBridge/KalinagoScene/Run_2b0d5b5e7e44432db837463ecc98aa91/Textures/T_17e8b98a860c87dd5a7504206d02e5d8fbfd61c1b99d1b263ada4071226bb644.ubulk" 487
"C:/Program Files (x86)/Steam/steamapps/common/F1 Manager 2024/F1Manager24/Content/Paks/AC_TrackBridge_v0.2/tools/CookWorkspace/Content/TrackBridge/KalinagoScene/Run_2b0d5b5e7e44432db837463ecc98aa91/Textures/T_17e8b98a860c87dd5a7504206d02e5d8fbfd61c1b99d1b263ada4071226bb644.uasset" 488
"C:/Program Files (x86)/Steam/steamapps/common/F1 Manager 2024/F1Manager24/Content/Paks/AC_TrackBridge_v0.2/tools/CookWorkspace/Content/TrackBridge/KalinagoScene/Run_2b0d5b5e7e44432db837463ecc98aa91/Textures/T_17e8b98a860c87dd5a7504206d02e5d8fbfd61c1b99d1b263ada4071226bb644.uexp" 489
"C:/Program Files (x86)/Steam/steamapps/common/F1 Manager 2024/F1Manager24/Content/Paks/AC_TrackBridge_v0.2/tools/CookWorkspace/Content/TrackBridge/KalinagoScene/Run_2b0d5b5e7e44432db837463ecc98aa91/Materials/M_1_00_kalinago_13.uasset" 490
"C:/Program Files (x86)/Steam/steamapps/common/F1 Manager 2024/F1Manager24/Content/Paks/AC_TrackBridge_v0.2/tools/CookWorkspace/Content/TrackBridge/KalinagoScene/Run_2b0d5b5e7e44432db837463ecc98aa91/Materials/M_1_00_kalinago_13.uexp" 491
"C:/Program Files (x86)/Steam/steamapps/common/F1 Manager 2024/F1Manager24/Content/Paks/AC_TrackBridge_v0.2/tools/CookWorkspace/Content/TrackBridge/KalinagoScene/Run_2b0d5b5e7e44432db837463ecc98aa91/Materials/M_1_00_kalinago_14.uasset" 492
"C:/Program Files (x86)/Steam/steamapps/common/F1 Manager 2024/F1Manager24/Content/Paks/AC_TrackBridge_v0.2/tools/CookWorkspace/Content/TrackBridge/KalinagoScene/Run_2b0d5b5e7e44432db837463ecc98aa91/Materials/M_1_00_kalinago_14.uexp" 493
"C:/Program Files (x86)/Steam/steamapps/common/F1 Manager 2024/F1Manager24/Content/Paks/AC_TrackBridge_v0.2/tools/CookWorkspace/Content/TrackBridge/KalinagoScene/Run_2b0d5b5e7e44432db837463ecc98aa91/Textures/T_1d951e04b01070579ecf3fdde131336437ed98e8435b6fd554f2a52dc10bff49.ubulk" 494
"C:/Program Files (x86)/Steam/steamapps/common/F1 Manager 2024/F1Manager24/Content/Paks/AC_TrackBridge_v0.2/tools/CookWorkspace/Content/TrackBridge/KalinagoScene/Run_2b0d5b5e7e44432db837463ecc98aa91/Textures/T_1d951e04b01070579ecf3fdde131336437ed98e8435b6fd554f2a52dc10bff49.uasset" 495
"C:/Program Files (x86)/Steam/steamapps/common/F1 Manager 2024/F1Manager24/Content/Paks/AC_TrackBridge_v0.2/tools/CookWorkspace/Content/TrackBridge/KalinagoScene/Run_2b0d5b5e7e44432db837463ecc98aa91/Textures/T_1d951e04b01070579ecf3fdde131336437ed98e8435b6fd554f2a52dc10bff49.uexp" 496
"C:/Program Files (x86)/Steam/steamapps/common/F1 Manager 2024/F1Manager24/Content/Paks/AC_TrackBridge_v0.2/tools/CookWorkspace/Content/TrackBridge/KalinagoScene/Run_2b0d5b5e7e44432db837463ecc98aa91/Materials/M_1_00_kalinago_15.uasset" 497
"C:/Program Files (x86)/Steam/steamapps/common/F1 Manager 2024/F1Manager24/Content/Paks/AC_TrackBridge_v0.2/tools/CookWorkspace/Content/TrackBridge/KalinagoScene/Run_2b0d5b5e7e44432db837463ecc98aa91/Materials/M_1_00_kalinago_15.uexp" 498
"C:/Program Files (x86)/Steam/steamapps/common/F1 Manager 2024/F1Manager24/Content/Paks/AC_TrackBridge_v0.2/tools/CookWorkspace/Content/TrackBridge/KalinagoScene/Run_2b0d5b5e7e44432db837463ecc98aa91/Textures/T_f5336fb0ff09e1347bae4960503fc9df045ccab93e57f8f37282340d5b7e504f.ubulk" 499
"C:/Program Files (x86)/Steam/steamapps/common/F1 Manager 2024/F1Manager24/Content/Paks/AC_TrackBridge_v0.2/tools/CookWorkspace/Content/TrackBridge/KalinagoScene/Run_2b0d5b5e7e44432db837463ecc98aa91/Textures/T_f5336fb0ff09e1347bae4960503fc9df045ccab93e57f8f37282340d5b7e504f.uasset" 500
"C:/Program Files (x86)/Steam/steamapps/common/F1 Manager 2024/F1Manager24/Content/Paks/AC_TrackBridge_v0.2/tools/CookWorkspace/Content/TrackBridge/KalinagoScene/Run_2b0d5b5e7e44432db837463ecc98aa91/Textures/T_f5336fb0ff09e1347bae4960503fc9df045ccab93e57f8f37282340d5b7e504f.uexp" 501
"C:/Program Files (x86)/Steam/steamapps/common/F1 Manager 2024/F1Manager24/Content/Paks/AC_TrackBridge_v0.2/tools/CookWorkspace/Content/TrackBridge/KalinagoScene/Run_2b0d5b5e7e44432db837463ecc98aa91/Materials/M_1_00_kalinago_16.uasset" 502
"C:/Program Files (x86)/Steam/steamapps/common/F1 Manager 2024/F1Manager24/Content/Paks/AC_TrackBridge_v0.2/tools/CookWorkspace/Content/TrackBridge/KalinagoScene/Run_2b0d5b5e7e44432db837463ecc98aa91/Materials/M_1_00_kalinago_16.uexp" 503
"C:/Program Files (x86)/Steam/steamapps/common/F1 Manager 2024/F1Manager24/Content/Paks/AC_TrackBridge_v0.2/tools/CookWorkspace/Content/TrackBridge/KalinagoScene/Run_2b0d5b5e7e44432db837463ecc98aa91/Textures/T_d4d6905add58258e1315c9a06b187697994c2f4d2283580fc412d9c8ebf1a3cf.uexp" 504
"C:/Program Files (x86)/Steam/steamapps/common/F1 Manager 2024/F1Manager24/Content/Paks/AC_TrackBridge_v0.2/tools/CookWorkspace/Content/TrackBridge/KalinagoScene/Run_2b0d5b5e7e44432db837463ecc98aa91/Textures/T_d4d6905add58258e1315c9a06b187697994c2f4d2283580fc412d9c8ebf1a3cf.ubulk" 505
"C:/Program Files (x86)/Steam/steamapps/common/F1 Manager 2024/F1Manager24/Content/Paks/AC_TrackBridge_v0.2/tools/CookWorkspace/Content/TrackBridge/KalinagoScene/Run_2b0d5b5e7e44432db837463ecc98aa91/Textures/T_d4d6905add58258e1315c9a06b187697994c2f4d2283580fc412d9c8ebf1a3cf.uasset" 506
"C:/Program Files (x86)/Steam/steamapps/common/F1 Manager 2024/F1Manager24/Content/Paks/AC_TrackBridge_v0.2/tools/CookWorkspace/Content/TrackBridge/KalinagoScene/Run_2b0d5b5e7e44432db837463ecc98aa91/Textures/T_d4d6905add58258e1315c9a06b187697994c2f4d2283580fc412d9c8ebf1a3cf.uptnl" 507
"C:/Program Files (x86)/Steam/steamapps/common/F1 Manager 2024/F1Manager24/Content/Paks/AC_TrackBridge_v0.2/tools/CookWorkspace/Content/TrackBridge/KalinagoScene/Run_2b0d5b5e7e44432db837463ecc98aa91/Materials/M_1_00_kalinago_17.uasset" 508
"C:/Program Files (x86)/Steam/steamapps/common/F1 Manager 2024/F1Manager24/Content/Paks/AC_TrackBridge_v0.2/tools/CookWorkspace/Content/TrackBridge/KalinagoScene/Run_2b0d5b5e7e44432db837463ecc98aa91/Materials/M_1_00_kalinago_17.uexp" 509
"C:/Program Files (x86)/Steam/steamapps/common/F1 Manager 2024/F1Manager24/Content/Paks/AC_TrackBridge_v0.2/tools/CookWorkspace/Content/TrackBridge/KalinagoScene/Run_2b0d5b5e7e44432db837463ecc98aa91/Textures/T_ec348e31a43217081904311e08e333b30817f68eabeb46bc020d84f8f6b35b8a.ubulk" 510
"C:/Program Files (x86)/Steam/steamapps/common/F1 Manager 2024/F1Manager24/Content/Paks/AC_TrackBridge_v0.2/tools/CookWorkspace/Content/TrackBridge/KalinagoScene/Run_2b0d5b5e7e44432db837463ecc98aa91/Textures/T_ec348e31a43217081904311e08e333b30817f68eabeb46bc020d84f8f6b35b8a.uasset" 511
"C:/Program Files (x86)/Steam/steamapps/common/F1 Manager 2024/F1Manager24/Content/Paks/AC_TrackBridge_v0.2/tools/CookWorkspace/Content/TrackBridge/KalinagoScene/Run_2b0d5b5e7e44432db837463ecc98aa91/Textures/T_ec348e31a43217081904311e08e333b30817f68eabeb46bc020d84f8f6b35b8a.uexp" 512
"C:/Program Files (x86)/Steam/steamapps/common/F1 Manager 2024/F1Manager24/Content/Paks/AC_TrackBridge_v0.2/tools/CookWorkspace/Content/TrackBridge/KalinagoScene/Run_2b0d5b5e7e44432db837463ecc98aa91/Materials/M_1_00_kalinago_18.uasset" 513
"C:/Program Files (x86)/Steam/steamapps/common/F1 Manager 2024/F1Manager24/Content/Paks/AC_TrackBridge_v0.2/tools/CookWorkspace/Content/TrackBridge/KalinagoScene/Run_2b0d5b5e7e44432db837463ecc98aa91/Materials/M_1_00_kalinago_18.uexp" 514
"C:/Program Files (x86)/Steam/steamapps/common/F1 Manager 2024/F1Manager24/Content/Paks/AC_TrackBridge_v0.2/tools/CookWorkspace/Content/TrackBridge/KalinagoScene/Run_2b0d5b5e7e44432db837463ecc98aa91/Materials/M_1_00_kalinago_19.uasset" 515
"C:/Program Files (x86)/Steam/steamapps/common/F1 Manager 2024/F1Manager24/Content/Paks/AC_TrackBridge_v0.2/tools/CookWorkspace/Content/TrackBridge/KalinagoScene/Run_2b0d5b5e7e44432db837463ecc98aa91/Materials/M_1_00_kalinago_19.uexp" 516
"C:/Program Files (x86)/Steam/steamapps/common/F1 Manager 2024/F1Manager24/Content/Paks/AC_TrackBridge_v0.2/tools/CookWorkspace/Content/TrackBridge/KalinagoScene/Run_2b0d5b5e7e44432db837463ecc98aa91/Materials/M_1_00_kalinago_20.uasset" 517
"C:/Program Files (x86)/Steam/steamapps/common/F1 Manager 2024/F1Manager24/Content/Paks/AC_TrackBridge_v0.2/tools/CookWorkspace/Content/TrackBridge/KalinagoScene/Run_2b0d5b5e7e44432db837463ecc98aa91/Materials/M_1_00_kalinago_20.uexp" 518
"C:/Program Files (x86)/Steam/steamapps/common/F1 Manager 2024/F1Manager24/Content/Paks/AC_TrackBridge_v0.2/tools/CookWorkspace/Content/TrackBridge/KalinagoScene/Run_2b0d5b5e7e44432db837463ecc98aa91/Materials/M_1_00_kalinago_21.uasset" 519
"C:/Program Files (x86)/Steam/steamapps/common/F1 Manager 2024/F1Manager24/Content/Paks/AC_TrackBridge_v0.2/tools/CookWorkspace/Content/TrackBridge/KalinagoScene/Run_2b0d5b5e7e44432db837463ecc98aa91/Materials/M_1_00_kalinago_21.uexp" 520
"C:/Program Files (x86)/Steam/steamapps/common/F1 Manager 2024/F1Manager24/Content/Paks/AC_TrackBridge_v0.2/tools/CookWorkspace/Content/TrackBridge/KalinagoScene/Run_2b0d5b5e7e44432db837463ecc98aa91/Textures/T_9a8fe251e4e2f5170bbea04bab79278b086d51f38ab8070474d43d8da26b4e3f.ubulk" 521
"C:/Program Files (x86)/Steam/steamapps/common/F1 Manager 2024/F1Manager24/Content/Paks/AC_TrackBridge_v0.2/tools/CookWorkspace/Content/TrackBridge/KalinagoScene/Run_2b0d5b5e7e44432db837463ecc98aa91/Textures/T_9a8fe251e4e2f5170bbea04bab79278b086d51f38ab8070474d43d8da26b4e3f.uasset" 522
"C:/Program Files (x86)/Steam/steamapps/common/F1 Manager 2024/F1Manager24/Content/Paks/AC_TrackBridge_v0.2/tools/CookWorkspace/Content/TrackBridge/KalinagoScene/Run_2b0d5b5e7e44432db837463ecc98aa91/Textures/T_9a8fe251e4e2f5170bbea04bab79278b086d51f38ab8070474d43d8da26b4e3f.uexp" 523
"C:/Program Files (x86)/Steam/steamapps/common/F1 Manager 2024/F1Manager24/Content/Paks/AC_TrackBridge_v0.2/tools/CookWorkspace/Content/TrackBridge/KalinagoScene/Run_2b0d5b5e7e44432db837463ecc98aa91/Materials/M_1_00_kalinago_23.uasset" 524
"C:/Program Files (x86)/Steam/steamapps/common/F1 Manager 2024/F1Manager24/Content/Paks/AC_TrackBridge_v0.2/tools/CookWorkspace/Content/TrackBridge/KalinagoScene/Run_2b0d5b5e7e44432db837463ecc98aa91/Materials/M_1_00_kalinago_23.uexp" 525
"C:/Program Files (x86)/Steam/steamapps/common/F1 Manager 2024/F1Manager24/Content/Paks/AC_TrackBridge_v0.2/tools/CookWorkspace/Content/TrackBridge/KalinagoScene/Run_2b0d5b5e7e44432db837463ecc98aa91/Textures/T_521b09bfd032973591113dc212312c1a7380b86bf96459d61676e24e4ea5ff93.uasset" 526
"C:/Program Files (x86)/Steam/steamapps/common/F1 Manager 2024/F1Manager24/Content/Paks/AC_TrackBridge_v0.2/tools/CookWorkspace/Content/TrackBridge/KalinagoScene/Run_2b0d5b5e7e44432db837463ecc98aa91/Textures/T_521b09bfd032973591113dc212312c1a7380b86bf96459d61676e24e4ea5ff93.uexp" 527
"C:/Program Files (x86)/Steam/steamapps/common/F1 Manager 2024/F1Manager24/Content/Paks/AC_TrackBridge_v0.2/tools/CookWorkspace/Content/TrackBridge/KalinagoScene/Run_2b0d5b5e7e44432db837463ecc98aa91/Materials/M_1_00_kalinago_24.uasset" 528
"C:/Program Files (x86)/Steam/steamapps/common/F1 Manager 2024/F1Manager24/Content/Paks/AC_TrackBridge_v0.2/tools/CookWorkspace/Content/TrackBridge/KalinagoScene/Run_2b0d5b5e7e44432db837463ecc98aa91/Materials/M_1_00_kalinago_24.uexp" 529
"C:/Program Files (x86)/Steam/steamapps/common/F1 Manager 2024/F1Manager24/Content/Paks/AC_TrackBridge_v0.2/tools/CookWorkspace/Content/TrackBridge/KalinagoScene/Run_2b0d5b5e7e44432db837463ecc98aa91/Textures/T_b8be2b2c9d8985680e6f98bee596dfddf171bda171f629a06b55a62422505ccc.ubulk" 530
"C:/Program Files (x86)/Steam/steamapps/common/F1 Manager 2024/F1Manager24/Content/Paks/AC_TrackBridge_v0.2/tools/CookWorkspace/Content/TrackBridge/KalinagoScene/Run_2b0d5b5e7e44432db837463ecc98aa91/Textures/T_b8be2b2c9d8985680e6f98bee596dfddf171bda171f629a06b55a62422505ccc.uasset" 531
"C:/Program Files (x86)/Steam/steamapps/common/F1 Manager 2024/F1Manager24/Content/Paks/AC_TrackBridge_v0.2/tools/CookWorkspace/Content/TrackBridge/KalinagoScene/Run_2b0d5b5e7e44432db837463ecc98aa91/Textures/T_b8be2b2c9d8985680e6f98bee596dfddf171bda171f629a06b55a62422505ccc.uexp" 532
"C:/Program Files (x86)/Steam/steamapps/common/F1 Manager 2024/F1Manager24/Content/Paks/AC_TrackBridge_v0.2/tools/CookWorkspace/Content/TrackBridge/KalinagoScene/Run_2b0d5b5e7e44432db837463ecc98aa91/Materials/M_1_00_kalinago_25.uasset" 533
"C:/Program Files (x86)/Steam/steamapps/common/F1 Manager 2024/F1Manager24/Content/Paks/AC_TrackBridge_v0.2/tools/CookWorkspace/Content/TrackBridge/KalinagoScene/Run_2b0d5b5e7e44432db837463ecc98aa91/Materials/M_1_00_kalinago_25.uexp" 534
"C:/Program Files (x86)/Steam/steamapps/common/F1 Manager 2024/F1Manager24/Content/Paks/AC_TrackBridge_v0.2/tools/CookWorkspace/Content/TrackBridge/KalinagoScene/Run_2b0d5b5e7e44432db837463ecc98aa91/Textures/T_537da1f630168004a0c8e3d1e849e659a39c8997ec333b1e921bd69d4c4349e8.uasset" 535
"C:/Program Files (x86)/Steam/steamapps/common/F1 Manager 2024/F1Manager24/Content/Paks/AC_TrackBridge_v0.2/tools/CookWorkspace/Content/TrackBridge/KalinagoScene/Run_2b0d5b5e7e44432db837463ecc98aa91/Textures/T_537da1f630168004a0c8e3d1e849e659a39c8997ec333b1e921bd69d4c4349e8.uexp" 536
"C:/Program Files (x86)/Steam/steamapps/common/F1 Manager 2024/F1Manager24/Content/Paks/AC_TrackBridge_v0.2/tools/CookWorkspace/Content/TrackBridge/KalinagoScene/Run_2b0d5b5e7e44432db837463ecc98aa91/Materials/M_1_00_kalinago_27.uasset" 537
"C:/Program Files (x86)/Steam/steamapps/common/F1 Manager 2024/F1Manager24/Content/Paks/AC_TrackBridge_v0.2/tools/CookWorkspace/Content/TrackBridge/KalinagoScene/Run_2b0d5b5e7e44432db837463ecc98aa91/Materials/M_1_00_kalinago_27.uexp" 538
"C:/Program Files (x86)/Steam/steamapps/common/F1 Manager 2024/F1Manager24/Content/Paks/AC_TrackBridge_v0.2/tools/CookWorkspace/Content/TrackBridge/KalinagoScene/Run_2b0d5b5e7e44432db837463ecc98aa91/Textures/T_cf80d04a51c4a78c1af946ba28a90abfa3f33f8749d327352efb933e3a3facde.ubulk" 539
"C:/Program Files (x86)/Steam/steamapps/common/F1 Manager 2024/F1Manager24/Content/Paks/AC_TrackBridge_v0.2/tools/CookWorkspace/Content/TrackBridge/KalinagoScene/Run_2b0d5b5e7e44432db837463ecc98aa91/Textures/T_cf80d04a51c4a78c1af946ba28a90abfa3f33f8749d327352efb933e3a3facde.uasset" 540
"C:/Program Files (x86)/Steam/steamapps/common/F1 Manager 2024/F1Manager24/Content/Paks/AC_TrackBridge_v0.2/tools/CookWorkspace/Content/TrackBridge/KalinagoScene/Run_2b0d5b5e7e44432db837463ecc98aa91/Textures/T_cf80d04a51c4a78c1af946ba28a90abfa3f33f8749d327352efb933e3a3facde.uexp" 541
"C:/Program Files (x86)/Steam/steamapps/common/F1 Manager 2024/F1Manager24/Content/Paks/AC_TrackBridge_v0.2/tools/CookWorkspace/Content/TrackBridge/KalinagoScene/Run_2b0d5b5e7e44432db837463ecc98aa91/Materials/M_1_00_kalinago_28.uasset" 542
"C:/Program Files (x86)/Steam/steamapps/common/F1 Manager 2024/F1Manager24/Content/Paks/AC_TrackBridge_v0.2/tools/CookWorkspace/Content/TrackBridge/KalinagoScene/Run_2b0d5b5e7e44432db837463ecc98aa91/Materials/M_1_00_kalinago_28.uexp" 543
"C:/Program Files (x86)/Steam/steamapps/common/F1 Manager 2024/F1Manager24/Content/Paks/AC_TrackBridge_v0.2/tools/CookWorkspace/Content/TrackBridge/KalinagoScene/Run_2b0d5b5e7e44432db837463ecc98aa91/Materials/M_1_00_kalinago_29.uasset" 544
"C:/Program Files (x86)/Steam/steamapps/common/F1 Manager 2024/F1Manager24/Content/Paks/AC_TrackBridge_v0.2/tools/CookWorkspace/Content/TrackBridge/KalinagoScene/Run_2b0d5b5e7e44432db837463ecc98aa91/Materials/M_1_00_kalinago_29.uexp" 545
"C:/Program Files (x86)/Steam/steamapps/common/F1 Manager 2024/F1Manager24/Content/Paks/AC_TrackBridge_v0.2/tools/CookWorkspace/Content/TrackBridge/KalinagoScene/Run_2b0d5b5e7e44432db837463ecc98aa91/Materials/M_1_00_kalinago_30.uasset" 546
"C:/Program Files (x86)/Steam/steamapps/common/F1 Manager 2024/F1Manager24/Content/Paks/AC_TrackBridge_v0.2/tools/CookWorkspace/Content/TrackBridge/KalinagoScene/Run_2b0d5b5e7e44432db837463ecc98aa91/Materials/M_1_00_kalinago_30.uexp" 547
"C:/Program Files (x86)/Steam/steamapps/common/F1 Manager 2024/F1Manager24/Content/Paks/AC_TrackBridge_v0.2/tools/CookWorkspace/Content/TrackBridge/KalinagoScene/Run_2b0d5b5e7e44432db837463ecc98aa91/Materials/M_1_00_kalinago_31.uasset" 548
"C:/Program Files (x86)/Steam/steamapps/common/F1 Manager 2024/F1Manager24/Content/Paks/AC_TrackBridge_v0.2/tools/CookWorkspace/Content/TrackBridge/KalinagoScene/Run_2b0d5b5e7e44432db837463ecc98aa91/Materials/M_1_00_kalinago_31.uexp" 549
"C:/Program Files (x86)/Steam/steamapps/common/F1 Manager 2024/F1Manager24/Content/Paks/AC_TrackBridge_v0.2/tools/CookWorkspace/Content/TrackBridge/KalinagoScene/Run_2b0d5b5e7e44432db837463ecc98aa91/Textures/T_feec423375d5d8f7c9887af5aeb38b6ff87d422b192698013a4164e1a956b4d6.ubulk" 550
"C:/Program Files (x86)/Steam/steamapps/common/F1 Manager 2024/F1Manager24/Content/Paks/AC_TrackBridge_v0.2/tools/CookWorkspace/Content/TrackBridge/KalinagoScene/Run_2b0d5b5e7e44432db837463ecc98aa91/Textures/T_feec423375d5d8f7c9887af5aeb38b6ff87d422b192698013a4164e1a956b4d6.uasset" 551
"C:/Program Files (x86)/Steam/steamapps/common/F1 Manager 2024/F1Manager24/Content/Paks/AC_TrackBridge_v0.2/tools/CookWorkspace/Content/TrackBridge/KalinagoScene/Run_2b0d5b5e7e44432db837463ecc98aa91/Textures/T_feec423375d5d8f7c9887af5aeb38b6ff87d422b192698013a4164e1a956b4d6.uexp" 552
"C:/Program Files (x86)/Steam/steamapps/common/F1 Manager 2024/F1Manager24/Content/Paks/AC_TrackBridge_v0.2/tools/CookWorkspace/Content/TrackBridge/KalinagoScene/Run_2b0d5b5e7e44432db837463ecc98aa91/Materials/M_1_00_kalinago_32.uasset" 553
"C:/Program Files (x86)/Steam/steamapps/common/F1 Manager 2024/F1Manager24/Content/Paks/AC_TrackBridge_v0.2/tools/CookWorkspace/Content/TrackBridge/KalinagoScene/Run_2b0d5b5e7e44432db837463ecc98aa91/Materials/M_1_00_kalinago_32.uexp" 554
"C:/Program Files (x86)/Steam/steamapps/common/F1 Manager 2024/F1Manager24/Content/Paks/AC_TrackBridge_v0.2/tools/CookWorkspace/Content/TrackBridge/KalinagoScene/Run_2b0d5b5e7e44432db837463ecc98aa91/Materials/M_1_00_kalinago_33.uasset" 555
"C:/Program Files (x86)/Steam/steamapps/common/F1 Manager 2024/F1Manager24/Content/Paks/AC_TrackBridge_v0.2/tools/CookWorkspace/Content/TrackBridge/KalinagoScene/Run_2b0d5b5e7e44432db837463ecc98aa91/Materials/M_1_00_kalinago_33.uexp" 556
"C:/Program Files (x86)/Steam/steamapps/common/F1 Manager 2024/F1Manager24/Content/Paks/AC_TrackBridge_v0.2/tools/CookWorkspace/Content/TrackBridge/KalinagoScene/Run_2b0d5b5e7e44432db837463ecc98aa91/Textures/T_07ae7653653fef09eb495c45594158285f79c8c2482bca98b5beabbace133b00.ubulk" 557
"C:/Program Files (x86)/Steam/steamapps/common/F1 Manager 2024/F1Manager24/Content/Paks/AC_TrackBridge_v0.2/tools/CookWorkspace/Content/TrackBridge/KalinagoScene/Run_2b0d5b5e7e44432db837463ecc98aa91/Textures/T_07ae7653653fef09eb495c45594158285f79c8c2482bca98b5beabbace133b00.uasset" 558
"C:/Program Files (x86)/Steam/steamapps/common/F1 Manager 2024/F1Manager24/Content/Paks/AC_TrackBridge_v0.2/tools/CookWorkspace/Content/TrackBridge/KalinagoScene/Run_2b0d5b5e7e44432db837463ecc98aa91/Textures/T_07ae7653653fef09eb495c45594158285f79c8c2482bca98b5beabbace133b00.uexp" 559
"C:/Program Files (x86)/Steam/steamapps/common/F1 Manager 2024/F1Manager24/Content/Paks/AC_TrackBridge_v0.2/tools/CookWorkspace/Content/TrackBridge/KalinagoScene/Run_2b0d5b5e7e44432db837463ecc98aa91/Materials/M_1_00_kalinago_34.uasset" 560
"C:/Program Files (x86)/Steam/steamapps/common/F1 Manager 2024/F1Manager24/Content/Paks/AC_TrackBridge_v0.2/tools/CookWorkspace/Content/TrackBridge/KalinagoScene/Run_2b0d5b5e7e44432db837463ecc98aa91/Materials/M_1_00_kalinago_34.uexp" 561
"C:/Program Files (x86)/Steam/steamapps/common/F1 Manager 2024/F1Manager24/Content/Paks/AC_TrackBridge_v0.2/tools/CookWorkspace/Content/TrackBridge/KalinagoScene/Run_2b0d5b5e7e44432db837463ecc98aa91/Materials/M_1_00_kalinago_35.uasset" 562
"C:/Program Files (x86)/Steam/steamapps/common/F1 Manager 2024/F1Manager24/Content/Paks/AC_TrackBridge_v0.2/tools/CookWorkspace/Content/TrackBridge/KalinagoScene/Run_2b0d5b5e7e44432db837463ecc98aa91/Materials/M_1_00_kalinago_35.uexp" 563
"C:/Program Files (x86)/Steam/steamapps/common/F1 Manager 2024/F1Manager24/Content/Paks/AC_TrackBridge_v0.2/tools/CookWorkspace/Content/TrackBridge/KalinagoScene/Run_2b0d5b5e7e44432db837463ecc98aa91/Textures/T_4e9528bdef928511591fdbf63584af8ae592f801fe6cf0be7ffe67f41d5fe83f.ubulk" 564
"C:/Program Files (x86)/Steam/steamapps/common/F1 Manager 2024/F1Manager24/Content/Paks/AC_TrackBridge_v0.2/tools/CookWorkspace/Content/TrackBridge/KalinagoScene/Run_2b0d5b5e7e44432db837463ecc98aa91/Textures/T_4e9528bdef928511591fdbf63584af8ae592f801fe6cf0be7ffe67f41d5fe83f.uasset" 565
"C:/Program Files (x86)/Steam/steamapps/common/F1 Manager 2024/F1Manager24/Content/Paks/AC_TrackBridge_v0.2/tools/CookWorkspace/Content/TrackBridge/KalinagoScene/Run_2b0d5b5e7e44432db837463ecc98aa91/Textures/T_4e9528bdef928511591fdbf63584af8ae592f801fe6cf0be7ffe67f41d5fe83f.uexp" 566
"C:/Program Files (x86)/Steam/steamapps/common/F1 Manager 2024/F1Manager24/Content/Paks/AC_TrackBridge_v0.2/tools/CookWorkspace/Content/TrackBridge/KalinagoScene/Run_2b0d5b5e7e44432db837463ecc98aa91/Materials/M_1_00_kalinago_36.uasset" 567
"C:/Program Files (x86)/Steam/steamapps/common/F1 Manager 2024/F1Manager24/Content/Paks/AC_TrackBridge_v0.2/tools/CookWorkspace/Content/TrackBridge/KalinagoScene/Run_2b0d5b5e7e44432db837463ecc98aa91/Materials/M_1_00_kalinago_36.uexp" 568
"C:/Program Files (x86)/Steam/steamapps/common/F1 Manager 2024/F1Manager24/Content/Paks/AC_TrackBridge_v0.2/tools/CookWorkspace/Content/TrackBridge/KalinagoScene/Run_2b0d5b5e7e44432db837463ecc98aa91/Textures/T_075e4936f86fa0a5fdaac61517eb0202c5697c8408290f10e9dcf0bc3e417044.ubulk" 569
"C:/Program Files (x86)/Steam/steamapps/common/F1 Manager 2024/F1Manager24/Content/Paks/AC_TrackBridge_v0.2/tools/CookWorkspace/Content/TrackBridge/KalinagoScene/Run_2b0d5b5e7e44432db837463ecc98aa91/Textures/T_075e4936f86fa0a5fdaac61517eb0202c5697c8408290f10e9dcf0bc3e417044.uasset" 570
"C:/Program Files (x86)/Steam/steamapps/common/F1 Manager 2024/F1Manager24/Content/Paks/AC_TrackBridge_v0.2/tools/CookWorkspace/Content/TrackBridge/KalinagoScene/Run_2b0d5b5e7e44432db837463ecc98aa91/Textures/T_075e4936f86fa0a5fdaac61517eb0202c5697c8408290f10e9dcf0bc3e417044.uexp" 571
"C:/Program Files (x86)/Steam/steamapps/common/F1 Manager 2024/F1Manager24/Content/Paks/AC_TrackBridge_v0.2/tools/CookWorkspace/Content/TrackBridge/KalinagoScene/Run_2b0d5b5e7e44432db837463ecc98aa91/Materials/M_1_00_kalinago_37.uasset" 572
"C:/Program Files (x86)/Steam/steamapps/common/F1 Manager 2024/F1Manager24/Content/Paks/AC_TrackBridge_v0.2/tools/CookWorkspace/Content/TrackBridge/KalinagoScene/Run_2b0d5b5e7e44432db837463ecc98aa91/Materials/M_1_00_kalinago_37.uexp" 573
"C:/Program Files (x86)/Steam/steamapps/common/F1 Manager 2024/F1Manager24/Content/Paks/AC_TrackBridge_v0.2/tools/CookWorkspace/Content/TrackBridge/KalinagoScene/Run_2b0d5b5e7e44432db837463ecc98aa91/Textures/T_389b8e81d558b5d3e69172c9d5e1ec46c9adfc88bc1b0a5e60b5a54526a3425d.ubulk" 574
"C:/Program Files (x86)/Steam/steamapps/common/F1 Manager 2024/F1Manager24/Content/Paks/AC_TrackBridge_v0.2/tools/CookWorkspace/Content/TrackBridge/KalinagoScene/Run_2b0d5b5e7e44432db837463ecc98aa91/Textures/T_389b8e81d558b5d3e69172c9d5e1ec46c9adfc88bc1b0a5e60b5a54526a3425d.uasset" 575
"C:/Program Files (x86)/Steam/steamapps/common/F1 Manager 2024/F1Manager24/Content/Paks/AC_TrackBridge_v0.2/tools/CookWorkspace/Content/TrackBridge/KalinagoScene/Run_2b0d5b5e7e44432db837463ecc98aa91/Textures/T_389b8e81d558b5d3e69172c9d5e1ec46c9adfc88bc1b0a5e60b5a54526a3425d.uexp" 576
"C:/Program Files (x86)/Steam/steamapps/common/F1 Manager 2024/F1Manager24/Content/Paks/AC_TrackBridge_v0.2/tools/CookWorkspace/Content/TrackBridge/KalinagoScene/Run_2b0d5b5e7e44432db837463ecc98aa91/Materials/M_1_00_kalinago_38.uasset" 577
"C:/Program Files (x86)/Steam/steamapps/common/F1 Manager 2024/F1Manager24/Content/Paks/AC_TrackBridge_v0.2/tools/CookWorkspace/Content/TrackBridge/KalinagoScene/Run_2b0d5b5e7e44432db837463ecc98aa91/Materials/M_1_00_kalinago_38.uexp" 578
"C:/Program Files (x86)/Steam/steamapps/common/F1 Manager 2024/F1Manager24/Content/Paks/AC_TrackBridge_v0.2/tools/CookWorkspace/Content/TrackBridge/KalinagoScene/Run_2b0d5b5e7e44432db837463ecc98aa91/Textures/T_6bfc8f826e0e72cc5b35e521b485a29045bc8322486c00c126cfba8f03aef172.ubulk" 579
"C:/Program Files (x86)/Steam/steamapps/common/F1 Manager 2024/F1Manager24/Content/Paks/AC_TrackBridge_v0.2/tools/CookWorkspace/Content/TrackBridge/KalinagoScene/Run_2b0d5b5e7e44432db837463ecc98aa91/Textures/T_6bfc8f826e0e72cc5b35e521b485a29045bc8322486c00c126cfba8f03aef172.uasset" 580
"C:/Program Files (x86)/Steam/steamapps/common/F1 Manager 2024/F1Manager24/Content/Paks/AC_TrackBridge_v0.2/tools/CookWorkspace/Content/TrackBridge/KalinagoScene/Run_2b0d5b5e7e44432db837463ecc98aa91/Textures/T_6bfc8f826e0e72cc5b35e521b485a29045bc8322486c00c126cfba8f03aef172.uexp" 581
"C:/Program Files (x86)/Steam/steamapps/common/F1 Manager 2024/F1Manager24/Content/Paks/AC_TrackBridge_v0.2/tools/CookWorkspace/Content/TrackBridge/KalinagoScene/Run_2b0d5b5e7e44432db837463ecc98aa91/Materials/M_1_00_kalinago_39.uasset" 582
"C:/Program Files (x86)/Steam/steamapps/common/F1 Manager 2024/F1Manager24/Content/Paks/AC_TrackBridge_v0.2/tools/CookWorkspace/Content/TrackBridge/KalinagoScene/Run_2b0d5b5e7e44432db837463ecc98aa91/Materials/M_1_00_kalinago_39.uexp" 583
"C:/Program Files (x86)/Steam/steamapps/common/F1 Manager 2024/F1Manager24/Content/Paks/AC_TrackBridge_v0.2/tools/CookWorkspace/Content/TrackBridge/KalinagoScene/Run_2b0d5b5e7e44432db837463ecc98aa91/Textures/T_851539f805f04ea9a529d81c576fa61e43c3899e1ac09753f53e4a339ca0beb7.ubulk" 584
"C:/Program Files (x86)/Steam/steamapps/common/F1 Manager 2024/F1Manager24/Content/Paks/AC_TrackBridge_v0.2/tools/CookWorkspace/Content/TrackBridge/KalinagoScene/Run_2b0d5b5e7e44432db837463ecc98aa91/Textures/T_851539f805f04ea9a529d81c576fa61e43c3899e1ac09753f53e4a339ca0beb7.uasset" 585
"C:/Program Files (x86)/Steam/steamapps/common/F1 Manager 2024/F1Manager24/Content/Paks/AC_TrackBridge_v0.2/tools/CookWorkspace/Content/TrackBridge/KalinagoScene/Run_2b0d5b5e7e44432db837463ecc98aa91/Textures/T_851539f805f04ea9a529d81c576fa61e43c3899e1ac09753f53e4a339ca0beb7.uexp" 586
"C:/Program Files (x86)/Steam/steamapps/common/F1 Manager 2024/F1Manager24/Content/Paks/AC_TrackBridge_v0.2/tools/CookWorkspace/Content/TrackBridge/KalinagoScene/Run_2b0d5b5e7e44432db837463ecc98aa91/Materials/M_1_00_kalinago_40.uasset" 587
"C:/Program Files (x86)/Steam/steamapps/common/F1 Manager 2024/F1Manager24/Content/Paks/AC_TrackBridge_v0.2/tools/CookWorkspace/Content/TrackBridge/KalinagoScene/Run_2b0d5b5e7e44432db837463ecc98aa91/Materials/M_1_00_kalinago_40.uexp" 588
"C:/Program Files (x86)/Steam/steamapps/common/F1 Manager 2024/F1Manager24/Content/Paks/AC_TrackBridge_v0.2/tools/CookWorkspace/Content/TrackBridge/KalinagoScene/Run_2b0d5b5e7e44432db837463ecc98aa91/Textures/T_c0cd950093ab5ede3326de64cd43d04c4aa77b98dbe8452ab0f46b0d56dfdab5.ubulk" 589
"C:/Program Files (x86)/Steam/steamapps/common/F1 Manager 2024/F1Manager24/Content/Paks/AC_TrackBridge_v0.2/tools/CookWorkspace/Content/TrackBridge/KalinagoScene/Run_2b0d5b5e7e44432db837463ecc98aa91/Textures/T_c0cd950093ab5ede3326de64cd43d04c4aa77b98dbe8452ab0f46b0d56dfdab5.uasset" 590
"C:/Program Files (x86)/Steam/steamapps/common/F1 Manager 2024/F1Manager24/Content/Paks/AC_TrackBridge_v0.2/tools/CookWorkspace/Content/TrackBridge/KalinagoScene/Run_2b0d5b5e7e44432db837463ecc98aa91/Textures/T_c0cd950093ab5ede3326de64cd43d04c4aa77b98dbe8452ab0f46b0d56dfdab5.uexp" 591
"C:/Program Files (x86)/Steam/steamapps/common/F1 Manager 2024/F1Manager24/Content/Paks/AC_TrackBridge_v0.2/tools/CookWorkspace/Content/TrackBridge/KalinagoScene/Run_2b0d5b5e7e44432db837463ecc98aa91/Materials/M_1_00_kalinago_41.uasset" 592
"C:/Program Files (x86)/Steam/steamapps/common/F1 Manager 2024/F1Manager24/Content/Paks/AC_TrackBridge_v0.2/tools/CookWorkspace/Content/TrackBridge/KalinagoScene/Run_2b0d5b5e7e44432db837463ecc98aa91/Materials/M_1_00_kalinago_41.uexp" 593
"C:/Program Files (x86)/Steam/steamapps/common/F1 Manager 2024/F1Manager24/Content/Paks/AC_TrackBridge_v0.2/tools/CookWorkspace/Content/TrackBridge/KalinagoScene/Run_2b0d5b5e7e44432db837463ecc98aa91/Textures/T_46c9df4b58938b920bce9672022deeb9556b150e919962b2a95da4c0da36090b.ubulk" 594
"C:/Program Files (x86)/Steam/steamapps/common/F1 Manager 2024/F1Manager24/Content/Paks/AC_TrackBridge_v0.2/tools/CookWorkspace/Content/TrackBridge/KalinagoScene/Run_2b0d5b5e7e44432db837463ecc98aa91/Textures/T_46c9df4b58938b920bce9672022deeb9556b150e919962b2a95da4c0da36090b.uasset" 595
"C:/Program Files (x86)/Steam/steamapps/common/F1 Manager 2024/F1Manager24/Content/Paks/AC_TrackBridge_v0.2/tools/CookWorkspace/Content/TrackBridge/KalinagoScene/Run_2b0d5b5e7e44432db837463ecc98aa91/Textures/T_46c9df4b58938b920bce9672022deeb9556b150e919962b2a95da4c0da36090b.uexp" 596
"C:/Program Files (x86)/Steam/steamapps/common/F1 Manager 2024/F1Manager24/Content/Paks/AC_TrackBridge_v0.2/tools/CookWorkspace/Content/TrackBridge/KalinagoScene/Run_2b0d5b5e7e44432db837463ecc98aa91/Materials/M_1_00_kalinago_42.uasset" 597
"C:/Program Files (x86)/Steam/steamapps/common/F1 Manager 2024/F1Manager24/Content/Paks/AC_TrackBridge_v0.2/tools/CookWorkspace/Content/TrackBridge/KalinagoScene/Run_2b0d5b5e7e44432db837463ecc98aa91/Materials/M_1_00_kalinago_42.uexp" 598
"C:/Program Files (x86)/Steam/steamapps/common/F1 Manager 2024/F1Manager24/Content/Paks/AC_TrackBridge_v0.2/tools/CookWorkspace/Content/TrackBridge/KalinagoScene/Run_2b0d5b5e7e44432db837463ecc98aa91/Textures/T_a4eb8f2417f89e74ef01f10a22f0747479ee08906c3e8fe066043e72b5632d9e.ubulk" 599
"C:/Program Files (x86)/Steam/steamapps/common/F1 Manager 2024/F1Manager24/Content/Paks/AC_TrackBridge_v0.2/tools/CookWorkspace/Content/TrackBridge/KalinagoScene/Run_2b0d5b5e7e44432db837463ecc98aa91/Textures/T_a4eb8f2417f89e74ef01f10a22f0747479ee08906c3e8fe066043e72b5632d9e.uasset" 600
"C:/Program Files (x86)/Steam/steamapps/common/F1 Manager 2024/F1Manager24/Content/Paks/AC_TrackBridge_v0.2/tools/CookWorkspace/Content/TrackBridge/KalinagoScene/Run_2b0d5b5e7e44432db837463ecc98aa91/Textures/T_a4eb8f2417f89e74ef01f10a22f0747479ee08906c3e8fe066043e72b5632d9e.uexp" 601
"C:/Program Files (x86)/Steam/steamapps/common/F1 Manager 2024/F1Manager24/Content/Paks/AC_TrackBridge_v0.2/tools/CookWorkspace/Content/TrackBridge/KalinagoScene/Run_2b0d5b5e7e44432db837463ecc98aa91/Materials/M_1_00_kalinago_43.uasset" 602
"C:/Program Files (x86)/Steam/steamapps/common/F1 Manager 2024/F1Manager24/Content/Paks/AC_TrackBridge_v0.2/tools/CookWorkspace/Content/TrackBridge/KalinagoScene/Run_2b0d5b5e7e44432db837463ecc98aa91/Materials/M_1_00_kalinago_43.uexp" 603
"C:/Program Files (x86)/Steam/steamapps/common/F1 Manager 2024/F1Manager24/Content/Paks/AC_TrackBridge_v0.2/tools/CookWorkspace/Content/TrackBridge/KalinagoScene/Run_2b0d5b5e7e44432db837463ecc98aa91/Textures/T_0ae36a664e43ec84caab2edcf0ead0b6cd1b43c021750ec375b9bbad3344e568.ubulk" 604
"C:/Program Files (x86)/Steam/steamapps/common/F1 Manager 2024/F1Manager24/Content/Paks/AC_TrackBridge_v0.2/tools/CookWorkspace/Content/TrackBridge/KalinagoScene/Run_2b0d5b5e7e44432db837463ecc98aa91/Textures/T_0ae36a664e43ec84caab2edcf0ead0b6cd1b43c021750ec375b9bbad3344e568.uasset" 605
"C:/Program Files (x86)/Steam/steamapps/common/F1 Manager 2024/F1Manager24/Content/Paks/AC_TrackBridge_v0.2/tools/CookWorkspace/Content/TrackBridge/KalinagoScene/Run_2b0d5b5e7e44432db837463ecc98aa91/Textures/T_0ae36a664e43ec84caab2edcf0ead0b6cd1b43c021750ec375b9bbad3344e568.uexp" 606
"C:/Program Files (x86)/Steam/steamapps/common/F1 Manager 2024/F1Manager24/Content/Paks/AC_TrackBridge_v0.2/tools/CookWorkspace/Content/TrackBridge/KalinagoScene/Run_2b0d5b5e7e44432db837463ecc98aa91/Materials/M_1_00_kalinago_44.uasset" 607
"C:/Program Files (x86)/Steam/steamapps/common/F1 Manager 2024/F1Manager24/Content/Paks/AC_TrackBridge_v0.2/tools/CookWorkspace/Content/TrackBridge/KalinagoScene/Run_2b0d5b5e7e44432db837463ecc98aa91/Materials/M_1_00_kalinago_44.uexp" 608
"C:/Program Files (x86)/Steam/steamapps/common/F1 Manager 2024/F1Manager24/Content/Paks/AC_TrackBridge_v0.2/tools/CookWorkspace/Content/TrackBridge/KalinagoScene/Run_2b0d5b5e7e44432db837463ecc98aa91/Textures/T_2054a0b221eaaa8dd9301729d7427757ba822fe307cbd698b7e9fea299bd4dc3.ubulk" 609
"C:/Program Files (x86)/Steam/steamapps/common/F1 Manager 2024/F1Manager24/Content/Paks/AC_TrackBridge_v0.2/tools/CookWorkspace/Content/TrackBridge/KalinagoScene/Run_2b0d5b5e7e44432db837463ecc98aa91/Textures/T_2054a0b221eaaa8dd9301729d7427757ba822fe307cbd698b7e9fea299bd4dc3.uasset" 610
"C:/Program Files (x86)/Steam/steamapps/common/F1 Manager 2024/F1Manager24/Content/Paks/AC_TrackBridge_v0.2/tools/CookWorkspace/Content/TrackBridge/KalinagoScene/Run_2b0d5b5e7e44432db837463ecc98aa91/Textures/T_2054a0b221eaaa8dd9301729d7427757ba822fe307cbd698b7e9fea299bd4dc3.uexp" 611
"C:/Program Files (x86)/Steam/steamapps/common/F1 Manager 2024/F1Manager24/Content/Paks/AC_TrackBridge_v0.2/tools/CookWorkspace/Content/TrackBridge/KalinagoScene/Run_2b0d5b5e7e44432db837463ecc98aa91/Materials/M_1_00_kalinago_45.uasset" 612
"C:/Program Files (x86)/Steam/steamapps/common/F1 Manager 2024/F1Manager24/Content/Paks/AC_TrackBridge_v0.2/tools/CookWorkspace/Content/TrackBridge/KalinagoScene/Run_2b0d5b5e7e44432db837463ecc98aa91/Materials/M_1_00_kalinago_45.uexp" 613
"C:/Program Files (x86)/Steam/steamapps/common/F1 Manager 2024/F1Manager24/Content/Paks/AC_TrackBridge_v0.2/tools/CookWorkspace/Content/TrackBridge/KalinagoScene/Run_2b0d5b5e7e44432db837463ecc98aa91/Textures/T_e05e135c37555e6a049f9ffad2a75f365f230da03b712ef0fe761db58aefe244.ubulk" 614
"C:/Program Files (x86)/Steam/steamapps/common/F1 Manager 2024/F1Manager24/Content/Paks/AC_TrackBridge_v0.2/tools/CookWorkspace/Content/TrackBridge/KalinagoScene/Run_2b0d5b5e7e44432db837463ecc98aa91/Textures/T_e05e135c37555e6a049f9ffad2a75f365f230da03b712ef0fe761db58aefe244.uasset" 615
"C:/Program Files (x86)/Steam/steamapps/common/F1 Manager 2024/F1Manager24/Content/Paks/AC_TrackBridge_v0.2/tools/CookWorkspace/Content/TrackBridge/KalinagoScene/Run_2b0d5b5e7e44432db837463ecc98aa91/Textures/T_e05e135c37555e6a049f9ffad2a75f365f230da03b712ef0fe761db58aefe244.uexp" 616
"C:/Program Files (x86)/Steam/steamapps/common/F1 Manager 2024/F1Manager24/Content/Paks/AC_TrackBridge_v0.2/tools/CookWorkspace/Content/TrackBridge/KalinagoScene/Run_2b0d5b5e7e44432db837463ecc98aa91/Materials/M_1_00_kalinago_46.uasset" 617
"C:/Program Files (x86)/Steam/steamapps/common/F1 Manager 2024/F1Manager24/Content/Paks/AC_TrackBridge_v0.2/tools/CookWorkspace/Content/TrackBridge/KalinagoScene/Run_2b0d5b5e7e44432db837463ecc98aa91/Materials/M_1_00_kalinago_46.uexp" 618
"C:/Program Files (x86)/Steam/steamapps/common/F1 Manager 2024/F1Manager24/Content/Paks/AC_TrackBridge_v0.2/tools/CookWorkspace/Content/TrackBridge/KalinagoScene/Run_2b0d5b5e7e44432db837463ecc98aa91/Textures/T_ebf53ea6a375716338cd47a7c8d4558cc6a108a812bf6c23fc07dd28db475c1a.ubulk" 619
"C:/Program Files (x86)/Steam/steamapps/common/F1 Manager 2024/F1Manager24/Content/Paks/AC_TrackBridge_v0.2/tools/CookWorkspace/Content/TrackBridge/KalinagoScene/Run_2b0d5b5e7e44432db837463ecc98aa91/Textures/T_ebf53ea6a375716338cd47a7c8d4558cc6a108a812bf6c23fc07dd28db475c1a.uasset" 620
"C:/Program Files (x86)/Steam/steamapps/common/F1 Manager 2024/F1Manager24/Content/Paks/AC_TrackBridge_v0.2/tools/CookWorkspace/Content/TrackBridge/KalinagoScene/Run_2b0d5b5e7e44432db837463ecc98aa91/Textures/T_ebf53ea6a375716338cd47a7c8d4558cc6a108a812bf6c23fc07dd28db475c1a.uexp" 621
"C:/Program Files (x86)/Steam/steamapps/common/F1 Manager 2024/F1Manager24/Content/Paks/AC_TrackBridge_v0.2/tools/CookWorkspace/Content/TrackBridge/KalinagoScene/Run_2b0d5b5e7e44432db837463ecc98aa91/Materials/M_1_00_kalinago_47.uasset" 622
"C:/Program Files (x86)/Steam/steamapps/common/F1 Manager 2024/F1Manager24/Content/Paks/AC_TrackBridge_v0.2/tools/CookWorkspace/Content/TrackBridge/KalinagoScene/Run_2b0d5b5e7e44432db837463ecc98aa91/Materials/M_1_00_kalinago_47.uexp" 623
"C:/Program Files (x86)/Steam/steamapps/common/F1 Manager 2024/F1Manager24/Content/Paks/AC_TrackBridge_v0.2/tools/CookWorkspace/Content/TrackBridge/KalinagoScene/Run_2b0d5b5e7e44432db837463ecc98aa91/Textures/T_51df91fba5154cd473292e5ff91109c04d01ae71e386120b71cc10f9b7cda66c.ubulk" 624
"C:/Program Files (x86)/Steam/steamapps/common/F1 Manager 2024/F1Manager24/Content/Paks/AC_TrackBridge_v0.2/tools/CookWorkspace/Content/TrackBridge/KalinagoScene/Run_2b0d5b5e7e44432db837463ecc98aa91/Textures/T_51df91fba5154cd473292e5ff91109c04d01ae71e386120b71cc10f9b7cda66c.uasset" 625
"C:/Program Files (x86)/Steam/steamapps/common/F1 Manager 2024/F1Manager24/Content/Paks/AC_TrackBridge_v0.2/tools/CookWorkspace/Content/TrackBridge/KalinagoScene/Run_2b0d5b5e7e44432db837463ecc98aa91/Textures/T_51df91fba5154cd473292e5ff91109c04d01ae71e386120b71cc10f9b7cda66c.uexp" 626
"C:/Program Files (x86)/Steam/steamapps/common/F1 Manager 2024/F1Manager24/Content/Paks/AC_TrackBridge_v0.2/tools/CookWorkspace/Content/TrackBridge/KalinagoScene/Run_2b0d5b5e7e44432db837463ecc98aa91/Materials/M_1_00_kalinago_48.uasset" 627
"C:/Program Files (x86)/Steam/steamapps/common/F1 Manager 2024/F1Manager24/Content/Paks/AC_TrackBridge_v0.2/tools/CookWorkspace/Content/TrackBridge/KalinagoScene/Run_2b0d5b5e7e44432db837463ecc98aa91/Materials/M_1_00_kalinago_48.uexp" 628
"C:/Program Files (x86)/Steam/steamapps/common/F1 Manager 2024/F1Manager24/Content/Paks/AC_TrackBridge_v0.2/tools/CookWorkspace/Content/TrackBridge/KalinagoScene/Run_2b0d5b5e7e44432db837463ecc98aa91/Textures/T_b6b41b4667199d33eb620be9969bbbfb6cfaf3fab178a6ffb13ac1e4f1b5e8dc.ubulk" 629
"C:/Program Files (x86)/Steam/steamapps/common/F1 Manager 2024/F1Manager24/Content/Paks/AC_TrackBridge_v0.2/tools/CookWorkspace/Content/TrackBridge/KalinagoScene/Run_2b0d5b5e7e44432db837463ecc98aa91/Textures/T_b6b41b4667199d33eb620be9969bbbfb6cfaf3fab178a6ffb13ac1e4f1b5e8dc.uasset" 630
"C:/Program Files (x86)/Steam/steamapps/common/F1 Manager 2024/F1Manager24/Content/Paks/AC_TrackBridge_v0.2/tools/CookWorkspace/Content/TrackBridge/KalinagoScene/Run_2b0d5b5e7e44432db837463ecc98aa91/Textures/T_b6b41b4667199d33eb620be9969bbbfb6cfaf3fab178a6ffb13ac1e4f1b5e8dc.uexp" 631
"C:/Program Files (x86)/Steam/steamapps/common/F1 Manager 2024/F1Manager24/Content/Paks/AC_TrackBridge_v0.2/tools/CookWorkspace/Content/TrackBridge/KalinagoScene/Run_2b0d5b5e7e44432db837463ecc98aa91/Materials/M_1_00_kalinago_49.uasset" 632
"C:/Program Files (x86)/Steam/steamapps/common/F1 Manager 2024/F1Manager24/Content/Paks/AC_TrackBridge_v0.2/tools/CookWorkspace/Content/TrackBridge/KalinagoScene/Run_2b0d5b5e7e44432db837463ecc98aa91/Materials/M_1_00_kalinago_49.uexp" 633
"C:/Program Files (x86)/Steam/steamapps/common/F1 Manager 2024/F1Manager24/Content/Paks/AC_TrackBridge_v0.2/tools/CookWorkspace/Content/TrackBridge/KalinagoScene/Run_2b0d5b5e7e44432db837463ecc98aa91/Textures/T_842d6682d31b081f6a6c4325668745ab68259ab485aeedc35eea69c3e8a7f9a4.ubulk" 634
"C:/Program Files (x86)/Steam/steamapps/common/F1 Manager 2024/F1Manager24/Content/Paks/AC_TrackBridge_v0.2/tools/CookWorkspace/Content/TrackBridge/KalinagoScene/Run_2b0d5b5e7e44432db837463ecc98aa91/Textures/T_842d6682d31b081f6a6c4325668745ab68259ab485aeedc35eea69c3e8a7f9a4.uasset" 635
"C:/Program Files (x86)/Steam/steamapps/common/F1 Manager 2024/F1Manager24/Content/Paks/AC_TrackBridge_v0.2/tools/CookWorkspace/Content/TrackBridge/KalinagoScene/Run_2b0d5b5e7e44432db837463ecc98aa91/Textures/T_842d6682d31b081f6a6c4325668745ab68259ab485aeedc35eea69c3e8a7f9a4.uexp" 636
"C:/Program Files (x86)/Steam/steamapps/common/F1 Manager 2024/F1Manager24/Content/Paks/AC_TrackBridge_v0.2/tools/CookWorkspace/Content/TrackBridge/KalinagoScene/Run_2b0d5b5e7e44432db837463ecc98aa91/Materials/M_1_00_kalinago_50.uasset" 637
"C:/Program Files (x86)/Steam/steamapps/common/F1 Manager 2024/F1Manager24/Content/Paks/AC_TrackBridge_v0.2/tools/CookWorkspace/Content/TrackBridge/KalinagoScene/Run_2b0d5b5e7e44432db837463ecc98aa91/Materials/M_1_00_kalinago_50.uexp" 638
"C:/Program Files (x86)/Steam/steamapps/common/F1 Manager 2024/F1Manager24/Content/Paks/AC_TrackBridge_v0.2/tools/CookWorkspace/Content/TrackBridge/KalinagoScene/Run_2b0d5b5e7e44432db837463ecc98aa91/Textures/T_9fef1aa93ebe8e517e9e3c09a76c4e72ce23e97b6e39efd2b741f6f55d0a2ca5.ubulk" 639
"C:/Program Files (x86)/Steam/steamapps/common/F1 Manager 2024/F1Manager24/Content/Paks/AC_TrackBridge_v0.2/tools/CookWorkspace/Content/TrackBridge/KalinagoScene/Run_2b0d5b5e7e44432db837463ecc98aa91/Textures/T_9fef1aa93ebe8e517e9e3c09a76c4e72ce23e97b6e39efd2b741f6f55d0a2ca5.uasset" 640
"C:/Program Files (x86)/Steam/steamapps/common/F1 Manager 2024/F1Manager24/Content/Paks/AC_TrackBridge_v0.2/tools/CookWorkspace/Content/TrackBridge/KalinagoScene/Run_2b0d5b5e7e44432db837463ecc98aa91/Textures/T_9fef1aa93ebe8e517e9e3c09a76c4e72ce23e97b6e39efd2b741f6f55d0a2ca5.uexp" 641
"C:/Program Files (x86)/Steam/steamapps/common/F1 Manager 2024/F1Manager24/Content/Paks/AC_TrackBridge_v0.2/tools/CookWorkspace/Content/TrackBridge/KalinagoScene/Run_2b0d5b5e7e44432db837463ecc98aa91/Materials/M_1_00_kalinago_51.uasset" 642
"C:/Program Files (x86)/Steam/steamapps/common/F1 Manager 2024/F1Manager24/Content/Paks/AC_TrackBridge_v0.2/tools/CookWorkspace/Content/TrackBridge/KalinagoScene/Run_2b0d5b5e7e44432db837463ecc98aa91/Materials/M_1_00_kalinago_51.uexp" 643
"C:/Program Files (x86)/Steam/steamapps/common/F1 Manager 2024/F1Manager24/Content/Paks/AC_TrackBridge_v0.2/tools/CookWorkspace/Content/TrackBridge/KalinagoScene/Run_2b0d5b5e7e44432db837463ecc98aa91/Materials/M_1_00_kalinago_52.uasset" 644
"C:/Program Files (x86)/Steam/steamapps/common/F1 Manager 2024/F1Manager24/Content/Paks/AC_TrackBridge_v0.2/tools/CookWorkspace/Content/TrackBridge/KalinagoScene/Run_2b0d5b5e7e44432db837463ecc98aa91/Materials/M_1_00_kalinago_52.uexp" 645
"C:/Program Files (x86)/Steam/steamapps/common/F1 Manager 2024/F1Manager24/Content/Paks/AC_TrackBridge_v0.2/tools/CookWorkspace/Content/TrackBridge/KalinagoScene/Run_2b0d5b5e7e44432db837463ecc98aa91/Textures/T_7d9735044d831c239ae2ea238d0611aa8648c5f2d6becfbf5d03a59bd69b1d33.ubulk" 646
"C:/Program Files (x86)/Steam/steamapps/common/F1 Manager 2024/F1Manager24/Content/Paks/AC_TrackBridge_v0.2/tools/CookWorkspace/Content/TrackBridge/KalinagoScene/Run_2b0d5b5e7e44432db837463ecc98aa91/Textures/T_7d9735044d831c239ae2ea238d0611aa8648c5f2d6becfbf5d03a59bd69b1d33.uasset" 647
"C:/Program Files (x86)/Steam/steamapps/common/F1 Manager 2024/F1Manager24/Content/Paks/AC_TrackBridge_v0.2/tools/CookWorkspace/Content/TrackBridge/KalinagoScene/Run_2b0d5b5e7e44432db837463ecc98aa91/Textures/T_7d9735044d831c239ae2ea238d0611aa8648c5f2d6becfbf5d03a59bd69b1d33.uexp" 648
"C:/Program Files (x86)/Steam/steamapps/common/F1 Manager 2024/F1Manager24/Content/Paks/AC_TrackBridge_v0.2/tools/CookWorkspace/Content/TrackBridge/KalinagoScene/Run_2b0d5b5e7e44432db837463ecc98aa91/Materials/M_1_00_kalinago_53.uasset" 649
"C:/Program Files (x86)/Steam/steamapps/common/F1 Manager 2024/F1Manager24/Content/Paks/AC_TrackBridge_v0.2/tools/CookWorkspace/Content/TrackBridge/KalinagoScene/Run_2b0d5b5e7e44432db837463ecc98aa91/Materials/M_1_00_kalinago_53.uexp" 650
"C:/Program Files (x86)/Steam/steamapps/common/F1 Manager 2024/F1Manager24/Content/Paks/AC_TrackBridge_v0.2/tools/CookWorkspace/Content/TrackBridge/KalinagoScene/Run_2b0d5b5e7e44432db837463ecc98aa91/Materials/M_1_00_kalinago_54.uasset" 651
"C:/Program Files (x86)/Steam/steamapps/common/F1 Manager 2024/F1Manager24/Content/Paks/AC_TrackBridge_v0.2/tools/CookWorkspace/Content/TrackBridge/KalinagoScene/Run_2b0d5b5e7e44432db837463ecc98aa91/Materials/M_1_00_kalinago_54.uexp" 652
"C:/Program Files (x86)/Steam/steamapps/common/F1 Manager 2024/F1Manager24/Content/Paks/AC_TrackBridge_v0.2/tools/CookWorkspace/Content/TrackBridge/KalinagoScene/Run_2b0d5b5e7e44432db837463ecc98aa91/Textures/T_9a252a02c316d9724621c32c2d14a7de08d9a0984a4989999fcc159f116061c3.ubulk" 653
"C:/Program Files (x86)/Steam/steamapps/common/F1 Manager 2024/F1Manager24/Content/Paks/AC_TrackBridge_v0.2/tools/CookWorkspace/Content/TrackBridge/KalinagoScene/Run_2b0d5b5e7e44432db837463ecc98aa91/Textures/T_9a252a02c316d9724621c32c2d14a7de08d9a0984a4989999fcc159f116061c3.uasset" 654
"C:/Program Files (x86)/Steam/steamapps/common/F1 Manager 2024/F1Manager24/Content/Paks/AC_TrackBridge_v0.2/tools/CookWorkspace/Content/TrackBridge/KalinagoScene/Run_2b0d5b5e7e44432db837463ecc98aa91/Textures/T_9a252a02c316d9724621c32c2d14a7de08d9a0984a4989999fcc159f116061c3.uexp" 655
"C:/Program Files (x86)/Steam/steamapps/common/F1 Manager 2024/F1Manager24/Content/Paks/AC_TrackBridge_v0.2/tools/CookWorkspace/Content/TrackBridge/KalinagoScene/Run_2b0d5b5e7e44432db837463ecc98aa91/Materials/M_1_00_kalinago_55.uasset" 656
"C:/Program Files (x86)/Steam/steamapps/common/F1 Manager 2024/F1Manager24/Content/Paks/AC_TrackBridge_v0.2/tools/CookWorkspace/Content/TrackBridge/KalinagoScene/Run_2b0d5b5e7e44432db837463ecc98aa91/Materials/M_1_00_kalinago_55.uexp" 657
"C:/Program Files (x86)/Steam/steamapps/common/F1 Manager 2024/F1Manager24/Content/Paks/AC_TrackBridge_v0.2/tools/CookWorkspace/Content/TrackBridge/KalinagoScene/Run_2b0d5b5e7e44432db837463ecc98aa91/Textures/T_2ac230280deead1d7e2a061f0de4ff4da3bff38b7bbc42982b48f0d2970a8a02.ubulk" 658
"C:/Program Files (x86)/Steam/steamapps/common/F1 Manager 2024/F1Manager24/Content/Paks/AC_TrackBridge_v0.2/tools/CookWorkspace/Content/TrackBridge/KalinagoScene/Run_2b0d5b5e7e44432db837463ecc98aa91/Textures/T_2ac230280deead1d7e2a061f0de4ff4da3bff38b7bbc42982b48f0d2970a8a02.uasset" 659
"C:/Program Files (x86)/Steam/steamapps/common/F1 Manager 2024/F1Manager24/Content/Paks/AC_TrackBridge_v0.2/tools/CookWorkspace/Content/TrackBridge/KalinagoScene/Run_2b0d5b5e7e44432db837463ecc98aa91/Textures/T_2ac230280deead1d7e2a061f0de4ff4da3bff38b7bbc42982b48f0d2970a8a02.uexp" 660
"C:/Program Files (x86)/Steam/steamapps/common/F1 Manager 2024/F1Manager24/Content/Paks/AC_TrackBridge_v0.2/tools/CookWorkspace/Content/TrackBridge/KalinagoScene/Run_2b0d5b5e7e44432db837463ecc98aa91/Materials/M_1_00_kalinago_56.uasset" 661
"C:/Program Files (x86)/Steam/steamapps/common/F1 Manager 2024/F1Manager24/Content/Paks/AC_TrackBridge_v0.2/tools/CookWorkspace/Content/TrackBridge/KalinagoScene/Run_2b0d5b5e7e44432db837463ecc98aa91/Materials/M_1_00_kalinago_56.uexp" 662
"C:/Program Files (x86)/Steam/steamapps/common/F1 Manager 2024/F1Manager24/Content/Paks/AC_TrackBridge_v0.2/tools/CookWorkspace/Content/TrackBridge/KalinagoScene/Run_2b0d5b5e7e44432db837463ecc98aa91/Textures/T_d570f9ecb3ed9d0994b81946503affa2cb67d6a25e4c5621722fcb881cab640d.ubulk" 663
"C:/Program Files (x86)/Steam/steamapps/common/F1 Manager 2024/F1Manager24/Content/Paks/AC_TrackBridge_v0.2/tools/CookWorkspace/Content/TrackBridge/KalinagoScene/Run_2b0d5b5e7e44432db837463ecc98aa91/Textures/T_d570f9ecb3ed9d0994b81946503affa2cb67d6a25e4c5621722fcb881cab640d.uasset" 664
"C:/Program Files (x86)/Steam/steamapps/common/F1 Manager 2024/F1Manager24/Content/Paks/AC_TrackBridge_v0.2/tools/CookWorkspace/Content/TrackBridge/KalinagoScene/Run_2b0d5b5e7e44432db837463ecc98aa91/Textures/T_d570f9ecb3ed9d0994b81946503affa2cb67d6a25e4c5621722fcb881cab640d.uexp" 665
"C:/Program Files (x86)/Steam/steamapps/common/F1 Manager 2024/F1Manager24/Content/Paks/AC_TrackBridge_v0.2/tools/CookWorkspace/Content/TrackBridge/KalinagoScene/Run_2b0d5b5e7e44432db837463ecc98aa91/Materials/M_1_00_kalinago_57.uasset" 666
"C:/Program Files (x86)/Steam/steamapps/common/F1 Manager 2024/F1Manager24/Content/Paks/AC_TrackBridge_v0.2/tools/CookWorkspace/Content/TrackBridge/KalinagoScene/Run_2b0d5b5e7e44432db837463ecc98aa91/Materials/M_1_00_kalinago_57.uexp" 667
"C:/Program Files (x86)/Steam/steamapps/common/F1 Manager 2024/F1Manager24/Content/Paks/AC_TrackBridge_v0.2/tools/CookWorkspace/Content/TrackBridge/KalinagoScene/Run_2b0d5b5e7e44432db837463ecc98aa91/Textures/T_6a9399189fd16d78a8e2276a665ac232b93016e30a343d173841cce6b637c5d3.ubulk" 668
"C:/Program Files (x86)/Steam/steamapps/common/F1 Manager 2024/F1Manager24/Content/Paks/AC_TrackBridge_v0.2/tools/CookWorkspace/Content/TrackBridge/KalinagoScene/Run_2b0d5b5e7e44432db837463ecc98aa91/Textures/T_6a9399189fd16d78a8e2276a665ac232b93016e30a343d173841cce6b637c5d3.uasset" 669
"C:/Program Files (x86)/Steam/steamapps/common/F1 Manager 2024/F1Manager24/Content/Paks/AC_TrackBridge_v0.2/tools/CookWorkspace/Content/TrackBridge/KalinagoScene/Run_2b0d5b5e7e44432db837463ecc98aa91/Textures/T_6a9399189fd16d78a8e2276a665ac232b93016e30a343d173841cce6b637c5d3.uexp" 670
"C:/Program Files (x86)/Steam/steamapps/common/F1 Manager 2024/F1Manager24/Content/Paks/AC_TrackBridge_v0.2/tools/CookWorkspace/Content/TrackBridge/KalinagoScene/Run_2b0d5b5e7e44432db837463ecc98aa91/Materials/M_1_00_kalinago_58.uasset" 671
"C:/Program Files (x86)/Steam/steamapps/common/F1 Manager 2024/F1Manager24/Content/Paks/AC_TrackBridge_v0.2/tools/CookWorkspace/Content/TrackBridge/KalinagoScene/Run_2b0d5b5e7e44432db837463ecc98aa91/Materials/M_1_00_kalinago_58.uexp" 672
"C:/Program Files (x86)/Steam/steamapps/common/F1 Manager 2024/F1Manager24/Content/Paks/AC_TrackBridge_v0.2/tools/CookWorkspace/Content/TrackBridge/KalinagoScene/Run_2b0d5b5e7e44432db837463ecc98aa91/Textures/T_3e9c3f5d0bc81774dbef6c7bfdb9ed3f0b73d5d7a30581640c3be11cb1545e99.ubulk" 673
"C:/Program Files (x86)/Steam/steamapps/common/F1 Manager 2024/F1Manager24/Content/Paks/AC_TrackBridge_v0.2/tools/CookWorkspace/Content/TrackBridge/KalinagoScene/Run_2b0d5b5e7e44432db837463ecc98aa91/Textures/T_3e9c3f5d0bc81774dbef6c7bfdb9ed3f0b73d5d7a30581640c3be11cb1545e99.uasset" 674
"C:/Program Files (x86)/Steam/steamapps/common/F1 Manager 2024/F1Manager24/Content/Paks/AC_TrackBridge_v0.2/tools/CookWorkspace/Content/TrackBridge/KalinagoScene/Run_2b0d5b5e7e44432db837463ecc98aa91/Textures/T_3e9c3f5d0bc81774dbef6c7bfdb9ed3f0b73d5d7a30581640c3be11cb1545e99.uexp" 675
"C:/Program Files (x86)/Steam/steamapps/common/F1 Manager 2024/F1Manager24/Content/Paks/AC_TrackBridge_v0.2/tools/CookWorkspace/Content/TrackBridge/KalinagoScene/Run_2b0d5b5e7e44432db837463ecc98aa91/Materials/M_1_00_kalinago_59.uasset" 676
"C:/Program Files (x86)/Steam/steamapps/common/F1 Manager 2024/F1Manager24/Content/Paks/AC_TrackBridge_v0.2/tools/CookWorkspace/Content/TrackBridge/KalinagoScene/Run_2b0d5b5e7e44432db837463ecc98aa91/Materials/M_1_00_kalinago_59.uexp" 677
"C:/Program Files (x86)/Steam/steamapps/common/F1 Manager 2024/F1Manager24/Content/Paks/AC_TrackBridge_v0.2/tools/CookWorkspace/Content/TrackBridge/KalinagoScene/Run_2b0d5b5e7e44432db837463ecc98aa91/Materials/M_1_00_kalinago_60.uasset" 678
"C:/Program Files (x86)/Steam/steamapps/common/F1 Manager 2024/F1Manager24/Content/Paks/AC_TrackBridge_v0.2/tools/CookWorkspace/Content/TrackBridge/KalinagoScene/Run_2b0d5b5e7e44432db837463ecc98aa91/Materials/M_1_00_kalinago_60.uexp" 679
"C:/Program Files (x86)/Steam/steamapps/common/F1 Manager 2024/F1Manager24/Content/Paks/AC_TrackBridge_v0.2/tools/CookWorkspace/Content/TrackBridge/KalinagoScene/Run_2b0d5b5e7e44432db837463ecc98aa91/Textures/T_28bbaeb0530ad01f330bae020f4454aa6e78de954091e056d5ba2e6298aecf33.ubulk" 680
"C:/Program Files (x86)/Steam/steamapps/common/F1 Manager 2024/F1Manager24/Content/Paks/AC_TrackBridge_v0.2/tools/CookWorkspace/Content/TrackBridge/KalinagoScene/Run_2b0d5b5e7e44432db837463ecc98aa91/Textures/T_28bbaeb0530ad01f330bae020f4454aa6e78de954091e056d5ba2e6298aecf33.uasset" 681
"C:/Program Files (x86)/Steam/steamapps/common/F1 Manager 2024/F1Manager24/Content/Paks/AC_TrackBridge_v0.2/tools/CookWorkspace/Content/TrackBridge/KalinagoScene/Run_2b0d5b5e7e44432db837463ecc98aa91/Textures/T_28bbaeb0530ad01f330bae020f4454aa6e78de954091e056d5ba2e6298aecf33.uexp" 682
"C:/Program Files (x86)/Steam/steamapps/common/F1 Manager 2024/F1Manager24/Content/Paks/AC_TrackBridge_v0.2/tools/CookWorkspace/Content/TrackBridge/KalinagoScene/Run_2b0d5b5e7e44432db837463ecc98aa91/Materials/M_1_00_kalinago_61.uasset" 683
"C:/Program Files (x86)/Steam/steamapps/common/F1 Manager 2024/F1Manager24/Content/Paks/AC_TrackBridge_v0.2/tools/CookWorkspace/Content/TrackBridge/KalinagoScene/Run_2b0d5b5e7e44432db837463ecc98aa91/Materials/M_1_00_kalinago_61.uexp" 684
"C:/Program Files (x86)/Steam/steamapps/common/F1 Manager 2024/F1Manager24/Content/Paks/AC_TrackBridge_v0.2/tools/CookWorkspace/Content/TrackBridge/KalinagoScene/Run_2b0d5b5e7e44432db837463ecc98aa91/Textures/T_c1800b9e7c6760f8e21fc2b2183a85afd2f8f9dace29ecd3857ab7feea0ac5e9.ubulk" 685
"C:/Program Files (x86)/Steam/steamapps/common/F1 Manager 2024/F1Manager24/Content/Paks/AC_TrackBridge_v0.2/tools/CookWorkspace/Content/TrackBridge/KalinagoScene/Run_2b0d5b5e7e44432db837463ecc98aa91/Textures/T_c1800b9e7c6760f8e21fc2b2183a85afd2f8f9dace29ecd3857ab7feea0ac5e9.uasset" 686
"C:/Program Files (x86)/Steam/steamapps/common/F1 Manager 2024/F1Manager24/Content/Paks/AC_TrackBridge_v0.2/tools/CookWorkspace/Content/TrackBridge/KalinagoScene/Run_2b0d5b5e7e44432db837463ecc98aa91/Textures/T_c1800b9e7c6760f8e21fc2b2183a85afd2f8f9dace29ecd3857ab7feea0ac5e9.uexp" 687
"C:/Program Files (x86)/Steam/steamapps/common/F1 Manager 2024/F1Manager24/Content/Paks/AC_TrackBridge_v0.2/tools/CookWorkspace/Content/TrackBridge/KalinagoScene/Run_2b0d5b5e7e44432db837463ecc98aa91/Materials/M_1_00_kalinago_62.uasset" 688
"C:/Program Files (x86)/Steam/steamapps/common/F1 Manager 2024/F1Manager24/Content/Paks/AC_TrackBridge_v0.2/tools/CookWorkspace/Content/TrackBridge/KalinagoScene/Run_2b0d5b5e7e44432db837463ecc98aa91/Materials/M_1_00_kalinago_62.uexp" 689
"C:/Program Files (x86)/Steam/steamapps/common/F1 Manager 2024/F1Manager24/Content/Paks/AC_TrackBridge_v0.2/tools/CookWorkspace/Content/TrackBridge/KalinagoScene/Run_2b0d5b5e7e44432db837463ecc98aa91/Textures/T_23f5358e968fc30a10bb9dda75c0fafbbe888c641b44ddb00d77fc3a46c88b99.ubulk" 690
"C:/Program Files (x86)/Steam/steamapps/common/F1 Manager 2024/F1Manager24/Content/Paks/AC_TrackBridge_v0.2/tools/CookWorkspace/Content/TrackBridge/KalinagoScene/Run_2b0d5b5e7e44432db837463ecc98aa91/Textures/T_23f5358e968fc30a10bb9dda75c0fafbbe888c641b44ddb00d77fc3a46c88b99.uasset" 691
"C:/Program Files (x86)/Steam/steamapps/common/F1 Manager 2024/F1Manager24/Content/Paks/AC_TrackBridge_v0.2/tools/CookWorkspace/Content/TrackBridge/KalinagoScene/Run_2b0d5b5e7e44432db837463ecc98aa91/Textures/T_23f5358e968fc30a10bb9dda75c0fafbbe888c641b44ddb00d77fc3a46c88b99.uexp" 692
"C:/Program Files (x86)/Steam/steamapps/common/F1 Manager 2024/F1Manager24/Content/Paks/AC_TrackBridge_v0.2/tools/CookWorkspace/Content/TrackBridge/KalinagoScene/Run_2b0d5b5e7e44432db837463ecc98aa91/Materials/M_1_00_kalinago_63.uasset" 693
"C:/Program Files (x86)/Steam/steamapps/common/F1 Manager 2024/F1Manager24/Content/Paks/AC_TrackBridge_v0.2/tools/CookWorkspace/Content/TrackBridge/KalinagoScene/Run_2b0d5b5e7e44432db837463ecc98aa91/Materials/M_1_00_kalinago_63.uexp" 694
"C:/Program Files (x86)/Steam/steamapps/common/F1 Manager 2024/F1Manager24/Content/Paks/AC_TrackBridge_v0.2/tools/CookWorkspace/Content/TrackBridge/KalinagoScene/Run_2b0d5b5e7e44432db837463ecc98aa91/Textures/T_59abf800cade531eba394382d992a3c02ba5a24ad87726d596b3ec3467c9ab30.ubulk" 695
"C:/Program Files (x86)/Steam/steamapps/common/F1 Manager 2024/F1Manager24/Content/Paks/AC_TrackBridge_v0.2/tools/CookWorkspace/Content/TrackBridge/KalinagoScene/Run_2b0d5b5e7e44432db837463ecc98aa91/Textures/T_59abf800cade531eba394382d992a3c02ba5a24ad87726d596b3ec3467c9ab30.uasset" 696
"C:/Program Files (x86)/Steam/steamapps/common/F1 Manager 2024/F1Manager24/Content/Paks/AC_TrackBridge_v0.2/tools/CookWorkspace/Content/TrackBridge/KalinagoScene/Run_2b0d5b5e7e44432db837463ecc98aa91/Textures/T_59abf800cade531eba394382d992a3c02ba5a24ad87726d596b3ec3467c9ab30.uexp" 697
"C:/Program Files (x86)/Steam/steamapps/common/F1 Manager 2024/F1Manager24/Content/Paks/AC_TrackBridge_v0.2/tools/CookWorkspace/Content/TrackBridge/KalinagoScene/Run_2b0d5b5e7e44432db837463ecc98aa91/Materials/M_1_00_kalinago_64.uasset" 698
"C:/Program Files (x86)/Steam/steamapps/common/F1 Manager 2024/F1Manager24/Content/Paks/AC_TrackBridge_v0.2/tools/CookWorkspace/Content/TrackBridge/KalinagoScene/Run_2b0d5b5e7e44432db837463ecc98aa91/Materials/M_1_00_kalinago_64.uexp" 699
"C:/Program Files (x86)/Steam/steamapps/common/F1 Manager 2024/F1Manager24/Content/Paks/AC_TrackBridge_v0.2/tools/CookWorkspace/Content/TrackBridge/KalinagoScene/Run_2b0d5b5e7e44432db837463ecc98aa91/Textures/T_26260766a7b9b592dae5c862277d7b6e87b5694b85f7cb6ebc357d9d61ab0f61.ubulk" 700
"C:/Program Files (x86)/Steam/steamapps/common/F1 Manager 2024/F1Manager24/Content/Paks/AC_TrackBridge_v0.2/tools/CookWorkspace/Content/TrackBridge/KalinagoScene/Run_2b0d5b5e7e44432db837463ecc98aa91/Textures/T_26260766a7b9b592dae5c862277d7b6e87b5694b85f7cb6ebc357d9d61ab0f61.uasset" 701
"C:/Program Files (x86)/Steam/steamapps/common/F1 Manager 2024/F1Manager24/Content/Paks/AC_TrackBridge_v0.2/tools/CookWorkspace/Content/TrackBridge/KalinagoScene/Run_2b0d5b5e7e44432db837463ecc98aa91/Textures/T_26260766a7b9b592dae5c862277d7b6e87b5694b85f7cb6ebc357d9d61ab0f61.uexp" 702
"C:/Program Files (x86)/Steam/steamapps/common/F1 Manager 2024/F1Manager24/Content/Paks/AC_TrackBridge_v0.2/tools/CookWorkspace/Content/TrackBridge/KalinagoScene/Run_2b0d5b5e7e44432db837463ecc98aa91/Materials/M_1_00_kalinago_65.uasset" 703
"C:/Program Files (x86)/Steam/steamapps/common/F1 Manager 2024/F1Manager24/Content/Paks/AC_TrackBridge_v0.2/tools/CookWorkspace/Content/TrackBridge/KalinagoScene/Run_2b0d5b5e7e44432db837463ecc98aa91/Materials/M_1_00_kalinago_65.uexp" 704
"C:/Program Files (x86)/Steam/steamapps/common/F1 Manager 2024/F1Manager24/Content/Paks/AC_TrackBridge_v0.2/tools/CookWorkspace/Content/TrackBridge/KalinagoScene/Run_2b0d5b5e7e44432db837463ecc98aa91/Textures/T_9906dea78f49087f11ee9b2aa3072dbd46b59193c7c5cefd86868e1119457e9e.ubulk" 705
"C:/Program Files (x86)/Steam/steamapps/common/F1 Manager 2024/F1Manager24/Content/Paks/AC_TrackBridge_v0.2/tools/CookWorkspace/Content/TrackBridge/KalinagoScene/Run_2b0d5b5e7e44432db837463ecc98aa91/Textures/T_9906dea78f49087f11ee9b2aa3072dbd46b59193c7c5cefd86868e1119457e9e.uasset" 706
"C:/Program Files (x86)/Steam/steamapps/common/F1 Manager 2024/F1Manager24/Content/Paks/AC_TrackBridge_v0.2/tools/CookWorkspace/Content/TrackBridge/KalinagoScene/Run_2b0d5b5e7e44432db837463ecc98aa91/Textures/T_9906dea78f49087f11ee9b2aa3072dbd46b59193c7c5cefd86868e1119457e9e.uexp" 707
"C:/Program Files (x86)/Steam/steamapps/common/F1 Manager 2024/F1Manager24/Content/Paks/AC_TrackBridge_v0.2/tools/CookWorkspace/Content/TrackBridge/KalinagoScene/Run_2b0d5b5e7e44432db837463ecc98aa91/Materials/M_1_00_kalinago_66.uasset" 708
"C:/Program Files (x86)/Steam/steamapps/common/F1 Manager 2024/F1Manager24/Content/Paks/AC_TrackBridge_v0.2/tools/CookWorkspace/Content/TrackBridge/KalinagoScene/Run_2b0d5b5e7e44432db837463ecc98aa91/Materials/M_1_00_kalinago_66.uexp" 709
"C:/Program Files (x86)/Steam/steamapps/common/F1 Manager 2024/F1Manager24/Content/Paks/AC_TrackBridge_v0.2/tools/CookWorkspace/Content/TrackBridge/KalinagoScene/Run_2b0d5b5e7e44432db837463ecc98aa91/Textures/T_91ab4faa1fd3448050040018a121518da817e64f94436b57f13356ed466a0a12.ubulk" 710
"C:/Program Files (x86)/Steam/steamapps/common/F1 Manager 2024/F1Manager24/Content/Paks/AC_TrackBridge_v0.2/tools/CookWorkspace/Content/TrackBridge/KalinagoScene/Run_2b0d5b5e7e44432db837463ecc98aa91/Textures/T_91ab4faa1fd3448050040018a121518da817e64f94436b57f13356ed466a0a12.uasset" 711
"C:/Program Files (x86)/Steam/steamapps/common/F1 Manager 2024/F1Manager24/Content/Paks/AC_TrackBridge_v0.2/tools/CookWorkspace/Content/TrackBridge/KalinagoScene/Run_2b0d5b5e7e44432db837463ecc98aa91/Textures/T_91ab4faa1fd3448050040018a121518da817e64f94436b57f13356ed466a0a12.uexp" 712
"C:/Program Files (x86)/Steam/steamapps/common/F1 Manager 2024/F1Manager24/Content/Paks/AC_TrackBridge_v0.2/tools/CookWorkspace/Content/TrackBridge/KalinagoScene/Run_2b0d5b5e7e44432db837463ecc98aa91/Materials/M_1_00_kalinago_67.uasset" 713
"C:/Program Files (x86)/Steam/steamapps/common/F1 Manager 2024/F1Manager24/Content/Paks/AC_TrackBridge_v0.2/tools/CookWorkspace/Content/TrackBridge/KalinagoScene/Run_2b0d5b5e7e44432db837463ecc98aa91/Materials/M_1_00_kalinago_67.uexp" 714
"C:/Program Files (x86)/Steam/steamapps/common/F1 Manager 2024/F1Manager24/Content/Paks/AC_TrackBridge_v0.2/tools/CookWorkspace/Content/TrackBridge/KalinagoScene/Run_2b0d5b5e7e44432db837463ecc98aa91/Textures/T_ff12e732b9082fd169a0556af375c59532fb956dd331a0ee1988d34c31df3cb9.ubulk" 715
"C:/Program Files (x86)/Steam/steamapps/common/F1 Manager 2024/F1Manager24/Content/Paks/AC_TrackBridge_v0.2/tools/CookWorkspace/Content/TrackBridge/KalinagoScene/Run_2b0d5b5e7e44432db837463ecc98aa91/Textures/T_ff12e732b9082fd169a0556af375c59532fb956dd331a0ee1988d34c31df3cb9.uasset" 716
"C:/Program Files (x86)/Steam/steamapps/common/F1 Manager 2024/F1Manager24/Content/Paks/AC_TrackBridge_v0.2/tools/CookWorkspace/Content/TrackBridge/KalinagoScene/Run_2b0d5b5e7e44432db837463ecc98aa91/Textures/T_ff12e732b9082fd169a0556af375c59532fb956dd331a0ee1988d34c31df3cb9.uexp" 717
"C:/Program Files (x86)/Steam/steamapps/common/F1 Manager 2024/F1Manager24/Content/Paks/AC_TrackBridge_v0.2/tools/CookWorkspace/Content/TrackBridge/KalinagoScene/Run_2b0d5b5e7e44432db837463ecc98aa91/Materials/M_1_00_kalinago_68.uasset" 718
"C:/Program Files (x86)/Steam/steamapps/common/F1 Manager 2024/F1Manager24/Content/Paks/AC_TrackBridge_v0.2/tools/CookWorkspace/Content/TrackBridge/KalinagoScene/Run_2b0d5b5e7e44432db837463ecc98aa91/Materials/M_1_00_kalinago_68.uexp" 719
"C:/Program Files (x86)/Steam/steamapps/common/F1 Manager 2024/F1Manager24/Content/Paks/AC_TrackBridge_v0.2/tools/CookWorkspace/Content/TrackBridge/KalinagoScene/Run_2b0d5b5e7e44432db837463ecc98aa91/Meshes/SM_1_00_kalinago.uasset" 720
"C:/Program Files (x86)/Steam/steamapps/common/F1 Manager 2024/F1Manager24/Content/Paks/AC_TrackBridge_v0.2/tools/CookWorkspace/Content/TrackBridge/KalinagoScene/Run_2b0d5b5e7e44432db837463ecc98aa91/Meshes/SM_1_00_kalinago.uexp" 721
"C:/Program Files (x86)/Steam/steamapps/common/F1 Manager 2024/F1Manager24/Content/Paks/AC_TrackBridge_v0.2/tools/CookWorkspace/Content/TrackBridge/KalinagoScene/Run_2b0d5b5e7e44432db837463ecc98aa91/Materials/M_20_kunos_props_b_0.uasset" 722
"C:/Program Files (x86)/Steam/steamapps/common/F1 Manager 2024/F1Manager24/Content/Paks/AC_TrackBridge_v0.2/tools/CookWorkspace/Content/TrackBridge/KalinagoScene/Run_2b0d5b5e7e44432db837463ecc98aa91/Materials/M_20_kunos_props_b_0.uexp" 723
"C:/Program Files (x86)/Steam/steamapps/common/F1 Manager 2024/F1Manager24/Content/Paks/AC_TrackBridge_v0.2/tools/CookWorkspace/Content/TrackBridge/KalinagoScene/Run_2b0d5b5e7e44432db837463ecc98aa91/Materials/M_20_kunos_props_b_1.uasset" 724
"C:/Program Files (x86)/Steam/steamapps/common/F1 Manager 2024/F1Manager24/Content/Paks/AC_TrackBridge_v0.2/tools/CookWorkspace/Content/TrackBridge/KalinagoScene/Run_2b0d5b5e7e44432db837463ecc98aa91/Materials/M_20_kunos_props_b_1.uexp" 725
"C:/Program Files (x86)/Steam/steamapps/common/F1 Manager 2024/F1Manager24/Content/Paks/AC_TrackBridge_v0.2/tools/CookWorkspace/Content/TrackBridge/KalinagoScene/Run_2b0d5b5e7e44432db837463ecc98aa91/Materials/M_20_kunos_props_b_2.uasset" 726
"C:/Program Files (x86)/Steam/steamapps/common/F1 Manager 2024/F1Manager24/Content/Paks/AC_TrackBridge_v0.2/tools/CookWorkspace/Content/TrackBridge/KalinagoScene/Run_2b0d5b5e7e44432db837463ecc98aa91/Materials/M_20_kunos_props_b_2.uexp" 727
"C:/Program Files (x86)/Steam/steamapps/common/F1 Manager 2024/F1Manager24/Content/Paks/AC_TrackBridge_v0.2/tools/CookWorkspace/Content/TrackBridge/KalinagoScene/Run_2b0d5b5e7e44432db837463ecc98aa91/Textures/T_1dd5c148cf696632c5d05bc42fa0738d54696220f919ef03d0c072ca65943295.ubulk" 728
"C:/Program Files (x86)/Steam/steamapps/common/F1 Manager 2024/F1Manager24/Content/Paks/AC_TrackBridge_v0.2/tools/CookWorkspace/Content/TrackBridge/KalinagoScene/Run_2b0d5b5e7e44432db837463ecc98aa91/Textures/T_1dd5c148cf696632c5d05bc42fa0738d54696220f919ef03d0c072ca65943295.uasset" 729
"C:/Program Files (x86)/Steam/steamapps/common/F1 Manager 2024/F1Manager24/Content/Paks/AC_TrackBridge_v0.2/tools/CookWorkspace/Content/TrackBridge/KalinagoScene/Run_2b0d5b5e7e44432db837463ecc98aa91/Textures/T_1dd5c148cf696632c5d05bc42fa0738d54696220f919ef03d0c072ca65943295.uexp" 730
"C:/Program Files (x86)/Steam/steamapps/common/F1 Manager 2024/F1Manager24/Content/Paks/AC_TrackBridge_v0.2/tools/CookWorkspace/Content/TrackBridge/KalinagoScene/Run_2b0d5b5e7e44432db837463ecc98aa91/Materials/M_20_kunos_props_b_3.uasset" 731
"C:/Program Files (x86)/Steam/steamapps/common/F1 Manager 2024/F1Manager24/Content/Paks/AC_TrackBridge_v0.2/tools/CookWorkspace/Content/TrackBridge/KalinagoScene/Run_2b0d5b5e7e44432db837463ecc98aa91/Materials/M_20_kunos_props_b_3.uexp" 732
"C:/Program Files (x86)/Steam/steamapps/common/F1 Manager 2024/F1Manager24/Content/Paks/AC_TrackBridge_v0.2/tools/CookWorkspace/Content/TrackBridge/KalinagoScene/Run_2b0d5b5e7e44432db837463ecc98aa91/Materials/M_20_kunos_props_b_4.uasset" 733
"C:/Program Files (x86)/Steam/steamapps/common/F1 Manager 2024/F1Manager24/Content/Paks/AC_TrackBridge_v0.2/tools/CookWorkspace/Content/TrackBridge/KalinagoScene/Run_2b0d5b5e7e44432db837463ecc98aa91/Materials/M_20_kunos_props_b_4.uexp" 734
"C:/Program Files (x86)/Steam/steamapps/common/F1 Manager 2024/F1Manager24/Content/Paks/AC_TrackBridge_v0.2/tools/CookWorkspace/Content/TrackBridge/KalinagoScene/Run_2b0d5b5e7e44432db837463ecc98aa91/Textures/T_61f90ee6f4dd2b40152722c95960be24b92032e5199c202155771a6f0209f0a3.ubulk" 735
"C:/Program Files (x86)/Steam/steamapps/common/F1 Manager 2024/F1Manager24/Content/Paks/AC_TrackBridge_v0.2/tools/CookWorkspace/Content/TrackBridge/KalinagoScene/Run_2b0d5b5e7e44432db837463ecc98aa91/Textures/T_61f90ee6f4dd2b40152722c95960be24b92032e5199c202155771a6f0209f0a3.uasset" 736
"C:/Program Files (x86)/Steam/steamapps/common/F1 Manager 2024/F1Manager24/Content/Paks/AC_TrackBridge_v0.2/tools/CookWorkspace/Content/TrackBridge/KalinagoScene/Run_2b0d5b5e7e44432db837463ecc98aa91/Textures/T_61f90ee6f4dd2b40152722c95960be24b92032e5199c202155771a6f0209f0a3.uexp" 737
"C:/Program Files (x86)/Steam/steamapps/common/F1 Manager 2024/F1Manager24/Content/Paks/AC_TrackBridge_v0.2/tools/CookWorkspace/Content/TrackBridge/KalinagoScene/Run_2b0d5b5e7e44432db837463ecc98aa91/Materials/M_20_kunos_props_b_5.uasset" 738
"C:/Program Files (x86)/Steam/steamapps/common/F1 Manager 2024/F1Manager24/Content/Paks/AC_TrackBridge_v0.2/tools/CookWorkspace/Content/TrackBridge/KalinagoScene/Run_2b0d5b5e7e44432db837463ecc98aa91/Materials/M_20_kunos_props_b_5.uexp" 739
"C:/Program Files (x86)/Steam/steamapps/common/F1 Manager 2024/F1Manager24/Content/Paks/AC_TrackBridge_v0.2/tools/CookWorkspace/Content/TrackBridge/KalinagoScene/Run_2b0d5b5e7e44432db837463ecc98aa91/Textures/T_8d6e3453ae52bf2b006f1bf998cf221ad36c85a52edd6a1360a5e64040cc1702.ubulk" 740
"C:/Program Files (x86)/Steam/steamapps/common/F1 Manager 2024/F1Manager24/Content/Paks/AC_TrackBridge_v0.2/tools/CookWorkspace/Content/TrackBridge/KalinagoScene/Run_2b0d5b5e7e44432db837463ecc98aa91/Textures/T_8d6e3453ae52bf2b006f1bf998cf221ad36c85a52edd6a1360a5e64040cc1702.uasset" 741
"C:/Program Files (x86)/Steam/steamapps/common/F1 Manager 2024/F1Manager24/Content/Paks/AC_TrackBridge_v0.2/tools/CookWorkspace/Content/TrackBridge/KalinagoScene/Run_2b0d5b5e7e44432db837463ecc98aa91/Textures/T_8d6e3453ae52bf2b006f1bf998cf221ad36c85a52edd6a1360a5e64040cc1702.uexp" 742
"C:/Program Files (x86)/Steam/steamapps/common/F1 Manager 2024/F1Manager24/Content/Paks/AC_TrackBridge_v0.2/tools/CookWorkspace/Content/TrackBridge/KalinagoScene/Run_2b0d5b5e7e44432db837463ecc98aa91/Materials/M_20_kunos_props_b_6.uasset" 743
"C:/Program Files (x86)/Steam/steamapps/common/F1 Manager 2024/F1Manager24/Content/Paks/AC_TrackBridge_v0.2/tools/CookWorkspace/Content/TrackBridge/KalinagoScene/Run_2b0d5b5e7e44432db837463ecc98aa91/Materials/M_20_kunos_props_b_6.uexp" 744
"C:/Program Files (x86)/Steam/steamapps/common/F1 Manager 2024/F1Manager24/Content/Paks/AC_TrackBridge_v0.2/tools/CookWorkspace/Content/TrackBridge/KalinagoScene/Run_2b0d5b5e7e44432db837463ecc98aa91/Textures/T_658b32bfa3d5b7072159b4c6402daaad5e98c5ca6e034751347fd04e4c2eb88f.ubulk" 745
"C:/Program Files (x86)/Steam/steamapps/common/F1 Manager 2024/F1Manager24/Content/Paks/AC_TrackBridge_v0.2/tools/CookWorkspace/Content/TrackBridge/KalinagoScene/Run_2b0d5b5e7e44432db837463ecc98aa91/Textures/T_658b32bfa3d5b7072159b4c6402daaad5e98c5ca6e034751347fd04e4c2eb88f.uasset" 746
"C:/Program Files (x86)/Steam/steamapps/common/F1 Manager 2024/F1Manager24/Content/Paks/AC_TrackBridge_v0.2/tools/CookWorkspace/Content/TrackBridge/KalinagoScene/Run_2b0d5b5e7e44432db837463ecc98aa91/Textures/T_658b32bfa3d5b7072159b4c6402daaad5e98c5ca6e034751347fd04e4c2eb88f.uexp" 747
"C:/Program Files (x86)/Steam/steamapps/common/F1 Manager 2024/F1Manager24/Content/Paks/AC_TrackBridge_v0.2/tools/CookWorkspace/Content/TrackBridge/KalinagoScene/Run_2b0d5b5e7e44432db837463ecc98aa91/Materials/M_20_kunos_props_b_7.uasset" 748
"C:/Program Files (x86)/Steam/steamapps/common/F1 Manager 2024/F1Manager24/Content/Paks/AC_TrackBridge_v0.2/tools/CookWorkspace/Content/TrackBridge/KalinagoScene/Run_2b0d5b5e7e44432db837463ecc98aa91/Materials/M_20_kunos_props_b_7.uexp" 749
"C:/Program Files (x86)/Steam/steamapps/common/F1 Manager 2024/F1Manager24/Content/Paks/AC_TrackBridge_v0.2/tools/CookWorkspace/Content/TrackBridge/KalinagoScene/Run_2b0d5b5e7e44432db837463ecc98aa91/Materials/M_20_kunos_props_b_8.uasset" 750
"C:/Program Files (x86)/Steam/steamapps/common/F1 Manager 2024/F1Manager24/Content/Paks/AC_TrackBridge_v0.2/tools/CookWorkspace/Content/TrackBridge/KalinagoScene/Run_2b0d5b5e7e44432db837463ecc98aa91/Materials/M_20_kunos_props_b_8.uexp" 751
"C:/Program Files (x86)/Steam/steamapps/common/F1 Manager 2024/F1Manager24/Content/Paks/AC_TrackBridge_v0.2/tools/CookWorkspace/Content/TrackBridge/KalinagoScene/Run_2b0d5b5e7e44432db837463ecc98aa91/Textures/T_9ae69a64258e903f520d4c68ad304f57cbcf49ad7ac7741bf7f404e96428650e.ubulk" 752
"C:/Program Files (x86)/Steam/steamapps/common/F1 Manager 2024/F1Manager24/Content/Paks/AC_TrackBridge_v0.2/tools/CookWorkspace/Content/TrackBridge/KalinagoScene/Run_2b0d5b5e7e44432db837463ecc98aa91/Textures/T_9ae69a64258e903f520d4c68ad304f57cbcf49ad7ac7741bf7f404e96428650e.uasset" 753
"C:/Program Files (x86)/Steam/steamapps/common/F1 Manager 2024/F1Manager24/Content/Paks/AC_TrackBridge_v0.2/tools/CookWorkspace/Content/TrackBridge/KalinagoScene/Run_2b0d5b5e7e44432db837463ecc98aa91/Textures/T_9ae69a64258e903f520d4c68ad304f57cbcf49ad7ac7741bf7f404e96428650e.uexp" 754
"C:/Program Files (x86)/Steam/steamapps/common/F1 Manager 2024/F1Manager24/Content/Paks/AC_TrackBridge_v0.2/tools/CookWorkspace/Content/TrackBridge/KalinagoScene/Run_2b0d5b5e7e44432db837463ecc98aa91/Materials/M_20_kunos_props_b_9.uasset" 755
"C:/Program Files (x86)/Steam/steamapps/common/F1 Manager 2024/F1Manager24/Content/Paks/AC_TrackBridge_v0.2/tools/CookWorkspace/Content/TrackBridge/KalinagoScene/Run_2b0d5b5e7e44432db837463ecc98aa91/Materials/M_20_kunos_props_b_9.uexp" 756
"C:/Program Files (x86)/Steam/steamapps/common/F1 Manager 2024/F1Manager24/Content/Paks/AC_TrackBridge_v0.2/tools/CookWorkspace/Content/TrackBridge/KalinagoScene/Run_2b0d5b5e7e44432db837463ecc98aa91/Textures/T_4f31913f9bd0ffbdb0ee95da18c23eb6beee73b8751994fa456d6dffe4d085d6.ubulk" 757
"C:/Program Files (x86)/Steam/steamapps/common/F1 Manager 2024/F1Manager24/Content/Paks/AC_TrackBridge_v0.2/tools/CookWorkspace/Content/TrackBridge/KalinagoScene/Run_2b0d5b5e7e44432db837463ecc98aa91/Textures/T_4f31913f9bd0ffbdb0ee95da18c23eb6beee73b8751994fa456d6dffe4d085d6.uasset" 758
"C:/Program Files (x86)/Steam/steamapps/common/F1 Manager 2024/F1Manager24/Content/Paks/AC_TrackBridge_v0.2/tools/CookWorkspace/Content/TrackBridge/KalinagoScene/Run_2b0d5b5e7e44432db837463ecc98aa91/Textures/T_4f31913f9bd0ffbdb0ee95da18c23eb6beee73b8751994fa456d6dffe4d085d6.uexp" 759
"C:/Program Files (x86)/Steam/steamapps/common/F1 Manager 2024/F1Manager24/Content/Paks/AC_TrackBridge_v0.2/tools/CookWorkspace/Content/TrackBridge/KalinagoScene/Run_2b0d5b5e7e44432db837463ecc98aa91/Materials/M_20_kunos_props_b_10.uasset" 760
"C:/Program Files (x86)/Steam/steamapps/common/F1 Manager 2024/F1Manager24/Content/Paks/AC_TrackBridge_v0.2/tools/CookWorkspace/Content/TrackBridge/KalinagoScene/Run_2b0d5b5e7e44432db837463ecc98aa91/Materials/M_20_kunos_props_b_10.uexp" 761
"C:/Program Files (x86)/Steam/steamapps/common/F1 Manager 2024/F1Manager24/Content/Paks/AC_TrackBridge_v0.2/tools/CookWorkspace/Content/TrackBridge/KalinagoScene/Run_2b0d5b5e7e44432db837463ecc98aa91/Textures/T_c3afcb45f88c6d97a189267d58ee70053c5ecbe90ca4ff60c0516d3c60f73a1e.ubulk" 762
"C:/Program Files (x86)/Steam/steamapps/common/F1 Manager 2024/F1Manager24/Content/Paks/AC_TrackBridge_v0.2/tools/CookWorkspace/Content/TrackBridge/KalinagoScene/Run_2b0d5b5e7e44432db837463ecc98aa91/Textures/T_c3afcb45f88c6d97a189267d58ee70053c5ecbe90ca4ff60c0516d3c60f73a1e.uasset" 763
"C:/Program Files (x86)/Steam/steamapps/common/F1 Manager 2024/F1Manager24/Content/Paks/AC_TrackBridge_v0.2/tools/CookWorkspace/Content/TrackBridge/KalinagoScene/Run_2b0d5b5e7e44432db837463ecc98aa91/Textures/T_c3afcb45f88c6d97a189267d58ee70053c5ecbe90ca4ff60c0516d3c60f73a1e.uexp" 764
"C:/Program Files (x86)/Steam/steamapps/common/F1 Manager 2024/F1Manager24/Content/Paks/AC_TrackBridge_v0.2/tools/CookWorkspace/Content/TrackBridge/KalinagoScene/Run_2b0d5b5e7e44432db837463ecc98aa91/Materials/M_20_kunos_props_b_11.uasset" 765
"C:/Program Files (x86)/Steam/steamapps/common/F1 Manager 2024/F1Manager24/Content/Paks/AC_TrackBridge_v0.2/tools/CookWorkspace/Content/TrackBridge/KalinagoScene/Run_2b0d5b5e7e44432db837463ecc98aa91/Materials/M_20_kunos_props_b_11.uexp" 766
"C:/Program Files (x86)/Steam/steamapps/common/F1 Manager 2024/F1Manager24/Content/Paks/AC_TrackBridge_v0.2/tools/CookWorkspace/Content/TrackBridge/KalinagoScene/Run_2b0d5b5e7e44432db837463ecc98aa91/Materials/M_20_kunos_props_b_12.uasset" 767
"C:/Program Files (x86)/Steam/steamapps/common/F1 Manager 2024/F1Manager24/Content/Paks/AC_TrackBridge_v0.2/tools/CookWorkspace/Content/TrackBridge/KalinagoScene/Run_2b0d5b5e7e44432db837463ecc98aa91/Materials/M_20_kunos_props_b_12.uexp" 768
"C:/Program Files (x86)/Steam/steamapps/common/F1 Manager 2024/F1Manager24/Content/Paks/AC_TrackBridge_v0.2/tools/CookWorkspace/Content/TrackBridge/KalinagoScene/Run_2b0d5b5e7e44432db837463ecc98aa91/Materials/M_20_kunos_props_b_13.uasset" 769
"C:/Program Files (x86)/Steam/steamapps/common/F1 Manager 2024/F1Manager24/Content/Paks/AC_TrackBridge_v0.2/tools/CookWorkspace/Content/TrackBridge/KalinagoScene/Run_2b0d5b5e7e44432db837463ecc98aa91/Materials/M_20_kunos_props_b_13.uexp" 770
"C:/Program Files (x86)/Steam/steamapps/common/F1 Manager 2024/F1Manager24/Content/Paks/AC_TrackBridge_v0.2/tools/CookWorkspace/Content/TrackBridge/KalinagoScene/Run_2b0d5b5e7e44432db837463ecc98aa91/Meshes/SM_20_kunos_props_b.uasset" 771
"C:/Program Files (x86)/Steam/steamapps/common/F1 Manager 2024/F1Manager24/Content/Paks/AC_TrackBridge_v0.2/tools/CookWorkspace/Content/TrackBridge/KalinagoScene/Run_2b0d5b5e7e44432db837463ecc98aa91/Meshes/SM_20_kunos_props_b.uexp" 772
"C:/Program Files (x86)/Steam/steamapps/common/F1 Manager 2024/F1Manager24/Content/Paks/AC_TrackBridge_v0.2/tools/CookWorkspace/Content/TrackBridge/KalinagoScene/Run_2b0d5b5e7e44432db837463ecc98aa91/Textures/T_85bbf3afd272218aeb91ddd14f8bb52d652a1cdb8633db422c6623873f5a0fae.ubulk" 773
"C:/Program Files (x86)/Steam/steamapps/common/F1 Manager 2024/F1Manager24/Content/Paks/AC_TrackBridge_v0.2/tools/CookWorkspace/Content/TrackBridge/KalinagoScene/Run_2b0d5b5e7e44432db837463ecc98aa91/Textures/T_85bbf3afd272218aeb91ddd14f8bb52d652a1cdb8633db422c6623873f5a0fae.uasset" 774
"C:/Program Files (x86)/Steam/steamapps/common/F1 Manager 2024/F1Manager24/Content/Paks/AC_TrackBridge_v0.2/tools/CookWorkspace/Content/TrackBridge/KalinagoScene/Run_2b0d5b5e7e44432db837463ecc98aa91/Textures/T_85bbf3afd272218aeb91ddd14f8bb52d652a1cdb8633db422c6623873f5a0fae.uexp" 775
"C:/Program Files (x86)/Steam/steamapps/common/F1 Manager 2024/F1Manager24/Content/Paks/AC_TrackBridge_v0.2/tools/CookWorkspace/Content/TrackBridge/KalinagoScene/Run_2b0d5b5e7e44432db837463ecc98aa91/Materials/M_6_mountains_0.uasset" 776
"C:/Program Files (x86)/Steam/steamapps/common/F1 Manager 2024/F1Manager24/Content/Paks/AC_TrackBridge_v0.2/tools/CookWorkspace/Content/TrackBridge/KalinagoScene/Run_2b0d5b5e7e44432db837463ecc98aa91/Materials/M_6_mountains_0.uexp" 777
"C:/Program Files (x86)/Steam/steamapps/common/F1 Manager 2024/F1Manager24/Content/Paks/AC_TrackBridge_v0.2/tools/CookWorkspace/Content/TrackBridge/KalinagoScene/Run_2b0d5b5e7e44432db837463ecc98aa91/Meshes/SM_6_mountains.uasset" 778
"C:/Program Files (x86)/Steam/steamapps/common/F1 Manager 2024/F1Manager24/Content/Paks/AC_TrackBridge_v0.2/tools/CookWorkspace/Content/TrackBridge/KalinagoScene/Run_2b0d5b5e7e44432db837463ecc98aa91/Meshes/SM_6_mountains.uexp" 779
"C:/Program Files (x86)/Steam/steamapps/common/F1 Manager 2024/F1Manager24/Content/Paks/AC_TrackBridge_v0.2/tools/CookWorkspace/Content/TrackBridge/KalinagoScene/Run_2b0d5b5e7e44432db837463ecc98aa91/Materials/M_17_ads_f1_0.uasset" 780
"C:/Program Files (x86)/Steam/steamapps/common/F1 Manager 2024/F1Manager24/Content/Paks/AC_TrackBridge_v0.2/tools/CookWorkspace/Content/TrackBridge/KalinagoScene/Run_2b0d5b5e7e44432db837463ecc98aa91/Materials/M_17_ads_f1_0.uexp" 781
"C:/Program Files (x86)/Steam/steamapps/common/F1 Manager 2024/F1Manager24/Content/Paks/AC_TrackBridge_v0.2/tools/CookWorkspace/Content/TrackBridge/KalinagoScene/Run_2b0d5b5e7e44432db837463ecc98aa91/Materials/M_17_ads_f1_1.uasset" 782
"C:/Program Files (x86)/Steam/steamapps/common/F1 Manager 2024/F1Manager24/Content/Paks/AC_TrackBridge_v0.2/tools/CookWorkspace/Content/TrackBridge/KalinagoScene/Run_2b0d5b5e7e44432db837463ecc98aa91/Materials/M_17_ads_f1_1.uexp" 783
"C:/Program Files (x86)/Steam/steamapps/common/F1 Manager 2024/F1Manager24/Content/Paks/AC_TrackBridge_v0.2/tools/CookWorkspace/Content/TrackBridge/KalinagoScene/Run_2b0d5b5e7e44432db837463ecc98aa91/Textures/T_838b4aa0d0c2129271a0af90a74f7b4e1543acc0c46889627a0e044506363500.ubulk" 784
"C:/Program Files (x86)/Steam/steamapps/common/F1 Manager 2024/F1Manager24/Content/Paks/AC_TrackBridge_v0.2/tools/CookWorkspace/Content/TrackBridge/KalinagoScene/Run_2b0d5b5e7e44432db837463ecc98aa91/Textures/T_838b4aa0d0c2129271a0af90a74f7b4e1543acc0c46889627a0e044506363500.uasset" 785
"C:/Program Files (x86)/Steam/steamapps/common/F1 Manager 2024/F1Manager24/Content/Paks/AC_TrackBridge_v0.2/tools/CookWorkspace/Content/TrackBridge/KalinagoScene/Run_2b0d5b5e7e44432db837463ecc98aa91/Textures/T_838b4aa0d0c2129271a0af90a74f7b4e1543acc0c46889627a0e044506363500.uexp" 786
"C:/Program Files (x86)/Steam/steamapps/common/F1 Manager 2024/F1Manager24/Content/Paks/AC_TrackBridge_v0.2/tools/CookWorkspace/Content/TrackBridge/KalinagoScene/Run_2b0d5b5e7e44432db837463ecc98aa91/Materials/M_17_ads_f1_2.uasset" 787
"C:/Program Files (x86)/Steam/steamapps/common/F1 Manager 2024/F1Manager24/Content/Paks/AC_TrackBridge_v0.2/tools/CookWorkspace/Content/TrackBridge/KalinagoScene/Run_2b0d5b5e7e44432db837463ecc98aa91/Materials/M_17_ads_f1_2.uexp" 788
"C:/Program Files (x86)/Steam/steamapps/common/F1 Manager 2024/F1Manager24/Content/Paks/AC_TrackBridge_v0.2/tools/CookWorkspace/Content/TrackBridge/KalinagoScene/Run_2b0d5b5e7e44432db837463ecc98aa91/Textures/T_d77efef76f22163e9459046a56a10a42fe2be6a8e18000fa5a6cbb296cdcde54.ubulk" 789
"C:/Program Files (x86)/Steam/steamapps/common/F1 Manager 2024/F1Manager24/Content/Paks/AC_TrackBridge_v0.2/tools/CookWorkspace/Content/TrackBridge/KalinagoScene/Run_2b0d5b5e7e44432db837463ecc98aa91/Textures/T_d77efef76f22163e9459046a56a10a42fe2be6a8e18000fa5a6cbb296cdcde54.uasset" 790
"C:/Program Files (x86)/Steam/steamapps/common/F1 Manager 2024/F1Manager24/Content/Paks/AC_TrackBridge_v0.2/tools/CookWorkspace/Content/TrackBridge/KalinagoScene/Run_2b0d5b5e7e44432db837463ecc98aa91/Textures/T_d77efef76f22163e9459046a56a10a42fe2be6a8e18000fa5a6cbb296cdcde54.uexp" 791
"C:/Program Files (x86)/Steam/steamapps/common/F1 Manager 2024/F1Manager24/Content/Paks/AC_TrackBridge_v0.2/tools/CookWorkspace/Content/TrackBridge/KalinagoScene/Run_2b0d5b5e7e44432db837463ecc98aa91/Materials/M_17_ads_f1_3.uasset" 792
"C:/Program Files (x86)/Steam/steamapps/common/F1 Manager 2024/F1Manager24/Content/Paks/AC_TrackBridge_v0.2/tools/CookWorkspace/Content/TrackBridge/KalinagoScene/Run_2b0d5b5e7e44432db837463ecc98aa91/Materials/M_17_ads_f1_3.uexp" 793
"C:/Program Files (x86)/Steam/steamapps/common/F1 Manager 2024/F1Manager24/Content/Paks/AC_TrackBridge_v0.2/tools/CookWorkspace/Content/TrackBridge/KalinagoScene/Run_2b0d5b5e7e44432db837463ecc98aa91/Textures/T_7d64ca281b395e4067a9f7579819dcbf61858886784b52d96745b11761dc1b2d.ubulk" 794
"C:/Program Files (x86)/Steam/steamapps/common/F1 Manager 2024/F1Manager24/Content/Paks/AC_TrackBridge_v0.2/tools/CookWorkspace/Content/TrackBridge/KalinagoScene/Run_2b0d5b5e7e44432db837463ecc98aa91/Textures/T_7d64ca281b395e4067a9f7579819dcbf61858886784b52d96745b11761dc1b2d.uasset" 795
"C:/Program Files (x86)/Steam/steamapps/common/F1 Manager 2024/F1Manager24/Content/Paks/AC_TrackBridge_v0.2/tools/CookWorkspace/Content/TrackBridge/KalinagoScene/Run_2b0d5b5e7e44432db837463ecc98aa91/Textures/T_7d64ca281b395e4067a9f7579819dcbf61858886784b52d96745b11761dc1b2d.uexp" 796
"C:/Program Files (x86)/Steam/steamapps/common/F1 Manager 2024/F1Manager24/Content/Paks/AC_TrackBridge_v0.2/tools/CookWorkspace/Content/TrackBridge/KalinagoScene/Run_2b0d5b5e7e44432db837463ecc98aa91/Materials/M_17_ads_f1_4.uasset" 797
"C:/Program Files (x86)/Steam/steamapps/common/F1 Manager 2024/F1Manager24/Content/Paks/AC_TrackBridge_v0.2/tools/CookWorkspace/Content/TrackBridge/KalinagoScene/Run_2b0d5b5e7e44432db837463ecc98aa91/Materials/M_17_ads_f1_4.uexp" 798
"C:/Program Files (x86)/Steam/steamapps/common/F1 Manager 2024/F1Manager24/Content/Paks/AC_TrackBridge_v0.2/tools/CookWorkspace/Content/TrackBridge/KalinagoScene/Run_2b0d5b5e7e44432db837463ecc98aa91/Textures/T_9327bb66746905fba423cbf293529dcb8a89d954790deab6128eb25814662ad2.ubulk" 799
"C:/Program Files (x86)/Steam/steamapps/common/F1 Manager 2024/F1Manager24/Content/Paks/AC_TrackBridge_v0.2/tools/CookWorkspace/Content/TrackBridge/KalinagoScene/Run_2b0d5b5e7e44432db837463ecc98aa91/Textures/T_9327bb66746905fba423cbf293529dcb8a89d954790deab6128eb25814662ad2.uasset" 800
"C:/Program Files (x86)/Steam/steamapps/common/F1 Manager 2024/F1Manager24/Content/Paks/AC_TrackBridge_v0.2/tools/CookWorkspace/Content/TrackBridge/KalinagoScene/Run_2b0d5b5e7e44432db837463ecc98aa91/Textures/T_9327bb66746905fba423cbf293529dcb8a89d954790deab6128eb25814662ad2.uexp" 801
"C:/Program Files (x86)/Steam/steamapps/common/F1 Manager 2024/F1Manager24/Content/Paks/AC_TrackBridge_v0.2/tools/CookWorkspace/Content/TrackBridge/KalinagoScene/Run_2b0d5b5e7e44432db837463ecc98aa91/Materials/M_17_ads_f1_5.uasset" 802
"C:/Program Files (x86)/Steam/steamapps/common/F1 Manager 2024/F1Manager24/Content/Paks/AC_TrackBridge_v0.2/tools/CookWorkspace/Content/TrackBridge/KalinagoScene/Run_2b0d5b5e7e44432db837463ecc98aa91/Materials/M_17_ads_f1_5.uexp" 803
"C:/Program Files (x86)/Steam/steamapps/common/F1 Manager 2024/F1Manager24/Content/Paks/AC_TrackBridge_v0.2/tools/CookWorkspace/Content/TrackBridge/KalinagoScene/Run_2b0d5b5e7e44432db837463ecc98aa91/Materials/M_17_ads_f1_6.uasset" 804
"C:/Program Files (x86)/Steam/steamapps/common/F1 Manager 2024/F1Manager24/Content/Paks/AC_TrackBridge_v0.2/tools/CookWorkspace/Content/TrackBridge/KalinagoScene/Run_2b0d5b5e7e44432db837463ecc98aa91/Materials/M_17_ads_f1_6.uexp" 805
"C:/Program Files (x86)/Steam/steamapps/common/F1 Manager 2024/F1Manager24/Content/Paks/AC_TrackBridge_v0.2/tools/CookWorkspace/Content/TrackBridge/KalinagoScene/Run_2b0d5b5e7e44432db837463ecc98aa91/Textures/T_d42a708d552ab8bbbb9589537bcb966dc054206654dc1e79fa8e30068ed3e2e3.ubulk" 806
"C:/Program Files (x86)/Steam/steamapps/common/F1 Manager 2024/F1Manager24/Content/Paks/AC_TrackBridge_v0.2/tools/CookWorkspace/Content/TrackBridge/KalinagoScene/Run_2b0d5b5e7e44432db837463ecc98aa91/Textures/T_d42a708d552ab8bbbb9589537bcb966dc054206654dc1e79fa8e30068ed3e2e3.uasset" 807
"C:/Program Files (x86)/Steam/steamapps/common/F1 Manager 2024/F1Manager24/Content/Paks/AC_TrackBridge_v0.2/tools/CookWorkspace/Content/TrackBridge/KalinagoScene/Run_2b0d5b5e7e44432db837463ecc98aa91/Textures/T_d42a708d552ab8bbbb9589537bcb966dc054206654dc1e79fa8e30068ed3e2e3.uexp" 808
"C:/Program Files (x86)/Steam/steamapps/common/F1 Manager 2024/F1Manager24/Content/Paks/AC_TrackBridge_v0.2/tools/CookWorkspace/Content/TrackBridge/KalinagoScene/Run_2b0d5b5e7e44432db837463ecc98aa91/Materials/M_17_ads_f1_7.uasset" 809
"C:/Program Files (x86)/Steam/steamapps/common/F1 Manager 2024/F1Manager24/Content/Paks/AC_TrackBridge_v0.2/tools/CookWorkspace/Content/TrackBridge/KalinagoScene/Run_2b0d5b5e7e44432db837463ecc98aa91/Materials/M_17_ads_f1_7.uexp" 810
"C:/Program Files (x86)/Steam/steamapps/common/F1 Manager 2024/F1Manager24/Content/Paks/AC_TrackBridge_v0.2/tools/CookWorkspace/Content/TrackBridge/KalinagoScene/Run_2b0d5b5e7e44432db837463ecc98aa91/Textures/T_ae64f89a879afbb83739452f11be58f8a42020bf87ff714e242de9824bb649aa.ubulk" 811
"C:/Program Files (x86)/Steam/steamapps/common/F1 Manager 2024/F1Manager24/Content/Paks/AC_TrackBridge_v0.2/tools/CookWorkspace/Content/TrackBridge/KalinagoScene/Run_2b0d5b5e7e44432db837463ecc98aa91/Textures/T_ae64f89a879afbb83739452f11be58f8a42020bf87ff714e242de9824bb649aa.uasset" 812
"C:/Program Files (x86)/Steam/steamapps/common/F1 Manager 2024/F1Manager24/Content/Paks/AC_TrackBridge_v0.2/tools/CookWorkspace/Content/TrackBridge/KalinagoScene/Run_2b0d5b5e7e44432db837463ecc98aa91/Textures/T_ae64f89a879afbb83739452f11be58f8a42020bf87ff714e242de9824bb649aa.uexp" 813
"C:/Program Files (x86)/Steam/steamapps/common/F1 Manager 2024/F1Manager24/Content/Paks/AC_TrackBridge_v0.2/tools/CookWorkspace/Content/TrackBridge/KalinagoScene/Run_2b0d5b5e7e44432db837463ecc98aa91/Materials/M_17_ads_f1_8.uasset" 814
"C:/Program Files (x86)/Steam/steamapps/common/F1 Manager 2024/F1Manager24/Content/Paks/AC_TrackBridge_v0.2/tools/CookWorkspace/Content/TrackBridge/KalinagoScene/Run_2b0d5b5e7e44432db837463ecc98aa91/Materials/M_17_ads_f1_8.uexp" 815
"C:/Program Files (x86)/Steam/steamapps/common/F1 Manager 2024/F1Manager24/Content/Paks/AC_TrackBridge_v0.2/tools/CookWorkspace/Content/TrackBridge/KalinagoScene/Run_2b0d5b5e7e44432db837463ecc98aa91/Textures/T_10208cc6c56db38cf84d007053ea6691595eeac0c4740ef6f5b0c21d8fd1fa73.ubulk" 816
"C:/Program Files (x86)/Steam/steamapps/common/F1 Manager 2024/F1Manager24/Content/Paks/AC_TrackBridge_v0.2/tools/CookWorkspace/Content/TrackBridge/KalinagoScene/Run_2b0d5b5e7e44432db837463ecc98aa91/Textures/T_10208cc6c56db38cf84d007053ea6691595eeac0c4740ef6f5b0c21d8fd1fa73.uasset" 817
"C:/Program Files (x86)/Steam/steamapps/common/F1 Manager 2024/F1Manager24/Content/Paks/AC_TrackBridge_v0.2/tools/CookWorkspace/Content/TrackBridge/KalinagoScene/Run_2b0d5b5e7e44432db837463ecc98aa91/Textures/T_10208cc6c56db38cf84d007053ea6691595eeac0c4740ef6f5b0c21d8fd1fa73.uexp" 818
"C:/Program Files (x86)/Steam/steamapps/common/F1 Manager 2024/F1Manager24/Content/Paks/AC_TrackBridge_v0.2/tools/CookWorkspace/Content/TrackBridge/KalinagoScene/Run_2b0d5b5e7e44432db837463ecc98aa91/Materials/M_17_ads_f1_9.uasset" 819
"C:/Program Files (x86)/Steam/steamapps/common/F1 Manager 2024/F1Manager24/Content/Paks/AC_TrackBridge_v0.2/tools/CookWorkspace/Content/TrackBridge/KalinagoScene/Run_2b0d5b5e7e44432db837463ecc98aa91/Materials/M_17_ads_f1_9.uexp" 820
"C:/Program Files (x86)/Steam/steamapps/common/F1 Manager 2024/F1Manager24/Content/Paks/AC_TrackBridge_v0.2/tools/CookWorkspace/Content/TrackBridge/KalinagoScene/Run_2b0d5b5e7e44432db837463ecc98aa91/Materials/M_17_ads_f1_10.uasset" 821
"C:/Program Files (x86)/Steam/steamapps/common/F1 Manager 2024/F1Manager24/Content/Paks/AC_TrackBridge_v0.2/tools/CookWorkspace/Content/TrackBridge/KalinagoScene/Run_2b0d5b5e7e44432db837463ecc98aa91/Materials/M_17_ads_f1_10.uexp" 822
"C:/Program Files (x86)/Steam/steamapps/common/F1 Manager 2024/F1Manager24/Content/Paks/AC_TrackBridge_v0.2/tools/CookWorkspace/Content/TrackBridge/KalinagoScene/Run_2b0d5b5e7e44432db837463ecc98aa91/Textures/T_27a6a3f00358a760cf6e36f0c3356159d090d4a0bd7cdd97e5699fdebf14c043.ubulk" 823
"C:/Program Files (x86)/Steam/steamapps/common/F1 Manager 2024/F1Manager24/Content/Paks/AC_TrackBridge_v0.2/tools/CookWorkspace/Content/TrackBridge/KalinagoScene/Run_2b0d5b5e7e44432db837463ecc98aa91/Textures/T_27a6a3f00358a760cf6e36f0c3356159d090d4a0bd7cdd97e5699fdebf14c043.uasset" 824
"C:/Program Files (x86)/Steam/steamapps/common/F1 Manager 2024/F1Manager24/Content/Paks/AC_TrackBridge_v0.2/tools/CookWorkspace/Content/TrackBridge/KalinagoScene/Run_2b0d5b5e7e44432db837463ecc98aa91/Textures/T_27a6a3f00358a760cf6e36f0c3356159d090d4a0bd7cdd97e5699fdebf14c043.uexp" 825
"C:/Program Files (x86)/Steam/steamapps/common/F1 Manager 2024/F1Manager24/Content/Paks/AC_TrackBridge_v0.2/tools/CookWorkspace/Content/TrackBridge/KalinagoScene/Run_2b0d5b5e7e44432db837463ecc98aa91/Materials/M_17_ads_f1_11.uasset" 826
"C:/Program Files (x86)/Steam/steamapps/common/F1 Manager 2024/F1Manager24/Content/Paks/AC_TrackBridge_v0.2/tools/CookWorkspace/Content/TrackBridge/KalinagoScene/Run_2b0d5b5e7e44432db837463ecc98aa91/Materials/M_17_ads_f1_11.uexp" 827
"C:/Program Files (x86)/Steam/steamapps/common/F1 Manager 2024/F1Manager24/Content/Paks/AC_TrackBridge_v0.2/tools/CookWorkspace/Content/TrackBridge/KalinagoScene/Run_2b0d5b5e7e44432db837463ecc98aa91/Materials/M_17_ads_f1_12.uasset" 828
"C:/Program Files (x86)/Steam/steamapps/common/F1 Manager 2024/F1Manager24/Content/Paks/AC_TrackBridge_v0.2/tools/CookWorkspace/Content/TrackBridge/KalinagoScene/Run_2b0d5b5e7e44432db837463ecc98aa91/Materials/M_17_ads_f1_12.uexp" 829
"C:/Program Files (x86)/Steam/steamapps/common/F1 Manager 2024/F1Manager24/Content/Paks/AC_TrackBridge_v0.2/tools/CookWorkspace/Content/TrackBridge/KalinagoScene/Run_2b0d5b5e7e44432db837463ecc98aa91/Textures/T_e57232df19172c2f258b796cd521a4bdaac52bb90e1a9a00e58ae90ee078e1cd.ubulk" 830
"C:/Program Files (x86)/Steam/steamapps/common/F1 Manager 2024/F1Manager24/Content/Paks/AC_TrackBridge_v0.2/tools/CookWorkspace/Content/TrackBridge/KalinagoScene/Run_2b0d5b5e7e44432db837463ecc98aa91/Textures/T_e57232df19172c2f258b796cd521a4bdaac52bb90e1a9a00e58ae90ee078e1cd.uasset" 831
"C:/Program Files (x86)/Steam/steamapps/common/F1 Manager 2024/F1Manager24/Content/Paks/AC_TrackBridge_v0.2/tools/CookWorkspace/Content/TrackBridge/KalinagoScene/Run_2b0d5b5e7e44432db837463ecc98aa91/Textures/T_e57232df19172c2f258b796cd521a4bdaac52bb90e1a9a00e58ae90ee078e1cd.uexp" 832
"C:/Program Files (x86)/Steam/steamapps/common/F1 Manager 2024/F1Manager24/Content/Paks/AC_TrackBridge_v0.2/tools/CookWorkspace/Content/TrackBridge/KalinagoScene/Run_2b0d5b5e7e44432db837463ecc98aa91/Materials/M_17_ads_f1_13.uasset" 833
"C:/Program Files (x86)/Steam/steamapps/common/F1 Manager 2024/F1Manager24/Content/Paks/AC_TrackBridge_v0.2/tools/CookWorkspace/Content/TrackBridge/KalinagoScene/Run_2b0d5b5e7e44432db837463ecc98aa91/Materials/M_17_ads_f1_13.uexp" 834
"C:/Program Files (x86)/Steam/steamapps/common/F1 Manager 2024/F1Manager24/Content/Paks/AC_TrackBridge_v0.2/tools/CookWorkspace/Content/TrackBridge/KalinagoScene/Run_2b0d5b5e7e44432db837463ecc98aa91/Meshes/SM_17_ads_f1.uasset" 835
"C:/Program Files (x86)/Steam/steamapps/common/F1 Manager 2024/F1Manager24/Content/Paks/AC_TrackBridge_v0.2/tools/CookWorkspace/Content/TrackBridge/KalinagoScene/Run_2b0d5b5e7e44432db837463ecc98aa91/Meshes/SM_17_ads_f1.uexp" 836
"C:/Program Files (x86)/Steam/steamapps/common/F1 Manager 2024/F1Manager24/Content/Paks/AC_TrackBridge_v0.2/tools/CookWorkspace/Content/TrackBridge/KalinagoScene/Run_2b0d5b5e7e44432db837463ecc98aa91/Textures/T_521d2dda1ea05890c1fdd271d88d92faff1cfe92a472334d16835bb4df569031.ubulk" 837
"C:/Program Files (x86)/Steam/steamapps/common/F1 Manager 2024/F1Manager24/Content/Paks/AC_TrackBridge_v0.2/tools/CookWorkspace/Content/TrackBridge/KalinagoScene/Run_2b0d5b5e7e44432db837463ecc98aa91/Textures/T_521d2dda1ea05890c1fdd271d88d92faff1cfe92a472334d16835bb4df569031.uasset" 838
"C:/Program Files (x86)/Steam/steamapps/common/F1 Manager 2024/F1Manager24/Content/Paks/AC_TrackBridge_v0.2/tools/CookWorkspace/Content/TrackBridge/KalinagoScene/Run_2b0d5b5e7e44432db837463ecc98aa91/Textures/T_521d2dda1ea05890c1fdd271d88d92faff1cfe92a472334d16835bb4df569031.uexp" 839
"C:/Program Files (x86)/Steam/steamapps/common/F1 Manager 2024/F1Manager24/Content/Paks/AC_TrackBridge_v0.2/tools/CookWorkspace/Content/TrackBridge/KalinagoScene/Run_2b0d5b5e7e44432db837463ecc98aa91/Materials/M_11_treewalls_0.uasset" 840
"C:/Program Files (x86)/Steam/steamapps/common/F1 Manager 2024/F1Manager24/Content/Paks/AC_TrackBridge_v0.2/tools/CookWorkspace/Content/TrackBridge/KalinagoScene/Run_2b0d5b5e7e44432db837463ecc98aa91/Materials/M_11_treewalls_0.uexp" 841
"C:/Program Files (x86)/Steam/steamapps/common/F1 Manager 2024/F1Manager24/Content/Paks/AC_TrackBridge_v0.2/tools/CookWorkspace/Content/TrackBridge/KalinagoScene/Run_2b0d5b5e7e44432db837463ecc98aa91/Meshes/SM_11_treewalls.uasset" 842
"C:/Program Files (x86)/Steam/steamapps/common/F1 Manager 2024/F1Manager24/Content/Paks/AC_TrackBridge_v0.2/tools/CookWorkspace/Content/TrackBridge/KalinagoScene/Run_2b0d5b5e7e44432db837463ecc98aa91/Meshes/SM_11_treewalls.uexp" 843
"C:/Program Files (x86)/Steam/steamapps/common/F1 Manager 2024/F1Manager24/Content/Paks/AC_TrackBridge_v0.2/tools/CookWorkspace/Content/TrackBridge/KalinagoScene/Run_2b0d5b5e7e44432db837463ecc98aa91/Materials/M_22_flags_f1_0.uasset" 844
"C:/Program Files (x86)/Steam/steamapps/common/F1 Manager 2024/F1Manager24/Content/Paks/AC_TrackBridge_v0.2/tools/CookWorkspace/Content/TrackBridge/KalinagoScene/Run_2b0d5b5e7e44432db837463ecc98aa91/Materials/M_22_flags_f1_0.uexp" 845
"C:/Program Files (x86)/Steam/steamapps/common/F1 Manager 2024/F1Manager24/Content/Paks/AC_TrackBridge_v0.2/tools/CookWorkspace/Content/TrackBridge/KalinagoScene/Run_2b0d5b5e7e44432db837463ecc98aa91/Textures/T_5835ec49cac59afb4d60ba6a430da97bf66a302c86cd498f636ff8fef4384fcd.ubulk" 846
"C:/Program Files (x86)/Steam/steamapps/common/F1 Manager 2024/F1Manager24/Content/Paks/AC_TrackBridge_v0.2/tools/CookWorkspace/Content/TrackBridge/KalinagoScene/Run_2b0d5b5e7e44432db837463ecc98aa91/Textures/T_5835ec49cac59afb4d60ba6a430da97bf66a302c86cd498f636ff8fef4384fcd.uasset" 847
"C:/Program Files (x86)/Steam/steamapps/common/F1 Manager 2024/F1Manager24/Content/Paks/AC_TrackBridge_v0.2/tools/CookWorkspace/Content/TrackBridge/KalinagoScene/Run_2b0d5b5e7e44432db837463ecc98aa91/Textures/T_5835ec49cac59afb4d60ba6a430da97bf66a302c86cd498f636ff8fef4384fcd.uexp" 848
"C:/Program Files (x86)/Steam/steamapps/common/F1 Manager 2024/F1Manager24/Content/Paks/AC_TrackBridge_v0.2/tools/CookWorkspace/Content/TrackBridge/KalinagoScene/Run_2b0d5b5e7e44432db837463ecc98aa91/Materials/M_22_flags_f1_1.uasset" 849
"C:/Program Files (x86)/Steam/steamapps/common/F1 Manager 2024/F1Manager24/Content/Paks/AC_TrackBridge_v0.2/tools/CookWorkspace/Content/TrackBridge/KalinagoScene/Run_2b0d5b5e7e44432db837463ecc98aa91/Materials/M_22_flags_f1_1.uexp" 850
"C:/Program Files (x86)/Steam/steamapps/common/F1 Manager 2024/F1Manager24/Content/Paks/AC_TrackBridge_v0.2/tools/CookWorkspace/Content/TrackBridge/KalinagoScene/Run_2b0d5b5e7e44432db837463ecc98aa91/Textures/T_3afa03810a530b8a3f1d2e4699b7cf9fd0c148b80473de5c8bda734e5b99f942.ubulk" 851
"C:/Program Files (x86)/Steam/steamapps/common/F1 Manager 2024/F1Manager24/Content/Paks/AC_TrackBridge_v0.2/tools/CookWorkspace/Content/TrackBridge/KalinagoScene/Run_2b0d5b5e7e44432db837463ecc98aa91/Textures/T_3afa03810a530b8a3f1d2e4699b7cf9fd0c148b80473de5c8bda734e5b99f942.uasset" 852
"C:/Program Files (x86)/Steam/steamapps/common/F1 Manager 2024/F1Manager24/Content/Paks/AC_TrackBridge_v0.2/tools/CookWorkspace/Content/TrackBridge/KalinagoScene/Run_2b0d5b5e7e44432db837463ecc98aa91/Textures/T_3afa03810a530b8a3f1d2e4699b7cf9fd0c148b80473de5c8bda734e5b99f942.uexp" 853
"C:/Program Files (x86)/Steam/steamapps/common/F1 Manager 2024/F1Manager24/Content/Paks/AC_TrackBridge_v0.2/tools/CookWorkspace/Content/TrackBridge/KalinagoScene/Run_2b0d5b5e7e44432db837463ecc98aa91/Materials/M_22_flags_f1_2.uasset" 854
"C:/Program Files (x86)/Steam/steamapps/common/F1 Manager 2024/F1Manager24/Content/Paks/AC_TrackBridge_v0.2/tools/CookWorkspace/Content/TrackBridge/KalinagoScene/Run_2b0d5b5e7e44432db837463ecc98aa91/Materials/M_22_flags_f1_2.uexp" 855
"C:/Program Files (x86)/Steam/steamapps/common/F1 Manager 2024/F1Manager24/Content/Paks/AC_TrackBridge_v0.2/tools/CookWorkspace/Content/TrackBridge/KalinagoScene/Run_2b0d5b5e7e44432db837463ecc98aa91/Textures/T_8cdd99eacc300c541323f0b38fb46e9786c272a642bd57ebc0121c24e2e02a81.ubulk" 856
"C:/Program Files (x86)/Steam/steamapps/common/F1 Manager 2024/F1Manager24/Content/Paks/AC_TrackBridge_v0.2/tools/CookWorkspace/Content/TrackBridge/KalinagoScene/Run_2b0d5b5e7e44432db837463ecc98aa91/Textures/T_8cdd99eacc300c541323f0b38fb46e9786c272a642bd57ebc0121c24e2e02a81.uasset" 857
"C:/Program Files (x86)/Steam/steamapps/common/F1 Manager 2024/F1Manager24/Content/Paks/AC_TrackBridge_v0.2/tools/CookWorkspace/Content/TrackBridge/KalinagoScene/Run_2b0d5b5e7e44432db837463ecc98aa91/Textures/T_8cdd99eacc300c541323f0b38fb46e9786c272a642bd57ebc0121c24e2e02a81.uexp" 858
"C:/Program Files (x86)/Steam/steamapps/common/F1 Manager 2024/F1Manager24/Content/Paks/AC_TrackBridge_v0.2/tools/CookWorkspace/Content/TrackBridge/KalinagoScene/Run_2b0d5b5e7e44432db837463ecc98aa91/Materials/M_22_flags_f1_3.uasset" 859
"C:/Program Files (x86)/Steam/steamapps/common/F1 Manager 2024/F1Manager24/Content/Paks/AC_TrackBridge_v0.2/tools/CookWorkspace/Content/TrackBridge/KalinagoScene/Run_2b0d5b5e7e44432db837463ecc98aa91/Materials/M_22_flags_f1_3.uexp" 860
"C:/Program Files (x86)/Steam/steamapps/common/F1 Manager 2024/F1Manager24/Content/Paks/AC_TrackBridge_v0.2/tools/CookWorkspace/Content/TrackBridge/KalinagoScene/Run_2b0d5b5e7e44432db837463ecc98aa91/Meshes/SM_22_flags_f1.uasset" 861
"C:/Program Files (x86)/Steam/steamapps/common/F1 Manager 2024/F1Manager24/Content/Paks/AC_TrackBridge_v0.2/tools/CookWorkspace/Content/TrackBridge/KalinagoScene/Run_2b0d5b5e7e44432db837463ecc98aa91/Meshes/SM_22_flags_f1.uexp" 862
"C:/Program Files (x86)/Steam/steamapps/common/F1 Manager 2024/F1Manager24/Content/Paks/AC_TrackBridge_v0.2/tools/CookWorkspace/Content/TrackBridge/KalinagoScene/Run_2b0d5b5e7e44432db837463ecc98aa91/Textures/T_73b425c69fe5993225b922da8b8590fee2ed32611c8d8d2763fe2db5dbd7ddba.ubulk" 863
"C:/Program Files (x86)/Steam/steamapps/common/F1 Manager 2024/F1Manager24/Content/Paks/AC_TrackBridge_v0.2/tools/CookWorkspace/Content/TrackBridge/KalinagoScene/Run_2b0d5b5e7e44432db837463ecc98aa91/Textures/T_73b425c69fe5993225b922da8b8590fee2ed32611c8d8d2763fe2db5dbd7ddba.uasset" 864
"C:/Program Files (x86)/Steam/steamapps/common/F1 Manager 2024/F1Manager24/Content/Paks/AC_TrackBridge_v0.2/tools/CookWorkspace/Content/TrackBridge/KalinagoScene/Run_2b0d5b5e7e44432db837463ecc98aa91/Textures/T_73b425c69fe5993225b922da8b8590fee2ed32611c8d8d2763fe2db5dbd7ddba.uexp" 865
"C:/Program Files (x86)/Steam/steamapps/common/F1 Manager 2024/F1Manager24/Content/Paks/AC_TrackBridge_v0.2/tools/CookWorkspace/Content/TrackBridge/KalinagoScene/Run_2b0d5b5e7e44432db837463ecc98aa91/Materials/M_16_layout_gp_0.uasset" 866
"C:/Program Files (x86)/Steam/steamapps/common/F1 Manager 2024/F1Manager24/Content/Paks/AC_TrackBridge_v0.2/tools/CookWorkspace/Content/TrackBridge/KalinagoScene/Run_2b0d5b5e7e44432db837463ecc98aa91/Materials/M_16_layout_gp_0.uexp" 867
"C:/Program Files (x86)/Steam/steamapps/common/F1 Manager 2024/F1Manager24/Content/Paks/AC_TrackBridge_v0.2/tools/CookWorkspace/Content/TrackBridge/KalinagoScene/Run_2b0d5b5e7e44432db837463ecc98aa91/Materials/M_16_layout_gp_1.uasset" 868
"C:/Program Files (x86)/Steam/steamapps/common/F1 Manager 2024/F1Manager24/Content/Paks/AC_TrackBridge_v0.2/tools/CookWorkspace/Content/TrackBridge/KalinagoScene/Run_2b0d5b5e7e44432db837463ecc98aa91/Materials/M_16_layout_gp_1.uexp" 869
"C:/Program Files (x86)/Steam/steamapps/common/F1 Manager 2024/F1Manager24/Content/Paks/AC_TrackBridge_v0.2/tools/CookWorkspace/Content/TrackBridge/KalinagoScene/Run_2b0d5b5e7e44432db837463ecc98aa91/Materials/M_16_layout_gp_2.uasset" 870
"C:/Program Files (x86)/Steam/steamapps/common/F1 Manager 2024/F1Manager24/Content/Paks/AC_TrackBridge_v0.2/tools/CookWorkspace/Content/TrackBridge/KalinagoScene/Run_2b0d5b5e7e44432db837463ecc98aa91/Materials/M_16_layout_gp_2.uexp" 871
"C:/Program Files (x86)/Steam/steamapps/common/F1 Manager 2024/F1Manager24/Content/Paks/AC_TrackBridge_v0.2/tools/CookWorkspace/Content/TrackBridge/KalinagoScene/Run_2b0d5b5e7e44432db837463ecc98aa91/Materials/M_16_layout_gp_3.uasset" 872
"C:/Program Files (x86)/Steam/steamapps/common/F1 Manager 2024/F1Manager24/Content/Paks/AC_TrackBridge_v0.2/tools/CookWorkspace/Content/TrackBridge/KalinagoScene/Run_2b0d5b5e7e44432db837463ecc98aa91/Materials/M_16_layout_gp_3.uexp" 873
"C:/Program Files (x86)/Steam/steamapps/common/F1 Manager 2024/F1Manager24/Content/Paks/AC_TrackBridge_v0.2/tools/CookWorkspace/Content/TrackBridge/KalinagoScene/Run_2b0d5b5e7e44432db837463ecc98aa91/Meshes/SM_16_layout_gp.uasset" 874
"C:/Program Files (x86)/Steam/steamapps/common/F1 Manager 2024/F1Manager24/Content/Paks/AC_TrackBridge_v0.2/tools/CookWorkspace/Content/TrackBridge/KalinagoScene/Run_2b0d5b5e7e44432db837463ecc98aa91/Meshes/SM_16_layout_gp.uexp" 875
"C:/Program Files (x86)/Steam/steamapps/common/F1 Manager 2024/F1Manager24/Content/Paks/AC_TrackBridge_v0.2/tools/CookWorkspace/Content/TrackBridge/KalinagoScene/Run_2b0d5b5e7e44432db837463ecc98aa91/Textures/T_f598826db63e7e564985dd28f4e6a53b65a3c5e869cbdc90b73074a252a0fa18.ubulk" 876
"C:/Program Files (x86)/Steam/steamapps/common/F1 Manager 2024/F1Manager24/Content/Paks/AC_TrackBridge_v0.2/tools/CookWorkspace/Content/TrackBridge/KalinagoScene/Run_2b0d5b5e7e44432db837463ecc98aa91/Textures/T_f598826db63e7e564985dd28f4e6a53b65a3c5e869cbdc90b73074a252a0fa18.uasset" 877
"C:/Program Files (x86)/Steam/steamapps/common/F1 Manager 2024/F1Manager24/Content/Paks/AC_TrackBridge_v0.2/tools/CookWorkspace/Content/TrackBridge/KalinagoScene/Run_2b0d5b5e7e44432db837463ecc98aa91/Textures/T_f598826db63e7e564985dd28f4e6a53b65a3c5e869cbdc90b73074a252a0fa18.uexp" 878
"C:/Program Files (x86)/Steam/steamapps/common/F1 Manager 2024/F1Manager24/Content/Paks/AC_TrackBridge_v0.2/tools/CookWorkspace/Content/TrackBridge/KalinagoScene/Run_2b0d5b5e7e44432db837463ecc98aa91/Materials/M_9_trees_2_0.uasset" 879
"C:/Program Files (x86)/Steam/steamapps/common/F1 Manager 2024/F1Manager24/Content/Paks/AC_TrackBridge_v0.2/tools/CookWorkspace/Content/TrackBridge/KalinagoScene/Run_2b0d5b5e7e44432db837463ecc98aa91/Materials/M_9_trees_2_0.uexp" 880
"C:/Program Files (x86)/Steam/steamapps/common/F1 Manager 2024/F1Manager24/Content/Paks/AC_TrackBridge_v0.2/tools/CookWorkspace/Content/TrackBridge/KalinagoScene/Run_2b0d5b5e7e44432db837463ecc98aa91/Meshes/SM_9_trees_2.uasset" 881
"C:/Program Files (x86)/Steam/steamapps/common/F1 Manager 2024/F1Manager24/Content/Paks/AC_TrackBridge_v0.2/tools/CookWorkspace/Content/TrackBridge/KalinagoScene/Run_2b0d5b5e7e44432db837463ecc98aa91/Meshes/SM_9_trees_2.uexp" 882
"C:/Program Files (x86)/Steam/steamapps/common/F1 Manager 2024/F1Manager24/Content/Paks/AC_TrackBridge_v0.2/tools/CookWorkspace/Content/TrackBridge/KalinagoScene/Run_2b0d5b5e7e44432db837463ecc98aa91/Materials/M_5_startlights_0.uasset" 883
"C:/Program Files (x86)/Steam/steamapps/common/F1 Manager 2024/F1Manager24/Content/Paks/AC_TrackBridge_v0.2/tools/CookWorkspace/Content/TrackBridge/KalinagoScene/Run_2b0d5b5e7e44432db837463ecc98aa91/Materials/M_5_startlights_0.uexp" 884
"C:/Program Files (x86)/Steam/steamapps/common/F1 Manager 2024/F1Manager24/Content/Paks/AC_TrackBridge_v0.2/tools/CookWorkspace/Content/TrackBridge/KalinagoScene/Run_2b0d5b5e7e44432db837463ecc98aa91/Meshes/SM_5_startlights.uasset" 885
"C:/Program Files (x86)/Steam/steamapps/common/F1 Manager 2024/F1Manager24/Content/Paks/AC_TrackBridge_v0.2/tools/CookWorkspace/Content/TrackBridge/KalinagoScene/Run_2b0d5b5e7e44432db837463ecc98aa91/Meshes/SM_5_startlights.uexp" 886
"C:/Program Files (x86)/Steam/steamapps/common/F1 Manager 2024/F1Manager24/Content/Paks/AC_TrackBridge_v0.2/tools/CookWorkspace/Content/TrackBridge/KalinagoScene/Run_2b0d5b5e7e44432db837463ecc98aa91/Textures/T_402b3b01fa722b0fb9e43208d1b68d1e3d731f0befcc5c5175de02a3fa01da97.ubulk" 887
"C:/Program Files (x86)/Steam/steamapps/common/F1 Manager 2024/F1Manager24/Content/Paks/AC_TrackBridge_v0.2/tools/CookWorkspace/Content/TrackBridge/KalinagoScene/Run_2b0d5b5e7e44432db837463ecc98aa91/Textures/T_402b3b01fa722b0fb9e43208d1b68d1e3d731f0befcc5c5175de02a3fa01da97.uasset" 888
"C:/Program Files (x86)/Steam/steamapps/common/F1 Manager 2024/F1Manager24/Content/Paks/AC_TrackBridge_v0.2/tools/CookWorkspace/Content/TrackBridge/KalinagoScene/Run_2b0d5b5e7e44432db837463ecc98aa91/Textures/T_402b3b01fa722b0fb9e43208d1b68d1e3d731f0befcc5c5175de02a3fa01da97.uexp" 889
"C:/Program Files (x86)/Steam/steamapps/common/F1 Manager 2024/F1Manager24/Content/Paks/AC_TrackBridge_v0.2/tools/CookWorkspace/Content/TrackBridge/KalinagoScene/Run_2b0d5b5e7e44432db837463ecc98aa91/Materials/M_8_trees_1_0.uasset" 890
"C:/Program Files (x86)/Steam/steamapps/common/F1 Manager 2024/F1Manager24/Content/Paks/AC_TrackBridge_v0.2/tools/CookWorkspace/Content/TrackBridge/KalinagoScene/Run_2b0d5b5e7e44432db837463ecc98aa91/Materials/M_8_trees_1_0.uexp" 891
"C:/Program Files (x86)/Steam/steamapps/common/F1 Manager 2024/F1Manager24/Content/Paks/AC_TrackBridge_v0.2/tools/CookWorkspace/Content/TrackBridge/KalinagoScene/Run_2b0d5b5e7e44432db837463ecc98aa91/Textures/T_a4c3ab9ffda6691d3369b00b75fa463cb3e4e33e0f6edf8a50abb4deabf8a2a0.ubulk" 892
"C:/Program Files (x86)/Steam/steamapps/common/F1 Manager 2024/F1Manager24/Content/Paks/AC_TrackBridge_v0.2/tools/CookWorkspace/Content/TrackBridge/KalinagoScene/Run_2b0d5b5e7e44432db837463ecc98aa91/Textures/T_a4c3ab9ffda6691d3369b00b75fa463cb3e4e33e0f6edf8a50abb4deabf8a2a0.uasset" 893
"C:/Program Files (x86)/Steam/steamapps/common/F1 Manager 2024/F1Manager24/Content/Paks/AC_TrackBridge_v0.2/tools/CookWorkspace/Content/TrackBridge/KalinagoScene/Run_2b0d5b5e7e44432db837463ecc98aa91/Textures/T_a4c3ab9ffda6691d3369b00b75fa463cb3e4e33e0f6edf8a50abb4deabf8a2a0.uexp" 894
"C:/Program Files (x86)/Steam/steamapps/common/F1 Manager 2024/F1Manager24/Content/Paks/AC_TrackBridge_v0.2/tools/CookWorkspace/Content/TrackBridge/KalinagoScene/Run_2b0d5b5e7e44432db837463ecc98aa91/Materials/M_8_trees_1_1.uasset" 895
"C:/Program Files (x86)/Steam/steamapps/common/F1 Manager 2024/F1Manager24/Content/Paks/AC_TrackBridge_v0.2/tools/CookWorkspace/Content/TrackBridge/KalinagoScene/Run_2b0d5b5e7e44432db837463ecc98aa91/Materials/M_8_trees_1_1.uexp" 896
"C:/Program Files (x86)/Steam/steamapps/common/F1 Manager 2024/F1Manager24/Content/Paks/AC_TrackBridge_v0.2/tools/CookWorkspace/Content/TrackBridge/KalinagoScene/Run_2b0d5b5e7e44432db837463ecc98aa91/Meshes/SM_8_trees_1.uasset" 897
"C:/Program Files (x86)/Steam/steamapps/common/F1 Manager 2024/F1Manager24/Content/Paks/AC_TrackBridge_v0.2/tools/CookWorkspace/Content/TrackBridge/KalinagoScene/Run_2b0d5b5e7e44432db837463ecc98aa91/Meshes/SM_8_trees_1.uexp" 898
"C:/Program Files (x86)/Steam/steamapps/common/F1 Manager 2024/F1Manager24/Content/Paks/AC_TrackBridge_v0.2/tools/CookWorkspace/Content/TrackBridge/KalinagoScene/Run_2b0d5b5e7e44432db837463ecc98aa91/Textures/T_6e945f6b4c8f4e22421a6d6caa77ffac0867fbad0288723c2167da8013708528.ubulk" 899
"C:/Program Files (x86)/Steam/steamapps/common/F1 Manager 2024/F1Manager24/Content/Paks/AC_TrackBridge_v0.2/tools/CookWorkspace/Content/TrackBridge/KalinagoScene/Run_2b0d5b5e7e44432db837463ecc98aa91/Textures/T_6e945f6b4c8f4e22421a6d6caa77ffac0867fbad0288723c2167da8013708528.uasset" 900
"C:/Program Files (x86)/Steam/steamapps/common/F1 Manager 2024/F1Manager24/Content/Paks/AC_TrackBridge_v0.2/tools/CookWorkspace/Content/TrackBridge/KalinagoScene/Run_2b0d5b5e7e44432db837463ecc98aa91/Textures/T_6e945f6b4c8f4e22421a6d6caa77ffac0867fbad0288723c2167da8013708528.uexp" 901
"C:/Program Files (x86)/Steam/steamapps/common/F1 Manager 2024/F1Manager24/Content/Paks/AC_TrackBridge_v0.2/tools/CookWorkspace/Content/TrackBridge/KalinagoScene/Run_2b0d5b5e7e44432db837463ecc98aa91/Materials/M_7_grase_0.uasset" 902
"C:/Program Files (x86)/Steam/steamapps/common/F1 Manager 2024/F1Manager24/Content/Paks/AC_TrackBridge_v0.2/tools/CookWorkspace/Content/TrackBridge/KalinagoScene/Run_2b0d5b5e7e44432db837463ecc98aa91/Materials/M_7_grase_0.uexp" 903
"C:/Program Files (x86)/Steam/steamapps/common/F1 Manager 2024/F1Manager24/Content/Paks/AC_TrackBridge_v0.2/tools/CookWorkspace/Content/TrackBridge/KalinagoScene/Run_2b0d5b5e7e44432db837463ecc98aa91/Textures/T_77fda584e480b9a94a3c5347efeb257e896e143f087fd8816aed50ce472a528d.ubulk" 904
"C:/Program Files (x86)/Steam/steamapps/common/F1 Manager 2024/F1Manager24/Content/Paks/AC_TrackBridge_v0.2/tools/CookWorkspace/Content/TrackBridge/KalinagoScene/Run_2b0d5b5e7e44432db837463ecc98aa91/Textures/T_77fda584e480b9a94a3c5347efeb257e896e143f087fd8816aed50ce472a528d.uasset" 905
"C:/Program Files (x86)/Steam/steamapps/common/F1 Manager 2024/F1Manager24/Content/Paks/AC_TrackBridge_v0.2/tools/CookWorkspace/Content/TrackBridge/KalinagoScene/Run_2b0d5b5e7e44432db837463ecc98aa91/Textures/T_77fda584e480b9a94a3c5347efeb257e896e143f087fd8816aed50ce472a528d.uexp" 906
"C:/Program Files (x86)/Steam/steamapps/common/F1 Manager 2024/F1Manager24/Content/Paks/AC_TrackBridge_v0.2/tools/CookWorkspace/Content/TrackBridge/KalinagoScene/Run_2b0d5b5e7e44432db837463ecc98aa91/Materials/M_7_grase_1.uasset" 907
"C:/Program Files (x86)/Steam/steamapps/common/F1 Manager 2024/F1Manager24/Content/Paks/AC_TrackBridge_v0.2/tools/CookWorkspace/Content/TrackBridge/KalinagoScene/Run_2b0d5b5e7e44432db837463ecc98aa91/Materials/M_7_grase_1.uexp" 908
"C:/Program Files (x86)/Steam/steamapps/common/F1 Manager 2024/F1Manager24/Content/Paks/AC_TrackBridge_v0.2/tools/CookWorkspace/Content/TrackBridge/KalinagoScene/Run_2b0d5b5e7e44432db837463ecc98aa91/Textures/T_1b6e0dd0daeaf8f60de955481910d22b66964baec016668da33c8401175e967c.ubulk" 909
"C:/Program Files (x86)/Steam/steamapps/common/F1 Manager 2024/F1Manager24/Content/Paks/AC_TrackBridge_v0.2/tools/CookWorkspace/Content/TrackBridge/KalinagoScene/Run_2b0d5b5e7e44432db837463ecc98aa91/Textures/T_1b6e0dd0daeaf8f60de955481910d22b66964baec016668da33c8401175e967c.uasset" 910
"C:/Program Files (x86)/Steam/steamapps/common/F1 Manager 2024/F1Manager24/Content/Paks/AC_TrackBridge_v0.2/tools/CookWorkspace/Content/TrackBridge/KalinagoScene/Run_2b0d5b5e7e44432db837463ecc98aa91/Textures/T_1b6e0dd0daeaf8f60de955481910d22b66964baec016668da33c8401175e967c.uexp" 911
"C:/Program Files (x86)/Steam/steamapps/common/F1 Manager 2024/F1Manager24/Content/Paks/AC_TrackBridge_v0.2/tools/CookWorkspace/Content/TrackBridge/KalinagoScene/Run_2b0d5b5e7e44432db837463ecc98aa91/Materials/M_7_grase_2.uasset" 912
"C:/Program Files (x86)/Steam/steamapps/common/F1 Manager 2024/F1Manager24/Content/Paks/AC_TrackBridge_v0.2/tools/CookWorkspace/Content/TrackBridge/KalinagoScene/Run_2b0d5b5e7e44432db837463ecc98aa91/Materials/M_7_grase_2.uexp" 913
"C:/Program Files (x86)/Steam/steamapps/common/F1 Manager 2024/F1Manager24/Content/Paks/AC_TrackBridge_v0.2/tools/CookWorkspace/Content/TrackBridge/KalinagoScene/Run_2b0d5b5e7e44432db837463ecc98aa91/Textures/T_361980156ccdf6b076abeb5a5195c7e9007c882b89c32e9f6a65f2826692f396.ubulk" 914
"C:/Program Files (x86)/Steam/steamapps/common/F1 Manager 2024/F1Manager24/Content/Paks/AC_TrackBridge_v0.2/tools/CookWorkspace/Content/TrackBridge/KalinagoScene/Run_2b0d5b5e7e44432db837463ecc98aa91/Textures/T_361980156ccdf6b076abeb5a5195c7e9007c882b89c32e9f6a65f2826692f396.uasset" 915
"C:/Program Files (x86)/Steam/steamapps/common/F1 Manager 2024/F1Manager24/Content/Paks/AC_TrackBridge_v0.2/tools/CookWorkspace/Content/TrackBridge/KalinagoScene/Run_2b0d5b5e7e44432db837463ecc98aa91/Textures/T_361980156ccdf6b076abeb5a5195c7e9007c882b89c32e9f6a65f2826692f396.uexp" 916
"C:/Program Files (x86)/Steam/steamapps/common/F1 Manager 2024/F1Manager24/Content/Paks/AC_TrackBridge_v0.2/tools/CookWorkspace/Content/TrackBridge/KalinagoScene/Run_2b0d5b5e7e44432db837463ecc98aa91/Materials/M_7_grase_3.uasset" 917
"C:/Program Files (x86)/Steam/steamapps/common/F1 Manager 2024/F1Manager24/Content/Paks/AC_TrackBridge_v0.2/tools/CookWorkspace/Content/TrackBridge/KalinagoScene/Run_2b0d5b5e7e44432db837463ecc98aa91/Materials/M_7_grase_3.uexp" 918
"C:/Program Files (x86)/Steam/steamapps/common/F1 Manager 2024/F1Manager24/Content/Paks/AC_TrackBridge_v0.2/tools/CookWorkspace/Content/TrackBridge/KalinagoScene/Run_2b0d5b5e7e44432db837463ecc98aa91/Materials/M_7_grase_4.uasset" 919
"C:/Program Files (x86)/Steam/steamapps/common/F1 Manager 2024/F1Manager24/Content/Paks/AC_TrackBridge_v0.2/tools/CookWorkspace/Content/TrackBridge/KalinagoScene/Run_2b0d5b5e7e44432db837463ecc98aa91/Materials/M_7_grase_4.uexp" 920
"C:/Program Files (x86)/Steam/steamapps/common/F1 Manager 2024/F1Manager24/Content/Paks/AC_TrackBridge_v0.2/tools/CookWorkspace/Content/TrackBridge/KalinagoScene/Run_2b0d5b5e7e44432db837463ecc98aa91/Meshes/SM_7_grase.uasset" 921
"C:/Program Files (x86)/Steam/steamapps/common/F1 Manager 2024/F1Manager24/Content/Paks/AC_TrackBridge_v0.2/tools/CookWorkspace/Content/TrackBridge/KalinagoScene/Run_2b0d5b5e7e44432db837463ecc98aa91/Meshes/SM_7_grase.uexp" 922
"C:/Program Files (x86)/Steam/steamapps/common/F1 Manager 2024/F1Manager24/Content/Paks/AC_TrackBridge_v0.2/tools/CookWorkspace/Content/TrackBridge/KalinagoScene/Run_2b0d5b5e7e44432db837463ecc98aa91/Materials/M_Map_drs.uasset" 923
"C:/Program Files (x86)/Steam/steamapps/common/F1 Manager 2024/F1Manager24/Content/Paks/AC_TrackBridge_v0.2/tools/CookWorkspace/Content/TrackBridge/KalinagoScene/Run_2b0d5b5e7e44432db837463ecc98aa91/Materials/M_Map_drs.uexp" 924
"C:/Program Files (x86)/Steam/steamapps/common/F1 Manager 2024/F1Manager24/Content/Paks/AC_TrackBridge_v0.2/tools/CookWorkspace/Content/TrackBridge/KalinagoScene/Run_2b0d5b5e7e44432db837463ecc98aa91/Materials/M_Map_ground.uasset" 925
"C:/Program Files (x86)/Steam/steamapps/common/F1 Manager 2024/F1Manager24/Content/Paks/AC_TrackBridge_v0.2/tools/CookWorkspace/Content/TrackBridge/KalinagoScene/Run_2b0d5b5e7e44432db837463ecc98aa91/Materials/M_Map_ground.uexp" 926
"C:/Program Files (x86)/Steam/steamapps/common/F1 Manager 2024/F1Manager24/Content/Paks/AC_TrackBridge_v0.2/tools/CookWorkspace/Content/TrackBridge/KalinagoScene/Run_2b0d5b5e7e44432db837463ecc98aa91/Materials/M_Map_pit.uasset" 927
"C:/Program Files (x86)/Steam/steamapps/common/F1 Manager 2024/F1Manager24/Content/Paks/AC_TrackBridge_v0.2/tools/CookWorkspace/Content/TrackBridge/KalinagoScene/Run_2b0d5b5e7e44432db837463ecc98aa91/Materials/M_Map_pit.uexp" 928
"C:/Program Files (x86)/Steam/steamapps/common/F1 Manager 2024/F1Manager24/Content/Paks/AC_TrackBridge_v0.2/tools/CookWorkspace/Content/TrackBridge/KalinagoScene/Run_2b0d5b5e7e44432db837463ecc98aa91/Materials/M_Map_road.uasset" 929
"C:/Program Files (x86)/Steam/steamapps/common/F1 Manager 2024/F1Manager24/Content/Paks/AC_TrackBridge_v0.2/tools/CookWorkspace/Content/TrackBridge/KalinagoScene/Run_2b0d5b5e7e44432db837463ecc98aa91/Materials/M_Map_road.uexp" 930
"C:/Program Files (x86)/Steam/steamapps/common/F1 Manager 2024/F1Manager24/Content/Paks/AC_TrackBridge_v0.2/tools/CookWorkspace/Content/TrackBridge/KalinagoScene/Run_2b0d5b5e7e44432db837463ecc98aa91/KalinagoVisual.uexp" 931
"C:/Program Files (x86)/Steam/steamapps/common/F1 Manager 2024/F1Manager24/Content/Paks/AC_TrackBridge_v0.2/tools/CookWorkspace/Content/TrackBridge/KalinagoScene/Run_2b0d5b5e7e44432db837463ecc98aa91/KalinagoVisual.umap" 932
