-116.7644,0.1862,36.4932,0.000282
-116.3285,0.1855,36.0497,0.000445
-115.8917,0.1847,35.6054,0.000609
-115.4593,0.1844,35.1649,0.000771
-115.0253,0.1841,34.7229,0.000936
-114.5932,0.1838,34.2825,0.001100
-114.1630,0.1833,33.8433,0.001268
-113.7332,0.1829,33.4039,0.001433
-113.3027,0.1822,32.9630,0.001601
-112.8749,0.1809,32.5246,0.001766
-112.4444,0.1799,32.0840,0.001934
-112.0141,0.1788,31.6444,0.002099
-111.5850,0.1772,31.2070,0.002265
-111.1540,0.1753,30.7690,0.002438
-110.7212,0.1727,30.3299,0.002605
-110.2899,0.1702,29.8937,0.002775
-109.8557,0.1675,29.4558,0.002941
-109.4206,0.1645,29.0179,0.003112
-108.9857,0.1617,28.5812,0.003279
-108.5495,0.1588,28.1424,0.003448
-108.1125,0.1562,27.7030,0.003616
-107.6778,0.1535,27.2662,0.003782
-107.2398,0.1510,26.8270,0.003952
-106.8024,0.1485,26.3885,0.004117
-106.3641,0.1461,25.9491,0.004285
-105.9263,0.1437,25.5094,0.004452
-105.4867,0.1413,25.0679,0.004621
-105.0472,0.1391,24.6263,0.004786
-104.6083,0.1369,24.1852,0.004952
-104.1659,0.1348,23.7406,0.005120
-103.7255,0.1325,23.2977,0.005287
-103.2831,0.1304,22.8529,0.005456
-102.8395,0.1282,22.4067,0.005622
-102.3967,0.1258,21.9612,0.005790
-101.9512,0.1234,21.5129,0.005957
-101.5062,0.1208,21.0647,0.006126
-101.0595,0.1183,20.6150,0.006297
-100.6135,0.1161,20.1661,0.006463
-100.1627,0.1139,19.7124,0.006632
-99.7160,0.1116,19.2628,0.006801
-99.2657,0.1087,18.8101,0.006968
-98.8125,0.1053,18.3542,0.007140
-98.3640,0.1019,17.9030,0.007308
-97.9106,0.0974,17.4470,0.007479
-97.4560,0.0925,16.9898,0.007650
-97.0020,0.0876,16.5330,0.007820
-96.5458,0.0830,16.0740,0.007994
-96.0876,0.0785,15.6130,0.008166
-95.6301,0.0740,15.1529,0.008341
-95.1704,0.0699,14.6909,0.008509
-94.7095,0.0662,14.2283,0.008683
-94.2464,0.0626,13.7645,0.008854
-93.7834,0.0594,13.3008,0.009029
-93.3189,0.0565,12.8361,0.009203
-92.8523,0.0540,12.3700,0.009435
-92.3852,0.0515,11.9038,0.009569
-91.9167,0.0488,11.4371,0.009588
-90.9760,0.0425,10.4995,0.010097
-90.5058,0.0384,10.0306,0.010249
-90.0327,0.0339,9.5590,0.010818
-88.6098,0.0213,8.1418,0.010908
-88.1321,0.0183,7.6665,0.011118
-87.6545,0.0156,7.1915,0.011322
-87.1748,0.0130,6.7145,0.011496
-86.6977,0.0105,6.2400,0.011675
-86.2184,0.0077,5.7631,0.011855
-85.7382,0.0045,5.2845,0.012033
-85.2566,0.0013,4.8044,0.012214
-84.7752,-0.0027,4.3243,0.012393
-84.2914,-0.0067,3.8410,0.012573
-83.8089,-0.0103,3.3588,0.012755
-83.3243,-0.0139,2.8746,0.012938
-82.8380,-0.0167,2.3888,0.013119
-82.3512,-0.0195,1.9037,0.013297
-81.8641,-0.0222,1.4184,0.013481
-81.3754,-0.0244,0.9319,0.013664
-80.8847,-0.0266,0.4437,0.013846
-80.3952,-0.0288,-0.0431,0.014029
-79.9037,-0.0310,-0.5325,0.014214
-79.4114,-0.0334,-1.0228,0.014396
-78.9195,-0.0359,-1.5128,0.014581
-78.4248,-0.0385,-2.0059,0.014767
-77.9320,-0.0412,-2.4973,0.014949
-77.4376,-0.0438,-2.9902,0.015132
-76.9415,-0.0464,-3.4848,0.015319
-76.4443,-0.0486,-3.9806,0.015503
-75.9484,-0.0506,-4.4750,0.015689
-75.4508,-0.0528,-4.9715,0.015876
-74.9528,-0.0548,-5.4687,0.016062
-74.4521,-0.0565,-5.9686,0.016249
-73.9535,-0.0585,-6.4672,0.016435
-73.4536,-0.0603,-6.9677,0.016619
-72.9549,-0.0623,-7.4675,0.016810
-72.4526,-0.0641,-7.9714,0.016995
-71.9532,-0.0659,-8.4731,0.017184
-71.4496,-0.0678,-8.9792,0.017373
-70.9483,-0.0698,-9.4836,0.017562
-70.4454,-0.0716,-9.9897,0.017749
-69.9410,-0.0738,-10.4979,0.017941
-69.4385,-0.0760,-11.0044,0.018128
-68.9356,-0.0781,-11.5115,0.018312
-68.4301,-0.0801,-12.0218,0.018526
-67.9239,-0.0821,-12.5332,0.018697
-67.4190,-0.0837,-13.0437,0.018887
-66.9114,-0.0848,-13.5574,0.019078
-66.4058,-0.0857,-14.0698,0.019269
-65.8987,-0.0863,-14.5839,0.019460
-65.3911,-0.0866,-15.0990,0.019652
-64.8830,-0.0862,-15.6147,0.019843
-64.3742,-0.0859,-16.1311,0.020034
-63.8657,-0.0854,-16.6469,0.020228
-63.3567,-0.0848,-17.1632,0.020417
-62.8445,-0.0847,-17.6825,0.020611
-62.3339,-0.0846,-18.1990,0.020802
-61.8196,-0.0844,-18.7173,0.020995
-61.3047,-0.0844,-19.2350,0.021187
-60.7878,-0.0844,-19.7531,0.021383
-60.2707,-0.0834,-20.2703,0.021576
-59.7526,-0.0826,-20.7873,0.021768
-59.2340,-0.0814,-21.3035,0.021960
-58.7141,-0.0798,-21.8205,0.022155
-58.1949,-0.0777,-22.3364,0.022348
-57.6750,-0.0754,-22.8535,0.022541
-57.1542,-0.0733,-23.3720,0.022735
-56.6333,-0.0713,-23.8908,0.022931
-56.1136,-0.0695,-24.4085,0.023125
-55.5951,-0.0678,-24.9255,0.023317
-55.0732,-0.0660,-25.4462,0.023513
-54.5527,-0.0642,-25.9660,0.023708
-54.0323,-0.0626,-26.4858,0.023902
-53.5103,-0.0616,-27.0079,0.024097
-52.9897,-0.0605,-27.5287,0.024292
-52.4684,-0.0608,-28.0508,0.024486
-51.9472,-0.0611,-28.5723,0.024682
-51.4234,-0.0617,-29.0969,0.024878
-50.9015,-0.0618,-29.6197,0.025073
-50.3786,-0.0612,-30.1436,0.025270
-49.8557,-0.0601,-30.6678,0.025464
-49.3326,-0.0586,-31.1921,0.025660
-48.8091,-0.0573,-31.7168,0.025856
-48.2861,-0.0560,-32.2409,0.026052
-47.7621,-0.0553,-32.7659,0.026249
-47.2407,-0.0549,-33.2882,0.026443
-46.7160,-0.0548,-33.8139,0.026639
-46.1933,-0.0547,-34.3377,0.026835
-45.6727,-0.0543,-34.8593,0.027031
-45.1512,-0.0539,-35.3820,0.027225
-44.6305,-0.0532,-35.9035,0.027420
-44.1096,-0.0527,-36.4250,0.027613
-43.5896,-0.0522,-36.9445,0.027809
-43.0689,-0.0516,-37.4641,0.028002
-42.5477,-0.0512,-37.9836,0.028197
-42.0285,-0.0509,-38.5008,0.028391
-41.5087,-0.0507,-39.0180,0.028586
-40.9896,-0.0509,-39.5341,0.028778
-40.4701,-0.0512,-40.0500,0.028969
-39.9506,-0.0517,-40.5652,0.029165
-39.4314,-0.0523,-41.0792,0.029358
-38.9114,-0.0531,-41.5931,0.029550
-38.3913,-0.0538,-42.1065,0.029743
-37.8722,-0.0546,-42.6189,0.029936
-37.3538,-0.0553,-43.1310,0.030129
-36.8345,-0.0562,-43.6441,0.030321
-36.3177,-0.0569,-44.1548,0.030514
-35.7998,-0.0577,-44.6669,0.030706
-35.2822,-0.0585,-45.1788,0.030898
-34.7643,-0.0590,-45.6913,0.031091
-34.2474,-0.0592,-46.2028,0.031284
-33.7286,-0.0593,-46.7163,0.031476
-33.2129,-0.0593,-47.2268,0.031668
-32.6957,-0.0592,-47.7392,0.031861
-32.1803,-0.0589,-48.2499,0.032052
-31.6650,-0.0586,-48.7608,0.032245
-31.1487,-0.0585,-49.2729,0.032436
-30.6341,-0.0583,-49.7841,0.032628
-30.1196,-0.0580,-50.2956,0.032820
-29.6047,-0.0578,-50.8081,0.033013
-29.0917,-0.0575,-51.3194,0.033205
-28.5782,-0.0571,-51.8319,0.033397
-28.0645,-0.0565,-52.3452,0.033588
-27.5525,-0.0555,-52.8574,0.033778
-27.0412,-0.0545,-53.3696,0.033969
-26.5293,-0.0534,-53.8829,0.034161
-26.0176,-0.0521,-54.3964,0.034353
-25.5074,-0.0506,-54.9091,0.034545
-24.9971,-0.0490,-55.4227,0.034735
-24.4872,-0.0474,-55.9362,0.034928
-23.9769,-0.0463,-56.4498,0.035119
-23.4656,-0.0454,-56.9641,0.035309
-22.9542,-0.0445,-57.4784,0.035502
-22.4467,-0.0441,-57.9887,0.035694
-21.9363,-0.0436,-58.5020,0.035885
-21.4274,-0.0429,-59.0137,0.036076
-20.9174,-0.0419,-59.5266,0.036268
-20.4069,-0.0406,-60.0398,0.036458
-19.8976,-0.0388,-60.5516,0.036648
-19.3871,-0.0368,-61.0636,0.036839
-18.8756,-0.0346,-61.5765,0.037030
-18.3666,-0.0322,-62.0864,0.037222
-17.8577,-0.0299,-62.5956,0.037411
-17.3466,-0.0278,-63.1071,0.037603
-16.8363,-0.0258,-63.6175,0.037793
-16.3266,-0.0235,-64.1269,0.037984
-15.8155,-0.0211,-64.6374,0.038174
-15.3054,-0.0187,-65.1463,0.038364
-14.7944,-0.0154,-65.6562,0.038557
-14.2845,-0.0118,-66.1644,0.038745
-13.7728,-0.0078,-66.6738,0.038936
-13.2647,0.0094,-67.1799,0.039125
-12.7546,0.0087,-67.6867,0.039317
-12.2424,0.0082,-68.1954,0.039507
-11.7319,0.0072,-68.7028,0.039697
-11.2203,0.0057,-69.2119,0.039889
-10.7112,0.0042,-69.7192,0.040079
-10.2015,0.0030,-70.2276,0.040269
-9.6910,0.0023,-70.7374,0.040460
-9.1852,0.0016,-71.2433,0.040650
-8.6750,0.0010,-71.7535,0.040841
-8.1670,0.0009,-72.2618,0.041031
-7.6570,0.0009,-72.7719,0.041221
-7.1476,0.0009,-73.2814,0.041410
-6.6392,0.0012,-73.7900,0.041600
-6.1292,0.0018,-74.3004,0.041792
-5.6198,0.0024,-74.8106,0.041982
-5.1097,0.0033,-75.3220,0.042173
-4.6034,0.0040,-75.8301,0.042363
-4.0936,0.0039,-76.3423,0.042554
-3.5845,0.0039,-76.8540,0.042745
-3.0783,0.0035,-77.3639,0.042934
-2.5703,0.0027,-77.8756,0.043127
-2.0628,0.0018,-78.3873,0.043317
-1.5553,0.0013,-78.8997,0.043509
-1.0485,0.0009,-79.4120,0.043697
-0.5404,0.0006,-79.9258,0.043890
-0.0337,-0.0001,-80.4379,0.044080
0.4737,-0.0010,-80.9504,0.044272
0.9826,-0.0022,-81.4645,0.044462
1.4915,-0.0033,-81.9781,0.044653
1.9985,-0.0039,-82.4894,0.044842
2.5077,-0.0043,-83.0021,0.045034
3.0186,-0.0043,-83.5160,0.045225
3.5281,-0.0038,-84.0281,0.045415
4.0389,-0.0031,-84.5411,0.045607
4.5486,-0.0025,-85.0526,0.045798
5.0590,-0.0024,-85.5646,0.045988
5.5699,-0.0028,-86.0768,0.046178
6.0794,-0.0034,-86.5877,0.046368
6.5913,-0.0046,-87.1008,0.046562
7.1015,-0.0057,-87.6119,0.046755
7.6138,-0.0068,-88.1253,0.046945
8.1250,-0.0082,-88.6375,0.047136
8.6368,-0.0096,-89.1503,0.047328
9.1482,-0.0109,-89.6626,0.047518
9.6576,-0.0120,-90.1728,0.047710
10.1707,-0.0130,-90.6863,0.047901
10.6827,-0.0137,-91.1987,0.048093
11.1937,-0.0141,-91.7095,0.048284
11.7061,-0.0148,-92.2219,0.048476
12.2193,-0.0154,-92.7353,0.048666
12.7304,-0.0168,-93.2462,0.048859
13.2429,-0.0185,-93.7585,0.049050
13.7561,-0.0205,-94.2716,0.049242
14.2664,-0.0223,-94.7819,0.049432
14.7797,-0.0236,-95.2952,0.049624
15.2931,-0.0243,-95.8086,0.049816
15.8050,-0.0246,-96.3206,0.050007
16.3173,-0.0248,-96.8329,0.050198
16.8296,-0.0252,-97.3451,0.050389
17.3426,-0.0263,-97.8586,0.050580
17.8553,-0.0274,-98.3719,0.050774
18.3702,-0.0287,-98.8876,0.050967
18.8788,-0.0300,-99.3971,0.051156
19.3945,-0.0305,-99.9135,0.051350
19.9059,-0.0304,-100.4258,0.051540
20.4183,-0.0298,-100.9393,0.051733
20.9327,-0.0291,-101.4544,0.051925
21.4429,-0.0284,-101.9649,0.052115
21.9566,-0.0280,-102.4784,0.052308
22.4719,-0.0277,-102.9931,0.052501
22.9849,-0.0274,-103.5050,0.052692
23.4981,-0.0271,-104.0170,0.052885
24.0142,-0.0264,-104.5321,0.053078
24.5274,-0.0257,-105.0442,0.053269
25.0416,-0.0251,-105.5574,0.053460
25.5570,-0.0246,-106.0717,0.053652
26.0679,-0.0242,-106.5816,0.053842
26.5842,-0.0238,-107.0966,0.054038
27.0983,-0.0231,-107.6097,0.054227
27.6105,-0.0221,-108.1207,0.054421
28.1262,-0.0210,-108.6349,0.054612
28.6408,-0.0201,-109.1484,0.054804
29.1551,-0.0198,-109.6611,0.054995
29.6694,-0.0200,-110.1738,0.055188
30.1843,-0.0206,-110.6871,0.055381
30.6981,-0.0211,-111.1994,0.055574
31.2137,-0.0220,-111.7137,0.055764
31.7283,-0.0228,-112.2268,0.055956
32.2422,-0.0229,-112.7402,0.056150
32.7545,-0.0235,-113.2521,0.056342
33.2697,-0.0241,-113.7675,0.056533
33.7828,-0.0246,-114.2811,0.056726
34.2969,-0.0249,-114.7959,0.056919
34.8121,-0.0254,-115.3123,0.057112
35.3234,-0.0259,-115.8251,0.057304
35.8381,-0.0265,-116.3415,0.057496
36.3514,-0.0270,-116.8569,0.057689
36.8665,-0.0274,-117.3745,0.057881
37.3768,-0.0267,-117.8873,0.058072
37.8898,-0.0263,-118.4035,0.058265
38.4006,-0.0254,-118.9179,0.058456
38.9132,-0.0240,-119.4345,0.058649
39.4256,-0.0225,-119.9513,0.058841
39.9353,-0.0212,-120.4654,0.059033
40.4479,-0.0199,-120.9826,0.059225
40.9591,-0.0186,-121.4985,0.059418
41.4698,-0.0171,-122.0142,0.059610
41.9802,-0.0154,-122.5296,0.059801
42.4901,-0.0139,-123.0443,0.059992
43.0019,-0.0123,-123.5607,0.060185
43.5121,-0.0109,-124.0746,0.060377
44.0238,-0.0095,-124.5892,0.060568
44.5365,-0.0081,-125.1042,0.060761
45.0485,-0.0074,-125.6183,0.060952
45.5594,-0.0072,-126.1307,0.061143
46.0714,-0.0069,-126.6441,0.061335
46.5821,-0.0068,-127.1564,0.061526
47.0923,-0.0070,-127.6679,0.061718
47.6051,-0.0068,-128.1820,0.061910
48.1152,-0.0066,-128.6933,0.062101
48.6264,-0.0056,-129.2054,0.062291
49.1390,-0.0047,-129.7190,0.062484
49.6488,-0.0036,-130.2294,0.062674
50.1607,-0.0027,-130.7411,0.062865
50.6718,-0.0023,-131.2515,0.063056
51.1835,-0.0021,-131.7621,0.063247
51.6946,-0.0020,-132.2714,0.063438
52.2079,-0.0016,-132.7827,0.063631
52.7193,-0.0010,-133.2917,0.063819
53.2306,-0.0004,-133.8001,0.064012
53.7442,-0.0003,-134.3112,0.064202
54.2546,-0.0001,-134.8191,0.064392
54.7658,-0.0003,-135.3278,0.064583
55.2775,-0.0011,-135.8371,0.064775
55.7882,-0.0019,-136.3456,0.064964
56.2984,-0.0023,-136.8535,0.065156
56.8098,-0.0024,-137.3626,0.065347
57.3210,-0.0028,-137.8723,0.065537
57.8296,-0.0029,-138.3795,0.065725
58.3408,-0.0032,-138.8896,0.065917
58.8490,-0.0032,-139.3970,0.066107
59.3589,-0.0032,-139.9063,0.066297
59.8689,-0.0034,-140.4161,0.066488
60.3787,-0.0036,-140.9255,0.066678
60.8856,-0.0039,-141.4325,0.066868
61.3946,-0.0041,-141.9417,0.067059
61.9020,-0.0044,-142.4496,0.067248
62.4099,-0.0038,-142.9586,0.067438
62.9183,-0.0027,-143.4678,0.067629
63.4260,-0.0017,-143.9764,0.067817
63.9337,-0.0000,-144.4854,0.068009
64.4419,0.0019,-144.9944,0.068200
64.9478,0.0031,-145.5012,0.068388
65.4565,0.0044,-146.0105,0.068579
65.9630,0.0051,-146.5173,0.068768
66.4708,0.0058,-147.0258,0.068957
66.9781,0.0066,-147.5336,0.069148
67.4850,0.0074,-148.0409,0.069337
67.9939,0.0078,-148.5504,0.069528
68.5003,0.0082,-149.0573,0.069717
69.0071,0.0086,-149.5643,0.069907
69.5130,0.0087,-150.0699,0.070095
70.0229,0.0088,-150.5793,0.070287
70.5286,0.0086,-151.0845,0.070476
71.0350,0.0085,-151.5903,0.070664
71.5438,0.0084,-152.0986,0.070854
72.0490,0.0082,-152.6035,0.071043
72.5574,0.0081,-153.1113,0.071233
73.0646,0.0080,-153.6181,0.071423
73.5700,0.0080,-154.1231,0.071612
74.0756,0.0080,-154.6283,0.071800
74.5835,0.0077,-155.1360,0.071991
75.0873,0.0077,-155.6395,0.072180
75.5934,0.0072,-156.1458,0.072369
76.1014,0.0067,-156.6543,0.072558
76.6045,0.0068,-157.1581,0.072748
77.1103,0.0074,-157.6649,0.072936
77.6161,0.0089,-158.1717,0.073126
78.1212,0.0102,-158.6781,0.073315
78.6237,0.0117,-159.1816,0.073502
79.1297,0.0131,-159.6890,0.073693
79.6348,0.0144,-160.1955,0.073880
80.1369,0.0148,-160.6991,0.074069
80.6411,0.0152,-161.2049,0.074259
81.1470,0.0155,-161.7126,0.074448
81.6494,0.0159,-162.2171,0.074636
82.1545,0.0165,-162.7241,0.074826
82.6584,0.0170,-163.2303,0.075013
83.1604,0.0179,-163.7344,0.075202
83.6643,0.0186,-164.2406,0.075390
84.1684,0.0192,-164.7470,0.075580
84.6702,0.0200,-165.2501,0.075768
85.1769,0.0208,-165.7570,0.075958
85.6819,0.0220,-166.2616,0.076145
86.1854,0.0229,-166.7647,0.076334
86.6919,0.0240,-167.2705,0.076522
87.1967,0.0247,-167.7750,0.076712
87.7003,0.0248,-168.2784,0.076900
88.2030,0.0244,-168.7813,0.077088
88.7087,0.0236,-169.2871,0.077277
89.2138,0.0230,-169.7926,0.077466
89.7187,0.0228,-170.2980,0.077655
90.2244,0.0225,-170.8045,0.077845
90.7282,0.0229,-171.3090,0.078034
91.2319,0.0233,-171.8141,0.078222
91.7364,0.0238,-172.3201,0.078411
92.2395,0.0241,-172.8250,0.078599
92.7446,0.0245,-173.3319,0.078789
93.2465,0.0246,-173.8362,0.078978
93.7505,0.0241,-174.3424,0.079166
94.2563,0.0239,-174.8506,0.079356
94.7586,0.0235,-175.3553,0.079545
95.2619,0.0226,-175.8612,0.079733
95.7679,0.0215,-176.3696,0.079923
96.2686,0.0204,-176.8725,0.080111
96.7738,0.0188,-177.3801,0.080301
97.2792,0.0173,-177.8879,0.080489
97.7828,0.0154,-178.3939,0.080678
98.2854,0.0132,-178.8990,0.080866
98.7916,0.0113,-179.4077,0.081057
99.2949,0.0096,-179.9138,0.081246
99.7990,0.0080,-180.4209,0.081435
100.3022,0.0064,-180.9271,0.081623
100.8045,0.0048,-181.4326,0.081812
101.3090,0.0029,-181.9404,0.082002
101.8139,0.0012,-182.4488,0.082192
102.3189,-0.0004,-182.9573,0.082381
102.8207,-0.0019,-183.4626,0.082569
103.3246,-0.0033,-183.9702,0.082758
103.8294,-0.0047,-184.4790,0.082948
104.3326,-0.0065,-184.9864,0.083138
104.8347,-0.0086,-185.4927,0.083326
105.3394,-0.0110,-186.0018,0.083515
105.8423,-0.0134,-186.5090,0.083705
106.3454,-0.0156,-187.0167,0.083894
106.8479,-0.0176,-187.5239,0.084082
107.3505,-0.0193,-188.0312,0.084271
107.8534,-0.0210,-188.5392,0.084461
108.3571,-0.0224,-189.0480,0.084651
108.8593,-0.0236,-189.5552,0.084839
109.3621,-0.0245,-190.0633,0.085028
109.8648,-0.0254,-190.5716,0.085217
110.3660,-0.0262,-191.0783,0.085406
110.8680,-0.0274,-191.5860,0.085594
111.3710,-0.0287,-192.0950,0.085784
111.8731,-0.0304,-192.6031,0.085973
112.3748,-0.0323,-193.1111,0.086162
112.8777,-0.0343,-193.6204,0.086352
113.3800,-0.0366,-194.1292,0.086540
113.8827,-0.0389,-194.6387,0.086730
114.3844,-0.0407,-195.1472,0.086919
114.8858,-0.0421,-195.6558,0.087108
115.3894,-0.0425,-196.1673,0.087298
115.8896,-0.0427,-196.6754,0.087487
116.3913,-0.0425,-197.1850,0.087676
116.8929,-0.0416,-197.6951,0.087866
117.3946,-0.0408,-198.2057,0.088055
117.8955,-0.0399,-198.7159,0.088244
118.3966,-0.0391,-199.2267,0.088433
118.8994,-0.0388,-199.7394,0.088623
119.3987,-0.0386,-200.2492,0.088812
119.8977,-0.0383,-200.7590,0.089001
120.3978,-0.0378,-201.2706,0.089191
120.8978,-0.0372,-201.7823,0.089380
121.3992,-0.0356,-202.2961,0.089570
121.8982,-0.0337,-202.8081,0.089759
122.3970,-0.0318,-203.3203,0.089948
122.8971,-0.0294,-203.8340,0.090139
123.3961,-0.0270,-204.3470,0.090327
123.8926,-0.0252,-204.8578,0.090516
124.3925,-0.0239,-205.3723,0.090706
124.8912,-0.0226,-205.8858,0.090895
125.3874,-0.0218,-206.3973,0.091084
125.8871,-0.0213,-206.9128,0.091274
126.3851,-0.0208,-207.4270,0.091463
126.8836,-0.0200,-207.9422,0.091654
127.3798,-0.0192,-208.4554,0.091842
127.8788,-0.0187,-208.9718,0.092032
128.3743,-0.0185,-209.4851,0.092222
128.8615,-0.0158,-210.0123,0.092412
129.3522,-0.0153,-210.5268,0.092600
129.8453,-0.0148,-211.0459,0.092790
130.3347,-0.0141,-211.5636,0.092979
130.8264,-0.0127,-212.0853,0.093169
131.3174,-0.0103,-212.6065,0.093358
131.8063,-0.0084,-213.1247,0.093546
132.2983,-0.0064,-213.6460,0.093737
132.7896,-0.0044,-214.1666,0.093926
133.2986,-0.0048,-214.6858,0.094115
133.7704,-0.0004,-215.2058,0.094304
134.2620,0.0024,-215.7254,0.094493
134.7527,0.0048,-216.2435,0.094682
135.2640,-0.0039,-216.7628,0.094871
135.7364,0.0094,-217.2812,0.095060
136.2285,0.0118,-217.7997,0.095249
136.7374,0.0063,-218.3155,0.095437
137.2093,0.0143,-218.8321,0.095626
137.6991,0.0156,-219.3472,0.095814
138.1917,0.0168,-219.8651,0.096003
138.7024,0.0027,-220.3815,0.096191
139.1716,0.0192,-220.8945,0.096379
139.6628,0.0205,-221.4103,0.096567
140.1758,0.0111,-221.9282,0.096756
140.6459,0.0236,-222.4404,0.096944
141.1384,0.0250,-222.9545,0.097132
141.6510,0.0194,-223.4680,0.097321
142.1446,0.0052,-223.9799,0.097508
142.6176,0.0289,-224.4889,0.097696
143.1129,0.0306,-225.0003,0.097883
143.6264,0.0178,-225.5091,0.098072
144.1021,0.0337,-226.0169,0.098258
144.5999,0.0352,-226.5265,0.098447
145.1147,0.0272,-227.0326,0.098633
145.6121,0.0132,-227.5393,0.098821
146.0903,0.0393,-228.0441,0.099008
146.6055,0.0389,-228.5469,0.099195
147.1047,0.0246,-229.0528,0.099383
147.5821,0.0414,-229.5567,0.099571
148.0771,0.0423,-230.0599,0.099757
148.5936,0.0320,-230.5658,0.099947
149.0900,0.0173,-231.0707,0.100133
149.5638,0.0447,-231.5720,0.100321
150.0782,0.0400,-232.0760,0.100504
150.5759,0.0291,-232.5824,0.100692
151.0495,0.0491,-233.0840,0.100878
151.5433,0.0506,-233.5871,0.101064
152.0593,0.0381,-234.0932,0.101251
152.5422,0.0441,-234.5848,0.101439
153.0278,0.0547,-235.0976,0.101624
153.5429,0.0460,-235.6021,0.101811
154.0375,0.0314,-236.1044,0.101997
154.5127,0.0572,-236.6058,0.102183
155.0272,0.0569,-237.1081,0.102370
155.5212,0.0424,-237.6086,0.102556
155.9974,0.0601,-238.1106,0.102743
156.4923,0.0602,-238.6120,0.102928
157.0048,0.0460,-239.1115,0.103115
157.5005,0.0294,-239.6133,0.103301
157.9765,0.0564,-240.1145,0.103487
158.4889,0.0476,-240.6143,0.103672
158.9857,0.0345,-241.1167,0.103860
159.4599,0.0534,-241.6153,0.104045
159.9529,0.0523,-242.1135,0.104230
160.4671,0.0356,-242.6145,0.104417
160.9635,0.0186,-243.1164,0.104604
161.4360,0.0485,-243.6128,0.104789
161.9507,0.0362,-244.1134,0.104974
162.4467,0.0196,-244.6140,0.105159
162.9214,0.0447,-245.1119,0.105343
163.4335,0.0410,-245.6091,0.105528
163.9296,0.0245,-246.1083,0.105713
164.4042,0.0421,-246.6047,0.105898
164.8993,0.0412,-247.1020,0.106083
165.4153,0.0262,-247.6010,0.106267
165.9095,0.0096,-248.0968,0.106453
166.3843,0.0383,-248.5918,0.106636
166.9001,0.0325,-249.0894,0.106822
167.3934,0.0167,-249.5827,0.107004
167.8682,0.0381,-250.0763,0.107188
168.3815,0.0362,-250.5699,0.107372
168.8751,0.0204,-251.0622,0.107553
169.3583,0.0216,-251.5436,0.107737
169.8437,0.0373,-252.0449,0.107923
170.3545,0.0252,-252.5329,0.108103
170.8487,0.0131,-253.0207,0.108285
171.3240,0.0389,-253.5071,0.108465
171.8366,0.0335,-253.9906,0.108644
172.3314,0.0179,-254.4718,0.108824
172.8065,0.0392,-254.9492,0.109002
173.3204,0.0367,-255.4246,0.109182
173.8158,0.0201,-255.8974,0.109360
174.2964,0.0358,-256.3721,0.109536
174.7872,0.0346,-256.8353,0.109715
175.3030,0.0244,-257.3008,0.109888
175.8014,0.0073,-257.7648,0.110065
176.2765,0.0300,-258.2205,0.110242
176.7938,0.0215,-258.6757,0.110415
177.2935,0.0028,-259.1282,0.110588
177.7722,0.0185,-259.5751,0.110761
178.2710,0.0149,-260.0204,0.110936
178.7897,-0.0026,-260.4643,0.111106
179.2683,0.0072,-260.9037,0.111281
179.7653,0.0030,-261.3412,0.111451
180.2813,-0.0066,-261.7764,0.111620
180.7576,-0.0055,-262.2087,0.111790
181.2511,-0.0097,-262.6375,0.111960
181.7459,-0.0141,-263.0656,0.112127
182.2517,-0.0156,-263.4831,0.112293
182.7453,-0.0169,-263.9044,0.112456
183.2408,-0.0180,-264.3242,0.112623
183.7342,-0.0191,-264.7395,0.112785
184.2272,-0.0202,-265.1512,0.112950
184.7226,-0.0215,-265.5616,0.113115
185.2150,-0.0230,-265.9663,0.113277
185.7100,-0.0248,-266.3702,0.113438
186.2033,-0.0266,-266.7700,0.113601
186.6950,-0.0283,-267.1657,0.113758
187.1894,-0.0296,-267.5596,0.113917
187.6808,-0.0306,-267.9478,0.114074
188.1752,-0.0316,-268.3355,0.114236
188.6678,-0.0320,-268.7189,0.114393
189.1609,-0.0323,-269.0991,0.114551
189.6530,-0.0328,-269.4738,0.114705
190.1499,-0.0334,-269.8461,0.114860
190.6493,-0.0341,-270.2109,0.115015
191.1497,-0.0348,-270.5680,0.115167
191.6554,-0.0358,-270.9201,0.115319
192.1602,-0.0365,-271.2661,0.115471
192.6663,-0.0370,-271.6065,0.115625
193.1774,-0.0376,-271.9434,0.115775
193.6875,-0.0380,-272.2724,0.115925
194.2014,-0.0385,-272.5964,0.116078
194.7174,-0.0388,-272.9138,0.116225
195.2372,-0.0390,-273.2243,0.116372
195.7593,-0.0389,-273.5265,0.116520
196.2858,-0.0384,-273.8254,0.116674
196.8112,-0.0378,-274.1166,0.116817
197.3417,-0.0366,-274.4062,0.116970
197.8734,-0.0354,-274.6942,0.117115
198.4075,-0.0339,-274.9788,0.117268
198.9428,-0.0323,-275.2586,0.117414
199.4833,-0.0307,-275.5353,0.117562
200.0278,-0.0280,-275.8062,0.117713
200.5746,-0.0244,-276.0722,0.117859
201.1246,-0.0224,-276.3325,0.118010
201.6799,-0.0225,-276.5903,0.118158
202.2363,-0.0224,-276.8435,0.118305
202.7982,-0.0222,-277.0926,0.118458
203.3655,-0.0218,-277.3345,0.118609
203.9346,-0.0211,-277.5694,0.118763
204.5121,-0.0197,-277.7985,0.118911
205.0906,-0.0178,-278.0227,0.119065
205.6684,-0.0155,-278.2397,0.119214
206.2538,-0.0132,-278.4531,0.119370
206.8425,-0.0109,-278.6625,0.119524
207.4285,-0.0085,-278.8657,0.119671
208.0224,-0.0059,-279.0660,0.119825
208.6192,-0.0029,-279.2614,0.119983
209.2186,0.0003,-279.4499,0.120135
209.8210,0.0035,-279.6342,0.120289
210.4291,0.0067,-279.8131,0.120447
211.0386,0.0099,-279.9838,0.120599
211.6533,0.0134,-280.1478,0.120752
212.2724,0.0172,-280.3050,0.120909
212.8926,0.0214,-280.4545,0.121061
213.5187,0.0263,-280.5978,0.121221
214.1422,0.0317,-280.7349,0.121375
214.7673,0.0374,-280.8760,0.121534
215.3891,0.0432,-281.0157,0.121688
216.0129,0.0489,-281.1534,0.121845
216.6395,0.0548,-281.2878,0.122003
217.2742,0.0608,-281.4175,0.122163
217.9049,0.0671,-281.5386,0.122318
218.5419,0.0737,-281.6533,0.122475
219.1816,0.0807,-281.7578,0.122635
219.8204,0.0877,-281.8552,0.122790
220.4635,0.0949,-281.9461,0.122949
221.1052,0.1024,-282.0293,0.123107
221.7499,0.1104,-282.1056,0.123271
222.3987,0.1190,-282.1756,0.123433
223.0471,0.1280,-282.2382,0.123596
223.6974,0.1369,-282.2939,0.123752
224.3486,0.1455,-282.3433,0.123915
225.0023,0.1538,-282.3872,0.124076
225.6548,0.1617,-282.4295,0.124235
226.3119,0.1698,-282.4677,0.124395
226.9682,0.1778,-282.5009,0.124558
227.6247,0.1856,-282.5291,0.124721
228.2858,0.1931,-282.5528,0.124880
228.9469,0.2005,-282.5724,0.125047
229.6095,0.2078,-282.5883,0.125212
230.2742,0.2152,-282.6000,0.125373
230.9389,0.2233,-282.6097,0.125538
231.6108,0.2319,-282.6154,0.125706
232.2802,0.2408,-282.6140,0.125866
232.9543,0.2499,-282.6032,0.126032
233.6327,0.2588,-282.5838,0.126203
234.3076,0.2674,-282.5555,0.126368
234.9854,0.2761,-282.5174,0.126530
235.6641,0.2850,-282.4701,0.126699
236.3459,0.2945,-282.4116,0.126866
237.0256,0.3048,-282.3462,0.127032
237.7051,0.3155,-282.2719,0.127201
238.3783,0.3267,-282.1909,0.127363
239.0541,0.3390,-282.1076,0.127536
239.7271,0.3515,-282.0249,0.127699
240.3978,0.3649,-281.9412,0.127864
241.0716,0.3788,-281.8542,0.128035
241.7473,0.3932,-281.7625,0.128202
242.4227,0.4077,-281.6661,0.128371
243.0977,0.4224,-281.5646,0.128542
243.7768,0.4373,-281.4579,0.128710
244.4525,0.4522,-281.3474,0.128881
245.1305,0.4674,-281.2316,0.129050
245.8083,0.4826,-281.1096,0.129220
246.4861,0.4982,-280.9809,0.129392
247.1662,0.5142,-280.8442,0.129565
247.8445,0.5305,-280.7028,0.129736
248.5233,0.5474,-280.5552,0.129910
249.2004,0.5646,-280.4018,0.130084
249.8826,0.5825,-280.2412,0.130255
250.5572,0.6004,-280.0760,0.130434
251.2380,0.6240,-279.9173,0.130606
251.9232,0.6381,-279.7218,0.130782
252.5852,0.6699,-279.5562,0.130958
253.2600,0.6927,-279.3669,0.131131
253.9374,0.6987,-279.1551,0.131306
254.6003,0.7371,-278.9724,0.131485
255.2766,0.7548,-278.7486,0.131658
255.9426,0.7576,-278.5354,0.131839
256.5943,0.8026,-278.3363,0.132014
257.2599,0.8138,-278.0966,0.132191
257.9220,0.8199,-277.8661,0.132366
258.5755,0.8226,-277.6354,0.132544
259.2254,0.8769,-277.4011,0.132720
259.8786,0.8798,-277.1638,0.132898
260.5144,0.8726,-276.9344,0.133073
261.1634,0.8915,-276.7013,0.133251
261.8132,0.9103,-276.4683,0.133430
262.4592,0.9290,-276.2352,0.133602
263.1038,0.9481,-275.9999,0.133779
263.7692,0.9686,-275.8021,0.133958
264.4118,0.9957,-275.5657,0.134133
265.0571,1.0232,-275.3336,0.134311
265.7036,1.0504,-275.0990,0.134485
266.3459,1.0772,-274.8628,0.134664
266.9904,1.1040,-274.6251,0.134841
267.6364,1.1306,-274.3872,0.135018
268.2789,1.1567,-274.1493,0.135197
268.9027,1.1704,-273.8647,0.135372
269.5488,1.1898,-273.6182,0.135553
270.1880,1.2089,-273.3681,0.135726
270.8279,1.2279,-273.1059,0.135901
271.4662,1.2469,-272.8310,0.136078
272.0986,1.2664,-272.5488,0.136258
272.7234,1.2853,-272.2587,0.136434
273.3475,1.3042,-271.9658,0.136611
273.9686,1.3232,-271.6764,0.136789
274.6059,1.3498,-271.4317,0.136964
275.2268,1.3667,-271.1497,0.137142
275.8434,1.3839,-270.8711,0.137319
276.4613,1.4015,-270.5928,0.137496
277.0806,1.4195,-270.3153,0.137672
277.6960,1.4380,-270.0418,0.137843
278.3115,1.4569,-269.7690,0.138015
278.9240,1.4762,-269.4983,0.138187
279.5330,1.4952,-269.2283,0.138363
280.1416,1.5142,-268.9575,0.138534
280.7473,1.5326,-268.6858,0.138705
281.3478,1.5510,-268.4150,0.138875
281.9481,1.5691,-268.1432,0.139044
282.5442,1.5870,-267.8727,0.139216
283.1351,1.6041,-267.6030,0.139384
283.7296,1.6209,-267.3304,0.139552
284.3163,1.6373,-267.0591,0.139721
284.9015,1.6528,-266.7858,0.139885
285.4844,1.6674,-266.5100,0.140052
286.0668,1.6812,-266.2318,0.140216
286.6439,1.6947,-265.9543,0.140380
287.2029,1.7039,-265.6343,0.140544
287.7793,1.7224,-265.3485,0.140707
288.3488,1.7405,-265.0608,0.140871
288.9178,1.7586,-264.7646,0.141032
289.4857,1.7767,-264.4634,0.141194
290.0597,1.8192,-264.1513,0.141356
290.6145,1.8176,-263.8409,0.141517
291.1672,1.8674,-263.5261,0.141678
291.7205,1.8660,-263.2107,0.141838
292.2713,1.8639,-262.8920,0.142000
292.8067,1.9107,-262.5830,0.142162
293.3567,1.9136,-262.2277,0.142322
293.8884,1.9330,-261.9052,0.142482
294.4204,1.9442,-261.5652,0.142642
294.9546,1.9549,-261.2190,0.142803
295.4839,1.9656,-260.8745,0.142963
296.0077,1.9792,-260.5212,0.143118
296.5347,1.9963,-260.1816,0.143275
297.0641,2.0135,-259.8386,0.143435
297.5912,2.0308,-259.4945,0.143594
298.1151,2.0480,-259.1509,0.143749
298.6396,2.0645,-258.8048,0.143907
299.1621,2.0798,-258.4576,0.144062
299.6846,2.0940,-258.1062,0.144220
300.2050,2.1071,-257.7510,0.144377
300.7192,2.1195,-257.3933,0.144529
301.2310,2.1316,-257.0284,0.144683
301.7373,2.1434,-256.6567,0.144840
302.2372,2.1549,-256.2815,0.144994
302.7290,2.1664,-255.9028,0.145144
303.2165,2.1778,-255.5194,0.145299
303.6998,2.1892,-255.1309,0.145451
304.1768,2.2007,-254.7442,0.145599
304.6548,2.2126,-254.3601,0.145750
305.1321,2.2246,-253.9772,0.145898
305.6101,2.2366,-253.5914,0.146050
306.0849,2.2483,-253.2064,0.146197
306.5616,2.2600,-252.8147,0.146348
307.0351,2.2714,-252.4161,0.146497
307.5020,2.2823,-252.0134,0.146645
307.9662,2.2927,-251.6022,0.146792
308.4263,2.3024,-251.1827,0.146942
308.8803,2.3113,-250.7570,0.147089
309.3266,2.3196,-250.3266,0.147241
309.7665,2.3276,-249.8867,0.147386
310.1978,2.3357,-249.4430,0.147536
310.6201,2.3436,-248.9944,0.147684
311.0330,2.3513,-248.5407,0.147826
311.4380,2.3588,-248.0802,0.147974
311.8360,2.3660,-247.6118,0.148119
312.2212,2.3731,-247.1414,0.148259
312.5984,2.3803,-246.6646,0.148401
312.9683,2.3877,-246.1771,0.148544
313.3309,2.3949,-245.6863,0.148687
313.6874,2.4019,-245.1872,0.148830
314.0386,2.4085,-244.6784,0.148974
314.3752,2.4146,-244.1731,0.149117
314.7066,2.4204,-243.6580,0.149259
315.0315,2.4260,-243.1341,0.149399
315.3485,2.4315,-242.6037,0.149545
315.6547,2.4364,-242.0673,0.149688
315.9563,2.4409,-241.5235,0.149830
316.2463,2.4447,-240.9784,0.149973
316.5292,2.4483,-240.4252,0.150118
316.8037,2.4516,-239.8654,0.150259
317.0698,2.4548,-239.3000,0.150406
317.3283,2.4580,-238.7320,0.150554
317.5844,2.4615,-238.1577,0.150699
317.8328,2.4651,-237.5793,0.150842
318.0726,2.4685,-236.9979,0.150990
318.3034,2.4715,-236.4057,0.151137
318.5238,2.4745,-235.8086,0.151287
318.7353,2.4775,-235.2047,0.151439
318.9367,2.4806,-234.5979,0.151588
319.1305,2.4839,-233.9819,0.151733
319.3138,2.4872,-233.3647,0.151882
319.4877,2.4905,-232.7424,0.152036
319.6511,2.4934,-232.1122,0.152182
319.8097,2.4958,-231.4840,0.152334
319.9643,2.4980,-230.8545,0.152483
320.1160,2.5002,-230.2192,0.152635
320.2633,2.5023,-229.5813,0.152794
320.4050,2.5043,-228.9424,0.152946
320.5418,2.5063,-228.2986,0.153106
320.6729,2.5080,-227.6528,0.153261
320.7975,2.5095,-226.9980,0.153420
320.9135,2.5106,-226.3460,0.153579
321.0205,2.5115,-225.6874,0.153736
321.1189,2.5123,-225.0217,0.153899
321.2079,2.5127,-224.3584,0.154057
321.2898,2.5126,-223.6877,0.154218
321.3629,2.5121,-223.0177,0.154373
321.4267,2.5111,-222.3443,0.154533
321.4798,2.5098,-221.6650,0.154699
321.5253,2.5084,-220.9863,0.154853
321.5618,2.5070,-220.3051,0.155014
321.5892,2.5054,-219.6239,0.155181
321.6079,2.5038,-218.9392,0.155343
321.6174,2.5025,-218.2501,0.155507
321.6171,2.5013,-217.5664,0.155668
321.6086,2.5001,-216.8820,0.155826
321.5933,2.4990,-216.1897,0.155994
321.5739,2.4976,-215.5000,0.156157
321.5467,2.4957,-214.8133,0.156325
321.5105,2.4936,-214.1202,0.156491
321.4654,2.4916,-213.4250,0.156655
321.4116,2.4896,-212.7332,0.156829
321.3496,2.4878,-212.0318,0.156995
321.2834,2.4869,-211.3382,0.157160
321.2112,2.4867,-210.6422,0.157329
321.1343,2.4868,-209.9443,0.157500
321.0494,2.4872,-209.2455,0.157670
320.9548,2.4876,-208.5487,0.157840
320.8493,2.4878,-207.8504,0.158012
320.7335,2.4878,-207.1535,0.158180
320.6082,2.4879,-206.4598,0.158347
320.4714,2.4880,-205.7613,0.158521
320.3225,2.4882,-205.0675,0.158688
320.1651,2.4886,-204.3778,0.158862
319.9964,2.4893,-203.6887,0.159033
319.8175,2.4903,-203.0015,0.159205
319.6286,2.4910,-202.3178,0.159381
319.4302,2.4915,-201.6383,0.159551
319.2219,2.4915,-200.9618,0.159725
319.0039,2.4913,-200.2897,0.159900
318.7782,2.4907,-199.6176,0.160073
318.5471,2.4898,-198.9489,0.160241
318.3118,2.4886,-198.2817,0.160417
318.0695,2.4870,-197.6139,0.160594
317.8195,2.4846,-196.9469,0.160771
317.5624,2.4816,-196.2829,0.160950
317.2976,2.4783,-195.6192,0.161123
317.0265,2.4750,-194.9573,0.161301
316.7561,2.4717,-194.2988,0.161480
316.4868,2.4683,-193.6353,0.161660
316.2086,2.4655,-192.9800,0.161838
315.9369,2.4571,-192.3148,0.162021
315.6724,2.4527,-191.6357,0.162202
315.3839,2.4679,-190.9707,0.162384
315.1130,2.4758,-190.3078,0.162568
314.8235,2.4763,-189.6458,0.162752
314.5127,2.4612,-188.9776,0.162937
314.2158,2.4448,-188.3108,0.163122
313.9331,2.4754,-187.6550,0.163310
313.6046,2.4560,-186.9857,0.163494
313.2874,2.4356,-186.3239,0.163683
312.9720,2.3921,-185.6737,0.163876
312.6526,2.3845,-185.0166,0.164062
312.3286,2.3751,-184.3561,0.164251
312.0359,2.3795,-183.6746,0.164441
311.7059,2.3794,-183.0180,0.164630
311.3764,2.3772,-182.3644,0.164820
311.0424,2.3731,-181.7060,0.165013
310.7090,2.3690,-181.0434,0.165206
310.3412,2.3505,-180.4076,0.165397
310.0045,2.3336,-179.7435,0.165590
309.6608,2.3166,-179.0796,0.165786
309.3140,2.2996,-178.4221,0.165979
308.9595,2.2817,-177.7601,0.166173
308.6003,2.2629,-177.0993,0.166366
308.2382,2.2449,-176.4454,0.166561
307.8679,2.2266,-175.7923,0.166756
307.4894,2.2070,-175.1370,0.166954
307.1113,2.1880,-174.4908,0.167147
306.7339,2.1696,-173.8417,0.167344
306.3557,2.1513,-173.1891,0.167541
305.9805,2.1326,-172.5414,0.167736
305.6020,2.1134,-171.8884,0.167934
305.2243,2.0945,-171.2372,0.168132
304.8446,2.0745,-170.5864,0.168330
304.4604,2.0542,-169.9319,0.168529
304.0742,2.0337,-169.2788,0.168728
303.6883,2.0130,-168.6304,0.168923
303.2976,1.9909,-167.9757,0.169124
302.9042,1.9679,-167.3189,0.169325
302.5143,1.9450,-166.6718,0.169525
302.1188,1.9223,-166.0160,0.169725
301.7225,1.8993,-165.3629,0.169927
301.3257,1.8751,-164.7134,0.170126
300.9240,1.8509,-164.0601,0.170327
300.5220,1.8272,-163.4056,0.170528
300.1216,1.8037,-162.7532,0.170732
299.7200,1.7794,-162.0988,0.170934
299.3160,1.7553,-161.4422,0.171138
298.9127,1.7322,-160.7856,0.171340
298.5067,1.7093,-160.1283,0.171544
298.0991,1.6861,-159.4718,0.171748
297.6905,1.6635,-158.8175,0.171952
297.2766,1.6414,-158.1556,0.172157
296.8643,1.6196,-157.4974,0.172362
296.4510,1.5976,-156.8388,0.172565
296.0329,1.5758,-156.1766,0.172771
295.6118,1.5542,-155.5146,0.172979
295.1884,1.5326,-154.8559,0.173188
294.7594,1.5106,-154.1949,0.173394
294.3291,1.4888,-153.5378,0.173602
293.8981,1.4667,-152.8809,0.173807
293.4647,1.4442,-152.2198,0.174016
293.0322,1.4214,-151.5617,0.174223
292.5967,1.3987,-150.9015,0.174432
292.1598,1.3757,-150.2401,0.174642
291.7224,1.3524,-149.5793,0.174850
291.2823,1.3293,-148.9166,0.175061
290.8414,1.3065,-148.2536,0.175272
290.4010,1.2838,-147.5920,0.175482
290.0015,1.2638,-146.9041,0.175694
289.5595,1.2361,-146.2336,0.175905
289.1200,1.2094,-145.5665,0.176117
288.6825,1.1832,-144.8987,0.176327
288.2408,1.1574,-144.2240,0.176540
287.8006,1.1329,-143.5518,0.176752
287.3600,1.1095,-142.8770,0.176965
286.9172,1.0863,-142.1974,0.177179
286.4743,1.0632,-141.5203,0.177393
286.0299,1.0391,-140.8457,0.177606
285.5794,1.0140,-140.1659,0.177821
285.0923,0.9843,-139.5147,0.178036
284.6335,0.9639,-138.8362,0.178251
284.1731,0.9426,-138.1625,0.178466
283.7065,0.9204,-137.4862,0.178685
283.2375,0.8978,-136.8118,0.178899
282.7590,0.8962,-136.1239,0.179118
282.2998,0.9157,-135.4608,0.179334
281.8060,0.8823,-134.7945,0.179548
281.3265,0.8532,-134.1287,0.179766
280.8465,0.8205,-133.4636,0.179983
280.3658,0.7878,-132.8020,0.180199
279.8827,0.7548,-132.1352,0.180414
279.4260,0.7580,-131.4800,0.180629
278.9508,0.7316,-130.8145,0.180847
278.4817,0.7049,-130.1492,0.181063
277.9964,0.6710,-129.4760,0.181281
277.5394,0.6364,-128.8135,0.181495
277.1024,0.6242,-128.1496,0.181710
276.6534,0.5974,-127.4858,0.181923
276.2085,0.5701,-126.8216,0.182135
275.7686,0.5427,-126.1569,0.182347
275.3021,0.5109,-125.4672,0.182565
274.9009,0.4888,-124.8203,0.182770
274.4622,0.4519,-124.1608,0.182980
274.0367,0.4269,-123.4963,0.183188
273.6119,0.4018,-122.8347,0.183397
273.1857,0.3761,-122.1729,0.183605
272.7596,0.3505,-121.5115,0.183812
272.3352,0.3256,-120.8516,0.184020
271.9123,0.3015,-120.1943,0.184226
271.4908,0.2776,-119.5404,0.184431
271.0674,0.2539,-118.8846,0.184637
270.6453,0.2303,-118.2298,0.184844
270.2239,0.2065,-117.5754,0.185049
269.8046,0.1820,-116.9226,0.185254
269.3854,0.1575,-116.2689,0.185460
268.9669,0.1324,-115.6150,0.185665
268.5485,0.1069,-114.9606,0.185868
268.1293,0.0812,-114.3053,0.186074
267.7103,0.0552,-113.6507,0.186279
267.2895,0.0286,-112.9937,0.186485
266.8706,0.0012,-112.3395,0.186691
266.4511,-0.0265,-111.6844,0.186896
266.0317,-0.0540,-111.0275,0.187105
265.6140,-0.0819,-110.3712,0.187308
265.1962,-0.1099,-109.7126,0.187513
264.7786,-0.1375,-109.0527,0.187723
264.3613,-0.1655,-108.3913,0.187928
263.9450,-0.1932,-107.7310,0.188133
263.5282,-0.2211,-107.0698,0.188338
263.1092,-0.2489,-106.4047,0.188548
262.6925,-0.2765,-105.7427,0.188755
262.2735,-0.3043,-105.0769,0.188962
261.8547,-0.3318,-104.4116,0.189169
261.4355,-0.3592,-103.7457,0.189378
261.0175,-0.3865,-103.0815,0.189585
260.5971,-0.4142,-102.4139,0.189794
260.1770,-0.4425,-101.7463,0.190003
259.7562,-0.4706,-101.0773,0.190213
259.3355,-0.4986,-100.4082,0.190421
258.9148,-0.5264,-99.7390,0.190629
258.4936,-0.5542,-99.0691,0.190839
258.0721,-0.5819,-98.3984,0.191047
257.6507,-0.6100,-97.7278,0.191258
257.2281,-0.6384,-97.0556,0.191469
256.8037,-0.6671,-96.3796,0.191682
256.3810,-0.6957,-95.7050,0.191892
255.9606,-0.7241,-95.0333,0.192105
255.5369,-0.7521,-94.3546,0.192319
255.1137,-0.7798,-93.6755,0.192533
254.6929,-0.8074,-92.9983,0.192742
254.2701,-0.8352,-92.3165,0.192958
253.8503,-0.8630,-91.6384,0.193173
253.4282,-0.8910,-90.9565,0.193386
253.0050,-0.9192,-90.2734,0.193600
252.5807,-0.9474,-89.5887,0.193819
252.1558,-0.9759,-88.9028,0.194034
251.7311,-1.0045,-88.2171,0.194251
251.3093,-1.0330,-87.5359,0.194468
250.8875,-1.0615,-86.8543,0.194682
250.4669,-1.0896,-86.1744,0.194898
250.0459,-1.1174,-85.4936,0.195111
249.6234,-1.1450,-84.8099,0.195330
249.2113,-1.1717,-84.1425,0.195538
248.7973,-1.1986,-83.4714,0.195753
248.3851,-1.2258,-82.8020,0.195965
247.9728,-1.2531,-82.1316,0.196177
247.5637,-1.2808,-81.4656,0.196387
247.1572,-1.3083,-80.8025,0.196596
246.7502,-1.3358,-80.1377,0.196806
246.3466,-1.3624,-79.4773,0.197015
245.9442,-1.3887,-78.8183,0.197220
245.5440,-1.4145,-78.1616,0.197428
245.1438,-1.4403,-77.5045,0.197636
244.7471,-1.4663,-76.8522,0.197842
244.3510,-1.4923,-76.1999,0.198046
243.9567,-1.5188,-75.5493,0.198247
243.5649,-1.5456,-74.9024,0.198452
243.1741,-1.5729,-74.2549,0.198657
242.7867,-1.6008,-73.6114,0.198856
242.4009,-1.6286,-72.9681,0.199056
242.0157,-1.6568,-72.3238,0.199258
241.6340,-1.6847,-71.6834,0.199458
241.2534,-1.7122,-71.0430,0.199660
240.8760,-1.7394,-70.4056,0.199858
240.4979,-1.7671,-69.7654,0.200058
240.1240,-1.7949,-69.1294,0.200254
239.7494,-1.8233,-68.4878,0.200453
239.3794,-1.8521,-67.8492,0.200651
239.0133,-1.8808,-67.2114,0.200849
238.6490,-1.9096,-66.5697,0.201046
238.2891,-1.9384,-65.9287,0.201242
237.9288,-1.9675,-65.2795,0.201446
237.5777,-1.9964,-64.6384,0.201642
237.2277,-2.0255,-63.9919,0.201837
236.8815,-2.0545,-63.3428,0.202039
236.5377,-2.0836,-62.6927,0.202236
236.1948,-2.1129,-62.0369,0.202436
235.8546,-2.1427,-61.3811,0.202636
235.5147,-2.1733,-60.7255,0.202835
235.1765,-2.2046,-60.0721,0.203033
234.8366,-2.2367,-59.4126,0.203232
234.4993,-2.2690,-58.7551,0.203428
234.1626,-2.3015,-58.0946,0.203628
233.8285,-2.3336,-57.4376,0.203826
233.4914,-2.3665,-56.7715,0.204028
233.1602,-2.4002,-56.1140,0.204223
232.8282,-2.4353,-55.4520,0.204421
232.4963,-2.4729,-54.7882,0.204622
232.1611,-2.5154,-54.1267,0.204822
231.8334,-2.5562,-53.4615,0.205020
231.5084,-2.5970,-52.7944,0.205218
231.1849,-2.6294,-52.1136,0.205415
230.8866,-2.6632,-51.4530,0.205615
230.5695,-2.7007,-50.7790,0.205815
230.2572,-2.7385,-50.1054,0.206014
229.9329,-2.7910,-49.4284,0.206211
229.6464,-2.8128,-48.7556,0.206412
229.3474,-2.8506,-48.0802,0.206609
229.0316,-2.8972,-47.3909,0.206810
228.7395,-2.9456,-46.7103,0.207011
228.4662,-2.9599,-46.0316,0.207210
228.1812,-2.9961,-45.3505,0.207409
227.8804,-3.0468,-44.6541,0.207610
227.6045,-3.0857,-43.9693,0.207808
227.3495,-3.1023,-43.2883,0.208008
227.0613,-3.1453,-42.5866,0.208208
226.7958,-3.1956,-41.8928,0.208407
226.5354,-3.2420,-41.1964,0.208607
226.2961,-3.2449,-40.5074,0.208804
226.0285,-3.2897,-39.8054,0.209002
225.7812,-3.3392,-39.1052,0.209203
225.5556,-3.3494,-38.4115,0.209404
225.3164,-3.3841,-37.7047,0.209604
225.0678,-3.4330,-36.9959,0.209801
224.8383,-3.4797,-36.2855,0.210000
224.6170,-3.4844,-35.5818,0.210200
224.3971,-3.5150,-34.8686,0.210400
224.1826,-3.5596,-34.1550,0.210600
223.9741,-3.6031,-33.4435,0.210798
223.7868,-3.6015,-32.7405,0.210996
223.5705,-3.6378,-32.0156,0.211196
223.3763,-3.6801,-31.3007,0.211394
223.1861,-3.7224,-30.5824,0.211593
223.0169,-3.7164,-29.8731,0.211793
222.8207,-3.7537,-29.1405,0.211993
222.6456,-3.7961,-28.4190,0.212192
222.4747,-3.8392,-27.6954,0.212391
222.3258,-3.8315,-26.9853,0.212589
222.1493,-3.8726,-26.2517,0.212788
221.9932,-3.9141,-25.5248,0.212987
221.8424,-3.9560,-24.7954,0.213186
221.6973,-3.9460,-24.0669,0.213386
221.5543,-3.9831,-23.3165,0.213589
221.4235,-4.0221,-22.6076,0.213783
221.2934,-4.0607,-21.8769,0.213981
221.1680,-4.0479,-21.1454,0.214180
221.0480,-4.0842,-20.4137,0.214378
220.9322,-4.1213,-19.6783,0.214578
220.8216,-4.1572,-18.9435,0.214777
220.7162,-4.1416,-18.2124,0.214975
220.6161,-4.1738,-17.4773,0.215174
220.5203,-4.2086,-16.7422,0.215372
220.4294,-4.2432,-16.0037,0.215571
220.3435,-4.2258,-15.2655,0.215773
220.2630,-4.2599,-14.5263,0.215971
220.1880,-4.2927,-13.7896,0.216170
220.1178,-4.3259,-13.0528,0.216366
220.0525,-4.3076,-12.3135,0.216565
219.9936,-4.3371,-11.5739,0.216766
219.9386,-4.3703,-10.8327,0.216966
219.8888,-4.4042,-10.0966,0.217162
219.8433,-4.3868,-9.3564,0.217362
219.8025,-4.4206,-8.6094,0.217561
219.7665,-4.4549,-7.8745,0.217757
219.7346,-4.4891,-7.1320,0.217958
219.7072,-4.4722,-6.3938,0.218155
219.6849,-4.5029,-5.6477,0.218355
219.6669,-4.5373,-4.9096,0.218553
219.6536,-4.5715,-4.1676,0.218750
219.6450,-4.5535,-3.4269,0.218950
219.6396,-4.5870,-2.6814,0.219149
219.6369,-4.6192,-1.9361,0.219346
219.6369,-4.6515,-1.1938,0.219545
219.6397,-4.6309,-0.4533,0.219746
219.6457,-4.6576,0.2931,0.219943
219.6539,-4.6881,1.0359,0.220145
219.6651,-4.7179,1.7793,0.220342
219.6917,-4.6998,2.5088,0.220541
219.6958,-4.7258,3.2676,0.220740
219.7151,-4.7561,4.0102,0.220942
219.7501,-4.7533,4.7403,0.221140
219.7761,-4.7721,5.4854,0.221342
219.7937,-4.7960,6.2451,0.221541
219.8283,-4.8228,6.9923,0.221742
219.8649,-4.8429,7.7265,0.221942
219.9189,-4.8453,8.4651,0.222144
219.9638,-4.8637,9.2087,0.222343
220.0013,-4.8906,9.9710,0.222546
220.0663,-4.8977,10.6984,0.222744
220.1234,-4.9141,11.4470,0.222947
220.1848,-4.9296,12.1932,0.223146
220.2507,-4.9440,12.9379,0.223349
220.3202,-4.9575,13.6832,0.223553
220.3946,-4.9708,14.4308,0.223754
220.4751,-4.9828,15.1775,0.223956
220.5611,-4.9949,15.9212,0.224161
220.6533,-5.0064,16.6675,0.224364
220.7396,-5.0171,17.4099,0.224566
220.8483,-5.0261,18.1529,0.224769
220.9655,-5.0347,18.8913,0.224970
221.0880,-5.0430,19.6284,0.225175
221.2183,-5.0505,20.3693,0.225379
221.3552,-5.0575,21.1075,0.225581
221.4994,-5.0632,21.8444,0.225785
221.6505,-5.0685,22.5789,0.225987
221.8093,-5.0731,23.3140,0.226191
221.9754,-5.0770,24.0501,0.226396
222.1432,-5.0800,24.7833,0.226598
222.3101,-5.0821,25.5215,0.226806
222.4776,-5.0829,26.2599,0.227009
222.6465,-5.0824,26.9955,0.227214
222.8192,-5.0805,27.7375,0.227418
222.9935,-5.0770,28.4749,0.227623
223.1705,-5.0721,29.2141,0.227830
223.3497,-5.0660,29.9510,0.228036
223.5316,-5.0585,30.6910,0.228243
223.7160,-5.0496,31.4307,0.228450
223.9014,-5.0398,32.1677,0.228658
224.0893,-5.0287,32.9061,0.228867
224.2792,-5.0162,33.6459,0.229074
224.4718,-5.0031,34.3863,0.229285
224.6656,-4.9889,35.1249,0.229492
224.8627,-4.9736,35.8672,0.229698
225.0594,-4.9579,36.6033,0.229907
225.2595,-4.9410,37.3449,0.230113
225.4612,-4.9238,38.0878,0.230324
225.6646,-4.9064,38.8316,0.230531
225.8697,-4.8885,39.5740,0.230745
226.0775,-4.8698,40.3197,0.230956
226.2867,-4.8506,41.0629,0.231160
226.4987,-4.8308,41.8105,0.231376
226.7127,-4.8106,42.5587,0.231585
226.9296,-4.7898,43.3076,0.231796
227.1498,-4.7681,44.0615,0.232010
227.3706,-4.7463,44.8097,0.232225
227.5942,-4.7237,45.5607,0.232438
227.8206,-4.7005,46.3133,0.232651
228.0499,-4.6768,47.0688,0.232866
228.2810,-4.6528,47.8231,0.233080
228.5149,-4.6284,48.5812,0.233298
228.7508,-4.6038,49.3409,0.233515
228.9866,-4.5792,50.0981,0.233731
229.2260,-4.5542,50.8629,0.233949
229.4659,-4.5289,51.6251,0.234168
229.7084,-4.5032,52.3930,0.234387
229.9502,-4.4774,53.1555,0.234606
230.1946,-4.4514,53.9232,0.234823
230.4411,-4.4252,54.6930,0.235041
230.6878,-4.3988,55.4597,0.235258
230.9378,-4.3717,56.2324,0.235480
231.1886,-4.3445,57.0042,0.235695
231.4415,-4.3168,57.7784,0.235918
231.6953,-4.2887,58.5517,0.236138
231.9513,-4.2604,59.3273,0.236361
232.2103,-4.2315,60.1088,0.236585
232.4734,-4.2021,60.8997,0.236810
232.7375,-4.1724,61.6895,0.237039
233.0039,-4.1426,62.4805,0.237261
233.2735,-4.1122,63.2769,0.237492
233.5445,-4.0815,64.0725,0.237719
233.8189,-4.0502,64.8727,0.237949
234.0954,-4.0185,65.6730,0.238177
234.3737,-3.9864,66.4725,0.238410
234.6549,-3.9537,67.2757,0.238636
234.9395,-3.9207,68.0830,0.238871
235.2272,-3.8874,68.8930,0.239104
235.5163,-3.8542,69.7032,0.239334
235.8079,-3.8208,70.5175,0.239568
236.1011,-3.7875,71.3329,0.239803
236.3960,-3.7544,72.1488,0.240041
236.6924,-3.7214,72.9649,0.240274
236.9899,-3.6885,73.7804,0.240506
237.2894,-3.6558,74.5984,0.240738
237.5887,-3.6230,75.4133,0.240974
237.8908,-3.5897,76.2332,0.241208
238.1937,-3.5557,77.0533,0.241442
238.4994,-3.5211,77.8774,0.241680
238.8059,-3.4859,78.7010,0.241916
239.1134,-3.4503,79.5260,0.242151
239.4240,-3.4148,80.3564,0.242386
239.7342,-3.3801,81.1835,0.242626
240.0468,-3.3456,82.0140,0.242863
240.3609,-3.3109,82.8461,0.243100
240.6771,-3.2755,83.6816,0.243337
240.9952,-3.2399,84.5193,0.243575
241.3145,-3.2039,85.3580,0.243818
241.6363,-3.1674,86.2008,0.244059
241.9585,-3.1304,87.0429,0.244296
242.2828,-3.0929,87.8895,0.244538
242.6083,-3.0545,88.7370,0.244777
242.9355,-3.0154,89.5878,0.245017
243.2642,-2.9765,90.4406,0.245263
243.5939,-2.9376,91.2951,0.245503
243.9250,-2.8986,92.1517,0.245750
244.2585,-2.8595,93.0130,0.245997
244.5924,-2.8196,93.8730,0.246241
244.9291,-2.7790,94.7392,0.246492
245.2683,-2.7378,95.6106,0.246740
245.6074,-2.6963,96.4799,0.246989
245.9477,-2.6546,97.3511,0.247241
246.2903,-2.6125,98.2277,0.247487
246.6340,-2.5695,99.1066,0.247741
246.9798,-2.5252,99.9907,0.247994
247.3259,-2.4804,100.8760,0.248245
247.6745,-2.4344,101.7680,0.248502
248.0228,-2.3882,102.6588,0.248759
248.3739,-2.3413,103.5573,0.249016
248.7247,-2.2944,104.4554,0.249276
249.0756,-2.2471,105.3550,0.249531
249.4285,-2.1991,106.2608,0.249792
249.7817,-2.1503,107.1680,0.250049
250.1366,-2.1006,108.0806,0.250312
250.4925,-2.0497,108.9956,0.250570
250.8488,-1.9983,109.9117,0.250837
251.2066,-1.9462,110.8322,0.251098
251.5651,-1.8941,111.7549,0.251360
251.9252,-1.8420,112.6818,0.251629
252.2866,-1.7896,113.6118,0.251891
252.6503,-1.7366,114.5479,0.252161
253.0116,-1.6832,115.4777,0.252428
253.3766,-1.6282,116.4169,0.252694
253.7428,-1.5720,117.3596,0.252966
254.1086,-1.5145,118.3014,0.253234
254.4741,-1.4564,119.2424,0.253498
254.8423,-1.3973,120.1900,0.253768
255.2110,-1.3376,121.1388,0.254040
255.5775,-1.2775,122.0821,0.254308
255.9448,-1.2168,123.0278,0.254573
256.3124,-1.1553,123.9743,0.254847
256.6785,-1.0938,124.9172,0.255114
257.0414,-1.0324,125.8520,0.255379
257.4056,-0.9704,126.7898,0.255647
257.7685,-0.9084,127.7243,0.255908
258.1286,-0.8464,128.6515,0.256174
258.4888,-0.7844,129.5787,0.256439
258.8476,-0.7228,130.5022,0.256700
259.2038,-0.6624,131.4192,0.256957
259.5600,-0.6023,132.3360,0.257215
259.9166,-0.5421,133.2538,0.257477
260.2715,-0.4819,134.1673,0.257734
260.6250,-0.4217,135.0773,0.257991
260.9764,-0.3620,135.9819,0.258249
261.3277,-0.3021,136.8866,0.258506
261.6787,-0.2417,137.7901,0.258761
262.0266,-0.1811,138.6857,0.259016
262.3741,-0.1201,139.5804,0.259268
262.7214,-0.0594,140.4746,0.259521
263.0663,0.0005,141.3622,0.259769
263.4104,0.0593,142.2478,0.260024
263.7543,0.1169,143.1330,0.260274
264.0966,0.1735,144.0143,0.260525
264.4383,0.2298,144.8934,0.260775
264.7790,0.2859,145.7702,0.261018
265.1175,0.3419,146.6414,0.261268
265.4563,0.3986,147.5133,0.261513
265.7951,0.4555,148.3849,0.261764
266.1299,0.5114,149.2463,0.262006
266.4651,0.5673,150.1085,0.262246
266.7996,0.6231,150.9687,0.262495
267.1338,0.6792,151.8281,0.262736
267.4654,0.7351,152.6804,0.262978
267.7989,0.7915,153.5382,0.263223
268.1315,0.8472,154.3933,0.263463
268.4627,0.9026,155.2452,0.263706
268.7943,0.9582,156.0978,0.263949
269.1249,1.0138,156.9482,0.264188
269.4576,1.0693,157.8043,0.264433
269.7888,1.1243,158.6560,0.264676
270.1215,1.1791,159.5117,0.264917
270.4543,1.2328,160.3669,0.265161
270.7879,1.2856,161.2232,0.265406
271.1208,1.3377,162.0780,0.265647
271.4548,1.3894,162.9341,0.265889
271.7910,1.4415,163.7955,0.266137
272.1251,1.4931,164.6511,0.266378
272.4610,1.5447,165.5114,0.266621
272.7976,1.5959,166.3725,0.266867
273.1335,1.6465,167.2315,0.267109
273.4713,1.6972,168.0948,0.267358
273.8093,1.7473,168.9584,0.267598
274.1462,1.7957,169.8185,0.267850
274.4858,1.8441,170.6857,0.268093
274.8242,1.8919,171.5497,0.268339
275.1621,1.9392,172.4114,0.268588
275.5022,1.9864,173.2768,0.268830
275.8441,2.0333,174.1455,0.269075
276.1868,2.0799,175.0141,0.269327
276.5298,2.1265,175.8823,0.269576
276.8713,2.1726,176.7446,0.269821
277.2149,2.2187,177.6111,0.270062
277.5591,2.2648,178.4776,0.270312
277.9045,2.3106,179.3453,0.270559
278.2527,2.3566,180.2180,0.270810
278.5981,2.4019,181.0819,0.271056
278.9455,2.4472,181.9495,0.271300
279.2935,2.4923,182.8167,0.271550
279.6427,2.5373,183.6862,0.271798
279.9913,2.5816,184.5540,0.272049
280.3398,2.6255,185.4213,0.272293
280.6897,2.6692,186.2910,0.272544
281.0414,2.7127,187.1646,0.272792
281.3912,2.7554,188.0332,0.273039
281.7406,2.7976,188.9010,0.273286
282.0916,2.8398,189.7737,0.273537
282.4419,2.8814,190.6447,0.273785
282.7916,2.9226,191.5149,0.274031
283.1440,2.9637,192.3916,0.274286
283.4929,3.0038,193.2600,0.274531
283.8427,3.0433,194.1308,0.274783
284.1943,3.0826,195.0061,0.275028
284.5457,3.1216,195.8804,0.275283
284.8957,3.1605,196.7516,0.275529
285.2468,3.2000,197.6258,0.275776
285.5977,3.2402,198.5002,0.276028
285.9489,3.2788,199.3758,0.276277
286.2985,3.3172,200.2486,0.276527
286.6496,3.3551,201.1256,0.276777
286.9987,3.3923,201.9992,0.277021
287.3476,3.4285,202.8727,0.277274
287.6973,3.4631,203.7490,0.277525
288.0454,3.4961,204.6224,0.277771
288.3960,3.5284,205.5008,0.278027
288.7447,3.5600,206.3745,0.278273
289.0944,3.5918,207.2504,0.278525
289.4438,3.6238,208.1251,0.278772
289.7937,3.6561,209.0007,0.279021
290.1429,3.6878,209.8744,0.279272
290.4919,3.7187,210.7468,0.279517
290.8400,3.7486,211.6169,0.279768
291.1874,3.7773,212.4839,0.280018
291.5342,3.8059,213.3487,0.280261
291.8802,3.8343,214.2101,0.280509
292.2260,3.8628,215.0695,0.280754
292.5720,3.8905,215.9277,0.281002
292.9165,3.9175,216.7801,0.281242
293.2606,3.9432,217.6307,0.281481
293.6050,3.9684,218.4798,0.281727
293.9482,3.9929,219.3255,0.281971
294.2917,4.0165,220.1716,0.282211
294.6330,4.0388,221.0117,0.282452
294.9747,4.0598,221.8513,0.282690
295.3151,4.0800,222.6884,0.282933
295.6564,4.1003,223.5262,0.283172
295.9963,4.1209,224.3598,0.283406
296.3331,4.1418,225.1854,0.283643
296.6709,4.1625,226.0135,0.283882
297.0104,4.1826,226.8450,0.284119
297.3449,4.2017,227.6639,0.284348
297.6811,4.2203,228.4864,0.284589
298.0172,4.2384,229.3084,0.284825
298.3512,4.2558,230.1242,0.285057
298.6838,4.2728,230.9371,0.285289
299.0175,4.2894,231.7513,0.285520
299.3487,4.3051,232.5590,0.285751
299.6814,4.3200,233.3690,0.285987
300.0126,4.3345,234.1750,0.286215
300.3431,4.3490,234.9778,0.286444
300.6736,4.3636,235.7803,0.286675
301.0023,4.3779,236.5775,0.286900
301.3311,4.3922,237.3746,0.287134
301.6591,4.4063,238.1691,0.287363
301.9879,4.4201,238.9637,0.287584
302.3143,4.4333,239.7524,0.287811
302.6425,4.4463,240.5432,0.288043
302.9683,4.4591,241.3276,0.288265
303.2941,4.4716,242.1108,0.288491
303.6197,4.4835,242.8922,0.288717
303.9450,4.4949,243.6725,0.288939
304.2696,4.5059,244.4498,0.289161
304.5942,4.5166,245.2264,0.289386
304.9178,4.5272,245.9994,0.289608
305.2396,4.5378,246.7673,0.289831
305.5630,4.5484,247.5387,0.290051
305.8852,4.5591,248.3074,0.290272
306.2056,4.5695,249.0712,0.290490
306.5258,4.5798,249.8344,0.290712
306.8456,4.5896,250.5968,0.290935
307.1640,4.5990,251.3563,0.291151
307.4816,4.6082,252.1133,0.291368
307.8005,4.6176,252.8732,0.291592
308.1161,4.6269,253.6249,0.291802
308.4321,4.6363,254.3780,0.292020
308.7464,4.6452,255.1268,0.292233
309.0599,4.6537,255.8740,0.292452
309.3741,4.6615,256.6227,0.292667
309.6866,4.6687,257.3672,0.292877
309.9986,4.6758,258.1104,0.293094
310.3099,4.6829,258.8511,0.293308
310.6211,4.6901,259.5912,0.293520
310.9306,4.6972,260.3271,0.293732
311.2408,4.7040,261.0639,0.293951
311.5503,4.7107,261.7985,0.294159
311.8593,4.7172,262.5298,0.294372
312.1687,4.7234,263.2611,0.294587
312.4751,4.7294,263.9840,0.294798
312.7835,4.7349,264.7105,0.295012
313.0912,4.7403,265.4347,0.295213
313.3993,4.7455,266.1583,0.295426
313.7065,4.7506,266.8787,0.295636
314.0132,4.7560,267.5968,0.295840
314.3185,4.7612,268.3087,0.296052
314.6254,4.7663,269.0193,0.296258
314.9352,4.7715,269.7318,0.296464
315.2451,4.7759,270.4398,0.296674
315.5564,4.7802,271.1478,0.296885
315.8666,4.7846,271.8499,0.297092
316.1768,4.7892,272.5477,0.297299
316.4898,4.7938,273.2484,0.297502
316.8012,4.7984,273.9419,0.297704
317.1151,4.8028,274.6382,0.297911
317.4279,4.8069,275.3287,0.298114
317.7426,4.8104,276.0200,0.298321
318.0561,4.8137,276.7061,0.298520
318.3712,4.8167,277.3932,0.298728
318.6855,4.8198,278.0759,0.298929
319.0007,4.8231,278.7577,0.299137
319.3159,4.8266,279.4364,0.299335
319.6320,4.8301,280.1141,0.299539
319.9482,4.8334,280.7892,0.299737
320.2652,4.8368,281.4627,0.299943
320.5826,4.8399,282.1336,0.300144
320.9016,4.8428,282.8053,0.300345
321.2180,4.8455,283.4690,0.300548
321.5375,4.8482,284.1362,0.300748
321.8560,4.8509,284.7983,0.300954
322.1744,4.8537,285.4576,0.301159
322.4943,4.8565,286.1166,0.301365
322.8154,4.8592,286.7747,0.301567
323.1352,4.8618,287.4264,0.301776
323.4568,4.8642,288.0795,0.301977
323.7786,4.8664,288.7304,0.302182
324.1009,4.8683,289.3782,0.302380
324.4233,4.8701,290.0220,0.302577
324.7480,4.8716,290.6653,0.302783
325.0736,4.8728,291.3043,0.302981
325.4001,4.8738,291.9388,0.303175
325.7301,4.8750,292.5728,0.303378
326.0594,4.8766,293.1993,0.303577
326.3929,4.8785,293.8258,0.303780
326.7291,4.8809,294.4496,0.303977
327.0660,4.8833,295.0666,0.304176
327.4046,4.8854,295.6781,0.304379
327.7458,4.8875,296.2855,0.304586
328.0895,4.8894,296.8884,0.304789
328.4367,4.8912,297.4880,0.304998
328.7862,4.8927,298.0858,0.305203
329.1361,4.8941,298.6768,0.305409
329.4871,4.8952,299.2620,0.305610
329.8412,4.8960,299.8450,0.305811
330.1958,4.8966,300.4208,0.306012
330.5547,4.8972,300.9938,0.306215
330.9142,4.8979,301.5577,0.306416
331.2791,4.8986,302.1164,0.306622
331.6432,4.8994,302.6660,0.306825
332.0086,4.9002,303.2090,0.307027
332.3772,4.9009,303.7470,0.307226
332.7458,4.9017,304.2753,0.307428
333.1186,4.9023,304.8009,0.307627
333.4921,4.9030,305.3185,0.307827
333.8692,4.9035,305.8335,0.308023
334.2465,4.9041,306.3412,0.308222
334.6261,4.9048,306.8422,0.308414
335.0078,4.9055,307.3402,0.308608
335.3897,4.9060,307.8330,0.308801
335.7753,4.9064,308.3233,0.308991
336.1606,4.9069,308.8040,0.309184
336.5499,4.9073,309.2794,0.309374
336.9427,4.9072,309.7490,0.309565
337.3396,4.9069,310.2118,0.309750
337.7403,4.9062,310.6658,0.309942
338.1414,4.9054,311.1126,0.310131
338.5479,4.9046,311.5555,0.310311
338.9546,4.9043,311.9900,0.310506
339.3648,4.9043,312.4190,0.310685
339.7776,4.9048,312.8406,0.310871
340.1937,4.9057,313.2568,0.311054
340.6127,4.9067,313.6671,0.311227
341.0345,4.9078,314.0695,0.311405
341.4584,4.9089,314.4672,0.311580
341.8842,4.9102,314.8584,0.311756
342.3133,4.9117,315.2435,0.311932
342.7455,4.9133,315.6216,0.312113
343.1805,4.9151,315.9918,0.312285
343.6198,4.9170,316.3537,0.312457
344.0609,4.9190,316.7039,0.312629
344.5176,4.9275,317.0351,0.312802
344.9681,4.9330,317.3648,0.312971
345.4369,4.9446,317.6709,0.313143
345.8950,4.9569,317.9814,0.313311
346.3571,4.9695,318.2837,0.313479
346.8134,4.9780,318.5851,0.313646
347.2787,4.9862,318.8767,0.313812
347.7440,4.9939,319.1622,0.313976
348.2119,5.0012,319.4409,0.314142
348.6700,5.0046,319.7298,0.314302
349.1375,5.0079,319.9951,0.314461
349.6066,5.0113,320.2532,0.314623
350.0781,5.0147,320.5019,0.314778
350.5520,5.0182,320.7404,0.314936
351.0222,5.0216,320.9634,0.315096
351.4989,5.0250,321.1711,0.315250
351.9782,5.0284,321.3618,0.315403
352.4514,5.0209,321.5503,0.315552
352.9343,5.0221,321.7180,0.315705
353.4170,5.0233,321.8710,0.315857
353.8996,5.0238,322.0069,0.316009
354.3827,5.0247,322.1283,0.316156
354.8685,5.0252,322.2388,0.316307
355.3551,5.0271,322.3483,0.316452
355.8391,5.0300,322.4662,0.316600
356.3228,5.0351,322.5868,0.316743
356.8011,5.0403,322.7043,0.316885
357.2769,5.0461,322.8124,0.317034
357.7539,5.0515,322.9059,0.317172
358.2274,5.0567,322.9825,0.317317
358.7001,5.0618,323.0455,0.317456
359.1672,5.0669,323.0960,0.317597
359.6381,5.0719,323.1324,0.317733
360.1038,5.0766,323.1510,0.317872
360.5676,5.0815,323.1602,0.318011
361.0276,5.0859,323.1575,0.318151
361.4879,5.0909,323.1438,0.318287
361.9447,5.0953,323.1188,0.318426
362.4036,5.1005,323.0860,0.318559
362.8632,5.1063,323.0553,0.318696
363.3174,5.1131,323.0242,0.318836
363.7729,5.1298,322.9738,0.318966
364.2282,5.1346,322.9357,0.319101
364.6808,5.1400,322.8965,0.319232
365.1283,5.1453,322.8490,0.319364
365.5722,5.1507,322.7873,0.319496
366.0128,5.1559,322.7107,0.319629
366.4474,5.1610,322.6229,0.319757
366.8705,5.1649,322.5026,0.319890
367.2950,5.1676,322.3921,0.320018
367.7154,5.1700,322.2671,0.320150
368.1293,5.1732,322.1345,0.320277
368.5384,5.1762,321.9915,0.320406
368.9428,5.1795,321.8403,0.320530
369.3443,5.1826,321.6799,0.320657
369.7391,5.1860,321.5092,0.320783
370.1266,5.1895,321.3288,0.320907
370.5107,5.1932,321.1392,0.321030
370.8866,5.1969,320.9394,0.321156
371.2592,5.2007,320.7346,0.321277
371.6241,5.2047,320.5217,0.321402
371.9781,5.2104,320.2905,0.321526
372.3352,5.2131,320.0701,0.321647
372.6790,5.2188,319.8225,0.321770
373.0273,5.2216,319.5851,0.321892
373.3617,5.2258,319.3327,0.322013
373.6913,5.2305,319.0683,0.322139
374.0173,5.2350,318.7987,0.322261
374.3403,5.2396,318.5198,0.322385
374.6554,5.2445,318.2348,0.322508
374.9658,5.2490,317.9407,0.322631
375.2697,5.2541,317.6395,0.322756
375.5695,5.2587,317.3293,0.322883
375.8665,5.2634,317.0146,0.323007
376.1592,5.2678,316.6925,0.323133
376.4489,5.2720,316.3667,0.323263
376.7333,5.2763,316.0349,0.323390
377.0139,5.2801,315.6943,0.323515
377.2906,5.2844,315.3455,0.323644
377.5629,5.2878,314.9915,0.323776
377.8382,5.2910,314.6362,0.323908
378.1189,5.2931,314.2780,0.324040
378.3936,5.2946,313.9166,0.324171
378.6616,5.2965,313.5494,0.324304
378.9212,5.2980,313.1732,0.324438
379.1730,5.3002,312.7883,0.324573
379.4154,5.3014,312.3988,0.324708
379.6443,5.3042,311.9940,0.324842
379.8751,5.3044,311.5908,0.324982
380.1015,5.3042,311.1803,0.325119
380.3201,5.3043,310.7654,0.325260
380.5307,5.3028,310.3398,0.325400
380.7408,5.3022,309.9084,0.325540
380.9498,5.2993,309.4755,0.325684
381.1839,5.2940,309.0442,0.325824
381.3969,5.2944,308.6044,0.325966
381.6061,5.2944,308.1585,0.326115
381.8065,5.2946,307.7079,0.326256
382.0147,5.2973,307.2550,0.326404
382.1987,5.3007,306.7900,0.326551
382.3770,5.3040,306.3219,0.326699
382.5497,5.3074,305.8474,0.326851
382.7160,5.3108,305.3682,0.327005
382.8761,5.3143,304.8845,0.327158
383.0290,5.3179,304.3979,0.327311
383.1766,5.3213,303.9044,0.327465
383.3228,5.3248,303.4037,0.327620
383.4695,5.3281,302.9001,0.327783
383.6182,5.3317,302.3904,0.327941
383.7596,5.3352,301.8850,0.328099
383.8946,5.3384,301.3694,0.328257
384.0215,5.3416,300.8517,0.328417
384.1424,5.3447,300.3271,0.328578
384.2571,5.3478,299.7986,0.328738
384.3671,5.3506,299.2643,0.328904
384.4705,5.3533,298.7295,0.329063
384.5715,5.3559,298.1878,0.329231
384.6662,5.3582,297.6422,0.329394
384.7544,5.3603,297.0932,0.329560
384.8373,5.3622,296.5377,0.329729
384.9156,5.3640,295.9764,0.329900
384.9942,5.3658,295.4116,0.330070
385.0762,5.3675,294.8426,0.330237
385.1593,5.3691,294.2694,0.330410
385.2412,5.3703,293.6894,0.330580
385.3219,5.3712,293.1080,0.330751
385.4012,5.3717,292.5210,0.330917
385.4820,5.3722,291.9295,0.331090
385.5658,5.3728,291.3336,0.331260
385.6515,5.3735,290.7337,0.331432
385.7381,5.3744,290.1317,0.331604
385.8265,5.3755,289.5224,0.331775
385.9154,5.3768,288.9109,0.331947
386.0048,5.3782,288.2937,0.332118
386.0950,5.3796,287.6749,0.332288
386.1855,5.3813,287.0518,0.332462
386.2766,5.3829,286.4255,0.332627
386.3686,5.3845,285.7918,0.332794
386.4609,5.3862,285.1559,0.332963
386.5536,5.3878,284.5192,0.333127
386.6470,5.3896,283.8774,0.333298
386.7408,5.3912,283.2318,0.333464
386.8363,5.3925,282.5764,0.333637
386.9315,5.3940,281.9231,0.333807
387.0269,5.3950,281.2684,0.333974
387.1238,5.3959,280.6060,0.334151
387.2209,5.3967,279.9419,0.334328
387.3191,5.3971,279.2720,0.334499
387.4179,5.3976,278.5983,0.334677
387.5180,5.3984,277.9189,0.334854
387.6184,5.3995,277.2366,0.335029
387.7192,5.4011,276.5544,0.335212
387.8217,5.4032,275.8661,0.335394
387.9261,5.4055,275.1713,0.335571
388.0320,5.4079,274.4756,0.335755
388.1404,5.4104,273.7763,0.335939
388.2524,5.4127,273.0706,0.336121
388.3659,5.4146,272.3638,0.336308
388.4825,5.4165,271.6508,0.336490
388.6019,5.4183,270.9359,0.336679
388.7253,5.4202,270.2159,0.336869
388.8513,5.4219,269.4946,0.337057
388.9807,5.4236,268.7669,0.337241
389.1128,5.4252,268.0371,0.337422
389.2483,5.4269,267.3060,0.337616
389.3880,5.4287,266.5703,0.337803
389.5320,5.4308,265.8317,0.337994
389.6813,5.4325,265.0861,0.338186
389.8345,5.4345,264.3417,0.338378
389.9925,5.4365,263.5920,0.338571
390.1557,5.4386,262.8365,0.338768
390.3232,5.4407,262.0818,0.338966
390.4958,5.4428,261.3238,0.339158
390.6733,5.4448,260.5650,0.339352
390.8555,5.4469,259.8008,0.339551
391.0444,5.4495,259.0270,0.339753
391.2350,5.4523,258.2632,0.339946
391.4326,5.4554,257.4902,0.340144
391.6352,5.4586,256.7141,0.340348
391.8434,5.4617,255.9338,0.340549
392.0555,5.4645,255.1553,0.340748
392.2743,5.4670,254.3712,0.340954
392.4977,5.4695,253.5878,0.341160
392.7282,5.4716,252.8028,0.341358
392.9666,5.4736,252.0128,0.341561
393.2113,5.4753,251.2239,0.341770
393.4630,5.4770,250.4355,0.341973
393.7216,5.4787,249.6488,0.342180
393.9882,5.4803,248.8600,0.342387
394.2625,5.4815,248.0744,0.342589
394.5410,5.4826,247.2952,0.342794
394.8280,5.4850,246.5138,0.343001
395.1222,5.4865,245.7331,0.343207
395.4221,5.4870,244.9553,0.343417
395.7271,5.4863,244.1813,0.343620
396.0405,5.4845,243.4030,0.343830
396.3585,5.4818,242.6323,0.344038
396.6842,5.4786,241.8616,0.344246
397.0199,5.4753,241.0886,0.344454
397.3598,5.4722,240.3199,0.344665
397.7050,5.4690,239.5566,0.344875
398.0599,5.4649,238.7897,0.345081
398.4195,5.4595,238.0305,0.345292
398.7873,5.4525,237.2711,0.345500
399.1620,5.4439,236.5146,0.345710
399.5427,5.4338,235.7632,0.345913
399.9348,5.4221,235.0091,0.346127
400.3340,5.4099,234.2573,0.346340
400.7411,5.3966,233.5099,0.346554
401.1567,5.3823,232.7659,0.346767
401.5829,5.3672,232.0232,0.346983
402.0193,5.3515,231.2844,0.347198
402.4654,5.3360,230.5511,0.347413
402.9224,5.3209,229.8220,0.347626
403.3921,5.3064,229.0981,0.347839
403.8721,5.2922,228.3758,0.348052
404.3586,5.2782,227.6636,0.348267
404.8535,5.2636,226.9572,0.348481
405.3611,5.2476,226.2500,0.348694
405.8757,5.2307,225.5513,0.348906
406.4044,5.2131,224.8528,0.349122
406.9410,5.1955,224.1640,0.349336
407.4900,5.1782,223.4819,0.349558
408.0504,5.1614,222.8014,0.349771
408.6207,5.1453,222.1286,0.349989
409.2041,5.1295,221.4609,0.350210
409.7920,5.1137,220.8050,0.350430
410.3907,5.0977,220.1501,0.350646
410.9963,5.0824,219.5017,0.350865
411.6119,5.0673,218.8570,0.351081
412.2343,5.0522,218.2216,0.351297
412.8659,5.0369,217.5885,0.351517
413.5056,5.0208,216.9603,0.351737
414.1530,5.0035,216.3368,0.351958
414.8101,4.9841,215.7156,0.352183
415.4718,4.9630,215.1018,0.352407
416.1406,4.9403,214.4912,0.352624
416.8137,4.9175,213.8827,0.352859
417.4892,4.8947,213.2732,0.353083
418.1660,4.8712,212.6636,0.353320
418.8428,4.8469,212.0550,0.353547
419.5247,4.8215,211.4441,0.353785
420.2101,4.7954,210.8326,0.354016
420.9016,4.7689,210.2216,0.354251
421.5970,4.7420,209.6137,0.354482
422.3022,4.7150,209.0038,0.354718
423.0077,4.6883,208.3994,0.354952
423.7208,4.6614,207.7950,0.355189
424.4394,4.6342,207.1903,0.355423
425.1626,4.6065,206.5873,0.355665
425.8904,4.5788,205.9857,0.355909
426.6227,4.5517,205.3869,0.356144
427.3607,4.5255,204.7897,0.356387
428.1053,4.4995,204.1932,0.356631
428.8531,4.4735,203.6000,0.356874
429.6074,4.4471,203.0081,0.357117
430.3674,4.4201,202.4164,0.357362
431.1272,4.3928,201.8309,0.357609
431.8922,4.3653,201.2472,0.357854
432.6669,4.3371,200.6620,0.358098
433.4434,4.3085,200.0813,0.358348
434.2256,4.2799,199.5021,0.358599
435.0129,4.2515,198.9248,0.358846
435.8002,4.2230,198.3515,0.359096
436.5884,4.1939,197.7775,0.359347
437.3763,4.1644,197.2045,0.359594
438.1616,4.1346,196.6340,0.359846
438.9457,4.1039,196.0650,0.360096
439.7243,4.0731,195.4992,0.360348
440.5029,4.0417,194.9326,0.360596
441.2778,4.0099,194.3675,0.360844
442.0508,3.9779,193.8021,0.361096
442.8198,3.9458,193.2371,0.361341
443.5896,3.9139,192.6694,0.361601
444.3523,3.8832,192.1041,0.361851
445.1112,3.8526,191.5385,0.362111
445.8655,3.8221,190.9724,0.362364
446.6146,3.7915,190.4055,0.362618
447.3624,3.7612,189.8347,0.362877
448.0955,3.7320,189.2706,0.363137
448.8257,3.7035,188.7031,0.363394
449.5501,3.6750,188.1362,0.363647
450.2674,3.6468,187.5714,0.363902
450.9819,3.6184,187.0052,0.364155
451.6928,3.5901,186.4378,0.364407
452.3985,3.5620,185.8703,0.364658
453.1027,3.5341,185.2998,0.364911
453.7988,3.5069,184.7332,0.365157
454.4936,3.4805,184.1675,0.365402
455.1844,3.4548,183.6045,0.365654
455.8713,3.4295,183.0433,0.365899
456.5570,3.4039,182.4822,0.366145
457.2382,3.3786,181.9219,0.366392
457.9126,3.3535,181.3628,0.366636
458.5822,3.3285,180.8038,0.366875
459.2453,3.3037,180.2472,0.367114
459.9051,3.2791,179.6902,0.367353
460.5579,3.2549,179.1372,0.367586
461.2054,3.2314,178.5861,0.367818
461.8479,3.2085,178.0337,0.368057
462.4814,3.1863,177.4816,0.368292
463.1069,3.1645,176.9294,0.368520
463.7234,3.1431,176.3784,0.368749
464.3347,3.1218,175.8260,0.368977
464.9370,3.1011,175.2767,0.369207
465.5408,3.0806,174.7258,0.369425
466.1377,3.0604,174.1815,0.369646
466.7332,3.0400,173.6377,0.369864
467.3239,3.0194,173.0982,0.370082
467.9141,2.9987,172.5586,0.370296
468.4987,2.9782,172.0232,0.370512
469.0800,2.9584,171.4882,0.370727
469.6542,2.9392,170.9532,0.370936
470.2199,2.9206,170.4183,0.371144
470.7813,2.9026,169.8808,0.371352
471.3304,2.8856,169.3457,0.371558
471.8690,2.8698,168.8065,0.371766
472.3981,2.8549,168.2616,0.371971
472.9147,2.8405,167.7165,0.372175
473.4229,2.8265,167.1678,0.372376
473.9211,2.8130,166.6174,0.372577
474.4089,2.8002,166.0654,0.372775
474.8907,2.7879,165.5138,0.372975
475.3634,2.7758,164.9590,0.373173
475.8229,2.7642,164.4035,0.373366
476.2751,2.7523,163.8430,0.373560
476.7206,2.7402,163.2857,0.373754
477.1695,2.7278,162.7271,0.373947
477.6045,2.7227,162.1614,0.374136
478.0573,2.7144,161.6107,0.374328
478.4761,2.7112,161.0502,0.374515
478.9196,2.7014,160.4930,0.374700
479.3362,2.6732,159.9315,0.374890
479.7252,2.6915,159.3708,0.375074
480.1448,2.6697,158.8066,0.375262
480.5391,2.6414,158.2426,0.375444
480.9253,2.6645,157.6795,0.375631
481.3058,2.6387,157.1111,0.375812
481.6694,2.5893,156.5532,0.375997
482.0365,2.5771,155.9840,0.376177
482.3968,2.5650,155.4114,0.376362
482.7496,2.5527,154.8353,0.376543
483.0909,2.5404,154.2585,0.376723
483.4224,2.5285,153.6817,0.376903
483.7504,2.5164,153.0989,0.377083
484.0717,2.5047,152.5184,0.377262
484.3904,2.4931,151.9311,0.377440
484.7018,2.4816,151.3420,0.377618
485.0034,2.4706,150.7545,0.377795
485.3033,2.4597,150.1618,0.377973
485.6042,2.4489,149.5689,0.378150
485.9060,2.4382,148.9773,0.378329
486.2065,2.4274,148.3846,0.378504
486.5014,2.4165,147.7922,0.378681
486.7910,2.4057,147.1944,0.378860
487.0739,2.3950,146.5988,0.379035
487.3546,2.3839,145.9955,0.379214
487.6246,2.3727,145.3996,0.379389
487.8896,2.3613,144.7937,0.379567
488.1451,2.3500,144.1874,0.379743
488.3938,2.3384,143.5765,0.379919
488.6332,2.3271,142.9651,0.380097
488.8612,2.3160,142.3517,0.380275
489.0842,2.3044,141.7330,0.380452
489.2990,2.2930,141.1112,0.380629
489.5048,2.2815,140.4870,0.380807
489.7042,2.2696,139.8564,0.380985
489.8964,2.2576,139.2266,0.381163
490.0834,2.2455,138.5915,0.381342
490.2640,2.2329,137.9546,0.381519
490.4403,2.2202,137.3148,0.381698
490.6157,2.2075,136.6740,0.381875
490.7878,2.1943,136.0267,0.382053
490.9544,2.1812,135.3812,0.382231
491.1210,2.2086,134.7228,0.382411
491.2878,2.1823,134.0610,0.382591
491.4367,2.1988,133.4196,0.382769
491.6187,2.1714,132.7485,0.382950
491.7825,2.1439,132.0885,0.383132
491.9425,2.1119,131.4224,0.383316
492.0813,2.1249,130.7751,0.383499
492.2481,2.0981,130.0932,0.383683
492.3967,2.0658,129.4226,0.383867
492.5294,2.0624,128.7650,0.384053
492.6739,2.0400,128.0835,0.384240
492.8242,2.0149,127.3889,0.384428
492.9393,1.9931,126.7114,0.384616
493.0782,1.9703,126.0235,0.384806
493.1994,1.9506,125.3309,0.384996
493.3172,1.9301,124.6339,0.385186
493.4314,1.9090,123.9311,0.385377
493.5413,1.8875,123.2260,0.385567
493.6465,1.8658,122.5181,0.385757
493.7468,1.8440,121.8060,0.385953
493.8422,1.8226,121.0884,0.386147
493.9314,1.8016,120.3702,0.386339
494.0174,1.7807,119.6485,0.386534
494.0989,1.7595,118.9232,0.386731
494.1770,1.7375,118.1890,0.386932
494.2499,1.7147,117.4573,0.387129
494.3184,1.6910,116.7178,0.387332
494.3820,1.6666,115.9785,0.387531
494.4413,1.6418,115.2319,0.387733
494.4941,1.6167,114.4864,0.387938
494.5434,1.5916,113.7351,0.388140
494.5871,1.5667,112.9787,0.388344
494.6236,1.5422,112.2217,0.388552
494.6539,1.5178,111.4598,0.388758
494.6778,1.4939,110.6958,0.388963
494.6958,1.4703,109.9263,0.389177
494.7086,1.4467,109.1497,0.389388
494.7162,1.4234,108.3812,0.389592
494.7216,1.3992,107.5985,0.389806
494.7230,1.3748,106.8165,0.390020
494.7206,1.3498,106.0266,0.390230
494.7135,1.3252,105.2401,0.390444
494.7020,1.3007,104.4499,0.390659
494.6861,1.2766,103.6551,0.390876
494.6658,1.2524,102.8561,0.391094
494.6407,1.2283,102.0520,0.391312
494.6123,1.2041,101.2463,0.391535
494.5797,1.1798,100.4377,0.391752
494.5430,1.1556,99.6272,0.391974
494.5025,1.1313,98.8097,0.392197
494.4589,1.1075,97.9929,0.392431
494.4119,1.0835,97.1713,0.392651
494.3619,1.0590,96.3463,0.392878
494.3094,1.0340,95.5164,0.393108
494.2538,1.0085,94.6837,0.393336
494.1954,0.9827,93.8470,0.393568
494.1341,0.9570,93.0078,0.393802
494.0696,0.9312,92.1655,0.394034
494.0020,0.9060,91.3164,0.394264
493.9318,0.8811,90.4690,0.394501
493.8586,0.8563,89.6148,0.394740
493.7831,0.8317,88.7570,0.394972
493.7052,0.8072,87.8972,0.395214
493.6255,0.7828,87.0285,0.395454
493.5447,0.7585,86.1623,0.395697
493.4625,0.7339,85.2870,0.395934
493.3802,0.7097,84.4156,0.396179
493.2969,0.6854,83.5353,0.396418
493.2129,0.6610,82.6504,0.396671
493.1283,0.6358,81.7595,0.396913
493.0434,0.6101,80.8660,0.397157
492.9577,0.5838,79.9652,0.397411
492.8717,0.5572,79.0609,0.397660
492.7859,0.5308,78.1540,0.397915
492.6996,0.5051,77.2409,0.398160
492.6133,0.4795,76.3228,0.398414
492.5274,0.4549,75.4045,0.398669
492.4420,0.4303,74.4781,0.398920
492.3581,0.4058,73.5506,0.399170
492.2744,0.3812,72.6130,0.399429
492.1917,0.3567,71.6737,0.399686
492.1097,0.3311,70.7285,0.399941
492.0284,0.3048,69.7761,0.400200
491.9486,0.2776,68.8246,0.400456
491.8699,0.2505,67.8692,0.400708
491.7919,0.2239,66.9074,0.400969
491.7151,0.1989,65.9407,0.401222
491.6403,0.1745,64.9725,0.401478
491.5664,0.1499,63.9973,0.401737
491.4933,0.1249,63.0131,0.401994
491.4218,0.0997,62.0314,0.402252
491.3514,0.0742,61.0424,0.402510
491.2821,0.0490,60.0457,0.402767
491.2136,0.0232,59.0413,0.403027
491.1470,-0.0026,58.0436,0.403281
491.0806,-0.0290,57.0289,0.403545
491.0161,-0.0554,56.0207,0.403804
490.9527,-0.0822,55.0032,0.404070
490.8913,-0.1096,53.9826,0.404338
490.8315,-0.1378,52.9545,0.404597
490.7735,-0.1668,51.9186,0.404865
490.7176,-0.1959,50.8823,0.405136
490.6638,-0.2251,49.8418,0.405403
490.6125,-0.2544,48.7983,0.405671
490.5629,-0.2831,47.7468,0.405945
490.5149,-0.3123,46.6889,0.406216
490.4695,-0.3420,45.6303,0.406487
490.4260,-0.3725,44.5661,0.406760
490.3849,-0.4034,43.5032,0.407042
490.3459,-0.4344,42.4290,0.407308
490.3111,-0.4648,41.3530,0.407589
490.2801,-0.4957,40.2635,0.407869
490.2531,-0.5271,39.1794,0.408151
490.2298,-0.5601,38.0890,0.408427
490.2107,-0.5932,36.9974,0.408712
490.1961,-0.6256,35.9034,0.408994
490.1862,-0.6571,34.8016,0.409272
490.1813,-0.6887,33.7012,0.409558
490.1805,-0.7208,32.5961,0.409835
490.1839,-0.7525,31.4951,0.410123
490.1915,-0.7824,30.3887,0.410403
490.2043,-0.8101,29.2765,0.410687
490.2232,-0.8368,28.1674,0.410970
490.2478,-0.8643,27.0556,0.411258
490.2781,-0.8919,25.9415,0.411549
490.3154,-0.9192,24.8214,0.411830
490.3602,-0.9451,23.7118,0.412117
490.4130,-0.9699,22.5948,0.412401
490.4753,-0.9928,21.4738,0.412684
490.5447,-1.0139,20.3511,0.412975
490.6232,-1.0327,19.2321,0.413258
490.7111,-1.0491,18.1114,0.413542
490.8087,-1.0629,16.9909,0.413822
490.9153,-1.0777,15.8688,0.414112
491.0294,-1.0934,14.7497,0.414395
491.1511,-1.1092,13.6284,0.414684
491.2824,-1.1247,12.5068,0.414970
491.4220,-1.1399,11.3866,0.415257
491.5703,-1.1555,10.2656,0.415544
491.7263,-1.1714,9.1460,0.415835
491.8904,-1.1879,8.0302,0.416125
492.0646,-1.2045,6.9083,0.416420
492.2483,-1.2208,5.7897,0.416706
492.4410,-1.2378,4.6736,0.416994
492.6425,-1.2550,3.5567,0.417279
492.8479,-1.2717,2.4426,0.417574
493.0585,-1.2878,1.3298,0.417862
493.2754,-1.3032,0.2145,0.418144
493.4978,-1.3184,-0.8998,0.418433
493.7245,-1.3335,-2.0079,0.418720
493.9574,-1.3482,-3.1176,0.419012
494.1964,-1.3624,-4.2259,0.419294
494.4424,-1.3757,-5.3337,0.419585
494.6940,-1.3882,-6.4420,0.419872
494.9502,-1.3997,-7.5446,0.420160
495.2114,-1.4104,-8.6446,0.420450
495.4801,-1.4209,-9.7528,0.420740
495.7491,-1.4314,-10.8357,0.421022
496.0267,-1.4417,-11.9258,0.421304
496.3114,-1.4512,-13.0104,0.421590
496.6060,-1.4597,-14.0968,0.421877
496.9108,-1.4662,-15.1810,0.422159
497.2228,-1.4713,-16.2608,0.422439
497.5430,-1.4746,-17.3358,0.422726
497.8729,-1.4769,-18.4096,0.423010
498.2105,-1.4780,-19.4755,0.423293
498.5577,-1.4787,-20.5407,0.423580
498.9131,-1.4797,-21.6010,0.423862
499.2764,-1.4820,-22.6561,0.424149
499.6494,-1.4860,-23.7090,0.424430
500.0294,-1.4906,-24.7585,0.424714
500.4178,-1.4957,-25.8041,0.424991
500.8158,-1.5006,-26.8474,0.425279
501.2216,-1.5057,-27.8842,0.425566
501.6370,-1.5109,-28.9186,0.425848
502.0610,-1.5169,-29.9489,0.426124
502.4918,-1.5234,-30.9725,0.426413
502.9322,-1.5292,-31.9984,0.426692
503.3771,-1.5345,-33.0183,0.426983
503.8282,-1.5396,-34.0328,0.427262
504.2896,-1.5442,-35.0511,0.427551
504.7565,-1.5482,-36.0623,0.427833
505.2309,-1.5517,-37.0711,0.428117
505.7099,-1.5558,-38.0735,0.428401
506.1962,-1.5613,-39.0811,0.428685
506.6848,-1.5679,-40.0822,0.428973
507.1792,-1.5744,-41.0846,0.429255
507.6789,-1.5812,-42.0832,0.429547
508.1878,-1.5880,-43.0855,0.429834
508.7003,-1.5945,-44.0814,0.430119
509.2179,-1.6009,-45.0745,0.430409
509.7421,-1.6070,-46.0694,0.430698
510.2716,-1.6132,-47.0651,0.430977
510.8037,-1.6195,-48.0551,0.431268
511.3400,-1.6261,-49.0436,0.431560
511.8818,-1.6332,-50.0326,0.431848
512.4280,-1.6414,-51.0196,0.432140
512.9777,-1.6504,-52.0048,0.432430
513.5312,-1.6595,-52.9925,0.432721
514.0859,-1.6677,-53.9793,0.433014
514.6404,-1.6749,-54.9637,0.433308
515.1963,-1.6817,-55.9481,0.433605
515.7543,-1.6882,-56.9358,0.433897
516.3106,-1.6954,-57.9197,0.434196
516.8689,-1.7028,-58.9058,0.434490
517.4284,-1.7102,-59.8943,0.434791
517.9860,-1.7173,-60.8792,0.435081
518.5434,-1.7240,-61.8633,0.435383
519.1019,-1.7300,-62.8498,0.435683
519.6586,-1.7355,-63.8327,0.435978
520.2188,-1.7407,-64.8237,0.436281
520.7737,-1.7458,-65.8093,0.436583
521.3268,-1.7510,-66.7954,0.436884
521.8773,-1.7562,-67.7806,0.437190
522.4283,-1.7619,-68.7699,0.437496
522.9762,-1.7680,-69.7562,0.437793
523.5262,-1.7740,-70.7471,0.438096
524.0737,-1.7803,-71.7340,0.438399
524.6217,-1.7869,-72.7241,0.438701
525.1691,-1.7941,-73.7137,0.438999
525.7159,-1.8016,-74.7030,0.439305
526.2614,-1.8089,-75.6913,0.439612
526.8071,-1.8155,-76.6815,0.439916
527.3479,-1.8216,-77.6637,0.440219
527.8907,-1.8274,-78.6507,0.440520
528.4264,-1.8326,-79.6270,0.440826
528.9630,-1.8377,-80.6079,0.441125
529.4954,-1.8431,-81.5845,0.441424
530.0278,-1.8494,-82.5665,0.441732
530.5499,-1.8555,-83.5378,0.442032
531.0672,-1.8610,-84.5102,0.442331
531.5807,-1.8658,-85.4868,0.442644
532.0818,-1.8701,-86.4517,0.442937
532.5801,-1.8748,-87.4227,0.443233
533.0703,-1.8800,-88.3900,0.443526
533.5563,-1.8856,-89.3536,0.443823
534.0383,-1.8908,-90.3147,0.444099
534.5179,-1.8957,-91.2768,0.444411
534.9952,-1.8999,-92.2385,0.444704
535.4667,-1.9043,-93.1917,0.444994
535.9380,-1.9090,-94.1483,0.445289
536.4060,-1.9141,-95.1013,0.445575
536.8708,-1.9196,-96.0505,0.445866
537.3323,-1.9253,-96.9952,0.446155
537.7917,-1.9307,-97.9419,0.446440
538.2452,-1.9358,-98.8845,0.446721
538.6956,-1.9413,-99.8293,0.447003
539.1371,-1.9476,-100.7645,0.447283
539.5741,-1.9546,-101.7007,0.447564
540.0050,-1.9617,-102.6383,0.447853
540.4294,-1.9676,-103.5782,0.448128
540.8408,-1.9723,-104.5084,0.448404
541.2491,-1.9764,-105.4465,0.448682
541.6475,-1.9802,-106.3793,0.448955
542.0390,-1.9846,-107.3147,0.449232
542.4228,-1.9895,-108.2496,0.449510
542.7977,-1.9950,-109.1823,0.449782
543.1655,-2.0001,-110.1165,0.450052
543.5244,-2.0044,-111.0481,0.450330
543.8746,-2.0071,-111.9815,0.450592
544.2189,-2.0093,-112.9181,0.450863
544.5522,-2.0110,-113.8476,0.451132
544.8772,-2.0128,-114.7846,0.451402
545.1873,-2.0144,-115.7153,0.451667
545.4873,-2.0154,-116.6524,0.451938
545.7757,-2.0159,-117.5908,0.452201
546.0495,-2.0161,-118.5208,0.452468
546.3130,-2.0162,-119.4600,0.452734
546.5679,-2.0164,-120.4023,0.452996
546.8082,-2.0170,-121.3342,0.453256
547.0384,-2.0177,-122.2724,0.453518
547.2590,-2.0187,-123.2123,0.453781
547.4747,-2.0202,-124.1549,0.454040
547.6865,-2.0224,-125.0965,0.454303
547.8947,-2.0252,-126.0403,0.454561
548.0972,-2.0283,-126.9816,0.454817
548.2943,-2.0318,-127.9247,0.455081
548.4872,-2.0354,-128.8720,0.455338
548.6722,-2.0389,-129.8082,0.455592
548.8537,-2.0426,-130.7538,0.455853
549.0302,-2.0468,-131.6981,0.456108
549.2012,-2.0516,-132.6376,0.456370
549.3687,-2.0567,-133.5801,0.456624
549.5319,-2.0628,-134.5235,0.456882
549.6901,-2.0696,-135.4676,0.457141
549.8441,-2.0766,-136.4081,0.457395
549.9941,-2.0842,-137.3518,0.457653
550.1404,-2.0919,-138.2969,0.457912
550.2822,-2.0991,-139.2408,0.458167
550.4202,-2.1060,-140.1880,0.458423
550.5529,-2.1120,-141.1293,0.458679
550.6810,-2.1183,-142.0738,0.458934
550.8033,-2.1246,-143.0228,0.459192
550.9185,-2.1315,-143.9612,0.459447
551.0149,-2.1399,-144.9084,0.459701
551.1170,-2.1452,-145.8521,0.459958
551.2266,-2.1563,-146.8082,0.460213
551.2966,-2.1556,-147.7395,0.460465
551.3767,-2.1638,-148.6844,0.460721
551.4524,-2.1705,-149.6340,0.460978
551.5204,-2.1769,-150.5788,0.461234
551.5828,-2.1856,-151.5239,0.461490
551.6387,-2.1937,-152.4683,0.461741
551.6890,-2.2017,-153.4150,0.461996
551.7338,-2.2103,-154.3630,0.462253
551.7729,-2.2218,-155.3065,0.462502
551.8068,-2.2327,-156.2540,0.462759
551.8486,-2.2484,-157.2183,0.463014
551.8683,-2.2591,-158.1748,0.463271
551.8823,-2.2752,-159.1075,0.463521
551.8908,-2.2917,-160.0560,0.463777
551.8934,-2.3083,-160.9992,0.464028
551.8886,-2.3241,-161.9442,0.464283
551.8774,-2.3406,-162.8950,0.464538
551.8456,-2.3302,-163.8240,0.464790
551.8199,-2.3429,-164.7651,0.465047
551.7853,-2.3577,-165.7094,0.465295
551.7445,-2.3719,-166.6496,0.465549
551.6943,-2.3859,-167.5929,0.465802
551.6334,-2.3995,-168.5323,0.466057
551.5623,-2.4147,-169.4681,0.466310
551.4813,-2.4290,-170.4057,0.466566
551.4028,-2.4455,-171.3543,0.466816
551.3011,-2.4637,-172.2883,0.467071
551.1878,-2.4813,-173.2185,0.467322
551.0614,-2.4953,-174.1482,0.467578
550.9268,-2.5135,-175.0749,0.467826
550.7808,-2.5310,-176.0039,0.468082
550.6266,-2.5495,-176.9291,0.468331
550.4670,-2.5681,-177.8550,0.468586
550.2926,-2.5516,-178.7658,0.468837
550.1254,-2.5651,-179.6923,0.469090
549.9530,-2.5816,-180.6210,0.469346
549.7757,-2.5967,-181.5435,0.469592
549.5923,-2.6114,-182.4724,0.469849
549.4036,-2.6270,-183.4022,0.470103
549.2125,-2.6417,-184.3179,0.470355
549.0240,-2.6575,-185.2551,0.470610
548.8195,-2.6750,-186.1794,0.470863
548.6105,-2.6911,-187.0966,0.471117
548.3964,-2.7083,-188.0158,0.471374
548.1758,-2.7213,-188.9370,0.471624
547.9514,-2.7383,-189.8526,0.471878
547.7212,-2.7567,-190.7707,0.472137
547.4849,-2.7751,-191.6875,0.472391
547.2405,-2.7939,-192.6067,0.472645
546.9875,-2.8130,-193.5205,0.472903
546.7170,-2.8226,-194.4158,0.473158
546.4470,-2.8413,-195.3235,0.473410
546.1643,-2.8593,-196.2333,0.473670
545.8740,-2.8776,-197.1344,0.473926
545.5849,-2.8925,-198.0428,0.474184
545.2716,-2.9064,-198.9477,0.474441
544.9495,-2.9199,-199.8491,0.474704
544.6180,-2.9331,-200.7476,0.474967
544.2773,-2.9456,-201.6441,0.475225
543.9255,-2.9571,-202.5419,0.475487
543.5677,-2.9679,-203.4337,0.475744
543.2011,-2.9776,-204.3255,0.476007
542.8278,-2.9872,-205.2183,0.476265
542.4462,-2.9967,-206.1118,0.476530
542.0577,-3.0066,-207.0025,0.476794
541.6614,-3.0167,-207.8934,0.477059
541.2579,-3.0267,-208.7822,0.477328
540.8470,-3.0371,-209.6711,0.477595
540.4312,-3.0478,-210.5554,0.477854
540.0060,-3.0589,-211.4471,0.478124
539.5803,-3.0701,-212.3325,0.478388
539.1459,-3.0811,-213.2253,0.478660
538.7073,-3.0914,-214.1165,0.478931
538.2659,-3.1009,-215.0025,0.479199
537.8160,-3.1101,-215.8955,0.479469
537.3627,-3.1204,-216.7849,0.479745
536.9045,-3.1319,-217.6752,0.480010
536.4404,-3.1447,-218.5671,0.480287
535.9725,-3.1575,-219.4585,0.480561
535.4984,-3.1707,-220.3535,0.480837
535.0204,-3.1836,-221.2501,0.481104
534.5397,-3.1974,-222.1475,0.481385
534.0560,-3.2118,-223.0468,0.481663
533.5668,-3.2267,-223.9538,0.481939
533.0778,-3.2418,-224.8560,0.482222
532.5869,-3.2571,-225.7577,0.482495
532.0910,-3.2727,-226.6659,0.482781
531.5945,-3.2886,-227.5721,0.483063
531.0963,-3.3046,-228.4797,0.483344
530.5940,-3.3206,-229.3918,0.483634
530.0903,-3.3364,-230.3034,0.483915
529.5855,-3.3518,-231.2140,0.484205
529.0764,-3.3675,-232.1292,0.484496
528.5663,-3.3834,-233.0418,0.484787
528.0536,-3.3991,-233.9538,0.485073
527.5352,-3.4150,-234.8693,0.485369
527.0161,-3.4313,-235.7808,0.485656
526.4925,-3.4480,-236.6939,0.485948
525.9626,-3.4655,-237.6122,0.486236
525.4319,-3.4840,-238.5265,0.486532
524.8990,-3.5031,-239.4390,0.486818
524.3586,-3.5223,-240.3585,0.487112
523.8146,-3.5412,-241.2772,0.487413
523.2687,-3.5598,-242.1942,0.487697
522.7186,-3.5780,-243.1118,0.487994
522.1630,-3.5962,-244.0327,0.488283
521.6035,-3.6142,-244.9542,0.488578
521.0382,-3.6326,-245.8797,0.488879
520.4709,-3.6511,-246.8036,0.489177
519.9019,-3.6701,-247.7275,0.489479
519.3267,-3.6887,-248.6587,0.489786
518.7490,-3.7078,-249.5928,0.490090
518.1713,-3.7272,-250.5254,0.490390
517.5875,-3.7479,-251.4647,0.490692
517.0053,-3.7687,-252.4008,0.490998
516.4191,-3.7890,-253.3418,0.491304
515.8286,-3.8087,-254.2895,0.491609
515.2400,-3.8280,-255.2340,0.491917
514.6481,-3.8473,-256.1836,0.492223
514.0533,-3.8667,-257.1377,0.492530
513.4570,-3.8859,-258.0943,0.492845
512.8613,-3.9050,-259.0499,0.493147
512.2623,-3.9239,-260.0104,0.493460
511.6601,-3.9430,-260.9759,0.493770
511.0593,-3.9621,-261.9375,0.494078
510.4512,-3.9812,-262.9092,0.494391
509.8450,-3.9999,-263.8754,0.494697
509.2345,-4.0184,-264.8468,0.495016
508.6191,-4.0362,-265.8240,0.495318
508.0064,-4.0534,-266.7955,0.495624
507.3892,-4.0699,-267.7744,0.495929
506.7690,-4.0859,-268.7578,0.496243
506.1512,-4.1015,-269.7375,0.496550
505.5304,-4.1171,-270.7220,0.496859
504.9052,-4.1328,-271.7139,0.497163
504.2859,-4.1489,-272.6964,0.497467
503.6648,-4.1655,-273.6817,0.497775
503.0397,-4.1837,-274.6735,0.498078
502.4206,-4.2027,-275.6563,0.498379
501.8032,-4.2223,-276.6360,0.498679
501.1838,-4.2415,-277.6194,0.498984
500.5665,-4.2602,-278.5995,0.499285
499.9531,-4.2779,-279.5735,0.499583
499.3359,-4.2945,-280.5537,0.499885
498.7239,-4.3108,-281.5263,0.500182
498.1135,-4.3271,-282.4973,0.500478
497.5005,-4.3436,-283.4733,0.500780
496.8938,-4.3597,-284.4400,0.501072
496.2864,-4.3752,-285.4085,0.501367
495.6797,-4.3905,-286.3777,0.501664
495.0775,-4.4057,-287.3403,0.501960
494.4758,-4.4209,-288.3043,0.502256
493.8722,-4.4364,-289.2725,0.502548
493.2755,-4.4519,-290.2312,0.502847
492.6796,-4.4669,-291.1899,0.503135
492.0807,-4.4825,-292.1548,0.503432
491.4883,-4.4976,-293.1107,0.503723
490.8978,-4.5128,-294.0657,0.504016
490.3091,-4.5283,-295.0218,0.504310
489.7223,-4.5434,-295.9810,0.504598
489.1408,-4.5576,-296.9376,0.504888
488.5610,-4.5713,-297.8972,0.505179
487.9837,-4.5847,-298.8594,0.505474
487.4137,-4.5980,-299.8144,0.505762
486.8417,-4.6113,-300.7768,0.506050
486.2743,-4.6247,-301.7365,0.506340
485.7115,-4.6375,-302.6942,0.506627
485.1517,-4.6504,-303.6539,0.506917
484.5948,-4.6639,-304.6141,0.507205
484.0404,-4.6776,-305.5764,0.507491
483.4898,-4.6914,-306.5385,0.507781
482.9428,-4.7046,-307.5012,0.508066
482.3983,-4.7177,-308.4669,0.508356
481.8561,-4.7307,-309.4355,0.508641
481.3199,-4.7441,-310.4012,0.508930
480.7878,-4.7577,-311.3681,0.509214
480.2579,-4.7722,-312.3433,0.509499
479.7343,-4.7871,-313.3169,0.509787
479.2159,-4.8022,-314.2916,0.510068
478.7004,-4.8178,-315.2728,0.510360
478.1892,-4.8335,-316.2557,0.510648
477.6860,-4.8490,-317.2351,0.510927
477.1829,-4.8645,-318.2243,0.511216
476.6878,-4.8801,-319.2121,0.511499
476.1990,-4.8951,-320.1975,0.511785
475.7123,-4.9098,-321.1901,0.512071
475.2314,-4.9245,-322.1828,0.512357
474.7563,-4.9387,-323.1751,0.512641
474.2839,-4.9524,-324.1733,0.512919
473.8162,-4.9658,-325.1730,0.513205
473.3562,-4.9790,-326.1680,0.513488
472.8964,-4.9932,-327.1745,0.513770
472.4442,-5.0107,-328.1800,0.514055
471.9977,-5.0235,-329.1870,0.514340
471.5576,-5.0359,-330.1970,0.514622
471.1257,-5.0481,-331.2094,0.514902
470.7007,-5.0605,-332.2257,0.515184
470.2797,-5.0735,-333.2484,0.515467
469.8672,-5.0872,-334.2703,0.515749
469.4642,-5.1015,-335.2908,0.516031
469.0665,-5.1158,-336.3242,0.516310
468.6770,-5.1297,-337.3546,0.516592
468.2964,-5.1436,-338.3827,0.516873
467.9197,-5.1585,-339.4220,0.517161
467.5533,-5.1740,-340.4567,0.517440
467.1949,-5.1908,-341.4932,0.517723
466.8430,-5.2090,-342.5378,0.518005
466.4996,-5.2276,-343.5823,0.518292
466.1652,-5.2476,-344.6270,0.518576
465.8385,-5.2684,-345.6787,0.518854
465.5195,-5.2895,-346.7307,0.519140
465.2086,-5.3108,-347.7840,0.519415
464.9052,-5.3330,-348.8406,0.519701
464.6103,-5.3563,-349.8967,0.519979
464.3224,-5.3803,-350.9556,0.520266
464.0419,-5.4046,-352.0180,0.520546
463.7690,-5.4291,-353.0838,0.520833
463.5063,-5.4540,-354.1472,0.521108
463.2480,-5.4805,-355.2174,0.521392
462.9965,-5.5085,-356.2859,0.521678
462.7516,-5.5373,-357.3541,0.521957
462.5132,-5.5666,-358.4254,0.522239
462.2808,-5.5960,-359.5022,0.522525
462.0561,-5.6255,-360.5762,0.522806
461.8372,-5.6551,-361.6532,0.523088
461.6257,-5.6845,-362.7305,0.523366
461.4194,-5.7141,-363.8120,0.523645
461.2205,-5.7436,-364.8918,0.523928
461.0273,-5.7734,-365.9749,0.524208
460.8401,-5.8040,-367.0576,0.524487
460.6584,-5.8355,-368.1429,0.524767
460.4829,-5.8677,-369.2271,0.525051
460.3134,-5.9011,-370.3135,0.525331
460.1499,-5.9360,-371.4047,0.525618
459.9918,-5.9716,-372.4921,0.525893
459.8378,-6.0079,-373.5848,0.526184
459.6897,-6.0446,-374.6765,0.526461
459.5471,-6.0811,-375.7728,0.526749
459.4109,-6.1177,-376.8668,0.527034
459.2803,-6.1544,-377.9608,0.527319
459.1547,-6.1921,-379.0617,0.527600
459.0350,-6.2297,-380.1594,0.527885
458.9202,-6.2671,-381.2661,0.528169
458.8113,-6.3033,-382.3641,0.528445
458.7074,-6.3392,-383.4682,0.528727
458.6090,-6.3755,-384.5745,0.529010
458.5158,-6.4126,-385.6830,0.529292
458.4286,-6.4501,-386.7858,0.529580
458.3461,-6.4881,-387.8946,0.529862
458.2679,-6.5267,-389.0078,0.530145
458.1951,-6.5654,-390.1122,0.530431
458.1252,-6.6055,-391.2282,0.530717
458.0601,-6.6461,-392.3418,0.531007
458.0009,-6.6874,-393.4509,0.531295
457.9467,-6.7292,-394.5712,0.531575
457.8982,-6.7710,-395.6862,0.531863
457.8545,-6.8132,-396.8095,0.532152
457.8167,-6.8538,-397.9255,0.532439
457.7852,-6.8937,-399.0487,0.532721
457.7599,-6.9333,-400.1743,0.533008
457.7430,-6.9733,-401.2985,0.533301
457.7339,-7.0144,-402.4275,0.533581
457.7326,-7.0566,-403.5495,0.533867
457.7391,-7.0998,-404.6854,0.534158
457.7541,-7.1429,-405.8106,0.534443
457.7777,-7.1856,-406.9365,0.534730
457.8115,-7.2284,-408.0662,0.535013
457.8530,-7.2714,-409.1939,0.535297
457.9046,-7.3137,-410.3241,0.535586
457.9663,-7.3558,-411.4500,0.535866
458.0388,-7.3968,-412.5815,0.536159
458.1214,-7.4372,-413.7054,0.536442
458.2140,-7.4779,-414.8311,0.536735
458.3158,-7.5191,-415.9506,0.537022
458.4280,-7.5615,-417.0705,0.537306
458.5483,-7.6049,-418.1850,0.537587
458.6789,-7.6487,-419.3009,0.537871
458.8184,-7.6924,-420.4070,0.538160
458.9682,-7.7359,-421.5143,0.538436
459.1282,-7.7790,-422.6209,0.538718
459.2967,-7.8220,-423.7160,0.538999
459.4725,-7.8650,-424.8155,0.539281
459.6527,-7.9077,-425.9055,0.539565
459.8375,-7.9505,-426.9922,0.539843
460.0293,-7.9938,-428.0793,0.540124
460.2266,-8.0369,-429.1574,0.540402
460.4309,-8.0811,-430.2390,0.540683
460.6406,-8.1253,-431.3147,0.540965
460.8552,-8.1702,-432.3871,0.541242
461.0742,-8.2147,-433.4579,0.541517
461.2977,-8.2598,-434.5259,0.541789
461.5279,-8.3042,-435.5919,0.542071
461.7635,-8.3482,-436.6554,0.542347
462.0036,-8.3918,-437.7112,0.542622
462.2497,-8.4353,-438.7690,0.542898
462.4997,-8.4785,-439.8206,0.543178
462.7540,-8.5217,-440.8678,0.543455
463.0148,-8.5648,-441.9180,0.543736
463.2790,-8.6072,-442.9600,0.544010
463.5492,-8.6492,-443.9993,0.544269
463.8247,-8.6917,-445.0404,0.544567
464.1035,-8.7349,-446.0734,0.544839
464.3875,-8.7784,-447.1060,0.545113
464.6729,-8.8217,-448.1318,0.545396
464.9600,-8.8646,-449.1573,0.545665
465.2486,-8.9069,-450.1825,0.545943
465.5367,-8.9487,-451.1994,0.546214
465.8271,-8.9903,-452.2155,0.546484
466.1217,-9.0320,-453.2363,0.546759
466.4162,-9.0734,-454.2473,0.547028
466.7137,-9.1150,-455.2596,0.547299
467.0115,-9.1567,-456.2675,0.547570
467.3084,-9.1983,-457.2722,0.547846
467.6050,-9.2397,-458.2761,0.548111
467.9029,-9.2810,-459.2836,0.548382
468.1983,-9.3213,-460.2821,0.548649
468.4940,-9.3610,-461.2812,0.548924
468.7904,-9.4002,-462.2827,0.549190
469.0854,-9.4384,-463.2774,0.549458
469.3801,-9.4765,-464.2709,0.549730
469.6739,-9.5140,-465.2607,0.549993
469.9654,-9.5513,-466.2425,0.550264
470.2568,-9.5891,-467.2232,0.550524
470.5460,-9.6271,-468.1984,0.550789
470.8309,-9.6646,-469.1602,0.551050
471.1175,-9.7024,-470.1278,0.551315
471.4010,-9.7398,-471.0872,0.551576
471.6835,-9.7771,-472.0447,0.551830
471.9627,-9.8140,-472.9910,0.552088
472.2377,-9.8505,-473.9254,0.552332
472.5105,-9.8867,-474.8528,0.552586
472.7805,-9.9225,-475.7737,0.552827
473.0468,-9.9580,-476.6856,0.553077
473.3108,-9.9932,-477.5913,0.553326
473.5742,-10.0289,-478.4980,0.553574
473.8338,-10.0638,-479.3961,0.553822
474.0929,-10.0986,-480.2966,0.554073
474.3484,-10.1323,-481.1886,0.554330
474.6008,-10.1651,-482.0746,0.554580
474.8521,-10.1973,-482.9630,0.554836
475.0989,-10.2293,-483.8426,0.555086
475.3423,-10.2613,-484.7155,0.555333
475.5837,-10.2934,-485.5860,0.555584
475.8222,-10.3253,-486.4508,0.555838
476.0583,-10.3570,-487.3111,0.556091
476.2933,-10.3888,-488.1707,0.556344
476.5248,-10.4205,-489.0227,0.556589
476.7540,-10.4528,-489.8728,0.556837
476.9794,-10.4860,-490.7216,0.557082
477.2003,-10.5193,-491.5633,0.557337
477.4173,-10.5524,-492.4026,0.557578
477.6298,-10.5851,-493.2366,0.557824
477.8360,-10.6170,-494.0573,0.558073
478.0385,-10.6489,-494.8741,0.558311
478.2371,-10.6805,-495.6870,0.558554
478.4291,-10.7121,-496.4861,0.558796
478.6162,-10.7435,-497.2805,0.559049
478.8000,-10.7746,-498.0706,0.559285
478.9792,-10.8049,-498.8542,0.559548
479.1555,-10.8346,-499.6373,0.559792
479.3271,-10.8636,-500.4138,0.560043
479.4949,-10.8919,-501.1861,0.560297
479.6591,-10.9201,-501.9579,0.560535
479.8178,-10.9476,-502.7174,0.560766
479.9728,-10.9746,-503.4740,0.560997
480.1226,-11.0012,-504.2229,0.561233
480.2661,-11.0268,-504.9620,0.561463
480.4034,-11.0524,-505.6971,0.561693
480.5323,-11.0774,-506.4187,0.561919
480.6543,-11.1021,-507.1341,0.562148
480.7691,-11.1267,-507.8428,0.562374
480.8750,-11.1508,-508.5378,0.562604
480.9735,-11.1746,-509.2244,0.562816
481.0641,-11.1981,-509.9053,0.563023
481.1476,-11.2206,-510.5686,0.563241
481.2249,-11.2428,-511.2272,0.563441
481.2954,-11.2647,-511.8778,0.563639
481.3583,-11.2861,-512.5106,0.563834
481.4153,-11.3074,-513.1384,0.564026
481.4659,-11.3287,-513.7571,0.564220
481.5097,-11.3495,-514.3606,0.564407
481.5453,-11.3701,-514.9542,0.564583
481.5738,-11.3906,-515.5379,0.564760
481.5927,-11.4117,-516.1082,0.564934
481.6032,-11.4343,-516.6671,0.565097
481.6048,-11.4579,-517.2176,0.565262
481.5966,-11.4815,-517.7617,0.565424
481.5784,-11.5035,-518.2975,0.565579
481.5511,-11.5236,-518.8246,0.565736
481.5131,-11.5429,-519.3483,0.565891
481.4601,-11.5617,-519.8642,0.566038
481.4118,-11.5762,-520.3753,0.566189
481.3577,-11.5901,-520.8817,0.566333
481.2974,-11.6035,-521.3849,0.566479
481.2093,-11.6078,-521.8824,0.566621
481.1353,-11.6153,-522.3794,0.566758
481.0566,-11.6229,-522.8709,0.566903
480.9724,-11.6304,-523.3588,0.567042
480.8897,-11.6413,-523.8455,0.567175
480.7927,-11.6508,-524.3279,0.567314
480.6886,-11.6600,-524.8077,0.567449
480.5782,-11.6691,-525.2799,0.567585
480.4598,-11.6776,-525.7501,0.567717
480.3321,-11.6859,-526.2163,0.567851
480.1934,-11.6934,-526.6727,0.567981
480.0614,-11.7045,-527.1299,0.568118
479.8934,-11.7140,-527.5739,0.568247
479.7171,-11.7235,-528.0118,0.568377
479.5299,-11.7329,-528.4440,0.568508
479.3330,-11.7419,-528.8696,0.568638
479.1435,-11.7645,-529.2939,0.568768
478.9307,-11.7750,-529.7091,0.568900
478.7094,-11.7854,-530.1204,0.569028
478.4786,-11.7960,-530.5223,0.569158
478.2346,-11.8064,-530.9114,0.569289
477.9836,-11.8168,-531.2955,0.569416
477.7256,-11.8273,-531.6732,0.569544
477.4603,-11.8379,-532.0453,0.569674
477.1869,-11.8486,-532.4063,0.569799
476.9034,-11.8602,-532.7576,0.569926
476.6112,-11.8727,-533.0983,0.570050
476.3101,-11.8857,-533.4316,0.570173
476.0004,-11.8996,-533.7509,0.570299
475.6823,-11.9110,-534.0638,0.570423
475.3553,-11.9232,-534.3643,0.570548
475.0222,-11.9351,-534.6553,0.570671
474.6833,-11.9470,-534.9380,0.570792
474.3370,-11.9591,-535.2141,0.570917
473.9906,-11.9706,-535.4937,0.571038
473.6487,-11.9813,-535.7781,0.571160
473.3066,-11.9912,-536.0586,0.571284
472.9583,-12.0015,-536.3319,0.571404
472.6050,-12.0118,-536.5922,0.571527
472.2452,-12.0218,-536.8452,0.571650
471.8818,-12.0310,-537.0955,0.571772
471.5200,-12.0392,-537.3508,0.571892
471.1591,-12.0461,-537.6069,0.572014
470.8008,-12.0527,-537.8452,0.572135
470.4295,-12.0594,-538.0693,0.572257
470.0504,-12.0655,-538.2772,0.572378
469.6696,-12.0719,-538.4757,0.572499
469.2840,-12.0775,-538.6661,0.572620
468.8934,-12.0830,-538.8508,0.572739
468.5027,-12.0878,-539.0270,0.572861
468.1070,-12.0920,-539.1996,0.572983
467.7104,-12.0953,-539.3720,0.573106
467.3119,-12.0969,-539.5473,0.573225
466.9124,-12.0972,-539.7277,0.573348
466.5140,-12.0958,-539.9092,0.573473
466.1107,-12.0856,-540.0721,0.573596
465.7089,-12.0886,-540.2441,0.573721
465.3023,-12.0912,-540.4124,0.573845
464.8894,-12.0977,-540.5529,0.573969
464.4757,-12.1069,-540.7070,0.574093
464.0576,-12.1146,-540.8436,0.574217
463.6376,-12.1283,-540.9822,0.574345
463.2118,-12.1414,-541.1187,0.574471
462.7842,-12.1491,-541.2698,0.574605
462.3523,-12.1523,-541.3875,0.574729
461.9155,-12.1490,-541.5164,0.574859
461.4734,-12.1444,-541.6208,0.574982
461.0276,-12.1394,-541.7189,0.575115
460.5789,-12.1344,-541.8102,0.575244
460.1250,-12.1278,-541.8929,0.575378
459.6681,-12.1222,-541.9664,0.575511
459.2070,-12.1163,-542.0318,0.575645
458.7430,-12.1100,-542.0987,0.575776
458.2758,-12.1030,-542.1621,0.575911
457.8040,-12.0959,-542.2198,0.576046
457.3308,-12.0885,-542.2714,0.576180
456.8534,-12.0809,-542.3167,0.576315
456.3732,-12.0733,-542.3558,0.576457
455.8903,-12.0656,-542.3860,0.576585
455.4030,-12.0580,-542.4113,0.576725
454.9119,-12.0503,-542.4293,0.576870
454.4188,-12.0423,-542.4402,0.577009
453.9227,-12.0343,-542.4438,0.577151
453.4235,-12.0259,-542.4396,0.577290
452.9215,-12.0171,-542.4274,0.577437
452.4159,-12.0077,-542.4047,0.577580
451.9095,-11.9981,-542.3770,0.577720
451.3998,-11.9882,-542.3418,0.577869
450.8845,-11.9777,-542.2988,0.578019
450.3685,-11.9666,-542.2480,0.578168
449.8509,-11.9552,-542.1910,0.578324
449.3188,-11.9431,-542.1269,0.578474
448.8006,-11.9310,-542.0574,0.578619
448.2710,-11.9182,-541.9841,0.578778
447.7326,-11.9047,-541.9122,0.578936
447.1917,-11.8908,-541.8440,0.579082
446.6447,-11.8763,-541.7749,0.579237
446.0934,-11.8612,-541.7032,0.579400
445.5414,-11.8459,-541.6284,0.579554
444.9843,-11.8298,-541.5488,0.579723
444.4215,-11.8131,-541.4656,0.579881
443.8550,-11.7962,-541.3786,0.580051
443.2835,-11.7788,-541.2868,0.580211
442.7056,-11.7613,-541.1918,0.580377
442.1224,-11.7432,-541.0927,0.580543
441.5365,-11.7250,-540.9900,0.580715
440.9415,-11.7059,-540.8825,0.580882
440.3427,-11.6865,-540.7719,0.581053
439.7327,-11.6664,-540.6570,0.581221
439.1209,-11.6460,-540.5394,0.581401
438.5054,-11.6249,-540.4179,0.581582
437.8791,-11.6035,-540.2925,0.581756
437.2490,-11.5819,-540.1628,0.581943
436.6133,-11.5596,-540.0298,0.582124
435.9756,-11.5373,-539.8935,0.582308
435.3306,-11.5148,-539.7531,0.582499
434.6787,-11.4921,-539.6079,0.582691
434.0252,-11.4697,-539.4595,0.582881
433.3635,-11.4473,-539.3058,0.583081
432.6984,-11.4248,-539.1489,0.583277
432.0266,-11.4021,-538.9875,0.583470
431.3500,-11.3793,-538.8220,0.583677
430.6638,-11.3556,-538.6510,0.583882
429.9806,-11.3315,-538.4804,0.584083
429.2841,-11.3067,-538.3082,0.584290
428.5823,-11.2813,-538.1357,0.584500
427.8738,-11.2556,-537.9615,0.584698
427.1549,-11.2294,-537.7849,0.584907
426.4342,-11.2031,-537.6077,0.585120
425.7090,-11.1765,-537.4286,0.585331
424.9759,-11.1496,-537.2460,0.585547
424.2383,-11.1226,-537.0612,0.585751
423.4971,-11.0959,-536.8745,0.585961
422.7458,-11.0687,-536.6840,0.586171
421.9921,-11.0415,-536.4922,0.586383
421.2318,-11.0141,-536.2972,0.586599
420.4650,-10.9866,-536.1008,0.586813
419.7029,-10.9595,-535.9057,0.587023
418.9297,-10.9321,-535.7079,0.587241
418.1501,-10.9044,-535.5085,0.587453
417.3704,-10.8766,-535.3093,0.587670
416.5816,-10.8484,-535.1075,0.587894
415.7853,-10.8196,-534.9036,0.588112
414.9872,-10.7905,-534.6989,0.588332
414.1860,-10.7606,-534.4918,0.588557
413.3763,-10.7300,-534.2814,0.588780
412.5663,-10.6992,-534.0699,0.589004
411.7479,-10.6683,-533.8552,0.589242
410.9233,-10.6370,-533.6392,0.589462
410.0932,-10.6051,-533.4219,0.589693
409.2635,-10.5731,-533.2048,0.589929
408.4236,-10.5406,-532.9852,0.590163
407.5777,-10.5076,-532.7639,0.590396
406.7283,-10.4743,-532.5414,0.590628
405.8711,-10.4410,-532.3169,0.590866
405.0111,-10.4081,-532.0916,0.591106
404.1447,-10.3753,-531.8645,0.591341
403.2725,-10.3426,-531.6360,0.591583
402.3975,-10.3098,-531.4066,0.591824
401.5162,-10.2775,-531.1758,0.592061
400.6272,-10.2452,-530.9431,0.592317
399.7337,-10.2128,-530.7090,0.592563
398.8384,-10.1802,-530.4746,0.592806
397.9317,-10.1470,-530.2372,0.593057
397.0266,-10.1138,-530.0002,0.593306
396.1118,-10.0807,-529.7606,0.593555
395.1891,-10.0474,-529.5190,0.593806
394.2648,-10.0143,-529.2771,0.594062
393.3364,-9.9813,-529.0340,0.594316
392.4013,-9.9480,-528.7892,0.594577
391.4616,-9.9177,-528.5432,0.594832
390.5202,-9.8864,-528.2966,0.595091
389.5665,-9.8546,-528.0465,0.595355
388.6127,-9.8219,-527.7964,0.595616
387.6523,-9.7879,-527.5438,0.595875
386.6830,-9.7518,-527.2890,0.596142
385.7149,-9.7136,-527.0339,0.596407
384.7379,-9.6731,-526.7763,0.596672
383.7596,-9.6315,-526.5182,0.596941
382.7730,-9.5886,-526.2581,0.597208
381.7852,-9.5454,-525.9977,0.597473
380.7873,-9.4994,-525.7343,0.597745
379.7859,-9.4520,-525.4702,0.598014
378.7825,-9.4021,-525.2056,0.598296
377.7697,-9.3512,-524.9389,0.598568
376.7564,-9.2985,-524.6722,0.598846
375.7391,-9.2440,-524.4050,0.599123
374.7148,-9.1879,-524.1362,0.599398
373.6848,-9.1309,-523.8665,0.599684
372.6497,-9.0736,-523.5959,0.599964
371.6133,-9.0147,-523.3254,0.600248
370.5674,-8.9539,-523.0529,0.600528
369.5227,-8.8924,-522.7814,0.600817
368.4645,-8.8285,-522.5067,0.601102
367.3761,-8.7613,-522.2244,0.601400
366.3510,-8.6963,-521.9595,0.601689
365.2831,-8.6281,-521.6846,0.601973
364.2118,-8.5596,-521.4101,0.602266
363.1375,-8.4904,-521.1356,0.602555
362.0585,-8.4202,-520.8610,0.602850
360.9701,-8.3480,-520.5848,0.603146
359.8840,-8.2747,-520.3105,0.603442
358.7874,-8.2002,-520.0341,0.603741
357.6864,-8.1244,-519.7577,0.604035
356.5876,-8.0470,-519.4828,0.604340
355.4806,-7.9681,-519.2076,0.604640
354.3692,-7.8887,-518.9329,0.604937
353.2519,-7.8094,-518.6582,0.605235
352.1300,-7.7298,-518.3843,0.605541
351.0026,-7.6489,-518.1109,0.605846
349.8760,-7.5674,-517.8395,0.606149
348.7412,-7.4851,-517.5677,0.606458
347.6112,-7.4036,-517.2989,0.606762
346.4745,-7.3224,-517.0304,0.607072
345.3338,-7.2405,-516.7630,0.607379
344.1932,-7.1577,-516.4977,0.607680
343.0409,-7.0735,-516.2319,0.607992
341.8839,-6.9896,-515.9673,0.608302
340.7288,-6.9068,-515.7048,0.608613
339.5717,-6.8242,-515.4438,0.608926
338.4022,-6.7407,-515.1819,0.609242
337.2341,-6.6577,-514.9223,0.609553
336.0665,-6.5760,-514.6646,0.609872
334.8858,-6.4954,-514.4055,0.610184
333.6995,-6.4163,-514.1467,0.610506
332.5240,-6.3405,-513.8920,0.610825
331.3365,-6.2664,-513.6360,0.611135
330.1424,-6.1932,-513.3798,0.611460
328.9445,-6.1205,-513.1242,0.611780
327.7463,-6.0485,-512.8702,0.612101
326.5378,-5.9772,-512.6159,0.612424
325.3289,-5.9073,-512.3633,0.612748
324.1223,-5.8381,-512.1132,0.613066
322.9037,-5.7685,-511.8623,0.613396
321.6860,-5.6996,-511.6139,0.613717
320.4600,-5.6305,-511.3661,0.614046
319.2337,-5.5613,-511.1205,0.614372
318.0017,-5.4915,-510.8761,0.614696
316.7636,-5.4212,-510.6329,0.615026
315.5228,-5.3505,-510.3919,0.615357
314.2802,-5.2794,-510.1532,0.615689
313.0314,-5.2063,-509.9161,0.616021
311.7750,-5.1307,-509.6809,0.616352
310.5180,-5.0551,-509.4489,0.616691
309.2609,-4.9800,-509.2207,0.617025
307.9931,-4.9055,-508.9943,0.617352
306.7227,-4.8319,-508.7719,0.617701
305.4512,-4.7593,-508.5544,0.618030
304.1689,-4.6867,-508.3405,0.618372
302.8895,-4.6149,-508.1332,0.618710
301.5995,-4.5429,-507.9309,0.619054
300.3091,-4.4706,-507.7338,0.619392
299.0102,-4.3963,-507.5406,0.619736
297.7102,-4.3210,-507.3512,0.620080
296.4101,-4.2462,-507.1660,0.620424
295.0897,-4.1727,-506.9816,0.620767
293.7930,-4.1022,-506.8037,0.621111
292.4825,-4.0315,-506.6273,0.621462
291.1681,-3.9610,-506.4547,0.621810
289.8434,-3.8914,-506.2860,0.622159
288.5178,-3.8232,-506.1209,0.622509
287.1898,-3.7556,-505.9597,0.622863
285.8526,-3.6882,-505.8022,0.623215
284.5123,-3.6202,-505.6494,0.623569
283.1751,-3.5522,-505.5016,0.623922
281.8267,-3.4850,-505.3571,0.624275
280.4818,-3.4199,-505.2171,0.624629
279.1289,-3.3558,-505.0809,0.624993
277.7751,-3.2915,-504.9491,0.625347
276.4167,-3.2281,-504.8211,0.625711
275.0559,-3.1654,-504.6960,0.626064
273.6904,-3.1032,-504.5735,0.626425
272.3227,-3.0425,-504.4545,0.626782
270.9508,-2.9835,-504.3397,0.627138
269.5792,-2.9263,-504.2292,0.627504
268.2008,-2.8706,-504.1226,0.627861
266.8256,-2.8164,-504.0199,0.628228
265.4469,-2.7638,-503.9200,0.628588
264.0606,-2.7130,-503.8221,0.628953
262.6819,-2.6649,-503.7277,0.629313
261.2946,-2.6174,-503.6352,0.629680
259.9045,-2.5705,-503.5451,0.630042
258.5208,-2.5244,-503.4579,0.630407
257.1265,-2.4798,-503.3732,0.630769
255.7379,-2.4362,-503.2911,0.631134
254.3515,-2.3934,-503.2116,0.631495
252.9606,-2.3511,-503.1341,0.631863
251.5708,-2.3100,-503.0586,0.632225
250.1796,-2.2694,-502.9859,0.632586
248.7841,-2.2276,-502.9157,0.632953
247.3950,-2.1850,-502.8498,0.633315
246.0034,-2.1420,-502.7878,0.633681
244.6085,-2.0993,-502.7287,0.634041
243.2211,-2.0567,-502.6735,0.634400
241.8348,-2.0147,-502.6217,0.634762
240.4446,-1.9741,-502.5733,0.635130
239.0589,-1.9352,-502.5282,0.635489
237.6726,-1.8971,-502.4861,0.635848
236.2835,-1.8596,-502.4476,0.636214
234.8961,-1.8231,-502.4134,0.636577
233.5089,-1.7865,-502.3824,0.636939
232.1225,-1.7509,-502.3549,0.637305
230.7391,-1.7170,-502.3306,0.637659
229.3539,-1.6851,-502.3094,0.638031
227.9707,-1.6540,-502.2911,0.638391
226.5867,-1.6226,-502.2761,0.638754
225.2054,-1.5920,-502.2640,0.639119
223.8226,-1.5609,-502.2551,0.639479
222.4403,-1.5312,-502.2496,0.639837
221.0596,-1.5028,-502.2469,0.640202
219.6793,-1.4753,-502.2472,0.640562
218.2982,-1.4473,-502.2501,0.640921
216.9240,-1.4183,-502.2559,0.641283
215.5448,-1.3894,-502.2646,0.641643
214.1691,-1.3612,-502.2761,0.642010
212.7920,-1.3349,-502.2900,0.642369
211.4169,-1.3102,-502.3051,0.642729
210.0452,-1.2855,-502.3212,0.643081
208.6718,-1.2615,-502.3388,0.643444
207.3020,-1.2399,-502.3588,0.643796
205.9301,-1.2205,-502.3812,0.644157
204.5620,-1.2014,-502.4055,0.644514
203.1935,-1.1828,-502.4319,0.644876
201.8239,-1.1664,-502.4608,0.645230
200.4559,-1.1507,-502.4918,0.645591
199.0927,-1.1343,-502.5243,0.645947
197.7263,-1.1180,-502.5593,0.646308
196.3596,-1.1032,-502.5970,0.646662
195.0013,-1.0901,-502.6369,0.647018
193.6388,-1.0784,-502.6791,0.647378
192.2850,-1.0690,-502.7238,0.647730
190.9247,-1.0616,-502.7698,0.648090
189.5703,-1.0570,-502.8166,0.648439
188.2141,-1.0527,-502.8639,0.648804
186.8647,-1.0485,-502.9123,0.649160
185.5172,-1.0454,-502.9617,0.649513
184.1685,-1.0433,-503.0121,0.649867
182.8241,-1.0419,-503.0629,0.650219
181.4790,-1.0419,-503.1149,0.650570
180.1391,-1.0446,-503.1683,0.650923
178.7977,-1.0497,-503.2240,0.651273
177.4563,-1.0545,-503.2818,0.651626
176.1220,-1.0584,-503.3421,0.651982
174.7835,-1.0620,-503.4062,0.652329
173.4503,-1.0666,-503.4734,0.652679
172.1172,-1.0725,-503.5439,0.653030
170.7850,-1.0789,-503.6177,0.653377
169.4583,-1.0856,-503.6952,0.653730
168.1337,-1.0931,-503.7767,0.654077
166.8111,-1.1017,-503.8623,0.654416
165.4893,-1.1101,-503.9508,0.654763
164.1685,-1.1179,-504.0431,0.655108
162.8529,-1.1255,-504.1393,0.655452
161.5359,-1.1341,-504.2389,0.655804
160.2237,-1.1445,-504.3400,0.656143
158.9172,-1.1561,-504.4421,0.656491
157.6066,-1.1679,-504.5463,0.656843
156.3051,-1.1802,-504.6516,0.657183
155.0015,-1.1932,-504.7585,0.657520
153.6978,-1.2067,-504.8668,0.657866
152.3987,-1.2191,-504.9767,0.658206
151.1003,-1.2306,-505.0891,0.658560
149.7998,-1.2418,-505.2039,0.658892
148.5040,-1.2530,-505.3200,0.659238
147.2151,-1.2641,-505.4374,0.659584
145.9247,-1.2751,-505.5573,0.659921
144.6371,-1.2858,-505.6791,0.660261
143.3542,-1.2963,-505.8027,0.660606
142.0721,-1.3066,-505.9272,0.660945
140.7970,-1.3162,-506.0521,0.661284
139.5199,-1.3253,-506.1780,0.661625
138.2563,-1.3347,-506.3035,0.661963
136.9968,-1.3454,-506.4296,0.662292
135.7431,-1.3579,-506.5559,0.662624
134.4980,-1.3718,-506.6823,0.662961
133.2605,-1.3866,-506.8084,0.663291
132.0205,-1.4012,-506.9354,0.663622
130.7932,-1.4148,-507.0616,0.663944
129.5702,-1.4281,-507.1880,0.664272
128.3453,-1.4416,-507.3156,0.664596
127.1292,-1.4555,-507.4432,0.664927
125.9158,-1.4690,-507.5715,0.665252
124.7073,-1.4816,-507.7001,0.665575
123.5024,-1.4935,-507.8293,0.665894
122.3057,-1.5050,-507.9582,0.666216
121.1096,-1.5167,-508.0872,0.666539
119.9162,-1.5279,-508.2164,0.666857
118.7342,-1.5380,-508.3457,0.667172
117.5525,-1.5475,-508.4767,0.667490
116.3738,-1.5572,-508.6093,0.667804
115.2002,-1.5678,-508.7432,0.668114
114.0294,-1.5786,-508.8779,0.668425
112.8685,-1.5884,-509.0125,0.668740
111.7051,-1.5977,-509.1478,0.669056
110.5467,-1.6061,-509.2835,0.669365
109.3922,-1.6142,-509.4204,0.669674
108.2440,-1.6230,-509.5592,0.669980
107.0931,-1.6320,-509.7017,0.670290
105.9446,-1.6407,-509.8474,0.670595
104.8088,-1.6483,-509.9942,0.670901
103.6700,-1.6548,-510.1436,0.671209
102.5386,-1.6610,-510.2922,0.671514
101.4091,-1.6673,-510.4412,0.671815
100.2871,-1.6733,-510.5897,0.672117
99.1645,-1.6794,-510.7374,0.672428
98.0521,-1.6855,-510.8824,0.672731
96.9465,-1.6910,-511.0245,0.673033
95.8419,-1.6965,-511.1649,0.673332
94.7518,-1.7018,-511.3014,0.673631
93.6659,-1.7070,-511.4356,0.673940
92.5857,-1.7118,-511.5670,0.674236
91.5116,-1.7159,-511.6958,0.674532
90.4436,-1.7198,-511.8219,0.674833
89.3831,-1.7242,-511.9449,0.675130
88.3222,-1.7290,-512.0659,0.675422
87.2727,-1.7339,-512.1835,0.675708
86.2235,-1.7383,-512.2988,0.675996
85.1812,-1.7418,-512.4113,0.676287
84.1459,-1.7445,-512.5209,0.676572
83.1140,-1.7467,-512.6282,0.676855
82.0881,-1.7480,-512.7329,0.677136
81.0706,-1.7488,-512.8345,0.677415
80.0601,-1.7490,-512.9319,0.677695
79.0525,-1.7496,-513.0247,0.677967
78.0608,-1.7503,-513.1129,0.678239
77.0693,-1.7513,-513.1976,0.678507
76.0886,-1.7529,-513.2768,0.678774
75.1182,-1.7550,-513.3510,0.679037
74.1550,-1.7572,-513.4202,0.679302
73.1975,-1.7593,-513.4838,0.679555
72.2501,-1.7610,-513.5410,0.679819
71.3095,-1.7617,-513.5916,0.680076
70.3739,-1.7612,-513.6373,0.680327
69.4485,-1.7600,-513.6769,0.680579
68.5302,-1.7587,-513.7109,0.680829
67.6169,-1.7574,-513.7396,0.681079
66.7190,-1.7563,-513.7627,0.681318
65.8215,-1.7551,-513.7807,0.681562
64.9379,-1.7538,-513.7929,0.681800
64.0570,-1.7521,-513.7988,0.682042
63.1821,-1.7501,-513.7997,0.682280
62.3145,-1.7481,-513.7952,0.682513
61.4580,-1.7460,-513.7845,0.682744
60.6062,-1.7438,-513.7682,0.682971
59.7609,-1.7408,-513.7460,0.683203
58.9272,-1.7365,-513.7183,0.683431
58.0980,-1.7307,-513.6844,0.683650
57.2777,-1.7227,-513.6429,0.683871
56.4669,-1.7135,-513.5941,0.684092
55.6630,-1.7019,-513.5371,0.684312
54.8676,-1.6891,-513.4715,0.684527
54.0818,-1.6755,-513.3978,0.684740
53.3028,-1.6612,-513.3167,0.684953
52.5299,-1.6462,-513.2269,0.685161
51.7694,-1.6309,-513.1287,0.685371
51.0113,-1.6138,-513.0052,0.685579
50.2427,-1.5979,-512.9008,0.685785
49.5141,-1.5751,-512.7620,0.685984
48.7732,-1.5558,-512.6290,0.686188
48.0243,-1.5421,-512.5018,0.686386
47.3132,-1.5226,-512.3566,0.686588
46.5829,-1.4978,-512.1873,0.686788
45.8470,-1.4860,-512.0362,0.686989
45.1308,-1.4845,-511.8690,0.687180
44.4358,-1.4418,-511.6894,0.687380
43.7059,-1.4270,-511.5301,0.687576
42.9994,-1.4256,-511.3574,0.687768
42.2882,-1.4238,-511.1785,0.687964
41.5773,-1.3707,-510.9953,0.688162
40.9034,-1.3690,-510.8161,0.688347
40.2113,-1.3665,-510.6277,0.688537
39.5457,-1.3409,-510.4429,0.688728
38.8473,-1.3066,-510.2427,0.688917
38.1737,-1.3035,-510.0382,0.689104
37.5032,-1.2998,-509.8245,0.689293
36.8461,-1.2450,-509.6067,0.689479
36.1904,-1.2395,-509.3790,0.689665
35.5403,-1.2345,-509.1414,0.689851
34.9046,-1.1780,-508.8979,0.690034
34.2934,-1.1788,-508.6503,0.690217
33.6862,-1.1538,-508.3081,0.690400
33.0694,-1.1221,-508.0425,0.690582
32.4670,-1.0850,-507.7587,0.690762
31.8718,-1.0447,-507.4618,0.690942
31.2853,-1.0059,-507.1632,0.691120
30.6896,-0.9803,-506.8749,0.691299
30.1055,-0.9464,-506.5666,0.691477
29.5289,-0.9133,-506.2533,0.691653
28.9562,-0.8805,-505.9331,0.691828
28.3848,-0.8483,-505.6064,0.692004
27.8250,-0.8167,-505.2768,0.692180
27.2686,-0.7990,-504.9488,0.692354
26.6992,-0.8061,-504.6371,0.692529
26.1292,-0.8212,-504.3224,0.692703
25.5359,-0.8080,-503.9957,0.692876
24.9728,-0.7761,-503.6564,0.693050
24.4182,-0.7441,-503.3191,0.693225
23.8632,-0.7095,-502.9774,0.693397
23.3135,-0.6756,-502.6336,0.693570
22.7698,-0.6420,-502.2899,0.693742
22.2266,-0.6082,-501.9445,0.693914
21.6853,-0.5736,-501.5959,0.694087
21.1643,-0.5266,-501.2526,0.694260
20.6142,-0.4684,-500.8802,0.694431
20.0826,-0.4501,-500.5178,0.694603
19.5776,-0.3855,-500.1605,0.694774
19.0264,-0.3602,-499.8033,0.694945
18.4985,-0.3420,-499.4365,0.695118
18.0008,-0.2855,-499.0671,0.695288
17.4648,-0.2538,-498.6933,0.695459
16.9450,-0.2342,-498.3148,0.695633
16.4475,-0.1826,-497.9380,0.695804
15.9285,-0.1482,-497.5592,0.695979
15.4119,-0.1132,-497.1744,0.696152
14.9019,-0.0785,-496.7831,0.696326
14.3854,-0.0360,-496.3915,0.696497
13.8846,0.0029,-495.9850,0.696675
13.3854,0.0396,-495.5737,0.696849
12.8889,0.0747,-495.1588,0.697023
12.3928,0.1088,-494.7363,0.697198
11.9015,0.1419,-494.3094,0.697376
11.4112,0.1745,-493.8760,0.697551
10.9170,0.2074,-493.4392,0.697728
10.4226,0.2401,-493.0024,0.697904
9.9272,0.2727,-492.5634,0.698080
9.4297,0.3052,-492.1202,0.698256
8.9363,0.3371,-491.6761,0.698434
8.4420,0.3692,-491.2239,0.698615
7.9493,0.4013,-490.7665,0.698795
7.4639,0.4330,-490.3085,0.698973
6.9759,0.4650,-489.8440,0.699155
6.4898,0.4971,-489.3759,0.699337
6.0049,0.5290,-488.9034,0.699518
5.5203,0.5611,-488.4264,0.699702
5.0372,0.5926,-487.9455,0.699887
4.5548,0.6236,-487.4599,0.700076
4.0713,0.6544,-486.9680,0.700259
3.5898,0.6849,-486.4738,0.700447
3.1076,0.7150,-485.9738,0.700637
2.6259,0.7451,-485.4706,0.700824
2.1452,0.7748,-484.9639,0.701012
1.6640,0.8042,-484.4514,0.701202
1.1847,0.8332,-483.9350,0.701391
0.7065,0.8625,-483.4135,0.701582
0.2317,0.8918,-482.8894,0.701770
-0.2446,0.9220,-482.3576,0.701965
-0.7175,0.9525,-481.8220,0.702156
-1.1914,0.9834,-481.2809,0.702354
-1.6671,1.0143,-480.7341,0.702545
-2.1430,1.0447,-480.1880,0.702747
-2.6252,1.0749,-479.6360,0.702940
-3.1087,1.1044,-479.0826,0.703140
-3.5931,1.1335,-478.5276,0.703342
-4.0800,1.1627,-477.9691,0.703541
-4.5698,1.1925,-477.4066,0.703745
-5.0598,1.2231,-476.8429,0.703943
-5.5518,1.2542,-476.2759,0.704149
-6.0456,1.2861,-475.7044,0.704354
-6.5384,1.3182,-475.1320,0.704561
-7.0352,1.3507,-474.5525,0.704768
-7.5297,1.3831,-473.9725,0.704973
-8.0258,1.4152,-473.3879,0.705183
-8.5225,1.4473,-472.8002,0.705388
-9.0218,1.4795,-472.2097,0.705598
-9.5237,1.5118,-471.6174,0.705808
-10.0290,1.5443,-471.0220,0.706017
-10.5384,1.5772,-470.4227,0.706231
-11.0471,1.6105,-469.8248,0.706442
-11.5615,1.6444,-469.2213,0.706656
-12.0796,1.6787,-468.6146,0.706868
-12.5982,1.7129,-468.0100,0.707083
-13.1215,1.7473,-467.4023,0.707300
-13.6474,1.7817,-466.7933,0.707514
-14.1780,1.8162,-466.1809,0.707729
-14.7095,1.8505,-465.5695,0.707948
-15.2448,1.8849,-464.9536,0.708162
-15.7806,1.9194,-464.3377,0.708378
-16.3223,1.9532,-463.7162,0.708596
-16.8635,1.9888,-463.0955,0.708814
-17.4104,2.0248,-462.4690,0.709033
-17.9567,2.0606,-461.8435,0.709253
-18.5066,2.0965,-461.2137,0.709471
-19.0573,2.1324,-460.5829,0.709693
-19.6097,2.1682,-459.9501,0.709913
-20.1662,2.2039,-459.3128,0.710135
-20.7242,2.2396,-458.6739,0.710359
-21.2852,2.2754,-458.0314,0.710581
-21.8487,2.3114,-457.3862,0.710808
-22.4124,2.3472,-456.7416,0.711033
-22.9794,2.3829,-456.0943,0.711257
-23.5520,2.4187,-455.4423,0.711484
-24.1258,2.4542,-454.7903,0.711712
-24.7010,2.4894,-454.1382,0.711938
-25.2830,2.5251,-453.4793,0.712168
-25.8646,2.5606,-452.8206,0.712398
-26.4498,2.5962,-452.1577,0.712630
-27.0354,2.6318,-451.4946,0.712861
-27.6233,2.6673,-450.8290,0.713092
-28.2151,2.7028,-450.1597,0.713326
-28.8071,2.7378,-449.4904,0.713559
-29.4032,2.7726,-448.8169,0.713794
-30.0019,2.8069,-448.1407,0.714031
-30.6013,2.8411,-447.4638,0.714267
-31.2023,2.8754,-446.7857,0.714504
-31.8073,2.9098,-446.1040,0.714742
-32.4109,2.9437,-445.4248,0.714978
-33.0129,2.9767,-444.7484,0.715214
-33.6155,3.0088,-444.0723,0.715450
-34.2171,3.0399,-443.3978,0.715682
-34.8175,3.0701,-442.7259,0.715920
-35.4188,3.0999,-442.0540,0.716156
-36.0195,3.1294,-441.3847,0.716389
-36.6213,3.1589,-440.7171,0.716619
-37.2247,3.1889,-440.0511,0.716855
-37.8296,3.2195,-439.3879,0.717087
-38.4364,3.2504,-438.7291,0.717314
-39.0473,3.2818,-438.0740,0.717546
-39.6599,3.3133,-437.4250,0.717776
-40.2766,3.3450,-436.7800,0.718003
-40.8993,3.3765,-436.1378,0.718231
-41.5236,3.4074,-435.5042,0.718456
-42.1511,3.4378,-434.8747,0.718688
-42.7808,3.4676,-434.2513,0.718912
-43.4160,3.4970,-433.6317,0.719139
-44.0531,3.5257,-433.0201,0.719364
-44.6962,3.5543,-432.4125,0.719588
-45.3419,3.5824,-431.8125,0.719818
-45.9931,3.6102,-431.2176,0.720041
-46.6484,3.6378,-430.6323,0.720264
-47.3095,3.6655,-430.0522,0.720483
-47.9753,3.6935,-429.4805,0.720706
-48.6460,3.7219,-428.9173,0.720932
-49.3230,3.7507,-428.3617,0.721148
-50.0059,3.7798,-427.8139,0.721371
-50.6897,3.8093,-427.2781,0.721584
-51.3814,3.8397,-426.7484,0.721804
-52.0794,3.8712,-426.2290,0.722022
-52.7800,3.9037,-425.7184,0.722238
-53.4853,3.9377,-425.2168,0.722457
-54.1966,3.9723,-424.7230,0.722671
-54.9087,4.0068,-424.2400,0.722883
-55.6270,4.0411,-423.7632,0.723097
-56.3510,4.0751,-423.2932,0.723311
-57.0736,4.1082,-422.8350,0.723524
-57.8067,4.1404,-422.3831,0.723736
-58.5434,4.1714,-421.9377,0.723953
-59.2810,4.2010,-421.5025,0.724164
-60.0271,4.2297,-421.0727,0.724380
-60.7757,4.2572,-420.6525,0.724594
-61.5263,4.2834,-420.2426,0.724813
-62.3144,4.3095,-419.8241,0.725040
-63.0418,4.3334,-419.4409,0.725246
-63.7935,4.3578,-419.0477,0.725465
-64.5517,4.3824,-418.6561,0.725683
-65.3157,4.4076,-418.2694,0.725899
-66.0788,4.4330,-417.8937,0.726113
-66.8487,4.4590,-417.5261,0.726329
-67.6277,4.4856,-417.1653,0.726545
-68.4078,4.5123,-416.8150,0.726757
-69.1913,4.5391,-416.4746,0.726968
-69.9850,4.5661,-416.1422,0.727179
-70.7774,4.5929,-415.8258,0.727387
-71.5797,4.6198,-415.5164,0.727596
-72.3848,4.6465,-415.2200,0.727808
-73.1912,4.6728,-414.9371,0.728017
-74.0069,4.6992,-414.6648,0.728229
-74.8239,4.7252,-414.4058,0.728437
-75.6433,4.7510,-414.1598,0.728652
-76.4657,4.7768,-413.9245,0.728866
-77.2941,4.8030,-413.6991,0.729081
-78.1211,4.8298,-413.4828,0.729293
-78.9507,4.8568,-413.2774,0.729507
-79.7881,4.8850,-413.0816,0.729726
-80.6213,4.9137,-412.8983,0.729939
-81.4640,4.9437,-412.7239,0.730153
-82.3052,4.9747,-412.5581,0.730363
-83.1476,5.0062,-412.4000,0.730575
-83.9945,5.0375,-412.2496,0.730791
-84.8421,5.0680,-412.1046,0.731004
-85.6920,5.0973,-411.9661,0.731216
-86.5418,5.1256,-411.8347,0.731431
-87.3954,5.1528,-411.7096,0.731648
-88.2498,5.1790,-411.5910,0.731866
-89.1088,5.2045,-411.4783,0.732091
-89.9732,5.2295,-411.3713,0.732313
-90.8340,5.2540,-411.2712,0.732538
-91.6981,5.2785,-411.1741,0.732753
-92.5667,5.3032,-411.0815,0.732980
-93.4340,5.3279,-410.9951,0.733207
-94.3046,5.3527,-410.9152,0.733426
-95.1805,5.3778,-410.8416,0.733649
-96.0524,5.4027,-410.7744,0.733869
-96.9305,5.4276,-410.7092,0.734089
-97.8111,5.4520,-410.6471,0.734308
-98.6885,5.4761,-410.5878,0.734529
-99.5718,5.5001,-410.5320,0.734752
-100.4578,5.5241,-410.4815,0.734976
-101.3432,5.5486,-410.4391,0.735198
-102.2359,5.5736,-410.4044,0.735426
-103.1311,5.5995,-410.3777,0.735655
-104.0231,5.6262,-410.3593,0.735881
-104.9218,5.6542,-410.3486,0.736106
-105.8254,5.6836,-410.3473,0.736333
-106.7234,5.7140,-410.3529,0.736560
-107.6262,5.7459,-410.3667,0.736790
-108.5316,5.7787,-410.3889,0.737018
-109.4333,5.8118,-410.4193,0.737246
-110.3388,5.8450,-410.4579,0.737470
-111.2513,5.8783,-410.5048,0.737706
-112.1547,5.9110,-410.5591,0.737933
-113.0654,5.9444,-410.6234,0.738166
-113.9794,5.9782,-410.6951,0.738400
-114.8878,6.0127,-410.7747,0.738630
-115.8021,6.0487,-410.8630,0.738864
-116.7143,6.0856,-410.9596,0.739099
-117.6250,6.1232,-411.0647,0.739333
-118.5381,6.1609,-411.1786,0.739573
-119.4512,6.1988,-411.3008,0.739806
-120.3645,6.2370,-411.4325,0.740042
-121.2792,6.2756,-411.5716,0.740279
-122.1918,6.3145,-411.7193,0.740516
-123.1055,6.3537,-411.8755,0.740752
-124.0202,6.3930,-412.0405,0.740992
-124.9313,6.4320,-412.2133,0.741227
-125.8410,6.4706,-412.3946,0.741467
-126.7548,6.5090,-412.5855,0.741705
-127.6669,6.5520,-412.7710,0.741945
-128.5771,6.5964,-412.9791,0.742185
-129.4855,6.6401,-413.1901,0.742427
-130.3936,6.6834,-413.4034,0.742665
-131.2987,6.7261,-413.6188,0.742906
-132.2153,6.7619,-413.8562,0.743152
-133.1236,6.7936,-414.0812,0.743393
-134.0298,6.8257,-414.3101,0.743633
-134.9263,6.8220,-414.5364,0.743876
-135.8497,6.8692,-414.7270,0.744122
-136.7578,6.9266,-414.9627,0.744367
-137.6665,6.9839,-415.2001,0.744608
-138.5583,7.0274,-415.4888,0.744854
-139.4709,7.0649,-415.7443,0.745100
-140.3853,7.1023,-416.0028,0.745345
-141.2997,7.1398,-416.2668,0.745593
-142.2057,7.1766,-416.5404,0.745837
-143.1184,7.2132,-416.8309,0.746083
-144.0271,7.2496,-417.1246,0.746329
-144.9327,7.2849,-417.4206,0.746577
-145.8364,7.3182,-417.7218,0.746824
-146.7416,7.3516,-418.0340,0.747072
-147.6434,7.3851,-418.3570,0.747322
-148.5377,7.4175,-418.6827,0.747570
-149.4371,7.4499,-419.0118,0.747821
-150.3342,7.4825,-419.3414,0.748068
-151.2312,7.5158,-419.6727,0.748321
-152.1280,7.5499,-420.0065,0.748569
-153.0269,7.5847,-420.3450,0.748820
-153.9248,7.6199,-420.6882,0.749071
-154.8228,7.6567,-421.0365,0.749321
-155.7260,7.6949,-421.3919,0.749577
-156.6217,7.7331,-421.7499,0.749826
-157.5204,7.7715,-422.1169,0.750078
-158.4154,7.8096,-422.4883,0.750329
-159.3099,7.8476,-422.8661,0.750581
-160.2041,7.8855,-423.2505,0.750835
-161.0942,7.9227,-423.6410,0.751088
-161.9871,7.9596,-424.0402,0.751342
-162.8730,7.9960,-424.4434,0.751596
-163.7603,8.0322,-424.8516,0.751851
-164.6442,8.0685,-425.2626,0.752105
-165.5304,8.1052,-425.6803,0.752362
-166.4155,8.1421,-426.1015,0.752619
-167.2968,8.1792,-426.5249,0.752875
-168.1798,8.2160,-426.9520,0.753130
-169.0624,8.2535,-427.3811,0.753385
-169.9597,8.2929,-427.7691,0.753642
-170.8437,8.3170,-428.1977,0.753901
-171.7287,8.3416,-428.6276,0.754157
-172.6156,8.3664,-429.0563,0.754414
-173.4865,8.3925,-429.5233,0.754671
-174.3769,8.4315,-429.9532,0.754930
-175.2707,8.4706,-430.3843,0.755187
-176.1752,8.5512,-430.8214,0.755447
-177.0665,8.5872,-431.2553,0.755705
-177.9613,8.6240,-431.6914,0.755968
-178.8552,8.6609,-432.1262,0.756225
-179.7479,8.7018,-432.5576,0.756488
-180.6436,8.7396,-432.9868,0.756747
-181.5326,8.7744,-433.3927,0.757009
-182.4354,8.8099,-433.8166,0.757270
-183.3397,8.8451,-434.2383,0.757532
-184.2478,8.8805,-434.6567,0.757793
-185.1622,8.9164,-435.0740,0.758058
-186.0753,8.9518,-435.4882,0.758324
-186.9898,8.9862,-435.9020,0.758585
-187.9088,9.0212,-436.3176,0.758851
-188.8244,9.0551,-436.7449,0.759122
-189.7441,9.0911,-437.1595,0.759387
-190.6669,9.1273,-437.5759,0.759653
-191.5901,9.1635,-437.9922,0.759923
-192.5158,9.1998,-438.4091,0.760190
-193.4403,9.2365,-438.8250,0.760461
-194.3698,9.2737,-439.2425,0.760735
-195.2941,9.3110,-439.6575,0.761003
-196.2327,9.3488,-440.0788,0.761280
-197.1388,9.3851,-440.4854,0.761542
-198.0548,9.4217,-440.8961,0.761814
-198.9756,9.4586,-441.3086,0.762079
-199.8910,9.4954,-441.7182,0.762345
-200.8089,9.5321,-442.1284,0.762618
-201.7217,9.5678,-442.5358,0.762881
-202.6306,9.6024,-442.9404,0.763151
-203.5409,9.6369,-443.3449,0.763419
-204.4430,9.6709,-443.7450,0.763686
-205.3390,9.7049,-444.1416,0.763948
-206.2300,9.7388,-444.5350,0.764214
-207.1139,9.7722,-444.9243,0.764470
-207.9957,9.8055,-445.3104,0.764733
-208.8661,9.8383,-445.6890,0.764983
-209.7371,9.8715,-446.0642,0.765241
-210.6032,9.9047,-446.4346,0.765495
-211.4632,9.9376,-446.7991,0.765750
-212.3181,9.9700,-447.1588,0.766001
-213.1720,10.0018,-447.5159,0.766253
-214.0213,10.0331,-447.8705,0.766502
-214.8595,10.0639,-448.2198,0.766752
-215.6980,10.0946,-448.5681,0.766996
-216.5323,10.1254,-448.9132,0.767245
-217.3578,10.1556,-449.2536,0.767488
-218.1782,10.1856,-449.5908,0.767736
-218.9928,10.2152,-449.9246,0.767982
-219.7979,10.2442,-450.2537,0.768228
-220.6006,10.2729,-450.5810,0.768469
-221.3947,10.3014,-450.9039,0.768706
-222.1886,10.3300,-451.2258,0.768947
-222.9719,10.3585,-451.5424,0.769184
-223.7522,10.3870,-451.8561,0.769416
-224.5273,10.4154,-452.1659,0.769653
-225.2974,10.4436,-452.4714,0.769883
-226.0593,10.4716,-452.7705,0.770112
-226.8175,10.4994,-453.0656,0.770336
-227.5737,10.5270,-453.3574,0.770565
-228.3254,10.5543,-453.6450,0.770791
-229.0749,10.5815,-453.9294,0.771018
-229.8259,10.6092,-454.2115,0.771240
-230.5691,10.6369,-454.4880,0.771466
-231.3161,10.6650,-454.7621,0.771691
-232.0569,10.6927,-455.0298,0.771913
-232.7976,10.7202,-455.2942,0.772139
-233.5329,10.7475,-455.5527,0.772360
-234.2613,10.7743,-455.8054,0.772584
-234.9906,10.8010,-456.0543,0.772801
-235.7090,10.8273,-456.2955,0.773010
-236.4286,10.8536,-456.5315,0.773225
-237.1445,10.8796,-456.7586,0.773439
-237.8508,10.9051,-456.9749,0.773649
-238.5566,10.9303,-457.1840,0.773856
-239.2610,10.9552,-457.3850,0.774071
-239.9577,10.9796,-457.5760,0.774271
-240.6561,11.0040,-457.7604,0.774474
-241.3564,11.0282,-457.9365,0.774682
-242.0468,11.0520,-458.1028,0.774884
-242.7420,11.0759,-458.2612,0.775087
-243.4402,11.1000,-458.4109,0.775290
-244.1289,11.1234,-458.5497,0.775488
-244.8235,11.1469,-458.6830,0.775691
-245.5376,11.1924,-458.7453,0.775893
-246.2090,11.1869,-458.9242,0.776087
-246.8998,11.2181,-459.0468,0.776287
-247.5937,11.2494,-459.1757,0.776481
-248.2704,11.2880,-459.2635,0.776678
-248.9475,11.3188,-459.3628,0.776869
-249.6395,11.3371,-459.4700,0.777072
-250.3048,11.3716,-459.5369,0.777263
-250.9941,11.3981,-459.6295,0.777452
-251.6716,11.4017,-459.6927,0.777645
-252.3184,11.4263,-459.7341,0.777838
-253.0117,11.4657,-459.7800,0.778030
-253.6798,11.4697,-459.8105,0.778220
-254.3492,11.4763,-459.8347,0.778415
-255.0090,11.5306,-459.8495,0.778600
-255.6733,11.5340,-459.8528,0.778789
-256.3353,11.5408,-459.8434,0.778978
-256.9765,11.5512,-459.8237,0.779163
-257.6318,11.5721,-459.7984,0.779351
-258.2853,11.5935,-459.7592,0.779536
-258.9334,11.6140,-459.7145,0.779722
-259.5820,11.6347,-459.6646,0.779903
-260.2269,11.6558,-459.6084,0.780085
-260.8711,11.6764,-459.5466,0.780266
-261.5147,11.6969,-459.4783,0.780450
-262.1539,11.7174,-459.3998,0.780634
-262.7887,11.7374,-459.3079,0.780811
-263.4140,11.7569,-459.2031,0.780990
-264.0387,11.7768,-459.0911,0.781171
-264.6617,11.7961,-458.9727,0.781347
-265.2795,11.8151,-458.8467,0.781528
-265.8925,11.8340,-458.7102,0.781706
-266.5029,11.8522,-458.5636,0.781881
-267.1103,11.8703,-458.4089,0.782058
-267.7148,11.8884,-458.2518,0.782234
-268.3177,11.9059,-458.0915,0.782409
-268.9195,11.9233,-457.9265,0.782585
-269.5154,11.9407,-457.7547,0.782759
-270.0544,11.9561,-457.5926,0.782933
-270.7150,11.9744,-457.3934,0.783107
-271.2981,12.0236,-457.2068,0.783278
-271.8817,12.0225,-457.0124,0.783450
-272.4411,12.0390,-456.8181,0.783629
-273.0422,12.0714,-456.6151,0.783790
-273.6132,12.0691,-456.4056,0.783964
-274.1575,12.1086,-456.1826,0.784132
-274.7381,12.1119,-455.9639,0.784296
-275.2953,12.1086,-455.7320,0.784471
-275.8225,12.1534,-455.4908,0.784638
-276.3930,12.1503,-455.2538,0.784811
-276.9145,12.1833,-454.9984,0.784975
-277.4677,12.1939,-454.7404,0.785144
-277.9951,12.1874,-454.4698,0.785310
-278.4986,12.2267,-454.1845,0.785476
-279.0376,12.2266,-453.9012,0.785642
-279.5277,12.2556,-453.6038,0.785807
-280.0570,12.2660,-453.3049,0.785973
-280.5558,12.2596,-452.9973,0.786138
-281.0319,12.3021,-452.6757,0.786301
-281.5422,12.3013,-452.3531,0.786469
-282.0020,12.3329,-452.0176,0.786632
-282.5042,12.3461,-451.6797,0.786799
-282.9828,12.3437,-451.3331,0.786963
-283.4369,12.3830,-450.9796,0.787130
-283.9255,12.3892,-450.6228,0.787299
-284.3680,12.4174,-450.2560,0.787464
-284.8453,12.4357,-449.8823,0.787630
-285.2967,12.4342,-449.5001,0.787797
-285.7207,12.4685,-449.1105,0.787963
-286.1805,12.4840,-448.7144,0.788124
-286.5965,12.5050,-448.3103,0.788296
-287.0263,12.5213,-447.8994,0.788458
-287.4696,12.5306,-447.4818,0.788627
-287.8678,12.5576,-447.0580,0.788798
-288.2787,12.5738,-446.6257,0.788965
-288.6827,12.5914,-446.1887,0.789134
-289.0790,12.6081,-445.7439,0.789301
-289.4721,12.6254,-445.2912,0.789472
-289.8588,12.6429,-444.8305,0.789641
-290.2527,12.6614,-444.3727,0.789812
-290.6302,12.6798,-443.9026,0.789981
-291.0064,12.6986,-443.4221,0.790149
-291.3740,12.7171,-442.9396,0.790318
-291.7391,12.7360,-442.4487,0.790491
-292.0970,12.7548,-441.9539,0.790662
-292.4543,12.7735,-441.4520,0.790833
-292.8065,12.7921,-440.9458,0.791008
-293.1543,12.8105,-440.4344,0.791181
-293.4996,12.8285,-439.9170,0.791356
-293.8417,12.8463,-439.3962,0.791530
-294.1814,12.8642,-438.8687,0.791708
-294.5155,12.8817,-438.3389,0.791886
-294.8445,12.8989,-437.8026,0.792061
-295.1701,12.9159,-437.2606,0.792241
-295.4885,12.9321,-436.7160,0.792413
-295.8027,12.9477,-436.1653,0.792588
-296.1140,12.9626,-435.6056,0.792772
-296.4223,12.9768,-435.0459,0.792954
-296.7318,12.9908,-434.4817,0.793135
-297.0418,13.0043,-433.9106,0.793316
-297.3467,13.0174,-433.3390,0.793494
-297.6462,13.0296,-432.7627,0.793677
-297.9436,13.0416,-432.1790,0.793860
-298.2343,13.0527,-431.5945,0.794046
-298.5215,13.0627,-431.0005,0.794227
-298.8019,13.0724,-430.4045,0.794414
-299.0771,13.0809,-429.8032,0.794602
-299.3484,13.0891,-429.1941,0.794787
-299.6143,13.0965,-428.5807,0.794978
-299.8730,13.1040,-427.9630,0.795163
-300.1302,13.1114,-427.3402,0.795353
-300.3890,13.1190,-426.7092,0.795539
-300.6431,13.1264,-426.0816,0.795726
-300.8974,13.1331,-425.4436,0.795920
-301.1483,13.1392,-424.8018,0.796113
-301.3949,13.1444,-424.1584,0.796307
-301.6394,13.1488,-423.5072,0.796502
-301.8798,13.1524,-422.8514,0.796694
-302.1178,13.1555,-422.1921,0.796897
-302.3522,13.1581,-421.5296,0.797085
-302.5870,13.1606,-420.8531,0.797290
-302.8157,13.1629,-420.1800,0.797488
-303.0419,13.1650,-419.5008,0.797687
-303.2672,13.1671,-418.8101,0.797886
-303.4882,13.1689,-418.1184,0.798085
-303.7091,13.1701,-417.4147,0.798291
-303.9318,13.1709,-416.7064,0.798499
-304.1536,13.1714,-415.9958,0.798704
-304.3768,13.1714,-415.2749,0.798911
-304.5985,13.1707,-414.5506,0.799122
-304.8187,13.1699,-413.8227,0.799333
-305.0389,13.1691,-413.0861,0.799545
-305.2588,13.1684,-412.3426,0.799757
-305.4763,13.1677,-411.5978,0.799971
-305.6927,13.1663,-410.8470,0.800184
-305.9108,13.1645,-410.0839,0.800399
-306.1263,13.1620,-409.3206,0.800616
-306.3413,13.1591,-408.5504,0.800836
-306.5538,13.1562,-407.7804,0.801053
-306.7678,13.1535,-406.9959,0.801278
-306.9788,13.1511,-406.2127,0.801500
-307.1890,13.1484,-405.4222,0.801719
-307.3982,13.1453,-404.6251,0.801948
-307.6066,13.1416,-403.8230,0.802174
-307.8155,13.1378,-403.0081,0.802404
-308.0200,13.1335,-402.2006,0.802628
-308.2252,13.1294,-401.3788,0.802863
-308.4296,13.1247,-400.5512,0.803096
-308.6313,13.1191,-399.7231,0.803335
-308.8322,13.1122,-398.8877,0.803566
-309.0318,13.1046,-398.0453,0.803802
-309.2302,13.0968,-397.1971,0.804037
-309.4273,13.0890,-396.3426,0.804276
-309.6227,13.0813,-395.4824,0.804521
-309.8162,13.0738,-394.6178,0.804757
-310.0087,13.0665,-393.7455,0.805012
-310.1989,13.0584,-392.8691,0.805261
-310.3873,13.0497,-391.9893,0.805520
-310.5745,13.0404,-391.0985,0.805771
-310.7603,13.0308,-390.2036,0.806027
-310.9442,13.0207,-389.3048,0.806277
-311.1262,13.0101,-388.4025,0.806536
-311.3067,12.9993,-387.4956,0.806783
-311.4854,12.9884,-386.5874,0.807028
-311.6641,12.9776,-385.6695,0.807281
-311.8409,12.9665,-384.7525,0.807536
-312.0169,12.9551,-383.8278,0.807795
-312.1917,12.9426,-382.8993,0.808046
-312.3675,12.9296,-381.9590,0.808308
-312.5408,12.9164,-381.0219,0.808564
-312.7145,12.9025,-380.0790,0.808828
-312.8896,12.8879,-379.1268,0.809087
-313.0646,12.8721,-378.1726,0.809345
-313.2400,12.8549,-377.2143,0.809602
-313.4163,12.8372,-376.2470,0.809860
-313.5919,12.8200,-375.2825,0.810129
-313.7693,12.8036,-374.3064,0.810387
-313.9465,12.7876,-373.3281,0.810654
-314.1240,12.7714,-372.3460,0.810917
-314.3033,12.7544,-371.3525,0.811188
-314.4822,12.7364,-370.3595,0.811455
-314.6622,12.7177,-369.3574,0.811722
-314.8416,12.6985,-368.3575,0.811994
-315.0218,12.6785,-367.3503,0.812269
-315.2021,12.6579,-366.3389,0.812540
-315.3839,12.6364,-365.3183,0.812815
-315.5649,12.6146,-364.2973,0.813095
-315.7463,12.5920,-363.2705,0.813370
-315.9285,12.5691,-362.2350,0.813650
-316.1099,12.5461,-361.1974,0.813931
-316.2910,12.5230,-360.1535,0.814219
-316.4714,12.4996,-359.1068,0.814499
-316.6513,12.4761,-358.0564,0.814792
-316.8316,12.4519,-356.9981,0.815075
-317.0117,12.4274,-355.9344,0.815365
-317.1904,12.4026,-354.8701,0.815656
-317.3687,12.3772,-353.7965,0.815945
-317.5451,12.3513,-352.7191,0.816240
-317.7191,12.3257,-351.6377,0.816532
-317.8907,12.3005,-350.5498,0.816827
-318.0598,12.2751,-349.4597,0.817124
-318.2271,12.2490,-348.3602,0.817423
-318.3915,12.2218,-347.2590,0.817719
-318.5540,12.1938,-346.1509,0.818018
-318.7133,12.1660,-345.0401,0.818320
-318.8699,12.1386,-343.9235,0.818626
-319.0243,12.1113,-342.7978,0.818927
-319.1757,12.0831,-341.6703,0.819237
-319.3252,12.0540,-340.5365,0.819541
-319.4736,12.0245,-339.3986,0.819853
-319.6215,11.9955,-338.2547,0.820158
-319.7685,11.9662,-337.1033,0.820468
-319.9142,11.9366,-335.9518,0.820781
-320.0599,11.9062,-334.7880,0.821097
-320.2033,11.8766,-333.6301,0.821405
-320.3471,11.8477,-332.4581,0.821728
-320.4893,11.8193,-331.2875,0.822045
-320.6318,11.7909,-330.1084,0.822359
-320.7733,11.7624,-328.9265,0.822679
-320.9137,11.7345,-327.7409,0.823000
-321.0519,11.7067,-326.5496,0.823322
-321.1875,11.6784,-325.3518,0.823641
-321.3198,11.6501,-324.1522,0.823966
-321.4490,11.6210,-322.9488,0.824288
-321.5748,11.5906,-321.7354,0.824621
-321.6975,11.5595,-320.5228,0.824948
-321.8168,11.5285,-319.3049,0.825277
-321.9321,11.4978,-318.0813,0.825606
-322.0438,11.4677,-316.8487,0.825939
-322.1500,11.4381,-315.6223,0.826272
-322.2528,11.4086,-314.3817,0.826608
-322.3514,11.3794,-313.1361,0.826943
-322.4441,11.3506,-311.8903,0.827280
-322.5332,11.3224,-310.6347,0.827613
-322.6173,11.2939,-309.3806,0.827953
-322.6971,11.2644,-308.1195,0.828292
-322.7724,11.2341,-306.8517,0.828637
-322.8429,11.2037,-305.5845,0.828974
-322.9086,11.1734,-304.3077,0.829317
-322.9688,11.1431,-303.0328,0.829658
-323.0224,11.1120,-301.7444,0.830011
-323.0699,11.0821,-300.4603,0.830357
-323.1106,11.0532,-299.1473,0.830711
-323.1422,11.0266,-297.8681,0.831056
-323.1660,11.0012,-296.5734,0.831404
-323.1829,10.9753,-295.2662,0.831758
-323.1927,10.9494,-293.9619,0.832114
-323.1953,10.9227,-292.6493,0.832466
-323.1904,10.8957,-291.3400,0.832814
-323.1767,10.8669,-290.0157,0.833175
-323.1562,10.8374,-288.6921,0.833530
-323.1283,10.8081,-287.3669,0.833890
-323.0907,10.7803,-286.0317,0.834246
-323.0455,10.7573,-284.7011,0.834606
-322.9896,10.7315,-283.3673,0.834964
-322.9259,10.7057,-282.0243,0.835329
-322.8543,10.6800,-280.6818,0.835689
-322.7726,10.6555,-279.3345,0.836055
-322.6823,10.6311,-277.9823,0.836416
-322.5839,10.6077,-276.6314,0.836778
-322.4769,10.5850,-275.2751,0.837140
-322.3603,10.5628,-273.9073,0.837510
-322.2356,10.5412,-272.5511,0.837880
-322.1014,10.5196,-271.1843,0.838250
-321.9586,10.4987,-269.8173,0.838616
-321.8062,10.4789,-268.4468,0.838985
-321.6451,10.4599,-267.0720,0.839353
-321.4759,10.4417,-265.6970,0.839730
-321.3002,10.4229,-264.3154,0.840099
-321.1198,10.4032,-262.9320,0.840475
-320.9341,10.3822,-261.5450,0.840846
-320.7427,10.3598,-260.1527,0.841220
-320.5467,10.3379,-258.7609,0.841594
-320.3464,10.3172,-257.3771,0.841969
-320.1404,10.2973,-255.9831,0.842343
-319.9300,10.2780,-254.5860,0.842722
-319.7165,10.2583,-253.1892,0.843102
-319.5003,10.2383,-251.7874,0.843478
-319.2818,10.2183,-250.3820,0.843860
-319.0612,10.1985,-248.9739,0.844241
-318.8387,10.1786,-247.5616,0.844624
-318.6158,10.1591,-246.1532,0.845003
-318.3908,10.1395,-244.7390,0.845388
-318.1652,10.1203,-243.3230,0.845768
-317.9384,10.1004,-241.9050,0.846153
-317.7122,10.0796,-240.4909,0.846539
-317.4841,10.0585,-239.0688,0.846922
-317.2563,10.0377,-237.6504,0.847307
-317.0281,10.0176,-236.2325,0.847688
-316.7984,9.9968,-234.8094,0.848074
-316.5701,9.9752,-233.3952,0.848461
-316.3406,9.9524,-231.9758,0.848841
-316.1125,9.9292,-230.5676,0.849228
-315.8837,9.9059,-229.1572,0.849605
-315.6542,9.8831,-227.7449,0.849996
-315.4260,9.8600,-226.3426,0.850372
-315.1972,9.8365,-224.9379,0.850752
-314.9686,9.8117,-223.5374,0.851132
-314.7397,9.7866,-222.1377,0.851513
-314.5110,9.7615,-220.7406,0.851889
-314.2828,9.7355,-219.3500,0.852270
-314.0546,9.7087,-217.9605,0.852646
-313.8247,9.6809,-216.5637,0.853030
-313.5963,9.6526,-215.1785,0.853401
-313.3683,9.6238,-213.7977,0.853776
-313.1399,9.5949,-212.4165,0.854147
-312.9107,9.5652,-211.0320,0.854530
-312.6836,9.5349,-209.6615,0.854899
-312.4550,9.5029,-208.2845,0.855267
-312.2262,9.4697,-206.9072,0.855638
-311.9984,9.4362,-205.5388,0.856008
-311.7708,9.4018,-204.1718,0.856374
-311.5420,9.3669,-202.8012,0.856749
-311.3146,9.3310,-201.4403,0.857110
-311.0865,9.2939,-200.0786,0.857475
-310.8586,9.2564,-198.7190,0.857844
-310.6307,9.2189,-197.3597,0.858213
-310.4037,9.1816,-196.0075,0.858575
-310.1763,9.1429,-194.6535,0.858945
-309.9490,9.1029,-193.3018,0.859312
-309.7224,9.0623,-191.9548,0.859674
-309.4949,9.0213,-190.6037,0.860044
-309.2688,8.9800,-189.2621,0.860402
-309.0424,8.9374,-187.9198,0.860764
-308.8161,8.8920,-186.5756,0.861129
-308.5906,8.8450,-185.2379,0.861488
-308.3657,8.7969,-183.9027,0.861842
-308.1412,8.7486,-182.5702,0.862207
-307.9159,8.7006,-181.2343,0.862571
-307.6914,8.6531,-179.9026,0.862927
-307.4675,8.6052,-178.5746,0.863294
-307.2444,8.5552,-177.2516,0.863648
-307.0207,8.5028,-175.9233,0.864006
-306.7979,8.4489,-174.6022,0.864369
-306.5754,8.3936,-173.2824,0.864725
-306.3526,8.3370,-171.9613,0.865082
-306.1305,8.2802,-170.6428,0.865435
-305.9093,8.2230,-169.3291,0.865792
-305.6885,8.1655,-168.0181,0.866143
-305.4669,8.1067,-166.7016,0.866503
-305.2477,8.0477,-165.3993,0.866854
-305.0270,7.9875,-164.0876,0.867206
-304.8065,7.9270,-162.7786,0.867561
-304.5869,7.8663,-161.4752,0.867914
-304.3683,7.8038,-160.1777,0.868262
-304.1491,7.7395,-158.8755,0.868612
-303.9297,7.6747,-157.5726,0.868961
-303.7119,7.6095,-156.2791,0.869313
-303.4932,7.5430,-154.9780,0.869657
-303.2754,7.4757,-153.6812,0.870007
-303.0570,7.4076,-152.3820,0.870359
-302.8386,7.3393,-151.0823,0.870706
-302.6207,7.2714,-149.7867,0.871059
-302.4024,7.2033,-148.4902,0.871403
-302.1836,7.1353,-147.1931,0.871753
-301.9632,7.0676,-145.8912,0.872102
-301.7423,7.0002,-144.5916,0.872448
-301.5204,6.9314,-143.2890,0.872794
-301.2979,6.8619,-141.9880,0.873150
-301.0742,6.7922,-140.6842,0.873498
-300.8478,6.7231,-139.3708,0.873846
-300.6237,6.6560,-138.0758,0.874194
-300.3961,6.5883,-136.7637,0.874553
-300.1687,6.5214,-135.4561,0.874902
-299.9411,6.4554,-134.1521,0.875249
-299.7113,6.3893,-132.8392,0.875602
-299.4812,6.3236,-131.5282,0.875957
-299.2501,6.2580,-130.2139,0.876310
-299.0188,6.1930,-128.9022,0.876663
-298.7864,6.1277,-127.5879,0.877012
-298.5527,6.0621,-126.2698,0.877368
-298.3191,5.9973,-124.9572,0.877722
-298.0835,5.9326,-123.6356,0.878075
-297.8487,5.8689,-122.3214,0.878426
-297.6127,5.8053,-121.0028,0.878781
-297.3755,5.7416,-119.6794,0.879135
-297.1389,5.6777,-118.3606,0.879493
-296.9009,5.6138,-117.0357,0.879845
-296.6635,5.5507,-115.7150,0.880206
-296.4250,5.4879,-114.3896,0.880561
-296.1865,5.4252,-113.0659,0.880919
-295.9477,5.3623,-111.7410,0.881275
-295.7083,5.3001,-110.4162,0.881632
-295.4689,5.2381,-109.0900,0.881988
-295.2282,5.1766,-107.7581,0.882347
-294.9872,5.1153,-106.4248,0.882703
-294.7462,5.0556,-105.0932,0.883060
-294.5049,4.9967,-103.7592,0.883421
-294.2643,4.9392,-102.4308,0.883780
-294.0223,4.8811,-101.0942,0.884142
-293.7808,4.8228,-99.7608,0.884497
-293.5391,4.7641,-98.4268,0.884856
-293.2964,4.7055,-97.0877,0.885220
-293.0545,4.6480,-95.7532,0.885574
-292.8118,4.5914,-94.4144,0.885936
-292.5680,4.5350,-93.0711,0.886299
-292.3250,4.4791,-91.7318,0.886658
-292.0818,4.4241,-90.3914,0.887014
-291.8375,4.3701,-89.0447,0.887383
-291.5929,4.3172,-87.6982,0.887741
-291.3490,4.2645,-86.3556,0.888103
-291.1050,4.2120,-85.0128,0.888462
-290.8596,4.1606,-83.6613,0.888828
-290.6149,4.1107,-82.3143,0.889191
-290.3684,4.0627,-80.9589,0.889553
-290.1225,4.0156,-79.6076,0.889916
-289.8769,3.9691,-78.2574,0.890278
-289.6313,3.9231,-76.9074,0.890643
-289.3842,3.8766,-75.5483,0.891002
-289.1378,3.8307,-74.1936,0.891371
-288.8913,3.7854,-72.8382,0.891738
-288.6435,3.7411,-71.4751,0.892106
-288.3962,3.6986,-70.1172,0.892468
-288.1476,3.6576,-68.7518,0.892835
-287.8997,3.6168,-67.3911,0.893201
-287.6517,3.5761,-66.0298,0.893559
-287.4026,3.5355,-64.6641,0.893934
-287.1537,3.4955,-63.2984,0.894302
-286.9047,3.4561,-61.9340,0.894660
-286.6547,3.4180,-60.5627,0.895034
-286.4048,3.3819,-59.1928,0.895400
-286.1554,3.3472,-57.8255,0.895766
-285.9045,3.3124,-56.4509,0.896134
-285.6535,3.2780,-55.0764,0.896504
-285.4026,3.2441,-53.7029,0.896873
-285.1517,3.2110,-52.3291,0.897245
-284.8999,3.1784,-50.9510,0.897614
-284.6482,3.1464,-49.5736,0.897990
-284.3957,3.1151,-48.1923,0.898359
-284.1436,3.0844,-46.8122,0.898728
-283.8920,3.0546,-45.4344,0.899097
-283.6385,3.0264,-44.0477,0.899470
-283.3857,2.9996,-42.6632,0.899837
-283.1334,2.9735,-41.2805,0.900211
-282.8804,2.9478,-39.8954,0.900588
-282.6266,2.9232,-38.5041,0.900960
-282.3740,2.8995,-37.1185,0.901329
-282.1207,2.8758,-35.7301,0.901702
-281.8665,2.8512,-34.3364,0.902082
-281.6145,2.8267,-32.9556,0.902452
-281.3613,2.8022,-31.5674,0.902825
-281.1093,2.7780,-30.1849,0.903198
-280.8586,2.7539,-28.8076,0.903565
-280.6078,2.7298,-27.4297,0.903933
-280.3577,2.7060,-26.0548,0.904308
-280.1081,2.6837,-24.6828,0.904676
-279.8591,2.6635,-23.3121,0.905045
-279.6101,2.6447,-21.9417,0.905414
-279.3628,2.6258,-20.5786,0.905777
-279.1147,2.6060,-19.2096,0.906147
-278.8680,2.5859,-17.8466,0.906512
-278.6226,2.5664,-16.4898,0.906879
-278.3772,2.5468,-15.1316,0.907243
-278.1328,2.5269,-13.7780,0.907602
-277.8882,2.5075,-12.4219,0.907974
-277.6433,2.4893,-11.0651,0.908341
-277.4014,2.4717,-9.7230,0.908693
-277.1591,2.4547,-8.3754,0.909054
-276.9169,2.4378,-7.0264,0.909418
-276.6765,2.4207,-5.6856,0.909780
-276.4371,2.4035,-4.3494,0.910141
-276.1973,2.3871,-3.0081,0.910498
-275.9602,2.3716,-1.6798,0.910857
-275.7225,2.3564,-0.3454,0.911216
-275.4856,2.3406,0.9858,0.911571
-275.2492,2.3245,2.3187,0.911927
-275.0140,2.3078,3.6458,0.912288
-274.7800,2.2909,4.9675,0.912641
-274.5454,2.2738,6.2971,0.913003
-274.3140,2.2564,7.6148,0.913351
-274.0839,2.2383,8.9313,0.913703
-273.8537,2.2191,10.2540,0.914064
-273.6264,2.2000,11.5652,0.914414
-273.3994,2.1810,12.8789,0.914763
-273.1727,2.1625,14.1931,0.915118
-272.9479,2.1444,15.5003,0.915471
-272.7240,2.1268,16.8044,0.915820
-272.4993,2.1099,18.1155,0.916170
-272.2769,2.0937,19.4152,0.916518
-272.0549,2.0783,20.7141,0.916865
-271.8329,2.0632,22.0137,0.917214
-271.6118,2.0489,23.3096,0.917559
-271.3917,2.0353,24.6047,0.917909
-271.1729,2.0220,25.8939,0.918256
-270.9537,2.0083,27.1881,0.918602
-270.7351,1.9942,28.4803,0.918945
-270.5190,1.9807,29.7597,0.919288
-270.3018,1.9679,31.0451,0.919629
-270.0847,1.9565,32.3309,0.919976
-269.8690,1.9467,33.6100,0.920317
-269.6538,1.9380,34.8863,0.920662
-269.4387,1.9304,36.1629,0.921003
-269.2241,1.9234,37.4354,0.921347
-269.0092,1.9164,38.7100,0.921687
-268.7948,1.9096,39.9809,0.922035
-268.5818,1.9036,41.2431,0.922371
-268.3677,1.8981,42.5111,0.922705
-268.1543,1.8948,43.7742,0.923046
-267.9417,1.8918,45.0335,0.923384
-267.7283,1.8904,46.2955,0.923724
-267.5163,1.8895,47.5486,0.924062
-267.3041,1.8891,48.8030,0.924396
-267.0919,1.8897,50.0574,0.924732
-266.8801,1.8908,51.3079,0.925070
-266.6689,1.8917,52.5551,0.925407
-266.4584,1.8928,53.7990,0.925739
-266.2473,1.8946,55.0449,0.926071
-266.0370,1.8970,56.2853,0.926404
-265.8273,1.8990,57.5206,0.926738
-265.6166,1.9009,58.7615,0.927070
-265.4066,1.9029,59.9969,0.927410
-265.1973,1.9054,61.2287,0.927735
-264.9863,1.9082,62.4688,0.928066
-264.7782,1.9107,63.6911,0.928393
-264.5690,1.9133,64.9188,0.928726
-264.3594,1.9156,66.1482,0.929052
-264.1515,1.9177,67.3674,0.929385
-263.9436,1.9199,68.5868,0.929708
-263.7354,1.9222,69.8074,0.930036
-263.5284,1.9253,71.0215,0.930363
-263.3217,1.9290,72.2328,0.930685
-263.1147,1.9326,73.4474,0.931012
-262.9090,1.9360,74.6551,0.931337
-262.7047,1.9388,75.8571,0.931658
-262.5003,1.9417,77.0602,0.931984
-262.2971,1.9458,78.2560,0.932301
-262.0948,1.9509,79.4449,0.932624
-261.8933,1.9564,80.6274,0.932946
-261.6924,1.9621,81.8048,0.933258
-261.4928,1.9687,82.9683,0.933568
-261.2934,1.9753,84.1236,0.933884
-261.0945,1.9818,85.2706,0.934186
-260.8980,1.9872,86.3990,0.934495
-260.7009,1.9922,87.5246,0.934802
-260.5048,1.9974,88.6384,0.935100
-260.3103,2.0028,89.7352,0.935395
-260.1156,2.0082,90.8277,0.935692
-259.9209,2.0133,91.9153,0.935985
-259.7274,2.0181,92.9901,0.936276
-259.5329,2.0225,94.0638,0.936568
-259.3390,2.0267,95.1287,0.936857
-259.1456,2.0310,96.1867,0.937141
-258.9529,2.0363,97.2350,0.937427
-258.7609,2.0413,98.2765,0.937707
-258.5690,2.0470,99.3135,0.937988
-258.3781,2.0526,100.3428,0.938269
-258.1872,2.0579,101.3700,0.938548
-257.9985,2.0635,102.3818,0.938825
-257.8093,2.0693,103.3935,0.939107
-257.6218,2.0752,104.3942,0.939377
-257.4359,2.0811,105.3836,0.939651
-257.2507,2.0870,106.3679,0.939922
-257.0671,2.0929,107.3424,0.940194
-256.8850,2.0996,108.3059,0.940460
-256.7065,2.1066,109.2491,0.940728
-256.5291,2.1140,110.1849,0.940984
-256.3553,2.1213,111.0997,0.941242
-256.1846,2.1284,111.9965,0.941497
-256.0170,2.1352,112.8756,0.941750
-255.8527,2.1418,113.7331,0.942001
-255.6895,2.1484,114.5759,0.942243
-255.5287,2.1559,115.3996,0.942478
-255.3703,2.1638,116.2041,0.942708
-255.2122,2.1718,116.9917,0.942937
-255.0543,2.1794,117.7613,0.943164
-254.8982,2.1871,118.5103,0.943378
-254.7399,2.1948,119.2455,0.943590
-254.5819,2.2022,119.9613,0.943801
-254.4242,2.2094,120.6599,0.944001
-254.2653,2.2162,121.3386,0.944212
-254.1089,2.2227,122.0017,0.944410
-253.9510,2.2291,122.6518,0.944605
-253.7964,2.2351,123.2842,0.944791
-253.6432,2.2410,123.9001,0.944976
-253.4921,2.2468,124.4988,0.945159
-253.3430,2.2524,125.0827,0.945346
-253.1957,2.2579,125.6522,0.945525
-253.0522,2.2633,126.2027,0.945694
-252.9101,2.2686,126.7411,0.945871
-252.7701,2.2736,127.2621,0.946029
-252.6306,2.2783,127.7706,0.946186
-252.4907,2.2828,128.2684,0.946342
-252.3505,2.2871,128.7548,0.946492
-252.2093,2.2912,129.2328,0.946638
-252.0672,2.2951,129.7059,0.946789
-251.9227,2.2991,130.1784,0.946931
-251.7778,2.3029,130.6470,0.947082
-251.6300,2.3066,131.1139,0.947231
-251.4786,2.3103,131.5782,0.947375
-251.3251,2.3138,132.0378,0.947526
-251.1693,2.3171,132.4954,0.947668
-251.0114,2.3202,132.9500,0.947811
-250.8516,2.3232,133.4014,0.947957
-250.6904,2.3261,133.8483,0.948102
-250.5256,2.3289,134.2926,0.948241
-250.3591,2.3317,134.7313,0.948388
-250.1900,2.3345,135.1671,0.948533
-250.0185,2.3372,135.6018,0.948685
-249.8459,2.3400,136.0319,0.948820
-249.6709,2.3428,136.4603,0.948960
-249.4949,2.3455,136.8817,0.949100
-249.3142,2.3483,137.3015,0.949242
-249.1285,2.3509,137.7139,0.949383
-248.9398,2.3534,138.1192,0.949514
-248.7465,2.3558,138.5198,0.949653
-248.5484,2.3580,138.9163,0.949788
-248.3455,2.3599,139.3099,0.949926
-248.1421,2.3614,139.6931,0.950060
-247.9216,2.3643,140.0722,0.950201
-247.7049,2.3682,140.4448,0.950336
-247.4814,2.3716,140.8034,0.950473
-247.2314,2.3830,141.1477,0.950604
-246.9890,2.3917,141.4943,0.950740
-246.7433,2.4003,141.8291,0.950876
-246.5011,2.4040,142.1648,0.951004
-246.2447,2.4075,142.4875,0.951139
-245.9809,2.4107,142.8005,0.951268
-245.7091,2.4133,143.1043,0.951395
-245.4487,2.4080,143.4088,0.951522
-245.1692,2.4045,143.6965,0.951652
-244.8831,2.4005,143.9763,0.951783
-244.5933,2.3961,144.2455,0.951910
-244.3002,2.3912,144.5053,0.952039
-244.0146,2.3747,144.7705,0.952161
-243.7116,2.3672,145.0178,0.952287
-243.4087,2.3596,145.2527,0.952407
-243.1003,2.3521,145.4775,0.952533
-242.7866,2.3447,145.6886,0.952654
-242.4732,2.3377,145.8922,0.952770
-242.1571,2.3309,146.0874,0.952891
-241.8376,2.3243,146.2744,0.953005
-241.5195,2.3181,146.4528,0.953119
-241.1998,2.3124,146.6236,0.953238
-240.8780,2.3070,146.7863,0.953350
-240.5529,2.3019,146.9415,0.953465
-240.2263,2.2971,147.0840,0.953574
-239.8977,2.2924,147.2217,0.953683
-239.5683,2.2882,147.3508,0.953794
-239.2339,2.2840,147.4734,0.953902
-238.8997,2.2798,147.5901,0.954013
-238.5623,2.2757,147.7059,0.954120
-238.2243,2.2719,147.8142,0.954230
-237.8820,2.2742,147.8958,0.954336
-237.5397,2.2681,147.9813,0.954447
-237.1914,2.2622,148.0653,0.954555
-236.8408,2.2562,148.1484,0.954659
-236.4886,2.2502,148.2375,0.954768
-236.1337,2.2458,148.3029,0.954876
-235.7838,2.2354,148.3791,0.954979
-235.4237,2.2249,148.4459,0.955088
-235.0633,2.2147,148.4999,0.955196
-234.6999,2.2046,148.5383,0.955304
-234.3315,2.1962,148.5596,0.955414
-233.9616,2.1842,148.5840,0.955525
-233.5886,2.1725,148.6002,0.955634
-233.2097,2.1604,148.6082,0.955746
-232.8306,2.1482,148.6076,0.955859
-232.4473,2.1339,148.6218,0.955972
-232.0602,2.1254,148.6042,0.956086
-231.6757,2.1169,148.5731,0.956201
-231.2888,2.1086,148.5370,0.956315
-230.8961,2.0999,148.4924,0.956430
-230.4995,2.0917,148.4505,0.956545
-230.1068,2.0852,148.3873,0.956662
-229.7122,2.0787,148.3132,0.956776
-229.3155,2.0725,148.2287,0.956895
-228.9171,2.0663,148.1339,0.957014
-228.5207,2.0605,148.0298,0.957135
-228.1206,2.0549,147.9148,0.957258
-227.7210,2.0496,147.7952,0.957376
-227.3195,2.0447,147.6644,0.957500
-226.9212,2.0402,147.5220,0.957624
-226.5202,2.0360,147.3673,0.957749
-226.1203,2.0322,147.2023,0.957876
-225.7238,2.0288,147.0271,0.958004
-225.3294,2.0238,146.8413,0.958129
-224.9348,2.0198,146.6397,0.958255
-224.5381,2.0158,146.4333,0.958385
-224.1367,2.0114,146.2260,0.958515
-223.7240,2.0068,146.0179,0.958646
-223.3059,2.0018,145.8099,0.958780
-222.8875,1.9965,145.6023,0.958916
-222.4628,1.9909,145.3872,0.959049
-222.0412,1.9848,145.1673,0.959183
-221.6212,1.9784,144.9369,0.959321
-221.2008,1.9713,144.6991,0.959457
-220.7778,1.9640,144.4515,0.959594
-220.3575,1.9562,144.1964,0.959735
-219.9367,1.9477,143.9320,0.959880
-219.5163,1.9392,143.6581,0.960025
-219.0986,1.9303,143.3755,0.960168
-218.6796,1.9214,143.0817,0.960317
-218.2642,1.9152,142.7756,0.960463
-217.8507,1.9130,142.4634,0.960613
-217.4367,1.9111,142.1391,0.960764
-217.0276,1.9097,141.8086,0.960917
-216.6167,1.9084,141.4692,0.961073
-216.2044,1.9073,141.1220,0.961228
-215.7899,1.9060,140.7648,0.961386
-215.3816,1.9043,140.4031,0.961547
-214.9713,1.9021,140.0288,0.961711
-214.5610,1.8998,139.6488,0.961879
-214.1527,1.8974,139.2621,0.962045
-213.7454,1.8944,138.8680,0.962213
-213.3382,1.8910,138.4650,0.962377
-212.9326,1.8875,138.0529,0.962549
-212.5303,1.8838,137.6321,0.962713
-212.1307,1.8797,137.2031,0.962882
-211.7300,1.8754,136.7647,0.963053
-211.3243,1.8706,136.3192,0.963222
-210.9140,1.8652,135.8735,0.963404
-210.4986,1.8594,135.4239,0.963581
-210.0761,1.8535,134.9676,0.963761
-209.6527,1.8477,134.5101,0.963940
-209.2252,1.8419,134.0473,0.964129
-208.7942,1.8362,133.5788,0.964315
-208.3618,1.8305,133.1073,0.964499
-207.9283,1.8247,132.6323,0.964682
-207.4881,1.8182,132.1471,0.964873
-207.0505,1.8117,131.6624,0.965069
-206.6102,1.8047,131.1714,0.965261
-206.1681,1.7975,130.6753,0.965460
-205.7237,1.7907,130.1742,0.965652
-205.2763,1.7841,129.6665,0.965847
-204.8282,1.7778,129.1550,0.966041
-204.3797,1.7719,128.6396,0.966238
-203.9276,1.7660,128.1182,0.966428
-203.4733,1.7601,127.5916,0.966628
-203.0157,1.7535,127.0585,0.966826
-202.5597,1.7465,126.5252,0.967028
-202.1000,1.7387,125.9850,0.967227
-201.6369,1.7306,125.4394,0.967431
-201.1721,1.7221,124.8917,0.967636
-200.7026,1.7135,124.3382,0.967838
-200.2285,1.7046,123.7799,0.968043
-199.7540,1.6955,123.2216,0.968248
-199.2741,1.6864,122.6561,0.968457
-198.7905,1.6774,122.0863,0.968656
-198.3053,1.6684,121.5149,0.968867
-197.8180,1.6594,120.9408,0.969070
-197.3254,1.6502,120.3603,0.969282
-196.8301,1.6410,119.7772,0.969494
-196.3330,1.6316,119.1927,0.969711
-195.8319,1.6222,118.6042,0.969931
-195.3288,1.6123,118.0138,0.970144
-194.8236,1.6017,117.4214,0.970358
-194.3165,1.5909,116.8272,0.970578
-193.8099,1.5795,116.2345,0.970798
-193.2994,1.5676,115.6374,0.971018
-192.7891,1.5554,115.0413,0.971236
-192.2808,1.5428,114.4501,0.971452
-191.7676,1.5300,113.8568,0.971673
-191.2554,1.5177,113.2676,0.971885
-190.7430,1.5053,112.6810,0.972105
-190.2299,1.4931,112.0958,0.972324
-189.7194,1.4812,111.5136,0.972543
-189.2112,1.4696,110.9338,0.972757
-188.7023,1.4579,110.3532,0.972977
-188.1939,1.4462,109.7741,0.973194
-187.6896,1.4343,109.2000,0.973408
-187.1830,1.4224,108.6242,0.973626
-186.6774,1.4104,108.0502,0.973841
-186.1727,1.3984,107.4778,0.974051
-185.6671,1.3861,106.9050,0.974260
-185.1637,1.3734,106.3359,0.974468
-184.6588,1.3597,105.7680,0.974676
-184.1511,1.3459,105.2000,0.974885
-183.6435,1.3318,104.6342,0.975093
-183.1365,1.3173,104.0717,0.975299
-182.6248,1.3024,103.5067,0.975499
-182.1151,1.2877,102.9465,0.975704
-181.6050,1.2727,102.3882,0.975906
-181.0925,1.2577,101.8292,0.976107
-180.5804,1.2428,101.2719,0.976311
-180.0704,1.2276,100.7178,0.976514
-179.5593,1.2126,100.1633,0.976711
-179.0467,1.1971,99.6082,0.976912
-178.5364,1.1818,99.0566,0.977115
-178.0230,1.1656,98.5030,0.977315
-177.5109,1.1494,97.9522,0.977513
-176.9977,1.1332,97.4023,0.977714
-176.4808,1.1171,96.8502,0.977911
-175.9659,1.1014,96.3023,0.978111
-175.4502,1.0860,95.7557,0.978309
-174.9326,1.0707,95.2086,0.978509
-174.4141,1.0557,94.6628,0.978703
-173.8958,1.0407,94.1187,0.978903
-173.3746,1.0263,93.5741,0.979101
-172.8520,1.0124,93.0300,0.979303
-172.3250,0.9988,92.4817,0.979505
-171.8103,0.9853,91.9464,0.979702
-171.2886,0.9715,91.4044,0.979903
-170.7681,0.9572,90.8638,0.980103
-170.2489,0.9428,90.3258,0.980303
-169.7274,0.9281,89.7861,0.980505
-169.2090,0.9136,89.2506,0.980703
-168.6895,0.8993,88.7144,0.980901
-168.1724,0.8854,88.1814,0.981102
-167.6544,0.8714,87.6474,0.981297
-167.1386,0.8580,87.1169,0.981499
-166.6222,0.8447,86.5869,0.981693
-166.1078,0.8317,86.0602,0.981886
-165.5933,0.8188,85.5340,0.982082
-165.0793,0.8062,85.0084,0.982275
-164.5680,0.7941,84.4849,0.982477
-164.0570,0.7822,83.9616,0.982663
-163.5466,0.7711,83.4384,0.982857
-163.0366,0.7606,82.9164,0.983052
-162.5260,0.7498,82.3954,0.983245
-162.0161,0.7389,81.8770,0.983435
-161.5061,0.7277,81.3606,0.983629
-160.9940,0.7164,80.8435,0.983823
-160.4829,0.7050,80.3288,0.984015
-159.9707,0.6938,79.8147,0.984205
-159.4590,0.6824,79.3022,0.984397
-158.9467,0.6711,78.7903,0.984584
-158.4358,0.6594,78.2800,0.984782
-157.9229,0.6478,77.7674,0.984968
-157.4120,0.6364,77.2564,0.985158
-156.9019,0.6253,76.7455,0.985350
-156.3918,0.6146,76.2329,0.985543
-155.8853,0.6046,75.7211,0.985736
-155.3792,0.5948,75.2075,0.985927
-154.8720,0.5851,74.6913,0.986118
-154.3672,0.5759,74.1765,0.986308
-153.8623,0.5668,73.6629,0.986500
-153.3528,0.5577,73.1454,0.986692
-152.8457,0.5487,72.6305,0.986882
-152.3416,0.5403,72.1185,0.987074
-151.8335,0.5319,71.6026,0.987263
-151.3240,0.5237,71.0854,0.987460
-150.8195,0.5159,70.5736,0.987646
-150.3100,0.5081,70.0569,0.987837
-149.8012,0.5009,69.5413,0.988029
-149.2936,0.4941,69.0274,0.988223
-148.7831,0.4879,68.5119,0.988412
-148.2742,0.4817,67.9986,0.988606
-147.7656,0.4758,67.4855,0.988796
-147.2554,0.4698,66.9703,0.988987
-146.7468,0.4639,66.4568,0.989181
-146.2378,0.4578,65.9427,0.989369
-145.7268,0.4515,65.4266,0.989563
-145.2176,0.4451,64.9121,0.989750
-144.7074,0.4387,64.3967,0.989942
-144.1964,0.4321,63.8806,0.990140
-143.6860,0.4250,63.3650,0.990331
-143.1761,0.4178,62.8500,0.990523
-142.6641,0.4105,62.3338,0.990714
-142.1515,0.4030,61.8179,0.990906
-141.6402,0.3959,61.3038,0.991094
-141.1261,0.3886,60.7872,0.991292
-140.6117,0.3816,60.2709,0.991481
-140.0975,0.3756,59.7550,0.991674
-139.5824,0.3695,59.2389,0.991865
-139.0674,0.3638,58.7233,0.992060
-138.5533,0.3583,58.2090,0.992255
-138.0371,0.3525,57.6929,0.992447
-137.5207,0.3465,57.1765,0.992640
-137.0061,0.3408,56.6619,0.992832
-136.4891,0.3353,56.1447,0.993023
-135.9733,0.3302,55.6286,0.993217
-135.4590,0.3259,55.1137,0.993410
-134.9408,0.3218,54.5950,0.993604
-134.4251,0.3176,54.0789,0.993795
-133.9099,0.3136,53.5631,0.993988
-133.3925,0.3090,53.0455,0.994182
-132.8756,0.3037,52.5281,0.994372
-132.3597,0.2980,52.0117,0.994567
-131.8398,0.2925,51.4916,0.994757
-131.3234,0.2867,50.9752,0.994953
-130.8081,0.2808,50.4601,0.995145
-130.2881,0.2749,49.9407,0.995335
-129.7697,0.2693,49.4233,0.995527
-129.2524,0.2637,48.9078,0.995718
-128.7315,0.2585,48.3891,0.995909
-128.2110,0.2536,47.8713,0.996102
-127.6935,0.2492,47.3563,0.996290
-127.1706,0.2448,46.8360,0.996480
-126.6528,0.2404,46.3204,0.996670
-126.1330,0.2360,45.8030,0.996860
-125.6091,0.2312,45.2812,0.997050
-125.0919,0.2265,44.7661,0.997238
-124.5731,0.2219,44.2493,0.997426
-124.0501,0.2175,43.7283,0.997615
-123.5304,0.2134,43.2105,0.997802
-123.0118,0.2094,42.6939,0.997991
-122.4877,0.2057,42.1714,0.998180
-121.9677,0.2022,41.6532,0.998369
-121.4477,0.1991,41.1346,0.998557
-120.9234,0.1961,40.6123,0.998747
-120.4034,0.1936,40.0939,0.998935
-119.8828,0.1916,39.5749,0.999125
-119.3591,0.1902,39.0529,0.999314
-118.8375,0.1890,38.5331,0.999506
-118.3162,0.1884,38.0133,0.999701
-117.7914,0.1878,37.4900,0.999901
