-105.8548,0.1827,47.3429,0.000280
-105.3478,0.1812,46.8320,0.000470
-104.8387,0.1800,46.3190,0.000662
-104.3293,0.1783,45.8052,0.000854
-103.8202,0.1766,45.2918,0.001044
-103.3096,0.1748,44.7768,0.001235
-102.7988,0.1729,44.2616,0.001426
-102.2873,0.1709,43.7456,0.001618
-101.7750,0.1697,43.2287,0.001809
-101.2625,0.1684,42.7115,0.002001
-100.7501,0.1677,42.1946,0.002192
-100.2355,0.1676,41.6753,0.002385
-99.7214,0.1675,41.1565,0.002575
-99.2084,0.1665,40.6387,0.002768
-98.6918,0.1653,40.1174,0.002960
-98.1752,0.1640,39.5963,0.003153
-97.6596,0.1624,39.0764,0.003346
-97.1402,0.1608,38.5531,0.003540
-96.6237,0.1597,38.0333,0.003733
-96.1053,0.1590,37.5121,0.003926
-95.5852,0.1583,36.9898,0.004120
-95.0626,0.1577,36.4656,0.004315
-94.5446,0.1567,35.9463,0.004509
-94.0218,0.1552,35.4219,0.004704
-93.4978,0.1535,34.8963,0.004900
-92.9766,0.1510,34.3732,0.005094
-92.4537,0.1484,33.8484,0.005290
-91.9302,0.1460,33.3228,0.005486
-91.4069,0.1435,32.7975,0.005682
-90.8834,0.1409,32.2717,0.005877
-90.3587,0.1378,31.7446,0.006075
-89.8346,0.1342,31.2186,0.006270
-89.3103,0.1305,30.6921,0.006466
-88.7845,0.1260,30.1637,0.006664
-88.2598,0.1215,29.6361,0.006859
-87.7334,0.1166,29.1068,0.007057
-87.2079,0.1119,28.5779,0.007254
-86.6826,0.1071,28.0491,0.007451
-86.1567,0.1021,27.5195,0.007648
-85.6287,0.0972,26.9871,0.007846
-85.1040,0.0925,26.4580,0.008042
-84.5755,0.0884,25.9245,0.008241
-84.0471,0.0848,25.3910,0.008440
-83.5220,0.0818,24.8604,0.008637
-82.9943,0.0789,24.3274,0.008836
-82.4657,0.0764,23.7935,0.009035
-81.9378,0.0737,23.2609,0.009239
-81.4094,0.0709,22.7283,0.009487
-80.8784,0.0680,22.1935,0.009588
-79.8184,0.0614,21.1275,0.010052
-79.2857,0.0578,20.5927,0.010225
-78.7158,0.0534,20.0209,0.010818
-77.6896,0.0440,18.9929,0.010821
-77.1579,0.0389,18.4607,0.010963
-76.6220,0.0340,17.9240,0.011223
-76.0882,0.0298,17.3896,0.011424
-75.5556,0.0259,16.8562,0.011622
-75.0197,0.0222,16.3193,0.011823
-74.4833,0.0192,15.7817,0.012024
-73.9508,0.0162,15.2481,0.012224
-73.4147,0.0132,14.7108,0.012423
-72.8802,0.0105,14.1747,0.012624
-72.3457,0.0076,13.6388,0.012824
-71.8088,0.0054,13.1003,0.013025
-71.2739,0.0031,12.5641,0.013225
-70.7387,0.0010,12.0283,0.013424
-70.2010,-0.0008,11.4903,0.013626
-69.6634,-0.0026,10.9527,0.013828
-69.1265,-0.0043,10.4163,0.014029
-68.5868,-0.0061,9.8777,0.014228
-68.0495,-0.0084,9.3420,0.014429
-67.5120,-0.0105,8.8065,0.014631
-66.9692,-0.0128,8.2663,0.014834
-66.4303,-0.0142,7.7305,0.015036
-65.8915,-0.0156,7.1948,0.015235
-65.3456,-0.0168,6.6526,0.015440
-64.8056,-0.0179,6.1165,0.015640
-64.2663,-0.0191,5.5816,0.015841
-63.7217,-0.0205,5.0415,0.016043
-63.1787,-0.0217,4.5029,0.016246
-62.6395,-0.0226,3.9680,0.016446
-62.0977,-0.0234,3.4303,0.016649
-61.5528,-0.0245,2.8896,0.016852
-61.0134,-0.0258,2.3544,0.017053
-60.4707,-0.0283,1.8162,0.017254
-59.9280,-0.0306,1.2775,0.017456
-59.3873,-0.0331,0.7411,0.017657
-58.8451,-0.0356,0.2027,0.017859
-58.3041,-0.0382,-0.3348,0.018060
-57.7651,-0.0411,-0.8706,0.018260
-57.2239,-0.0441,-1.4088,0.018461
-56.6823,-0.0469,-1.9480,0.018663
-56.1436,-0.0496,-2.4848,0.018866
-55.6019,-0.0515,-3.0253,0.019068
-55.0625,-0.0532,-3.5639,0.019271
-54.5226,-0.0540,-4.1029,0.019471
-53.9841,-0.0543,-4.6399,0.019672
-53.4452,-0.0550,-5.1766,0.019874
-52.9079,-0.0558,-5.7112,0.020074
-52.3668,-0.0568,-6.2495,0.020276
-51.8267,-0.0579,-6.7861,0.020477
-51.2887,-0.0581,-7.3200,0.020678
-50.7474,-0.0582,-7.8570,0.020880
-50.2060,-0.0575,-8.3939,0.021081
-49.6667,-0.0563,-8.9282,0.021282
-49.1271,-0.0552,-9.4627,0.021482
-48.5878,-0.0538,-9.9970,0.021683
-48.0490,-0.0525,-10.5309,0.021883
-47.5080,-0.0515,-11.0672,0.022083
-46.9694,-0.0506,-11.6014,0.022286
-46.4294,-0.0502,-12.1372,0.022486
-45.8913,-0.0497,-12.6720,0.022686
-45.3529,-0.0494,-13.2077,0.022888
-44.8166,-0.0492,-13.7427,0.023087
-44.2786,-0.0483,-14.2805,0.023290
-43.7414,-0.0469,-14.8185,0.023488
-43.2084,-0.0452,-15.3535,0.023688
-42.6716,-0.0437,-15.8932,0.023890
-42.1360,-0.0423,-16.4326,0.024091
-41.6047,-0.0412,-16.9683,0.024290
-41.0688,-0.0401,-17.5094,0.024492
-40.5360,-0.0384,-18.0489,0.024692
-40.0048,-0.0366,-18.5868,0.024890
-39.4722,-0.0346,-19.1254,0.025092
-38.9401,-0.0329,-19.6637,0.025292
-38.4088,-0.0315,-20.2010,0.025491
-37.8762,-0.0306,-20.7394,0.025692
-37.3448,-0.0309,-21.2768,0.025892
-36.8144,-0.0322,-21.8133,0.026092
-36.2813,-0.0343,-22.3526,0.026292
-35.7499,-0.0368,-22.8900,0.026492
-35.2194,-0.0395,-23.4259,0.026691
-34.6864,-0.0420,-23.9643,0.026892
-34.1556,-0.0446,-24.5000,0.027091
-33.6247,-0.0466,-25.0355,0.027290
-33.0916,-0.0489,-25.5728,0.027490
-32.5590,-0.0508,-26.1095,0.027692
-32.0293,-0.0526,-26.6429,0.027890
-31.4959,-0.0539,-27.1800,0.028091
-30.9624,-0.0553,-27.7170,0.028290
-30.4328,-0.0560,-28.2497,0.028490
-29.8973,-0.0569,-28.7881,0.028691
-29.3682,-0.0574,-29.3200,0.028889
-28.8362,-0.0582,-29.8543,0.029087
-28.3046,-0.0590,-30.3881,0.029289
-27.7716,-0.0600,-30.9231,0.029487
-27.2404,-0.0608,-31.4561,0.029685
-26.7081,-0.0612,-31.9901,0.029887
-26.1743,-0.0613,-32.5256,0.030084
-25.6443,-0.0614,-33.0573,0.030285
-25.1108,-0.0615,-33.5926,0.030483
-24.5800,-0.0616,-34.1254,0.030681
-24.0500,-0.0620,-34.6572,0.030881
-23.5167,-0.0626,-35.1927,0.031081
-22.9851,-0.0630,-35.7264,0.031281
-22.4534,-0.0632,-36.2602,0.031479
-21.9238,-0.0632,-36.7921,0.031678
-21.3918,-0.0631,-37.3266,0.031876
-20.8618,-0.0635,-37.8591,0.032076
-20.3318,-0.0643,-38.3915,0.032275
-19.8018,-0.0652,-38.9240,0.032474
-19.2721,-0.0666,-39.4562,0.032673
-18.7393,-0.0681,-39.9915,0.032870
-18.2114,-0.0691,-40.5222,0.033069
-17.6809,-0.0698,-41.0549,0.033268
-17.1518,-0.0698,-41.5867,0.033467
-16.6197,-0.0697,-42.1217,0.033667
-16.0906,-0.0686,-42.6535,0.033864
-15.5606,-0.0675,-43.1862,0.034063
-15.0308,-0.0661,-43.7189,0.034261
-14.5038,-0.0648,-44.2487,0.034459
-13.9707,-0.0637,-44.7842,0.034660
-13.4437,-0.0629,-45.3134,0.034857
-12.9155,-0.0619,-45.8429,0.035056
-12.3842,-0.0608,-46.3753,0.035255
-11.8532,-0.0592,-46.9066,0.035453
-11.3240,-0.0569,-47.4362,0.035651
-10.7945,-0.0547,-47.9657,0.035848
-10.2638,-0.0517,-48.4958,0.036046
-9.7342,-0.0485,-49.0245,0.036245
-9.2018,-0.0452,-49.5557,0.036444
-8.6757,-0.0420,-50.0802,0.036639
-8.1444,-0.0390,-50.6097,0.036838
-7.6113,-0.0358,-51.1405,0.037037
-7.0830,-0.0321,-51.6659,0.037236
-6.5525,-0.0278,-52.1931,0.037433
-6.0207,-0.0230,-52.7210,0.037631
-5.4915,-0.0175,-53.2462,0.037829
-4.9614,-0.0118,-53.7716,0.038026
-4.4286,-0.0051,-54.3002,0.038225
-3.8979,0.0014,-54.8268,0.038422
-3.3690,0.0077,-55.3523,0.038618
-2.8380,0.0141,-55.8795,0.038816
-2.3093,0.0198,-56.4057,0.039016
-1.7825,0.0205,-56.9296,0.039210
-1.2529,0.0203,-57.4564,0.039410
-0.7226,0.0204,-57.9837,0.039605
-0.1951,0.0199,-58.5080,0.039803
0.3338,0.0198,-59.0340,0.039998
0.8625,0.0199,-59.5601,0.040196
1.3902,0.0203,-60.0851,0.040393
1.9201,0.0207,-60.6129,0.040590
2.4492,0.0211,-61.1402,0.040789
2.9746,0.0219,-61.6647,0.040985
3.5021,0.0226,-62.1920,0.041180
4.0291,0.0236,-62.7193,0.041379
4.5544,0.0248,-63.2455,0.041574
5.0817,0.0260,-63.7738,0.041773
5.6090,0.0271,-64.3015,0.041971
6.1331,0.0280,-64.8262,0.042166
6.6618,0.0283,-65.3553,0.042364
7.1886,0.0284,-65.8828,0.042561
7.7110,0.0283,-66.4056,0.042757
8.2375,0.0277,-66.9330,0.042955
8.7635,0.0269,-67.4596,0.043151
9.2883,0.0259,-67.9849,0.043347
9.8145,0.0252,-68.5117,0.043544
10.3410,0.0243,-69.0388,0.043740
10.8649,0.0234,-69.5631,0.043937
11.3945,0.0223,-70.0934,0.044135
11.9184,0.0210,-70.6177,0.044331
12.4446,0.0196,-71.1447,0.044530
12.9716,0.0173,-71.6725,0.044726
13.4940,0.0150,-72.1959,0.044924
14.0216,0.0125,-72.7247,0.045121
14.5453,0.0100,-73.2497,0.045318
15.0723,0.0075,-73.7786,0.045513
15.5978,0.0059,-74.3056,0.045710
16.1251,0.0051,-74.8345,0.045908
16.6509,0.0044,-75.3619,0.046102
17.1757,0.0040,-75.8884,0.046301
17.6997,0.0033,-76.4142,0.046497
18.2424,0.0026,-76.9588,0.046701
18.7518,0.0021,-77.4693,0.046893
19.2787,0.0014,-77.9971,0.047090
19.8046,0.0005,-78.5233,0.047287
20.3298,-0.0005,-79.0485,0.047482
20.8577,-0.0021,-79.5762,0.047682
21.3828,-0.0043,-80.1008,0.047879
21.9120,-0.0065,-80.6297,0.048076
22.4372,-0.0090,-81.1548,0.048274
22.9637,-0.0116,-81.6812,0.048470
23.4896,-0.0140,-82.2070,0.048667
24.0173,-0.0162,-82.7349,0.048863
24.5436,-0.0185,-83.2612,0.049060
25.0693,-0.0211,-83.7871,0.049259
25.5974,-0.0242,-84.3160,0.049455
26.1240,-0.0277,-84.8432,0.049652
26.6490,-0.0312,-85.3690,0.049849
27.1770,-0.0347,-85.8978,0.050047
27.7034,-0.0383,-86.4248,0.050244
28.2289,-0.0410,-86.9509,0.050444
28.7571,-0.0425,-87.4799,0.050637
29.2854,-0.0442,-88.0086,0.050834
29.8098,-0.0447,-88.5337,0.051033
30.3381,-0.0452,-89.0624,0.051231
30.8669,-0.0457,-89.5916,0.051429
31.3928,-0.0462,-90.1180,0.051628
31.9190,-0.0466,-90.6447,0.051820
32.4471,-0.0461,-91.1732,0.052020
32.9712,-0.0454,-91.6979,0.052215
33.4990,-0.0447,-92.2261,0.052414
34.0251,-0.0442,-92.7524,0.052609
34.5535,-0.0438,-93.2809,0.052807
35.0812,-0.0431,-93.8089,0.053005
35.6104,-0.0423,-94.3386,0.053203
36.1343,-0.0416,-94.8629,0.053400
36.6626,-0.0404,-95.3917,0.053596
37.1907,-0.0391,-95.9204,0.053793
37.7143,-0.0381,-96.4449,0.053990
38.2413,-0.0375,-96.9730,0.054187
38.7700,-0.0376,-97.5029,0.054390
39.2948,-0.0378,-98.0289,0.054583
39.8223,-0.0378,-98.5578,0.054781
40.3511,-0.0379,-99.0879,0.054978
40.8756,-0.0373,-99.6138,0.055173
41.4013,-0.0359,-100.1406,0.055370
41.9315,-0.0344,-100.6720,0.055570
42.4551,-0.0330,-101.1968,0.055766
42.9835,-0.0315,-101.7263,0.055963
43.5105,-0.0299,-102.2545,0.056162
44.0354,-0.0282,-102.7805,0.056357
44.5634,-0.0265,-103.3100,0.056556
45.0908,-0.0248,-103.8388,0.056752
45.6184,-0.0233,-104.3678,0.056952
46.1422,-0.0224,-104.8931,0.057148
46.6700,-0.0216,-105.4224,0.057343
47.1942,-0.0211,-105.9480,0.057539
47.7231,-0.0208,-106.4784,0.057737
48.2498,-0.0205,-107.0066,0.057935
48.7739,-0.0196,-107.5320,0.058132
49.3030,-0.0184,-108.0625,0.058328
49.8303,-0.0171,-108.5913,0.058529
50.3565,-0.0152,-109.1189,0.058724
50.8830,-0.0133,-109.6467,0.058922
51.4091,-0.0115,-110.1743,0.059117
51.9354,-0.0098,-110.7020,0.059318
52.4613,-0.0081,-111.2293,0.059514
52.9882,-0.0065,-111.7576,0.059709
53.5152,-0.0047,-112.2860,0.059908
54.0433,-0.0028,-112.8154,0.060106
54.5695,-0.0005,-113.3429,0.060303
55.0946,0.0015,-113.8697,0.060501
55.6214,0.0035,-114.3978,0.060698
56.1480,0.0048,-114.9255,0.060894
56.6734,0.0062,-115.4525,0.061094
57.2011,0.0075,-115.9812,0.061291
57.7281,0.0088,-116.5094,0.061487
58.2537,0.0105,-117.0364,0.061685
58.7820,0.0119,-117.5655,0.061882
59.3067,0.0138,-118.0916,0.062079
59.8344,0.0154,-118.6205,0.062276
60.3607,0.0166,-119.1485,0.062471
60.8864,0.0173,-119.6760,0.062670
61.4131,0.0174,-120.2044,0.062867
61.9395,0.0171,-120.7327,0.063065
62.4654,0.0162,-121.2606,0.063260
62.9912,0.0152,-121.7880,0.063460
63.5193,0.0148,-122.3181,0.063658
64.0449,0.0141,-122.8451,0.063855
64.5709,0.0136,-123.3728,0.064052
65.0985,0.0134,-123.9017,0.064249
65.6244,0.0132,-124.4289,0.064447
66.1520,0.0133,-124.9579,0.064645
66.6782,0.0134,-125.4857,0.064843
67.2045,0.0133,-126.0136,0.065039
67.7301,0.0127,-126.5409,0.065238
68.2578,0.0114,-127.0705,0.065436
68.7842,0.0095,-127.5987,0.065635
69.3103,0.0076,-128.1265,0.065833
69.8355,0.0060,-128.6534,0.066027
70.3633,0.0045,-129.1830,0.066226
70.8895,0.0036,-129.7113,0.066421
71.4162,0.0035,-130.2397,0.066622
71.9434,0.0035,-130.7688,0.066820
72.4693,0.0031,-131.2969,0.067015
72.9970,0.0023,-131.8266,0.067215
73.5233,0.0011,-132.3548,0.067414
74.0491,-0.0007,-132.8829,0.067611
74.5756,-0.0027,-133.4117,0.067809
75.1021,-0.0044,-133.9405,0.068004
75.6280,-0.0060,-134.4686,0.068199
76.1539,-0.0074,-134.9972,0.068397
76.6834,-0.0081,-135.5291,0.068602
77.2077,-0.0085,-136.0555,0.068797
77.7346,-0.0086,-136.5847,0.068994
78.2631,-0.0085,-137.1159,0.069190
78.7874,-0.0081,-137.6427,0.069389
79.3137,-0.0077,-138.1716,0.069588
79.8403,-0.0078,-138.7005,0.069785
80.3652,-0.0079,-139.2277,0.069982
80.8908,-0.0093,-139.7557,0.070181
81.4179,-0.0110,-140.2851,0.070382
81.9422,-0.0127,-140.8114,0.070577
82.4704,-0.0140,-141.3418,0.070771
82.9954,-0.0148,-141.8687,0.070972
83.5199,-0.0146,-142.3951,0.071169
84.0464,-0.0143,-142.9236,0.071366
84.5725,-0.0136,-143.4518,0.071567
85.0966,-0.0127,-143.9780,0.071759
85.6213,-0.0116,-144.5047,0.071955
86.1472,-0.0102,-145.0331,0.072153
86.6691,-0.0090,-145.5576,0.072353
87.1933,-0.0078,-146.0843,0.072547
87.7170,-0.0065,-146.6109,0.072747
88.2366,-0.0051,-147.1332,0.072942
88.7583,-0.0036,-147.6578,0.073139
89.2785,-0.0021,-148.1808,0.073335
89.7970,-0.0007,-148.7021,0.073527
90.3151,0.0003,-149.2230,0.073718
90.8314,0.0010,-149.7425,0.073918
91.3474,0.0013,-150.2615,0.074112
91.8647,0.0017,-150.7820,0.074308
92.3774,0.0025,-151.2982,0.074499
92.8922,0.0032,-151.8163,0.074695
93.4037,0.0036,-152.3319,0.074891
93.9131,0.0040,-152.8453,0.075081
94.4239,0.0044,-153.3604,0.075273
94.9337,0.0047,-153.8747,0.075466
95.4404,0.0051,-154.3864,0.075656
95.9477,0.0057,-154.8992,0.075851
96.4534,0.0064,-155.4102,0.076038
96.9585,0.0071,-155.9211,0.076235
97.4622,0.0076,-156.4312,0.076422
97.9740,0.0078,-156.9503,0.076615
98.4651,0.0080,-157.4486,0.076799
98.9652,0.0084,-157.9565,0.076986
99.4656,0.0088,-158.4651,0.077180
99.9636,0.0095,-158.9719,0.077372
100.4617,0.0108,-159.4790,0.077556
100.9580,0.0122,-159.9844,0.077746
101.4535,0.0137,-160.4890,0.077934
101.9489,0.0153,-160.9935,0.078117
102.4425,0.0169,-161.4962,0.078310
102.9366,0.0181,-161.9997,0.078495
103.4270,0.0188,-162.4996,0.078686
103.9198,0.0191,-163.0020,0.078866
104.4116,0.0193,-163.5035,0.079056
104.9006,0.0192,-164.0027,0.079241
105.3904,0.0195,-164.5026,0.079429
105.8793,0.0200,-165.0023,0.079611
106.3667,0.0203,-165.5009,0.079792
106.8542,0.0200,-165.9998,0.079985
107.3414,0.0193,-166.4991,0.080169
107.8282,0.0184,-166.9977,0.080352
108.3156,0.0171,-167.4975,0.080537
108.8040,0.0151,-167.9982,0.080723
109.2885,0.0128,-168.4951,0.080906
109.7780,0.0106,-168.9969,0.081092
110.2642,0.0081,-169.4957,0.081275
110.7499,0.0061,-169.9937,0.081462
111.2380,0.0043,-170.4943,0.081648
111.7246,0.0027,-170.9933,0.081833
112.2128,0.0016,-171.4942,0.082017
112.7005,0.0001,-171.9949,0.082206
113.1873,-0.0015,-172.4948,0.082389
113.6754,-0.0036,-172.9962,0.082576
114.1633,-0.0058,-173.4975,0.082761
114.6513,-0.0079,-173.9992,0.082945
115.1388,-0.0097,-174.5003,0.083128
115.6293,-0.0111,-175.0044,0.083317
116.1181,-0.0121,-175.5065,0.083502
116.6069,-0.0131,-176.0087,0.083685
117.0969,-0.0138,-176.5117,0.083869
117.5883,-0.0146,-177.0160,0.084061
118.0783,-0.0152,-177.5186,0.084245
118.5700,-0.0156,-178.0227,0.084438
119.0623,-0.0161,-178.5272,0.084617
119.5539,-0.0165,-179.0309,0.084804
120.0468,-0.0171,-179.5358,0.084990
120.5388,-0.0176,-180.0395,0.085178
121.0321,-0.0186,-180.5443,0.085364
121.5253,-0.0198,-181.0491,0.085551
122.0210,-0.0204,-181.5562,0.085740
122.5142,-0.0206,-182.0608,0.085929
123.0098,-0.0198,-182.5683,0.086113
123.5041,-0.0182,-183.0741,0.086298
123.9989,-0.0164,-183.5809,0.086488
124.4952,-0.0145,-184.0891,0.086673
124.9906,-0.0126,-184.5965,0.086862
125.4852,-0.0112,-185.1031,0.087047
125.9811,-0.0100,-185.6111,0.087236
126.4782,-0.0089,-186.1205,0.087426
126.9734,-0.0082,-186.6279,0.087612
127.4703,-0.0075,-187.1368,0.087804
127.9686,-0.0066,-187.6474,0.087988
128.4646,-0.0055,-188.1558,0.088177
128.9621,-0.0043,-188.6658,0.088369
129.4589,-0.0027,-189.1756,0.088555
129.9576,-0.0010,-189.6871,0.088742
130.4541,0.0001,-190.1971,0.088929
130.9547,0.0006,-190.7106,0.089121
131.4538,0.0009,-191.2230,0.089306
131.9497,0.0009,-191.7319,0.089497
132.4492,0.0009,-192.2446,0.089682
132.9492,0.0011,-192.7576,0.089874
133.4479,0.0016,-193.2692,0.090065
133.9462,0.0021,-193.7806,0.090252
134.4464,0.0024,-194.2939,0.090442
134.9469,0.0029,-194.8074,0.090631
135.4466,0.0029,-195.3207,0.090822
135.9509,0.0030,-195.8384,0.091013
136.4486,0.0032,-196.3501,0.091201
136.9509,0.0036,-196.8670,0.091393
137.4518,0.0045,-197.3829,0.091583
137.9503,0.0052,-197.8968,0.091770
138.4511,0.0061,-198.4139,0.091964
138.9545,0.0072,-198.9334,0.092150
139.4532,0.0080,-199.4484,0.092344
139.9548,0.0082,-199.9668,0.092533
140.4576,0.0075,-200.4869,0.092723
140.9568,0.0062,-201.0027,0.092914
141.4585,0.0045,-201.5215,0.093103
141.9620,0.0030,-202.0421,0.093296
142.4624,0.0019,-202.5602,0.093484
142.9670,0.0017,-203.0825,0.093679
143.4688,0.0018,-203.6023,0.093869
143.9712,0.0026,-204.1231,0.094060
144.4717,0.0036,-204.6417,0.094251
144.9776,0.0046,-205.1664,0.094444
145.4792,0.0054,-205.6866,0.094638
145.9824,0.0064,-206.2085,0.094825
146.4866,0.0073,-206.7311,0.095019
146.9889,0.0078,-207.2520,0.095209
147.4923,0.0079,-207.7737,0.095401
147.9973,0.0078,-208.2970,0.095595
148.5023,0.0074,-208.8201,0.095783
149.0055,0.0069,-209.3412,0.095975
149.5122,0.0066,-209.8659,0.096172
150.0190,0.0065,-210.3904,0.096367
150.5229,0.0067,-210.9113,0.096559
151.0306,0.0071,-211.4370,0.096753
151.5358,0.0076,-211.9593,0.096943
152.0421,0.0081,-212.4831,0.097140
152.5485,0.0081,-213.0070,0.097332
153.0569,0.0078,-213.5326,0.097524
153.5649,0.0076,-214.0576,0.097722
154.0732,0.0072,-214.5821,0.097914
154.5817,0.0068,-215.1065,0.098108
155.0907,0.0068,-215.6314,0.098306
155.5999,0.0066,-216.1564,0.098504
156.1082,0.0064,-216.6806,0.098693
156.6186,0.0063,-217.2070,0.098891
157.1287,0.0063,-217.7334,0.099086
157.6381,0.0065,-218.2587,0.099279
158.1483,0.0070,-218.7852,0.099475
158.6599,0.0077,-219.3127,0.099674
159.1705,0.0088,-219.8390,0.099873
159.6812,0.0097,-220.3654,0.100072
160.1921,0.0105,-220.8920,0.100272
160.7031,0.0113,-221.4186,0.100464
161.2108,0.0120,-221.9418,0.100663
161.7168,0.0123,-222.4632,0.100859
162.2216,0.0126,-222.9830,0.101057
162.7283,0.0128,-223.5045,0.101250
163.2330,0.0126,-224.0239,0.101449
163.7354,0.0124,-224.5409,0.101644
164.2378,0.0121,-225.0576,0.101840
164.7384,0.0117,-225.5722,0.102036
165.2368,0.0110,-226.0843,0.102229
165.7362,0.0106,-226.5973,0.102426
166.2353,0.0104,-227.1091,0.102619
166.7308,0.0102,-227.6168,0.102815
167.2280,0.0097,-228.1249,0.103006
167.7245,0.0094,-228.6315,0.103203
168.2191,0.0091,-229.1352,0.103395
168.7130,0.0084,-229.6381,0.103588
169.2071,0.0073,-230.1398,0.103782
169.6990,0.0060,-230.6389,0.103975
170.1898,0.0047,-231.1360,0.104159
170.6830,0.0036,-231.6350,0.104358
171.1726,0.0029,-232.1295,0.104550
171.6623,0.0027,-232.6242,0.104735
172.1521,0.0027,-233.1189,0.104927
172.6391,0.0030,-233.6107,0.105119
173.1257,0.0032,-234.1024,0.105308
173.6140,0.0035,-234.5958,0.105500
174.0949,0.0040,-235.0813,0.105685
174.5770,0.0046,-235.5685,0.105874
175.0608,0.0047,-236.0573,0.106065
175.5406,0.0047,-236.5418,0.106253
176.0218,0.0041,-237.0280,0.106445
176.5003,0.0034,-237.5115,0.106632
176.9774,0.0025,-237.9935,0.106827
177.4545,0.0020,-238.4752,0.107016
177.9305,0.0014,-238.9561,0.107202
178.4046,0.0008,-239.4352,0.107394
178.8775,0.0003,-239.9131,0.107584
179.3506,-0.0007,-240.3912,0.107773
179.8211,-0.0024,-240.8665,0.107964
180.2909,-0.0041,-241.3412,0.108149
180.7610,-0.0061,-241.8163,0.108336
181.2281,-0.0081,-242.2883,0.108525
181.6953,-0.0098,-242.7606,0.108708
182.1592,-0.0115,-243.2294,0.108909
182.6241,-0.0123,-243.6989,0.109097
183.0881,-0.0132,-244.1676,0.109283
183.5508,-0.0140,-244.6346,0.109475
184.0105,-0.0149,-245.0983,0.109663
184.4715,-0.0162,-245.5625,0.109843
184.9325,-0.0175,-246.0265,0.110035
185.3897,-0.0191,-246.4861,0.110221
185.8481,-0.0205,-246.9461,0.110402
186.3055,-0.0217,-247.4042,0.110585
186.7599,-0.0231,-247.8584,0.110765
187.2167,-0.0244,-248.3125,0.110944
187.6747,-0.0254,-248.7656,0.111129
188.1275,-0.0266,-249.2123,0.111313
188.5822,-0.0279,-249.6597,0.111490
189.0345,-0.0293,-250.1050,0.111672
189.4862,-0.0306,-250.5498,0.111855
189.9388,-0.0318,-250.9951,0.112040
190.3876,-0.0326,-251.4358,0.112220
190.8358,-0.0332,-251.8750,0.112393
191.2837,-0.0336,-252.3125,0.112577
191.7286,-0.0339,-252.7460,0.112754
192.1742,-0.0343,-253.1790,0.112932
192.6172,-0.0345,-253.6082,0.113109
193.0603,-0.0349,-254.0360,0.113279
193.5002,-0.0352,-254.4594,0.113458
193.9397,-0.0356,-254.8810,0.113630
194.3782,-0.0362,-255.3000,0.113799
194.8134,-0.0370,-255.7134,0.113969
195.2483,-0.0378,-256.1241,0.114137
195.6844,-0.0385,-256.5340,0.114309
196.1173,-0.0391,-256.9385,0.114475
196.5482,-0.0395,-257.3389,0.114637
196.9806,-0.0397,-257.7388,0.114806
197.4090,-0.0401,-258.1322,0.114965
197.8379,-0.0406,-258.5217,0.115135
198.2664,-0.0411,-258.9081,0.115294
198.6922,-0.0419,-259.2895,0.115452
199.1192,-0.0424,-259.6684,0.115611
199.5449,-0.0424,-260.0431,0.115772
199.9689,-0.0422,-260.4134,0.115929
200.3928,-0.0415,-260.7812,0.116082
200.8165,-0.0405,-261.1459,0.116240
201.2390,-0.0393,-261.5050,0.116388
201.6599,-0.0381,-261.8600,0.116544
202.0810,-0.0370,-262.2107,0.116698
202.5015,-0.0360,-262.5556,0.116847
202.9236,-0.0352,-262.8969,0.117000
203.3436,-0.0343,-263.2307,0.117147
203.7650,-0.0334,-263.5602,0.117294
204.1858,-0.0325,-263.8849,0.117445
204.6093,-0.0314,-264.2061,0.117588
205.0287,-0.0307,-264.5209,0.117737
205.4495,-0.0298,-264.8325,0.117881
205.8732,-0.0291,-265.1409,0.118029
206.2920,-0.0287,-265.4413,0.118167
206.7159,-0.0285,-265.7408,0.118309
207.1390,-0.0284,-266.0359,0.118448
207.5631,-0.0281,-266.3288,0.118592
207.9872,-0.0257,-266.6182,0.118731
208.4132,-0.0258,-266.9029,0.118869
208.8498,-0.0197,-267.1938,0.119011
209.2790,-0.0091,-267.4468,0.119150
209.7093,-0.0206,-267.7335,0.119284
210.1381,0.0043,-267.9959,0.119423
210.5711,0.0152,-268.2361,0.119555
211.0058,0.0058,-268.5099,0.119693
211.4279,0.0053,-268.7502,0.119832
211.7835,-0.0069,-268.9503,0.119967
212.2993,-0.0250,-269.2365,0.120100
212.7366,-0.0229,-269.4693,0.120238
213.1748,-0.0209,-269.6937,0.120370
213.6132,-0.0180,-269.9119,0.120505
214.0535,-0.0151,-270.1255,0.120639
214.4943,-0.0111,-270.3337,0.120768
214.9370,-0.0072,-270.5358,0.120904
215.3785,-0.0018,-270.7278,0.121033
215.8250,0.0027,-270.9167,0.121165
216.2679,0.0080,-271.0975,0.121297
216.7117,0.0138,-271.2717,0.121427
217.1574,0.0202,-271.4414,0.121558
217.6023,0.0268,-271.6064,0.121684
218.0467,0.0336,-271.7661,0.121813
218.4927,0.0408,-271.9193,0.121942
218.9388,0.0481,-272.0638,0.122071
219.3833,0.0558,-272.2024,0.122199
219.8278,0.0633,-272.3354,0.122322
220.2746,0.0711,-272.4633,0.122454
220.7163,0.0789,-272.5828,0.122576
221.1608,0.0866,-272.6957,0.122701
221.6058,0.0946,-272.8007,0.122826
222.0464,0.1021,-272.8965,0.122950
222.4890,0.1100,-272.9845,0.123074
222.9318,0.1175,-273.0630,0.123198
223.3716,0.1252,-273.1353,0.123318
223.8108,0.1327,-273.2003,0.123442
224.2519,0.1401,-273.2583,0.123564
224.7003,0.1939,-273.3092,0.123684
225.1388,0.1731,-273.3539,0.123804
225.5770,0.2032,-273.4014,0.123925
226.0146,0.1817,-273.4491,0.124044
226.4485,0.2137,-273.4972,0.124165
226.8677,0.2192,-273.5251,0.124282
227.3166,0.2197,-273.5695,0.124401
227.7354,0.2223,-273.5850,0.124522
228.1635,0.2234,-273.6028,0.124639
228.5957,0.2255,-273.6151,0.124759
229.0305,0.2278,-273.6313,0.124878
229.4590,0.2354,-273.6229,0.124995
229.8883,0.2435,-273.6065,0.125114
230.3227,0.2510,-273.5863,0.125235
230.7576,0.2582,-273.5557,0.125355
231.1916,0.2653,-273.5140,0.125475
231.6278,0.2727,-273.4643,0.125595
232.0679,0.2801,-273.4099,0.125715
232.5121,0.2877,-273.3537,0.125839
232.9600,0.2953,-273.2987,0.125960
233.4105,0.3029,-273.2420,0.126085
233.8649,0.3107,-273.1857,0.126209
234.3243,0.3186,-273.1267,0.126332
234.7858,0.3264,-273.0640,0.126461
235.2477,0.3341,-272.9967,0.126591
235.7116,0.3416,-272.9241,0.126715
236.1819,0.3490,-272.8457,0.126845
236.6512,0.3565,-272.7626,0.126976
237.1252,0.3643,-272.6743,0.127107
237.6044,0.3723,-272.5804,0.127240
238.0843,0.3806,-272.4885,0.127370
238.5684,0.3892,-272.3961,0.127507
239.0600,0.3980,-272.3007,0.127644
239.5510,0.4070,-272.2030,0.127782
240.0474,0.4163,-272.1022,0.127918
240.5490,0.4258,-271.9998,0.128058
241.0525,0.4355,-271.8975,0.128201
241.5624,0.4456,-271.7943,0.128342
242.0758,0.4560,-271.6904,0.128482
242.5901,0.4666,-271.5854,0.128628
243.1117,0.4775,-271.4776,0.128776
243.6340,0.4882,-271.3668,0.128926
244.1570,0.4991,-271.2522,0.129068
244.6865,0.5101,-271.1331,0.129216
245.2202,0.5212,-271.0106,0.129368
245.7540,0.5323,-270.8854,0.129519
246.2958,0.5439,-270.7570,0.129674
246.8421,0.5555,-270.6255,0.129830
247.3861,0.5672,-270.4913,0.129981
247.9370,0.5795,-270.3509,0.130142
248.4904,0.5916,-270.2054,0.130297
249.0459,0.6039,-270.0556,0.130457
249.6048,0.6159,-269.9016,0.130613
250.1692,0.6280,-269.7426,0.130779
250.7346,0.6399,-269.5802,0.130941
251.3040,0.6517,-269.4131,0.131106
251.8780,0.6641,-269.2408,0.131268
252.4536,0.6769,-269.0642,0.131437
253.0343,0.6903,-268.8818,0.131603
253.6154,0.7037,-268.6971,0.131769
254.2070,0.7175,-268.5109,0.131937
254.8015,0.7314,-268.3250,0.132112
255.4022,0.7453,-268.1372,0.132280
256.0034,0.7593,-267.9488,0.132453
256.6141,0.7736,-267.7567,0.132624
257.2263,0.7882,-267.5634,0.132804
257.8385,0.8023,-267.3691,0.132983
258.4590,0.8167,-267.1711,0.133157
259.0834,0.8316,-266.9703,0.133337
259.7064,0.8461,-266.7663,0.133515
260.3360,0.8613,-266.5547,0.133697
260.9625,0.8765,-266.3406,0.133888
261.5953,0.8920,-266.1208,0.134069
262.2308,0.9074,-265.8970,0.134257
262.8702,0.9228,-265.6691,0.134439
263.5106,0.9383,-265.4377,0.134632
264.1558,0.9539,-265.2012,0.134822
264.8025,0.9697,-264.9601,0.135014
265.4500,0.9852,-264.7125,0.135211
266.1015,1.0008,-264.4588,0.135406
266.7544,1.0165,-264.1995,0.135598
267.4113,1.0321,-263.9373,0.135794
268.0768,1.0480,-263.6741,0.135996
268.7472,1.0641,-263.4106,0.136190
269.4151,1.0801,-263.1480,0.136390
270.0893,1.0960,-262.8829,0.136586
270.7683,1.1119,-262.6148,0.136794
271.4417,1.1280,-262.3489,0.136995
272.1166,1.1446,-262.0817,0.137199
272.7908,1.1612,-261.8145,0.137400
273.4609,1.1785,-261.5488,0.137604
274.1281,1.1962,-261.2837,0.137809
274.7973,1.2141,-261.0173,0.138014
275.4589,1.2317,-260.7540,0.138215
276.1232,1.2492,-260.4890,0.138421
276.7856,1.2664,-260.2239,0.138629
277.4414,1.2835,-259.9604,0.138830
278.0981,1.3006,-259.6947,0.139029
278.7510,1.3179,-259.4279,0.139233
279.4009,1.3353,-259.1602,0.139430
280.0497,1.3526,-258.8913,0.139636
280.6966,1.3697,-258.6212,0.139836
281.3373,1.3866,-258.3517,0.140038
281.9755,1.4035,-258.0790,0.140235
282.6114,1.4202,-257.8010,0.140439
283.2372,1.4368,-257.5192,0.140631
283.8604,1.4527,-257.2320,0.140834
284.4825,1.4686,-256.9390,0.141031
285.0976,1.4840,-256.6444,0.141232
285.7115,1.4996,-256.3477,0.141428
286.3229,1.5152,-256.0469,0.141626
286.9275,1.5311,-255.7446,0.141819
287.5320,1.5470,-255.4344,0.142015
288.1216,1.5627,-255.1220,0.142208
288.7122,1.5783,-254.8007,0.142401
289.2958,1.5938,-254.4750,0.142589
289.8716,1.6093,-254.1452,0.142776
290.4440,1.6249,-253.8076,0.142967
291.0065,1.6403,-253.4629,0.143157
291.5560,1.6553,-253.1075,0.143345
292.0932,1.6699,-252.7471,0.143534
292.6251,1.6842,-252.3759,0.143726
293.1525,1.6983,-251.9958,0.143909
293.6707,1.7121,-251.6151,0.144097
294.1857,1.7259,-251.2301,0.144279
294.6934,1.7397,-250.8392,0.144462
295.1923,1.7537,-250.4388,0.144649
295.6758,1.7679,-250.0317,0.144828
296.1530,1.7822,-249.6190,0.145007
296.6267,1.7963,-249.1999,0.145183
297.0999,1.8105,-248.7811,0.145362
297.5720,1.8242,-248.3636,0.145541
298.0399,1.8379,-247.9434,0.145719
298.4988,1.8511,-247.5194,0.145894
298.9524,1.8643,-247.0880,0.146073
299.3952,1.8774,-246.6567,0.146248
299.8331,1.8905,-246.2188,0.146423
300.2680,1.9033,-245.7772,0.146599
300.6930,1.9155,-245.3362,0.146773
301.1143,1.9271,-244.8896,0.146946
301.5290,1.9379,-244.4401,0.147115
301.9295,1.9540,-243.9747,0.147285
302.3314,1.9708,-243.5178,0.147453
302.7267,1.9854,-243.0595,0.147625
303.1362,1.9870,-242.5988,0.147796
303.5025,2.0145,-242.1335,0.147965
303.9040,2.0152,-241.6651,0.148137
304.2563,2.0405,-241.1976,0.148300
304.6425,2.0420,-240.7263,0.148472
305.0065,2.0298,-240.2489,0.148642
305.3590,2.0674,-239.7741,0.148808
305.7082,2.0546,-239.2954,0.148973
306.0272,2.0570,-238.8218,0.149137
306.3699,2.0520,-238.3406,0.149303
306.6928,2.0584,-237.8498,0.149468
306.9995,2.0643,-237.3597,0.149633
307.2924,2.0694,-236.8618,0.149797
307.5726,2.0724,-236.3574,0.149957
307.8411,2.0762,-235.8537,0.150120
308.1059,2.0799,-235.3354,0.150284
308.3573,2.0829,-234.8317,0.150445
308.6079,2.0857,-234.3157,0.150603
308.8512,2.0886,-233.7984,0.150764
309.0859,2.0913,-233.2804,0.150923
309.3148,2.0941,-232.7582,0.151083
309.5367,2.0970,-232.2386,0.151238
309.7536,2.0998,-231.7143,0.151397
309.9606,2.1029,-231.1916,0.151555
310.1547,2.1058,-230.6662,0.151714
310.3389,2.1088,-230.1383,0.151869
310.5125,2.1117,-229.6091,0.152026
310.6750,2.1140,-229.0777,0.152183
310.8263,2.1159,-228.5457,0.152337
310.9662,2.1173,-228.0125,0.152490
311.0981,2.1184,-227.4789,0.152645
311.2296,2.1195,-226.9437,0.152796
311.3564,2.1204,-226.4061,0.152953
311.4777,2.1212,-225.8730,0.153107
311.5893,2.1217,-225.3382,0.153257
311.6892,2.1217,-224.8043,0.153408
311.7790,2.1215,-224.2673,0.153562
311.8594,2.1209,-223.7312,0.153712
311.9377,2.1203,-223.1938,0.153861
312.0146,2.1196,-222.6575,0.154013
312.0857,2.1188,-222.1242,0.154163
312.1459,2.1178,-221.5888,0.154314
312.1947,2.1163,-221.0582,0.154461
312.2336,2.1145,-220.5231,0.154614
312.2636,2.1125,-219.9899,0.154763
312.2887,2.1103,-219.4544,0.154914
312.3151,2.1083,-218.9212,0.155062
312.3385,2.1062,-218.3847,0.155213
312.3564,2.1040,-217.8519,0.155360
312.3650,2.1089,-217.3183,0.155511
312.3666,2.1059,-216.7829,0.155663
312.3617,2.1029,-216.2496,0.155808
312.3400,2.0970,-215.7111,0.155961
312.3332,2.0910,-215.1611,0.156110
312.3117,2.1157,-214.6235,0.156263
312.2881,2.0905,-214.0844,0.156412
312.2575,2.1153,-213.5484,0.156561
312.2133,2.0926,-213.0101,0.156713
312.1508,2.1042,-212.4904,0.156864
312.0982,2.0909,-211.9386,0.157016
312.0198,2.0902,-211.4174,0.157173
311.9419,2.0829,-210.8837,0.157324
311.8551,2.0764,-210.3509,0.157479
311.7585,2.0690,-209.8132,0.157630
311.6625,2.0619,-209.2585,0.157785
311.5543,2.0588,-208.7381,0.157941
311.4295,2.0566,-208.2003,0.158099
311.2939,2.0544,-207.6652,0.158256
311.1502,2.0524,-207.1309,0.158412
310.9985,2.0507,-206.5936,0.158572
310.8387,2.0492,-206.0589,0.158727
310.6687,2.0478,-205.5229,0.158889
310.4900,2.0464,-204.9845,0.159050
310.3062,2.0450,-204.4446,0.159209
310.1222,2.0438,-203.9048,0.159367
309.9310,2.0425,-203.3578,0.159529
309.7348,2.0410,-202.8164,0.159693
309.5305,2.0390,-202.2743,0.159855
309.3167,2.0367,-201.7287,0.160020
309.0960,2.0341,-201.1841,0.160190
308.8722,2.0314,-200.6382,0.160354
308.6457,2.0288,-200.0850,0.160525
308.4149,2.0259,-199.5308,0.160697
308.1820,2.0227,-198.9790,0.160863
307.9430,2.0190,-198.4224,0.161033
307.6979,2.0151,-197.8628,0.161212
307.4497,2.0105,-197.3070,0.161385
307.1946,2.0057,-196.7444,0.161561
306.9367,2.0008,-196.1785,0.161728
306.6782,1.9958,-195.6129,0.161910
306.4147,1.9907,-195.0433,0.162085
306.1472,1.9855,-194.4699,0.162264
305.8767,1.9802,-193.8997,0.162445
305.5985,1.9747,-193.3257,0.162628
305.3152,1.9689,-192.7513,0.162805
305.0262,1.9627,-192.1747,0.162992
304.7327,1.9565,-191.5934,0.163176
304.4378,1.9504,-191.0119,0.163362
304.1373,1.9439,-190.4256,0.163548
303.8326,1.9372,-189.8356,0.163733
303.5260,1.9301,-189.2480,0.163921
303.2140,1.9227,-188.6564,0.164108
302.8962,1.9150,-188.0594,0.164297
302.5754,1.9070,-187.4628,0.164489
302.2504,1.8987,-186.8638,0.164679
301.9220,1.8902,-186.2628,0.164867
301.5872,1.8811,-185.6557,0.165057
301.2496,1.8714,-185.0464,0.165253
300.9083,1.8608,-184.4356,0.165445
300.5617,1.8498,-183.8198,0.165639
300.2126,1.8383,-183.2050,0.165834
299.8554,1.8266,-182.5811,0.166030
299.4949,1.8150,-181.9565,0.166232
299.1295,1.8033,-181.3290,0.166437
298.7574,1.7911,-180.6966,0.166637
298.3842,1.7784,-180.0663,0.166845
298.0029,1.7647,-179.4246,0.167052
297.6192,1.7510,-178.7804,0.167261
297.2320,1.7367,-178.1326,0.167474
296.8406,1.7222,-177.4811,0.167682
296.4434,1.7078,-176.8239,0.167901
296.0424,1.6931,-176.1654,0.168109
295.6365,1.6783,-175.5031,0.168326
295.2237,1.6634,-174.8340,0.168548
294.8085,1.6478,-174.1631,0.168769
294.3890,1.6321,-173.4860,0.168991
293.9645,1.6160,-172.8023,0.169214
293.5386,1.5998,-172.1180,0.169442
293.1078,1.5831,-171.4278,0.169665
292.6708,1.5662,-170.7297,0.169890
292.2316,1.5485,-170.0298,0.170119
291.7875,1.5307,-169.3237,0.170349
291.3390,1.5117,-168.6104,0.170577
290.8896,1.4928,-167.8952,0.170806
290.4351,1.4735,-167.1719,0.171037
289.9753,1.4540,-166.4413,0.171270
289.5137,1.4343,-165.7072,0.171507
289.0526,1.4139,-164.9742,0.171742
288.5828,1.3935,-164.2282,0.171987
288.1139,1.3732,-163.4841,0.172225
287.6440,1.3530,-162.7380,0.172459
287.1685,1.3324,-161.9834,0.172707
286.6912,1.3114,-161.2260,0.172939
286.2103,1.2902,-160.4628,0.173182
285.7248,1.2686,-159.6926,0.173425
285.2384,1.2468,-158.9214,0.173676
284.7487,1.2249,-158.1445,0.173926
284.2552,1.2025,-157.3615,0.174184
283.7583,1.1798,-156.5729,0.174438
283.2599,1.1570,-155.7820,0.174685
282.7567,1.1341,-154.9835,0.174942
282.2532,1.1114,-154.1847,0.175189
281.7446,1.0884,-153.3780,0.175445
281.2322,1.0650,-152.5653,0.175701
280.7214,1.0410,-151.7552,0.175958
280.2049,1.0163,-150.9364,0.176217
279.6838,0.9910,-150.1105,0.176479
279.1626,0.9656,-149.2845,0.176741
278.6382,0.9399,-148.4532,0.177005
278.1101,0.9135,-147.6161,0.177272
277.5803,0.8868,-146.7765,0.177538
277.0498,0.8592,-145.9360,0.177805
276.5130,0.8323,-145.0861,0.178068
275.9742,0.8067,-144.2336,0.178339
275.4354,0.7826,-143.3809,0.178606
274.8891,0.7577,-142.5163,0.178878
274.3425,0.7324,-141.6511,0.179147
273.7923,0.7062,-140.7806,0.179423
273.2404,0.6791,-139.9092,0.179697
272.6851,0.6516,-139.0338,0.179971
272.1241,0.6240,-138.1509,0.180254
271.5634,0.5966,-137.2703,0.180531
271.0004,0.5679,-136.3873,0.180812
270.4388,0.5377,-135.5067,0.181094
269.8738,0.5063,-134.6220,0.181374
269.3092,0.4748,-133.7395,0.181656
268.7413,0.4441,-132.8542,0.181943
268.1746,0.4138,-131.9735,0.182218
267.6053,0.3833,-131.0912,0.182498
267.0356,0.3522,-130.2106,0.182778
266.4636,0.3200,-129.3291,0.183066
265.8913,0.2874,-128.4493,0.183346
265.3171,0.2552,-127.5688,0.183628
264.7437,0.2237,-126.6925,0.183907
264.1658,0.1927,-125.8118,0.184189
263.5889,0.1625,-124.9347,0.184470
263.0106,0.1324,-124.0558,0.184753
262.4342,0.1021,-123.1803,0.185030
261.8524,0.0707,-122.2970,0.185318
261.2733,0.0390,-121.4180,0.185600
260.6969,0.0069,-120.5439,0.185873
260.1185,-0.0263,-119.6664,0.186159
259.5394,-0.0607,-118.7874,0.186436
258.9598,-0.0961,-117.9063,0.186713
258.3821,-0.1315,-117.0271,0.186996
257.8025,-0.1674,-116.1434,0.187272
257.2276,-0.2029,-115.2657,0.187556
256.6458,-0.2387,-114.3740,0.187835
256.0765,-0.2735,-113.4991,0.188111
255.5030,-0.3089,-112.6149,0.188389
254.9287,-0.3443,-111.7273,0.188670
254.3573,-0.3793,-110.8415,0.188947
253.7891,-0.4134,-109.9593,0.189223
253.2174,-0.4473,-109.0707,0.189503
252.6469,-0.4807,-108.1839,0.189778
252.0749,-0.5140,-107.2942,0.190059
251.5025,-0.5481,-106.4040,0.190337
250.9342,-0.5828,-105.5202,0.190614
250.3655,-0.6189,-104.6359,0.190887
249.7954,-0.6560,-103.7498,0.191166
249.2252,-0.6933,-102.8636,0.191445
248.6523,-0.7299,-101.9733,0.191719
248.0803,-0.7660,-101.0844,0.191997
247.5084,-0.8009,-100.1957,0.192275
246.9415,-0.8353,-99.3145,0.192541
246.3726,-0.8694,-98.4299,0.192818
245.8038,-0.9032,-97.5458,0.193091
245.2360,-0.9366,-96.6632,0.193360
244.6684,-0.9702,-95.7806,0.193633
244.1046,-1.0039,-94.9038,0.193902
243.5411,-1.0381,-94.0270,0.194171
242.9760,-1.0730,-93.1476,0.194441
242.4140,-1.1080,-92.2726,0.194707
241.8516,-1.1431,-91.3969,0.194980
241.2881,-1.1777,-90.5189,0.195249
240.7282,-1.2107,-89.6460,0.195514
240.1688,-1.2429,-88.7725,0.195782
239.6095,-1.2744,-87.8969,0.196052
239.0538,-1.3060,-87.0247,0.196317
238.4979,-1.3384,-86.1497,0.196581
237.9427,-1.3720,-85.2714,0.196851
237.3893,-1.4069,-84.3911,0.197118
236.8410,-1.4425,-83.5116,0.197386
236.2970,-1.4783,-82.6304,0.197652
235.7543,-1.5141,-81.7427,0.197922
235.2178,-1.5491,-80.8568,0.198189
234.6818,-1.5838,-79.9631,0.198459
234.1530,-1.6180,-79.0710,0.198725
233.6289,-1.6525,-78.1761,0.198995
233.1067,-1.6883,-77.2757,0.199262
232.5901,-1.7248,-76.3760,0.199528
232.0757,-1.7621,-75.4698,0.199797
231.5671,-1.7993,-74.5641,0.200069
231.0625,-1.8363,-73.6541,0.200334
230.5646,-1.8732,-72.7454,0.200603
230.0685,-1.9113,-71.8293,0.200867
229.5784,-1.9506,-70.9122,0.201141
229.0934,-1.9916,-69.9952,0.201404
228.6106,-2.0335,-69.0719,0.201672
228.1340,-2.0753,-68.1496,0.201941
227.6598,-2.1169,-67.2201,0.202205
227.1923,-2.1580,-66.2915,0.202468
226.7298,-2.2001,-65.3609,0.202738
226.2709,-2.2436,-64.4255,0.203003
225.8179,-2.2889,-63.4878,0.203269
225.3683,-2.3366,-62.5451,0.203538
224.9279,-2.3843,-61.6086,0.203805
224.4888,-2.4332,-60.6620,0.204074
224.0488,-2.4837,-59.7003,0.204343
223.6265,-2.5333,-58.7638,0.204606
223.2009,-2.5837,-57.8069,0.204872
222.7839,-2.6335,-56.8546,0.205138
222.3722,-2.6834,-55.8980,0.205407
221.9671,-2.7335,-54.9370,0.205672
221.5656,-2.7838,-53.9692,0.205941
221.1729,-2.8338,-53.0039,0.206206
220.7839,-2.8836,-52.0281,0.206474
220.4038,-2.9330,-51.0557,0.206737
220.0308,-2.9822,-50.0815,0.207003
219.6634,-3.0310,-49.1016,0.207268
219.3027,-3.0791,-48.1166,0.207535
218.9507,-3.1265,-47.1285,0.207796
218.6044,-3.1734,-46.1363,0.208063
218.2672,-3.2195,-45.1471,0.208323
217.9360,-3.2653,-44.1513,0.208590
217.6136,-3.3106,-43.1571,0.208851
217.2969,-3.3558,-42.1554,0.209117
216.9884,-3.4003,-41.1537,0.209386
216.6859,-3.4439,-40.1446,0.209656
216.3945,-3.4859,-39.1380,0.209917
216.1101,-3.5267,-38.1283,0.210183
215.8332,-3.5669,-37.1135,0.210450
215.5649,-3.6064,-36.1007,0.210712
215.3035,-3.6456,-35.0842,0.210982
215.0495,-3.6849,-34.0639,0.211244
214.8035,-3.7240,-33.0435,0.211509
214.5648,-3.7626,-32.0213,0.211776
214.3334,-3.8008,-30.9914,0.212044
214.1084,-3.8382,-29.9580,0.212311
213.8949,-3.8745,-28.9393,0.212577
213.6872,-3.9102,-27.9099,0.212842
213.4874,-3.9450,-26.8796,0.213108
213.2948,-3.9794,-25.8448,0.213379
213.1100,-4.0132,-24.8085,0.213645
212.9336,-4.0466,-23.7741,0.213918
212.7649,-4.0800,-22.7376,0.214178
212.6042,-4.1125,-21.6941,0.214450
212.4509,-4.1439,-20.6543,0.214715
212.3049,-4.1744,-19.6144,0.214981
212.1654,-4.2048,-18.5658,0.215248
212.0357,-4.2342,-17.5325,0.215515
211.9118,-4.2634,-16.4858,0.215780
211.7956,-4.2916,-15.4403,0.216049
211.6873,-4.3189,-14.3954,0.216310
211.5871,-4.3456,-13.3451,0.216578
211.4933,-4.3721,-12.2960,0.216846
211.4068,-4.3984,-11.2507,0.217114
211.3262,-4.4246,-10.2046,0.217383
211.2502,-4.4504,-9.1538,0.217650
211.1789,-4.4756,-8.1067,0.217919
211.1103,-4.5007,-7.0581,0.218190
211.0448,-4.5257,-6.0102,0.218461
210.9819,-4.5507,-4.9642,0.218731
210.9210,-4.5763,-3.9138,0.218997
210.8626,-4.6016,-2.8665,0.219271
210.8064,-4.6262,-1.8187,0.219539
210.7525,-4.6501,-0.7700,0.219808
210.7020,-4.6733,0.2828,0.220077
210.6563,-4.6962,1.3364,0.220346
210.6159,-4.7191,2.3861,0.220613
210.5816,-4.7423,3.4369,0.220881
210.5530,-4.7657,4.4912,0.221147
210.5312,-4.7890,5.5489,0.221418
210.5166,-4.8119,6.6010,0.221684
210.5089,-4.8344,7.6631,0.221957
210.5090,-4.8556,8.7193,0.222224
210.5170,-4.8755,9.7748,0.222496
210.5333,-4.8938,10.8322,0.222768
210.5589,-4.9106,11.8896,0.223034
210.5914,-4.9274,12.9483,0.223304
210.6328,-4.9433,14.0033,0.223575
210.6835,-4.9583,15.0597,0.223842
210.7442,-4.9723,16.1202,0.224112
210.8147,-4.9852,17.1732,0.224380
210.8948,-4.9977,18.2261,0.224647
210.9850,-5.0099,19.2856,0.224914
211.0868,-5.0213,20.3391,0.225186
211.1998,-5.0312,21.3955,0.225456
211.3250,-5.0399,22.4437,0.225722
211.4631,-5.0474,23.4960,0.225993
211.6133,-5.0534,24.5451,0.226264
211.7763,-5.0573,25.5930,0.226529
211.9526,-5.0595,26.6362,0.226797
212.1415,-5.0607,27.6753,0.227063
212.3435,-5.0601,28.7147,0.227333
212.5596,-5.0576,29.7503,0.227597
212.7861,-5.0536,30.7791,0.227865
213.0258,-5.0486,31.8086,0.228134
213.2770,-5.0425,32.8315,0.228399
213.5417,-5.0347,33.8564,0.228666
213.8178,-5.0239,34.8757,0.228935
214.1030,-5.0099,35.8841,0.229201
214.3996,-4.9927,36.8976,0.229468
214.7011,-4.9734,37.9019,0.229735
215.0032,-4.9541,38.9002,0.230003
215.3076,-4.9362,39.8971,0.230271
215.6142,-4.9157,40.8950,0.230538
215.9143,-4.8888,41.8943,0.230809
216.2229,-4.8644,42.8899,0.231075
216.5332,-4.8399,43.8883,0.231346
216.8465,-4.8096,44.8673,0.231614
217.1642,-4.7927,45.8815,0.231884
217.4753,-4.7661,46.8744,0.232158
217.7876,-4.7364,47.8684,0.232425
218.1001,-4.7061,48.8579,0.232697
218.4171,-4.6752,49.8527,0.232965
218.7346,-4.6433,50.8376,0.233234
219.0594,-4.6095,51.8293,0.233507
219.3864,-4.5760,52.8134,0.233775
219.7192,-4.5370,53.7983,0.234046
220.0548,-4.5023,54.7796,0.234317
220.3945,-4.4677,55.7588,0.234586
220.7294,-4.4391,56.7125,0.234856
221.0781,-4.4404,57.7004,0.235126
221.4229,-4.4082,58.6748,0.235398
221.7704,-4.3757,59.6488,0.235666
222.1210,-4.3427,60.6186,0.235937
222.4749,-4.3058,61.5908,0.236209
222.8258,-4.2692,62.5592,0.236477
223.1749,-4.2323,63.5231,0.236747
223.5264,-4.1945,64.4919,0.237017
223.8778,-4.1548,65.4584,0.237286
224.2287,-4.1150,66.4231,0.237556
224.5805,-4.0753,67.3893,0.237826
224.9339,-4.0357,68.3585,0.238100
225.2853,-3.9966,69.3203,0.238367
225.5982,-3.9491,70.3020,0.238638
225.9442,-3.9081,71.2631,0.238908
226.2892,-3.8673,72.2233,0.239176
226.6345,-3.8262,73.1885,0.239447
226.9774,-3.7850,74.1535,0.239718
227.3182,-3.7438,75.1150,0.239988
227.6603,-3.7022,76.0807,0.240257
228.0003,-3.6604,77.0434,0.240525
228.3417,-3.6177,78.0118,0.240798
228.6815,-3.5751,78.9749,0.241067
229.0220,-3.5323,79.9349,0.241335
229.3683,-3.4881,80.9011,0.241605
229.7163,-3.4427,81.8624,0.241875
230.1138,-3.4075,82.8057,0.242144
230.4726,-3.3657,83.7606,0.242409
230.8390,-3.3237,84.7173,0.242678
231.2132,-3.2817,85.6754,0.242951
231.5882,-3.2404,86.6206,0.243220
231.9709,-3.1995,87.5695,0.243490
232.3092,-3.1546,88.5289,0.243758
232.6915,-3.1167,89.4721,0.244027
233.0727,-3.0789,90.4137,0.244295
233.4542,-3.0416,91.3540,0.244563
233.8347,-3.0048,92.2918,0.244832
234.2160,-2.9673,93.2348,0.245100
234.5933,-2.9280,94.1732,0.245368
234.9716,-2.8879,95.1179,0.245637
235.3483,-2.8477,96.0586,0.245905
235.7230,-2.8074,96.9919,0.246171
236.1016,-2.7659,97.9335,0.246438
236.4801,-2.7240,98.8713,0.246707
236.8597,-2.6821,99.8072,0.246973
237.2409,-2.6399,100.7449,0.247242
237.6215,-2.5969,101.6801,0.247507
238.0020,-2.5525,102.6160,0.247773
238.3829,-2.5081,103.5532,0.248042
238.8034,-2.4674,104.4704,0.248308
239.1896,-2.4197,105.4072,0.248577
239.5747,-2.3713,106.3339,0.248842
239.9659,-2.3228,107.2678,0.249108
240.3549,-2.2752,108.1918,0.249372
240.7460,-2.2279,109.1165,0.249639
241.1444,-2.1358,110.0508,0.249904
241.5448,-2.0871,110.9754,0.250170
241.9457,-2.0381,111.8984,0.250435
242.3428,-1.9896,112.8153,0.250701
242.7405,-1.9400,113.7362,0.250965
243.1332,-1.8894,114.6512,0.251229
243.5235,-1.8383,115.5676,0.251495
243.9122,-1.7824,116.4857,0.251759
244.2993,-1.7310,117.4037,0.252023
244.6848,-1.6784,118.3260,0.252287
245.0651,-1.6254,119.2430,0.252550
245.4460,-1.5721,120.1674,0.252816
245.8049,-1.5206,121.0775,0.253079
246.1814,-1.4663,121.9990,0.253342
246.5558,-1.4109,122.9190,0.253607
246.9289,-1.3553,123.8389,0.253869
247.2997,-1.2998,124.7560,0.254132
247.6713,-1.2426,125.6781,0.254395
248.0396,-1.1842,126.5955,0.254657
248.4074,-1.1256,127.5158,0.254920
248.7751,-1.0665,128.4394,0.255184
249.1387,-1.0069,129.3553,0.255445
249.5023,-0.9461,130.2728,0.255706
249.8645,-0.8854,131.1893,0.255968
250.2260,-0.8243,132.1091,0.256231
250.5833,-0.7633,133.0221,0.256493
250.9422,-0.7017,133.9421,0.256753
251.2997,-0.6400,134.8619,0.257017
251.6537,-0.5791,135.7751,0.257275
252.0103,-0.5187,136.6943,0.257539
252.3665,-0.4594,137.6124,0.257800
252.7208,-0.4004,138.5267,0.258059
253.0769,-0.3412,139.4456,0.258321
253.4328,-0.2824,140.3606,0.258580
253.7892,-0.2235,141.2756,0.258839
254.1619,-0.1633,142.1942,0.259100
254.5196,-0.1056,143.1101,0.259362
254.8770,-0.0476,144.0237,0.259622
255.2345,0.0115,144.9366,0.259880
255.5912,0.0705,145.8465,0.260140
255.9490,0.1341,146.7590,0.260402
256.3008,0.1851,147.6580,0.260660
256.6572,0.2449,148.5672,0.260919
257.0130,0.3045,149.4747,0.261178
257.3707,0.3642,150.3856,0.261440
257.7281,0.4240,151.2942,0.261697
258.0839,0.4829,152.1986,0.261955
258.4406,0.5419,153.1053,0.262212
258.7982,0.6009,154.0133,0.262472
259.1535,0.6596,154.9151,0.262731
259.5106,0.7190,155.8211,0.262987
259.8678,0.7787,156.7273,0.263244
260.2255,0.8385,157.6337,0.263505
260.5803,0.8976,158.5319,0.263759
260.9370,0.9568,159.4339,0.264019
261.2951,1.0143,160.3386,0.264276
261.6505,1.0715,161.2380,0.264532
262.0084,1.1288,162.1430,0.264792
262.3644,1.1860,163.0437,0.265047
262.7182,1.2428,163.9401,0.265302
263.0727,1.2998,164.8392,0.265559
263.4283,1.3570,165.7421,0.265818
263.7832,1.4147,166.6407,0.266073
264.1351,1.4700,167.5357,0.266329
264.4887,1.5246,168.4349,0.266584
264.8417,1.5790,169.3331,0.266842
265.1945,1.6337,170.2319,0.267096
265.5465,1.6882,171.1294,0.267353
265.8966,1.7418,172.0229,0.267607
266.2481,1.7940,172.9207,0.267861
266.6009,1.8449,173.8214,0.268120
266.9505,1.8951,174.7139,0.268373
267.3008,1.9452,175.6086,0.268626
267.6528,1.9953,176.5065,0.268883
268.0042,2.0456,177.4030,0.269138
268.3547,2.0956,178.2984,0.269392
268.7025,2.1450,179.1879,0.269645
269.0534,2.1944,180.0857,0.269902
269.4022,2.2430,180.9782,0.270155
269.7503,2.2913,181.8707,0.270410
270.0989,2.3391,182.7633,0.270664
270.4480,2.3869,183.6580,0.270919
270.7977,2.4348,184.5548,0.271173
271.1439,2.4824,185.4446,0.271426
271.4912,2.5304,186.3391,0.271681
271.8380,2.5781,187.2334,0.271936
272.1846,2.6259,188.1279,0.272190
272.5307,2.6724,189.0222,0.272445
272.8769,2.7187,189.9167,0.272699
273.2210,2.7634,190.8075,0.272951
273.5666,2.8075,191.7027,0.273207
273.9120,2.8513,192.5977,0.273459
274.2583,2.8948,193.4959,0.273716
274.6027,2.9377,194.3893,0.273968
274.9480,2.9804,195.2856,0.274222
275.2917,3.0224,196.1780,0.274477
275.6360,3.0640,197.0730,0.274730
275.9799,3.1048,197.9675,0.274984
276.3252,3.1453,198.8658,0.275237
276.6686,3.1856,199.7601,0.275494
277.0132,3.2263,200.6587,0.275748
277.3539,3.2636,201.5483,0.276001
277.6970,3.2957,202.4467,0.276256
278.0388,3.3280,203.3441,0.276510
278.3785,3.3610,204.2398,0.276764
278.7166,3.3951,205.1383,0.277018
279.0533,3.4290,206.0373,0.277272
279.3877,3.4617,206.9331,0.277527
279.7222,3.4939,207.8339,0.277783
280.0551,3.5262,208.7338,0.278034
280.3877,3.5588,209.6347,0.278290
280.7192,3.5930,210.5352,0.278545
281.0514,3.6279,211.4399,0.278801
281.3813,3.6626,212.3412,0.279056
281.7089,3.6965,213.2396,0.279308
282.0372,3.7290,214.1418,0.279563
282.3663,3.7609,215.0481,0.279817
282.6945,3.7919,215.9516,0.280073
283.0233,3.8226,216.8558,0.280326
283.3502,3.8522,217.7596,0.280582
283.6787,3.8817,218.6653,0.280837
284.0061,3.9107,219.5675,0.281091
284.3341,3.9390,220.4714,0.281345
284.6624,3.9673,221.3755,0.281599
284.9914,3.9943,222.2814,0.281854
285.3199,4.0210,223.1848,0.282110
285.6493,4.0474,224.0910,0.282364
285.9786,4.0731,224.9966,0.282620
286.3098,4.0987,225.9055,0.282876
286.6311,4.1294,226.8118,0.283131
286.9592,4.1540,227.7146,0.283385
287.2818,4.1842,228.6195,0.283639
287.6083,4.2083,229.5193,0.283893
287.9545,4.2311,230.4315,0.284149
288.2811,4.2509,231.3308,0.284400
288.6078,4.2702,232.2310,0.284654
288.9326,4.2890,233.1252,0.284904
289.2511,4.3065,233.9988,0.285157
289.5638,4.3445,234.9016,0.285407
289.8875,4.3655,235.7920,0.285660
290.2115,4.3862,236.6818,0.285909
290.5370,4.4067,237.5746,0.286159
290.8594,4.4264,238.4575,0.286409
291.1844,4.4459,239.3465,0.286659
291.5089,4.4650,240.2328,0.286908
291.8360,4.4838,241.1221,0.287163
292.1630,4.5022,242.0073,0.287413
292.4924,4.5202,242.8948,0.287661
292.8229,4.5376,243.7799,0.287912
293.1717,4.5516,244.6700,0.288160
293.5064,4.5644,245.5576,0.288408
293.8389,4.5769,246.4353,0.288657
294.1723,4.5891,247.3150,0.288907
294.5049,4.6008,248.1922,0.289155
294.8373,4.6122,249.0681,0.289403
295.1683,4.6272,249.9404,0.289649
295.4941,4.6599,250.7907,0.289894
295.8103,4.6777,251.6659,0.290139
296.1415,4.6917,252.5351,0.290385
296.4714,4.7054,253.3990,0.290629
296.8016,4.7189,254.2629,0.290876
297.1309,4.7320,255.1235,0.291119
297.4771,4.7438,255.9896,0.291363
297.8063,4.7559,256.8481,0.291607
298.1356,4.7636,257.7058,0.291850
298.4631,4.7709,258.5573,0.292089
298.7914,4.7779,259.4100,0.292330
299.1191,4.7847,260.2604,0.292571
299.4279,4.8175,261.0974,0.292811
299.7550,4.8288,261.9432,0.293051
300.0821,4.8398,262.7878,0.293291
300.4080,4.8501,263.6291,0.293529
300.7349,4.8601,264.4731,0.293768
301.0593,4.8699,265.3114,0.294005
301.4004,4.8760,266.1559,0.294243
301.7236,4.8794,266.9915,0.294480
302.0466,4.8826,267.8273,0.294718
302.3658,4.8850,268.6546,0.294950
302.6641,4.9145,269.4646,0.295181
302.9785,4.9226,270.2804,0.295414
303.2876,4.9301,271.0827,0.295639
303.5916,4.9372,271.8720,0.295862
303.9061,4.9402,272.6526,0.296082
304.1964,4.9368,273.4099,0.296297
304.4641,4.9576,274.1464,0.296507
304.7455,4.9641,274.8809,0.296715
305.0262,4.9705,275.6141,0.296922
305.3242,4.9688,276.3547,0.297133
305.6035,4.9668,277.0844,0.297336
305.8642,4.9888,277.8019,0.297540
306.1407,4.9947,278.5236,0.297745
306.4334,4.9994,279.2489,0.297944
306.7084,4.9926,279.9662,0.298147
306.9636,5.0122,280.6692,0.298348
307.2368,5.0178,281.3817,0.298550
307.5267,5.0223,282.0985,0.298750
307.7976,5.0180,282.8028,0.298950
308.0692,5.0101,283.5088,0.299150
308.3214,5.0379,284.2009,0.299347
308.5902,5.0430,284.8985,0.299543
308.8770,5.0362,285.6046,0.299739
309.1280,5.0526,286.2918,0.299936
309.3947,5.0573,286.9820,0.300128
309.6782,5.0608,287.6780,0.300322
309.9449,5.0548,288.3668,0.300518
310.1927,5.0699,289.0428,0.300711
310.4579,5.0741,289.7254,0.300901
310.7408,5.0770,290.4149,0.301092
311.0059,5.0669,291.0943,0.301279
311.2515,5.0857,291.7590,0.301470
311.5149,5.0893,292.4317,0.301655
311.7952,5.0863,293.1101,0.301842
312.0591,5.0783,293.7820,0.302029
312.3035,5.0998,294.4387,0.302213
312.5651,5.1034,295.1017,0.302399
312.8435,5.0960,295.7692,0.302577
313.0878,5.1100,296.4207,0.302772
313.3495,5.1133,297.0791,0.302951
313.6274,5.1124,297.7404,0.303134
313.8712,5.1195,298.3855,0.303318
314.1320,5.1224,299.0346,0.303500
314.3934,5.1253,299.6827,0.303682
314.6725,5.1173,300.3354,0.303860
314.9183,5.1310,300.9712,0.304038
315.1844,5.1337,301.6144,0.304214
315.4697,5.1306,302.2584,0.304388
315.7241,5.1381,302.8859,0.304562
315.9990,5.1396,303.5163,0.304735
316.2775,5.1408,304.1447,0.304908
316.5600,5.1416,304.7702,0.305078
316.8465,5.1423,305.3964,0.305251
317.1340,5.1427,306.0133,0.305423
317.4262,5.1428,306.6306,0.305588
317.7341,5.1456,307.2376,0.305760
318.0347,5.1473,307.8488,0.305927
318.3391,5.1488,308.4572,0.306096
318.6475,5.1505,309.0638,0.306263
318.9587,5.1524,309.6647,0.306426
319.2717,5.1543,310.2609,0.306593
319.5894,5.1563,310.8561,0.306753
319.9118,5.1586,311.4518,0.306918
320.2361,5.1612,312.0424,0.307081
320.5645,5.1639,312.6320,0.307244
320.8958,5.1666,313.2184,0.307400
321.2314,5.1691,313.8040,0.307564
321.5684,5.1710,314.3823,0.307722
321.9090,5.1730,314.9609,0.307881
322.2547,5.1744,315.5391,0.308039
322.6048,5.1759,316.1144,0.308196
322.9599,5.1774,316.6847,0.308354
323.3217,5.1791,317.2511,0.308509
323.6915,5.1807,317.8133,0.308669
324.0699,5.1823,318.3724,0.308827
324.4554,5.1839,318.9261,0.308980
324.8510,5.1855,319.4757,0.309133
325.2507,5.1870,320.0182,0.309290
325.6539,5.1887,320.5504,0.309444
326.0669,5.1907,321.0804,0.309596
326.4825,5.1927,321.5993,0.309747
326.9043,5.1947,322.1143,0.309897
327.3291,5.1968,322.6253,0.310046
327.7570,5.1992,323.1300,0.310194
328.1912,5.2014,323.6293,0.310339
328.6295,5.2037,324.1250,0.310486
329.0737,5.2062,324.6162,0.310636
329.5258,5.2086,325.1029,0.310780
329.9866,5.2109,325.5848,0.310929
330.4506,5.2128,326.0572,0.311070
330.9206,5.2145,326.5233,0.311217
331.3945,5.2161,326.9806,0.311366
331.8781,5.2178,327.4306,0.311512
332.3663,5.2194,327.8719,0.311656
332.8627,5.2215,328.3033,0.311801
333.3649,5.2238,328.7225,0.311939
333.8738,5.2263,329.1320,0.312079
334.3886,5.2293,329.5305,0.312221
334.9107,5.2322,329.9195,0.312358
335.4390,5.2354,330.2971,0.312498
335.9735,5.2390,330.6607,0.312636
336.5123,5.2426,331.0155,0.312772
337.0555,5.2465,331.3585,0.312912
337.6018,5.2501,331.6893,0.313046
338.1521,5.2534,332.0089,0.313172
338.7110,5.2560,332.3194,0.313313
339.2707,5.2579,332.6166,0.313447
339.8358,5.2594,332.9032,0.313576
340.4152,5.2606,333.1805,0.313717
340.9785,5.2618,333.4387,0.313844
341.5533,5.2633,333.6892,0.313976
342.1327,5.2651,333.9286,0.314107
342.7140,5.2673,334.1558,0.314234
343.2980,5.2697,334.3711,0.314366
343.8825,5.2720,334.5737,0.314503
344.4716,5.2743,334.7657,0.314625
345.0628,5.2766,334.9461,0.314751
345.6597,5.2787,335.1136,0.314880
346.2557,5.2810,335.2715,0.315014
346.8561,5.2832,335.4185,0.315143
347.4576,5.2853,335.5541,0.315270
348.0604,5.2874,335.6783,0.315395
348.6617,5.2894,335.7903,0.315526
349.2675,5.2913,335.8915,0.315653
349.8721,5.2931,335.9807,0.315777
350.4787,5.2947,336.0559,0.315905
351.0798,5.2960,336.1214,0.316032
351.6808,5.2972,336.1754,0.316158
352.2830,5.2983,336.2183,0.316280
352.8833,5.2994,336.2539,0.316399
353.4803,5.3007,336.2904,0.316524
354.0738,5.3024,336.3270,0.316649
354.6711,5.3043,336.3609,0.316775
355.2672,5.3065,336.3874,0.316898
355.8654,5.3089,336.4090,0.317023
356.4660,5.3113,336.4247,0.317149
357.0671,5.3139,336.4339,0.317268
357.6736,5.3164,336.4347,0.317399
358.2799,5.3187,336.4246,0.317519
358.8869,5.3210,336.4030,0.317643
359.4957,5.3233,336.3702,0.317767
360.1056,5.3257,336.3241,0.317888
360.7149,5.3280,336.2687,0.318011
361.3241,5.3302,336.2019,0.318137
361.9293,5.3326,336.1242,0.318258
362.5342,5.3350,336.0352,0.318371
363.1373,5.3374,335.9350,0.318502
363.7296,5.3398,335.8246,0.318617
364.3245,5.3424,335.7028,0.318735
364.9092,5.3454,335.5716,0.318856
365.4959,5.3488,335.4262,0.318975
366.0769,5.3527,335.2737,0.319091
366.6546,5.3570,335.1110,0.319208
367.2321,5.3616,334.9375,0.319331
367.8031,5.3662,334.7549,0.319445
368.3756,5.3709,334.5610,0.319562
368.9466,5.3758,334.3560,0.319688
369.5127,5.3808,334.1405,0.319808
370.0794,5.3858,333.9103,0.319927
370.6421,5.3910,333.6722,0.320045
371.1965,5.3960,333.4245,0.320166
371.7486,5.4010,333.1632,0.320286
372.2932,5.4056,332.8897,0.320407
372.8291,5.4101,332.6048,0.320524
373.3568,5.4144,332.3090,0.320645
373.8766,5.4187,332.0030,0.320764
374.3897,5.4230,331.6827,0.320881
374.8910,5.4271,331.3586,0.321010
375.3885,5.4313,331.0241,0.321136
375.8762,5.4354,330.6858,0.321257
376.3623,5.4393,330.3376,0.321380
376.8400,5.4431,329.9832,0.321501
377.3145,5.4468,329.6187,0.321627
377.7840,5.4505,329.2450,0.321750
378.2455,5.4543,328.8614,0.321872
378.7006,5.4586,328.4733,0.321998
379.1533,5.4635,328.0774,0.322121
379.6016,5.4689,327.6803,0.322248
380.0485,5.4746,327.2763,0.322370
380.4887,5.4802,326.8676,0.322500
380.9266,5.4855,326.4501,0.322628
381.3597,5.4907,326.0261,0.322760
381.7885,5.4955,325.5927,0.322886
382.2115,5.5002,325.1562,0.323020
382.6327,5.5050,324.7130,0.323149
383.0519,5.5098,324.2655,0.323281
383.4647,5.5147,323.8157,0.323410
383.8784,5.5196,323.3521,0.323548
384.2815,5.5243,322.8835,0.323681
384.6796,5.5290,322.4029,0.323815
385.0676,5.5335,321.9175,0.323949
385.4513,5.5380,321.4182,0.324086
385.8279,5.5427,320.9154,0.324227
386.2007,5.5474,320.4077,0.324362
386.5681,5.5522,319.8987,0.324500
386.9324,5.5570,319.3819,0.324639
387.2911,5.5621,318.8583,0.324782
387.6439,5.5674,318.3283,0.324922
387.9902,5.5730,317.7929,0.325062
388.3299,5.5790,317.2491,0.325209
388.6653,5.5852,316.7009,0.325348
388.9943,5.5917,316.1476,0.325495
389.3159,5.5981,315.5910,0.325638
389.6330,5.6045,315.0261,0.325781
389.9435,5.6109,314.4563,0.325937
390.2498,5.6171,313.8771,0.326082
390.5478,5.6231,313.2961,0.326231
390.8381,5.6289,312.7080,0.326381
391.1230,5.6346,312.1164,0.326530
391.4014,5.6404,311.5186,0.326677
391.6721,5.6464,310.9127,0.326832
391.9341,5.6526,310.3001,0.326985
392.1865,5.6589,309.6830,0.327137
392.4290,5.6648,309.0634,0.327288
392.6651,5.6707,308.4335,0.327439
392.8897,5.6761,307.8000,0.327597
393.1070,5.6812,307.1646,0.327754
393.3207,5.6862,306.5266,0.327904
393.5352,5.6915,305.8896,0.328062
393.7490,5.6971,305.2518,0.328219
393.9609,5.7029,304.6113,0.328380
394.1703,5.7088,303.9681,0.328536
394.3775,5.7143,303.3206,0.328699
394.5813,5.7196,302.6701,0.328861
394.7805,5.7238,302.0131,0.329031
394.9736,5.7272,301.3527,0.329191
395.1609,5.7296,300.6841,0.329353
395.3539,5.7371,300.0135,0.329518
395.5152,5.7381,299.3190,0.329684
395.6901,5.7458,298.6542,0.329848
395.8476,5.7486,297.9692,0.330015
395.9873,5.7424,297.2645,0.330185
396.1403,5.7508,296.5870,0.330351
396.2801,5.7509,295.8879,0.330522
396.4015,5.7456,295.1745,0.330692
396.5290,5.7278,294.4714,0.330865
396.6625,5.7458,293.7847,0.331042
396.7809,5.7424,293.0765,0.331215
396.8837,5.7238,292.3507,0.331396
397.0031,5.7347,291.6540,0.331572
397.1062,5.7296,290.9391,0.331753
397.1968,5.7209,290.2054,0.331933
397.2951,5.7015,289.4872,0.332114
397.4015,5.7130,288.7806,0.332300
397.4936,5.7059,288.0564,0.332485
397.5726,5.6936,287.3135,0.332685
397.6598,5.6741,286.5857,0.332871
397.7544,5.6848,285.8656,0.333070
397.8339,5.6769,285.1314,0.333273
397.9109,5.6690,284.3944,0.333475
397.9738,5.6489,283.6415,0.333675
398.0566,5.6521,282.9149,0.333881
398.1276,5.6437,282.1725,0.334085
398.1991,5.6349,281.4241,0.334291
398.2714,5.6266,280.6794,0.334487
398.3447,5.6183,279.9333,0.334696
398.4055,5.6109,279.1797,0.334896
398.4800,5.6045,278.4283,0.335099
398.5548,5.5978,277.6760,0.335305
398.6318,5.5908,276.9141,0.335511
398.7106,5.5840,276.1509,0.335723
398.7912,5.5777,275.3995,0.335928
398.8751,5.5719,274.6398,0.336136
398.9620,5.5665,273.8774,0.336347
399.0515,5.5618,273.1147,0.336555
399.1446,5.5568,272.3464,0.336773
399.2412,5.5518,271.5802,0.336983
399.3423,5.5463,270.8130,0.337198
399.4480,5.5411,270.0429,0.337414
399.5589,5.5361,269.2706,0.337631
399.6739,5.5317,268.5018,0.337844
399.7932,5.5278,267.7304,0.338062
399.9164,5.5240,266.9607,0.338280
400.0446,5.5201,266.1894,0.338494
400.1766,5.5161,265.4169,0.338713
400.3126,5.5120,264.6459,0.338928
400.4529,5.5086,263.8738,0.339150
400.5976,5.5055,263.0995,0.339368
400.7431,5.5025,262.3275,0.339579
400.8898,5.4994,261.5508,0.339803
401.0373,5.4964,260.7762,0.340019
401.1875,5.4933,260.0030,0.340233
401.3428,5.4903,259.2302,0.340456
401.5035,5.4875,258.4608,0.340666
401.6829,5.4858,257.6963,0.340888
401.8539,5.4869,256.9339,0.341101
402.0303,5.4884,256.1757,0.341315
402.2126,5.4904,255.4171,0.341530
402.4005,5.4932,254.6659,0.341745
402.5846,5.4892,253.9032,0.341956
402.7968,5.5006,253.1740,0.342165
403.0031,5.5054,252.4318,0.342374
403.2035,5.5028,251.6799,0.342584
403.4209,5.4908,250.9449,0.342797
403.6537,5.5235,250.2324,0.343004
403.8706,5.5187,249.4906,0.343209
404.1006,5.4894,248.7832,0.343413
404.3408,5.4915,248.0647,0.343620
404.5885,5.4930,247.3537,0.343826
404.8479,5.4923,246.6506,0.344029
405.1166,5.4910,245.9532,0.344233
405.3914,5.4892,245.2639,0.344434
405.6743,5.4861,244.5767,0.344635
405.9666,5.4827,243.8967,0.344836
406.2713,5.4786,243.2230,0.345038
406.5860,5.4737,242.5598,0.345237
406.9124,5.4678,241.9053,0.345438
407.2468,5.4606,241.2519,0.345638
407.5858,5.4156,240.6056,0.345835
407.9311,5.4073,239.9585,0.346032
408.2758,5.4003,239.3195,0.346228
408.6251,5.3938,238.6818,0.346425
408.9812,5.3859,238.0486,0.346622
409.3431,5.3754,237.4188,0.346818
409.7091,5.3616,236.7982,0.347010
410.0763,5.3433,236.1815,0.347205
410.4502,5.3220,235.5663,0.347397
410.8296,5.2996,234.9631,0.347593
411.2163,5.2774,234.3699,0.347783
411.6113,5.2569,233.7817,0.347974
412.0116,5.2874,233.2022,0.348165
412.4159,5.2714,232.6330,0.348355
412.8254,5.2546,232.0590,0.348545
413.2313,5.2382,231.4822,0.348737
413.6391,5.2218,230.9110,0.348927
414.0543,5.2048,230.3461,0.349115
414.4669,5.1885,229.7811,0.349302
414.8792,5.1726,229.2184,0.349492
415.2955,5.1569,228.6564,0.349678
415.7111,5.1416,228.1001,0.349867
416.1297,5.1268,227.5488,0.350053
416.5531,5.1116,227.0034,0.350239
416.9810,5.0967,226.4664,0.350423
417.4139,5.0821,225.9337,0.350611
417.8597,5.1181,225.3953,0.350795
418.2967,5.0876,224.8691,0.350980
418.7361,5.0569,224.3479,0.351166
419.1790,5.0587,223.8451,0.351351
419.6261,5.0384,223.3337,0.351534
420.0880,5.0185,222.8334,0.351723
420.5388,4.9856,222.3366,0.351907
421.0118,4.9667,221.8416,0.352091
421.4873,4.9533,221.3577,0.352277
421.9722,4.9399,220.8774,0.352459
422.4574,4.9229,220.3966,0.352644
422.9495,4.9045,219.9234,0.352831
423.4506,4.8852,219.4537,0.353014
423.9573,4.8647,218.9882,0.353201
424.4697,4.8441,218.5227,0.353383
424.9857,4.8237,218.0556,0.353572
425.5025,4.8041,217.5874,0.353760
426.0237,4.7840,217.1185,0.353950
426.5474,4.7644,216.6550,0.354137
427.0795,4.7445,216.1918,0.354329
427.6129,4.7251,215.7358,0.354518
428.1548,4.7057,215.2805,0.354708
428.6998,4.6868,214.8267,0.354900
429.2493,4.6679,214.3712,0.355092
429.8032,4.6492,213.9155,0.355287
430.3571,4.6302,213.4636,0.355479
430.9194,4.6105,213.0097,0.355674
431.4818,4.5906,212.5610,0.355868
432.0499,4.5703,212.1128,0.356064
432.6214,4.5493,211.6676,0.356257
433.1999,4.5279,211.2186,0.356456
433.7778,4.5060,210.7681,0.356653
434.3560,4.4837,210.3157,0.356848
434.9379,4.4611,209.8600,0.357047
435.5224,4.4387,209.4029,0.357246
436.1117,4.4162,208.9441,0.357447
436.6994,4.3945,208.4892,0.357646
437.2919,4.3728,208.0331,0.357851
437.8864,4.3510,207.5768,0.358049
438.4842,4.3290,207.1199,0.358253
439.0852,4.3069,206.6623,0.358456
439.6877,4.2847,206.2050,0.358660
440.2922,4.2627,205.7474,0.358864
440.8994,4.2406,205.2879,0.359067
441.5096,4.2186,204.8267,0.359273
442.1216,4.1965,204.3660,0.359480
442.7367,4.1743,203.9044,0.359685
443.3543,4.1517,203.4426,0.359894
443.9695,4.1288,202.9829,0.360100
444.5908,4.1048,202.5177,0.360305
445.2131,4.0804,202.0515,0.360514
445.8373,4.0552,201.5838,0.360721
446.4634,4.0294,201.1144,0.360931
447.0914,4.0035,200.6434,0.361136
447.7202,3.9778,200.1718,0.361347
448.3503,3.9516,199.6989,0.361557
448.9828,3.9249,199.2240,0.361768
449.6162,3.8976,198.7487,0.361975
450.2531,3.8693,198.2705,0.362184
450.8888,3.8414,197.7934,0.362394
451.5294,3.8135,197.3123,0.362603
452.1695,3.7869,196.8313,0.362812
452.8142,3.7616,196.3472,0.363022
453.4603,3.7365,195.8613,0.363233
454.1065,3.7124,195.3755,0.363443
454.7549,3.6882,194.8876,0.363655
455.4027,3.6635,194.3993,0.363865
456.0547,3.6388,193.9071,0.364078
456.7083,3.6137,193.4127,0.364291
457.3632,3.5883,192.9146,0.364506
458.0175,3.5628,192.4124,0.364721
458.6748,3.5370,191.9038,0.364937
459.3286,3.5113,191.3928,0.365152
459.9826,3.4857,190.8764,0.365366
460.6360,3.4598,190.3546,0.365582
461.2888,3.4333,189.8279,0.365798
461.9408,3.4064,189.2959,0.366016
462.5950,3.3797,188.7571,0.366235
463.2448,3.3534,188.2150,0.366455
463.8929,3.3273,187.6693,0.366673
464.5441,3.3016,187.1155,0.366887
465.1902,3.2766,186.5602,0.367112
465.8355,3.2518,186.0010,0.367332
466.4832,3.2277,185.4365,0.367551
467.1313,3.2045,184.8684,0.367774
467.7757,3.1822,184.2995,0.367993
468.4240,3.1601,183.7226,0.368214
469.0655,3.1380,183.1483,0.368437
469.7111,3.1155,182.5662,0.368658
470.3561,3.0931,181.9795,0.368880
471.0021,3.0706,181.3854,0.369103
471.6410,3.0486,180.7914,0.369327
472.2825,3.0265,180.1888,0.369552
472.9220,3.0046,179.5822,0.369775
473.5594,2.9832,178.9713,0.369996
474.1962,2.9621,178.3536,0.370225
474.8292,2.9410,177.7338,0.370453
475.4637,2.9198,177.1065,0.370679
476.0932,2.8980,176.4768,0.370904
476.7227,2.8765,175.8401,0.371127
477.3497,2.8561,175.1979,0.371361
477.9738,2.8367,174.5511,0.371589
478.5958,2.8188,173.8988,0.371814
479.2148,2.8019,173.2400,0.372043
479.8296,2.7850,172.5776,0.372271
480.4371,2.7686,171.9110,0.372495
481.0420,2.7523,171.2336,0.372728
481.6368,2.7371,170.5535,0.372951
482.2242,2.7225,169.8681,0.373174
482.8055,2.7090,169.1762,0.373406
483.3777,2.6962,168.4808,0.373633
483.9435,2.6842,167.7760,0.373853
484.4993,2.6729,167.0705,0.374077
485.0505,2.6620,166.3555,0.374306
485.5905,2.6512,165.6392,0.374532
486.1258,2.6402,164.9133,0.374760
486.6518,2.6294,164.1844,0.374984
487.1678,2.6185,163.4515,0.375213
487.6763,2.6074,162.7120,0.375435
488.1736,2.5961,161.9680,0.375661
488.6639,2.5840,161.2206,0.375885
489.1456,2.5711,160.4685,0.376101
489.6201,2.5576,159.7105,0.376324
490.0854,2.5432,158.9476,0.376548
490.5390,2.5286,158.1831,0.376770
490.9850,2.5137,157.4101,0.376993
491.4189,2.4993,156.6351,0.377210
491.8419,2.4860,155.8522,0.377430
492.2522,2.4738,155.0720,0.377655
492.6529,2.4621,154.2849,0.377875
493.0418,2.4504,153.4969,0.378093
493.4238,2.4382,152.6982,0.378317
493.7930,2.4258,151.8988,0.378538
494.1521,2.4131,151.0929,0.378767
494.4997,2.4004,150.2837,0.378985
494.8374,2.3874,149.4684,0.379210
495.1625,2.3740,148.6501,0.379431
495.4804,2.3605,147.8255,0.379656
495.7871,2.3467,146.9968,0.379876
496.0829,2.3332,146.1632,0.380095
496.3669,2.3195,145.3280,0.380309
496.6414,2.3057,144.4846,0.380530
496.9060,2.2917,143.6390,0.380745
497.1639,2.2775,142.7931,0.380965
497.4179,2.2631,141.9425,0.381183
497.6683,2.2487,141.0935,0.381406
497.9144,2.2340,140.2396,0.381631
498.1542,2.2194,139.3887,0.381854
498.3914,2.2049,138.5298,0.382080
498.6237,2.1905,137.6713,0.382310
498.8546,2.1768,136.8085,0.382537
499.0827,2.1635,135.9466,0.382771
499.3098,2.1502,135.0770,0.383005
499.5335,2.1365,134.2095,0.383232
499.7534,2.1218,133.3376,0.383456
499.9683,2.1060,132.4625,0.383677
500.1792,2.0890,131.5815,0.383907
500.3857,2.0713,130.7000,0.384136
500.5874,2.0531,129.8187,0.384363
500.7857,2.0337,128.9321,0.384587
500.9799,2.0132,128.0465,0.384819
501.1707,1.9921,127.1546,0.385052
501.3583,1.9706,126.2599,0.385283
501.5418,1.9490,125.3616,0.385519
501.7207,1.9271,124.4644,0.385759
501.8940,1.9045,123.5667,0.385990
502.0630,1.8811,122.6618,0.386228
502.2264,1.8561,121.7549,0.386464
502.3836,1.8304,120.8468,0.386698
502.5356,1.8031,119.9294,0.386937
502.6814,1.7746,119.0155,0.387175
502.8216,1.7449,118.0971,0.387412
502.9555,1.7142,117.1791,0.387644
503.0837,1.6833,116.2553,0.387883
503.2054,1.6529,115.3279,0.388119
503.3197,1.6232,114.3982,0.388358
503.4269,1.5943,113.4699,0.388592
503.5273,1.5655,112.5358,0.388832
503.6230,1.5367,111.6006,0.389075
503.7142,1.5077,110.6661,0.389316
503.8015,1.4787,109.7299,0.389553
503.8846,1.4492,108.7950,0.389796
503.9643,1.4190,107.8528,0.390040
504.0399,1.3882,106.9131,0.390282
504.1117,1.3566,105.9660,0.390526
504.1774,1.3243,105.0209,0.390768
504.2526,1.2981,104.0727,0.391007
504.3091,1.2714,103.1185,0.391255
504.3595,1.2460,102.1687,0.391496
504.4049,1.2207,101.2155,0.391740
504.4456,1.1952,100.2615,0.391988
504.4672,1.1672,99.2924,0.392231
504.4969,1.1349,98.3304,0.392473
504.5200,1.1082,97.3735,0.392721
504.5387,1.0775,96.4121,0.392966
504.5514,1.0469,95.4493,0.393215
504.5584,1.0160,94.4800,0.393461
504.5594,0.9859,93.5172,0.393705
504.5580,0.9377,92.5681,0.393956
504.5533,0.9114,91.5990,0.394208
504.5436,0.8851,90.6365,0.394455
504.5270,0.8585,89.6743,0.394702
504.5040,0.8320,88.7069,0.394951
504.5251,0.8174,87.7386,0.395199
504.5054,0.7961,86.7719,0.395449
504.4822,0.7742,85.8071,0.395698
504.4572,0.7519,84.8438,0.395951
504.4325,0.7291,83.8823,0.396199
504.4068,0.7055,82.9216,0.396445
504.3796,0.6815,81.9587,0.396694
504.3509,0.6574,80.9925,0.396944
504.3210,0.6330,80.0301,0.397190
504.2892,0.6086,79.0664,0.397438
504.2070,0.5743,78.1033,0.397690
504.1666,0.5470,77.1381,0.397938
504.1212,0.5201,76.1745,0.398186
504.0712,0.4935,75.2092,0.398439
504.0172,0.4672,74.2448,0.398688
503.9585,0.4415,73.2839,0.398933
503.8954,0.4159,72.3213,0.399189
503.8750,0.3948,71.3557,0.399438
503.8082,0.3660,70.3946,0.399684
503.7385,0.3368,69.4356,0.399936
503.6649,0.3067,68.4691,0.400185
503.5888,0.2761,67.5087,0.400441
503.5120,0.2452,66.5478,0.400688
503.4342,0.2139,65.5867,0.400945
503.3551,0.1823,64.6261,0.401197
503.2737,0.1506,63.6609,0.401455
503.1908,0.1195,62.7001,0.401711
503.0638,0.0812,61.7490,0.401968
502.9756,0.0554,60.7903,0.402225
502.8830,0.0294,59.8274,0.402483
502.7879,0.0037,58.8709,0.402743
502.6904,-0.0208,57.9153,0.402999
502.5893,-0.0001,56.9483,0.403258
502.4817,-0.0218,55.9899,0.403524
502.3710,-0.0488,55.0317,0.403774
502.2600,-0.0764,54.0759,0.404037
502.1497,-0.1056,53.1275,0.404296
502.0383,-0.1358,52.1745,0.404562
501.9290,-0.1658,51.2225,0.404823
501.8220,-0.1912,50.2686,0.405080
501.7174,-0.2211,49.3221,0.405336
501.6146,-0.2510,48.3658,0.405591
501.5157,-0.2804,47.4157,0.405856
501.4202,-0.3099,46.4671,0.406110
501.3265,-0.3392,45.5131,0.406370
501.2354,-0.3686,44.5607,0.406629
501.1470,-0.3988,43.6086,0.406887
501.0616,-0.4291,42.6570,0.407144
500.9794,-0.4550,41.7021,0.407404
500.9005,-0.4857,40.7479,0.407664
500.8408,-0.5043,39.8095,0.407921
500.7707,-0.5330,38.8576,0.408183
500.7047,-0.5615,37.9066,0.408437
500.6407,-0.5900,36.9483,0.408694
500.5780,-0.6183,35.9979,0.408952
500.5025,-0.6516,35.0415,0.409211
500.4417,-0.6770,34.0855,0.409468
500.3820,-0.7026,33.1307,0.409725
500.3226,-0.7281,32.1742,0.409988
500.2638,-0.7528,31.2173,0.410242
500.2056,-0.7770,30.2624,0.410505
500.1480,-0.8011,29.3076,0.410758
500.0925,-0.8252,28.3558,0.411008
500.0402,-0.8494,27.4057,0.411266
499.9917,-0.8735,26.4566,0.411519
499.9476,-0.8976,25.5094,0.411776
499.9112,-0.9205,24.5665,0.412027
499.8834,-0.9425,23.6288,0.412277
499.8634,-0.9644,22.6930,0.412530
499.8511,-0.9841,21.7579,0.412779
499.8472,-1.0024,20.8233,0.413034
499.8517,-1.0202,19.8914,0.413283
499.8647,-1.0345,18.9659,0.413532
499.8872,-1.0483,18.0422,0.413781
499.9160,-1.0612,17.1154,0.414028
499.9531,-1.0745,16.1965,0.414274
499.9989,-1.0880,15.2813,0.414521
500.0526,-1.1018,14.3654,0.414767
500.1133,-1.1161,13.4511,0.415013
500.1824,-1.1322,12.5417,0.415260
500.2581,-1.1507,11.6353,0.415501
500.3409,-1.1750,10.7323,0.415747
500.4282,-1.2014,9.8314,0.415987
500.5218,-1.2279,8.9327,0.416226
500.6238,-1.2518,8.0389,0.416468
500.7348,-1.2714,7.1473,0.416708
500.8537,-1.2854,6.2623,0.416945
500.9852,-1.2941,5.3490,0.417195
501.1128,-1.2994,4.5012,0.417425
501.2522,-1.3022,3.6253,0.417660
501.3962,-1.3061,2.7520,0.417898
501.5461,-1.3123,1.8813,0.418134
501.7000,-1.3221,1.0164,0.418370
501.8598,-1.3343,0.1557,0.418605
502.0244,-1.3489,-0.7034,0.418838
502.1898,-1.3643,-1.5552,0.419070
502.3590,-1.3793,-2.4092,0.419300
502.5330,-1.3920,-3.2576,0.419533
502.7141,-1.4022,-4.0966,0.419763
502.9070,-1.3830,-4.9339,0.419991
503.1094,-1.3924,-5.7661,0.420220
503.3152,-1.4009,-6.5971,0.420449
503.5246,-1.4087,-7.4215,0.420677
503.7451,-1.4164,-8.2457,0.420905
503.9733,-1.4232,-9.0598,0.421132
504.2124,-1.4298,-9.8728,0.421360
504.4544,-1.4358,-10.6780,0.421585
504.7042,-1.4416,-11.4814,0.421811
504.9643,-1.4472,-12.2840,0.422037
505.2331,-1.4524,-13.0782,0.422261
505.5105,-1.4575,-13.8687,0.422485
505.7918,-1.4623,-14.6565,0.422709
506.0764,-1.4671,-15.4454,0.422932
506.3636,-1.4715,-16.2288,0.423155
506.6562,-1.4752,-17.0102,0.423381
506.9553,-1.4789,-17.7884,0.423602
507.2599,-1.4824,-18.5600,0.423822
507.5695,-1.4859,-19.3249,0.424043
507.8860,-1.4895,-20.0893,0.424265
508.2060,-1.4933,-20.8525,0.424487
508.5269,-1.4971,-21.6112,0.424706
508.8507,-1.5005,-22.3672,0.424925
509.1785,-1.5039,-23.1205,0.425145
509.5099,-1.5068,-23.8710,0.425366
509.8473,-1.5094,-24.6215,0.425584
510.1860,-1.5115,-25.3619,0.425801
510.5302,-1.5133,-26.1035,0.426019
510.8770,-1.5155,-26.8425,0.426238
511.2249,-1.5180,-27.5781,0.426455
511.5742,-1.5213,-28.3099,0.426670
511.9261,-1.5249,-29.0370,0.426888
512.2814,-1.5288,-29.7629,0.427102
512.6400,-1.5327,-30.4856,0.427318
513.0024,-1.5363,-31.2063,0.427536
513.3690,-1.5395,-31.9274,0.427750
513.7338,-1.5424,-32.6427,0.427965
514.0997,-1.5459,-33.3627,0.428180
514.4646,-1.5500,-34.0807,0.428393
514.8281,-1.5557,-34.7942,0.428610
515.1936,-1.5613,-35.5106,0.428824
515.5590,-1.5680,-36.2270,0.429040
515.9240,-1.5748,-36.9425,0.429249
516.2888,-1.5820,-37.6583,0.429465
516.6522,-1.5889,-38.3719,0.429681
517.0173,-1.5959,-39.0899,0.429892
517.3818,-1.6025,-39.8074,0.430107
517.7455,-1.6089,-40.5237,0.430325
518.1098,-1.6155,-41.2406,0.430538
518.4747,-1.6220,-41.9585,0.430752
518.8373,-1.6285,-42.6719,0.430966
519.2026,-1.6350,-43.3903,0.431182
519.5666,-1.6412,-44.1064,0.431396
519.9333,-1.6474,-44.8276,0.431615
520.2971,-1.6535,-45.5428,0.431826
520.6644,-1.6597,-46.2654,0.432041
521.0314,-1.6665,-46.9866,0.432261
521.3973,-1.6732,-47.7056,0.432476
521.7633,-1.6799,-48.4252,0.432688
522.1313,-1.6869,-49.1484,0.432905
522.4992,-1.6939,-49.8712,0.433122
522.8671,-1.6992,-50.5939,0.433335
523.2383,-1.7042,-51.3229,0.433554
523.6053,-1.7090,-52.0428,0.433769
523.9766,-1.7127,-52.7699,0.433986
524.3469,-1.7164,-53.4934,0.434200
524.7185,-1.7201,-54.2185,0.434418
525.0941,-1.7238,-54.9482,0.434636
525.4662,-1.7274,-55.6727,0.434849
525.8421,-1.7310,-56.4034,0.435069
526.2170,-1.7341,-57.1321,0.435287
526.5937,-1.7373,-57.8643,0.435503
526.9690,-1.7404,-58.5942,0.435724
527.3459,-1.7435,-59.3273,0.435940
527.7225,-1.7467,-60.0600,0.436157
528.1002,-1.7499,-60.7952,0.436375
528.4783,-1.7553,-61.5312,0.436595
528.8553,-1.7607,-62.2654,0.436810
529.2332,-1.7661,-63.0010,0.437029
529.6133,-1.7716,-63.7412,0.437251
529.9915,-1.7770,-64.4773,0.437468
530.3722,-1.7825,-65.2185,0.437689
530.7526,-1.7875,-65.9588,0.437910
531.1354,-1.7927,-66.7049,0.438130
531.5143,-1.7978,-67.4436,0.438350
531.8959,-1.8029,-68.1881,0.438569
532.2767,-1.8080,-68.9314,0.438789
532.6586,-1.8131,-69.6773,0.439008
533.0408,-1.8170,-70.4243,0.439233
533.4236,-1.8208,-71.1739,0.439455
533.8044,-1.8247,-71.9207,0.439675
534.1871,-1.8286,-72.6717,0.439898
534.5689,-1.8325,-73.4223,0.440121
534.9507,-1.8364,-74.1752,0.440345
535.3315,-1.8405,-74.9286,0.440567
535.7125,-1.8448,-75.6846,0.440790
536.0919,-1.8490,-76.4397,0.441013
536.4721,-1.8532,-77.1986,0.441236
536.8502,-1.8574,-77.9546,0.441458
537.2307,-1.8617,-78.7158,0.441684
537.6112,-1.8654,-79.4778,0.441908
537.9915,-1.8691,-80.2401,0.442131
538.3704,-1.8729,-81.0005,0.442357
538.7512,-1.8766,-81.7657,0.442582
539.1304,-1.8803,-82.5281,0.442806
539.5114,-1.8841,-83.2952,0.443033
539.8933,-1.8884,-84.0648,0.443256
540.2732,-1.8926,-84.8314,0.443484
540.6553,-1.8968,-85.6035,0.443710
541.0359,-1.9011,-86.3751,0.443940
541.4176,-1.9054,-87.1517,0.444165
541.7975,-1.9091,-87.9289,0.444391
542.1743,-1.9116,-88.7056,0.444618
542.5524,-1.9140,-89.4924,0.444845
542.9277,-1.9166,-90.2795,0.445074
543.2987,-1.9191,-91.0641,0.445300
543.6696,-1.9216,-91.8543,0.445531
544.0397,-1.9246,-92.6511,0.445758
544.4071,-1.9277,-93.4501,0.445990
544.7707,-1.9308,-94.2488,0.446219
545.1321,-1.9339,-95.0499,0.446447
545.4926,-1.9370,-95.8591,0.446678
545.8488,-1.9407,-96.6663,0.446911
546.2033,-1.9451,-97.4780,0.447143
546.5567,-1.9496,-98.2957,0.447373
546.9070,-1.9542,-99.1147,0.447607
547.2538,-1.9587,-99.9344,0.447839
547.5999,-1.9634,-100.7608,0.448071
547.9435,-1.9688,-101.5918,0.448304
548.2822,-1.9741,-102.4220,0.448539
548.6172,-1.9795,-103.2568,0.448775
548.9514,-1.9849,-104.0993,0.449007
549.2800,-1.9920,-104.9396,0.449245
549.6063,-1.9970,-105.7863,0.449479
549.9299,-2.0015,-106.6371,0.449714
550.2484,-2.0060,-107.4865,0.449952
550.5670,-2.0102,-108.3485,0.450192
550.8785,-2.0144,-109.2029,0.450422
551.1877,-2.0184,-110.0658,0.450662
551.4944,-2.0215,-110.9340,0.450901
551.7963,-2.0244,-111.8015,0.451139
552.0961,-2.0269,-112.6745,0.451374
552.3918,-2.0292,-113.5507,0.451612
552.6825,-2.0308,-114.4267,0.451854
552.9706,-2.0317,-115.3110,0.452095
553.2532,-2.0318,-116.1986,0.452331
553.5283,-2.0316,-117.0874,0.452570
553.7980,-2.0320,-117.9823,0.452812
554.0607,-2.0334,-118.8789,0.453052
554.3192,-2.0353,-119.7855,0.453298
554.5686,-2.0380,-120.6887,0.453536
554.8118,-2.0409,-121.5974,0.453779
555.0508,-2.0438,-122.5151,0.454024
555.2813,-2.0474,-123.4285,0.454265
555.5052,-2.0518,-124.3477,0.454510
555.7252,-2.0570,-125.2724,0.454755
555.9379,-2.0622,-126.1930,0.455007
556.1474,-2.0672,-127.1188,0.455247
556.3543,-2.0723,-128.0500,0.455494
556.5572,-2.0774,-128.9777,0.455736
556.7585,-2.0821,-129.9119,0.455987
556.9565,-2.0866,-130.8487,0.456230
557.1495,-2.0907,-131.7829,0.456477
557.3398,-2.0950,-132.7255,0.456724
557.5264,-2.0993,-133.6714,0.456975
557.7067,-2.1043,-134.6107,0.457222
557.8846,-2.1098,-135.5619,0.457472
558.0571,-2.1156,-136.5100,0.457718
558.2261,-2.1216,-137.4642,0.457970
558.3908,-2.1275,-138.4201,0.458215
558.5515,-2.1331,-139.3799,0.458463
558.7081,-2.1389,-140.3499,0.458719
558.8572,-2.1450,-141.3029,0.458963
559.0025,-2.1519,-142.2730,0.459219
559.1402,-2.1592,-143.2392,0.459471
559.2717,-2.1665,-144.2135,0.459715
559.3949,-2.1738,-145.1892,0.459969
559.5099,-2.1812,-146.1654,0.460218
559.6171,-2.1890,-147.1487,0.460470
559.7136,-2.1972,-148.1321,0.460722
559.8022,-2.2053,-149.1174,0.460975
559.8817,-2.2129,-150.1070,0.461231
559.9513,-2.2201,-151.0960,0.461481
560.0109,-2.2272,-152.0838,0.461735
560.0616,-2.2354,-153.0770,0.461990
560.1031,-2.2447,-154.0703,0.462247
560.1351,-2.2549,-155.0661,0.462497
560.1560,-2.2656,-156.0645,0.462754
560.1682,-2.2760,-157.0623,0.463009
560.1705,-2.2864,-158.0632,0.463261
560.1649,-2.2966,-159.0596,0.463517
560.1529,-2.3072,-160.0596,0.463777
560.1338,-2.3179,-161.0545,0.464031
560.1072,-2.3290,-162.0579,0.464291
560.0738,-2.3408,-163.0572,0.464542
560.0329,-2.3530,-164.0592,0.464800
559.9871,-2.3661,-165.0638,0.465057
559.9373,-2.3800,-166.0663,0.465314
559.8831,-2.3948,-167.0703,0.465570
559.8240,-2.4098,-168.0818,0.465832
559.7604,-2.4245,-169.0872,0.466091
559.6912,-2.4390,-170.0956,0.466347
559.6160,-2.4537,-171.1079,0.466612
559.5347,-2.4689,-172.1183,0.466868
559.4482,-2.4841,-173.1285,0.467133
559.3545,-2.4991,-174.1449,0.467393
559.2533,-2.5127,-175.1614,0.467657
559.1451,-2.5261,-176.1777,0.467908
559.0301,-2.5391,-177.1948,0.468175
558.9086,-2.5527,-178.2144,0.468436
558.7815,-2.5667,-179.2320,0.468693
558.6487,-2.5805,-180.2468,0.468962
558.5074,-2.5945,-181.2690,0.469223
558.3607,-2.6083,-182.2868,0.469485
558.2076,-2.6225,-183.3068,0.469748
558.0472,-2.6370,-184.3304,0.470019
557.8802,-2.6518,-185.3497,0.470281
557.7050,-2.6656,-186.3719,0.470546
557.5204,-2.6792,-187.3970,0.470811
557.3278,-2.6926,-188.4157,0.471076
557.1237,-2.7063,-189.4409,0.471339
556.9120,-2.7202,-190.4623,0.471608
556.6907,-2.7339,-191.4805,0.471875
556.4590,-2.7474,-192.5005,0.472136
556.2171,-2.7606,-193.5201,0.472406
555.9666,-2.7743,-194.5350,0.472677
555.7062,-2.7880,-195.5494,0.472943
555.4348,-2.8015,-196.5662,0.473213
555.1541,-2.8150,-197.5732,0.473477
554.8648,-2.8284,-198.5786,0.473752
554.5646,-2.8417,-199.5870,0.474021
554.2577,-2.8549,-200.5886,0.474287
553.9448,-2.8684,-201.5889,0.474552
553.6252,-2.8824,-202.5923,0.474823
553.3024,-2.8964,-203.5864,0.475095
552.9711,-2.9095,-204.5882,0.475367
552.6335,-2.9214,-205.5864,0.475631
552.2927,-2.9324,-206.5779,0.475900
551.9451,-2.9433,-207.5733,0.476171
551.5914,-2.9539,-208.5729,0.476447
551.2366,-2.9644,-209.5637,0.476714
550.8770,-2.9746,-210.5569,0.476985
550.5115,-2.9844,-211.5543,0.477261
550.1426,-2.9941,-212.5479,0.477529
549.7687,-3.0039,-213.5422,0.477808
549.3889,-3.0137,-214.5367,0.478079
549.0045,-3.0236,-215.5296,0.478355
548.6160,-3.0337,-216.5189,0.478631
548.2205,-3.0439,-217.5127,0.478902
547.8209,-3.0543,-218.5024,0.479181
547.4163,-3.0653,-219.4903,0.479459
547.0037,-3.0772,-220.4828,0.479735
546.5880,-3.0896,-221.4688,0.480007
546.1630,-3.1020,-222.4570,0.480289
545.7300,-3.1143,-223.4438,0.480570
545.2948,-3.1267,-224.4193,0.480849
544.8483,-3.1371,-225.4011,0.481124
544.3972,-3.1402,-226.3714,0.481401
543.9506,-3.1475,-227.3391,0.481681
543.4841,-3.1600,-228.3012,0.481952
543.0158,-3.1726,-229.2534,0.482231
542.5421,-3.1844,-230.2013,0.482505
542.0546,-3.1992,-231.1570,0.482787
541.5738,-3.2138,-232.0818,0.483049
541.0703,-3.2613,-233.0076,0.483325
540.5731,-3.2906,-233.9405,0.483594
540.0752,-3.3043,-234.8619,0.483867
539.5761,-3.3178,-235.7728,0.484132
539.0832,-3.3396,-236.6671,0.484404
538.5826,-3.3545,-237.5736,0.484672
538.0841,-3.3698,-238.4739,0.484941
537.5845,-3.3858,-239.3732,0.485211
537.0867,-3.4018,-240.2696,0.485473
536.5907,-3.4179,-241.1632,0.485741
536.0934,-3.4338,-242.0558,0.486006
535.5953,-3.4497,-242.9444,0.486272
535.1350,-3.4652,-243.8503,0.486536
534.6396,-3.4818,-244.7328,0.486798
534.1420,-3.4988,-245.6182,0.487068
533.6467,-3.5159,-246.4951,0.487328
533.1501,-3.5330,-247.3697,0.487591
532.6508,-3.5503,-248.2452,0.487856
532.1522,-3.5686,-249.1143,0.488116
531.6513,-3.5868,-249.9821,0.488380
531.1508,-3.6047,-250.8452,0.488639
530.6479,-3.6225,-251.7073,0.488898
530.1448,-3.6403,-252.5629,0.489158
529.6395,-3.6586,-253.4174,0.489418
529.1337,-3.6775,-254.2665,0.489671
528.6257,-3.6970,-255.1137,0.489931
528.1196,-3.7170,-255.9542,0.490181
527.6126,-3.7377,-256.7938,0.490438
527.1038,-3.7591,-257.6334,0.490702
526.5614,-3.7756,-258.4438,0.490949
526.0498,-3.7919,-259.2756,0.491201
525.5350,-3.8083,-260.1054,0.491455
525.0209,-3.8246,-260.9273,0.491710
524.5047,-3.8409,-261.7464,0.491961
523.9847,-3.8573,-262.5642,0.492214
523.4638,-3.8730,-263.3760,0.492464
522.9333,-3.8819,-264.1967,0.492714
522.4062,-3.8977,-265.0043,0.492966
521.8806,-3.9097,-265.8070,0.493214
521.4212,-3.8827,-266.5326,0.493468
520.8494,-3.9002,-267.4064,0.493712
520.3243,-3.9162,-268.2090,0.493963
519.8013,-3.9323,-269.0103,0.494215
519.2783,-3.9483,-269.8122,0.494463
518.7563,-3.9646,-270.6131,0.494708
518.2344,-3.9808,-271.4152,0.494965
517.7115,-3.9973,-272.2210,0.495209
517.1926,-4.0133,-273.0217,0.495460
516.6723,-4.0308,-273.8253,0.495716
516.1499,-4.0490,-274.6328,0.495962
515.6323,-4.0670,-275.4345,0.496214
515.1123,-4.0851,-276.2435,0.496464
514.5948,-4.1030,-277.0522,0.496718
514.0803,-4.1208,-277.8591,0.496972
513.5666,-4.1384,-278.6687,0.497222
513.0537,-4.1555,-279.4813,0.497474
512.5438,-4.1723,-280.2939,0.497732
512.0348,-4.1889,-281.1087,0.497984
511.5229,-4.2056,-281.9283,0.498244
511.0142,-4.2222,-282.7436,0.498503
510.5044,-4.2386,-283.5626,0.498765
509.9757,-4.2545,-284.3881,0.499013
509.4677,-4.2700,-285.2068,0.499277
508.9772,-4.2828,-286.0233,0.499537
508.4560,-4.2966,-286.8390,0.499796
507.9456,-4.3108,-287.6633,0.500062
507.4376,-4.3248,-288.4837,0.500320
506.9273,-4.3389,-289.3091,0.500587
506.4172,-4.3529,-290.1347,0.500846
505.9093,-4.3668,-290.9581,0.501107
505.3978,-4.3805,-291.7885,0.501378
504.8892,-4.3939,-292.6170,0.501640
504.3817,-4.4069,-293.4456,0.501902
503.8755,-4.4198,-294.2738,0.502174
503.3681,-4.4327,-295.1060,0.502435
502.8621,-4.4458,-295.9384,0.502707
502.3586,-4.4593,-296.7702,0.502968
501.8547,-4.4728,-297.6061,0.503232
501.3505,-4.4867,-298.4456,0.503506
500.8505,-4.5006,-299.2815,0.503771
500.3506,-4.5145,-300.1180,0.504036
499.8484,-4.5289,-300.9588,0.504306
499.3475,-4.5434,-301.7988,0.504572
498.8454,-4.5577,-302.6418,0.504841
498.3440,-4.5710,-303.4855,0.505111
497.8434,-4.5839,-304.3292,0.505378
497.3436,-4.5962,-305.1723,0.505644
496.8412,-4.6084,-306.0207,0.505920
496.3413,-4.6203,-306.8661,0.506185
495.8412,-4.6317,-307.7126,0.506452
495.3405,-4.6425,-308.5613,0.506724
494.8407,-4.6534,-309.4093,0.506991
494.3398,-4.6644,-310.2604,0.507259
493.8401,-4.6753,-311.1103,0.507529
493.3406,-4.6864,-311.9614,0.507800
492.8409,-4.6974,-312.8139,0.508070
492.3422,-4.7091,-313.6674,0.508342
491.8435,-4.7197,-314.5209,0.508610
491.3466,-4.7304,-315.3730,0.508876
490.8487,-4.7417,-316.2279,0.509147
490.3560,-4.7531,-317.0758,0.509412
489.8636,-4.7651,-317.9252,0.509683
489.3714,-4.7782,-318.7757,0.509946
488.8848,-4.7917,-319.6195,0.510217
488.3974,-4.8057,-320.4696,0.510488
487.9192,-4.8192,-321.3090,0.510745
487.4422,-4.8328,-322.1546,0.511013
486.9708,-4.8458,-322.9984,0.511274
486.5052,-4.8587,-323.8394,0.511527
486.0415,-4.8711,-324.6847,0.511797
485.5842,-4.8836,-325.5261,0.512051
485.1299,-4.8964,-326.3695,0.512311
484.6828,-4.9093,-327.2101,0.512572
484.2395,-4.9227,-328.0534,0.512833
483.8021,-4.9360,-328.8967,0.513088
483.3822,-4.9475,-329.7480,0.513344
482.9573,-4.9562,-330.5904,0.513603
482.5361,-4.9645,-331.4335,0.513858
482.1181,-4.9727,-332.2763,0.514108
481.7003,-4.9805,-333.1237,0.514369
481.2900,-4.9863,-333.9626,0.514619
480.8627,-4.9921,-334.8086,0.514870
480.4561,-5.0042,-335.6497,0.515124
480.0521,-5.0164,-336.4901,0.515378
479.6525,-5.0280,-337.3293,0.515630
479.2564,-5.0412,-338.1681,0.515872
478.8664,-5.0546,-339.0016,0.516123
478.4972,-5.0291,-339.8308,0.516374
478.1143,-5.0399,-340.6651,0.516619
477.7360,-5.0527,-341.4966,0.516862
477.3422,-5.0658,-342.3386,0.517106
476.9728,-5.0846,-343.1728,0.517352
476.6128,-5.1045,-344.0038,0.517593
476.2578,-5.1261,-344.8365,0.517838
475.9073,-5.1479,-345.6718,0.518079
475.5641,-5.1700,-346.5036,0.518319
475.2281,-5.1918,-347.3365,0.518558
474.9012,-5.2124,-348.1681,0.518801
474.5803,-5.2362,-349.0031,0.519039
474.2695,-5.2086,-349.8335,0.519277
473.9659,-5.2344,-350.6680,0.519517
473.6687,-5.2601,-351.5045,0.519753
473.3805,-5.2866,-352.3368,0.519990
473.0984,-5.3140,-353.1762,0.520228
472.8287,-5.3412,-354.0059,0.520464
472.5654,-5.3674,-354.8424,0.520700
472.3079,-5.3981,-355.6809,0.520935
472.0634,-5.4302,-356.4990,0.521166
471.8206,-5.4534,-357.3378,0.521402
471.5891,-5.4766,-358.1729,0.521634
471.3696,-5.5000,-359.0101,0.521867
471.1634,-5.5232,-359.8442,0.522098
470.9669,-5.5468,-360.6796,0.522329
470.7781,-5.5712,-361.5179,0.522563
470.5924,-5.5949,-362.3515,0.522793
470.4073,-5.6385,-363.1920,0.523022
470.2264,-5.6635,-364.0265,0.523248
470.0525,-5.6898,-364.8651,0.523478
469.8851,-5.7154,-365.7015,0.523705
469.7213,-5.7404,-366.5395,0.523934
469.5599,-5.7651,-367.3770,0.524163
469.4013,-5.7915,-368.2080,0.524389
469.2442,-5.8180,-369.0410,0.524614
469.0907,-5.8444,-369.8725,0.524841
468.9418,-5.8706,-370.7021,0.525065
468.7965,-5.8984,-371.5294,0.525292
468.6531,-5.9267,-372.3580,0.525515
468.5125,-5.9553,-373.1873,0.525741
468.3762,-5.9839,-374.0081,0.525967
468.2437,-6.0134,-374.8319,0.526186
468.1173,-6.0433,-375.6542,0.526408
467.9990,-6.0733,-376.4725,0.526629
467.8874,-6.1035,-377.2901,0.526851
467.7811,-6.1341,-378.1123,0.527074
467.6774,-6.1642,-378.9288,0.527294
467.5735,-6.1945,-379.7479,0.527514
467.4721,-6.2249,-380.5634,0.527734
467.3735,-6.2554,-381.3802,0.527954
467.2815,-6.2861,-382.1947,0.528173
467.1956,-6.3165,-383.0048,0.528393
467.1160,-6.3363,-383.8177,0.528612
467.0425,-6.3654,-384.6256,0.528830
466.9733,-6.3954,-385.4356,0.529048
466.9108,-6.4262,-386.2394,0.529262
466.8553,-6.4570,-387.0435,0.529479
466.8062,-6.4879,-387.8512,0.529697
466.7664,-6.5186,-388.6492,0.529911
466.7308,-6.5507,-389.4514,0.530127
466.7018,-6.5827,-390.2542,0.530340
466.6761,-6.6010,-391.0637,0.530555
466.6441,-6.6367,-391.8701,0.530770
466.6118,-6.6786,-392.6742,0.530985
466.5808,-6.6720,-393.4792,0.531199
466.5532,-6.7154,-394.2794,0.531415
466.5331,-6.7553,-395.0808,0.531630
466.5198,-6.7999,-395.8844,0.531845
466.5125,-6.8443,-396.6843,0.532058
466.5226,-6.8519,-397.4741,0.532275
466.5266,-6.8886,-398.2789,0.532490
466.5280,-6.9301,-399.0950,0.532707
466.5519,-6.9756,-399.8994,0.532924
466.5821,-7.0213,-400.7038,0.533141
466.6200,-7.0631,-401.5132,0.533358
466.6729,-7.0740,-402.3078,0.533575
466.7165,-7.1111,-403.1182,0.533792
466.7655,-7.1495,-403.9273,0.534011
466.8099,-7.1936,-404.7551,0.534227
466.8736,-7.2390,-405.5657,0.534446
466.9568,-7.2607,-406.3613,0.534669
467.0341,-7.2990,-407.1758,0.534885
467.1186,-7.3373,-407.9900,0.535106
467.2105,-7.3749,-408.8027,0.535327
467.2967,-7.4139,-409.6324,0.535549
467.4018,-7.4597,-410.4481,0.535772
467.5247,-7.4895,-411.2496,0.535991
467.6434,-7.5277,-412.0638,0.536211
467.7699,-7.5658,-412.8823,0.536436
467.9024,-7.6044,-413.6986,0.536658
468.0419,-7.6446,-414.5162,0.536879
468.1887,-7.6846,-415.3351,0.537107
468.3275,-7.7247,-416.1579,0.537328
468.4862,-7.7628,-416.9759,0.537553
468.6522,-7.8016,-417.7965,0.537780
468.8253,-7.8408,-418.6206,0.538003
469.0021,-7.8800,-419.4362,0.538230
469.1861,-7.9202,-420.2596,0.538458
469.3730,-7.9607,-421.0822,0.538686
469.5643,-8.0010,-421.9053,0.538914
469.7603,-8.0411,-422.7318,0.539143
469.9601,-8.0814,-423.5552,0.539369
470.1653,-8.1214,-424.3805,0.539598
470.3758,-8.1618,-425.2071,0.539829
470.5908,-8.2022,-426.0366,0.540060
470.8070,-8.2420,-426.8667,0.540291
471.0240,-8.2814,-427.6949,0.540518
471.2457,-8.3203,-428.5309,0.540755
471.4691,-8.3588,-429.3643,0.540985
471.6952,-8.3973,-430.1992,0.541219
471.9251,-8.4357,-431.0365,0.541454
472.1573,-8.4740,-431.8705,0.541690
472.3944,-8.5121,-432.7107,0.541927
472.6326,-8.5498,-433.5451,0.542160
472.8744,-8.5870,-434.3822,0.542402
473.1206,-8.6239,-435.2228,0.542631
473.3693,-8.6609,-436.0591,0.542870
473.6249,-8.6990,-436.9030,0.543108
473.8827,-8.7369,-437.7377,0.543346
474.1458,-8.7757,-438.5765,0.543583
474.4141,-8.8149,-439.4239,0.543821
474.6797,-8.8532,-440.2653,0.544062
474.9463,-8.8913,-441.1112,0.544298
475.2142,-8.9291,-441.9602,0.544536
475.4824,-8.9666,-442.8094,0.544776
475.7509,-9.0040,-443.6586,0.545017
476.0210,-9.0417,-444.5112,0.545260
476.2909,-9.0787,-445.3634,0.545497
476.5612,-9.1157,-446.2167,0.545736
476.8327,-9.1526,-447.0729,0.545981
477.1028,-9.1892,-447.9247,0.546217
477.3726,-9.2258,-448.7736,0.546462
477.6447,-9.2628,-449.6250,0.546705
477.9154,-9.2993,-450.4680,0.546940
478.1874,-9.3357,-451.3108,0.547185
478.4612,-9.3720,-452.1556,0.547423
478.7335,-9.4077,-452.9964,0.547661
479.0045,-9.4429,-453.8362,0.547899
479.2859,-9.4798,-454.6693,0.548139
479.5548,-9.5121,-455.5084,0.548375
479.8222,-9.5437,-456.3450,0.548611
480.0874,-9.5754,-457.1768,0.548844
480.3523,-9.6071,-458.0110,0.549081
480.6162,-9.6389,-458.8458,0.549316
480.8779,-9.6707,-459.6773,0.549551
481.1262,-9.7110,-460.5193,0.549783
481.3932,-9.7344,-461.3330,0.550015
481.6487,-9.7663,-462.1628,0.550249
481.9006,-9.7979,-462.9861,0.550477
482.1525,-9.8294,-463.8110,0.550710
482.4037,-9.8608,-464.6362,0.550943
482.6421,-9.8958,-465.4677,0.551168
482.8905,-9.9355,-466.2868,0.551395
483.1485,-9.9543,-467.0909,0.551624
483.3932,-9.9850,-467.9043,0.551854
483.6369,-10.0159,-468.7190,0.552085
483.8799,-10.0469,-469.5356,0.552311
484.1201,-10.0777,-470.3475,0.552536
484.3495,-10.1170,-471.1746,0.552766
484.5870,-10.1574,-471.9832,0.552986
484.8343,-10.1693,-472.7743,0.553216
485.0704,-10.1994,-473.5782,0.553436
485.3073,-10.2296,-474.3845,0.553655
485.5333,-10.2628,-475.2024,0.553872
485.7682,-10.3013,-476.0020,0.554089
486.0033,-10.3349,-476.8028,0.554309
486.2463,-10.3441,-477.5811,0.554522
486.4795,-10.3718,-478.3772,0.554738
486.7112,-10.3994,-479.1686,0.554955
486.9342,-10.4339,-479.9793,0.555171
487.1645,-10.4712,-480.7690,0.555383
487.3987,-10.5035,-481.5551,0.555600
487.6324,-10.5088,-482.3306,0.555809
487.8593,-10.5361,-483.1162,0.556017
488.0773,-10.5664,-483.9214,0.556233
488.3022,-10.6051,-484.7042,0.556444
488.5259,-10.6439,-485.4848,0.556655
488.7596,-10.6499,-486.2503,0.556866
488.9821,-10.6784,-487.0287,0.557075
489.1941,-10.7092,-487.8209,0.557283
489.4155,-10.7495,-488.5990,0.557494
489.6353,-10.7851,-489.3732,0.557701
489.8584,-10.8126,-490.1416,0.557910
490.0833,-10.8211,-490.9044,0.558115
490.2906,-10.8481,-491.6884,0.558323
490.5070,-10.8853,-492.4600,0.558529
490.7212,-10.9225,-493.2285,0.558735
490.9426,-10.9270,-493.9747,0.558934
491.1543,-10.9508,-494.7431,0.559138
491.3624,-10.9754,-495.5105,0.559340
491.5564,-11.0093,-496.2885,0.559533
491.7581,-11.0441,-497.0551,0.559732
491.9673,-11.0487,-497.8037,0.559931
492.1628,-11.0731,-498.5642,0.560126
492.3555,-11.0977,-499.3242,0.560311
492.5364,-11.1305,-500.1006,0.560512
492.7240,-11.1657,-500.8609,0.560708
492.9170,-11.1735,-501.6005,0.560897
493.0975,-11.1999,-502.3612,0.561093
493.2734,-11.2262,-503.1193,0.561284
493.4343,-11.2538,-503.8918,0.561474
493.6089,-11.2805,-504.6353,0.561663
493.7672,-11.3080,-505.3940,0.561846
493.9194,-11.3351,-506.1515,0.562032
494.0518,-11.3586,-506.9142,0.562214
494.1885,-11.3805,-507.6722,0.562391
494.3159,-11.4016,-508.4316,0.562569
494.4366,-11.4219,-509.1900,0.562755
494.5496,-11.4415,-509.9466,0.562923
494.6535,-11.4608,-510.7025,0.563102
494.7474,-11.4793,-511.4625,0.563275
494.8299,-11.4959,-512.2159,0.563452
494.9023,-11.5095,-512.9716,0.563616
494.9630,-11.5208,-513.7300,0.563787
495.0088,-11.5298,-514.4828,0.563960
495.0465,-11.5385,-515.2354,0.564123
495.0739,-11.5466,-515.9850,0.564285
495.0914,-11.5549,-516.7363,0.564447
495.0981,-11.5628,-517.4819,0.564612
495.0947,-11.5704,-518.2280,0.564777
495.0816,-11.5775,-518.9716,0.564934
495.0587,-11.5844,-519.7126,0.565091
495.0242,-11.5905,-520.4548,0.565252
494.9820,-11.5965,-521.1901,0.565409
494.9295,-11.6023,-521.9253,0.565563
494.8668,-11.6076,-522.6599,0.565718
494.7938,-11.6116,-523.3869,0.565870
494.7094,-11.6150,-524.1144,0.566025
494.6122,-11.6177,-524.8403,0.566179
494.5041,-11.6199,-525.5581,0.566331
494.3851,-11.6212,-526.2696,0.566483
494.2523,-11.6219,-526.9807,0.566626
494.1117,-11.6223,-527.6833,0.566780
493.9595,-11.6227,-528.3845,0.566927
493.7975,-11.6229,-529.0800,0.567074
493.6253,-11.6230,-529.7709,0.567229
493.4426,-11.6234,-530.4565,0.567377
493.2481,-11.6237,-531.1379,0.567528
493.0411,-11.6240,-531.8140,0.567668
492.8197,-11.6240,-532.4826,0.567809
492.5879,-11.6238,-533.1473,0.567955
492.3440,-11.6233,-533.8033,0.568097
492.0885,-11.6228,-534.4513,0.568242
491.8208,-11.6223,-535.0931,0.568381
491.5417,-11.6221,-535.7275,0.568529
491.2507,-11.6216,-536.3539,0.568665
490.9485,-11.6214,-536.9708,0.568799
490.6310,-11.6214,-537.5812,0.568937
490.3057,-11.6217,-538.1829,0.569081
489.9706,-11.6221,-538.7742,0.569212
489.6227,-11.6232,-539.3597,0.569343
489.2662,-11.6241,-539.9315,0.569479
488.8956,-11.6258,-540.4978,0.569600
488.5153,-11.6278,-541.0518,0.569739
488.1236,-11.6298,-541.5972,0.569862
487.7162,-11.6319,-542.1334,0.570016
487.3029,-11.6344,-542.6577,0.570150
486.8797,-11.6371,-543.1707,0.570287
486.4474,-11.6396,-543.6722,0.570421
486.0042,-11.6427,-544.1642,0.570564
485.5529,-11.6463,-544.6440,0.570700
485.0937,-11.6509,-545.1123,0.570843
484.6221,-11.6560,-545.5753,0.570972
484.1445,-11.6614,-546.0204,0.571104
483.6598,-11.6673,-546.4581,0.571237
483.1635,-11.6736,-546.8882,0.571367
482.6668,-11.6797,-547.3006,0.571500
482.1564,-11.6862,-547.7076,0.571628
481.6377,-11.6927,-548.1042,0.571761
481.1103,-11.6992,-548.4910,0.571899
480.5775,-11.7061,-548.8650,0.572028
480.0325,-11.7133,-549.2288,0.572149
479.4831,-11.7209,-549.5830,0.572279
478.9286,-11.7285,-549.9250,0.572409
478.3629,-11.7361,-550.2589,0.572537
477.7920,-11.7434,-550.5803,0.572668
477.2111,-11.7509,-550.8923,0.572799
476.6258,-11.7583,-551.1923,0.572922
476.0325,-11.7657,-551.4822,0.573042
475.4324,-11.7727,-551.7611,0.573165
474.8229,-11.7794,-552.0269,0.573294
474.2128,-11.7861,-552.2819,0.573406
473.5915,-11.7925,-552.5285,0.573539
472.9699,-11.7986,-552.7618,0.573670
472.3397,-11.8046,-552.9852,0.573797
471.7016,-11.8104,-553.1982,0.573925
471.0649,-11.8157,-553.3971,0.574057
470.4202,-11.8205,-553.5852,0.574188
469.7649,-11.8246,-553.7603,0.574330
469.1104,-11.8283,-553.9258,0.574460
468.4538,-11.8313,-554.0817,0.574593
467.7874,-11.8342,-554.2289,0.574732
467.1231,-11.8365,-554.3638,0.574865
466.4516,-11.8385,-554.4890,0.575006
465.7751,-11.8403,-554.6031,0.575153
465.0963,-11.8420,-554.7056,0.575288
464.4120,-11.8438,-554.7949,0.575429
463.7245,-11.8451,-554.8754,0.575573
463.0348,-11.8466,-554.9442,0.575717
462.3435,-11.8477,-555.0014,0.575866
461.6435,-11.8482,-555.0475,0.576014
460.9456,-11.8480,-555.0810,0.576152
460.2443,-11.8472,-555.1028,0.576305
459.5403,-11.8460,-555.1128,0.576454
458.8370,-11.8445,-555.1116,0.576613
458.1269,-11.8425,-555.0974,0.576759
457.4166,-11.8406,-555.0746,0.576915
456.7070,-11.8389,-555.0408,0.577070
455.9957,-11.8372,-554.9952,0.577227
455.2791,-11.8355,-554.9376,0.577387
454.5648,-11.8335,-554.8681,0.577541
453.8482,-11.8312,-554.7864,0.577700
453.1321,-11.8281,-554.6927,0.577854
452.4141,-11.8244,-554.5862,0.578017
451.6953,-11.8195,-554.4724,0.578172
450.9737,-11.8091,-554.3624,0.578334
450.2544,-11.7971,-554.2302,0.578497
449.5358,-11.7844,-554.0884,0.578657
448.8105,-11.7762,-553.9225,0.578824
448.1095,-11.7607,-553.7711,0.578995
447.3821,-11.7427,-553.6348,0.579160
446.6536,-11.7323,-553.4659,0.579331
445.9303,-11.7339,-553.3112,0.579507
445.2182,-11.6927,-553.1707,0.579679
444.4855,-11.6820,-552.9931,0.579853
443.7570,-11.6804,-552.8263,0.580031
443.0292,-11.6779,-552.6558,0.580209
442.3222,-11.6646,-552.4837,0.580391
441.5806,-11.6582,-552.3090,0.580572
440.8531,-11.6420,-552.1328,0.580760
440.1197,-11.6261,-551.9529,0.580941
439.3712,-11.6007,-551.8077,0.581134
438.6394,-11.5764,-551.6224,0.581322
437.9040,-11.5520,-551.4349,0.581510
437.1593,-11.5266,-551.2473,0.581700
436.4190,-11.5009,-551.0613,0.581893
435.6748,-11.4750,-550.8713,0.582084
434.9264,-11.4479,-550.6769,0.582280
434.1788,-11.4207,-550.4818,0.582473
433.4449,-11.4065,-550.2407,0.582665
432.6897,-11.3830,-550.0370,0.582867
431.9354,-11.3594,-549.8279,0.583058
431.1818,-11.3356,-549.6141,0.583259
430.4270,-11.3111,-549.3960,0.583461
429.6705,-11.2862,-549.1738,0.583656
428.9091,-11.2611,-548.9457,0.583858
428.1542,-11.2364,-548.7153,0.584059
427.3982,-11.2118,-548.4820,0.584260
426.6390,-11.1874,-548.2477,0.584465
425.8773,-11.1632,-548.0125,0.584671
425.1165,-11.1396,-547.7779,0.584875
424.3506,-11.1161,-547.5420,0.585084
423.5851,-11.0928,-547.3066,0.585293
422.8170,-11.0694,-547.0709,0.585501
422.0465,-11.0460,-546.8359,0.585715
421.2734,-11.0226,-546.6007,0.585927
420.4972,-10.9988,-546.3648,0.586140
419.7204,-10.9746,-546.1288,0.586354
418.9281,-10.9435,-545.9396,0.586567
418.1451,-10.9197,-545.7061,0.586784
417.3577,-10.8960,-545.4716,0.586998
416.5721,-10.8717,-545.2405,0.587218
415.7782,-10.8464,-545.0098,0.587433
414.9849,-10.8207,-544.7799,0.587651
414.1901,-10.7944,-544.5500,0.587868
413.3907,-10.7676,-544.3193,0.588087
412.5913,-10.7407,-544.0884,0.588309
411.7861,-10.7122,-543.8557,0.588530
410.9799,-10.6835,-543.6230,0.588751
410.1710,-10.6548,-543.3898,0.588974
409.3614,-10.6263,-543.1555,0.589197
408.5479,-10.5979,-542.9200,0.589420
407.7331,-10.5698,-542.6839,0.589647
406.9157,-10.5421,-542.4462,0.589870
406.0919,-10.5155,-542.2059,0.590094
405.2747,-10.4897,-541.9664,0.590320
404.4496,-10.4642,-541.7239,0.590547
403.6214,-10.4386,-541.4808,0.590776
402.7929,-10.4136,-541.2374,0.591003
401.9625,-10.3884,-540.9932,0.591231
401.1275,-10.3628,-540.7478,0.591461
400.2928,-10.3365,-540.5026,0.591692
399.4546,-10.3096,-540.2575,0.591922
398.6145,-10.2823,-540.0128,0.592152
397.7670,-10.2547,-539.7670,0.592385
396.9244,-10.2268,-539.5235,0.592622
396.0865,-10.2051,-539.2399,0.592856
395.2345,-10.1733,-538.9941,0.593090
394.3806,-10.1419,-538.7458,0.593325
393.5258,-10.1100,-538.4958,0.593559
392.6648,-10.0777,-538.2429,0.593799
391.8025,-10.0459,-537.9888,0.594037
390.9410,-10.0141,-537.7347,0.594275
390.0801,-9.9822,-537.4804,0.594512
389.2190,-9.8994,-537.2230,0.594754
388.3389,-9.8604,-536.9692,0.594992
387.4633,-9.8297,-536.6900,0.595233
386.5887,-9.8007,-536.4243,0.595472
385.7149,-9.7719,-536.1602,0.595716
384.8360,-9.7434,-535.8955,0.595959
383.9619,-9.7127,-535.6348,0.596201
383.0789,-9.6794,-535.3734,0.596447
382.1933,-9.6452,-535.1129,0.596692
381.3078,-9.6057,-534.8547,0.596935
380.4171,-9.5687,-534.5977,0.597184
379.5244,-9.5313,-534.3423,0.597427
378.6408,-9.4688,-534.1049,0.597675
377.7453,-9.4511,-533.8464,0.597921
376.8427,-9.4115,-533.5865,0.598173
375.9402,-9.3666,-533.3361,0.598420
375.0357,-9.3181,-533.0870,0.598666
374.1230,-9.2682,-532.8362,0.598917
373.2156,-9.2210,-532.5902,0.599170
372.2981,-9.1733,-532.3398,0.599422
371.3836,-9.1257,-532.0915,0.599676
370.4641,-9.0742,-531.8371,0.599927
369.5430,-9.0185,-531.5879,0.600179
368.6178,-8.9632,-531.3370,0.600435
367.6949,-8.9089,-531.0861,0.600689
366.7675,-8.8548,-530.8342,0.600941
365.8354,-8.7997,-530.5829,0.601199
364.9068,-8.7443,-530.3306,0.601452
363.9737,-8.6878,-530.0757,0.601710
363.0358,-8.6305,-529.8213,0.601969
362.1014,-8.5725,-529.5682,0.602228
361.1629,-8.5135,-529.3162,0.602483
360.2186,-8.4527,-529.0613,0.602743
359.2822,-8.3923,-528.8068,0.603003
358.3390,-8.3309,-528.5551,0.603259
357.3967,-8.2661,-528.3025,0.603521
356.4539,-8.2005,-528.0515,0.603780
355.5109,-8.1337,-527.8015,0.604039
354.5709,-8.0658,-527.5538,0.604299
353.6280,-7.9975,-527.3068,0.604555
352.6862,-7.9285,-527.0613,0.604817
351.7463,-7.8596,-526.8162,0.605075
350.8060,-7.7681,-526.5711,0.605331
349.8677,-7.6998,-526.3254,0.605588
348.9251,-7.6312,-526.0780,0.605849
347.9931,-7.5631,-525.8350,0.606104
347.0539,-7.4940,-525.5924,0.606361
346.1168,-7.4246,-525.3526,0.606622
345.1838,-7.3555,-525.1160,0.606878
344.2457,-7.2859,-524.8796,0.607136
343.3091,-7.2167,-524.6463,0.607393
342.3755,-7.1480,-524.4160,0.607649
341.4388,-7.0790,-524.1870,0.607905
340.4896,-7.0090,-523.9575,0.608165
339.5669,-6.9411,-523.7371,0.608421
338.6313,-6.8721,-523.5165,0.608678
337.6960,-6.8039,-523.2990,0.608932
336.7568,-6.7367,-523.0835,0.609193
335.8185,-6.6711,-522.8713,0.609446
334.8796,-6.6063,-522.6611,0.609701
333.9443,-6.5422,-522.4537,0.609956
333.0050,-6.4784,-522.2478,0.610217
332.0689,-6.4158,-522.0446,0.610471
331.1298,-6.3545,-521.8431,0.610727
330.1908,-6.2950,-521.6440,0.610983
329.2504,-6.2372,-521.4476,0.611241
328.3114,-6.1801,-521.2547,0.611494
327.3683,-6.1235,-521.0641,0.611748
326.4234,-6.0670,-520.8749,0.612009
325.4851,-6.0112,-520.6882,0.612262
324.5439,-5.9551,-520.5024,0.612518
323.5996,-5.8983,-520.3174,0.612776
322.6569,-5.8410,-520.1349,0.613033
321.7159,-5.7835,-519.9543,0.613288
320.7704,-5.7259,-519.7742,0.613546
319.8284,-5.6695,-519.5965,0.613801
318.8847,-5.6135,-519.4194,0.614058
317.9403,-5.5579,-519.2438,0.614312
316.9956,-5.5026,-519.0695,0.614570
316.0505,-5.4472,-518.8968,0.614826
315.1046,-5.3916,-518.7267,0.615081
314.1605,-5.3356,-518.5594,0.615336
313.2157,-5.2795,-518.3945,0.615591
312.2623,-5.2231,-518.2309,0.615850
311.3222,-5.1675,-518.0720,0.616104
310.3734,-5.1116,-517.9136,0.616361
309.4205,-5.0557,-517.7571,0.616616
308.4773,-5.0000,-517.6044,0.616872
307.5258,-4.9434,-517.4526,0.617130
306.5766,-4.8868,-517.3041,0.617387
305.6269,-4.8304,-517.1581,0.617641
304.6743,-4.7740,-517.0153,0.617899
303.7192,-4.7181,-516.8745,0.618158
302.7662,-4.6626,-516.7358,0.618413
301.8137,-4.6074,-516.5990,0.618672
300.8559,-4.5520,-516.4633,0.618928
299.9004,-4.4972,-516.3300,0.619184
298.9435,-4.4421,-516.1988,0.619442
297.9851,-4.3866,-516.0693,0.619697
297.0271,-4.3312,-515.9417,0.619957
296.0670,-4.2759,-515.8146,0.620218
295.1025,-4.2212,-515.6872,0.620471
294.1433,-4.1681,-515.5612,0.620727
293.1838,-4.1160,-515.4360,0.620987
292.2145,-4.0637,-515.3102,0.621247
291.2548,-4.0111,-515.1865,0.621506
290.2921,-3.9581,-515.0638,0.621765
289.3227,-3.9047,-514.9420,0.622022
288.3633,-3.8525,-514.8224,0.622281
287.3966,-3.8013,-514.7030,0.622539
286.4271,-3.7514,-514.5842,0.622799
285.4614,-3.7017,-514.4673,0.623058
284.4928,-3.6521,-514.3514,0.623318
283.5211,-3.6026,-514.2377,0.623577
282.5540,-3.5543,-514.1267,0.623837
281.5858,-3.5070,-514.0178,0.624096
280.6135,-3.4607,-513.9106,0.624358
279.6403,-3.4148,-513.8047,0.624614
278.6680,-3.3691,-513.7002,0.624876
277.6872,-3.3230,-513.5964,0.625140
276.7180,-3.2784,-513.4957,0.625399
275.7398,-3.2346,-513.3956,0.625661
274.7592,-3.1911,-513.2972,0.625923
273.7801,-3.1479,-513.2009,0.626181
272.8010,-3.1051,-513.1063,0.626445
271.8208,-3.0622,-513.0126,0.626708
270.8402,-3.0202,-512.9204,0.626967
269.8582,-2.9789,-512.8300,0.627231
268.8730,-2.9380,-512.7415,0.627494
267.8909,-2.8974,-512.6558,0.627759
266.9043,-2.8565,-512.5722,0.628019
265.9158,-2.8156,-512.4908,0.628284
264.9315,-2.7753,-512.4125,0.628547
263.9416,-2.7355,-512.3361,0.628813
262.9506,-2.6967,-512.2622,0.629075
261.9648,-2.6589,-512.1913,0.629341
260.9713,-2.6212,-512.1213,0.629603
259.9785,-2.5845,-512.0528,0.629870
258.9859,-2.5485,-511.9865,0.630132
257.9918,-2.5142,-511.9233,0.630399
256.9947,-2.4815,-511.8643,0.630664
255.9988,-2.4494,-511.8085,0.630929
255.0040,-2.4178,-511.7559,0.631196
254.0013,-2.3865,-511.7043,0.631462
253.0050,-2.3566,-511.6542,0.631729
252.0037,-2.3271,-511.6052,0.631994
250.9982,-2.2977,-511.5578,0.632263
249.9986,-2.2680,-511.5130,0.632530
248.9931,-2.2376,-511.4716,0.632797
247.9875,-2.2078,-511.4345,0.633063
246.9819,-2.1784,-511.3999,0.633330
245.9777,-2.1490,-511.3680,0.633599
244.9686,-2.1192,-511.3370,0.633868
243.9591,-2.0889,-511.3071,0.634138
242.9491,-2.0592,-511.2788,0.634406
241.9376,-2.0299,-511.2522,0.634676
240.9264,-2.0013,-511.2274,0.634945
239.9127,-1.9724,-511.2048,0.635214
238.8955,-1.9438,-511.1838,0.635484
237.8833,-1.9158,-511.1643,0.635755
236.8704,-1.8885,-511.1459,0.636022
235.8506,-1.8612,-511.1288,0.636293
234.8353,-1.8344,-511.1132,0.636563
233.8178,-1.8079,-511.0991,0.636836
232.7949,-1.7821,-511.0863,0.637106
231.7785,-1.7572,-511.0751,0.637375
230.7568,-1.7325,-511.0656,0.637646
229.7335,-1.7079,-511.0593,0.637917
228.7128,-1.6832,-511.0563,0.638190
227.6902,-1.6592,-511.0562,0.638462
226.6664,-1.6356,-511.0581,0.638736
225.6417,-1.6123,-511.0618,0.639007
224.6179,-1.5888,-511.0675,0.639279
223.5887,-1.5647,-511.0764,0.639553
222.5642,-1.5407,-511.0873,0.639826
221.5327,-1.5174,-511.1010,0.640100
220.5037,-1.4951,-511.1168,0.640372
219.4760,-1.4733,-511.1351,0.640644
218.4429,-1.4517,-511.1552,0.640918
217.4116,-1.4314,-511.1757,0.641190
216.3789,-1.4123,-511.1967,0.641469
215.3448,-1.3939,-511.2183,0.641741
214.3053,-1.3754,-511.2409,0.642018
213.2708,-1.3573,-511.2641,0.642294
212.2370,-1.3397,-511.2880,0.642569
211.1994,-1.3228,-511.3127,0.642844
210.1713,-1.3061,-511.3382,0.643117
209.1408,-1.2888,-511.3650,0.643392
208.1131,-1.2707,-511.3932,0.643663
207.0889,-1.2525,-511.4225,0.643938
206.0673,-1.2355,-511.4527,0.644208
205.0461,-1.2195,-511.4837,0.644479
204.0282,-1.2051,-511.5157,0.644751
203.0112,-1.1924,-511.5490,0.645019
201.9962,-1.1807,-511.5832,0.645292
200.9871,-1.1696,-511.6184,0.645558
199.9767,-1.1584,-511.6548,0.645824
198.9679,-1.1465,-511.6920,0.646095
197.9653,-1.1343,-511.7293,0.646363
196.9613,-1.1229,-511.7668,0.646627
195.9570,-1.1134,-511.8044,0.646893
194.9593,-1.1046,-511.8421,0.647159
193.9612,-1.0966,-511.8801,0.647422
192.9598,-1.0888,-511.9183,0.647689
191.9705,-1.0818,-511.9572,0.647951
190.9646,-1.0761,-511.9987,0.648215
189.9893,-1.0727,-512.0405,0.648477
189.0041,-1.0704,-512.0839,0.648738
188.0143,-1.0689,-512.1280,0.648999
187.0300,-1.0681,-512.1716,0.649264
186.0463,-1.0675,-512.2155,0.649524
185.0621,-1.0675,-512.2596,0.649783
184.0784,-1.0675,-512.3043,0.650046
183.1008,-1.0675,-512.3492,0.650305
182.1245,-1.0672,-512.3945,0.650564
181.1412,-1.0673,-512.4403,0.650823
180.1715,-1.0684,-512.4860,0.651083
179.1950,-1.0712,-512.5335,0.651340
178.2149,-1.0757,-512.5828,0.651601
177.2504,-1.0819,-512.6337,0.651858
176.2810,-1.0881,-512.6865,0.652116
175.3044,-1.0936,-512.7419,0.652374
174.3373,-1.0983,-512.7985,0.652631
173.3717,-1.1021,-512.8569,0.652888
172.4029,-1.1061,-512.9168,0.653146
171.4406,-1.1100,-512.9786,0.653401
170.4753,-1.1138,-513.0433,0.653657
169.5090,-1.1178,-513.1110,0.653915
168.5502,-1.1215,-513.1818,0.654171
167.5872,-1.1252,-513.2573,0.654426
166.6266,-1.1296,-513.3365,0.654683
165.6735,-1.1346,-513.4197,0.654937
164.7173,-1.1402,-513.5064,0.655192
163.7586,-1.1461,-513.5974,0.655449
162.8073,-1.1521,-513.6916,0.655703
161.8489,-1.1583,-513.7886,0.655959
160.8967,-1.1642,-513.8858,0.656212
159.9460,-1.1701,-513.9838,0.656465
158.9919,-1.1761,-514.0834,0.656721
158.0354,-1.1819,-514.1839,0.656975
157.0846,-1.1880,-514.2845,0.657229
156.1346,-1.1949,-514.3864,0.657481
155.1798,-1.2029,-514.4901,0.657735
154.2333,-1.2113,-514.5941,0.657988
153.2844,-1.2200,-514.6997,0.658241
152.3321,-1.2282,-514.8071,0.658495
151.3841,-1.2351,-514.9154,0.658748
150.4374,-1.2414,-515.0253,0.659000
149.4897,-1.2479,-515.1364,0.659252
148.5440,-1.2551,-515.2474,0.659505
147.5984,-1.2632,-515.3585,0.659760
146.6516,-1.2719,-515.4700,0.660011
145.7084,-1.2832,-515.5958,0.660263
144.7637,-1.2896,-515.7097,0.660515
143.8160,-1.2954,-515.8267,0.660767
142.8751,-1.3008,-515.9450,0.661021
141.9339,-1.3056,-516.0655,0.661272
140.9866,-1.3104,-516.1884,0.661524
140.0459,-1.3151,-516.3121,0.661776
139.0931,-1.3230,-516.4232,0.662027
138.1477,-1.3327,-516.5469,0.662278
137.2191,-1.3327,-516.6686,0.662529
136.2814,-1.3380,-516.8057,0.662781
135.3378,-1.3454,-516.9287,0.663032
134.3982,-1.3549,-517.0494,0.663284
133.4532,-1.3652,-517.1689,0.663535
132.5092,-1.3761,-517.2862,0.663787
131.5704,-1.3876,-517.4010,0.664035
130.6271,-1.3995,-517.5142,0.664287
129.6825,-1.4118,-517.6255,0.664539
128.7428,-1.4240,-517.7343,0.664789
127.8018,-1.4363,-517.8420,0.665039
126.8553,-1.4481,-517.9503,0.665292
125.9051,-1.4607,-518.0452,0.665539
124.9623,-1.4752,-518.1530,0.665790
124.0196,-1.4889,-518.2603,0.666044
123.0817,-1.5021,-518.3666,0.666291
122.1451,-1.5148,-518.4725,0.666538
121.2043,-1.5270,-518.5786,0.666789
120.2830,-1.5143,-518.6960,0.667040
119.3425,-1.5230,-518.7880,0.667289
118.4038,-1.5299,-518.9072,0.667542
117.4676,-1.5373,-519.0126,0.667789
116.5334,-1.5447,-519.1176,0.668037
115.5920,-1.5522,-519.2232,0.668289
114.6591,-1.5596,-519.3279,0.668534
113.7201,-1.5671,-519.4331,0.668782
112.7684,-1.5752,-519.5261,0.669036
111.8481,-1.5821,-519.6429,0.669284
110.9003,-1.5928,-519.7357,0.669533
109.9634,-1.6035,-519.8408,0.669784
109.0312,-1.6137,-519.9453,0.670034
108.0956,-1.6237,-520.0500,0.670278
107.1549,-1.6336,-520.1553,0.670529
106.2241,-1.6432,-520.2594,0.670776
105.3047,-1.6342,-520.3619,0.671026
104.3672,-1.6514,-520.4661,0.671273
103.4404,-1.6369,-520.5822,0.671522
102.5082,-1.6430,-520.6844,0.671769
101.5751,-1.6489,-520.7861,0.672015
100.6426,-1.6549,-520.8869,0.672262
99.7105,-1.6608,-520.9869,0.672510
98.7614,-1.6675,-521.0739,0.672756
97.8316,-1.6774,-521.1702,0.673001
96.8973,-1.6865,-521.2647,0.673250
95.9604,-1.6905,-521.3559,0.673496
95.0296,-1.6989,-521.4430,0.673743
94.0936,-1.7067,-521.5276,0.673991
93.1568,-1.7140,-521.6094,0.674233
92.2249,-1.7212,-521.6868,0.674478
91.2908,-1.7279,-521.7604,0.674724
90.3671,-1.7074,-521.8429,0.674974
89.4352,-1.7115,-521.9084,0.675214
88.4991,-1.7161,-521.9694,0.675457
87.5576,-1.7199,-522.0274,0.675702
86.6250,-1.7239,-522.0807,0.675949
85.6867,-1.7281,-522.1304,0.676192
84.7476,-1.7316,-522.1769,0.676438
83.8123,-1.7348,-522.2214,0.676681
82.8772,-1.7380,-522.2643,0.676924
81.9358,-1.7411,-522.3057,0.677170
80.9992,-1.7443,-522.3448,0.677414
80.0648,-1.7454,-522.3674,0.677657
79.1227,-1.7459,-522.4003,0.677903
78.1877,-1.7474,-522.4297,0.678148
77.2476,-1.7495,-522.4567,0.678392
76.3059,-1.7523,-522.4808,0.678638
75.3538,-1.7552,-522.5018,0.678881
74.4271,-1.7582,-522.5183,0.679120
73.4826,-1.7604,-522.5313,0.679366
72.5409,-1.7615,-522.5402,0.679610
71.6003,-1.7620,-522.5426,0.679854
70.6528,-1.7620,-522.5381,0.680100
69.7106,-1.7621,-522.5273,0.680341
68.7672,-1.7619,-522.5107,0.680583
67.8192,-1.7616,-522.4876,0.680824
66.8757,-1.7611,-522.4576,0.681069
65.9323,-1.7606,-522.4203,0.681313
64.9830,-1.7597,-522.3734,0.681555
64.0385,-1.7590,-522.3206,0.681797
63.0964,-1.7579,-522.2607,0.682039
62.1493,-1.7558,-522.1931,0.682281
61.2048,-1.7525,-522.1177,0.682523
60.2617,-1.7478,-522.0349,0.682769
59.3159,-1.7414,-521.9440,0.683006
58.3731,-1.7333,-521.8458,0.683245
57.4305,-1.7232,-521.7388,0.683485
56.4838,-1.7114,-521.6248,0.683729
55.5473,-1.6981,-521.5043,0.683968
54.6137,-1.6837,-521.3766,0.684204
53.6755,-1.6683,-521.2411,0.684438
52.7463,-1.6530,-521.1000,0.684676
51.8209,-1.6383,-520.9528,0.684910
50.8931,-1.6244,-520.7982,0.685146
49.9738,-1.6105,-520.6368,0.685385
49.0583,-1.5961,-520.4697,0.685614
48.1405,-1.5807,-520.2950,0.685855
47.2296,-1.5646,-520.1142,0.686085
46.3274,-1.5480,-519.9277,0.686321
45.4207,-1.5313,-519.7335,0.686553
44.5173,-1.5150,-519.5327,0.686791
43.6210,-1.4988,-519.3247,0.687023
42.7204,-1.4828,-519.1050,0.687259
41.8239,-1.4666,-518.8778,0.687494
40.9302,-1.4501,-518.6418,0.687726
40.0375,-1.4327,-518.3969,0.687958
39.1521,-1.4142,-518.1438,0.688187
38.2680,-1.3949,-517.8798,0.688416
37.3877,-1.3749,-517.6061,0.688646
36.5128,-1.3543,-517.3228,0.688873
35.6431,-1.3326,-517.0296,0.689107
34.7750,-1.3098,-516.7226,0.689336
33.9166,-1.2855,-516.4080,0.689563
33.0574,-1.2590,-516.0803,0.689793
32.2027,-1.2302,-515.7412,0.690023
31.3599,-1.2003,-515.3931,0.690248
30.5193,-1.1693,-515.0336,0.690483
29.6815,-1.1377,-514.6637,0.690712
28.8519,-1.1063,-514.2859,0.690937
28.0265,-1.0750,-513.8971,0.691158
27.2012,-1.0436,-513.5015,0.691389
26.3834,-1.0122,-513.1041,0.691614
25.5636,-0.9803,-512.6993,0.691844
24.7483,-0.9485,-512.2898,0.692074
23.9385,-0.9168,-511.8757,0.692302
23.1279,-0.8846,-511.4537,0.692537
22.3183,-0.8514,-511.0240,0.692764
21.5143,-0.8166,-510.5860,0.693003
20.7160,-0.7800,-510.1421,0.693231
19.9147,-0.7409,-509.6874,0.693459
19.1209,-0.7003,-509.2282,0.693689
18.3300,-0.6587,-508.7636,0.693919
17.5358,-0.6162,-508.2898,0.694153
16.7519,-0.5734,-507.8144,0.694375
15.9660,-0.5296,-507.3300,0.694609
15.1837,-0.4853,-506.8373,0.694836
14.4064,-0.4412,-506.3406,0.695067
13.6299,-0.3972,-505.8355,0.695300
12.8566,-0.3531,-505.3214,0.695528
12.0898,-0.3083,-504.8001,0.695760
11.3260,-0.2621,-504.2684,0.695987
10.5646,-0.2138,-503.7259,0.696219
9.8125,-0.1644,-503.1772,0.696450
9.0658,-0.1131,-502.6184,0.696681
8.3227,-0.0605,-502.0511,0.696913
7.5880,-0.0072,-501.4766,0.697151
6.8572,0.0451,-500.8931,0.697384
6.1315,0.0954,-500.3042,0.697627
5.4086,0.1435,-499.7094,0.697867
4.6909,0.1899,-499.1100,0.698110
3.9731,0.2358,-498.4999,0.698360
3.2653,0.2812,-497.8868,0.698593
2.5613,0.3276,-497.2641,0.698833
1.8575,0.3750,-496.6314,0.699071
1.1636,0.4219,-495.9960,0.699308
0.4728,0.4682,-495.3529,0.699543
-0.2163,0.5142,-494.7026,0.699782
-0.8991,0.5591,-494.0500,0.700016
-1.5811,0.6046,-493.3918,0.700255
-2.2590,0.6499,-492.7326,0.700492
-2.9352,0.6939,-492.0698,0.700728
-3.6095,0.7372,-491.4062,0.700974
-4.2897,0.7805,-490.7325,0.701215
-4.9597,0.8227,-490.0645,0.701458
-5.6328,0.8644,-489.3882,0.701706
-6.3035,0.9046,-488.7096,0.701949
-6.9728,0.9438,-488.0280,0.702196
-7.6427,0.9825,-487.3407,0.702440
-8.3099,1.0211,-486.6501,0.702682
-8.9748,1.0602,-485.9570,0.702927
-9.6407,1.0998,-485.2578,0.703175
-10.3031,1.1396,-484.5574,0.703413
-10.9614,1.1788,-483.8559,0.703662
-11.6204,1.2181,-483.1485,0.703907
-12.2786,1.2572,-482.4356,0.704153
-12.9331,1.2963,-481.7206,0.704399
-13.5916,1.3362,-480.9946,0.704648
-14.2368,1.3759,-480.2776,0.704892
-14.8872,1.4165,-479.5493,0.705144
-15.5325,1.4571,-478.8206,0.705391
-16.1772,1.4977,-478.0864,0.705642
-16.8193,1.5384,-477.3492,0.705892
-17.4606,1.5799,-476.6064,0.706142
-18.0998,1.6224,-475.8602,0.706391
-18.7342,1.6653,-475.1131,0.706643
-19.3689,1.7083,-474.3584,0.706901
-20.0000,1.7502,-473.6026,0.707151
-20.6272,1.7911,-472.8463,0.707410
-21.2519,1.8314,-472.0899,0.707662
-21.8727,1.8714,-471.3369,0.707914
-22.4926,1.9116,-470.5834,0.708171
-23.1112,1.9516,-469.8297,0.708421
-23.7230,1.9928,-469.0823,0.708680
-24.3360,2.0344,-468.3318,0.708937
-24.9442,2.0755,-467.5858,0.709194
-25.5494,2.1167,-466.8419,0.709453
-26.1544,2.1578,-466.0969,0.709705
-26.7563,2.1984,-465.3544,0.709962
-27.3533,2.2386,-464.6168,0.710215
-27.9526,2.2789,-463.8753,0.710477
-28.5483,2.3190,-463.1371,0.710735
-29.1387,2.3591,-462.4040,0.710989
-29.7295,2.3996,-461.6696,0.711245
-30.3183,2.4400,-460.9366,0.711505
-30.9027,2.4797,-460.2083,0.711761
-31.4863,2.5186,-459.4810,0.712015
-32.0657,2.5568,-458.7591,0.712272
-32.6420,2.5944,-458.0422,0.712519
-33.2181,2.6312,-457.3289,0.712770
-33.7871,2.6667,-456.6299,0.713018
-34.3553,2.7017,-455.9359,0.713269
-34.9193,2.7361,-455.2506,0.713510
-35.4804,2.7704,-454.5701,0.713753
-36.0388,2.8046,-453.8918,0.713996
-36.5948,2.8387,-453.2166,0.714233
-37.1475,2.8723,-452.5468,0.714474
-37.7006,2.9053,-451.8801,0.714711
-38.2532,2.9375,-451.2198,0.714947
-38.8038,2.9688,-450.5665,0.715180
-39.3597,2.9994,-449.9113,0.715413
-39.9078,3.0288,-449.2701,0.715647
-40.4608,3.0576,-448.6301,0.715876
-41.0166,3.0858,-447.9953,0.716104
-41.5672,3.1134,-447.3743,0.716331
-42.1243,3.1411,-446.7549,0.716558
-42.6824,3.1688,-446.1450,0.716781
-43.2398,3.1966,-445.5432,0.717009
-43.7988,3.2245,-444.9482,0.717233
-44.3615,3.2523,-444.3561,0.717452
-44.9224,3.2799,-443.7724,0.717675
-45.4844,3.3071,-443.1938,0.717894
-46.0490,3.3344,-442.6180,0.718114
-46.6091,3.3611,-442.0516,0.718333
-47.1750,3.3879,-441.4852,0.718550
-47.7400,3.4144,-440.9260,0.718770
-48.3054,3.4406,-440.3712,0.718981
-48.8694,3.4665,-439.8239,0.719198
-49.4361,3.4921,-439.2811,0.719410
-50.0043,3.5174,-438.7466,0.719619
-50.5743,3.5426,-438.2212,0.719833
-51.1488,3.5678,-437.7011,0.720044
-51.7221,3.5927,-437.1914,0.720250
-52.2992,3.6175,-436.6887,0.720459
-52.8807,3.6424,-436.1901,0.720671
-53.4591,3.6669,-435.7037,0.720879
-54.0424,3.6915,-435.2233,0.721085
-54.6296,3.7159,-434.7507,0.721288
-55.2191,3.7406,-434.2868,0.721491
-55.8089,3.7654,-433.8331,0.721697
-56.4042,3.7910,-433.3843,0.721897
-56.9977,3.8173,-432.9412,0.722101
-57.5902,3.8446,-432.4974,0.722303
-58.1839,3.8728,-432.0555,0.722501
-58.7749,3.9018,-431.6194,0.722703
-59.3672,3.9319,-431.1857,0.722903
-59.9584,3.9631,-430.7565,0.723098
-60.5504,3.9956,-430.3301,0.723298
-61.1389,4.0294,-429.9097,0.723494
-61.7295,4.0637,-429.4932,0.723689
-62.3152,4.0969,-429.0865,0.723880
-62.9037,4.1292,-428.6855,0.724074
-63.4962,4.1604,-428.2885,0.724268
-64.0838,4.1904,-427.9012,0.724456
-64.6750,4.2194,-427.5179,0.724645
-65.2685,4.2473,-427.1390,0.724833
-65.8578,4.2739,-426.7690,0.725019
-66.4492,4.2995,-426.4044,0.725208
-67.0518,4.3257,-426.0575,0.725392
-67.6447,4.3533,-425.7070,0.725575
-68.2404,4.3785,-425.3453,0.725761
-68.8336,4.4080,-425.0271,0.725944
-69.4276,4.4342,-424.6979,0.726128
-70.0303,4.4498,-424.3529,0.726310
-70.6216,4.4866,-424.0538,0.726492
-71.2184,4.5117,-423.7416,0.726672
-71.8218,4.5220,-423.4188,0.726853
-72.4128,4.5621,-423.1406,0.727033
-73.0175,4.5839,-422.8301,0.727213
-73.6137,4.5894,-422.5464,0.727389
-74.2062,4.6358,-422.2863,0.727567
-74.8089,4.6508,-421.9975,0.727741
-75.4093,4.6561,-421.7324,0.727919
-75.9981,4.7081,-421.4949,0.728091
-76.6031,4.7197,-421.2293,0.728265
-77.2031,4.7248,-420.9881,0.728440
-77.7983,4.7798,-420.7564,0.728611
-78.3991,4.7852,-420.5330,0.728784
-78.9968,4.7903,-420.3205,0.728953
-79.5932,4.8457,-420.1162,0.729124
-80.1929,4.8518,-419.9201,0.729293
-80.7913,4.8581,-419.7313,0.729461
-81.3966,4.9001,-419.6311,0.729628
-81.9918,4.9306,-419.4680,0.729796
-82.5885,4.9623,-419.3174,0.729962
-83.1810,4.9929,-419.1723,0.730128
-83.7760,5.0225,-419.0328,0.730293
-84.3621,5.0426,-418.8926,0.730455
-84.9527,5.0564,-418.7546,0.730620
-85.5390,5.0649,-418.6153,0.730781
-86.1349,5.0645,-418.4785,0.730944
-86.7321,5.0881,-418.3803,0.731106
-87.3214,5.1109,-418.2917,0.731266
-87.9136,5.1334,-418.2091,0.731427
-88.5058,5.1553,-418.1280,0.731587
-89.0935,5.1766,-418.0500,0.731746
-89.6820,5.1970,-417.9763,0.731904
-90.2739,5.2173,-417.9069,0.732065
-90.8591,5.2373,-417.8423,0.732221
-91.4439,5.2569,-417.7840,0.732378
-92.0324,5.2769,-417.7282,0.732536
-92.6152,5.2963,-417.6763,0.732693
-93.1988,5.3154,-417.6258,0.732849
-93.7812,5.3340,-417.5786,0.733004
-94.3753,5.3711,-417.5349,0.733158
-94.9536,5.4187,-417.4935,0.733317
-95.5353,5.4162,-417.4518,0.733471
-96.1171,5.4159,-417.4096,0.733626
-96.6939,5.4633,-417.3662,0.733782
-97.2799,5.4600,-417.3285,0.733938
-97.8422,5.4955,-417.3070,0.734095
-98.4389,5.5025,-417.2612,0.734253
-99.0264,5.4991,-417.2318,0.734413
-99.5901,5.5364,-417.2187,0.734569
-100.1926,5.5422,-417.1837,0.734729
-100.7668,5.5631,-417.1805,0.734887
-101.3604,5.5774,-417.1715,0.735048
-101.9695,5.5865,-417.1574,0.735209
-102.5532,5.6066,-417.1723,0.735369
-103.1536,5.6241,-417.1652,0.735532
-103.7551,5.6449,-417.1769,0.735696
-104.3619,5.6665,-417.1937,0.735858
-104.9678,5.6889,-417.2146,0.736024
-105.5779,5.7124,-417.2410,0.736188
-106.1930,5.7365,-417.2712,0.736355
-106.8082,5.7615,-417.3064,0.736522
-107.4254,5.7876,-417.3461,0.736690
-108.0450,5.8144,-417.3901,0.736861
-108.6679,5.8417,-417.4399,0.737029
-109.2913,5.8697,-417.4950,0.737201
-109.9179,5.8984,-417.5560,0.737375
-110.5468,5.9278,-417.6227,0.737547
-111.1772,5.9576,-417.6962,0.737720
-111.8107,5.9880,-417.7744,0.737898
-112.4434,6.0179,-417.8582,0.738070
-113.0804,6.0471,-417.9481,0.738247
-113.7194,6.0757,-418.0437,0.738422
-114.3596,6.1038,-418.1450,0.738601
-115.0027,6.1315,-418.2529,0.738777
-115.6457,6.1592,-418.3665,0.738956
-116.2920,6.1869,-418.4879,0.739134
-116.9397,6.2149,-418.6140,0.739312
-117.5870,6.2432,-418.7448,0.739491
-118.2404,6.2717,-418.8812,0.739673
-118.8932,6.3001,-419.0223,0.739857
-119.5521,6.3286,-419.1693,0.740039
-120.2103,6.3571,-419.3199,0.740225
-120.8724,6.3856,-419.4705,0.740406
-121.5444,6.4144,-419.6208,0.740593
-122.2126,6.4433,-419.7693,0.740783
-122.8871,6.4723,-419.9193,0.740969
-123.5667,6.5011,-420.0721,0.741161
-124.2411,6.5295,-420.2274,0.741353
-124.9225,6.5582,-420.3883,0.741543
-125.6012,6.5866,-420.5523,0.741736
-126.2896,6.6151,-420.7219,0.741929
-126.9749,6.6433,-420.8943,0.742121
-127.6633,6.6714,-421.0696,0.742317
-128.3526,6.6994,-421.2475,0.742510
-129.0455,6.7275,-421.4283,0.742711
-129.7459,6.7556,-421.6125,0.742903
-130.4435,6.7834,-421.7980,0.743102
-131.1472,6.8115,-421.9870,0.743301
-131.8520,6.8397,-422.1784,0.743498
-132.5620,6.8681,-422.3737,0.743704
-133.2760,6.8966,-422.5716,0.743906
-133.9858,6.9250,-422.7702,0.744116
-134.6997,6.9538,-422.9719,0.744317
-135.4143,6.9828,-423.1755,0.744518
-136.1320,7.0120,-423.3818,0.744724
-136.8490,7.0413,-423.5896,0.744932
-137.5659,7.0704,-423.7992,0.745138
-138.2892,7.0999,-424.0128,0.745348
-139.0079,7.1293,-424.2265,0.745556
-139.7306,7.1587,-424.4432,0.745763
-140.4505,7.1879,-424.6612,0.745969
-141.1748,7.2172,-424.8837,0.746177
-141.8963,7.2463,-425.1103,0.746388
-142.6203,7.2754,-425.3432,0.746597
-143.3443,7.3045,-425.5813,0.746806
-144.0698,7.3337,-425.8258,0.747019
-144.7914,7.3628,-426.0763,0.747231
-145.5174,7.3920,-426.3332,0.747444
-146.2427,7.4209,-426.5959,0.747655
-146.9728,7.4495,-426.8664,0.747868
-147.6964,7.4776,-427.1411,0.748082
-148.4227,7.5056,-427.4234,0.748299
-149.1551,7.5337,-427.7147,0.748513
-149.8836,7.5616,-428.0095,0.748728
-150.6156,7.5897,-428.3074,0.748947
-151.3524,7.6183,-428.6077,0.749167
-152.0917,7.6472,-428.9122,0.749385
-152.8351,7.6764,-429.2231,0.749609
-153.5697,7.7055,-429.5355,0.749829
-154.3129,7.7354,-429.8563,0.750046
-155.0540,7.7656,-430.1804,0.750277
-155.8001,7.7963,-430.5079,0.750503
-156.5484,7.8274,-430.8378,0.750728
-157.2966,7.8588,-431.1710,0.750950
-158.0506,7.8905,-431.5121,0.751179
-158.8007,7.9219,-431.8566,0.751403
-159.5534,7.9534,-432.2069,0.751636
-160.3094,7.9848,-432.5630,0.751866
-161.0631,8.0157,-432.9211,0.752094
-161.8255,8.0467,-433.2851,0.752324
-162.5895,8.0776,-433.6534,0.752560
-163.3567,8.1085,-434.0258,0.752792
-164.1216,8.1392,-434.3999,0.753025
-164.8956,8.1701,-434.7798,0.753263
-165.6680,8.2010,-435.1605,0.753502
-166.4460,8.2321,-435.5460,0.753736
-167.2283,8.2635,-435.9355,0.753977
-168.0077,8.2952,-436.3256,0.754220
-168.7937,8.3273,-436.7208,0.754460
-169.5803,8.3597,-437.1184,0.754702
-170.3697,8.3921,-437.5189,0.754946
-171.1610,8.4243,-437.9222,0.755189
-171.9548,8.4566,-438.3286,0.755432
-172.7476,8.4885,-438.7362,0.755671
-173.5463,8.5209,-439.1487,0.755916
-174.3363,8.5532,-439.5577,0.756163
-175.1327,8.5861,-439.9702,0.756401
-175.9312,8.6194,-440.3843,0.756645
-176.7262,8.6529,-440.7967,0.756883
-177.5167,8.6863,-441.2070,0.757125
-178.3083,8.7199,-441.6180,0.757366
-179.0994,8.7536,-442.0289,0.757599
-179.8839,8.7869,-442.4363,0.757832
-180.6699,8.8203,-442.8441,0.758072
-181.4550,8.8534,-443.2503,0.758306
-182.2337,8.8863,-443.6517,0.758534
-183.0155,8.9195,-444.0535,0.758769
-183.7928,8.9527,-444.4521,0.758997
-184.5711,8.9860,-444.8501,0.759225
-185.3491,9.0194,-445.2471,0.759456
-186.1219,9.0528,-445.6405,0.759681
-186.8932,9.0864,-446.0320,0.759907
-187.6638,9.1202,-446.4221,0.760135
-188.4329,9.1538,-446.8105,0.760360
-189.1972,9.1870,-447.1955,0.760584
-189.9640,9.2196,-447.5810,0.760806
-190.7285,9.2514,-447.9644,0.761030
-191.4874,9.2823,-448.3441,0.761253
-192.2483,9.3123,-448.7238,0.761474
-193.0083,9.3422,-449.1023,0.761695
-193.7655,9.3717,-449.4784,0.761917
-194.5195,9.4010,-449.8521,0.762138
-195.2736,9.4308,-450.2245,0.762358
-196.0261,9.4604,-450.5951,0.762576
-196.7756,9.4901,-450.9625,0.762797
-197.5256,9.5197,-451.3286,0.763012
-198.2748,9.5495,-451.6929,0.763231
-199.0218,9.5793,-452.0546,0.763448
-199.7712,9.6093,-452.4162,0.763666
-200.5107,9.6385,-452.7714,0.763881
-201.2535,9.6678,-453.1255,0.764098
-201.9944,9.6969,-453.4771,0.764312
-202.7346,9.7258,-453.8263,0.764521
-203.4744,9.7546,-454.1733,0.764739
-204.2141,9.7834,-454.5182,0.764952
-204.9469,9.8119,-454.8581,0.765159
-205.6826,9.8408,-455.1971,0.765372
-206.4173,9.8694,-455.5329,0.765582
-207.1496,9.8976,-455.8646,0.765795
-207.8803,9.9253,-456.1932,0.766003
-208.6129,9.9528,-456.5202,0.766210
-209.3384,9.9798,-456.8415,0.766417
-210.0646,10.0066,-457.1609,0.766625
-210.7943,10.0333,-457.4793,0.766836
-211.5146,10.0595,-457.7912,0.767040
-212.2406,10.0859,-458.1031,0.767248
-212.9604,10.1118,-458.4094,0.767448
-213.6839,10.1381,-458.7153,0.767650
-214.4008,10.1642,-459.0171,0.767852
-215.1174,10.1909,-459.3194,0.768055
-215.8282,10.2174,-459.6197,0.768253
-216.5402,10.2441,-459.9203,0.768454
-217.2513,10.2705,-460.2206,0.768656
-217.9535,10.2964,-460.5170,0.768850
-218.6581,10.3222,-460.8142,0.769046
-219.3661,10.3478,-461.1128,0.769249
-220.0626,10.3731,-461.4064,0.769442
-220.7626,10.3987,-461.7012,0.769640
-221.4599,10.4243,-461.9943,0.769836
-222.1567,10.4501,-462.2866,0.770034
-222.8487,10.4757,-462.5763,0.770229
-223.5439,10.5018,-462.8660,0.770422
-224.2343,10.5278,-463.1521,0.770615
-224.9244,10.5538,-463.4361,0.770805
-225.6150,10.5798,-463.7191,0.770997
-226.3051,10.6057,-463.9998,0.771187
-226.9914,10.6315,-464.2758,0.771375
-227.6801,10.6572,-464.5483,0.771564
-228.3691,10.6833,-464.8163,0.771757
-229.0568,10.7096,-465.0797,0.771942
-229.7431,10.7359,-465.3385,0.772129
-230.4318,10.7623,-465.5941,0.772314
-231.1161,10.7886,-465.8452,0.772497
-231.8024,10.8148,-466.0935,0.772685
-232.4852,10.8408,-466.3366,0.772868
-233.1695,10.8667,-466.5762,0.773050
-233.8521,10.8927,-466.8117,0.773231
-234.5329,10.9187,-467.0425,0.773409
-235.2153,10.9447,-467.2704,0.773591
-235.8972,10.9704,-467.4933,0.773770
-236.5787,10.9957,-467.7111,0.773951
-237.2635,11.0209,-467.9210,0.774126
-237.9471,11.0459,-468.1215,0.774301
-238.6327,11.0709,-468.3137,0.774476
-239.3194,11.0958,-468.4965,0.774651
-240.0070,11.1204,-468.6704,0.774827
-240.6941,11.1448,-468.8343,0.774999
-241.3848,11.1688,-468.9867,0.775176
-242.0788,11.1927,-469.1317,0.775352
-242.7606,11.2159,-469.2653,0.775523
-243.4432,11.2391,-469.3988,0.775694
-244.1213,11.2620,-469.5346,0.775864
-244.7953,11.2848,-469.6690,0.776035
-245.4710,11.3075,-469.8010,0.776205
-246.1468,11.3300,-469.9233,0.776374
-246.8246,11.3525,-470.0334,0.776539
-247.5072,11.3747,-470.1300,0.776707
-248.1878,11.3971,-470.2160,0.776875
-248.8692,11.4196,-470.2907,0.777042
-249.5509,11.4421,-470.3539,0.777202
-250.2325,11.4645,-470.4045,0.777365
-250.9108,11.4866,-470.4421,0.777530
-251.5888,11.5086,-470.4679,0.777691
-252.2652,11.5303,-470.4814,0.777854
-252.9400,11.5520,-470.4805,0.778012
-253.6093,11.5735,-470.4743,0.778173
-254.2724,11.5949,-470.4685,0.778334
-254.9353,11.6165,-470.4606,0.778492
-255.5943,11.6378,-470.4478,0.778652
-256.2496,11.6590,-470.4299,0.778807
-256.9038,11.6800,-470.4070,0.778970
-257.5591,11.7008,-470.3795,0.779122
-258.2099,11.7214,-470.3472,0.779279
-258.8574,11.7418,-470.3121,0.779436
-259.5051,11.7622,-470.2724,0.779593
-260.1521,11.7826,-470.2281,0.779746
-260.7947,11.8030,-470.1795,0.779898
-261.4380,11.8236,-470.1267,0.780060
-262.0811,11.8442,-470.0694,0.780215
-262.7214,11.8645,-470.0080,0.780363
-263.3613,11.8847,-469.9413,0.780519
-264.0010,11.9047,-469.8701,0.780671
-264.6418,11.9244,-469.7889,0.780824
-265.2814,11.9439,-469.6964,0.780980
-265.9197,11.9632,-469.5932,0.781128
-266.5572,11.9823,-469.4797,0.781286
-267.1934,12.0013,-469.3561,0.781434
-267.8253,12.0199,-469.2223,0.781591
-268.4577,12.0383,-469.0753,0.781741
-269.0840,12.0563,-468.9226,0.781893
-269.7073,12.0739,-468.7585,0.782047
-270.3267,12.0910,-468.5824,0.782196
-270.9485,12.1052,-468.3937,0.782345
-271.5589,12.1244,-468.1981,0.782496
-272.1678,12.1426,-467.9901,0.782644
-272.7726,12.1600,-467.7722,0.782796
-273.3700,12.1762,-467.5464,0.782940
-273.9691,12.1913,-467.3069,0.783095
-274.5617,12.2060,-467.0614,0.783246
-275.1496,12.2205,-466.8054,0.783395
-275.7391,12.2348,-466.5369,0.783544
-276.3252,12.2490,-466.2592,0.783703
-276.9062,12.2630,-465.9758,0.783851
-277.4895,12.2768,-465.6857,0.784002
-278.0723,12.2909,-465.3876,0.784159
-278.6545,12.3053,-465.0787,0.784320
-279.2325,12.3198,-464.7644,0.784467
-279.8090,12.3349,-464.4437,0.784624
-280.3867,12.3502,-464.1214,0.784782
-280.9676,12.3659,-463.7975,0.784938
-281.5470,12.3815,-463.4717,0.785093
-282.1264,12.3970,-463.1413,0.785253
-282.7086,12.4129,-462.7995,0.785409
-283.2874,12.4288,-462.4425,0.785575
-283.8609,12.4449,-462.0748,0.785733
-284.4302,12.4609,-461.6958,0.785899
-284.9980,12.4770,-461.3050,0.786056
-285.5596,12.4928,-460.9052,0.786219
-286.1187,12.5089,-460.4942,0.786382
-286.6725,12.5253,-460.0734,0.786549
-287.2223,12.5419,-459.6416,0.786712
-287.7672,12.5589,-459.1979,0.786878
-288.3083,12.5765,-458.7577,0.787046
-288.8502,12.5945,-458.3182,0.787207
-289.3950,12.6128,-457.8740,0.787375
-289.9379,12.6317,-457.4255,0.787542
-290.4754,12.6510,-456.9741,0.787710
-291.0167,12.6706,-456.5106,0.787878
-291.5530,12.6904,-456.0369,0.788046
-292.0819,12.7103,-455.5508,0.788221
-292.6047,12.7304,-455.0504,0.788395
-293.1243,12.7505,-454.5393,0.788568
-293.6340,12.7709,-454.0218,0.788742
-294.1386,12.7915,-453.4985,0.788909
-294.6435,12.8127,-452.9661,0.789088
-295.1405,12.8339,-452.4307,0.789261
-295.6347,12.8558,-451.8860,0.789435
-296.1216,12.8780,-451.3359,0.789616
-296.6012,12.9006,-450.7784,0.789792
-297.0782,12.9232,-450.2154,0.789971
-297.5512,12.9460,-449.6532,0.790149
-298.0222,12.9691,-449.0863,0.790331
-298.4887,12.9926,-448.5164,0.790507
-298.9514,13.0161,-447.9422,0.790690
-299.4092,13.0394,-447.3647,0.790872
-299.8647,13.0623,-446.7805,0.791051
-300.3163,13.0847,-446.1898,0.791234
-300.7622,13.1066,-445.5987,0.791417
-301.2072,13.1284,-444.9999,0.791595
-301.6451,13.1500,-444.4008,0.791778
-302.0821,13.1714,-443.7895,0.791957
-302.5064,13.1921,-443.1727,0.792145
-302.9196,13.2119,-442.5453,0.792331
-303.3222,13.2312,-441.9084,0.792515
-303.7100,13.2496,-441.2652,0.792700
-304.0905,13.2677,-440.6133,0.792883
-304.4581,13.2855,-439.9562,0.793067
-304.8141,13.3028,-439.2913,0.793252
-305.1571,13.3191,-438.6217,0.793444
-305.4907,13.3347,-437.9425,0.793623
-305.8104,13.3497,-437.2655,0.793809
-306.1280,13.3644,-436.5865,0.793994
-306.4457,13.3790,-435.9111,0.794179
-306.7637,13.3936,-435.2347,0.794366
-307.0786,13.4071,-434.5588,0.794558
-307.3905,13.4197,-433.8830,0.794747
-307.7028,13.4312,-433.2007,0.794933
-308.0128,13.4419,-432.5180,0.795125
-308.3227,13.4515,-431.8315,0.795312
-308.6310,13.4608,-431.1436,0.795507
-308.9553,13.4756,-430.4457,0.795701
-309.2476,13.4884,-429.7432,0.795896
-309.5577,13.5075,-429.0632,0.796082
-309.8538,13.5214,-428.3591,0.796280
-310.1365,13.5218,-427.6301,0.796475
-310.4201,13.5146,-426.9126,0.796668
-310.7029,13.5565,-426.2074,0.796867
-310.9592,13.5492,-425.4649,0.797061
-311.2155,13.5086,-424.7417,0.797259
-311.4720,13.5094,-424.0103,0.797458
-311.7562,13.5272,-423.2830,0.797653
-311.9893,13.5380,-422.5421,0.797848
-312.2150,13.5469,-421.7935,0.798048
-312.4316,13.5542,-421.0492,0.798249
-312.6512,13.5618,-420.3020,0.798447
-312.8299,13.5532,-419.5495,0.798646
-313.0519,13.5504,-418.8043,0.798848
-313.2706,13.5474,-418.0569,0.799050
-313.4860,13.5448,-417.3101,0.799249
-313.7026,13.5416,-416.5561,0.799455
-313.9166,13.5383,-415.8087,0.799655
-314.1311,13.5351,-415.0560,0.799858
-314.3441,13.5319,-414.3022,0.800060
-314.5545,13.5278,-413.5479,0.800265
-314.7637,13.5233,-412.7875,0.800472
-314.9711,13.5186,-412.0262,0.800676
-315.1776,13.5139,-411.2627,0.800885
-315.3817,13.5081,-410.5020,0.801091
-315.5860,13.5017,-409.7346,0.801300
-315.7893,13.4954,-408.9658,0.801506
-315.9921,13.4889,-408.1942,0.801715
-316.1934,13.4816,-407.4220,0.801924
-316.3916,13.4740,-406.6564,0.802129
-316.5904,13.4657,-405.8801,0.802340
-316.7884,13.4577,-405.1014,0.802551
-316.9830,13.4493,-404.3236,0.802759
-317.1748,13.4409,-403.5446,0.802970
-317.3661,13.4322,-402.7585,0.803180
-317.5533,13.4238,-401.9779,0.803389
-317.7400,13.4154,-401.1891,0.803603
-317.9242,13.4071,-400.3963,0.803816
-318.1039,13.3988,-399.6092,0.804029
-318.2806,13.3909,-398.8169,0.804241
-318.4563,13.3827,-398.0179,0.804457
-318.6279,13.3747,-397.2220,0.804669
-318.7973,13.3666,-396.4233,0.804882
-318.9638,13.3585,-395.6210,0.805095
-319.1265,13.3500,-394.8208,0.805308
-319.2874,13.3409,-394.0127,0.805521
-319.4448,13.3319,-393.2055,0.805737
-319.6013,13.3230,-392.4010,0.805950
-319.7593,13.3128,-391.5885,0.806170
-319.9153,13.3018,-390.7816,0.806384
-320.0707,13.2906,-389.9716,0.806604
-320.2263,13.2791,-389.1588,0.806822
-320.3812,13.2664,-388.3457,0.807039
-320.5355,13.2528,-387.5331,0.807256
-320.6902,13.2390,-386.7155,0.807476
-320.8453,13.2248,-385.8957,0.807696
-320.9996,13.2093,-385.0801,0.807914
-321.1556,13.1934,-384.2534,0.808137
-321.3111,13.1777,-383.4318,0.808357
-321.4666,13.1620,-382.6109,0.808579
-321.6232,13.1448,-381.7844,0.808802
-321.7799,13.1280,-380.9555,0.809023
-321.9348,13.1115,-380.1271,0.809243
-322.0873,13.0946,-379.2931,0.809466
-322.2379,13.0775,-378.4550,0.809691
-322.3863,13.0608,-377.6166,0.809916
-322.5319,13.0443,-376.7777,0.810142
-322.6757,13.0272,-375.9333,0.810367
-322.8162,13.0104,-375.0892,0.810594
-322.9541,12.9939,-374.2415,0.810821
-323.0890,12.9771,-373.3929,0.811048
-323.2230,12.9603,-372.5431,0.811275
-323.4015,12.9511,-371.7007,0.811504
-323.5385,12.9248,-370.8487,0.811729
-323.6750,12.8977,-369.9970,0.811958
-323.8121,12.8702,-369.1435,0.812186
-323.9514,12.8426,-368.2874,0.812418
-324.0910,12.8149,-367.4332,0.812645
-324.1890,12.7774,-366.5616,0.812877
-324.3307,12.7563,-365.6987,0.813109
-324.4711,12.7350,-364.8357,0.813339
-324.6107,12.7126,-363.9678,0.813572
-324.7515,12.7087,-363.0842,0.813800
-324.8873,12.6792,-362.2145,0.814035
-325.0209,12.6501,-361.3429,0.814265
-325.1618,12.6689,-360.4847,0.814505
-325.2935,12.6429,-359.6091,0.814734
-325.4157,12.6126,-358.7169,0.814970
-325.5482,12.5584,-357.8405,0.815209
-325.6757,12.5347,-356.9740,0.815441
-325.8116,12.5080,-356.0957,0.815677
-325.9515,12.4810,-355.2067,0.815914
-326.0921,12.4579,-354.3255,0.816150
-326.2357,12.4346,-353.4379,0.816389
-326.3797,12.4110,-352.5480,0.816627
-326.5242,12.3876,-351.6605,0.816863
-326.6698,12.3640,-350.7704,0.817100
-326.8161,12.3406,-349.8749,0.817340
-326.9621,12.3172,-348.9828,0.817580
-327.1090,12.2932,-348.0833,0.817821
-327.2586,12.2732,-347.1853,0.818060
-327.4060,12.2475,-346.2811,0.818303
-327.5523,12.2217,-345.3789,0.818544
-327.6987,12.1964,-344.4720,0.818786
-327.8444,12.1713,-343.5624,0.819028
-327.9882,12.1467,-342.6519,0.819274
-328.1306,12.1217,-341.7345,0.819517
-328.2689,12.0970,-340.8206,0.819761
-328.4055,12.0718,-339.8987,0.820006
-328.5393,12.0464,-338.9750,0.820252
-328.6694,12.0210,-338.0540,0.820495
-328.7972,11.9956,-337.1263,0.820741
-328.9221,11.9703,-336.1972,0.820988
-329.0438,11.9451,-335.2650,0.821235
-329.1624,11.9195,-334.3333,0.821483
-329.2784,11.8939,-333.3972,0.821731
-329.3910,11.8685,-332.4605,0.821981
-329.5009,11.8437,-331.5197,0.822225
-329.6081,11.8195,-330.5759,0.822481
-329.7141,11.7958,-329.6326,0.822727
-329.8200,11.7734,-328.6888,0.822976
-329.9254,11.7530,-327.7403,0.823229
-330.0299,11.7341,-326.7951,0.823481
-330.1329,11.7147,-325.8497,0.823731
-330.2361,11.6955,-324.8969,0.823980
-330.3379,11.6751,-323.9438,0.824231
-330.4384,11.6551,-322.9859,0.824485
-330.5370,11.6357,-322.0267,0.824740
-330.6292,11.6177,-321.0667,0.824995
-330.7220,11.5959,-320.1080,0.825248
-330.8145,11.5737,-319.1373,0.825505
-330.9042,11.5512,-318.1779,0.825759
-330.9932,11.5283,-317.2091,0.826014
-331.0804,11.5049,-316.2382,0.826271
-331.1657,11.4819,-315.2706,0.826527
-331.2497,11.4589,-314.2965,0.826784
-331.3317,11.4359,-313.3213,0.827038
-331.4110,11.4128,-312.3451,0.827295
-331.4888,11.3898,-311.3654,0.827556
-331.5643,11.3670,-310.3860,0.827811
-331.6375,11.3445,-309.4032,0.828072
-331.7082,11.3216,-308.4165,0.828329
-331.7751,11.2983,-307.4326,0.828590
-331.8392,11.2744,-306.4429,0.828851
-331.9001,11.2503,-305.4519,0.829111
-331.9572,11.2257,-304.4554,0.829373
-332.0107,11.2015,-303.4652,0.829630
-332.0609,11.1768,-302.4709,0.829898
-332.1083,11.1516,-301.4652,0.830159
-332.1517,11.1262,-300.4672,0.830420
-332.1915,11.1010,-299.4681,0.830684
-332.2275,11.0760,-298.4586,0.830946
-332.2588,11.0515,-297.4573,0.831209
-332.2860,11.0278,-296.4487,0.831474
-332.3086,11.0052,-295.4373,0.831736
-332.3273,10.9826,-294.4277,0.832003
-332.3420,10.9599,-293.4141,0.832269
-332.3527,10.9368,-292.3969,0.832533
-332.3592,10.9138,-291.3798,0.832801
-332.3615,10.8915,-290.3615,0.833067
-332.3595,10.8702,-289.3444,0.833332
-332.3527,10.8494,-288.3215,0.833603
-332.3409,10.8293,-287.2959,0.833868
-332.3257,10.8089,-286.2685,0.834139
-332.3061,10.7892,-285.2463,0.834405
-332.2820,10.7697,-284.2185,0.834673
-332.2537,10.7509,-283.1881,0.834943
-332.2225,10.7321,-282.1598,0.835217
-332.1899,10.7131,-281.1276,0.835487
-332.1560,10.6942,-280.0982,0.835758
-332.1200,10.6760,-279.0669,0.836028
-332.0820,10.6584,-278.0342,0.836299
-332.0419,10.6414,-277.0010,0.836571
-331.9988,10.6252,-275.9711,0.836843
-331.9532,10.6096,-274.9426,0.837112
-331.9050,10.5939,-273.9128,0.837383
-331.8548,10.5781,-272.8914,0.837652
-331.8022,10.5622,-271.8702,0.837921
-331.7467,10.5465,-270.8488,0.838190
-331.6891,10.5313,-269.8318,0.838456
-331.6287,10.5170,-268.8178,0.838722
-331.5659,10.5029,-267.8073,0.838989
-331.5005,10.4887,-266.7988,0.839254
-331.4327,10.4744,-265.7943,0.839521
-331.3619,10.4603,-264.7850,0.839785
-331.2893,10.4472,-263.7886,0.840048
-331.2139,10.4347,-262.7922,0.840311
-331.1352,10.4223,-261.7921,0.840574
-331.0552,10.4103,-260.8020,0.840835
-330.9727,10.3982,-259.8103,0.841095
-330.8878,10.3859,-258.8204,0.841356
-330.8006,10.3736,-257.8356,0.841614
-330.7112,10.3610,-256.8539,0.841876
-330.6194,10.3480,-255.8723,0.842136
-330.5255,10.3345,-254.8943,0.842394
-330.4292,10.3203,-253.9206,0.842652
-330.3311,10.3064,-252.9471,0.842908
-330.2314,10.2928,-251.9802,0.843167
-330.1295,10.2794,-251.0111,0.843425
-330.0258,10.2660,-250.0454,0.843679
-329.9201,10.2520,-249.0840,0.843931
-329.8123,10.2381,-248.1225,0.844187
-329.7025,10.2238,-247.1656,0.844438
-329.5902,10.2094,-246.2112,0.844692
-329.4760,10.1948,-245.2577,0.844945
-329.3597,10.1797,-244.3059,0.845196
-329.2417,10.1643,-243.3592,0.845448
-329.1216,10.1486,-242.4134,0.845701
-328.9983,10.1327,-241.4601,0.845952
-328.8756,10.1172,-240.5306,0.846197
-328.7495,10.1015,-239.5914,0.846450
-328.6209,10.0867,-238.6552,0.846695
-328.4916,10.0721,-237.7258,0.846943
-328.3595,10.0576,-236.7935,0.847193
-328.2258,10.0430,-235.8637,0.847437
-328.0916,10.0285,-234.9417,0.847683
-327.9550,10.0141,-234.0163,0.847929
-327.8167,9.9999,-233.0907,0.848177
-327.6779,9.9865,-232.1772,0.848417
-327.5343,9.9729,-231.2531,0.848665
-327.3895,9.9596,-230.3420,0.848908
-327.2399,9.9457,-229.4247,0.849150
-327.0876,9.9317,-228.5117,0.849395
-326.9321,9.9172,-227.6035,0.849636
-326.7747,9.9021,-226.6962,0.849879
-326.6177,9.8869,-225.7893,0.850122
-326.4624,9.8709,-224.8886,0.850361
-326.3067,9.8539,-223.9883,0.850604
-326.1506,9.8366,-223.0860,0.850846
-325.9954,9.8187,-222.1910,0.851084
-325.8397,9.8004,-221.2943,0.851324
-325.6842,9.7824,-220.4019,0.851563
-325.5286,9.7643,-219.5076,0.851805
-325.3719,9.7470,-218.6148,0.852044
-325.2140,9.7298,-217.7263,0.852281
-325.0535,9.7124,-216.8352,0.852518
-324.8906,9.6948,-215.9460,0.852758
-324.7254,9.6769,-215.0558,0.852995
-324.5597,9.6592,-214.1729,0.853233
-324.3936,9.6413,-213.2894,0.853470
-324.2282,9.6234,-212.4053,0.853707
-324.0647,9.6052,-211.5291,0.853942
-323.9002,9.5862,-210.6483,0.854178
-323.7358,9.5668,-209.7690,0.854415
-323.5721,9.5472,-208.8929,0.854652
-323.4079,9.5278,-208.0157,0.854886
-323.2437,9.5083,-207.1366,0.855124
-323.0803,9.4889,-206.2583,0.855361
-322.9185,9.4694,-205.3853,0.855594
-322.7571,9.4495,-204.5084,0.855830
-322.5970,9.4298,-203.6336,0.856065
-322.4376,9.4093,-202.7555,0.856302
-322.2796,9.3891,-201.8783,0.856538
-322.1229,9.3688,-201.0015,0.856774
-321.9673,9.3482,-200.1237,0.857009
-321.8128,9.3273,-199.2448,0.857248
-321.6581,9.3053,-198.3621,0.857484
-321.5036,9.2826,-197.4840,0.857720
-321.3492,9.2596,-196.6055,0.857958
-321.1945,9.2362,-195.7248,0.858193
-321.0398,9.2122,-194.8440,0.858428
-320.8852,9.1878,-193.9635,0.858666
-320.7299,9.1633,-193.0792,0.858903
-320.5753,9.1377,-192.2003,0.859141
-320.4192,9.1110,-191.3132,0.859378
-320.2640,9.0836,-190.4312,0.859615
-320.1090,9.0558,-189.5503,0.859851
-319.9536,9.0276,-188.6669,0.860089
-319.7983,8.9988,-187.7834,0.860327
-319.6423,8.9700,-186.8960,0.860564
-319.4868,8.9407,-186.0127,0.860803
-319.3302,8.9111,-185.1228,0.861042
-319.1746,8.8813,-184.2383,0.861280
-319.0185,8.8507,-183.3519,0.861515
-318.8618,8.8200,-182.4611,0.861757
-318.7060,8.7884,-181.5753,0.861992
-318.5496,8.7559,-180.6868,0.862234
-318.3929,8.7223,-179.7971,0.862470
-318.2357,8.6883,-178.9051,0.862712
-318.0789,8.6540,-178.0151,0.862951
-317.9213,8.6191,-177.1230,0.863189
-317.7631,8.5841,-176.2293,0.863432
-317.6045,8.5490,-175.3366,0.863672
-317.4448,8.5131,-174.4398,0.863911
-317.2855,8.4770,-173.5463,0.864152
-317.1253,8.4406,-172.6534,0.864392
-316.9647,8.4027,-171.7568,0.864634
-316.8041,8.3647,-170.8610,0.864874
-316.6434,8.3257,-169.9659,0.865114
-316.4821,8.2867,-169.0675,0.865356
-316.3206,8.2477,-168.1677,0.865599
-316.1594,8.2085,-167.2706,0.865840
-315.9974,8.1691,-166.3702,0.866082
-315.8351,8.1293,-165.4692,0.866324
-315.6731,8.0895,-164.5706,0.866566
-315.5104,8.0488,-163.6698,0.866806
-315.3472,8.0078,-162.7673,0.867050
-315.1841,7.9665,-161.8636,0.867293
-315.0217,7.9250,-160.9629,0.867538
-314.8590,7.8825,-160.0585,0.867780
-314.6964,7.8399,-159.1553,0.868023
-314.5336,7.7962,-158.2484,0.868268
-314.3716,7.7529,-157.3448,0.868510
-314.2093,7.7081,-156.4391,0.868755
-314.0468,7.6630,-155.5306,0.868999
-313.8848,7.6173,-154.6235,0.869243
-313.7224,7.5708,-153.7147,0.869488
-313.5605,7.5240,-152.8064,0.869732
-313.3980,7.4764,-151.8948,0.869979
-313.2361,7.4285,-150.9851,0.870223
-313.0739,7.3803,-150.0731,0.870469
-312.9113,7.3318,-149.1586,0.870714
-312.7496,7.2836,-148.2495,0.870959
-312.5864,7.2351,-147.3318,0.871206
-312.4243,7.1874,-146.4197,0.871453
-312.2615,7.1402,-145.5035,0.871698
-312.0989,7.0935,-144.5875,0.871945
-311.9362,7.0465,-143.6705,0.872191
-311.7730,6.9989,-142.7490,0.872440
-311.6104,6.9509,-141.8305,0.872687
-311.4475,6.9026,-140.9106,0.872937
-311.2851,6.8540,-139.9924,0.873184
-311.1221,6.8051,-139.0712,0.873431
-310.9591,6.7554,-138.1505,0.873678
-310.7955,6.7051,-137.2263,0.873927
-310.6324,6.6547,-136.3037,0.874174
-310.4692,6.6048,-135.3810,0.874422
-310.3049,6.5549,-134.4515,0.874674
-310.1413,6.5056,-133.5255,0.874923
-309.9778,6.4564,-132.6006,0.875171
-309.8139,6.4072,-131.6726,0.875421
-309.6496,6.3586,-130.7419,0.875672
-309.4857,6.3102,-129.8136,0.875922
-309.3215,6.2626,-128.8829,0.876175
-309.1575,6.2159,-127.9537,0.876423
-308.9932,6.1695,-127.0218,0.876673
-308.8280,6.1230,-126.0859,0.876925
-308.6637,6.0768,-125.1540,0.877177
-308.4992,6.0308,-124.2211,0.877425
-308.3340,5.9847,-123.2846,0.877680
-308.1691,5.9394,-122.3488,0.877931
-308.0042,5.8948,-121.4129,0.878182
-307.8390,5.8502,-120.4743,0.878434
-307.6742,5.8056,-119.5366,0.878687
-307.5099,5.7609,-118.5996,0.878938
-307.3444,5.7158,-117.6553,0.879194
-307.1794,5.6713,-116.7130,0.879448
-307.0148,5.6268,-115.7728,0.879699
-306.8507,5.5826,-114.8340,0.879952
-306.6850,5.5378,-113.8879,0.880208
-306.5197,5.4929,-112.9439,0.880461
-306.3548,5.4483,-112.0029,0.880714
-306.1876,5.4040,-111.0532,0.880969
-306.0206,5.3603,-110.1085,0.881223
-305.8530,5.3168,-109.1636,0.881476
-305.6839,5.2731,-108.2134,0.881735
-305.5158,5.2293,-107.2713,0.881985
-305.3463,5.1853,-106.3217,0.882242
-305.1763,5.1418,-105.3695,0.882499
-305.0069,5.0991,-104.4208,0.882753
-304.8375,5.0570,-103.4738,0.883010
-304.6669,5.0154,-102.5190,0.883267
-304.4969,4.9739,-101.5685,0.883520
-304.3270,4.9321,-100.6190,0.883777
-304.1561,4.8899,-99.6633,0.884032
-303.9864,4.8479,-98.7146,0.884289
-303.8162,4.8061,-97.7589,0.884546
-303.6465,4.7646,-96.8026,0.884806
-303.4777,4.7239,-95.8486,0.885061
-303.3093,4.6838,-94.8927,0.885317
-303.1412,4.6441,-93.9366,0.885575
-302.9731,4.6049,-92.9786,0.885834
-302.8051,4.5655,-92.0203,0.886091
-302.6373,4.5261,-91.0605,0.886349
-302.4707,4.4869,-90.1047,0.886605
-302.3034,4.4473,-89.1422,0.886866
-302.1368,4.4079,-88.1817,0.887124
-301.9707,4.3692,-87.2221,0.887381
-301.8045,4.3311,-86.2605,0.887639
-301.6379,4.2936,-85.2968,0.887900
-301.4713,4.2570,-84.3317,0.888157
-301.3047,4.2211,-83.3686,0.888415
-301.1378,4.1852,-82.4023,0.888676
-300.9716,4.1491,-81.4405,0.888935
-300.8049,4.1131,-80.4754,0.889193
-300.6380,4.0777,-79.5073,0.889455
-300.4714,4.0425,-78.5415,0.889712
-300.3042,4.0088,-77.5735,0.889974
-300.1375,3.9759,-76.6048,0.890232
-299.9706,3.9443,-75.6363,0.890494
-299.8042,3.9134,-74.6689,0.890755
-299.6368,3.8822,-73.6964,0.891016
-299.4705,3.8521,-72.7304,0.891275
-299.3034,3.8216,-71.7595,0.891536
-299.1359,3.7915,-70.7861,0.891797
-298.9695,3.7618,-69.8184,0.892056
-298.8023,3.7321,-68.8457,0.892318
-298.6349,3.7026,-67.8712,0.892581
-298.4683,3.6734,-66.9008,0.892842
-298.3013,3.6445,-65.9281,0.893103
-298.1339,3.6156,-64.9526,0.893366
-297.9665,3.5871,-63.9778,0.893627
-297.7994,3.5589,-63.0041,0.893889
-297.6319,3.5308,-62.0281,0.894150
-297.4654,3.5027,-61.0572,0.894411
-297.2980,3.4744,-60.0805,0.894673
-297.1307,3.4468,-59.1038,0.894936
-296.9637,3.4201,-58.1275,0.895198
-296.7962,3.3944,-57.1493,0.895463
-296.6284,3.3689,-56.1700,0.895727
-296.4612,3.3437,-55.1947,0.895985
-296.2938,3.3184,-54.2179,0.896248
-296.1252,3.2937,-53.2341,0.896514
-295.9584,3.2703,-52.2602,0.896776
-295.7897,3.2467,-51.2760,0.897038
-295.6215,3.2244,-50.2939,0.897302
-295.4545,3.2023,-49.3201,0.897565
-295.2859,3.1807,-48.3377,0.897827
-295.1174,3.1592,-47.3562,0.898093
-294.9489,3.1384,-46.3755,0.898353
-294.7805,3.1176,-45.3964,0.898620
-294.6104,3.0968,-44.4081,0.898882
-294.4414,3.0765,-43.4288,0.899146
-294.2716,3.0566,-42.4466,0.899412
-294.1012,3.0372,-41.4610,0.899677
-293.9311,3.0180,-40.4791,0.899938
-293.7610,2.9988,-39.4965,0.900202
-293.5907,2.9795,-38.5117,0.900470
-293.4208,2.9601,-37.5312,0.900732
-293.2503,2.9413,-36.5469,0.900996
-293.0797,2.9225,-35.5619,0.901261
-292.9093,2.9045,-34.5800,0.901522
-292.7385,2.8863,-33.5943,0.901790
-292.5674,2.8677,-32.6069,0.902053
-292.3970,2.8491,-31.6246,0.902316
-292.2258,2.8305,-30.6375,0.902583
-292.0536,2.8121,-29.6458,0.902850
-291.8837,2.7941,-28.6681,0.903112
-291.7122,2.7761,-27.6828,0.903379
-291.5400,2.7575,-26.6938,0.903645
-291.3683,2.7390,-25.7086,0.903909
-291.1961,2.7213,-24.7213,0.904171
-291.0234,2.7036,-23.7316,0.904439
-290.8509,2.6862,-22.7447,0.904704
-290.6783,2.6688,-21.7586,0.904966
-290.5047,2.6516,-20.7679,0.905233
-290.3319,2.6352,-19.7829,0.905499
-290.1576,2.6192,-18.7895,0.905767
-289.9848,2.6039,-17.8062,0.906030
-289.8107,2.5887,-16.8170,0.906297
-289.6366,2.5743,-15.8279,0.906563
-289.4620,2.5601,-14.8359,0.906830
-289.2881,2.5459,-13.8478,0.907094
-289.1138,2.5316,-12.8583,0.907359
-288.9390,2.5169,-11.8660,0.907626
-288.7653,2.5022,-10.8804,0.907891
-288.5905,2.4876,-9.8877,0.908157
-288.4152,2.4736,-8.8932,0.908426
-288.2411,2.4600,-7.9038,0.908692
-288.0669,2.4474,-6.9121,0.908957
-287.8929,2.4356,-5.9206,0.909225
-287.7195,2.4241,-4.9309,0.909490
-287.5461,2.4132,-3.9393,0.909759
-287.3727,2.4023,-2.9469,0.910023
-287.1999,2.3916,-1.9565,0.910289
-287.0267,2.3809,-0.9624,0.910558
-286.8539,2.3698,0.0318,0.910824
-286.6815,2.3587,1.0274,0.911093
-286.5103,2.3469,2.0170,0.911353
-286.3388,2.3351,3.0108,0.911620
-286.1682,2.3221,4.0018,0.911891
-285.9971,2.3088,4.9972,0.912159
-285.8262,2.2952,5.9934,0.912427
-285.6566,2.2823,6.9834,0.912692
-285.4867,2.2695,7.9794,0.912959
-285.3166,2.2570,8.9767,0.913226
-285.1483,2.2445,9.9686,0.913492
-284.9799,2.2319,10.9633,0.913761
-284.8112,2.2194,11.9620,0.914028
-284.6433,2.2069,12.9589,0.914296
-284.4764,2.1948,13.9522,0.914564
-284.3088,2.1827,14.9513,0.914832
-284.1419,2.1710,15.9500,0.915099
-283.9754,2.1596,16.9483,0.915366
-283.8104,2.1480,17.9397,0.915633
-283.6451,2.1359,18.9359,0.915903
-283.4808,2.1232,19.9272,0.916166
-283.3168,2.1101,20.9184,0.916431
-283.1531,2.0969,21.9096,0.916698
-282.9907,2.0839,22.8944,0.916961
-282.8282,2.0715,23.8808,0.917229
-282.6676,2.0597,24.8603,0.917490
-282.5074,2.0483,25.8393,0.917752
-282.3610,2.0380,26.8216,0.918016
-282.2031,2.0270,27.7950,0.918278
-282.0407,2.0147,28.7679,0.918538
-281.8846,2.0024,29.7383,0.918799
-281.7350,2.0020,30.7089,0.919057
-281.5810,1.9941,31.6734,0.919317
-281.4269,1.9862,32.6375,0.919576
-281.2739,1.9783,33.5978,0.919833
-281.1212,1.9719,34.5582,0.920090
-280.9683,1.9662,35.5173,0.920346
-280.8161,1.9606,36.4696,0.920604
-280.6630,1.9551,37.4251,0.920858
-280.5101,1.9499,38.3759,0.921114
-280.3575,1.9454,39.3199,0.921369
-280.2024,1.9411,40.2697,0.921622
-280.0472,1.9368,41.2116,0.921874
-279.8912,1.9324,42.1518,0.922124
-279.7346,1.9281,43.0887,0.922375
-279.5773,1.9240,44.0242,0.922628
-279.4200,1.9200,44.9551,0.922877
-279.2460,1.9156,45.8991,0.923127
-279.0881,1.9082,46.8300,0.923377
-278.9316,1.9054,47.7517,0.923624
-278.7743,1.8991,48.6761,0.923873
-278.6174,1.8933,49.5975,0.924118
-278.4774,1.9028,50.5011,0.924364
-278.3215,1.9008,51.4176,0.924609
-278.1660,1.8994,52.3329,0.924857
-278.0109,1.8987,53.2439,0.925101
-277.8561,1.8984,54.1538,0.925344
-277.7028,1.8980,55.0583,0.925588
-277.5494,1.8977,55.9630,0.925829
-277.3966,1.8975,56.8642,0.926073
-277.2439,1.8975,57.7646,0.926315
-277.0769,1.8935,58.6704,0.926554
-276.9245,1.8881,59.5665,0.926794
-276.7719,1.8827,60.4621,0.927035
-276.6365,1.8989,61.3370,0.927275
-276.4845,1.8995,62.2275,0.927498
-276.3323,1.9002,63.1177,0.927752
-276.1819,1.9010,63.9966,0.927988
-276.0311,1.9019,64.8790,0.928223
-275.8806,1.9028,65.7609,0.928461
-275.7160,1.9011,66.6459,0.928694
-275.5669,1.8950,67.5220,0.928928
-275.4187,1.8886,68.3939,0.929165
-275.2872,1.9052,69.2534,0.929397
-275.1405,1.9057,70.1229,0.929634
-274.9941,1.9063,70.9916,0.929864
-274.8487,1.9074,71.8532,0.930097
-274.7025,1.9096,72.7177,0.930328
-274.5414,1.9094,73.5903,0.930560
-274.3969,1.9044,74.4443,0.930788
-274.2514,1.8999,75.3036,0.931019
-274.1235,1.9206,76.1422,0.931244
-273.9796,1.9239,76.9936,0.931477
-273.8357,1.9286,77.8443,0.931705
-273.6920,1.9335,78.6956,0.931933
-273.5340,1.9357,79.5511,0.932158
-273.3925,1.9324,80.3921,0.932383
-273.2512,1.9285,81.2323,0.932609
-273.1262,1.9530,82.0575,0.932834
-272.9850,1.9589,82.8965,0.933058
-272.8449,1.9648,83.7287,0.933283
-272.7047,1.9706,84.5620,0.933507
-272.5492,1.9677,85.4037,0.933729
-272.4093,1.9645,86.2320,0.933949
-272.2852,1.9878,87.0478,0.934172
-272.1458,1.9949,87.8724,0.934395
-272.0064,2.0017,88.6945,0.934615
-271.8521,2.0044,89.5214,0.934836
-271.7125,2.0052,90.3425,0.935055
-271.5735,2.0017,91.1590,0.935270
-271.4508,2.0279,91.9598,0.935490
-271.3126,2.0336,92.7692,0.935707
-271.1749,2.0391,93.5750,0.935924
-271.0210,2.0359,94.3941,0.936140
-270.8830,2.0311,95.1994,0.936357
-270.7482,2.0262,95.9849,0.936570
-270.6236,2.0598,96.7891,0.936786
-270.4872,2.0643,97.5837,0.937001
-270.3347,2.0632,98.3922,0.937215
-270.1989,2.0565,99.1802,0.937426
-270.0625,2.0501,99.9711,0.937637
-269.9420,2.0812,100.7487,0.937848
-269.8067,2.0852,101.5313,0.938060
-269.6562,2.0799,102.3244,0.938267
-269.5205,2.0725,103.1078,0.938477
-269.3855,2.0682,103.8853,0.938687
-269.2665,2.0996,104.6497,0.938895
-269.1324,2.1033,105.4219,0.939104
-268.9830,2.0961,106.2041,0.939310
-268.8488,2.0878,106.9751,0.939514
-268.7313,2.1145,107.7292,0.939719
-268.5986,2.1184,108.4913,0.939924
-268.4499,2.1147,109.2655,0.940128
-268.3166,2.1100,110.0282,0.940332
-268.1847,2.1019,110.7834,0.940534
-268.0679,2.1363,111.5288,0.940737
-267.9206,2.1392,112.2914,0.940939
-267.7887,2.1316,113.0421,0.941138
-267.6570,2.1242,113.7910,0.941337
-267.5410,2.1580,114.5273,0.941536
-267.3943,2.1618,115.2817,0.941735
-267.2636,2.1590,116.0229,0.941931
-267.1328,2.1527,116.7639,0.942129
-267.0192,2.1855,117.4849,0.942324
-266.8738,2.1908,118.2290,0.942518
-266.7440,2.1843,118.9622,0.942711
-266.6152,2.1784,119.6894,0.942905
-266.5022,2.2154,120.4024,0.943099
-266.3573,2.2169,121.1391,0.943289
-266.2269,2.2136,121.8634,0.943480
-266.1006,2.2326,122.5591,0.943670
-265.9812,2.2449,123.2796,0.943855
-265.8320,2.2435,123.9996,0.944041
-265.6953,2.2356,124.7069,0.944228
-265.5719,2.2648,125.3966,0.944414
-265.4134,2.2706,126.1035,0.944595
-265.2667,2.2612,126.7943,0.944774
-265.1339,2.2804,127.4666,0.944952
-264.9819,2.2849,128.1434,0.945128
-264.8123,2.2858,128.8220,0.945301
-264.6541,2.2747,129.4869,0.945473
-264.5082,2.2966,130.1332,0.945643
-264.3447,2.2999,130.7805,0.945808
-264.1933,2.3028,131.3681,0.945972
-264.0100,2.3059,132.0593,0.946136
-263.8385,2.3086,132.6899,0.946299
-263.6635,2.3108,133.3147,0.946462
-263.4729,2.3098,133.9268,0.946621
-263.2918,2.3156,134.5364,0.946778
-263.1061,2.3210,135.1405,0.946933
-262.9168,2.3263,135.7363,0.947088
-262.7247,2.3313,136.3257,0.947240
-262.5300,2.3356,136.9122,0.947388
-262.3350,2.3399,137.4881,0.947539
-262.1345,2.3435,138.0632,0.947686
-261.9285,2.3469,138.6330,0.947830
-261.7131,2.3499,139.1958,0.947974
-261.4891,2.3523,139.7533,0.948117
-261.2583,2.3544,140.3029,0.948261
-261.0186,2.3557,140.8511,0.948402
-260.7734,2.3567,141.3903,0.948541
-260.5218,2.3571,141.9237,0.948677
-260.2623,2.3570,142.4507,0.948811
-259.9982,2.3567,142.9727,0.948948
-259.7274,2.3561,143.4901,0.949084
-259.4524,2.3554,143.9967,0.949216
-259.1685,2.3546,144.5004,0.949353
-258.8779,2.3540,144.9979,0.949485
-258.5806,2.3533,145.4893,0.949616
-258.2784,2.3524,145.9724,0.949745
-257.9679,2.3511,146.4531,0.949871
-257.6502,2.3494,146.9259,0.949999
-257.3286,2.3474,147.3928,0.950126
-256.9999,2.3452,147.8544,0.950250
-256.6655,2.3429,148.3082,0.950375
-256.3265,2.3403,148.7546,0.950494
-255.9803,2.3376,149.1984,0.950615
-255.6316,2.3351,149.6342,0.950738
-255.2775,2.3324,150.0655,0.950857
-254.9167,2.3295,150.4905,0.950976
-254.5505,2.3266,150.9120,0.951094
-254.1794,2.3234,151.3250,0.951211
-253.7995,2.3201,151.7327,0.951328
-253.4138,2.3166,152.1310,0.951445
-253.0215,2.3129,152.5218,0.951559
-252.6216,2.3089,152.9068,0.951675
-252.2193,2.3048,153.2810,0.951786
-251.8071,2.3005,153.6499,0.951901
-251.3920,2.2960,154.0134,0.952014
-250.9724,2.2914,154.3690,0.952127
-250.5459,2.2867,154.7193,0.952232
-250.1128,2.2819,155.0634,0.952347
-249.6773,2.2774,155.3978,0.952451
-249.2345,2.2728,155.7269,0.952564
-248.7837,2.2684,156.0510,0.952673
-248.3266,2.2638,156.3661,0.952782
-247.8653,2.2594,156.6762,0.952889
-247.4007,2.2548,156.9779,0.953000
-246.9274,2.2501,157.2749,0.953109
-246.4510,2.2453,157.5643,0.953213
-245.9682,2.2406,157.8495,0.953326
-245.4850,2.2361,158.1263,0.953432
-244.9931,2.2318,158.3987,0.953541
-244.4984,2.2277,158.6617,0.953650
-243.9932,2.2237,158.9168,0.953761
-243.4866,2.2196,159.1647,0.953872
-242.9739,2.2156,159.4050,0.953979
-242.4537,2.2113,159.6376,0.954091
-241.9315,2.2070,159.8594,0.954200
-241.4007,2.2023,160.0736,0.954311
-240.8680,2.1977,160.2777,0.954419
-240.3280,2.1932,160.4707,0.954531
-239.7907,2.1883,160.6526,0.954650
-239.2453,2.1835,160.8250,0.954762
-238.7014,2.1786,160.9839,0.954871
-238.1541,2.1736,161.1308,0.954986
-237.6029,2.1683,161.2645,0.955103
-237.0491,2.1630,161.3840,0.955216
-236.4958,2.1577,161.4876,0.955326
-235.9396,2.1523,161.5766,0.955440
-235.3774,2.1469,161.6485,0.955550
-234.8239,2.1420,161.7073,0.955661
-234.2637,2.1372,161.7515,0.955777
-233.7062,2.1326,161.7805,0.955888
-233.1503,2.1283,161.7951,0.955996
-232.5940,2.1244,161.7960,0.956104
-232.0376,2.1207,161.7832,0.956221
-231.4795,2.1171,161.7570,0.956337
-230.9186,2.1133,161.7137,0.956448
-230.3624,2.1095,161.6602,0.956564
-229.8063,2.1060,161.5927,0.956679
-229.2507,2.1025,161.5114,0.956796
-228.6964,2.0992,161.4162,0.956915
-228.1444,2.0961,161.3066,0.957028
-227.5980,2.0932,161.1828,0.957143
-227.0571,2.0904,161.0450,0.957260
-226.5207,2.0879,160.8900,0.957375
-225.9899,2.0852,160.7256,0.957488
-225.4661,2.0824,160.5502,0.957599
-224.9430,2.0796,160.3704,0.957720
-224.4196,2.0767,160.1935,0.957832
-223.8925,2.0738,160.0143,0.957950
-223.3651,2.0710,159.8288,0.958070
-222.8375,2.0681,159.6348,0.958190
-222.3065,2.0652,159.4255,0.958310
-221.7784,2.0623,159.2083,0.958433
-221.2489,2.0591,158.9812,0.958557
-220.7209,2.0558,158.7453,0.958680
-220.1933,2.0524,158.5003,0.958807
-219.6631,2.0490,158.2448,0.958938
-219.1346,2.0457,157.9801,0.959068
-218.6130,2.0426,157.7102,0.959198
-218.0849,2.0395,157.4359,0.959331
-217.5565,2.0366,157.1628,0.959466
-217.0272,2.0338,156.8899,0.959599
-216.4921,2.0311,156.6109,0.959741
-215.9582,2.0284,156.3279,0.959878
-215.4249,2.0204,156.0408,0.960021
-214.8851,2.0112,155.7439,0.960164
-214.3475,2.0019,155.4414,0.960303
-213.8103,1.9928,155.1325,0.960444
-213.2685,1.9829,154.8128,0.960591
-212.7271,1.9736,154.4864,0.960737
-212.1885,1.9643,154.1528,0.960882
-211.6456,1.9555,153.8082,0.961032
-211.1547,1.9487,153.4889,0.961181
-210.5591,1.9406,153.0880,0.961328
-210.0206,1.9453,152.7350,0.961478
-209.4862,1.9446,152.3371,0.961630
-208.9520,1.9251,151.9484,0.961782
-208.4192,1.9510,151.5758,0.961939
-207.8884,1.9354,151.1581,0.962093
-207.3692,1.9293,150.7599,0.962251
-206.8347,1.9463,150.3359,0.962409
-206.3112,1.9262,149.9093,0.962568
-205.8023,1.9424,149.4898,0.962729
-205.2838,1.9006,149.0533,0.962892
-204.7643,1.8958,148.6124,0.963057
-204.2495,1.8905,148.1673,0.963224
-203.7393,1.8849,147.7107,0.963387
-203.2013,1.8897,147.2820,0.963555
-202.6897,1.8901,146.8252,0.963722
-202.1750,1.8902,146.3686,0.963892
-201.6552,1.8910,145.9109,0.964062
-201.1358,1.8918,145.4511,0.964234
-200.6163,1.8924,144.9867,0.964407
-200.0932,1.8930,144.5162,0.964583
-199.6034,1.8856,144.0115,0.964761
-199.0776,1.8796,143.5338,0.964938
-198.5525,1.8737,143.0500,0.965118
-198.0297,1.8681,142.5596,0.965301
-197.5088,1.8627,142.0622,0.965481
-196.9885,1.8577,141.5590,0.965663
-196.4711,1.8528,141.0511,0.965848
-195.9560,1.8479,140.5372,0.966032
-195.4397,1.8428,140.0176,0.966219
-194.9257,1.8374,139.4989,0.966405
-194.4081,1.8313,138.9780,0.966594
-193.8872,1.8245,138.4547,0.966786
-193.3672,1.8172,137.9319,0.966977
-192.8448,1.8097,137.4066,0.967168
-192.3194,1.8019,136.8782,0.967361
-191.7929,1.7930,136.3486,0.967556
-191.2653,1.7829,135.8178,0.967751
-190.7335,1.7726,135.2830,0.967948
-190.2013,1.7624,134.7476,0.968145
-189.6661,1.7523,134.2082,0.968342
-189.1302,1.7420,133.6672,0.968542
-188.5922,1.7314,133.1234,0.968742
-188.0522,1.7211,132.5775,0.968943
-187.5102,1.7112,132.0296,0.969143
-186.9654,1.7014,131.4790,0.969348
-186.4209,1.6917,130.9287,0.969552
-185.8721,1.6819,130.3740,0.969757
-185.3218,1.6724,129.8169,0.969962
-184.7703,1.6628,129.2564,0.970168
-184.2162,1.6532,128.6907,0.970377
-183.6642,1.6434,128.1249,0.970583
-183.1104,1.6333,127.5548,0.970792
-182.5538,1.6227,126.9802,0.971002
-181.9986,1.6119,126.4050,0.971214
-181.4400,1.6006,125.8241,0.971423
-180.8801,1.5893,125.2400,0.971636
-180.3236,1.5777,124.6575,0.971849
-179.7617,1.5657,124.0675,0.972062
-179.2015,1.5536,123.4774,0.972277
-178.6078,1.5471,122.9203,0.972489
-178.0428,1.5305,122.3277,0.972704
-177.4780,1.5147,121.7370,0.972922
-176.9109,1.4990,121.1434,0.973139
-176.3427,1.4834,120.5486,0.973356
-175.7738,1.4664,119.9536,0.973572
-175.2051,1.4497,119.3580,0.973789
-174.6309,1.4330,118.7558,0.974009
-174.0614,1.4169,118.1578,0.974226
-173.4924,1.3995,117.5602,0.974444
-172.9208,1.3818,116.9595,0.974663
-172.3486,1.3640,116.3572,0.974883
-171.7813,1.3461,115.7592,0.975100
-171.2090,1.3278,115.1554,0.975320
-170.6394,1.3088,114.5541,0.975540
-170.0697,1.2894,113.9525,0.975758
-169.5167,1.2653,113.3014,0.975984
-168.9648,1.2491,112.7120,0.976196
-168.3998,1.2324,112.1053,0.976414
-167.8385,1.2156,111.4995,0.976631
-167.2781,1.1984,110.8926,0.976849
-166.7233,1.1812,110.2901,0.977067
-166.1572,1.1757,109.6736,0.977287
-165.6059,1.2017,109.0672,0.977502
-165.0582,1.1758,108.4606,0.977717
-164.5088,1.1536,107.8503,0.977934
-163.9628,1.1277,107.2453,0.978150
-163.4185,1.1013,106.6427,0.978366
-162.8743,1.0752,106.0414,0.978582
-162.3291,1.0963,105.4608,0.978797
-161.7851,1.0741,104.8460,0.979009
-161.2439,1.0390,104.2658,0.979223
-160.6976,1.0217,103.6715,0.979438
-160.1508,1.0046,103.0827,0.979651
-159.6010,0.9875,102.4965,0.979864
-159.0511,0.9706,101.9116,0.980078
-158.5007,0.9533,101.3285,0.980289
-157.9506,0.9357,100.7486,0.980501
-157.4017,0.9194,100.1636,0.980713
-156.8524,0.9035,99.5853,0.980925
-156.2998,0.8876,99.0060,0.981136
-155.7476,0.8719,98.4285,0.981348
-155.1953,0.8559,97.8522,0.981559
-154.6426,0.8398,97.2745,0.981772
-154.0922,0.8237,96.6987,0.981982
-153.5439,0.8076,96.1251,0.982191
-152.9895,0.8000,95.5453,0.982402
-152.4392,0.7852,94.9697,0.982612
-151.8925,0.7705,94.3968,0.982824
-151.3396,0.7563,93.8187,0.983035
-150.7893,0.7427,93.2422,0.983246
-150.2423,0.7290,92.6692,0.983456
-149.6906,0.7152,92.0903,0.983668
-149.1425,0.7016,91.5151,0.983877
-148.5934,0.6893,90.9411,0.984088
-148.0418,0.6765,90.3634,0.984300
-147.4939,0.6639,89.7893,0.984509
-146.9439,0.6512,89.2132,0.984720
-146.3931,0.6384,88.6364,0.984931
-145.8425,0.6269,88.0605,0.985142
-145.2924,0.6154,87.4847,0.985351
-144.7389,0.6040,86.9054,0.985564
-144.1876,0.5925,86.3285,0.985775
-143.6356,0.5811,85.7503,0.985987
-143.0828,0.5719,85.1720,0.986198
-142.5286,0.5626,84.5919,0.986410
-141.9775,0.5534,84.0150,0.986621
-141.4246,0.5423,83.4305,0.986834
-140.8676,0.5343,82.8481,0.987047
-140.3134,0.5274,82.2679,0.987260
-139.7565,0.5205,81.6848,0.987472
-139.2006,0.5133,81.1029,0.987686
-138.6443,0.5061,80.5200,0.987899
-138.0874,0.4988,79.9372,0.988112
-137.5292,0.4917,79.3550,0.988326
-136.9700,0.4849,78.7747,0.988539
-136.4064,0.4783,78.1916,0.988754
-135.8442,0.4718,77.6119,0.988967
-135.2832,0.4645,77.0333,0.989182
-134.7152,0.4570,76.4471,0.989397
-134.1512,0.4493,75.8650,0.989612
-133.5886,0.4416,75.2847,0.989823
-133.0191,0.4335,74.6997,0.990039
-132.4514,0.4259,74.1187,0.990256
-131.8827,0.4182,73.5387,0.990471
-131.3114,0.4110,72.9568,0.990688
-130.7399,0.4041,72.3741,0.990904
-130.1718,0.3973,71.7948,0.991118
-129.5974,0.3908,71.2087,0.991336
-129.0234,0.3844,70.6235,0.991551
-128.4531,0.3784,70.0439,0.991767
-127.8762,0.3728,69.4591,0.991985
-127.3005,0.3676,68.8767,0.992201
-126.7264,0.3626,68.2973,0.992417
-126.1472,0.3573,67.7137,0.992636
-125.5680,0.3514,67.1312,0.992853
-124.9903,0.3457,66.5514,0.993070
-124.4070,0.3399,65.9674,0.993287
-123.8214,0.3338,65.3835,0.993506
-123.2443,0.3281,64.8088,0.993722
-122.6593,0.3221,64.2267,0.993940
-122.0748,0.3158,63.6446,0.994159
-121.4915,0.3096,63.0632,0.994376
-120.9044,0.3034,62.4767,0.994596
-120.3195,0.2975,61.8910,0.994815
-119.7365,0.2916,61.3065,0.995033
-119.1520,0.2860,60.7193,0.995252
-118.5665,0.2798,60.1322,0.995471
-117.9821,0.2734,59.5464,0.995692
-117.3963,0.2664,58.9588,0.995911
-116.8100,0.2590,58.3706,0.996131
-116.2239,0.2515,57.7821,0.996351
-115.6367,0.2448,57.1928,0.996572
-115.0497,0.2386,56.6036,0.996794
-114.4626,0.2327,56.0141,0.997014
-113.8729,0.2268,55.4220,0.997236
-113.2857,0.2214,54.8327,0.997460
-112.6962,0.2163,54.2415,0.997680
-112.1074,0.2123,53.6515,0.997902
-111.5167,0.2083,53.0593,0.998126
-110.9287,0.2047,52.4698,0.998348
-110.3378,0.2012,51.8774,0.998570
-109.7478,0.1978,51.2858,0.998793
-109.1595,0.1947,50.6961,0.999016
-108.5705,0.1916,50.1054,0.999238
-107.9830,0.1895,49.5168,0.999458
-107.3977,0.1875,48.9300,0.999683
-106.8123,0.1856,48.3430,0.999911
